v -0.07219453901052475 0.9920763969421387 1.5462291240692139
v -0.0510224811732769 0.9871573448181152 1.5294774770736694
v -0.13534857332706451 1.0050809383392334 1.5426162481307983
v -0.13599999248981476 0.9706887006759644 1.559374213218689
v -0.059286098927259445 0.9987139105796814 1.4947861433029175
v -0.0585489496588707 0.994032621383667 1.595483660697937
v -0.025000005960464478 0.981499969959259 1.5469692945480347
v -0.05530351772904396 1.0066789388656616 1.4906071424484253
v -0.0994090735912323 1.0298181772232056 1.4950454235076904
v -0.13230732083320618 0.9700000286102295 1.5750902891159058
v -0.042562335729599 0.9924376606941223 1.538094162940979
v -0.05335356295108795 0.9944309592247009 1.5626463890075684
v -0.1445191204547882 0.9944999814033508 1.5565286874771118
v -0.09893342852592468 0.9725000262260437 1.5052889585494995
v -0.10746892541646957 0.996999979019165 1.512968897819519
v -0.11586183309555054 0.9879539608955383 1.6040921211242676
v -0.0809408575296402 0.9887956976890564 1.4878816604614258
v -0.08434222638607025 0.9894999861717224 1.5338422060012817
v -0.05592173710465431 0.9664999842643738 1.5198854207992554
v -0.057013917714357376 0.9894999861717224 1.4994895458221436
v -0.06102212518453598 1.021619439125061 1.4907389879226685
v -0.11822796612977982 0.996999979019165 1.5234853029251099
v -0.05294489488005638 0.9635000228881836 1.5173701047897339
v -0.0893334373831749 1.0860003232955933 1.4836668968200684
v -0.01945829950273037 1.0093125104904175 1.5214582681655884
v -0.08959690481424332 0.9683656096458435 1.5644030570983887
v -0.11276315152645111 0.9680877327919006 1.5938246250152588
v -0.09135259687900543 1.079115629196167 1.5130000114440918
v -0.04538777098059654 0.9889030456542969 1.5343061685562134
v -0.03705275431275368 0.9848509430885315 1.5670527219772339
v -0.09088806807994843 0.9846119284629822 1.6139999628067017
v -0.13650000095367432 0.9710000157356262 1.554752230644226
v -0.11514801532030106 1.022055983543396 1.6327040195465088
v -0.13599999248981476 0.971152663230896 1.5590649843215942
v -0.08252908289432526 0.9917354583740234 1.5722063779830933
v -0.08285778760910034 1.0162144899368286 1.4845000505447388
v -0.13588468730449677 1.0316152572631836 1.6021729707717896
v -0.13650000095367432 1.012455701828003 1.5425000190734863
v -0.07054872810840607 1.016951322555542 1.4838902950286865
v -0.1440989226102829 1.006895661354065 1.5840989351272583
v -0.08862815797328949 0.9725000262260437 1.5297479629516602
v -0.05705801770091057 0.9789129495620728 1.4975289106369019
v -0.029750842601060867 0.9993321895599365 1.5284169912338257
v -0.06038037687540054 0.9950000047683716 1.5946195125579834
v -0.03172575309872627 0.9909314513206482 1.5470685958862305
v -0.0565633550286293 1.0234683752059937 1.4929683208465576
v -0.10941223800182343 1.0702366828918457 1.5399999618530273
v -0.11541321128606796 1.0189712047576904 1.5139132738113403
v -0.05677371472120285 0.9664999842643738 1.5193631649017334
v -0.11455710977315903 1.1024999618530273 1.4982953071594238
v -0.12950000166893005 1.0592432022094727 1.513935923576355
v -0.05219890549778938 1.0021934509277344 1.527999997138977
v -0.13950030505657196 1.092000126838684 1.553499698638916
v -0.03754846751689911 0.9931828379631042 1.543634295463562
v -0.09538881480693817 1.0882775783538818 1.5119999647140503
v -0.13249999284744263 1.0736409425735474 1.558871865272522
v -0.11899503320455551 0.9834801554679871 1.5095049142837524
v -0.14290913939476013 1.0042273998260498 1.583409070968628
v -0.10600382089614868 1.0419809818267822 1.5414961576461792
v -0.10212679952383041 1.0057536363601685 1.5994999408721924
v -0.12420550733804703 1.041911005973816 1.512647271156311
v -0.09216521680355072 0.9904999732971191 1.5422489643096924
v -0.1119999960064888 0.9907931089401245 1.55649995803833
v -0.02633955515921116 0.9865093231201172 1.5484999418258667
v -0.12396932393312454 0.991703987121582 1.5952038764953613
v -0.0502789281308651 1.0264884233474731 1.4954885244369507
v -0.10839691013097763 0.9929999709129333 1.5793040990829468
v -0.10498044639825821 0.9725000262260437 1.508980393409729
v -0.12292692065238953 0.9694634675979614 1.5855730772018433
v -0.11145595461130142 0.9711520075798035 1.5193920135498047
v -0.07031238824129105 1.0171875953674316 1.4839375019073486
v -0.056843675673007965 0.9660000205039978 1.5557345151901245
v -0.054499998688697815 1.014260172843933 1.4873698949813843
v -0.03099999763071537 1.0120505094528198 1.542889952659607
v -0.15071089565753937 1.096526026725769 1.5407891273498535
v -0.11646991968154907 0.974234938621521 1.520439863204956
v -0.07539418339729309 0.9695985317230225 1.505802869796753
v -0.1064138114452362 0.9741552472114563 1.504758596420288
v -0.09726698696613312 0.9954109787940979 1.5902329683303833
v -0.15020383894443512 1.096864104270935 1.541296124458313
v -0.12861526012420654 0.9776915311813354 1.527999997138977
v -0.0852116197347641 1.0518465042114258 1.5169999599456787
v -0.12890121340751648 1.0546047687530518 1.5134012699127197
v -0.011308821849524975 1.0100735425949097 1.5361912250518799
v -0.09524140506982803 0.9958792924880981 1.5931378602981567
v -0.1423199325799942 0.9825803637504578 1.5421801805496216
v -0.08526381105184555 1.0520552396774292 1.5169999599456787
v -0.10873318463563919 1.0195000171661377 1.5435997247695923
v -0.06442495435476303 0.9969624876976013 1.590575098991394
v -0.12703721225261688 0.9666116237640381 1.555148720741272
v -0.10931456089019775 1.0564193725585938 1.490209698677063
v -0.0834343284368515 1.0172626972198486 1.4947372674942017
v -0.06892825663089752 1.0178571939468384 1.4843573570251465
v -0.10059871524572372 1.037232518196106 1.6330000162124634
v -0.14191380143165588 1.032370686531067 1.5395431518554688
v -0.09253786504268646 0.9732689261436462 1.526962161064148
v -0.09439989924430847 1.0862997770309448 1.5119999647140503
v -0.12895019352436066 1.0098007917404175 1.5684502124786377
v -0.08150000125169754 1.057407021522522 1.4820371866226196
v -0.0881684273481369 1.0837526321411133 1.481752634048462
v -0.038512539118528366 0.988537609577179 1.5769623517990112
v -0.0656905323266983 0.996904730796814 1.5887142419815063
v -0.13341791927814484 1.007253885269165 1.6053358316421509
v -0.15464311838150024 1.018929362297058 1.5649293661117554
v -0.08043810725212097 0.9604690670967102 1.5960928201675415
v -0.07185612618923187 0.9944999814033508 1.5823218822479248
v -0.15163052082061768 1.0231847763061523 1.571554183959961
v -0.15261241793632507 1.095258355140686 1.539258360862732
v -0.03359513357281685 0.9909048676490784 1.5429048538208008
v -0.06550000607967377 1.0095018148422241 1.5107489824295044
v -0.11645438522100449 0.9902271628379822 1.5668864250183105
v -0.1318318396806717 1.0639424324035645 1.5140000581741333
v -0.09632235020399094 0.9954999685287476 1.5915164947509766
v -0.016322137787938118 1.0122852325439453 1.519107460975647
v -0.12005577236413956 1.1024999618530273 1.5111114978790283
v -0.09068611264228821 0.9950000047683716 1.5994185209274292
v -0.09600000083446503 1.0333904027938843 1.493531346321106
v -0.13595356047153473 1.006089210510254 1.5428178310394287
v -0.0806901678442955 0.9676196575164795 1.4990705251693726
v -0.09471628069877625 1.0869325399398804 1.5119999647140503
v -0.08603216707706451 0.9927660822868347 1.4925321340560913
v -0.07180984318256378 0.9894999861717224 1.5234999656677246
v -0.08757861703634262 0.9844213724136353 1.6126571893692017
v -0.05957683175802231 0.9947178959846497 1.595141053199768
v -0.08442649990320206 0.9760735034942627 1.4895734786987305
v -0.0345195047557354 0.9620000123977661 1.546539068222046
v -0.09229406714439392 0.9731470346450806 1.5272059440612793
v -0.13337066769599915 1.0664266347885132 1.5140000581741333
v -0.12334080785512924 0.967522382736206 1.5339776277542114
v -0.10592212527990341 1.0350327491760254 1.5416557788848877
v -0.11400000005960464 1.0102213621139526 1.556011438369751
v -0.1360769122838974 0.9803653955459595 1.5795769691467285
v -0.08358555287122726 1.0747566223144531 1.4780855178833008
v -0.13576246798038483 0.9863438010215759 1.583106279373169
v -0.12988685071468353 0.9745000004768372 1.5373867750167847
v -0.11927034705877304 1.0929186344146729 1.4942296743392944
v -0.10028130561113358 0.9657813310623169 1.6017186641693115
v -0.022545326501131058 0.9839093685150146 1.5395907163619995
v -0.11259645968675613 1.0195000171661377 1.5483946800231934
v -0.08728542178869247 0.9725000262260437 1.530643105506897
v -0.11488132923841476 1.0228559970855713 1.633237361907959
v -0.0955415889620781 1.0886247158050537 1.5119792222976685
v -0.1265994906425476 0.9750000238418579 1.5321491956710815
v -0.11710916459560394 1.019054651260376 1.5156636238098145
v -0.09261384606361389 0.9733068943023682 1.5268861055374146
v -0.07912378758192062 0.9894999861717224 1.5281237363815308
v -0.10693329572677612 0.9902667999267578 1.5040665864944458
v -0.15000303089618683 1.0337575674057007 1.5657484531402588
v -0.05544549226760864 1.0058270692825317 1.4908910989761353
v -0.0860230028629303 0.9974079728126526 1.5264769792556763
v -0.12988987565040588 1.0602797269821167 1.5140000581741333
v -0.07576276361942291 1.010211706161499 1.4837627410888672
v -0.054022397845983505 0.9629999995231628 1.581533670425415
v -0.13291184604167938 0.9713039398193359 1.5483920574188232
v -0.11828713864088058 1.0346485376358032 1.514212965965271
v -0.11647260934114456 0.9873904585838318 1.5865273475646973
v -0.06865852326154709 0.9860000014305115 1.5985792875289917
v -0.09229820221662521 1.0148072242736816 1.623403549194336
v -0.023285988718271255 0.9922853708267212 1.5562139749526978
v -0.061360325664281845 0.9620698094367981 1.5903602838516235
v -0.07122692465782166 1.0230000019073486 1.5022952556610107
v -0.09456688165664673 0.9867324829101562 1.4899331331253052
v -0.09400000423192978 0.9911622405052185 1.6165648698806763
v -0.08550000190734863 1.0113649368286133 1.5251351594924927
v -0.10249999910593033 1.025923252105713 1.6029808521270752
v -0.11400000005960464 1.0049755573272705 1.55649995803833
v -0.09124215692281723 0.9647578597068787 1.6030313968658447
v -0.11178586632013321 1.1029285192489624 1.5002856254577637
v -0.1066310852766037 0.99681556224823 1.5121310949325562
v -0.08629059046506882 1.0564528703689575 1.516209363937378
v -0.10721462965011597 0.9900000095367432 1.5571194887161255
v -0.15655162930488586 1.066103219985962 1.5614742040634155
v -0.0077618020586669445 1.0335713624954224 1.5276191234588623
v -0.05787532404065132 0.9776870012283325 1.4979376792907715
v -0.0872097909450531 0.9725000262260437 1.530693531036377
v -0.1509018987417221 1.0362056493759155 1.565500020980835
v -0.08150000125169754 1.0309333801269531 1.488526701927185
v -0.06705241650342941 1.0230000019073486 1.5010000467300415
v -0.12736842036247253 1.1007105112075806 1.5206578969955444
v -0.042153749614953995 0.9854999780654907 1.574230670928955
v -0.12718763947486877 1.1007708311080933 1.5204168558120728
v -0.011059795506298542 1.0108206272125244 1.5364402532577515
v -0.08507226407527924 0.9710180759429932 1.5029819011688232
v -0.11221258342266083 0.9933503270149231 1.55649995803833
v -0.14389854669570923 0.9944999814033508 1.5742342472076416
v -0.13921715319156647 1.0295000076293945 1.5957071781158447
v -0.07951859384775162 0.992160439491272 1.574981451034546
v -0.03049999289214611 0.9994989037513733 1.545600175857544
v -0.037793293595314026 0.9850000143051147 1.5683798789978027
v -0.10627637058496475 1.0629606246948242 1.5399999618530273
v -0.012272908352315426 1.0204083919525146 1.515272855758667
v -0.1057722419500351 0.9934999942779541 1.5817278623580933
v -0.13998863101005554 1.0784659385681152 1.5115113258361816
v -0.09014227986335754 1.08682119846344 1.485284447669983
v -0.14529064297676086 0.9944999814033508 1.5576859712600708
v -0.11295870691537857 1.0833348035812378 1.537041187286377
v -0.12982024252414703 0.9997303485870361 1.6008201837539673
v -0.13121554255485535 1.0977126359939575 1.5158562660217285
v -0.09539065510034561 1.0322812795639038 1.631445288658142
v -0.09020630270242691 1.068618893623352 1.5146468877792358
v -0.11820857971906662 1.0873342752456665 1.49399995803833
v -0.04157325252890587 0.9624267220497131 1.5702134370803833
v -0.12700976431369781 1.100996732711792 1.5194902420043945
v -0.1147608608007431 1.1035000085830688 1.506681203842163
v -0.09485349804162979 1.0872069597244263 1.5119999647140503
v -0.10632743686437607 1.04036283493042 1.5411725044250488
v -0.07986488938331604 0.9933648705482483 1.6093378067016602
v -0.11500000208616257 1.0185991525650024 1.5154999494552612
v -0.10746913403272629 0.9999691247940063 1.6181460618972778
v -0.14847534894943237 0.9984013438224792 1.560024619102478
v -0.15242347121238708 1.0446174144744873 1.565500020980835
v -0.07849999517202377 0.9902213215827942 1.6120840311050415
v -0.057758964598178864 0.9860000014305115 1.5902589559555054
v -0.06700000166893005 0.9930377006530762 1.5177311897277832
v -0.03864689916372299 1.0020593404769897 1.5067938566207886
v -0.10129569470882416 0.9725000262260437 1.5064319372177124
v -0.0946425274014473 1.086785078048706 1.5119999647140503
v -0.10649999976158142 1.0375639200210571 1.541483998298645
v -0.15176746249198914 1.0049011707305908 1.559133768081665
v -0.1379648596048355 1.0980000495910645 1.531964898109436
v -0.058312930166721344 0.9931870698928833 1.5590306520462036
v -0.025421131402254105 0.9825000166893005 1.548342227935791
v -0.10291801393032074 0.9880900382995605 1.6114180088043213
v -0.08760689944028854 0.9843931198120117 1.6127138137817383
v -0.09130703657865524 1.078842282295227 1.5130000114440918
v -0.10799337178468704 1.0377466678619385 1.6036689281463623
v -0.12303319573402405 0.9695000052452087 1.585466742515564
v -0.09849999845027924 1.0087604522705078 1.5399999618530273
v -0.012991130352020264 1.0359970331192017 1.5260014533996582
v -0.09811367094516754 0.9939658045768738 1.598386287689209
v -0.09484033286571503 0.9738613367080688 1.4933193922042847
v -0.11558865755796432 0.9755886793136597 1.6005886793136597
v -0.011792991310358047 1.0355976819992065 1.5262011289596558
v -0.04160173237323761 0.9953982830047607 1.5127034187316895
v -0.11622574180364609 0.976225733757019 1.601225733757019
v -0.13321107625961304 1.0660276412963867 1.5140000581741333
v -0.13340510427951813 1.0259051322937012 1.5724762678146362
v -0.03618687763810158 0.9757475256919861 1.5701262950897217
v -0.10953334718942642 1.0705666542053223 1.5399832725524902
v -0.07948344200849533 0.9740496873855591 1.4924668073654175
v -0.10032086819410324 1.0013021230697632 1.5994999408721924
v -0.1299411952495575 0.9999117851257324 1.6009411811828613
v -0.14485330879688263 1.037413239479065 1.5376466512680054
v -0.12537987530231476 1.0204999446868896 1.5298198461532593
v -0.06609747558832169 0.9890000224113464 1.5239804983139038
v -0.09063529223203659 0.9904999732971191 1.5625470876693726
v -0.10543982684612274 1.0197800397872925 1.5398796796798706
v -0.05676647648215294 0.9860000014305115 1.5892664194107056
v -0.03598020598292351 0.9614999890327454 1.553420901298523
v -0.08067885786294937 0.9676423072814941 1.4990365505218506
v -0.04010587930679321 0.9977882504463196 1.509711742401123
v -0.0785556361079216 0.9768330454826355 1.4915000200271606
v -0.027461884543299675 0.9875190258026123 1.5490190982818604
v -0.06866604089736938 0.9675553441047668 1.5448893308639526
v -0.12268324196338654 1.0379999876022339 1.617975115776062
v -0.13011106848716736 1.0245184898376465 1.5852036476135254
v -0.07961834967136383 0.9833236932754517 1.606471061706543
v -0.06768038868904114 0.9900000095367432 1.5220412015914917
v -0.14588703215122223 1.0420480966567993 1.5362259149551392
v -0.09849999845027924 1.0093989372253418 1.5399999618530273
v -0.08340473473072052 0.9894999861717224 1.5327062606811523
v -0.08156592398881912 1.0578296184539795 1.4819340705871582
v -0.15347228944301605 1.0220184326171875 1.5700185298919678
v -0.03253914415836334 1.0334608554840088 1.5074609518051147
v -0.06763236224651337 0.9664999842643738 1.5146838426589966
v -0.143379807472229 0.9922848343849182 1.5609999895095825
v -0.02291361801326275 1.006057620048523 1.523942470550537
v -0.07987814396619797 0.9700000286102295 1.5040303468704224
v -0.1164940893650055 0.9742470383644104 1.5204881429672241
v -0.00958105456084013 1.0347905158996582 1.5267094373703003
v -0.1405153125524521 0.9936287999153137 1.5771135091781616
v -0.03675961494445801 0.9620000123977661 1.5555384159088135
v -0.11899999529123306 0.9994878768920898 1.5835853815078735
v -0.11741335690021515 0.9911534190177917 1.585586667060852
v -0.08026032149791718 1.0210000276565552 1.5073904991149902
v -0.12999789416790009 1.0164893865585327 1.569998025894165
v -0.04531634598970413 0.9954999685287476 1.5688060522079468
v -0.14266623556613922 1.096666932106018 1.5356662273406982
v -0.08101406693458557 0.9919999837875366 1.5737394094467163
v -0.08748608827590942 0.9906284809112549 1.5670138597488403
v -0.08557919412851334 0.9840198159217834 1.611539602279663
v -0.09332280606031418 0.9670315980911255 1.5069684982299805
v -0.06097179651260376 0.9890000224113464 1.5263521671295166
v -0.138734832406044 1.0754696130752563 1.5119999647140503
v -0.11317681521177292 1.0412744283676147 1.6258231401443481
v -0.048837289214134216 0.9884999990463257 1.5325813293457031
v -0.02678944543004036 0.9854999780654907 1.5274474620819092
v -0.12661141157150269 0.9911113977432251 1.595388650894165
v -0.14209575951099396 1.0326436758041382 1.539452075958252
v -0.1151476502418518 0.996999979019165 1.521147608757019
v -0.13756419718265533 1.0980000495910645 1.5315642356872559
v -0.0790906623005867 0.9850000143051147 1.6127279996871948
v -0.12393920868635178 1.041378378868103 1.5127804279327393
v -0.08150000125169754 1.0387853384017944 1.4866787195205688
v -0.13469922542572021 1.032650351524353 1.6039512157440186
v -0.027626220136880875 0.965121328830719 1.5425000190734863
v -0.07860744744539261 0.9913223385810852 1.6115000247955322
v -0.05249999836087227 1.0084258317947388 1.527500033378601
v -0.014255098067224026 1.0151172876358032 1.5172550678253174
v -0.0588466078042984 0.962576687335968 1.5882699489593506
v -0.09490811824798584 1.0891121625900269 1.4922040700912476
v -0.09049999713897705 0.9749299883842468 1.6124999523162842
v -0.10610029846429825 1.0541002750396729 1.4900999069213867
v -0.047300778329372406 0.9954999685287476 1.5672744512557983
v -0.13193829357624054 0.9700000286102295 1.5623538494110107
v -0.061953749507665634 0.9860000014305115 1.5937268733978271
v -0.09889582544565201 0.9979166984558105 1.5413957834243774
v -0.048444874584674835 0.9884999990463257 1.5060551166534424
v -0.0820000022649765 1.0621862411499023 1.4809068441390991
v -0.027177272364497185 0.9896931648254395 1.5488226413726807
v -0.08100000023841858 0.9879524111747742 1.4883285760879517
v -0.08132810145616531 1.0208905935287476 1.5089374780654907
v -0.10762546956539154 1.0651882886886597 1.5400627851486206
v -0.039542291313409805 0.9898192286491394 1.5379576683044434
v -0.12209820747375488 1.0386309623718262 1.5134673118591309
v -0.1439116895198822 0.9944999814033508 1.5742255449295044
v -0.1369091123342514 1.0721136331558228 1.5127954483032227
v -0.08049999922513962 0.969207227230072 1.4962928295135498
v -0.09424221515655518 0.965499997138977 1.6024999618530273
v -0.01249657478183508 1.035832166671753 1.5260839462280273
v -0.07640232145786285 1.0082930326461792 1.4839999675750732
v -0.11999999731779099 1.0072128772735596 1.582696795463562
v -0.12625464797019958 1.046172857284546 1.5120817422866821
v -0.08399999886751175 1.0362615585327148 1.5169999599456787
v -0.04406798258423805 0.9609659910202026 1.5686990022659302
v -0.11640655249357224 0.9871262311935425 1.5865933895111084
v -0.09809984266757965 1.0185332298278809 1.4975664615631104
v -0.09647686034440994 1.090651273727417 1.4934768676757812
v -0.08399999886751175 1.0367870330810547 1.5169999599456787
v -0.09235469996929169 1.0225640535354614 1.6272094249725342
v -0.039968341588974 0.9854999780654907 1.571702480316162
v -0.12377959489822388 1.0204999446868896 1.5270591974258423
v -0.08084798604249954 0.9673040509223938 1.4995440244674683
v -0.045189019292593 0.9629999995231628 1.5692834854125977
v -0.11245301365852356 0.9894088506698608 1.566908836364746
v -0.1516449898481369 1.0231775045394897 1.5715324878692627
v -0.10629013180732727 1.0629836320877075 1.5399999618530273
v -0.04820284619927406 0.9630675911903381 1.5217971801757812
v -0.11322450637817383 1.0077245235443115 1.6237244606018066
v -0.13650000095367432 1.0123239755630493 1.5425000190734863
v -0.056507375091314316 0.9664999842643738 1.5194963216781616
v -0.1344105750322342 0.9700000286102295 1.5714735984802246
v -0.1554333120584488 1.014266848564148 1.5611333847045898
v -0.11175380647182465 1.005838394165039 1.6222537755966187
v -0.13650000095367432 0.9713684916496277 1.5516575574874878
v -0.09001597762107849 0.968500018119812 1.5639760494232178
v -0.1480989307165146 1.0604945421218872 1.5355000495910645
v -0.11281533539295197 1.102986454963684 1.5044864416122437
v -0.08837789297103882 0.9953740239143372 1.5989960432052612
v -0.12399546056985855 1.0239909887313843 1.5679773092269897
v -0.10857972502708435 0.9735000133514404 1.5125796794891357
v -0.1416364312171936 1.097181797027588 1.5346364974975586
v -0.11400000005960464 1.0109195709228516 1.5164321660995483
v -0.15628141164779663 1.0649070739746094 1.5617185831069946
v -0.14573119580745697 1.0134247541427612 1.5862312316894531
v -0.1163831278681755 0.9770843386650085 1.601733684539795
v -0.1163831502199173 1.076415777206421 1.49399995803833
v -0.14544934034347534 1.0122973918914795 1.5859493017196655
v -0.12975028157234192 1.0600005388259888 1.5140000581741333
v -0.04763023182749748 0.9884999990463257 1.5331848859786987
v -0.09160074591636658 0.9904999732971191 1.5610989332199097
v -0.14352409541606903 0.9750160574913025 1.5625079870224
v -0.07612759619951248 1.0091172456741333 1.4839999675750732
v -0.11749999970197678 1.0820108652114868 1.4935027360916138
v -0.07414305210113525 0.9635000228881836 1.5956430435180664
v -0.033513858914375305 0.9836713075637817 1.5616850852966309
v -0.09886130690574646 1.044653296470642 1.4935693740844727
v -0.15347254276275635 1.0493626594543457 1.5645275115966797
v -0.07498211413621902 0.9854999780654907 1.6034880876541138
v -0.04006863757967949 0.9896438121795654 1.537431240081787
v -0.14084875583648682 0.9989650249481201 1.5817326307296753
v -0.03577490150928497 0.9843874573707581 1.5656623840332031
v -0.06056492030620575 0.9653549790382385 1.5127900838851929
v -0.12705087661743164 1.0516525506973267 1.5609490871429443
v -0.03954116255044937 0.9998353719711304 1.508582353591919
v -0.07886893302202225 0.9866553544998169 1.6130000352859497
v -0.07586988061666489 1.0216575860977173 1.503999948501587
v -0.09104319661855698 0.9726810455322266 1.5281379222869873
v -0.08550000190734863 1.0030475854873657 1.526990532875061
v -0.06418773531913757 0.9668959379196167 1.5483123064041138
v -0.13661164045333862 0.9959999918937683 1.5417232513427734
v -0.09235964715480804 0.972000002861023 1.502500057220459
v -0.034557849168777466 1.0157686471939087 1.5005578994750977
v -0.014519098214805126 1.0390191078186035 1.524980902671814
v -0.11824383586645126 1.087475299835205 1.49399995803833
v -0.11822986602783203 1.0195000171661377 1.5172299146652222
v -0.10552649199962616 1.0326589345932007 1.5424469709396362
v -0.03582634776830673 0.9927824139595032 1.5288912057876587
v -0.12799999117851257 1.0043865442276 1.5674999952316284
v -0.06925124675035477 0.9679999947547913 1.5088324546813965
v -0.08333669602870941 0.9639999866485596 1.5999455451965332
v -0.1341019570827484 0.9700000286102295 1.5722451210021973
v -0.07349999248981476 0.9695724844932556 1.60347580909729
v -0.08391594886779785 0.9675000309944153 1.5700840950012207
v -0.08150000125169754 1.0449247360229492 1.4853150844573975
v -0.03328952193260193 0.99142986536026 1.5465701818466187
v -0.047721609473228455 1.0269999504089355 1.4966392517089844
v -0.08033622056245804 0.9916551113128662 1.4866724014282227
v -0.10805876553058624 1.0377793312072754 1.6036471128463745
v -0.11976511031389236 1.1009217500686646 1.524813175201416
v -0.07730629295110703 1.0210968255996704 1.5056126117706299
v -0.029500000178813934 1.0238150358200073 1.540780782699585
v -0.14250996708869934 1.0214999914169312 1.5530099868774414
v -0.12049999833106995 1.0119885206222534 1.5821279287338257
v -0.09567785263061523 0.9904999732971191 1.5456185340881348
v -0.08372510224580765 0.9919312596321106 1.4908626079559326
v -0.06630312651395798 1.0133187770843506 1.5093936920166016
v -0.09200000017881393 1.0177083015441895 1.62458336353302
v -0.08781982213258743 1.0627995729446411 1.5158400535583496
v -0.054499998688697815 1.0145549774169922 1.4872225522994995
v -0.10712892562150955 0.9755157232284546 1.503870964050293
v -0.1319679170846939 0.9699679017066956 1.575532078742981
v -0.13052619993686676 1.063315510749817 1.559499979019165
v -0.028717873618006706 1.0007095336914062 1.5280725955963135
v -0.0989047959446907 0.9978808164596558 1.5414048433303833
v -0.09201949089765549 0.9846699237823486 1.614169955253601
v -0.05039425194263458 0.9884999990463257 1.5318028926849365
v -0.02926606871187687 1.0260848999023438 1.5402660369873047
v -0.011334329843521118 1.009997010231018 1.536165714263916
v -0.08445244282484055 1.0458097457885742 1.517547607421875
v -0.04561081528663635 0.9629999995231628 1.5699162483215332
v -0.09269292652606964 0.9904999732971191 1.559576153755188
v -0.10468348115682602 0.9963669776916504 1.6161835193634033
v -0.14161118865013123 0.9863888025283813 1.5435831546783447
v -0.08150000125169754 1.0217058658599854 1.4909589290618896
v -0.1447896957397461 1.0096588134765625 1.5850794315338135
v -0.1166134849190712 0.9879539608955383 1.5863865613937378
v -0.03558317571878433 0.9614999890327454 1.551832675933838
v -0.02808804251253605 0.9639119505882263 1.5425440073013306
v -0.0233528520911932 0.984499990940094 1.5350295305252075
v -0.04085410013794899 0.9624999761581421 1.5628540515899658
v -0.1524590700864792 1.0447953939437866 1.565500020980835
v -0.03844872862100601 0.9934828877449036 1.5430341958999634
v -0.05408414825797081 0.9745792150497437 1.5865840911865234
v -0.07480762153863907 1.0219230651855469 1.503999948501587
v -0.11400000005960464 1.010115385055542 1.5167537927627563
v -0.021429697051644325 1.0070703029632568 1.5229531526565552
v -0.15327082574367523 1.048354148864746 1.5647292137145996
v -0.041144564747810364 0.9879999756813049 1.5119036436080933
v -0.1402321755886078 1.0294643640518188 1.5403839349746704
v -0.060937125235795975 0.9965943098068237 1.4969056844711304
v -0.059192851185798645 0.9624999761581421 1.5886285305023193
v -0.11624300479888916 0.9864720106124878 1.586756944656372
v -0.11623565107584 1.040009617805481 1.6235095262527466
v -0.12349999696016312 0.9682513475418091 1.5332486629486084
v -0.08004928380250931 0.9834098815917969 1.6067296266555786
v -0.07750000059604645 0.9615095257759094 1.600509524345398
v -0.13271985948085785 0.9700000286102295 1.574540138244629
v -0.12495075166225433 0.9904671907424927 1.5960493087768555
v -0.11418966203927994 0.9725948572158813 1.5156207084655762
v -0.12213367223739624 1.022133708000183 1.5619009733200073
v -0.10501483827829361 0.9934999942779541 1.5824850797653198
v -0.1479300856590271 1.0547202825546265 1.5355000495910645
v -0.04180150479078293 0.9639999866485596 1.528198480606079
v -0.09099999815225601 1.071840524673462 1.5137898921966553
v -0.07142247259616852 0.9922693967819214 1.546808123588562
v -0.07933714240789413 0.9744885563850403 1.4921742677688599
v -0.13225294649600983 1.0700117349624634 1.559000015258789
v -0.1185000017285347 0.9810183644294739 1.5099999904632568
v -0.09710916876792908 1.0195000171661377 1.5287615060806274
v -0.13599999248981476 0.9718314409255981 1.5578258037567139
v -0.06633613258600235 0.9890000224113464 1.5239328145980835
v -0.13555967807769775 1.0904104709625244 1.512970209121704
v -0.02338169701397419 0.9909910559654236 1.5322455167770386
v -0.14324957132339478 0.9944165349006653 1.5747504234313965
v -0.1444033831357956 0.9944999814033508 1.5738977193832397
v -0.10322178155183792 1.0168911218643188 1.6012781858444214
v -0.0185664314776659 1.010433554649353 1.520566463470459
v -0.05580407381057739 0.9641520380973816 1.51584792137146
v -0.1030578464269638 0.9904999732971191 1.5525578260421753
v -0.0934251919388771 0.9954999685287476 1.5960748195648193
v -0.13354864716529846 1.0802432298660278 1.5584514141082764
v -0.08159604668617249 0.9894999861717224 1.5301440954208374
v -0.12541204690933228 0.9750000238418579 1.5301181077957153
v -0.11686897277832031 1.0190000534057617 1.515368938446045
v -0.11962755769491196 1.0045101642608643 1.5833724737167358
v -0.1255296915769577 0.9940445423126221 1.597029685974121
v -0.0946568176150322 0.9904999732971191 1.5442352294921875
v -0.13116326928138733 1.0264898538589478 1.5855000019073486
v -0.10936552286148071 0.9701827764511108 1.5232689380645752
v -0.11400000005960464 1.005495548248291 1.55649995803833
v -0.13499999046325684 0.9710000157356262 1.5543047189712524
v -0.048672739416360855 0.9860000014305115 1.5806727409362793
v -0.1574598252773285 1.0679196119308472 1.5610201358795166
v -0.033807914704084396 0.9906920790672302 1.5426920652389526
v -0.06291791796684265 0.9662910103797913 1.5084178447723389
v -0.024973811581730843 0.9890261888504028 1.531499981880188
v -0.08150000125169754 1.05191171169281 1.4842721223831177
v -0.09909475594758987 0.9915262460708618 1.5982156991958618
v -0.1188783273100853 1.0968650579452515 1.4952433109283447
v -0.07358967512845993 0.9693206548690796 1.6034103631973267
v -0.12574563920497894 0.9750000238418579 1.53061842918396
v -0.11790412664413452 0.9745000004768372 1.5224040746688843
v -0.12203352898359299 0.989044725894928 1.5930336713790894
v -0.08150000125169754 1.0445525646209717 1.4853894710540771
v -0.10445120930671692 0.9664999842643738 1.5997743606567383
v -0.0732962116599083 1.0142037868499756 1.4835000038146973
v -0.09432993084192276 0.9871700406074524 1.4905102252960205
v -0.11804179102182388 1.0866671800613403 1.49399995803833
v -0.13926707208156586 0.9955227375030518 1.5805113315582275
v -0.12735258042812347 1.0492050647735596 1.5125000476837158
v -0.013663636520504951 1.0163408517837524 1.516831874847412
v -0.12589173018932343 1.0204999446868896 1.5305875539779663
v -0.129883274435997 1.0998083353042603 1.524074912071228
v -0.0230310820043087 0.9829999804496765 1.5440466403961182
v -0.13105644285678864 1.0261693000793457 1.5855000019073486
v -0.060965970158576965 0.9953106641769409 1.59403395652771
v -0.05189022794365883 1.0004510879516602 1.527999997138977
v -0.12349999696016312 0.9681774973869324 1.5333224534988403
v -0.15848009288311005 1.0765597820281982 1.5574601888656616
v -0.12799999117851257 1.0050897598266602 1.5674999952316284
v -0.10300000011920929 1.0106905698776245 1.600000023841858
v -0.12963779270648956 0.9994567036628723 1.6006377935409546
v -0.02113114856183529 1.007368803024292 1.5227540731430054
v -0.12072494626045227 0.9745916724205017 1.52572500705719
v -0.12804777920246124 1.0061911344528198 1.5675477981567383
v -0.1095014289021492 0.992665708065033 1.5781656503677368
v -0.14985181391239166 1.0970741510391235 1.5416481494903564
v -0.12380915135145187 1.101563572883606 1.515809178352356
v -0.06657478213310242 0.9929999709129333 1.5504251718521118
v -0.1016455665230751 0.9725000262260437 1.5065728425979614
v -0.11644763499498367 1.0268429517745972 1.5149999856948853
v -0.14632828533649445 1.0438131093978882 1.5356717109680176
v -0.04251788184046745 0.9948393106460571 1.5721427202224731
v -0.14616549015045166 1.0431619882583618 1.535834550857544
v -0.13650000095367432 1.013391375541687 1.5425000190734863
v -0.1080000028014183 0.9878917932510376 1.503000020980835
v -0.03194192424416542 1.0338720083236694 1.5078721046447754
v -0.11800000071525574 1.1005232334136963 1.5283178091049194
v -0.026500003412365913 0.9819999933242798 1.5520641803741455
v -0.05249880254268646 1.0039927959442139 1.527999997138977
v -0.06550000607967377 1.0091743469238281 1.5109127759933472
v -0.13408152759075165 0.9964592456817627 1.54008150100708
v -0.09400000423192978 0.9896393418312073 1.6160465478897095
v -0.1310943216085434 1.0204999446868896 1.5375943183898926
v -0.023184655234217644 1.0058153867721558 1.5241230726242065
v -0.035997532308101654 0.9844987392425537 1.5659962892532349
v -0.1559179574251175 1.0926231145858765 1.5365819931030273
v -0.14900267124176025 1.0637567043304443 1.5357513427734375
v -0.11253724247217178 1.0195000171661377 1.548305869102478
v -0.032499995082616806 1.0205967426300049 1.4997193813323975
v -0.1439252495765686 0.9752835035324097 1.5626417398452759
v -0.04452013224363327 0.9645000100135803 1.5264899730682373
v -0.08500000089406967 1.0491938591003418 1.5169999599456787
v -0.10554299503564835 1.0307420492172241 1.5415430068969727
v -0.10761333256959915 1.0195000171661377 1.5422099828720093
v -0.03971012681722641 0.993802547454834 1.5420924425125122
v -0.03985048830509186 0.998598039150238 1.509200930595398
v -0.1379065364599228 1.0297967195510864 1.5983902215957642
v -0.05616927146911621 0.9678229093551636 1.5886693000793457
v -0.038829222321510315 0.9879999756813049 1.5134472846984863
v -0.10561975091695786 0.9857065677642822 1.6102933883666992
v -0.07503964006900787 0.9660198092460632 1.5789602994918823
v -0.01508996170014143 1.0394999980926514 1.5242301225662231
v -0.12266231328248978 1.0204999446868896 1.5252435207366943
v -0.11355460435152054 1.0857183933258057 1.536390781402588
v -0.05466387793421745 0.9890000224113464 1.5300840139389038
v -0.11476781219244003 1.0691068172454834 1.4937678575515747
v -0.09162730723619461 0.9645000100135803 1.6014907360076904
v -0.024040615186095238 1.0049593448638916 1.5246937274932861
v -0.06609303504228592 0.9929999709129333 1.550907015800476
v -0.15103453397750854 1.0035691261291504 1.5592327117919922
v -0.09099999815225601 1.0760985612869263 1.5130000114440918
v -0.12395595759153366 1.0375220775604248 1.6165440082550049
v -0.032994091510772705 0.9834941029548645 1.5609822273254395
v -0.07551062852144241 0.9701737761497498 1.5393261909484863
v -0.056632667779922485 0.9860000014305115 1.5891326665878296
v -0.11250000447034836 0.999534547328949 1.5567586421966553
v -0.05672284960746765 0.9860000014305115 1.58922278881073
v -0.11779552698135376 1.0326820611953735 1.5149089097976685
v -0.11791732162237167 1.0988739728927612 1.4965827465057373
v -0.05350000783801079 0.9789535999298096 1.5865000486373901
v -0.08487829566001892 1.04789137840271 1.51712167263031
v -0.04888678714632988 0.963295578956604 1.5211131572723389
v -0.1044921949505806 0.9934999942779541 1.5830103158950806
v -0.1151624545454979 0.9733248949050903 1.5136752128601074
v -0.012648223899304867 1.006703495979309 1.5355000495910645
v -0.14236582815647125 1.0943658351898193 1.5496342182159424
v -0.0486130453646183 1.0212738513946533 1.519919514656067
v -0.10140726715326309 0.9662268161773682 1.6010463237762451
v -0.11549999564886093 1.095168113708496 1.5325829982757568
v -0.026000000536441803 0.9836261868476868 1.5481261014938354
v -0.13406842947006226 1.0032670497894287 1.5425000190734863
v -0.09549999982118607 0.9761518836021423 1.491898775100708
v -0.13554415106773376 0.9725000262260437 1.547088384628296
v -0.08974061906337738 1.0184999704360962 1.4874444007873535
v -0.13317178189754486 1.0985000133514404 1.5281717777252197
v -0.09251879900693893 1.0260564088821411 1.6290186643600464
v -0.08100000023841858 0.9841829538345337 1.4908628463745117
v -0.07337789237499237 0.9911221265792847 1.5455610752105713
v -0.09333037585020065 0.9955089092254639 1.6174999475479126
v -0.06310832500457764 0.966195821762085 1.5086082220077515
v -0.02870590053498745 1.000725507736206 1.5280686616897583
v -0.08234019577503204 0.9915850758552551 1.4901701211929321
v -0.10598848760128021 1.028069019317627 1.5419886112213135
v -0.08743081241846085 1.0823616981506348 1.4809308052062988
v -0.11247614026069641 0.9944045543670654 1.55649995803833
v -0.14647552371025085 1.0444021224975586 1.5355244874954224
v -0.0744301900267601 0.9672093987464905 1.6030000448226929
v -0.009538003243505955 1.0149240493774414 1.5364999771118164
v -0.12623156607151031 1.0006946325302124 1.5667314529418945
v -0.15684309601783752 1.0862154960632324 1.5343431234359741
v -0.14425645768642426 0.994621753692627 1.5560128688812256
v -0.0593845397233963 0.9860000014305115 1.5918844938278198
v -0.1181090697646141 1.100890874862671 1.5276727676391602
v -0.07080009579658508 0.9679999947547913 1.5435998439788818
v -0.10249017179012299 0.9904999732971191 1.5519901514053345
v -0.11389335244894028 1.008393406867981 1.624393343925476
v -0.11500000208616257 1.0196912288665771 1.5154999494552612
v -0.059662625193595886 0.9682560563087463 1.5043251514434814
v -0.07911315560340881 0.9894999861717224 1.5281131267547607
v -0.013470550067722797 1.0168235301971436 1.516735315322876
v -0.03447318449616432 0.9903422594070435 1.5420267581939697
v -0.11292193084955215 1.0013439655303955 1.5567890405654907
v -0.03450871631503105 1.0159651041030884 1.5005086660385132
v -0.11771310120820999 0.9769262075424194 1.5107868909835815
v -0.04653233662247658 0.9954999685287476 1.5678117275238037
v -0.05697675794363022 1.0030463933944702 1.4919767379760742
v -0.011953129433095455 1.0081405639648438 1.535546898841858
v -0.12755845487117767 1.021558403968811 1.5844999551773071
v -0.09815159440040588 1.092651605606079 1.4951010942459106
v -0.14186982810497284 0.9801745414733887 1.542065143585205
v -0.11557210981845856 1.014216423034668 1.6281442642211914
v -0.11549999564886093 1.0914865732192993 1.533402681350708
v -0.15454469621181488 1.010678768157959 1.5595893859863281
v -0.0842835009098053 0.9914291501045227 1.5697875022888184
v -0.1221904456615448 0.9936507344245911 1.566499948501587
v -0.04314775392413139 0.9918522238731384 1.5365567207336426
v -0.14612998068332672 0.9804800748825073 1.5638699531555176
v -0.13106518983840942 0.974467396736145 1.538597822189331
v -0.11519869416952133 1.0124934911727905 1.6270960569381714
v -0.03882201388478279 0.9852740168571472 1.5700960159301758
v -0.13740456104278564 1.020618200302124 1.5420955419540405
v -0.08404046297073364 0.9675000309944153 1.5699595212936401
v -0.004695883486419916 1.02301025390625 1.5364021062850952
v -0.08399999886751175 1.0409934520721436 1.517898678779602
v -0.0418570414185524 0.9854999780654907 1.573857069015503
v -0.06576035916805267 0.9675000309944153 1.5468264818191528
v -0.0929228737950325 0.9654807448387146 1.6024999618530273
v -0.09428784996271133 0.9944999814033508 1.4977877140045166
v -0.03289477899670601 0.9833948016166687 1.560684323310852
v -0.06018771976232529 0.9652292132377625 1.5130414962768555
v -0.11523758620023727 0.9824060201644897 1.6035000085830688
v -0.10562579333782196 0.9901247620582581 1.5551258325576782
v -0.08336975425481796 0.9894999861717224 1.532659649848938
v -0.1380784511566162 1.0905784368515015 1.5554214715957642
v -0.012780217453837395 1.0064395666122437 1.5355000495910645
v -0.025979161262512207 0.9859166741371155 1.5484790802001953
v -0.11749999970197678 1.0834345817565918 1.4938586950302124
v -0.040181003510951996 0.9689570069313049 1.5168620347976685
v -0.10945276916027069 1.0703582763671875 1.5399999618530273
v -0.08798679709434509 0.9905033111572266 1.5665130615234375
v -0.12875927984714508 0.9695000052452087 1.5783271789550781
v -0.11694806069135666 0.9754739999771118 1.5115259885787964
v -0.09151998162269592 0.9951733350753784 1.598306655883789
v -0.04993433877825737 0.9632828235626221 1.5200656652450562
v -0.1451178342103958 0.9762356877326965 1.562999963760376
v -0.06322932988405228 0.9665764570236206 1.5492706298828125
v -0.054797377437353134 0.9854999780654907 1.5872973203659058
v -0.034275468438863754 0.990408182144165 1.5422245264053345
v -0.11311110109090805 1.1025972366333008 1.4992916584014893
v -0.12176094204187393 1.0204999446868896 1.522782802581787
v -0.11407296359539032 1.0122919082641602 1.5159270763397217
v -0.13523265719413757 0.9915000200271606 1.5863837003707886
v -0.15313026309013367 1.075325608253479 1.534500002861023
v -0.08249999582767487 1.0693789720535278 1.478155255317688
v -0.06700000166893005 1.0000245571136475 1.5143170356750488
v -0.14952176809310913 1.0665652751922607 1.5359781980514526
v -0.048464059829711914 0.9954999685287476 1.5664019584655762
v -0.13599629700183868 1.0897555351257324 1.512751817703247
v -0.08273506164550781 1.019529938697815 1.4927350282669067
v -0.1012982502579689 0.9904999732971191 1.5507982969284058
v -0.07079416513442993 0.9944999814033508 1.582852840423584
v -0.07601968199014664 0.9834409356117249 1.4900000095367432
v -0.06402654945850372 0.9665088653564453 1.5114823579788208
v -0.08765736222267151 1.0828148126602173 1.4811574220657349
v -0.08399999886751175 1.0324674844741821 1.5169999599456787
v -0.0297401063144207 0.9852598905563354 1.5306299924850464
v -0.07051166146993637 0.9944999814033508 1.5829941034317017
v -0.11600000411272049 0.9800032377243042 1.6031688451766968
v -0.09549999982118607 0.9789314866065979 1.4895685911178589
v -0.11679913103580475 1.0784956216812134 1.4937008619308472
v -0.07757251709699631 1.0210000276565552 1.5060290098190308
v -0.11400000005960464 1.0089709758758545 1.55649995803833
v -0.06700000166893005 0.9959282279014587 1.5162858963012695
v -0.02274302765727043 0.9930093288421631 1.5567569732666016
v -0.04726183041930199 1.0239763259887695 1.517892837524414
v -0.049366891384124756 1.0201330184936523 1.5211113691329956
v -0.10747397691011429 1.0413684844970703 1.6308945417404175
v -0.024643203243613243 0.9904757142066956 1.554856777191162
v -0.13563847541809082 0.9866538047790527 1.5832922458648682
v -0.12411803007125854 1.0400902032852173 1.5606180429458618
v -0.14481911063194275 0.9944999814033508 1.5736205577850342
v -0.03599999472498894 0.9721710681915283 1.570942997932434
v -0.0397334024310112 0.9879999756813049 1.512844443321228
v -0.09000403434038162 0.9725000262260437 1.528830647468567
v -0.028454599902033806 1.001068115234375 1.5279545783996582
v -0.05733954906463623 0.9784907102584839 1.4976696968078613
v -0.11424745619297028 1.01298987865448 1.5157524347305298
v -0.05426344648003578 0.9736827611923218 1.5867635011672974
v -0.08771433681249619 0.9936071634292603 1.4936071634292603
v -0.10166705399751663 0.9851667881011963 1.6118332147598267
v -0.1473490446805954 1.0965503454208374 1.544150948524475
v -0.10989195853471756 1.0420000553131104 1.6291080713272095
v -0.10697047412395477 0.9901180863380432 1.504029393196106
v -0.06101919338107109 0.9894999861717224 1.4966539144515991
v -0.1300041228532791 1.099747896194458 1.5242562294006348
v -0.11203020066022873 1.0791510343551636 1.5379698276519775
v -0.09460405260324478 0.9865838289260864 1.4898959398269653
v -0.054489560425281525 1.0247578620910645 1.4940052032470703
v -0.08550000190734863 1.0105301141738892 1.5255000591278076
v -0.06240205094218254 0.9620000123977661 1.5918530225753784
v -0.03512359783053398 0.9620000123977661 1.548117995262146
v -0.08399999886751175 1.0342705249786377 1.5169999599456787
v -0.12368710339069366 0.9896247386932373 1.5973129272460938
v -0.12532244622707367 1.0448061227798462 1.5609999895095825
v -0.10961902141571045 0.9656190276145935 1.5906189680099487
v -0.0796642154455185 0.9845073819160461 1.6111716032028198
v -0.08999217301607132 0.9847968816757202 1.6138983964920044
v -0.15047988295555115 1.0885401964187622 1.5479698181152344
v -0.13516809046268463 0.9710840582847595 1.5548361539840698
v -0.05150000378489494 0.9933404922485352 1.5283799171447754
v -0.13150586187839508 1.034494161605835 1.608741283416748
v -0.14550000429153442 0.9944999814033508 1.5602842569351196
v -0.10118626803159714 1.048372507095337 1.4928137063980103
v -0.12047336250543594 1.0219999551773071 1.5589467287063599
v -0.1469999998807907 0.9823824763298035 1.5644999742507935
v -0.10609756410121918 1.0626626014709473 1.5399999618530273
v -0.11577675491571426 0.9900000095367432 1.5670000314712524
v -0.13375286757946014 1.0031882524490356 1.5425000190734863
v -0.09602413326501846 0.9904999732971191 1.5458494424819946
v -0.1360614001750946 0.9836228489875793 1.581122875213623
v -0.0770774632692337 0.9929741621017456 1.5778965950012207
v -0.0147172836586833 1.0031378269195557 1.5358551740646362
v -0.038430336862802505 0.9901393055915833 1.5262089967727661
v -0.12939997017383575 1.0135999917984009 1.5693999528884888
v -0.12934444844722748 0.9706147909164429 1.5722296237945557
v -0.12071205675601959 0.9685707092285156 1.5877879858016968
v -0.10378953814506531 0.9916581511497498 1.6130790710449219
v -0.10912567377090454 0.9735000133514404 1.5131256580352783
v -0.13111986219882965 1.0649794340133667 1.559499979019165
v -0.08493983745574951 1.0199999809265137 1.5139098167419434
v -0.08450117707252502 1.0460058450698853 1.5174988508224487
v -0.09349999576807022 0.9664999842643738 1.5088688135147095
v -0.1563718467950821 1.0913844108581543 1.5357563495635986
v -0.10500138998031616 0.9934999942779541 1.582498550415039
v -0.08084007352590561 0.9892995953559875 1.487680196762085
v -0.04417493939399719 0.9629999995231628 1.5677623748779297
v -0.09601845592260361 0.9946728348731995 1.4993456602096558
v -0.08505519479513168 0.9894999861717224 1.534555196762085
v -0.051922623068094254 1.0006130933761597 1.527999997138977
v -0.04056921973824501 0.9624999761581421 1.562569260597229
v -0.11199448257684708 0.9915018081665039 1.575507402420044
v -0.10007765889167786 0.9944741129875183 1.5874223709106445
v -0.15450190007686615 1.0520057678222656 1.5639981031417847
v -0.0578669048845768 0.9811672568321228 1.4979333877563477
v -0.11552496254444122 1.0721248388290405 1.49399995803833
v -0.042351946234703064 0.9879999756813049 1.5110987424850464
v -0.0363195575773716 0.961819589138031 1.5541391372680664
v -0.1568746715784073 1.0667493343353271 1.5613126754760742
v -0.11276208609342575 1.0184999704360962 1.512087345123291
v -0.11098918318748474 0.9675000309944153 1.5953404903411865
v -0.10076288878917694 1.0476443767547607 1.4931185245513916
v -0.03099999763071537 1.0115686655044556 1.542986273765564
v -0.0399022176861763 0.9896992444992065 1.53759765625
v -0.11250000447034836 0.9974929690361023 1.55649995803833
v -0.11869170516729355 0.9884999990463257 1.601705551147461
v -0.15467219054698944 1.0111887454986572 1.5598443746566772
v -0.11899999529123306 0.9956684708595276 1.5844438076019287
v -0.02942841313779354 1.0352858304977417 1.509285807609558
v -0.10249999910593033 1.0220818519592285 1.6024999618530273
v -0.11361698806285858 1.0859678983688354 1.5362659692764282
v -0.12254869192838669 0.9749837517738342 1.5270487070083618
v -0.13733156025409698 1.0203262567520142 1.5421684980392456
v -0.026536813005805016 0.9755736589431763 1.5427316427230835
v -0.038172632455825806 0.9897931814193726 1.5389137268066406
v -0.06482072919607162 0.9890000224113464 1.5245896577835083
v -0.11822503805160522 0.9939500689506531 1.5848875045776367
v -0.0018234821036458015 1.0261765718460083 1.535284399986267
v -0.1138448417186737 1.003879427909851 1.55649995803833
v -0.09725281596183777 0.9904999732971191 1.5466896295547485
v -0.07844723016023636 0.9700000286102295 1.5043882131576538
v -0.10829672962427139 0.9734322428703308 1.5122966766357422
v -0.09323547780513763 0.9689709544181824 1.5000580549240112
v -0.0879453495144844 0.9725000262260437 1.5302032232284546
v -0.09884382784366608 1.0286877155303955 1.4953280687332153
v -0.026964221149683 0.9686431288719177 1.5429999828338623
v -0.15014293789863586 1.0341073274612427 1.5656784772872925
v -0.11573567986488342 0.9879118800163269 1.6041761636734009
v -0.11167776584625244 0.9683555364608765 1.5942111015319824
v -0.13953301310539246 1.029466986656189 1.5949339866638184
v -0.06518916040658951 0.9673445820808411 1.5473109483718872
v -0.08150000125169754 1.032071828842163 1.4882320165634155
v -0.15805502235889435 1.0778348445892334 1.556610107421875
v -0.07277966290712357 1.0147203207015991 1.4835000038146973
v -0.09049999713897705 0.9685452580451965 1.6100678443908691
v -0.0015000032726675272 1.0265034437179565 1.535494327545166
v -0.10140679776668549 0.9704999923706055 1.5543954372406006
v -0.1110692024230957 1.0048537254333496 1.621569275856018
v -0.10154452919960022 1.0347226858139038 1.4939554929733276
v -0.07923121005296707 0.9700000286102295 1.5041921138763428
v -0.07009267807006836 0.9947715401649475 1.583543062210083
v -0.02859628014266491 1.0358027219772339 1.5098028182983398
v -0.0353865921497345 1.0128402709960938 1.5013866424560547
v -0.13147392868995667 1.0027109384536743 1.6029739379882812
v -0.05949999764561653 0.968812108039856 1.503687858581543
v -0.09300000220537186 1.0100059509277344 1.621999979019165
v -0.11282072961330414 0.990160346031189 1.5656415224075317
v -0.09690152853727341 0.965499997138977 1.6024999618530273
v -0.11741852015256882 1.0192092657089233 1.5161277055740356
v -0.13230131566524506 1.0985000133514404 1.52730131149292
v -0.11447248607873917 0.968500018119812 1.5925276279449463
v -0.08550000190734863 1.0123461484909058 1.5241538286209106
v -0.12060339003801346 1.0202010869979858 1.520804524421692
v -0.027969151735305786 1.0017963647842407 1.5274691581726074
v -0.026084933429956436 0.9741602540016174 1.5429999828338623
v -0.09287569671869278 1.0128729343414307 1.622248649597168
v -0.03049999289214611 0.993655264377594 1.5464999675750732
v -0.016051411628723145 1.0009229183197021 1.534999966621399
v -0.09344504773616791 0.9951648712158203 1.6174999475479126
v -0.13008064031600952 1.0622016191482544 1.559499979019165
v -0.025000005960464478 0.981499969959259 1.546006202697754
v -0.07599113881587982 1.0095266103744507 1.4839911460876465
v -0.08422205597162247 0.9639999866485596 1.600240707397461
v -0.03123469650745392 1.0343434810638428 1.5083435773849487
v -0.09351949393749237 1.088173270225525 1.4906926155090332
v -0.08874714374542236 0.995250940322876 1.5985037088394165
v -0.11694717407226562 1.0991489887237549 1.530403733253479
v -0.12761297821998596 0.9667259454727173 1.552386999130249
v -0.07986243069171906 0.9894999861717224 1.5287718772888184
v -0.12759143114089966 1.0215914249420166 1.5844999551773071
v -0.13804057240486145 1.0206800699234009 1.5480406284332275
v -0.1060866042971611 0.9725432991981506 1.5100865364074707
v -0.12918759882450104 1.0127503871917725 1.5691876411437988
v -0.10655833035707474 0.9990583062171936 1.6175388097763062
v -0.09515145421028137 0.9843941926956177 1.4891971349716187
v -0.11583887040615082 0.9809027910232544 1.6035000085830688
v -0.09684119373559952 0.994947075843811 1.499894142150879
v -0.02729792520403862 0.987521231174469 1.5518828630447388
v -0.038527727127075195 0.9630138874053955 1.5324722528457642
v -0.020235326141119003 0.9951862096786499 1.533421516418457
v -0.0819070115685463 1.0208895206451416 1.4916105270385742
v -0.10667339712381363 1.0370867252349854 1.6041089296340942
v -0.14624252915382385 1.0224393606185913 1.5566818714141846
v -0.11756107211112976 0.9766221642494202 1.5109388828277588
v -0.1070624589920044 1.0372812747955322 1.603979229927063
v -0.032922614365816116 0.9834226369857788 1.5607678890228271
v -0.11600000411272049 0.9791865348815918 1.6026244163513184
v -0.1194092333316803 1.0036368370056152 1.5835000276565552
v -0.08530198037624359 1.0169340372085571 1.485368013381958
v -0.0579843670129776 0.9814609289169312 1.4979921579360962
v -0.1459084451198578 0.9942042231559753 1.560897946357727
v -0.09301260113716125 0.9904999732971191 1.559149980545044
v -0.03924037888646126 0.9706394076347351 1.5157402753829956
v -0.024500003084540367 0.984923779964447 1.5322285890579224
v -0.04761284962296486 1.023274302482605 1.5184193849563599
v -0.03049999289214611 0.9985328316688538 1.5457934141159058
v -0.057493217289447784 0.9648310542106628 1.5148378610610962
v -0.05168173462152481 0.9994087219238281 1.527999997138977
v -0.13643580675125122 0.9923716187477112 1.5842567682266235
v -0.10504720360040665 0.9903175830841064 1.5545471906661987
v -0.1550000011920929 1.054567813873291 1.5632864236831665
v -0.12574031949043274 1.0203701257705688 1.5838701725006104
v -0.13650000095367432 0.9700464010238647 1.561814308166504
v -0.08196321129798889 0.9792207479476929 1.4929264783859253
v -0.0942726731300354 1.0884242057800293 1.4916969537734985
v -0.10649999976158142 1.0378254652023315 1.5414186716079712
v -0.09335224330425262 1.0282044410705566 1.629852294921875
v -0.04282805696129799 0.9641640186309814 1.5273360013961792
v -0.13752040266990662 1.0185612440109253 1.6109999418258667
v -0.08100000023841858 0.9856652021408081 1.4897511005401611
v -0.12710407376289368 0.9695000052452087 1.5808439254760742
v -0.05883283168077469 0.9992507696151733 1.4943327903747559
v -0.1448400616645813 1.0946598052978516 1.5397334098815918
v -0.15549999475479126 1.0601444244384766 1.5628710985183716
v -0.06518133729696274 0.9884999990463257 1.495409369468689
v -0.11968664079904556 0.9920466542243958 1.566499948501587
v -0.12056446820497513 1.0326074361801147 1.5590429306030273
v -0.011364842765033245 1.0254054069519043 1.5138648748397827
v -0.13565468788146973 1.0204999446868896 1.544309377670288
v -0.058926861733198166 0.9718596935272217 1.5011403560638428
v -0.04847582057118416 1.0215482711791992 1.5197137594223022
v -0.09078456461429596 0.978138267993927 1.612715482711792
v -0.09777137637138367 1.0398569107055664 1.49399995803833
v -0.13419614732265472 0.9719641208648682 1.5475358963012695
v -0.01996477320790291 1.0393837690353394 1.5174189805984497
v -0.08229343593120575 1.0205687284469604 1.5102245807647705
v -0.09360955655574799 0.9943047761917114 1.4973046779632568
v -0.060502320528030396 0.9664999842643738 1.5178325176239014
v -0.08249999582767487 1.0680729150772095 1.4784817695617676
v -0.09549999982118607 0.9795812964439392 1.4893546104431152
v -0.13290464878082275 1.0653728246688843 1.5140000581741333
v -0.10350000113248825 1.0152896642684937 1.6009299755096436
v -0.13870297372341156 1.0754059553146362 1.5119999647140503
v -0.12146522849798203 1.1009999513626099 1.523523211479187
v -0.10350000113248825 1.0153826475143433 1.6009608507156372
v -0.0559999980032444 0.9660000205039978 1.557141661643982
v -0.12442143261432648 0.9695000052452087 1.5840785503387451
v -0.01870879717171192 0.9972215890884399 1.5343607664108276
v -0.10296931117773056 1.0283465385437012 1.6030000448226929
v -0.0660431906580925 1.0117591619491577 1.5099135637283325
v -0.09156157821416855 0.9645000100135803 1.6017537117004395
v -0.11920588463544846 1.0195000171661377 1.5182058811187744
v -0.06564437597990036 0.9664999842643738 1.5154517889022827
v -0.1258683204650879 1.1009999513626099 1.5185524225234985
v -0.12410759925842285 0.9745538234710693 1.5286076068878174
v -0.11021009832620621 0.996999979019165 1.5157101154327393
v -0.02189788408577442 1.0067347288131714 1.5232652425765991
v -0.10200000554323196 0.983600914478302 1.6102752685546875
v -0.0413486547768116 1.0275756120681763 1.5010756254196167
v -0.10099532455205917 0.9850000143051147 1.6120015382766724
v -0.12799999117851257 1.0040205717086792 1.5674999952316284
v -0.11246755719184875 0.9943702220916748 1.55649995803833
v -0.11794832348823547 1.0332932472229004 1.5146033763885498
v -0.08399999886751175 1.0322768688201904 1.5169999599456787
v -0.09803570806980133 1.0925357341766357 1.4950238466262817
v -0.09833144396543503 0.9934213757514954 1.5981686115264893
v -0.12420084327459335 1.0405042171478271 1.5607008934020996
v -0.0968388244509697 0.9954999685287476 1.590741753578186
v -0.11516357958316803 0.9900000095367432 1.5670000314712524
v -0.12048348039388657 1.0219999551773071 1.558966875076294
v -0.08923424035310745 0.9844936728477478 1.6137468814849854
v -0.14509490132331848 1.038474440574646 1.5374051332473755
v -0.11678639054298401 0.9886455535888672 1.5862135887145996
v -0.14842070639133453 1.062103509902954 1.5355000495910645
v -0.1130557656288147 1.0636394023895264 1.4925556182861328
v -0.09858125448226929 0.9952906370162964 1.502371907234192
v -0.0594262033700943 0.9985737800598145 1.4949262142181396
v -0.11807605624198914 1.0195000171661377 1.517076015472412
v -0.07395008951425552 0.9685998558998108 1.603049874305725
v -0.09049999713897705 0.9728653430938721 1.612288475036621
v -0.09497743099927902 0.9744096994400024 1.4930450916290283
v -0.08150000125169754 1.0281261205673218 1.4895747900009155
v -0.12714724242687225 1.0519417524337769 1.5608527660369873
v -0.14375510811805725 1.0060101747512817 1.5838775634765625
v -0.12528833746910095 1.044884443283081 1.5124038457870483
v -0.13406921923160553 0.9915000200271606 1.5869654417037964
v -0.12177801132202148 1.0154169797897339 1.5824999809265137
v -0.09523351490497589 1.087967038154602 1.5119999647140503
v -0.14863112568855286 1.0219999551773071 1.558631181716919
v -0.038722872734069824 0.9879999756813049 1.5135180950164795
v -0.1372271627187729 1.0204999446868896 1.547090768814087
v -0.08770785480737686 1.0829157829284668 1.4812078475952148
v -0.08065739274024963 0.9639999866485596 1.5990524291992188
v -0.1584453582763672 1.0722267627716064 1.559609293937683
v -0.05956825986504555 0.9624999761581421 1.588878870010376
v -0.09602079540491104 0.9735000133514404 1.5239861011505127
v -0.027420850470662117 0.9931042194366455 1.547237515449524
v -0.10434238612651825 0.9703423976898193 1.5089728832244873
v -0.1112663671374321 0.9900000095367432 1.5636495351791382
v -0.1392073929309845 0.9933537244796753 1.5794389247894287
v -0.11600000411272049 1.0193406343460083 1.6308938264846802
v -0.1495974063873291 1.0667921304702759 1.5359026193618774
v -0.10892777889966965 0.9900000095367432 1.559355616569519
v -0.03099999763071537 1.014386773109436 1.5424355268478394
v -0.11769533902406693 1.0849766731262207 1.49399995803833
v -0.03641999140381813 0.9625400304794312 1.5356600284576416
v -0.11746203154325485 1.0818102359771729 1.493499994277954
v -0.04665820673108101 0.9632806181907654 1.5236223936080933
v -0.08150000125169754 1.050124168395996 1.4846751689910889
v -0.09300000220537186 1.009495496749878 1.621999979019165
v -0.05405109375715256 0.9890000224113464 1.5302373170852661
v -0.05601639673113823 0.9684343934059143 1.588516354560852
v -0.10823962837457657 0.9864349365234375 1.6095651388168335
v -0.12452398985624313 0.9975000023841858 1.529547929763794
v -0.12566055357456207 0.9714816212654114 1.530839443206787
v -0.08000000566244125 0.9728543758392334 1.4931455850601196
v -0.10594493895769119 1.0283303260803223 1.541944980621338
v -0.11563407629728317 1.0957680940628052 1.5323659181594849
v -0.10315602272748947 0.9725000262260437 1.5073281526565552
v -0.0918479785323143 0.9645000100135803 1.6006081104278564
v -0.0666392520070076 0.9657130837440491 1.5116392374038696
v -0.1346755027770996 1.092149019241333 1.5138245820999146
v -0.02676514722406864 1.0029900074005127 1.5265101194381714
v -0.15549999475479126 1.0587807893753052 1.562999963760376
v -0.10710660368204117 0.9730355143547058 1.5111066102981567
v -0.1550000011920929 1.054059386253357 1.5633881092071533
v -0.07884440571069717 0.9867779612541199 1.6130000352859497
v -0.052373819053173065 1.0097570419311523 1.5271214246749878
v -0.1532520353794098 1.022165298461914 1.5701653957366943
v -0.10911408066749573 1.0693422555923462 1.5399999618530273
v -0.13583211600780487 0.9799981713294983 1.5793321132659912
v -0.12496789544820786 0.9749839305877686 1.5294679403305054
v -0.10661081969738007 0.9968054294586182 1.5121108293533325
v -0.09314116835594177 0.965499997138977 1.6024999618530273
v -0.03787444904446602 0.9740021824836731 1.5143744945526123
v -0.03039257973432541 0.9866308569908142 1.5221073627471924
v -0.13337740302085876 0.9915000200271606 1.587933897972107
v -0.08511047065258026 0.9894999861717224 1.5346105098724365
v -0.1381259709596634 0.992812991142273 1.5812480449676514
v -0.07833980023860931 0.9639999866485596 1.5979199409484863
v -0.1029982715845108 1.0284913778305054 1.6030000448226929
v -0.12857365608215332 1.0204999446868896 1.5345982313156128
v -0.032499995082616806 1.0198758840560913 1.499575138092041
v -0.09092720597982407 1.0707815885543823 1.5140728950500488
v -0.13599999248981476 0.9714367985725403 1.558875560760498
v -0.09279278665781021 0.9940000176429749 1.4967927932739258
v -0.017906302586197853 1.0399999618530273 1.5191562175750732
v -0.09800589829683304 1.0195000171661377 1.5298824310302734
v -0.07755293697118759 0.9639999866485596 1.5975264310836792
v -0.07196938991546631 0.9944999814033508 1.5822652578353882
v -0.09302540868520737 1.0833135843276978 1.512237310409546
v -0.11280036717653275 1.0397601127624512 1.6052600145339966
v -0.11108510941267014 0.9900000095367432 1.5633776187896729
v -0.11635057628154755 1.1035000085830688 1.5086753368377686
v -0.05735352635383606 0.9798837900161743 1.4976767301559448
v -0.11684700101613998 1.0190000534057617 1.515346884727478
v -0.027710238471627235 0.9871448874473572 1.531499981880188
v -0.07533572614192963 0.9826642870903015 1.6056714057922363
v -0.08834367990493774 0.9719479084014893 1.502500057220459
v -0.1446613073348999 1.0091452598571777 1.584822654724121
v -0.14083917438983917 1.027660846710205 1.5911433696746826
v -0.07773841172456741 0.9790231585502625 1.4908692836761475
v -0.13446161150932312 1.0843464136123657 1.5579999685287476
v -0.1263081580400467 1.0206540822982788 1.5841541290283203
v -0.09300000220537186 1.0003100633621216 1.6195775270462036
v -0.11312077939510345 1.063801884651184 1.4926207065582275
v -0.14458541572093964 0.9944999814033508 1.5566281080245972
v -0.05690137669444084 0.9664999842643738 1.5192992687225342
v -0.04741104692220688 0.9630296230316162 1.5226186513900757
v -0.040706031024456024 0.9935879111289978 1.540881872177124
v -0.14011657238006592 1.0287668704986572 1.593650221824646
v -0.13622714579105377 1.0310457944869995 1.601318597793579
v -0.09860440343618393 0.9983131885528564 1.5989999771118164
v -0.13650000095367432 0.9710000157356262 1.5577900409698486
v -0.06295351684093475 0.98918217420578 1.496000051498413
v -0.1389424204826355 0.9761636257171631 1.5440574884414673
v -0.0575898252427578 0.9804745316505432 1.4977948665618896
v -0.06031761318445206 0.9624999761581421 1.5893783569335938
v -0.11232556402683258 0.9735000133514404 1.5158255100250244
v -0.09572943300008774 1.0891883373260498 1.5118852853775024
v -0.12087467312812805 0.9923436641693115 1.566499948501587
v -0.14690063893795013 1.0222748517990112 1.5571755170822144
v -0.030812064185738564 1.034593939781189 1.5085939168930054
v -0.045838020741939545 0.9616619944572449 1.5228379964828491
v -0.10627052187919617 0.9966352581977844 1.511770486831665
v -0.02590913511812687 0.981704592704773 1.5498182773590088
v -0.03223583474755287 0.9917547106742859 1.5440094470977783
v -0.11102696508169174 0.9918243288993835 1.576797366142273
v -0.05949999764561653 0.96916663646698 1.503333330154419
v -0.08399999886751175 1.0416985750198364 1.5180000066757202
v -0.10904040187597275 0.9700201749801636 1.5239192247390747
v -0.09932342916727066 0.9903828501701355 1.597529649734497
v -0.03563361242413521 0.989955484867096 1.5408663749694824
v -0.07822321355342865 1.0026607513427734 1.4842232465744019
v -0.045415859669446945 0.9954999685287476 1.5686402320861816
v -0.07722289860248566 0.9624156355857849 1.6012771129608154
v -0.02811340242624283 0.9824033379554749 1.5537101030349731
v -0.012502871453762054 1.0069942474365234 1.5355000495910645
v -0.03700000420212746 0.9795994758605957 1.5134999752044678
v -0.09849999845027924 1.0054394006729126 1.5399999618530273
v -0.08150000125169754 1.0462446212768555 1.4850510358810425
v -0.10900000482797623 0.9845743179321289 1.502500057220459
v -0.13119210302829742 1.00229811668396 1.5420000553131104
v -0.12863598763942719 1.0535439252853394 1.5131360292434692
v -0.11232376098632812 0.9714412689208984 1.5182349681854248
v -0.13249999284744263 1.072028398513794 1.559000015258789
v -0.10298769176006317 1.0199999809265137 1.5367316007614136
v -0.03561820834875107 1.0311908721923828 1.5047863721847534
v -0.13213740289211273 1.069549560546875 1.559000015258789
v -0.12817253172397614 1.055862545967102 1.559999942779541
v -0.12865178287029266 1.1003482341766357 1.517848253250122
v -0.1318928599357605 1.0684642791748047 1.5591071844100952
v -0.14550000429153442 0.9944999814033508 1.5599234104156494
v -0.14325053989887238 1.0962494611740112 1.536751627922058
v -0.0834008976817131 0.9894999861717224 1.5327012538909912
v -0.1569022834300995 1.0801465511322021 1.5548533201217651
v -0.09283319115638733 1.026999592781067 1.6293331384658813
v -0.042882289737463 0.9894999861717224 1.5354118347167969
v -0.08381617069244385 0.9766838550567627 1.4901838302612305
v -0.09306545555591583 0.9686309099197388 1.5007381439208984
v -0.036337170749902725 1.0306627750396729 1.5042752027511597
v -0.14653341472148895 1.0486669540405273 1.5355000495910645
v -0.15074479579925537 1.0357344150543213 1.565500020980835
v -0.15192429721355438 1.0723485946655273 1.535037875175476
v -0.12407968193292618 1.03989839553833 1.5605796575546265
v -0.14727269113063812 1.0919204950332642 1.5442726612091064
v -0.05701005458831787 0.9629999995231628 1.585515022277832
v -0.11878331005573273 0.9845834374427795 1.509933352470398
v -0.061120178550481796 1.0215950012207031 1.4906898736953735
v -0.004868883639574051 1.0225777626037598 1.5363155603408813
v -0.11749999970197678 1.083059549331665 1.493764877319336
v -0.05930482596158981 0.9925000071525574 1.5577713251113892
v -0.13280975818634033 0.9735000133514404 1.5416195392608643
v -0.1147267073392868 1.0688602924346924 1.4937267303466797
v -0.05075140297412872 1.0177429914474487 1.5232514142990112
v -0.09760226309299469 0.9950000047683716 1.5009033679962158
v -0.1374124437570572 0.9746843576431274 1.5453156232833862
v -0.07438962906599045 0.9673311114311218 1.6030000448226929
v -0.09049999713897705 0.9688012599945068 1.6104518175125122
v -0.1366567760705948 0.9741175770759583 1.5458824634552002
v -0.10896849632263184 0.9929999709129333 1.5785419940948486
v -0.13630934059619904 1.030881404876709 1.6010719537734985
v -0.028895461931824684 1.0004727840423584 1.5281318426132202
v -0.11830183118581772 1.020933985710144 1.5558018684387207
v -0.10039162635803223 1.0322290658950806 1.4945541620254517
v -0.07601438462734222 0.9639999866485596 1.597004771232605
v -0.1303327977657318 0.9919999837875366 1.5920562744140625
v -0.14650000631809235 1.045197606086731 1.5355000495910645
v -0.14599353075027466 0.9779870510101318 1.562999963760376
v -0.09516362100839615 0.9904999732971191 1.5449954271316528
v -0.1338769644498825 1.0330615043640137 1.6052460670471191
v -0.14537174999713898 1.0119869709014893 1.585871696472168
v -0.09097900241613388 1.0195000171661377 1.5209789276123047
v -0.14755165576934814 0.9951549768447876 1.5605000257492065
v -0.04204490780830383 0.9879999756813049 1.511303424835205
v -0.04278692975640297 0.9894999861717224 1.5354753732681274
v -0.037565041333436966 0.9677398204803467 1.5714999437332153
v -0.12435507774353027 1.0412755012512207 1.5608550310134888
v -0.07908057421445847 0.9850000143051147 1.6127582788467407
v -0.09440590441226959 1.0184999704360962 1.493358850479126
v -0.11988179385662079 0.968500018119812 1.5883091688156128
v -0.10579778999090195 1.0342867374420166 1.5419044494628906
v -0.13071979582309723 1.0982801914215088 1.516140103340149
v -0.1080000028014183 0.9887233972549438 1.503000020980835
v -0.11724628508090973 0.9904851317405701 1.5857536792755127
v -0.12042087316513062 0.9884999990463257 1.6000791788101196
v -0.0986957922577858 1.0442395210266113 1.493652105331421
v -0.03550000488758087 0.9619794487953186 1.5500617027282715
v -0.08649002015590668 1.0807350873947144 1.4799901247024536
v -0.03819800540804863 1.003708004951477 1.50559401512146
v -0.014322943985462189 1.0372291803359985 1.5264999866485596
v -0.1443953514099121 0.9945523142814636 1.5562907457351685
v -0.04042346403002739 0.993980884552002 1.5415574312210083
v -0.08457976579666138 0.9916595220565796 1.5260000228881836
v -0.08860275149345398 1.0844041109085083 1.482404112815857
v -0.051055632531642914 0.9873894453048706 1.5294443368911743
v -0.12930981814861298 0.9897607564926147 1.5308804512023926
v -0.031798847019672394 0.9977011680603027 1.5285996198654175
v -0.07501796633005142 1.011803388595581 1.4835000038146973
v -0.14780178666114807 1.0967011451721191 1.5436981916427612
v -0.044622741639614105 1.027500033378601 1.4983772039413452
v -0.1005331501364708 1.0371887683868408 1.6330000162124634
v -0.09789342433214188 0.9950000047683716 1.5013401508331299
v -0.08150000125169754 1.0536243915557861 1.4836877584457397
v -0.05249999836087227 1.0046381950378418 1.5278723239898682
v -0.05079130828380585 0.9855695366859436 1.5827912092208862
v -0.11400000005960464 1.0092135667800903 1.5564144849777222
v -0.10326419025659561 0.9725000262260437 1.5073821544647217
v -0.053877126425504684 0.9854999780654907 1.5863771438598633
v -0.09417425841093063 0.9904999732971191 1.5437556505203247
v -0.0749608725309372 1.021884799003601 1.503999948501587
v -0.10639741271734238 0.9900000095367432 1.5560299158096313
v -0.0345258004963398 0.9876752495765686 1.5174741744995117
v -0.04496799036860466 0.9883226752281189 1.509354591369629
v -0.13125458359718323 1.0655182600021362 1.559499979019165
v -0.10174018144607544 1.0494803190231323 1.4922598600387573
v -0.14237505197525024 1.0023752450942993 1.5828750133514404
v -0.03268895298242569 0.9831889271736145 1.560066819190979
v -0.09059524536132812 1.069785714149475 1.5144047737121582
v -0.039038076996803284 0.9654428958892822 1.5709999799728394
v -0.1428682655096054 0.9950000047683716 1.553368330001831
v -0.13899919390678406 1.0295000076293945 1.5962519645690918
v -0.13891291618347168 1.0836741924285889 1.5119999647140503
v -0.11587411910295486 1.0252482891082764 1.5149999856948853
v -0.06706216931343079 1.0230000019073486 1.5010000467300415
v -0.11637193709611893 1.0399186611175537 1.6234186887741089
v -0.09776423871517181 0.9948394298553467 1.5987358093261719
v -0.07093621790409088 1.0230000019073486 1.5020772218704224
v -0.08776090294122696 1.083021879196167 1.481260895729065
v -0.04077848047018051 0.9879999756813049 1.5121476650238037
v -0.10431799292564392 1.0564079284667969 1.5394999980926514
v -0.04614940658211708 0.9629999995231628 1.5706493854522705
v -0.13139666616916656 1.0023492574691772 1.5420000553131104
v -0.03823937848210335 1.0035425424575806 1.5057181119918823
v -0.1550000011920929 1.0557152032852173 1.5630569458007812
v -0.09972366690635681 1.0305591821670532 1.494888186454773
v -0.11470138281583786 0.968500018119812 1.5922986268997192
v -0.07862254232168198 1.0003873109817505 1.484622597694397
v -0.05199999362230301 1.0123648643493652 1.5259270668029785
v -0.10861243307590485 0.9865813851356506 1.5026938915252686
v -0.11400000005960464 1.005072832107544 1.55649995803833
v -0.1340557336807251 0.9700000286102295 1.5723607540130615
v -0.1055000051856041 1.0359519720077515 1.6036778688430786
v -0.0743495374917984 0.9674513936042786 1.6030000448226929
v -0.09799999743700027 1.04239821434021 1.49399995803833
v -0.13297823071479797 0.9735000133514404 1.5419564247131348
v -0.13578350841999054 1.0317164659500122 1.6023247241973877
v -0.04254090413451195 0.9924591183662415 1.5381476879119873
v -0.09353785216808319 0.9695378541946411 1.4988864660263062
v -0.09214571863412857 0.9904999732971191 1.5603057146072388
v -0.08041876554489136 0.9672093987464905 1.5740811824798584
v -0.08633723109960556 0.98991858959198 1.5362558364868164
v -0.1415015012025833 0.9998353719711304 1.5821677446365356
v -0.06938636302947998 1.0177044868469238 1.4842045307159424
v -0.04742429777979851 1.0269999504089355 1.4967879056930542
v -0.11587686836719513 1.07388436794281 1.49399995803833
v -0.0319412536919117 0.9872206449508667 1.5203381776809692
v -0.10956499725580215 1.1013766527175903 1.501876711845398
v -0.06251857429742813 0.992506206035614 1.5554752349853516
v -0.15253902971744537 1.0866914987564087 1.5495389699935913
v -0.08326029777526855 1.0733014345169067 1.4780000448226929
v -0.11836838722229004 0.9786051511764526 1.510131597518921
v -0.09455669671297073 0.9727267622947693 1.4938865900039673
v -0.04730324074625969 0.9649999737739563 1.52446448802948
v -0.13000114262104034 1.024335265159607 1.5851670503616333
v -0.03987366706132889 0.9985052943229675 1.5092473030090332
v -0.11468582600355148 1.0151150226593018 1.5154999494552612
v -0.11065617948770523 1.073124647140503 1.5391876697540283
v -0.09563883394002914 0.995680570602417 1.5925416946411133
v -0.15680818259716034 1.087767243385315 1.5346918106079102
v -0.08062706887722015 0.9919999837875366 1.5740296840667725
v -0.10166236013174057 1.0353116989135742 1.493837594985962
v -0.03947090730071068 1.0000581741333008 1.5084418058395386
v -0.08597522974014282 0.9712437987327576 1.5027562379837036
v -0.020233886316418648 0.9951881766319275 1.5334219932556152
v -0.023000003769993782 0.9837290048599243 1.536656379699707
v -0.07160976529121399 0.9630274176597595 1.594054937362671
v -0.10603033751249313 0.9726213216781616 1.5059089660644531
v -0.02728336863219738 0.987529993057251 1.551903247833252
v -0.09704101830720901 1.0184999704360962 1.4960615634918213
v -0.09764834493398666 0.9950000047683716 1.5009725093841553
v -0.017753133550286293 1.011246919631958 1.519753098487854
v -0.1546870619058609 1.011248230934143 1.559874176979065
v -0.11779094487428665 0.989418089389801 1.5129181146621704
v -0.009177755564451218 1.0384999513626099 1.5272289514541626
v -0.1344956010580063 1.0033738613128662 1.5425000190734863
v -0.07336772233247757 0.9654338359832764 1.580566167831421
v -0.02375985123217106 0.9916535019874573 1.5557401180267334
v -0.051861368119716644 0.9890000224113464 1.5034257173538208
v -0.14692845940589905 0.9871430993080139 1.5652858018875122
v -0.04322827607393265 0.9917716979980469 1.5363150835037231
v -0.09791773557662964 1.0349451303482056 1.6329725980758667
v -0.08150000125169754 1.0389511585235596 1.4866372346878052
v -0.11689648032188416 1.0285859107971191 1.5149999856948853
v -0.08723309636116028 1.060665488243103 1.5160000324249268
v -0.08550000190734863 1.011737585067749 1.5247623920440674
v -0.041398756206035614 0.9929999709129333 1.5398006439208984
v -0.13368147611618042 1.008225917816162 1.6060444116592407
v -0.06700000166893005 1.0014607906341553 1.5137598514556885
v -0.06261885911226273 0.9890000224113464 1.5256271362304688
v -0.10635397583246231 1.0410884618759155 1.6317344903945923
v -0.09362339973449707 1.0287468433380127 1.6301233768463135
v -0.1158740296959877 1.0198779106140137 1.6312519311904907
v -0.05926079303026199 0.9649999737739563 1.5136594772338867
v -0.023962892591953278 0.9829999804496765 1.545444369316101
v -0.05792631581425667 1.0007210969924927 1.4933526515960693
v -0.13593459129333496 0.9725000262260437 1.5478692054748535
v -0.11447475105524063 1.031449556350708 1.6355252265930176
v -0.05515880882740021 1.00754714012146 1.490317702293396
v -0.09215337783098221 1.0195000171661377 1.522153377532959
v -0.10389877110719681 0.9716328978538513 1.552734136581421
v -0.036644719541072845 0.9808552861213684 1.5134999752044678
v -0.024253329262137413 0.984499990940094 1.533828854560852
v -0.13632792234420776 1.0151557922363281 1.609827995300293
v -0.11614132672548294 0.9860653281211853 1.5868586301803589
v -0.15509366989135742 1.016187310218811 1.5623747110366821
v -0.08628000319004059 0.9713199734687805 1.5026800632476807
v -0.09849999845027924 1.0013864040374756 1.540528416633606
v -0.07882276922464371 0.9868861436843872 1.6130000352859497
v -0.10693397372961044 1.0195000171661377 1.5417004823684692
v -0.10545874387025833 0.9934999942779541 1.5820412635803223
v -0.09928783029317856 0.9905608296394348 1.5976364612579346
v -0.09544601291418076 1.0883920192718506 1.5119999647140503
v -0.11809474974870682 1.1009052991867065 1.5277156829833984
v -0.06681734323501587 0.9884999990463257 1.4945913553237915
v -0.12330710142850876 1.0402427911758423 1.5130642652511597
v -0.09826014935970306 1.0431504249572754 1.4938699007034302
v -0.0880635604262352 1.0181878805160522 1.4866878986358643
v -0.08076118677854538 0.9854999780654907 1.6072536706924438
v -0.0808795616030693 0.9672408699989319 1.4996386766433716
v -0.09662160277366638 1.0184999704360962 1.4954324960708618
v -0.1046382486820221 1.0580530166625977 1.5396382808685303
v -0.059287846088409424 0.9925000071525574 1.557784080505371
v -0.07288945466279984 0.9894999861717224 1.523889422416687
v -0.08950404822826385 1.0665119886398315 1.514997959136963
v -0.11549999564886093 1.0925134420394897 1.533197283744812
v -0.09984559565782547 1.0190000534057617 1.498759150505066
v -0.08615650236606598 0.9725000262260437 1.531395673751831
v -0.13801804184913635 1.0905179977416992 1.5554819107055664
v -0.10112079232931137 1.003301978111267 1.5994999408721924
v -0.10957183688879013 1.0195000171661377 1.5448577404022217
v -0.15014319121837616 1.03410804271698 1.565678358078003
v -0.11860232055187225 0.9854884147644043 1.5102953910827637
v -0.1469999998807907 0.9839118719100952 1.5644999742507935
v -0.10624945908784866 1.0987495183944702 1.4996663331985474
v -0.10097707062959671 1.0374847650527954 1.6330000162124634
v -0.0776602178812027 0.971053421497345 1.5378931760787964
v -0.14617447555065155 0.994337260723114 1.5608314275741577
v -0.0343443937599659 0.9919221997261047 1.5458667278289795
v -0.11608100682497025 0.978594958782196 1.6023379564285278
v -0.11546605080366135 0.9753302931785583 1.600466012954712
v -0.04601293057203293 0.9599999785423279 1.5669870376586914
v -0.038009628653526306 0.9850032329559326 1.5690128803253174
v -0.014867263846099377 1.0393673181533813 1.5246326923370361
v -0.12491478025913239 0.9904431700706482 1.5960851907730103
v -0.09049999713897705 0.967664361000061 1.6091643571853638
v -0.1014295369386673 1.0999294519424438 1.507070541381836
v -0.06569084525108337 1.0111908912658691 1.5099999904632568
v -0.0807056725025177 0.9675886631011963 1.4991170167922974
v -0.08155849575996399 0.9816490411758423 1.492116928100586
v -0.07491079717874527 0.9854999780654907 1.603440523147583
v -0.10419069975614548 1.055644154548645 1.5394999980926514
v -0.06016452610492706 0.9977532029151917 1.4957468509674072
v -0.13164708018302917 0.996999979019165 1.5387157201766968
v -0.024037722498178482 0.9912830591201782 1.5554622411727905
v -0.10392427444458008 1.097449541091919 1.4984747171401978
v -0.05150000378489494 0.9943857789039612 1.5282305479049683
v -0.04229700192809105 0.9854999780654907 1.5744454860687256
v -0.039978619664907455 0.9980855584144592 1.5094572305679321
v -0.11556439101696014 0.9878547787666321 1.6042903661727905
v -0.134611114859581 0.9762222170829773 1.576722264289856
v -0.0064445985481143 1.0329999923706055 1.5281851291656494
v -0.12899485230445862 0.9799690842628479 1.527999997138977
v -0.08473940193653107 0.9675797820091248 1.569260597229004
v -0.08399999886751175 1.0337395668029785 1.5169999599456787
v -0.06678231060504913 1.0147823095321655 1.5092822313308716
v -0.108038030564785 1.0005507469177246 1.6185380220413208
v -0.036928605288267136 0.9920476078987122 1.5285238027572632
v -0.09818868339061737 0.997066080570221 1.5989999771118164
v -0.13618476688861847 1.0064746141433716 1.542894959449768
v -0.0753125250339508 1.0141042470932007 1.4843958616256714
v -0.10446099936962128 1.0401406288146973 1.6326797008514404
v -0.03777408227324486 0.9669036865234375 1.5714999437332153
v -0.08481107652187347 0.9710000157356262 1.5030629634857178
v -0.09934663772583008 1.0195000171661377 1.5316288471221924
v -0.06356913596391678 0.9660000205039978 1.5090690851211548
v -0.1293659657239914 0.9990489482879639 1.6003659963607788
v -0.012382932007312775 1.0304147005081177 1.5136170387268066
v -0.0068257395178079605 1.0329999923706055 1.5280580520629883
v -0.11052621155977249 0.9735000133514404 1.5469738245010376
v -0.05249999836087227 1.0047338008880615 1.52785325050354
v -0.014561275020241737 1.0381580591201782 1.526719331741333
v -0.13425929844379425 1.0683889389038086 1.5138704776763916
v -0.10888801515102386 1.0187040567398071 1.5090919733047485
v -0.10910689830780029 0.9812138080596924 1.502393126487732
v -0.09767091274261475 1.0393545627593994 1.49399995803833
v -0.12600122392177582 0.9695000052452087 1.5819988250732422
v -0.1287733018398285 1.0540931224822998 1.5132733583450317
v -0.09263451397418976 1.026403546333313 1.6291344165802002
v -0.03310249000787735 0.9835341572761536 1.5611366033554077
v -0.09656775742769241 1.0917032957077026 1.5115000009536743
v -0.06630279123783112 0.9664999842643738 1.5152323246002197
v -0.11356330662965775 0.9735000133514404 1.5170632600784302
v -0.04347015917301178 0.9952350854873657 1.5712648630142212
v -0.0849507749080658 0.9924015402793884 1.5260000228881836
v -0.14680197834968567 0.9873960614204407 1.5653491020202637
v -0.11891037225723267 0.9831414818763733 1.509589672088623
v -0.13735924661159515 1.0980000495910645 1.5313591957092285
v -0.1568717062473297 1.0801924467086792 1.5548075437545776
v -0.1481662094593048 0.9971648454666138 1.5603337287902832
v -0.0800938606262207 0.9894999861717224 1.5289454460144043
v -0.11883999407291412 0.9843000173568726 1.5098199844360352
v -0.09102080017328262 1.0873472690582275 1.4866943359375
v -0.0016881251940503716 1.029564380645752 1.5320594310760498
v -0.15832853317260742 1.0716426372528076 1.5598429441452026
v -0.08960290998220444 0.9940000176429749 1.4947352409362793
v -0.09893738478422165 1.0934374332427979 1.4956250190734863
v -0.09809018671512604 1.0951353311538696 1.5104098320007324
v -0.11375528573989868 1.0410815477371216 1.6252447366714478
v -0.08542217314243317 1.052688717842102 1.5169999599456787
v -0.08353853225708008 1.0746155977249146 1.4780385494232178
v -0.1264825165271759 0.9975000023841858 1.5324825048446655
v -0.10925369709730148 0.9701268672943115 1.5234925746917725
v -0.051786862313747406 0.9890000224113464 1.5034754276275635
v -0.06432405859231949 0.9669413566589355 1.5481759309768677
v -0.06537865102291107 0.9884999990463257 1.495310664176941
v -0.14800000190734863 1.0593924522399902 1.5355000495910645
v -0.04544271528720856 0.9620381593704224 1.5224617719650269
v -0.10722117871046066 1.0195000171661377 1.5419158935546875
v -0.09873874485492706 0.9985450506210327 1.541238784790039
v -0.07196157425642014 0.9855127930641174 1.6009615659713745
v -0.13537068665027618 0.9788534641265869 1.5786120891571045
v -0.13739916682243347 1.0205966234207153 1.5421009063720703
v -0.05170873925089836 1.0150824785232544 1.5249176025390625
v -0.1502477079629898 1.0343692302703857 1.5656261444091797
v -0.08889958262443542 1.065299153327942 1.5153001546859741
v -0.026500003412365913 0.9711926579475403 1.5429999828338623
v -0.12736551463603973 0.9750000238418579 1.5332982540130615
v -0.04675387591123581 0.9629999995231628 1.5712538957595825
v -0.13508622348308563 1.0046436786651611 1.542528748512268
v -0.029713386669754982 0.9852865934371948 1.530643343925476
v -0.03524135798215866 0.9879137873649597 1.516758680343628
v -0.010823160409927368 1.0384999513626099 1.5265706777572632
v -0.13908398151397705 1.0834159851074219 1.5119580030441284
v -0.05979864299297333 0.9680520296096802 1.5045971870422363
v -0.11644883453845978 0.9767557978630066 1.60160231590271
v -0.014864923432469368 1.0374460220336914 1.5264999866485596
v -0.0983722060918808 0.995042622089386 1.589127779006958
v -0.09300000220537186 0.9988557696342468 1.6187372207641602
v -0.09799938648939133 0.9951668977737427 1.5895006656646729
v -0.11130054295063019 1.0760027170181274 1.5381994247436523
v -0.017443887889385223 1.0399999618530273 1.519926905632019
v -0.08127959072589874 0.9854999780654907 1.6074265241622925
v -0.06355734169483185 0.996528685092926 1.5914427042007446
v -0.11400000005960464 1.005297303199768 1.5181013345718384
v -0.09696705639362335 0.9949890375137329 1.4999780654907227
v -0.08399999886751175 1.0421870946884155 1.5180000066757202
v -0.1342909038066864 1.0836635828018188 1.5579999685287476
v -0.09227930754423141 1.0148828029632568 1.6234413385391235
v -0.038776177912950516 0.9631381034851074 1.5322238206863403
v -0.13667772710323334 1.0980000495910645 1.5306776762008667
v -0.15014231204986572 1.02145254611969 1.5600948333740234
v -0.1434428095817566 1.0264999866485596 1.5857287645339966
v -0.0537446066737175 0.9890000224113464 1.502170205116272
v -0.08436074107885361 1.076901912689209 1.4786803722381592
v -0.12071813642978668 1.013045310974121 1.5821090936660767
v -0.06644436717033386 0.9664999842643738 1.5151851177215576
v -0.13402864336967468 0.9732356667518616 1.543792963027954
v -0.011350300163030624 1.0099490880966187 1.5361497402191162
v -0.10273022204637527 0.9959999918937683 1.5065953731536865
v -0.015580723062157631 1.0131289958953857 1.5185807943344116
v -0.03415939211845398 1.0319201946258545 1.5058804750442505
v -0.0030392587650567293 1.0249607563018799 1.5345523357391357
v -0.10372340679168701 1.0973155498504639 1.4984078407287598
v -0.04192579165101051 0.9639999866485596 1.5280742645263672
v -0.1454755961894989 1.0255244970321655 1.5795488357543945
v -0.08086676150560379 0.9672664999961853 1.4996002912521362
v -0.07949692010879517 0.971665620803833 1.5366686582565308
v -0.13588488101959229 0.9703848958015442 1.5639604330062866
v -0.13395118713378906 1.0822559595108032 1.5580488443374634
v -0.12477173656225204 1.019315242767334 1.5835000276565552
v -0.07502041757106781 0.9660102128982544 1.5789796113967896
v -0.1454227864742279 0.993922770023346 1.5609999895095825
v -0.04622715339064598 0.9648635983467102 1.5252728462219238
v -0.10520598292350769 1.0198969841003418 1.5394119024276733
v -0.11400000005960464 1.0102754831314087 1.5559897422790527
v -0.09099999815225601 0.96633380651474 1.606750726699829
v -0.07277114689350128 0.9943192601203918 1.5818192958831787
v -0.07582321763038635 0.9703821539878845 1.5391178131103516
v -0.11400000005960464 1.0279103517532349 1.635568380355835
v -0.11449301242828369 1.0894720554351807 1.5345139503479004
v -0.13918060064315796 0.9954074621200562 1.5804537534713745
v -0.060999996960163116 0.959850549697876 1.5843505859375
v -0.1091831848025322 0.9651831984519958 1.590499997138977
v -0.11669471114873886 1.0190000534057617 1.5151946544647217
v -0.07899999618530273 0.9856175184249878 1.6130000352859497
v -0.08849471062421799 0.9725000262260437 1.529836893081665
v -0.09204886108636856 0.9846748113632202 1.6141748428344727
v -0.14800000190734863 1.059512972831726 1.5355000495910645
v -0.01653045415878296 1.00020432472229 1.534999966621399
v -0.031031250953674316 0.9836249947547913 1.530843734741211
v -0.09400000423192978 0.9903524518013 1.6162841320037842
v -0.15275084972381592 1.0863736867904663 1.549750804901123
v -0.04398423433303833 0.9858281016349792 1.576484203338623
v -0.12772385776042938 1.053895354270935 1.5602760314941406
v -0.037631016224622726 0.9879999756813049 1.514369010925293
v -0.02724332921206951 0.9922166466712952 1.5477700233459473
v -0.09099999815225601 0.9656791687011719 1.6057686805725098
v -0.13818210363388062 1.074364185333252 1.512158989906311
v -0.037955086678266525 0.9736796617507935 1.5144550800323486
v -0.12112712860107422 0.9977090358734131 1.5259181261062622
v -0.13327667117118835 1.0788832902908325 1.558500051498413
v -0.15236994624137878 1.0443497896194458 1.565500020980835
v -0.033044032752513885 0.983514666557312 1.561058759689331
v -0.11467236280441284 1.068534255027771 1.4936723709106445
v -0.05916498973965645 0.9944433569908142 1.5952783823013306
v -0.11600000411272049 0.9793415665626526 1.6027276515960693
v -0.1553874909877777 1.0824187994003296 1.5525813102722168
v -0.06574005633592606 1.0085198879241943 1.511240005493164
v -0.12708035111427307 0.9695401787757874 1.571040153503418
v -0.06127629429101944 0.9860000014305115 1.5933881998062134
v -0.09600000083446503 1.031212568283081 1.494153618812561
v -0.1155727282166481 1.0723636150360107 1.49399995803833
v -0.11532069742679596 0.9736413955688477 1.51335871219635
v -0.03091483563184738 1.017425775527954 1.5420000553131104
v -0.054553695023059845 0.9890000224113464 1.50144624710083
v -0.15005429089069366 1.0237364768981934 1.5734456777572632
v -0.03045060485601425 1.0196481943130493 1.5419507026672363
v -0.1391727775335312 1.0763455629348755 1.5119999647140503
v -0.11586835235357285 0.9747366905212402 1.512263298034668
v -0.13098540902137756 1.064463496208191 1.559499979019165
v -0.04869391769170761 0.9885969758033752 1.5058060884475708
v -0.08008493483066559 0.9717451930046082 1.49416983127594
v -0.03049999289214611 1.0033326148986816 1.5453612804412842
v -0.09626144170761108 0.9947538375854492 1.4995076656341553
v -0.06700000166893005 0.9967873096466064 1.5158851146697998
v -0.09734569489955902 1.091518521308899 1.4943456649780273
v -0.03070056065917015 1.0346497297286987 1.5086497068405151
v -0.10335588455200195 0.9899235367774963 1.61221182346344
v -0.1338348388671875 1.0204999446868896 1.5415022373199463
v -0.08507025986909866 1.007351279258728 1.5263595581054688
v -0.02973039261996746 0.9865000247955322 1.5233087539672852
v -0.10038485378026962 0.9725000262260437 1.5061283111572266
v -0.13227619230747223 1.0645349025726318 1.5140000581741333
v -0.09215272963047028 1.0813055038452148 1.5126736164093018
v -0.07646443694829941 0.9821066856384277 1.4900000095367432
v -0.09200000017881393 1.019822120666504 1.6254287958145142
v -0.13086475431919098 0.9714863300323486 1.5733647346496582
v -0.06618859618902206 1.005245566368103 1.512377142906189
v -0.12088087946176529 0.9923452138900757 1.566499948501587
v -0.1260930448770523 1.0204999446868896 1.530889630317688
v -0.09600000083446503 1.0310856103897095 1.4941898584365845
v -0.15215694904327393 1.0054854154586792 1.5593284368515015
v -0.1268477588891983 1.05073881149292 1.5609999895095825
v -0.08192586898803711 1.0596293210983276 1.4815741777420044
v -0.12950000166893005 0.983781635761261 1.5284563302993774
v -0.03154981881380081 1.0341334342956543 1.5081335306167603
v -0.10861595720052719 0.9790797829627991 1.502884030342102
v -0.10649999976158142 1.0376484394073486 1.5414628982543945
v -0.1351139098405838 0.977569580078125 1.5778417587280273
v -0.08678456395864487 0.9900711178779602 1.5367845296859741
v -0.09675920009613037 1.035555124282837 1.493499994277954
v -0.026500003412365913 0.9819999933242798 1.5524141788482666
v -0.12243977934122086 0.96781325340271 1.5679397583007812
v -0.1051243394613266 1.0598729848861694 1.5399999618530273
v -0.12005100399255753 1.0381497144699097 1.6207993030548096
v -0.14255084097385406 0.9731016755104065 1.5620254278182983
v -0.13625945150852203 0.9707594513893127 1.562721610069275
v -0.02227167971432209 1.0064855813980103 1.5235145092010498
v -0.06034199148416519 0.9616580009460449 1.586487054824829
v -0.08049999922513962 0.9702860713005066 1.4952138662338257
v -0.0844472348690033 1.0457888841629028 1.5175527334213257
v -0.12635020911693573 1.1009999513626099 1.5192753076553345
v -0.0509801022708416 0.9629999995231628 1.5774402618408203
v -0.1185000017285347 0.9791000485420227 1.5099999904632568
v -0.09054002910852432 0.9950000047683716 1.5996133089065552
v -0.06201199069619179 0.9960039854049683 1.592988133430481
v -0.08150000125169754 1.0400314331054688 1.486367106437683
v -0.1314191073179245 1.066176414489746 1.559499979019165
v -0.15632176399230957 1.0915347337722778 1.5358564853668213
v -0.043260764330625534 0.9917392134666443 1.5362176895141602
v -0.09281330555677414 0.9904999732971191 1.542734980583191
v -0.08031131327152252 0.9917547106742859 1.4866225719451904
v -0.13577672839164734 0.9915000200271606 1.5861116647720337
v -0.07685582339763641 0.9929999709129333 1.5781440734863281
v -0.10358964651823044 1.0515896081924438 1.4914103746414185
v -0.06711263209581375 0.9658708572387695 1.5121126174926758
v -0.058827802538871765 0.9887069463729858 1.5275861024856567
v -0.1322464793920517 1.064495325088501 1.5140000581741333
v -0.06112145632505417 1.0215946435928345 1.4906892776489258
v -0.13805273175239563 1.0853945016860962 1.5119999647140503
v -0.15649999678134918 1.0833770036697388 1.534000039100647
v -0.13567617535591125 1.0318238735198975 1.6024857759475708
v -0.04236922040581703 0.9624999761581421 1.564803957939148
v -0.029500000178813934 1.02518630027771 1.5405522584915161
v -0.03507332131266594 0.9840366840362549 1.5646100044250488
v -0.09750036895275116 1.0940008163452148 1.5109996795654297
v -0.09099999815225601 0.9656628370285034 1.6057442426681519
v -0.10143399983644485 0.994022011756897 1.5860660076141357
v -0.10756336897611618 0.966687798500061 1.59762442111969
v -0.03700000420212746 0.9783207774162292 1.5134999752044678
v -0.058093246072530746 1.000360131263733 1.4935932159423828
v -0.15547716617584229 1.093284249305725 1.5370228290557861
v -0.06823181360960007 0.995884120464325 1.585768222808838
v -0.08049999922513962 0.9703387022018433 1.4951612949371338
v -0.024420155212283134 1.0377899408340454 1.512934923171997
v -0.029472339898347855 1.0255693197250366 1.540472388267517
v -0.06337393075227737 0.9964579939842224 1.5916260480880737
v -0.07750514149665833 0.9710017442703247 1.537996530532837
v -0.07806997746229172 1.003580093383789 1.4840699434280396
v -0.082698293030262 0.9894999861717224 1.5317643880844116
v -0.07435952126979828 1.0220468044281006 1.5038594007492065
v -0.09549999982118607 0.9778999090194702 1.4906002283096313
v -0.008617237210273743 1.0342129468917847 1.527191400527954
v -0.09300000220537186 0.9680423140525818 1.5028307437896729
v -0.032499995082616806 1.0199309587478638 1.4995862245559692
v -0.12094881385564804 0.9745170474052429 1.5259487628936768
v -0.11483964323997498 1.1035000085830688 1.5067862272262573
v -0.06304272264242172 0.9614572525024414 1.5928140878677368
v -0.11332112550735474 1.0643028020858765 1.4928210973739624
v -0.09549999982118607 0.9765782356262207 1.491614580154419
v -0.06700000166893005 0.990347683429718 1.5206522941589355
v -0.13963718712329865 1.0774115324020386 1.511862874031067
v -0.15103745460510254 1.0366872549057007 1.565500020980835
v -0.11384088546037674 1.06560218334198 1.4933408498764038
v -0.11116303503513336 0.9735000133514404 1.5463370084762573
v -0.14601202309131622 1.0425480604171753 1.5359879732131958
v -0.0820000022649765 1.063834309577942 1.4800828695297241
v -0.11578797549009323 1.0403079986572266 1.6238080263137817
v -0.044121380895376205 0.9892928600311279 1.5347929000854492
v -0.04564439877867699 0.9645721912384033 1.5258556604385376
v -0.14000000059604645 1.078922152519226 1.5115000009536743
v -0.037406906485557556 0.9757792949676514 1.5139069557189941
v -0.12655866146087646 0.9695000052452087 1.5814412832260132
v -0.10322868824005127 0.9713191390037537 1.5531809329986572
v -0.15470300614833832 1.07950758934021 1.534500002861023
v -0.07312943041324615 0.9854999780654907 1.6021294593811035
v -0.10746932029724121 0.9900000095367432 1.5574591159820557
v -0.047429248690605164 0.9954999685287476 1.5671780109405518
v -0.11625588685274124 0.9865235686302185 1.5867440700531006
v -0.08399999886751175 1.0380736589431763 1.517268419265747
v -0.07990217208862305 0.9904510974884033 1.4892255067825317
v -0.10399999469518661 1.0538201332092285 1.5397266149520874
v -0.0910317599773407 1.0771905183792114 1.5130000114440918
v -0.09546137601137161 0.9944999814033508 1.498961329460144
v -0.15338890254497528 1.0489444732666016 1.5646110773086548
v -0.09680958092212677 0.9735000133514404 1.5234602689743042
v -0.08535295724868774 1.0059411525726318 1.5264999866485596
v -0.13504132628440857 0.9915000200271606 1.5864793062210083
v -0.07893051952123642 0.9988473653793335 1.4849305152893066
v -0.08568195253610611 0.9725000262260437 1.5317120552062988
v -0.06469933688640594 0.9667330980300903 1.5110337734222412
v -0.037449274212121964 0.9629999995231628 1.53355073928833
v -0.1459498405456543 1.0422993898391724 1.5361002683639526
v -0.14717213809490204 0.9846885800361633 1.5646721124649048
v -0.1033240482211113 1.0131202936172485 1.600324034690857
v -0.15384764969348907 1.0083905458450317 1.5593476295471191
v -0.027195757254958153 0.9897394180297852 1.5488041639328003
v -0.1166391670703888 0.9880566596984863 1.5863608121871948
v -0.14808760583400726 0.9968504309654236 1.5604124069213867
v -0.1448635756969452 1.09463632106781 1.539772629737854
v -0.12267637252807617 1.0366272926330566 1.5605000257492065
v -0.023038065060973167 0.984499990940094 1.5354492664337158
v -0.10249999910593033 1.0216513872146606 1.6024999618530273
v -0.11185973882675171 1.0195000171661377 1.5473597049713135
v -0.11800000071525574 1.1001601219177246 1.528559923171997
v -0.14965540170669556 1.06696617603302 1.5358445644378662
v -0.12340831011533737 0.9908777475357056 1.5944082736968994
v -0.03517204523086548 0.9923360347747803 1.5452460050582886
v -0.040970999747514725 0.9962934851646423 1.5114420652389526
v -0.02678375504910946 0.9854999780654907 1.5274549722671509
v -0.08513092249631882 0.9841845631599426 1.6109464168548584
v -0.09331365674734116 0.9691272974014282 1.4997453689575195
v -0.11464907974004745 1.1024999618530273 1.4982339143753052
v -0.027601169422268867 0.985550582408905 1.5263482332229614
v -0.030055243521928787 1.0349724292755127 1.508972406387329
v -0.1444283425807953 1.0260000228881836 1.5822865962982178
v -0.11617124825716019 1.0190000534057617 1.5146712064743042
v -0.11223437637090683 1.1028164625167847 1.4999492168426514
v -0.1117715984582901 1.0780863761901855 1.5379999876022339
v -0.11397366225719452 0.996999979019165 1.519973635673523
v -0.05199780315160751 0.9629999995231628 1.5789966583251953
v -0.08204752206802368 1.0206787586212158 1.4918212890625
v -0.11097458004951477 0.9669745564460754 1.5919746160507202
v -0.04227470979094505 0.9927253127098083 1.5388132333755493
v -0.06519919633865356 0.9657669067382812 1.5104660987854004
v -0.12998943030834198 0.9919999837875366 1.5925105810165405
v -0.11654379963874817 1.0190000534057617 1.5150437355041504
v -0.08150000125169754 1.0441690683364868 1.4854662418365479
v -0.04479430243372917 1.027500033378601 1.4982056617736816
v -0.10608133673667908 1.0367907285690308 1.6043063402175903
v -0.1320715993642807 0.9739283919334412 1.5401432514190674
v -0.038638412952423096 1.0020848512649536 1.5067768096923828
v -0.15420480072498322 1.0943975448608398 1.5380964279174805
v -0.13551202416419983 0.9725000262260437 1.547024130821228
v -0.1495375782251358 1.0005751848220825 1.559499979019165
v -0.03642687946557999 1.0101828575134277 1.5024269819259644
v -0.11250000447034836 0.9985328316688538 1.556508183479309
v -0.1420503556728363 0.9950000047683716 1.5525503158569336
v -0.03689051792025566 0.957703173160553 1.5434999465942383
v -0.04072890058159828 0.9879999756813049 1.5121806859970093
v -0.14139050245285034 1.031585693359375 1.5398046970367432
v -0.07243455201387405 0.9854999780654907 1.601434588432312
v -0.0947587639093399 0.9692529439926147 1.5597412586212158
v -0.15661543607711792 1.0805768966674805 1.5544230937957764
v -0.10206475853919983 1.0500648021697998 1.491978406906128
v -0.05054616928100586 0.9629999995231628 1.5761384963989258
v -0.12814213335514069 0.9695000052452087 1.5792157649993896
v -0.13998030126094818 0.9954999685287476 1.5489212274551392
v -0.03766229748725891 1.0058507919311523 1.5043245553970337
v -0.03099999763071537 1.0115102529525757 1.54299795627594
v -0.12791495025157928 0.9917287230491638 1.5943137407302856
v -0.09421902894973755 0.9956095218658447 1.5950618982315063
v -0.05141064524650574 0.9898744821548462 1.529089331626892
v -0.0990583524107933 1.0195000171661377 1.5312445163726807
v -0.12143724411725998 1.1009999513626099 1.523541808128357
v -0.11491624265909195 1.0406945943832397 1.6243891716003418
v -0.09290911257266998 0.9904999732971191 1.5592879056930542
v -0.07216149568557739 1.0227794647216797 1.502500057220459
v -0.11372342705726624 0.9735000133514404 1.5172234773635864
v -0.12396306544542313 0.9898086786270142 1.5970369577407837
v -0.05708909407258034 0.9792227149009705 1.4975444078445435
v -0.10639433562755585 1.0184999704360962 1.506394386291504
v -0.15143166482448578 1.0386583805084229 1.565500020980835
v -0.13516837358474731 1.0128366947174072 1.6086684465408325
v -0.07872312515974045 0.9831446409225464 1.6059339046478271
v -0.0828557088971138 0.972000002861023 1.5336443185806274
v -0.06600606441497803 1.0115363597869873 1.5099878311157227
v -0.10155346244573593 1.0043836832046509 1.5994999408721924
v -0.11969869583845139 1.0196987390518188 1.5190961360931396
v -0.03700000420212746 0.9803110957145691 1.5134999752044678
v -0.11227985471487045 1.1028050184249878 1.4999151229858398
v -0.11549999564886093 1.093173623085022 1.5330653190612793
v -0.08901506662368774 1.0195000171661377 1.5185201168060303
v -0.04236190393567085 0.9947872757911682 1.5723507404327393
v -0.12100190669298172 1.0137547254562378 1.582250952720642
v -0.046724092215299606 0.9884999990463257 1.5077760219573975
v -0.13623444736003876 0.9707344770431519 1.5606722831726074
v -0.07470539957284927 0.9696369171142578 1.539863109588623
v -0.0789092630147934 0.9714697599411011 1.5370603799819946
v -0.13599999248981476 0.9715971946716309 1.5568888187408447
v -0.05966080725193024 0.9664999842643738 1.5181130170822144
v -0.03049999289214611 0.9904404282569885 1.5467599630355835
v -0.09477612376213074 0.9944999814033508 1.4982761144638062
v -0.032956045120954514 0.987500011920929 1.5190439224243164
v -0.10130186378955841 0.9662004709243774 1.6010990142822266
v -0.03887416049838066 0.9712516665458679 1.5153740644454956
v -0.08777996152639389 0.9936400055885315 1.4936399459838867
v -0.037682678550481796 0.9913173317909241 1.5278173685073853
v -0.11908134818077087 1.0195000171661377 1.5180813074111938
v -0.07071562111377716 0.9859281182289124 1.5997155904769897
v -0.04646064341068268 0.9599999785423279 1.5665394067764282
v -0.07913828641176224 0.997808575630188 1.4851382970809937
v -0.1283392310142517 0.9750000238418579 1.5351784229278564
v -0.03049999289214611 0.9915536642074585 1.546574354171753
v -0.086103156208992 0.9947063326835632 1.5260000228881836
v -0.08049999922513962 0.9685862064361572 1.4969137907028198
v -0.100983165204525 1.0190000534057617 1.4996123313903809
v -0.10476037114858627 1.0471980571746826 1.5405000448226929
v -0.010908765718340874 1.0113649368286133 1.5364999771118164
v -0.13325516879558563 0.9714183807373047 1.5481631755828857
v -0.02961411327123642 0.9865000247955322 1.5236576795578003
v -0.1060771644115448 0.9900000095367432 1.5556029081344604
v -0.10703492909669876 0.9899650812149048 1.5039650201797485
v -0.032499995082616806 1.0211647748947144 1.4998329877853394
v -0.023781754076480865 1.005218267440796 1.5245211124420166
v -0.05818048119544983 1.0226597785949707 1.4921597242355347
v -0.07654913514852524 0.9706830382347107 1.538633942604065
v -0.09200000017881393 1.0213468074798584 1.6263978481292725
v -0.11639055609703064 1.0764527320861816 1.49399995803833
v -0.06438009440898895 0.9666267037391663 1.5112465620040894
v -0.016088422387838364 1.0397942066192627 1.5221173763275146
v -0.12436261773109436 1.0413131713867188 1.56086266040802
v -0.10710135847330093 0.9899493455886841 1.565050721168518
v -0.07708244025707245 0.9803351163864136 1.4905412197113037
v -0.11974098533391953 1.0049638748168945 1.5832589864730835
v -0.022969087585806847 0.9835309386253357 1.5371544361114502
v -0.09991315007209778 0.9904999732971191 1.5493696928024292
v -0.06700000166893005 0.9956837296485901 1.516408085823059
v -0.060614295303821564 0.9860000014305115 1.5930572748184204
v -0.11980900168418884 1.038230299949646 1.6209607124328613
v -0.1449299305677414 1.010219693183899 1.585359811782837
v -0.11395664513111115 0.996999979019165 1.5199565887451172
v -0.08911047130823135 0.9940000176429749 1.4944069385528564
v -0.07729452103376389 0.9894999861717224 1.526595950126648
v -0.1050165668129921 0.9934999942779541 1.5824834108352661
v -0.12853871285915375 1.0081548690795898 1.5680387020111084
v -0.1285286247730255 0.977171778678894 1.527999997138977
v -0.08317158371210098 1.0183137655258179 1.493686318397522
v -0.05993838235735893 0.9620000123977661 1.5870616436004639
v -0.06675701588392258 1.003229022026062 1.5132570266723633
v -0.08099020272493362 0.988548994064331 1.4879803657531738
v -0.05823461711406708 0.9885586500167847 1.527882695198059
v -0.09869720786809921 0.9987111687660217 1.5411971807479858
v -0.056945692747831345 1.0031086206436157 1.4919456243515015
v -0.10560090094804764 1.0331053733825684 1.5422981977462769
v -0.12690986692905426 0.9959098696708679 1.59840989112854
v -0.11689044535160065 1.0789521932601929 1.4936095476150513
v -0.10585248470306396 1.0620574951171875 1.5399999618530273
v -0.13650000095367432 0.9710000157356262 1.5538651943206787
v -0.08969014883041382 1.0670703649520874 1.5149049758911133
v -0.03788082301616669 0.9664766788482666 1.5714999437332153
v -0.1289726197719574 0.9688150882720947 1.551184892654419
v -0.08399999886751175 1.0364532470703125 1.5169999599456787
v -0.06031544879078865 0.9950000047683716 1.5946844816207886
v -0.1005856990814209 0.9660214185714722 1.601457118988037
v -0.05199999362230301 1.0136240720748901 1.5256752967834473
v -0.06963349133729935 0.9927888512611389 1.5480775833129883
v -0.1508321464061737 1.003164291381836 1.5593339204788208
v -0.09866711497306824 0.9988315105438232 1.541167140007019
v -0.07515936344861984 0.9894999861717224 1.5247198343276978
v -0.10131891816854477 1.0199999809265137 1.5344252586364746
v -0.060616593807935715 0.9664999842643738 1.5177944898605347
v -0.0411691851913929 0.9959962368011475 1.5118383169174194
v -0.09400000423192978 0.9701262712478638 1.4973315000534058
v -0.04338300600647926 0.9644414782524109 1.527058482170105
v -0.13504789769649506 1.0855958461761475 1.5577260255813599
v -0.10436895489692688 1.0567137002944946 1.5394999980926514
v -0.09692401438951492 1.090949296951294 1.4939240217208862
v -0.03550000488758087 0.9629999995231628 1.5380182266235352
v -0.12078653275966644 1.1024999618530273 1.512573003768921
v -0.09867765754461288 1.0356776714324951 1.6330000162124634
v -0.07671687752008438 0.9929999709129333 1.5782830715179443
v -0.09455909579992294 1.086618185043335 1.5119999647140503
v -0.0826568678021431 1.0204476118087769 1.5107091665267944
v -0.027102913707494736 0.9876028895378113 1.548465609550476
v -0.036711301654577255 0.9620000123977661 1.5553451776504517
v -0.12359101325273514 1.0382729768753052 1.5605000257492065
v -0.07836508005857468 0.9894999861717224 1.5273988246917725
v -0.06700000166893005 0.9985201358795166 1.515191912651062
v -0.026751801371574402 0.986253023147583 1.5492494106292725
v -0.055000003427267075 1.011764407157898 1.4890471696853638
v -0.09349999576807022 0.9664999842643738 1.5088783502578735
v -0.12627193331718445 0.9695000052452087 1.5817281007766724
v -0.07386551797389984 0.9854999780654907 1.6027436256408691
v -0.11094729602336884 1.0392236709594727 1.6047236919403076
v -0.12961675226688385 1.0145838260650635 1.5696167945861816
v -0.1454942524433136 1.0940057039260864 1.540988564491272
v -0.03574381023645401 1.0118905305862427 1.5017437934875488
v -0.1475469470024109 1.0221132040023804 1.5576602220535278
v -0.029739972203969955 1.0217801332473755 1.5412399768829346
v -0.13897621631622314 1.0295000076293945 1.5963094234466553
v -0.1314026415348053 1.0026040077209473 1.6029026508331299
v -0.14920294284820557 1.0218985080718994 1.5592029094696045
v -0.07910430431365967 0.9850000143051147 1.612687110900879
v -0.10910079628229141 0.9672002792358398 1.5965994596481323
v -0.15753883123397827 1.068155288696289 1.560961127281189
v -0.0936071127653122 0.9946786761283875 1.6174999475479126
v -0.05725206062197685 0.9884999990463257 1.528498649597168
v -0.05534086376428604 1.0064548254013062 1.490681767463684
v -0.04002978652715683 1.0282350778579712 1.5017350912094116
v -0.10576459765434265 1.0617938041687012 1.5399999618530273
v -0.06276872754096985 0.9664999842643738 1.5497312545776367
v -0.06706327199935913 0.9664999842643738 1.5149683952331543
v -0.1047535315155983 1.0472322702407837 1.5405000448226929
v -0.04347354918718338 0.9627367854118347 1.566710352897644
v -0.0759519711136818 0.9641440510749817 1.6025480031967163
v -0.08100000023841858 0.9842440485954285 1.4908170700073242
v -0.03858763724565506 0.9887629151344299 1.5767370462417603
v -0.13673923909664154 1.0718587636947632 1.5128803253173828
v -0.12807169556617737 1.0062867403030396 1.5675716400146484
v -0.0900803953409195 1.0195000171661377 1.5199404954910278
v -0.10900000482797623 0.9855136275291443 1.502500057220459
v -0.02132699266076088 1.0390433073043823 1.5157161951065063
v -0.11600000411272049 1.0157575607299805 1.6291029453277588
v -0.1092611774802208 0.982955276966095 1.5022388696670532
v -0.07077417522668839 0.9859086275100708 1.5997741222381592
v -0.0760902464389801 0.9639999866485596 1.5970300436019897
v -0.03616009280085564 0.9579466581344604 1.5434999465942383
v -0.1020517498254776 1.0199999809265137 1.5354022979736328
v -0.13499999046325684 0.9700000286102295 1.5693259239196777
v -0.11332133412361145 0.9904106855392456 1.5666426420211792
v -0.08343177288770676 0.9721439480781555 1.5332121849060059
v -0.10824321955442429 0.9900000095367432 1.5582432746887207
v -0.13936954736709595 1.091869592666626 1.553695797920227
v -0.04431544989347458 0.9930922985076904 1.5167231559753418
v -0.04442539066076279 0.9930372834205627 1.5168880224227905
v -0.13390439748764038 1.0677610635757446 1.5140000581741333
v -0.15245923399925232 1.0868111848831177 1.5494592189788818
v -0.03637801483273506 0.992414653301239 1.5287073850631714
v -0.08648701757192612 1.0807305574417114 1.4799870252609253
v -0.09706327319145203 1.0371897220611572 1.4935632944107056
v -0.12701740860939026 0.9915043711662292 1.594986915588379
v -0.055000003427267075 1.0097225904464722 1.4894554615020752
v -0.043274205178022385 0.961362898349762 1.5692943334579468
v -0.11400000005960464 1.0112197399139404 1.5163121223449707
v -0.07357865571975708 0.9894999861717224 1.5241929292678833
v -0.14160023629665375 0.9999669790267944 1.5822335481643677
v -0.14939537644386292 1.0973023176193237 1.5421046018600464
v -0.11587152630090714 1.0962430238723755 1.5321284532546997
v -0.10156836360692978 1.034841775894165 1.4939316511154175
v -0.04307934269309044 0.9939206838607788 1.5149390697479248
v -0.06440942734479904 0.9666364789009094 1.511227011680603
v -0.1106952577829361 1.0585857629776 1.4911953210830688
v -0.11857050657272339 0.9856474995613098 1.5103590488433838
v -0.11497899144887924 1.0225629806518555 1.6330419778823853
v -0.1395762860774994 1.0829237699508667 1.511711835861206
v -0.10555769503116608 1.0437692403793335 1.5410577058792114
v -0.09300000220537186 0.9679999947547913 1.5034996271133423
v -0.09397368878126144 0.968991219997406 1.5605175495147705
v -0.11646313220262527 0.9766843914985657 1.6015737056732178
v -0.06500484049320221 0.9668349623680115 1.5108301639556885
v -0.02965409681200981 0.9901540875434875 1.5476152896881104
v -0.09099999815225601 0.966020405292511 1.6062806844711304
v -0.04750119894742966 0.9629999995231628 1.5224988460540771
v -0.124994195997715 1.0444767475128174 1.5125000476837158
v -0.048114899545907974 0.9630383253097534 1.5218850374221802
v -0.14566577970981598 1.0411630868911743 1.5366684198379517
v -0.08987443894147873 0.9940000176429749 1.494916319847107
v -0.14399726688861847 1.0260027647018433 1.5840082168579102
v -0.0975538045167923 1.0347025394439697 1.632851243019104
v -0.022142281755805016 1.0387859344482422 1.5148576498031616
v -0.13426728546619415 1.0835691690444946 1.5579999685287476
v -0.11934628337621689 1.1007821559906006 1.5253716707229614
v -0.04711896926164627 1.0269999504089355 1.4969404935836792
v -0.0986269935965538 0.9904999732971191 1.547720193862915
v -0.03049999289214611 0.9991199970245361 1.5456759929656982
v -0.08757787942886353 0.9954999685287476 1.5999220609664917
v -0.09957453608512878 1.0190000534057617 1.4985558986663818
v -0.07656709849834442 0.9664999842643738 1.5774328708648682
v -0.09453504532575607 0.9726402163505554 1.4939298629760742
v -0.09304135292768478 0.9894586205482483 1.4953346252441406
v -0.09549999982118607 0.9770140647888184 1.4913240671157837
v -0.10399999469518661 1.053381323814392 1.5398728847503662
v -0.08546843379735947 1.0055947303771973 1.5264999866485596
v -0.10787300765514374 1.0414682626724243 1.6305952072143555
v -0.05672747641801834 0.9664999842643738 1.5193862915039062
v -0.10626794397830963 1.0184999704360962 1.5062679052352905
v -0.07168829441070557 0.985603928565979 1.6006882190704346
v -0.11686435341835022 0.9904322028160095 1.5667839050292969
v -0.11500000208616257 1.0177133083343506 1.5154999494552612
v -0.05108094960451126 1.0163381099700928 1.5236618518829346
v -0.048373881727457047 1.0217522382736206 1.5195608139038086
v -0.060999996960163116 0.9599540829658508 1.58445405960083
v -0.0930190458893776 0.9904999732971191 1.5591413974761963
v -0.1145000010728836 1.0264637470245361 1.6349855661392212
v -0.1351400762796402 1.0323599576950073 1.6032898426055908
v -0.08124857395887375 1.0209171772003174 1.5088313817977905
v -0.13639158010482788 1.0204999446868896 1.5457831621170044
v -0.11531350761651993 1.1020820140838623 1.4978954792022705
v -0.1482158899307251 1.0912131071090698 1.5452158451080322
v -0.15607479214668274 1.092275619506836 1.5363503694534302
v -0.13709048926830292 0.9925000071525574 1.5831142663955688
v -0.10608186572790146 1.0415908098220825 1.5414180755615234
v -0.023000003769993782 0.9829999804496765 1.5434718132019043
v -0.04239833354949951 0.9624999761581421 1.5648475885391235
v -0.03049999289214611 1.0008987188339233 1.5455000400543213
v -0.10167954117059708 1.0353976488113403 1.4938204288482666
v -0.10031821578741074 1.0984772443771362 1.5081818103790283
v -0.10171259194612503 1.0494252443313599 1.4922873973846436
v -0.07946205139160156 0.9921793341636658 1.575037956237793
v -0.09259293228387833 0.9720232486724854 1.5025233030319214
v -0.10548215359449387 0.9934999942779541 1.5820178985595703
v -0.04101468250155449 0.9854999780654907 1.573014736175537
v -0.12838688492774963 1.0569343566894531 1.559999942779541
v -0.08049999922513962 0.9700784087181091 1.4954216480255127
v -0.11155296862125397 0.9681059122085571 1.5937118530273438
v -0.0687435194849968 1.0179188251495361 1.4844188690185547
v -0.13251306116580963 1.0027565956115723 1.5422565937042236
v -0.05303677171468735 0.9635000228881836 1.5173088312149048
v -0.11498023569583893 1.0703814029693604 1.4939802885055542
v -0.11282431334257126 0.9681081175804138 1.5937838554382324
v -0.03539374843239784 0.9629999995231628 1.538925051689148
v -0.08040321618318558 1.0156006813049316 1.4837015867233276
v -0.12942297756671906 0.9893081188201904 1.5306540727615356
v -0.115501768887043 0.9817456007003784 1.6035000085830688
v -0.12758110463619232 1.1008063554763794 1.5189188718795776
v -0.14415590465068817 1.007123589515686 1.5841559171676636
v -0.040912140160799026 0.9963817596435547 1.5113242864608765
v -0.012397058308124542 1.007205843925476 1.5355000495910645
v -0.10665787011384964 0.9932807087898254 1.5810614824295044
v -0.05750962719321251 0.9749903678894043 1.4985096454620361
v -0.14650000631809235 1.0469342470169067 1.5355000495910645
v -0.11899827420711517 0.9916655421257019 1.566499948501587
v -0.15533015131950378 1.0146794319152832 1.5613397359848022
v -0.15365247428417206 1.094673752784729 1.5385106801986694
v -0.08836546540260315 0.9904999732971191 1.5659518241882324
v -0.05765145644545555 0.9894999861717224 1.4990113973617554
v -0.11160264164209366 1.0774105787277222 1.5379999876022339
v -0.07011638581752777 0.9636163711547852 1.5835753679275513
v -0.12298209965229034 1.0227410793304443 1.5639642477035522
v -0.04526427760720253 0.9629999995231628 1.5693963766098022
v -0.11478110402822495 1.0231566429138184 1.6334377527236938
v -0.023731330409646034 1.0381343364715576 1.5134515762329102
v -0.05316117778420448 0.9945592284202576 1.5628387928009033
v -0.07587403804063797 0.9704160094261169 1.5390839576721191
v -0.14424441754817963 0.9946277737617493 1.5559887886047363
v -0.06244143098592758 0.9925000071525574 1.5555390119552612
v -0.09338262677192688 0.9722206592559814 1.5027207136154175
v -0.11549999564886093 1.0914958715438843 1.5334007740020752
v -0.09680832177400589 1.0184999704360962 1.4957125186920166
v -0.10463318228721619 1.047834038734436 1.5405000448226929
v -0.12654875218868256 0.973048746585846 1.5299513339996338
v -0.11400000005960464 1.0088720321655273 1.55649995803833
v -0.071285180747509 0.9857382774353027 1.6002851724624634
v -0.1327449083328247 1.0764796733856201 1.558500051498413
v -0.052993424236774445 0.9890000224113464 1.5026710033416748
v -0.11701710522174835 1.0290855169296265 1.5150171518325806
v -0.13821616768836975 0.9959999918937683 1.54457426071167
v -0.13719825446605682 1.019793152809143 1.5423017740249634
v -0.10693369060754776 0.9664999842643738 1.5980663299560547
v -0.07213728874921799 0.9920907020568848 1.5462720394134521
v -0.14619813859462738 1.0224504470825195 1.5566486120224
v -0.0689999908208847 0.9929999709129333 1.5484999418258667
v -0.14011377096176147 1.0923068523406982 1.552579402923584
v -0.08836407214403152 1.0195000171661377 1.5175460577011108
v -0.1434774100780487 1.096022605895996 1.5374321937561035
v -0.08195065706968307 0.9792960286140442 1.49290132522583
v -0.07899999618530273 0.985859215259552 1.6130000352859497
v -0.14503952860832214 1.0259604454040527 1.580420970916748
v -0.14887551963329315 1.0242489576339722 1.575122356414795
v -0.006295653525739908 1.0194088220596313 1.5367956161499023
v -0.055139679461717606 1.0076619386672974 1.4902794361114502
v -0.11927652359008789 0.9749255180358887 1.5242019891738892
v -0.12687984108924866 1.0209399461746216 1.5844398736953735
v -0.14949999749660492 1.0655107498168945 1.5360000133514404
v -0.11435877531766891 1.0099351406097412 1.6252175569534302
v -0.15453951060771942 1.0521185398101807 1.5639604330062866
v -0.10680915415287018 0.9907633662223816 1.5041908025741577
v -0.07993373274803162 0.9602168798446655 1.5968494415283203
v -0.10262142866849899 1.0199999809265137 1.536182165145874
v -0.13599999248981476 0.9708361029624939 1.5592759847640991
v -0.03049999289214611 0.999849259853363 1.5455302000045776
v -0.15074782073497772 1.0698695182800293 1.5355000495910645
v -0.09576510637998581 0.9904999732971191 1.5456767082214355
v -0.1407298743724823 1.0214999914169312 1.5512298345565796
v -0.06315845251083374 0.9613415598869324 1.5929876565933228
v -0.09049999713897705 0.9706786274909973 1.6117357015609741
v -0.09059680998325348 0.9669032096862793 1.6082096099853516
v -0.08843515068292618 0.995354950428009 1.5989197492599487
v -0.101854607462883 1.0497092008590698 1.4921454191207886
v -0.10170219093561172 0.9663005471229553 1.6008988618850708
v -0.09099999815225601 1.0728204250335693 1.5135449171066284
v -0.024385349825024605 0.99081951379776 1.5551146268844604
v -0.08986392617225647 0.9725000262260437 1.5289239883422852
v -0.10740240663290024 0.9999024271965027 1.6181015968322754
v -0.12590119242668152 1.046252965927124 1.5609999895095825
v -0.1391456425189972 1.0211457014083862 1.5492912530899048
v -0.1346331387758255 0.9762662649154663 1.5767663717269897
v -0.10877786576747894 0.9798893332481384 1.502722144126892
v -0.09849999845027924 1.0061571598052979 1.5399999618530273
v -0.03783540427684784 1.0293322801589966 1.5032484531402588
v -0.10313019901514053 1.0173490047454834 1.6013697385787964
v -0.13752755522727966 0.9930413365364075 1.5795137882232666
v -0.13326752185821533 0.9967441558837891 1.5395116806030273
v -0.10238958895206451 0.9856687784194946 1.6108895540237427
v -0.10781161487102509 0.97746741771698 1.503344178199768
v -0.013805598951876163 1.038305640220642 1.5256943702697754
v -0.11439567804336548 0.9904999732971191 1.5709999799728394
v -0.03190597891807556 0.9872030019760132 1.5203909873962402
v -0.14039024710655212 0.9885243773460388 1.545109748840332
v -0.1516052782535553 1.0394210815429688 1.565500020980835
v -0.10200000554323196 0.9839526414871216 1.6103631258010864
v -0.01768193580210209 1.0113180875778198 1.5196819305419922
v -0.09838195145130157 1.0955729484558105 1.510118007659912
v -0.031341612339019775 0.9826138615608215 1.5579555034637451
v -0.10635963082313538 1.0369385480880737 1.5414999723434448
v -0.09049999713897705 0.9694918990135193 1.611487865447998
v -0.10718885064125061 0.9730629324913025 1.5111888647079468
v -0.11917782574892044 0.9884999990463257 1.6013221740722656
v -0.12719492614269257 1.1007683277130127 1.5204265117645264
v -0.10476968437433243 1.0585787296295166 1.5397696495056152
v -0.12049999833106995 1.01103937625885 1.5823651552200317
v -0.06041460111737251 0.9925000071525574 1.5569390058517456
v -0.10798315703868866 0.9890168309211731 1.5030168294906616
v -0.14179950952529907 0.9862005114555359 1.543300747871399
v -0.04125526174902916 0.9854999780654907 1.5732553005218506
v -0.13650000095367432 0.9703823328018188 1.560470700263977
v -0.08225985616445541 0.9949399828910828 1.6063001155853271
v -0.14926481246948242 1.0317944288253784 1.5664703845977783
v -0.1257506012916565 0.9975000023841858 1.5317505598068237
v -0.10607772320508957 0.9926334023475647 1.5049222707748413
v -0.1026369258761406 1.0266846418380737 1.6030000448226929
v -0.056407708674669266 0.9629999995231628 1.5849076509475708
v -0.04032871127128601 0.9685139060020447 1.5171574354171753
v -0.07994142919778824 0.9669804573059082 1.574539065361023
v -0.021445922553539276 1.007054090499878 1.5229640007019043
v -0.09300000220537186 0.9679999947547913 1.5034319162368774
v -0.03904269263148308 0.9654359817504883 1.5709999799728394
v -0.08433551341295242 0.9844451546669006 1.609890341758728
v -0.10410389304161072 1.052376627922058 1.5401039123535156
v -0.0534154511988163 0.9629999995231628 1.5806232690811157
v -0.15128886699676514 1.0379443168640137 1.565500020980835
v -0.13076965510845184 1.0982303619384766 1.5161151885986328
v -0.09942968934774399 1.0456445217132568 1.493499994277954
v -0.09549997746944427 0.9904999732971191 1.5454999208450317
v -0.11420019716024399 1.0128008127212524 1.5157997608184814
v -0.10709117352962494 1.0995911359786987 1.500227451324463
v -0.061922281980514526 0.9959481954574585 1.5930777788162231
v -0.05249999836087227 1.005927562713623 1.5276144742965698
v -0.03700000420212746 0.977027952671051 1.5134999752044678
v -0.12960109114646912 1.0610027313232422 1.5596994161605835
v -0.12211233377456665 0.9979438185691833 1.5266685485839844
v -0.11263880133628845 0.9735000133514404 1.5448611974716187
v -0.024500003084540367 0.9845651984214783 1.5333044528961182
v -0.0817844420671463 1.0589221715927124 1.4817155599594116
v -0.14814355969429016 1.0219999551773071 1.5581436157226562
v -0.09758678078651428 0.9953044056892395 1.589913249015808
v -0.09099999815225601 1.0758955478668213 1.5130000114440918
v -0.042603906244039536 0.9948679804801941 1.5720280408859253
v -0.10200750827789307 1.0190000534057617 1.5007612705230713
v -0.12177205085754395 0.9979240298271179 1.5263479948043823
v -0.09099999815225601 0.9661652445793152 1.606497883796692
v -0.023000003769993782 0.9829999804496765 1.5431063175201416
v -0.023000003769993782 0.9829999804496765 1.543628215789795
v -0.05848735570907593 0.9664999842643738 1.5185062885284424
v -0.09715253114700317 1.0184999704360962 1.496228814125061
v -0.11634177714586258 0.9763417840003967 1.601341724395752
v -0.11148086190223694 0.9711602926254272 1.5193588733673096
v -0.06636690348386765 1.0045323371887207 1.512733817100525
v -0.10530851781368256 0.9974113702774048 1.6167056560516357
v -0.08621435612440109 1.0560717582702637 1.5162856578826904
v -0.09537238627672195 0.983510434627533 1.488755226135254
v -0.1418890804052353 1.0323336124420166 1.5395554304122925
v -0.010745936073362827 1.0402541160583496 1.5270081758499146
v -0.12968386709690094 0.9845516085624695 1.5286839008331299
v -0.13650000095367432 0.9718950986862183 1.5502097606658936
v -0.12765732407569885 1.0536292791366577 1.5603426694869995
v -0.11750728636980057 1.0840364694595337 1.49399995803833
v -0.12111575156450272 1.1024614572525024 1.5131157636642456
v -0.09549999982118607 0.9798375964164734 1.4892905950546265
v -0.08670467883348465 1.081057071685791 1.480204701423645
v -0.10861750692129135 0.9790875315666199 1.502882480621338
v -0.03731363266706467 0.9575621485710144 1.5434999465942383
v -0.11549999564886093 1.0915868282318115 1.5333826541900635
v -0.15231962502002716 1.0210000276565552 1.5622293949127197
v -0.06059977784752846 0.9614002108573914 1.5861003398895264
v -0.0808807834982872 0.9605000019073486 1.5948575735092163
v -0.08301959931850433 1.0720980167388916 1.4780000448226929
v -0.11524960398674011 1.1035000085830688 1.5073744058609009
v -0.10733792930841446 0.9763516783714294 1.5036619901657104
v -0.040943700820207596 0.9630562663078308 1.5705281496047974
v -0.08460362255573273 0.9917072653770447 1.5260000228881836
v -0.1165924146771431 1.09903085231781 1.5308767557144165
v -0.11899999529123306 0.9959205389022827 1.584359884262085
v -0.0676494762301445 0.9900000095367432 1.5219484567642212
v -0.1074649840593338 1.0649417638778687 1.5399999618530273
v -0.09799999743700027 1.0424587726593018 1.49399995803833
v -0.1361769139766693 1.006461501121521 1.542892336845398
v -0.056755430996418 0.9894185066223145 1.49966299533844
v -0.09690441936254501 1.0342695713043213 1.6326348781585693
v -0.1402360051870346 1.0923680067062378 1.5523960590362549
v -0.10985668748617172 0.965856671333313 1.590856671333313
v -0.15300782024860382 1.0859843492507935 1.5500078201293945
v -0.08049999922513962 0.9699597954750061 1.4955402612686157
v -0.13105185329914093 1.0261555910110474 1.5855000019073486
v -0.11898855119943619 0.9834542274475098 1.5095114707946777
v -0.11337129026651382 0.9682904481887817 1.5934191942214966
v -0.1187901645898819 0.9845491647720337 1.5099196434020996
v -0.14434432983398438 1.007877230644226 1.5843442678451538
v -0.040245525538921356 0.9638727903366089 1.530381679534912
v -0.12359246611595154 0.9746358394622803 1.5280925035476685
v -0.13030654191970825 0.9697299003601074 1.5502700805664062
v -0.07110164314508438 0.9645338654518127 1.5823982954025269
v -0.03449999541044235 0.9620000123977661 1.544121503829956
v -0.13731428980827332 0.9746107459068298 1.5453892946243286
v -0.07750000059604645 0.961808979511261 1.6008089780807495
v -0.11884059756994247 1.0385797023773193 1.6216195821762085
v -0.09604405611753464 1.0335440635681152 1.493499994277954
v -0.12823092937469482 1.0561546087265015 1.559999942779541
v -0.13420075178146362 1.0833030939102173 1.5579999685287476
v -0.13650000095367432 0.9710000157356262 1.5558615922927856
v -0.11250000447034836 0.996093213558197 1.55649995803833
v -0.0819440633058548 0.972000002861023 1.5345559120178223
v -0.15545311570167542 1.0169062614440918 1.563812494277954
v -0.05350000783801079 0.9774141907691956 1.5866464376449585
v -0.09176550805568695 1.0805310010910034 1.5128672122955322
v -0.1279710829257965 0.9764710664749146 1.5282644033432007
v -0.09651938080787659 1.0292209386825562 1.4950194358825684
v -0.10450000315904617 1.0499801635742188 1.5405000448226929
v -0.09300000220537186 0.9679999947547913 1.5040792226791382
v -0.11168091744184494 1.1021356582641602 1.5036356449127197
v -0.1081206426024437 0.9929999709129333 1.5796724557876587
v -0.05249999836087227 1.0074758529663086 1.527500033378601
v -0.08550000190734863 1.0036569833755493 1.5268685817718506
v -0.09549999982118607 0.9813244342803955 1.4889189004898071
v -0.012428230606019497 1.019787073135376 1.5154281854629517
v -0.07724688202142715 0.9639999866485596 1.5974156856536865
v -0.09713661670684814 0.965499997138977 1.6024999618530273
v -0.09849999845027924 1.0062313079833984 1.5399999618530273
v -0.12157141417264938 1.0204999446868896 1.5222142934799194
v -0.06664006412029266 0.9664999842643738 1.5151199102401733
v -0.04051510989665985 0.9939697980880737 1.5414546728134155
v -0.11472415179014206 1.0109483003616333 1.6259483098983765
v -0.14968542754650116 1.0901291370391846 1.5467782020568848
v -0.11824805289506912 1.0874922275543213 1.49399995803833
v -0.0764007419347763 1.0082978010177612 1.4839999675750732
v -0.041544850915670395 0.962455153465271 1.5702276229858398
v -0.13609014451503754 1.0095407962799072 1.5425000190734863
v -0.13345633447170258 1.0940873622894287 1.514521837234497
v -0.02615255117416382 0.988463282585144 1.5533474683761597
v -0.15649999678134918 1.0843642950057983 1.534000039100647
v -0.15563566982746124 1.0930464267730713 1.5368642807006836
v -0.15044833719730377 1.0967011451721191 1.5410516262054443
v -0.1348629742860794 0.9728184938430786 1.5454075336456299
v -0.14000000059604645 1.0822269916534424 1.5115000009536743
v -0.13228851556777954 1.0338557958602905 1.6077114343643188
v -0.09628933668136597 0.9947631359100342 1.4995262622833252
v -0.1464761197566986 1.0925477743148804 1.5434283018112183
v -0.14619223773479462 0.9783844351768494 1.5631922483444214
v -0.1318977177143097 1.0985682010650635 1.5268635749816895
v -0.09549999982118607 0.9771268367767334 1.4912488460540771
v -0.137729212641716 1.0860415697097778 1.5119999647140503
v -0.09980382770299911 0.9957679510116577 1.5038038492202759
v -0.09003885090351105 0.9950000047683716 1.6002814769744873
v -0.0430692657828331 0.9614653587341309 1.5694481134414673
v -0.11577532440423965 1.1035000085830688 1.5081629753112793
v -0.12802544236183167 1.0551271438598633 1.559999942779541
v -0.08781283348798752 1.0831257104873657 1.481312870979309
v -0.13249999284744263 1.0714958906173706 1.559000015258789
v -0.07615926861763 0.990670382976532 1.543670415878296
v -0.15334589779376984 1.0487295389175415 1.5646541118621826
v -0.08247141540050507 0.9949928522109985 1.606035590171814
v -0.0726439580321312 0.973068118095398 1.6030000448226929
v -0.029896747320890427 1.021309733390808 1.5413967370986938
v -0.13072320818901062 1.0619463920593262 1.5140000581741333
v -0.0937558114528656 0.9882325530052185 1.4924767017364502
v -0.14000000059604645 1.0790951251983643 1.5115000009536743
v -0.11891462653875351 0.9872438907623291 1.51091468334198
v -0.11882974952459335 0.974776566028595 1.523606300354004
v -0.02961784042418003 1.022146463394165 1.5411179065704346
v -0.14543266594409943 0.9944999814033508 1.557898998260498
v -0.07776807993650436 1.004579782485962 1.4839999675750732
v -0.06600000709295273 1.0061086416244507 1.5119727849960327
v -0.08372568339109421 0.9675000309944153 1.5702743530273438
v -0.12325481325387955 0.9906730651855469 1.594254732131958
v -0.13861659169197083 1.0911165475845337 1.5548250675201416
v -0.11355103552341461 1.0184999704360962 1.51235032081604
v -0.06809598952531815 0.9860000014305115 1.5982307195663452
v -0.12383902072906494 1.1010847091674805 1.5217456817626953
v -0.15028826892375946 1.023677945137024 1.5732117891311646
v -0.11500000208616257 1.0220303535461426 1.5153673887252808
v -0.137605220079422 1.0862895250320435 1.5119999647140503
v -0.11667900532484055 0.9753395318984985 1.5116604566574097
v -0.11430621892213821 1.0311124324798584 1.6356937885284424
v -0.10819126665592194 0.9900000095367432 1.5581912994384766
v -0.06690516322851181 1.0027846097946167 1.513405203819275
v -0.14310164749622345 0.994367241859436 1.574898362159729
v -0.058418743312358856 0.9660000205039978 1.5540813207626343
v -0.1409628987312317 1.0275371074676514 1.5906484127044678
v -0.11585299670696259 1.1035000085830688 1.5082794427871704
v -0.01611662097275257 1.000825047492981 1.534999966621399
v -0.09628824889659882 1.0195000171661377 1.5276824235916138
v -0.12906162440776825 0.9985924363136292 1.6000616550445557
v -0.11500000208616257 1.0184398889541626 1.5154999494552612
v -0.11361419409513474 0.9908857941627502 1.5737006664276123
v -0.037849344313144684 0.9850000143051147 1.5685480833053589
v -0.07246752828359604 1.0150325298309326 1.483506441116333
v -0.057061124593019485 0.9934999942779541 1.5602041482925415
v -0.13329458236694336 0.9714315533638 1.5481369495391846
v -0.0201866514980793 1.0083132982254028 1.5221244096755981
v -0.06554102152585983 0.9670102596282959 1.51047945022583
v -0.09676425904035568 0.9949214458465576 1.499842882156372
v -0.03700000420212746 0.9774559736251831 1.5134999752044678
v -0.09236378967761993 1.01454496383667 1.62327241897583
v -0.035101063549518585 0.9901329874992371 1.5413988828659058
v -0.013184862211346626 1.036773920059204 1.5264999866485596
v -0.08493698388338089 1.0783424377441406 1.4789685010910034
v -0.14007265865802765 0.989318311214447 1.5454273223876953
v -0.07075118273496628 0.985916256904602 1.5997511148452759
v -0.03804469108581543 0.9897611737251282 1.5389776229858398
v -0.13899341225624084 1.022483468055725 1.6109999418258667
v -0.15633516013622284 1.0651757717132568 1.5616648197174072
v -0.0772659033536911 0.9799681901931763 1.4906330108642578
v -0.10525405406951904 1.0353155136108398 1.6032459735870361
v -0.13661208748817444 1.0888161659240723 1.5568878650665283
v -0.1418038010597229 0.9800094962120056 1.5420981645584106
v -0.08150000125169754 1.02219820022583 1.4908604621887207
v -0.0253366157412529 0.988663375377655 1.531499981880188
v -0.06733538955450058 0.9664999842643738 1.5148322582244873
v -0.08049999922513962 0.9681620597839355 1.497337818145752
v -0.0356733538210392 0.9925577640533447 1.544884443283081
v -0.13060306012630463 0.9711374044418335 1.5731030702590942
v -0.05035557225346565 0.9865703582763672 1.531074047088623
v -0.08463697135448456 0.9917739629745483 1.5260000228881836
v -0.08918987959623337 0.972000002861023 1.502500057220459
v -0.05422122776508331 0.9890000224113464 1.5017787218093872
v -0.13434559106826782 1.0108823776245117 1.6076911687850952
v -0.12507569789886475 1.1013939380645752 1.5208181142807007
v -0.09099999815225601 1.0748136043548584 1.5131372213363647
v -0.0788281261920929 0.9923906326293945 1.575671911239624
v -0.08417344093322754 0.976326584815979 1.4898265600204468
v -0.14202523231506348 1.0940252542495728 1.549974799156189
v -0.1550818383693695 1.0563273429870605 1.562999963760376
v -0.1398882120847702 0.9934999942779541 1.5778353214263916
v -0.055212315171957016 0.9700753688812256 1.5882123708724976
v -0.04260117560625076 0.994398832321167 1.5143015384674072
v -0.026491031050682068 0.9725359082221985 1.5429999828338623
v -0.1495041698217392 1.0904916524887085 1.5465062856674194
v -0.06604845076799393 0.9655161499977112 1.511048436164856
v -0.05236540734767914 0.9854999780654907 1.5843653678894043
v -0.05733074992895126 0.9798268675804138 1.497665286064148
v -0.08562920987606049 1.0535167455673218 1.5168707370758057
v -0.1055000051856041 1.035760521888733 1.6033909320831299
v -0.15824253857135773 1.0712127685546875 1.5600149631500244
v -0.0789203941822052 0.9831840991973877 1.606052279472351
v -0.08838263154029846 1.064206600189209 1.5155586004257202
v -0.13652640581130981 1.0889207124710083 1.5124735832214355
v -0.12935295701026917 0.9810588955879211 1.527999997138977
v -0.09049999713897705 0.9676044583320618 1.6091045141220093
v -0.0482003428041935 0.9630667567253113 1.5217996835708618
v -0.12165382504463196 0.9675512909889221 1.567153811454773
v -0.0016148971626535058 1.0293446779251099 1.5324255228042603
v -0.060999996960163116 0.960663378238678 1.5851633548736572
v -0.12324310094118118 1.022871494293213 1.5644862651824951
v -0.14186683297157288 0.9861331582069397 1.5431997776031494
v -0.14286355674266815 1.0948635339736938 1.5491364002227783
v -0.1365244835615158 1.0166224241256714 1.5425000190734863
v -0.015473214909434319 1.001878023147583 1.5353511571884155
v -0.0412580743432045 0.9937742352485657 1.5737419128417969
v -0.022595884278416634 0.9839041233062744 1.5390205383300781
v -0.06700000166893005 0.9957994818687439 1.516350269317627
v -0.12041565775871277 1.0219999551773071 1.5588313341140747
v -0.08664333820343018 1.0580734014511108 1.5160000324249268
v -0.06869892030954361 0.9675663113594055 1.5448673963546753
v -0.08241057395935059 0.9675000309944153 1.571589469909668
v -0.040139149874448776 0.9939097762107849 1.541770577430725
v -0.13650000095367432 0.9710000157356262 1.5582228899002075
v -0.1277139037847519 0.9669278264045715 1.552286148071289
v -0.06550000607967377 1.009438157081604 1.5107808113098145
v -0.11374595016241074 0.996999979019165 1.519745945930481
v -0.14345386624336243 0.9749077558517456 1.5624769926071167
v -0.11723194271326065 1.0301597118377686 1.5152318477630615
v -0.09322822093963623 1.0195000171661377 1.5232281684875488
v -0.035603299736976624 0.9843016266822815 1.5654048919677734
v -0.12581388652324677 1.0368952751159668 1.615186095237732
v -0.1029093861579895 0.9854773283004761 1.6115226745605469
v -0.12713004648685455 0.9741502404212952 1.5292398929595947
v -0.08015791326761246 1.0155394077301025 1.4835789203643799
v -0.03599999472498894 0.9739354848861694 1.5705000162124634
v -0.0995861291885376 1.0195000171661377 1.531948208808899
v -0.03763914480805397 0.9850000143051147 1.5679174661636353
v -0.036065246909856796 1.0309348106384277 1.5044565200805664
v -0.06096332147717476 0.9610366821289062 1.5855549573898315
v -0.06109713017940521 0.9655323624610901 1.512467622756958
v -0.07625645399093628 1.0144188404083252 1.4840811491012573
v -0.11024422198534012 0.9900000095367432 1.5619884729385376
v -0.11250000447034836 0.9991363286972046 1.5566591024398804
v -0.13421645760536194 1.0103658437728882 1.6074329614639282
v -0.11115662753582001 1.059708833694458 1.4915522336959839
v -0.05557378754019737 0.9936065673828125 1.5612131357192993
v -0.1041429191827774 0.9965000152587891 1.5087144374847412
v -0.09600900858640671 0.9904999732971191 1.5458393096923828
v -0.0882662758231163 1.063915729522705 1.515616774559021
v -0.11096671223640442 0.9735000133514404 1.5148111581802368
v -0.04200388863682747 0.9619980454444885 1.5699981451034546
v -0.1088685616850853 0.996999979019165 1.5143686532974243
v -0.10779544711112976 1.054795503616333 1.4895985126495361
v -0.15282413363456726 1.074560284614563 1.5345879793167114
v -0.028664717450737953 1.035751461982727 1.5097514390945435
v -0.06029590219259262 0.9673061370849609 1.5055917501449585
v -0.05763232707977295 0.9756616353988647 1.4983676671981812
v -0.07320521026849747 0.9689017534255981 1.5065982341766357
v -0.08966711908578873 0.9904999732971191 1.5397506952285767
v -0.1428465098142624 0.9736930131912231 1.5621732473373413
v -0.0266452357172966 0.9876773953437805 1.531499981880188
v -0.10970717668533325 0.9735000133514404 1.513707160949707
v -0.030456094071269035 1.0196317434310913 1.5419561862945557
v -0.058902643620967865 0.982451319694519 1.4982256889343262
v -0.15201455354690552 1.0052717924118042 1.5592572689056396
v -0.08249999582767487 1.0686064958572388 1.4783483743667603
v -0.08749864250421524 0.9906253218650818 1.5670013427734375
v -0.0930473655462265 0.9963579177856445 1.6174999475479126
v -0.07469865679740906 0.9667020440101624 1.6030000448226929
v -0.08601339906454086 1.0800200700759888 1.4795135259628296
v -0.10867470502853394 1.0195000171661377 1.5435121059417725
v -0.1091504767537117 1.0418835878372192 1.6297329664230347
v -0.1355881690979004 1.0867645740509033 1.5575000047683716
v -0.02830755151808262 0.985903799533844 1.525288701057434
v -0.0598285086452961 0.9651095271110535 1.513280987739563
v -0.14000000059604645 1.0786314010620117 1.5115000009536743
v -0.1581166833639145 1.070583462715149 1.5602666139602661
v -0.10382574051618576 1.0184999704360962 1.5029886960983276
v -0.06404563784599304 0.996772825717926 1.5909544229507446
v -0.11462298035621643 1.0682379007339478 1.4936230182647705
v -0.13884678483009338 1.0913467407226562 1.5544798374176025
v -0.09263180941343307 1.0195000171661377 1.5226317644119263
v -0.08473479747772217 0.9922449588775635 1.4914898872375488
v -0.04437008500099182 0.9608149528503418 1.5684723854064941
v -0.028850123286247253 1.0005332231521606 1.5281167030334473
v -0.03101331740617752 0.9922433495521545 1.5449867248535156
v -0.14550000429153442 0.9944999814033508 1.5592236518859863
v -0.03449999541044235 0.9620000123977661 1.5453503131866455
v -0.09768638759851456 1.0195000171661377 1.5294830799102783
v -0.02326790615916252 1.0057320594787598 1.5241786241531372
v -0.034550126641988754 0.984000027179718 1.563150405883789
v -0.12823569774627686 0.9689809083938599 1.5577356815338135
v -0.04146832600235939 0.9955475330352783 1.5124366283416748
v -0.13715234398841858 1.0196094512939453 1.5423476696014404
v -0.10337721556425095 1.0308772325515747 1.6038742065429688
v -0.07009407877922058 0.9635940790176392 1.583608865737915
v -0.15305931866168976 1.075148344039917 1.534500002861023
v -0.14639872312545776 1.0440949201583862 1.535601258277893
v -0.09156551212072372 1.0801310539245605 1.5129672288894653
v -0.04689239710569382 0.9885268807411194 1.5335538387298584
v -0.017985625192523003 0.9981858134269714 1.534671425819397
v -0.1352245956659317 1.0981550216674805 1.5295346975326538
v -0.10564009100198746 1.033340573310852 1.542219877243042
v -0.03518258035182953 0.9620000123977661 1.5484129190444946
v -0.026275476440787315 0.9882993698120117 1.5532245635986328
v -0.0285248551517725 0.9825000166893005 1.55403733253479
v -0.13330717384815216 1.066267967224121 1.5140000581741333
v -0.12258213758468628 0.9977089166641235 1.527373194694519
v -0.12727953493595123 0.9962795376777649 1.5987794399261475
v -0.12042859941720963 1.0201427936553955 1.5205714702606201
v -0.10067451000213623 0.9704999923706055 1.554883599281311
v -0.0697488859295845 1.0175837278366089 1.4840837717056274
v -0.055000003427267075 1.009264588356018 1.4896177053451538
v -0.05759470909833908 1.001715898513794 1.4926893711090088
v -0.10075865685939789 1.094839096069336 1.496839165687561
v -0.08499635010957718 0.9639999866485596 1.6004987955093384
v -0.11382796615362167 0.9906720519065857 1.5722042322158813
v -0.04391311854124069 0.9630869030952454 1.5214999914169312
v -0.026531189680099487 0.9877343773841858 1.531499981880188
v -0.11988280713558197 1.0055311918258667 1.583117127418518
v -0.08667020499706268 0.9900425672531128 1.536670207977295
v -0.08187633752822876 0.9797419905662537 1.4927526712417603
v -0.09321407973766327 0.9673577547073364 1.5066423416137695
v -0.12334869056940079 1.0204999446868896 1.5262730121612549
v -0.036622993648052216 0.9847076535224915 1.5666229724884033
v -0.06600000709295273 1.0079519748687744 1.511512041091919
v -0.107126884162426 0.9641268849372864 1.5891268253326416
v -0.046387359499931335 0.9954999685287476 1.5679084062576294
v -0.07488386332988739 1.0139614343643188 1.4845387935638428
v -0.15549470484256744 1.0169893503189087 1.5639787912368774
v -0.05350000783801079 0.9760417938232422 1.5869895219802856
v -0.11164716631174088 0.9682943224906921 1.5940886735916138
v -0.05772465839982033 0.9747753143310547 1.4987246990203857
v -0.1167319044470787 1.0190000534057617 1.5152318477630615
v -0.06699669361114502 0.9675000309944153 1.5460021495819092
v -0.10997793078422546 0.996999979019165 1.5154778957366943
v -0.15649999678134918 1.0904552936553955 1.535363793373108
v -0.14634369313716888 1.043874740600586 1.5356563329696655
v -0.1498178392648697 1.021591067314148 1.5598177909851074
v -0.14094211161136627 0.9779614210128784 1.5425386428833008
v -0.14800000190734863 1.0566657781600952 1.5355000495910645
v -0.13492801785469055 1.0123560428619385 1.6084280014038086
v -0.027098003774881363 0.9875980019569397 1.5484672784805298
v -0.11400000005960464 1.0055947303771973 1.5179762840270996
v -0.03550000488758087 0.9616343379020691 1.5510969161987305
v -0.0309356227517128 1.0081137418746948 1.5441287755966187
v -0.032499995082616806 1.021350622177124 1.4998701810836792
v -0.08150000125169754 1.0533058643341064 1.4838470220565796
v -0.12969300150871277 1.0999034643173218 1.5237895250320435
v -0.1314999908208847 1.0238364934921265 1.5719454288482666
v -0.08583597838878632 0.9642090201377869 1.600917935371399
v -0.12950000166893005 0.9886302947998047 1.5304076671600342
v -0.14305150508880615 1.096448540687561 1.5361545085906982
v -0.11564487963914871 1.0144346952438354 1.6282896995544434
v -0.07924412935972214 0.9747676253318787 1.491988182067871
v -0.14052554965019226 0.9715127944946289 1.562000036239624
v -0.06700000166893005 0.993747353553772 1.5173763036727905
v -0.09099999815225601 1.075416922569275 1.5130165815353394
v -0.09176259487867355 1.0195000171661377 1.5217626094818115
v -0.05819636955857277 0.9629018306732178 1.587294578552246
v -0.09811649471521378 1.0351165533065796 1.6330000162124634
v -0.08622846752405167 0.9965861439704895 1.5262715816497803
v -0.12727577984333038 1.0212757587432861 1.5844999551773071
v -0.05154382437467575 0.9987190961837769 1.527999997138977
v -0.07687672227621078 0.9903116226196289 1.543311595916748
v -0.042846113443374634 0.9854999780654907 1.5752692222595215
v -0.08150000125169754 1.0437132120132446 1.4855573177337646
v -0.09942886233329773 1.0195000171661377 1.531738519668579
v -0.14726588129997253 0.9850635528564453 1.5647659301757812
v -0.004397213459014893 1.0318971872329712 1.5293270349502563
v -0.12697084248065948 1.0022847652435303 1.5671569108963013
v -0.12954750657081604 1.0994524955749512 1.5169525146484375
v -0.09158825874328613 1.0801764726638794 1.512955904006958
v -0.011625089682638645 1.0405000448226929 1.5272749662399292
v -0.11401864886283875 1.012074589729309 1.5159813165664673
v -0.08528459072113037 0.9841077327728271 1.61117684841156
v -0.07849735766649246 0.9639999866485596 1.5979987382888794
v -0.10460679978132248 0.9934999942779541 1.5828931331634521
v -0.011499998159706593 1.0236884355545044 1.514327883720398
v -0.1313876360654831 1.0023469924926758 1.5420000553131104
v -0.057581715285778046 0.9749183058738708 1.4985817670822144
v -0.13226862251758575 1.0645248889923096 1.5140000581741333
v -0.06974362581968307 0.9679999947547913 1.5085041522979736
v -0.06941473484039307 0.9952235221862793 1.5844470262527466
v -0.05624784156680107 0.9675086736679077 1.5887478590011597
v -0.06808387488126755 0.9676946401596069 1.5093053579330444
v -0.07965844124555588 0.984524667263031 1.6111831665039062
v -0.058966562151908875 0.9990501403808594 1.4944665431976318
v -0.09853952378034592 0.9981185793876648 1.5989999771118164
v -0.055316515266895294 0.9698669910430908 1.588316559791565
v -0.11250000447034836 0.9996517300605774 1.5567879676818848
v -0.1081758514046669 0.9864189624786377 1.6095811128616333
v -0.14989502727985382 1.089709997177124 1.5470925569534302
v -0.03099999763071537 1.0096077919006348 1.5436307191848755
v -0.029721593484282494 0.9615567922592163 1.543360710144043
v -0.04687953367829323 0.9632068276405334 1.5233272314071655
v -0.09736374020576477 1.091545581817627 1.494363784790039
v -0.11324141174554825 1.0844656229019165 1.536758542060852
v -0.017206082120537758 0.9992251992225647 1.5349313020706177
v -0.09304764121770859 0.965499997138977 1.6024999618530273
v -0.07349999248981476 0.969955325126648 1.6033482551574707
v -0.07696480304002762 0.9628028273582458 1.6015352010726929
v -0.027065392583608627 0.9913269281387329 1.5483037233352661
v -0.10649999976158142 1.0392428636550903 1.5410642623901367
v -0.14495912194252014 1.0103365182876587 1.5854182243347168
v -0.011899597942829132 1.0083012580871582 1.5356004238128662
v -0.09254578500986099 0.984757661819458 1.6142576932907104
v -0.08549405634403229 0.9641234874725342 1.600746989250183
v -0.08150000125169754 1.0451170206069946 1.4852765798568726
v -0.08754570037126541 0.9935228824615479 1.4935228824615479
v -0.13132771849632263 0.9695000052452087 1.5761722326278687
v -0.07376538217067719 0.9854999780654907 1.6026768684387207
v -0.09185594320297241 1.080711841583252 1.5128220319747925
v -0.062303099781274796 0.9961010217666626 1.592697024345398
v -0.12721514701843262 1.0026918649673462 1.5672383308410645
v -0.14958180487155914 1.032704472541809 1.565959095954895
v -0.0771111473441124 0.9708703756332397 1.5382592678070068
v -0.12708733975887299 0.9695436954498291 1.571043610572815
v -0.0936223641037941 1.0287446975708008 1.6301223039627075
v -0.14800000190734863 1.0594019889831543 1.5355000495910645
v -0.012331970036029816 1.030159831047058 1.5136680603027344
v -0.09691036492586136 1.0184999704360962 1.4958655834197998
v -0.10015298426151276 1.0008825063705444 1.5994999408721924
v -0.11401531100273132 0.9873384237289429 1.605323076248169
v -0.1437162458896637 1.0215721130371094 1.5542162656784058
v -0.09187310934066772 0.968500018119812 1.5619179010391235
v -0.12774308025836945 1.0361284017562866 1.6128853559494019
v -0.15331506729125977 1.0757876634597778 1.534500002861023
v -0.12484467774629593 1.101336121559143 1.5209914445877075
v -0.05896491929888725 0.9894999861717224 1.4980262517929077
v -0.1422368437051773 0.9830789566040039 1.542263150215149
v -0.09925228357315063 1.0189175605773926 1.4983348846435547
v -0.12203048169612885 1.0204999446868896 1.52359139919281
v -0.1379006952047348 0.9936010241508484 1.5797003507614136
v -0.14682327210903168 1.0222941637039185 1.5571174621582031
v -0.08830868452787399 1.0839630365371704 1.481963038444519
v -0.13650000095367432 0.9712787866592407 1.5521060228347778
v -0.0370522178709507 0.9848507642745972 1.5670522451400757
v -0.11566942930221558 1.1035000085830688 1.5080041885375977
v -0.11995067447423935 1.0219671726226807 1.557934284210205
v -0.1240638718008995 1.039819359779358 1.5605639219284058
v -0.043252330273389816 0.9855840802192688 1.5757523775100708
v -0.03760400414466858 1.0060839653015137 1.504207968711853
v -0.1263735592365265 1.0206867456436157 1.5841867923736572
v -0.06802571564912796 1.0230000019073486 1.5010000467300415
v -0.13663752377033234 1.0171875953674316 1.5425000190734863
v -0.028493238613009453 0.9865067601203918 1.531253457069397
v -0.06740542501211166 0.9929999709129333 1.5496959686279297
v -0.12845489382743835 0.9695000052452087 1.5785902738571167
v -0.08251991122961044 1.0204932689666748 1.5105265378952026
v -0.11968038976192474 1.0047215223312378 1.5833195447921753
v -0.15840353071689606 1.0720176696777344 1.5596929788589478
v -0.030911767855286598 1.0079706907272339 1.544176459312439
v -0.01261768490076065 1.0191469192504883 1.5157352685928345
v -0.1274220049381256 1.100692629814148 1.5207293033599854
v -0.14066527783870697 1.0926653146743774 1.5517520904541016
v -0.08150000125169754 1.0378046035766602 1.4869238138198853
v -0.1513555347919464 1.0210481882095337 1.5609036684036255
v -0.07823147624731064 0.9639999866485596 1.5978657007217407
v -0.13777126371860504 1.0735424757003784 1.512364387512207
v -0.07050788402557373 0.9884999990463257 1.493497371673584
v -0.1211550161242485 1.0141375064849854 1.5823274850845337
v -0.10498210042715073 0.9934999942779541 1.5825178623199463
v -0.07892736047506332 0.9863631725311279 1.6130000352859497
v -0.10095210373401642 1.019976019859314 1.5339281558990479
v -0.10273640602827072 1.0388022661209106 1.6330000162124634
v -0.02647109143435955 1.0031859874725342 1.5263140201568604
v -0.13215889036655426 1.0696355104446411 1.559000015258789
v -0.11840970814228058 1.0881388187408447 1.49399995803833
v -0.041810519993305206 0.9621894955635071 1.5700948238372803
v -0.06262914836406708 0.9890000224113464 1.5256236791610718
v -0.04950510337948799 0.9884999990463257 1.5322474241256714
v -0.09362810850143433 0.9863843321800232 1.6151281595230103
v -0.03049999289214611 0.9935007691383362 1.5464999675750732
v -0.13098500669002533 0.9695000052452087 1.5765149593353271
v -0.023054033517837524 0.9914279580116272 1.5324640274047852
v -0.0015000032726675272 1.0277245044708252 1.533459186553955
v -0.10649999976158142 1.0377507209777832 1.5414372682571411
v -0.15586994588375092 1.0816951990127563 1.5533050298690796
v -0.07493018358945847 1.0119496583938599 1.4835000038146973
v -0.09325607866048813 1.0280121564865112 1.6297560930252075
v -0.06587482243776321 0.9929999709129333 1.551125168800354
v -0.13293668627738953 1.0772466659545898 1.558500051498413
v -0.08064547181129456 0.9902726411819458 1.4872909784317017
v -0.09987642616033554 1.0942509174346924 1.4962509870529175
v -0.1245390996336937 0.9687695503234863 1.5696544647216797
v -0.1173948422074318 1.0814743041992188 1.493499994277954
v -0.0019670859910547733 1.030401349067688 1.5306646823883057
v -0.03513818234205246 0.9629999995231628 1.539947271347046
v -0.10552787780761719 1.0308327674865723 1.5415278673171997
v -0.11323820799589157 0.996999979019165 1.5191073417663574
v -0.03713357076048851 1.0298664569854736 1.5037442445755005
v -0.06312458962202072 0.9963748455047607 1.591875433921814
v -0.08388932049274445 0.9950000047683716 1.604610800743103
v -0.14057771861553192 1.02792227268219 1.5921891927719116
v -0.09480889141559601 0.9959044456481934 1.5938822031021118
v -0.0975017324090004 0.9954956769943237 1.5989983081817627
v -0.13005661964416504 1.0167264938354492 1.570056676864624
v -0.07349999248981476 0.9699569344520569 1.603347659111023
v -0.05767187848687172 0.9660000205039978 1.55482816696167
v -0.09384842962026596 1.0184999704360962 1.4925225973129272
v -0.10512706637382507 0.9720635414123535 1.551872968673706
v -0.038637615740299225 0.9717247486114502 1.5151375532150269
v -0.08588434755802155 1.0199999809265137 1.514884352684021
v -0.1015547662973404 1.0043869018554688 1.5994999408721924
v -0.13987848162651062 1.0921891927719116 1.5529323816299438
v -0.1538662612438202 1.084267497062683 1.5508662462234497
v -0.12956948578357697 1.099965214729309 1.5236042737960815
v -0.07965272665023804 0.9639999866485596 1.5985764265060425
v -0.1320851892232895 0.9739148020744324 1.540170431137085
v -0.11489351838827133 1.0407021045684814 1.6244043111801147
v -0.07078945636749268 0.9924276471138 1.5472829341888428
v -0.05756368488073349 0.9629999995231628 1.5863455533981323
v -0.06444556266069412 0.9860000014305115 1.595797061920166
v -0.13210196793079376 0.9710339903831482 1.5489320755004883
v -0.11105744540691376 1.0195000171661377 1.5465574264526367
v -0.08112505078315735 0.9854999780654907 1.6073750257492065
v -0.11466306447982788 0.9724946022033691 1.5994945764541626
v -0.09391497075557709 0.9877551198005676 1.491840124130249
v -0.06037779152393341 0.9974333047866821 1.496066689491272
v -0.121240995824337 1.0337350368499756 1.559493899345398
v -0.13650000095367432 0.9710000157356262 1.5551888942718506
v -0.11360124498605728 0.9904999732971191 1.5672024488449097
v -0.14863725006580353 1.0219999551773071 1.558637261390686
v -0.0787673071026802 1.0210000276565552 1.5065069198608398
v -0.12300971150398254 0.9748300909996033 1.5275096893310547
v -0.05527494102716446 1.0068503618240356 1.490549921989441
v -0.09058314561843872 1.0870554447174072 1.486110806465149
v -0.09947631508111954 1.0189921855926514 1.4984842538833618
v -0.11011378467082977 0.9735000133514404 1.5473861694335938
v -0.1316857635974884 0.9725810289382935 1.5741857290267944
v -0.028614994138479233 0.9633849859237671 1.5428074598312378
v -0.10325368493795395 1.0512536764144897 1.4915821552276611
v -0.08100000023841858 0.9668219089508057 1.5001780986785889
v -0.08500836044549942 1.0510333776474 1.5169999599456787
v -0.05198991671204567 1.0145201683044434 1.5254799127578735
v -0.01919505186378956 1.0396016836166382 1.5182033777236938
v -0.06161325052380562 0.9952734708786011 1.4976133108139038
v -0.12422265112400055 1.018222689628601 1.583361268043518
v -0.09049999713897705 0.9686551690101624 1.6102328300476074
v -0.13724716007709503 1.0199886560440063 1.5422528982162476
v -0.03472856059670448 0.9620000123977661 1.5469571352005005
v -0.012509705498814583 1.0194709300994873 1.5155192613601685
v -0.12143372744321823 1.0204777717590332 1.52191162109375
v -0.1142803356051445 1.1035000085830688 1.5060404539108276
v -0.12687695026397705 1.1008743047714233 1.5200026035308838
v -0.05489646643400192 0.9629999995231628 1.582844614982605
v -0.10900713503360748 1.0186643600463867 1.509171485900879
v -0.056409552693367004 0.9668617844581604 1.5889095067977905
v -0.09291942417621613 1.00867760181427 1.6219193935394287
v -0.15644820034503937 1.0829222202301025 1.5340259075164795
v -0.13650000095367432 0.9710000157356262 1.5573796033859253
v -0.03773367032408714 0.9879999756813049 1.5142663717269897
v -0.0722850114107132 0.9884999990463257 1.4928574562072754
v -0.026520319283008575 0.9755406379699707 1.5427398681640625
v -0.14352771639823914 1.0215092897415161 1.5540276765823364
v -0.11326999962329865 0.9735000133514404 1.5167700052261353
v -0.053935837000608444 1.0251731872558594 1.4942821264266968
v -0.09079023450613022 1.0703706741333008 1.5142098665237427
v -0.09359713643789291 0.9695971608161926 1.4987086057662964
v -0.10590493679046631 1.0622148513793945 1.5399999618530273
v -0.040933530777692795 0.9929003119468689 1.5740996599197388
v -0.03274591267108917 0.987500011920929 1.5192540884017944
v -0.1314999908208847 1.0238007307052612 1.571933627128601
v -0.14411038160324097 1.0217034816741943 1.5546103715896606
v -0.15299193561077118 1.0860121250152588 1.5499919652938843
v -0.08612006157636642 0.9928100109100342 1.4926201105117798
v -0.03550000488758087 0.9619789719581604 1.5500630140304565
v -0.07589808851480484 0.9664490222930908 1.5781018733978271
v -0.05249999836087227 1.0065621137619019 1.527500033378601
v -0.05995718017220497 0.9678142070770264 1.5049142837524414
v -0.05115025117993355 1.0161994695663452 1.5238004922866821
v -0.12002023309469223 1.0081011056900024 1.5824999809265137
v -0.12186740338802338 0.9676224589347839 1.567367434501648
v -0.11829723417758942 1.08768892288208 1.49399995803833
v -0.08100000023841858 0.9884945750236511 1.4880032539367676
v -0.13070514798164368 0.9700288772583008 1.549971103668213
v -0.03936038538813591 1.000279188156128 1.5082207918167114
v -0.1483037769794464 0.9977151155471802 1.5601961612701416
v -0.05975066497921944 0.9828753471374512 1.4984376430511475
v -0.1344141960144043 1.0926287174224854 1.5140429735183716
v -0.13607601821422577 1.0094560384750366 1.5425000190734863
v -0.11899999529123306 0.9988358616828918 1.5836939811706543
v -0.1233740746974945 1.0229370594024658 1.5647482872009277
v -0.039191167801618576 1.0286544561386108 1.5022315979003906
v -0.08513455837965012 0.9710336327552795 1.5029664039611816
v -0.1261252760887146 1.046000361442566 1.5121248960494995
v -0.1128045991063118 1.007239580154419 1.6233046054840088
v -0.14650000631809235 1.048142433166504 1.5355000495910645
v -0.11250000447034836 0.9989568591117859 1.5566141605377197
v -0.03640863671898842 0.9846361875534058 1.566408634185791
v -0.13797584176063538 1.0206584930419922 1.5479758977890015
v -0.008832965977489948 1.038699746131897 1.5273667573928833
v -0.03856198117136955 0.9718760251998901 1.5150619745254517
v -0.09214913845062256 1.0812982320785522 1.512675404548645
v -0.10554996132850647 1.1030000448226929 1.5036699771881104
v -0.07308865338563919 0.9688628911972046 1.5066370964050293
v -0.08601589500904083 1.0199999809265137 1.5150158405303955
v -0.032499995082616806 1.0203348398208618 1.4996669292449951
v -0.10631882399320602 0.9966593980789185 1.511818766593933
v -0.028334567323327065 1.0012481212615967 1.5278345346450806
v -0.14274805784225464 1.0966259241104126 1.53574800491333
v -0.07916411757469177 1.0210000276565552 1.506665587425232
v -0.14429473876953125 1.0357263088226318 1.5381368398666382
v -0.15792901813983917 1.0781418085098267 1.5563935041427612
v -0.10879690945148468 0.9865000247955322 1.6092032194137573
v -0.043949589133262634 0.9932752251625061 1.51617431640625
v -0.11297880113124847 0.9902393817901611 1.5659576654434204
v -0.04406724125146866 0.9954999685287476 1.5708879232406616
v -0.06700000166893005 0.9906468987464905 1.520353078842163
v -0.07295453548431396 0.968818187713623 1.5066817998886108
v -0.1080000028014183 0.9880914688110352 1.503000020980835
v -0.10200000554323196 0.982654333114624 1.6100386381149292
v -0.014687860384583473 1.0144681930541992 1.5176879167556763
v -0.13712871074676514 1.0301856994628906 1.5995569229125977
v -0.05386010557413101 0.9635900259017944 1.516819953918457
v -0.11585048586130142 0.9747009873390198 1.5122990608215332
v -0.024375932291150093 0.9829999804496765 1.546251893043518
v -0.08617432415485382 1.055871605873108 1.5163257122039795
v -0.14685066044330597 1.0502532720565796 1.5355000495910645
v -0.055000003427267075 1.010259985923767 1.48934805393219
v -0.07432665675878525 0.9886088967323303 1.4918911457061768
v -0.05563918501138687 0.9935901761054993 1.5611803531646729
v -0.08100000023841858 0.9848313331604004 1.490376591682434
v -0.11282704025506973 0.996999979019165 1.5184905529022217
v -0.054817236959934235 0.9629999995231628 1.5827257633209229
v -0.10618872940540314 1.0410563945770264 1.541311264038086
v -0.12738575041294098 1.0204999446868896 1.5328285694122314
v -0.02956390380859375 1.022308349609375 1.541063904762268
v -0.07482142746448517 0.9854999780654907 1.6033809185028076
v -0.09349991381168365 0.9854997396469116 1.6150000095367432
v -0.08475247770547867 1.0167508125305176 1.4850016832351685
v -0.062272101640701294 0.9666139483451843 1.5077720880508423
v -0.09849999845027924 1.0039043426513672 1.540019154548645
v -0.05693433806300163 0.9934999942779541 1.560299277305603
v -0.08150000125169754 1.05037260055542 1.4846255779266357
v -0.08249999582767487 1.0669221878051758 1.4787694215774536
v -0.1295427829027176 0.9993141889572144 1.6005427837371826
v -0.04005144536495209 0.9639485478401184 1.5709742307662964
v -0.12383148074150085 0.968831479549408 1.5326684713363647
v -0.07462895661592484 0.9854999780654907 1.603252649307251
v -0.11931269615888596 1.0363126993179321 1.5137969255447388
v -0.13262413442134857 1.0050603151321411 1.6041241884231567
v -0.09723970293998718 0.9950000047683716 1.5003595352172852
v -0.08039811253547668 0.971966028213501 1.5360679626464844
v -0.07658583670854568 0.9817424416542053 1.4900858402252197
v -0.11259229481220245 0.9715615510940552 1.5178769826889038
v -0.114029161632061 1.0876166820526123 1.5354416370391846
v -0.15867184102535248 1.0731873512268066 1.5591562986373901
v -0.026021849364042282 0.987989068031311 1.531499981880188
v -0.13345152139663696 1.0259515047073364 1.5724878311157227
v -0.09300000220537186 1.0023479461669922 1.6200870275497437
v -0.09872839599847794 0.9985864162445068 1.5412284135818481
v -0.11110365390777588 0.9917987585067749 1.5766950845718384
v -0.01704767905175686 1.0118016004562378 1.519349217414856
v -0.06701681762933731 0.9900000095367432 1.5210168361663818
v -0.13166700303554535 1.0673348903656006 1.5593329668045044
v -0.043188828974962234 0.9855629205703735 1.5756888389587402
v -0.013089449144899845 1.0404105186462402 1.5270894765853882
v -0.10742731392383575 0.9999273419380188 1.618118166923523
v -0.012797868810594082 1.0366191864013672 1.5264999866485596
v -0.11899999529123306 1.0952452421188354 1.4947490692138672
v -0.1338595747947693 1.0817978382110596 1.5581403970718384
v -0.0762731209397316 1.0086805820465088 1.4839999675750732
v -0.13250799477100372 1.025007963180542 1.5722520351409912
v -0.12286711484193802 0.9663671255111694 1.535132884979248
v -0.030786758288741112 0.9984754920005798 1.528499960899353
v -0.10708765685558319 0.9730291962623596 1.5110876560211182
v -0.13408544659614563 1.0681281089782715 1.5139573812484741
v -0.07285318523645401 0.9692844152450562 1.5416468381881714
v -0.08557189255952835 1.0793578624725342 1.4792859554290771
v -0.10654138773679733 0.9664999842643738 1.5984586477279663
v -0.13120271265506744 1.00230073928833 1.5420000553131104
v -0.13950543105602264 0.9770036339759827 1.5434962511062622
v -0.1346081644296646 0.9762163162231445 1.576716423034668
v -0.11677350848913193 0.968500018119812 1.5903176069259644
v -0.048875123262405396 0.9658751487731934 1.5231249332427979
v -0.07750067114830017 0.9639999866485596 1.5975003242492676
v -0.043304409831762314 0.9637933969497681 1.5213043689727783
v -0.08150000125169754 1.0422160625457764 1.4858567714691162
v -0.12836995720863342 1.056849718093872 1.559999942779541
v -0.09326609969139099 0.9687553644180298 1.560989260673523
v -0.10943011939525604 0.9822795391082764 1.5020699501037598
v -0.1456032246351242 1.0409128665924072 1.5367934703826904
v -0.01533831562846899 1.0021028518676758 1.5354411602020264
v -0.1372862607240677 1.020145058631897 1.542213797569275
v -0.06700000166893005 0.9995123147964478 1.5146584510803223
v -0.11802440136671066 1.0335975885391235 1.5144755840301514
v -0.11517394334077835 1.0123697519302368 1.6270217895507812
v -0.03049999289214611 0.9996386766433716 1.545572280883789
v -0.02421506866812706 0.9829999804496765 1.5459301471710205
v -0.018632004037499428 0.9973239898681641 1.5344120264053345
v -0.11389395594596863 1.0410352945327759 1.6251060962677002
v -0.06700000166893005 0.9972773194313049 1.5156890153884888
v -0.15020734071731567 1.0685184001922607 1.5355000495910645
v -0.10269460827112198 1.019221544265747 1.6018054485321045
v -0.06228586658835411 0.9960952997207642 1.5927141904830933
v -0.0880565270781517 0.9679999947547913 1.5659434795379639
v -0.09094361960887909 0.9940000176429749 1.495314598083496
v -0.10118427127599716 0.9904999732971191 1.5506842136383057
v -0.11396817862987518 0.9724788069725037 1.5160424709320068
v -0.12229632586240768 1.0379999876022339 1.6185554265975952
v -0.07502742856740952 0.9698516130447388 1.539648413658142
v -0.08903246372938156 1.0850974321365356 1.483064889907837
v -0.0820000022649765 1.0630193948745728 1.4804902076721191
v -0.053823646157979965 0.9890000224113464 1.5021175146102905
v -0.14518772065639496 1.096187710762024 1.5465830564498901
v -0.003154798410832882 1.0248452425003052 1.5347063541412354
v -0.11160346865653992 0.996999979019165 1.5171034336090088
v -0.13770125806331635 1.019103765487671 1.6109999418258667
v -0.15532135963439941 1.013464093208313 1.560821294784546
v -0.06519816070795059 0.9663490653038025 1.5156508684158325
v -0.03566884621977806 0.9899437427520752 1.540831208229065
v -0.13063451647758484 1.0021586418151855 1.5420000553131104
v -0.13232482969760895 1.0702992677688599 1.559000015258789
v -0.11652249842882156 1.1004774570465088 1.4974886178970337
v -0.03049999289214611 1.0026707649230957 1.5454715490341187
v -0.0308854803442955 1.0175726413726807 1.5420000553131104
v -0.10077653080224991 1.0330530405044556 1.4943617582321167
v -0.06721106171607971 1.0230000019073486 1.5010000467300415
v -0.09500818699598312 1.0195000171661377 1.5257623195648193
v -0.15506845712661743 1.0157262086868286 1.5618630647659302
v -0.10649999976158142 1.0386641025543213 1.5412089824676514
v -0.05215035378932953 1.0258374214172363 1.4948374032974243
v -0.09447645395994186 1.0304529666900635 1.6309764385223389
v -0.0054098134860396385 1.0212254524230957 1.5360450744628906
v -0.1375577747821808 1.073115587234497 1.512471079826355
v -0.09001947194337845 0.9725000262260437 1.5288203954696655
v -0.11185672134160995 0.9676783680915833 1.594643235206604
v -0.06855855137109756 1.0230000019073486 1.5010000467300415
v -0.12980958819389343 0.9860712289810181 1.5293807983398438
v -0.13145659863948822 1.0345433950424194 1.6088151931762695
v -0.1169738918542862 0.9893955588340759 1.5860260725021362
v -0.11238530278205872 1.1026639938354492 1.5041639804840088
v -0.15124733746051788 1.0377366542816162 1.565500020980835
v -0.05398526415228844 0.9636213183403015 1.5167573690414429
v -0.11112351715564728 1.0195000171661377 1.5466234683990479
v -0.09300000220537186 0.9683703780174255 1.5015184879302979
v -0.1551886945962906 1.0163774490356445 1.56275475025177
v -0.12264731526374817 1.0379999876022339 1.618028998374939
v -0.05026562139391899 0.9884999990463257 1.5318671464920044
v -0.08163537085056305 0.9811877608299255 1.4922707080841064
v -0.033467769622802734 1.0325322151184082 1.5065323114395142
v -0.012195375747978687 1.0294768810272217 1.5138046741485596
v -0.11400000005960464 1.0094075202941895 1.5563369989395142
v -0.10080777853727341 1.0199038982391357 1.5337116718292236
v -0.11676201224327087 1.0190000534057617 1.5152618885040283
v -0.11458925902843475 1.0237321853637695 1.6338213682174683
v -0.002437787828966975 1.0306459665298462 1.5303541421890259
v -0.03676459193229675 1.0302354097366333 1.5039902925491333
v -0.07908463478088379 0.9752460718154907 1.4916692972183228
v -0.023000003769993782 0.9829999804496765 1.5410012006759644
v -0.015759024769067764 1.001401662826538 1.5351606607437134
v -0.13750000298023224 1.021183967590332 1.5419540405273438
v -0.07780450582504272 1.0044887065887451 1.4839999675750732
v -0.09329494833946228 1.0195000171661377 1.5232949256896973
v -0.06450545787811279 0.9666684865951538 1.5111629962921143
v -0.039338793605566025 0.9704918265342712 1.5158387422561646
v -0.0800912082195282 0.9936823844909668 1.608908772468567
v -0.057777758687734604 0.9884999990463257 1.5281481742858887
v -0.12798801064491272 1.0039799213409424 1.5674960613250732
v -0.13442742824554443 1.084209680557251 1.5579999685287476
v -0.15332329273223877 1.0486165285110474 1.5646767616271973
v -0.11283599585294724 1.0413880348205566 1.6261639595031738
v -0.12794844806194305 0.9750000238418579 1.5343968868255615
v -0.041923366487026215 0.9894999861717224 1.5360510349273682
v -0.13532377779483795 0.9700000286102295 1.5677047967910767
v -0.02714012749493122 0.9665796160697937 1.5425000190734863
v -0.0971451923251152 0.965499997138977 1.6024999618530273
v -0.10878686606884003 0.9799343347549438 1.5027132034301758
v -0.05613504722714424 0.9679598212242126 1.5886350870132446
v -0.03745536878705025 1.006678581237793 1.5039106607437134
v -0.10812573879957199 1.000667691230774 1.6186257600784302
v -0.06197485700249672 0.9658249616622925 1.5121750831604004
v -0.0942256972193718 1.085951328277588 1.5119999647140503
v -0.11400450766086578 1.0120179653167725 1.5159955024719238
v -0.08161001652479172 0.9813399314880371 1.4922200441360474
v -0.07663751393556595 0.9836375117301941 1.6044832468032837
v -0.13664810359477997 1.0204999446868896 1.54622220993042
v -0.14247500896453857 1.0028750896453857 1.582974910736084
v -0.11761368811130524 0.968500018119812 1.5897575616836548
v -0.14165057241916656 1.0214999914169312 1.5521506071090698
v -0.13141365349292755 0.9919999837875366 1.590615153312683
v -0.10982012748718262 1.0386600494384766 1.6041600704193115
v -0.11271075904369354 1.0823431015014648 1.5372892618179321
v -0.0891454890370369 0.9645000100135803 1.6022863388061523
v -0.11892677843570709 0.98760986328125 1.5111098289489746
v -0.08312998712062836 0.9854999780654907 1.6081520318984985
v -0.03210970759391785 0.9828699231147766 1.5589796304702759
v -0.11282799392938614 1.0628119707107544 1.4923279285430908
v -0.10630230605602264 0.9726511836051941 1.5103023052215576
v -0.05423492193222046 0.9854999780654907 1.5867348909378052
v -0.13002876937389374 1.0997356176376343 1.5242931842803955
v -0.14654575288295746 1.0968180894851685 1.5449542999267578
v -0.09642578661441803 0.984499990940094 1.6140371561050415
v -0.1376076489686966 1.073215365409851 1.5124461650848389
v -0.12950000166893005 0.9825155735015869 1.5282031297683716
v -0.060246970504522324 0.9673795700073242 1.5054938793182373
v -0.13245519995689392 1.0647735595703125 1.5140000581741333
v -0.0018009876366704702 1.0299030542373657 1.5314950942993164
v -0.1356627345085144 1.090255856513977 1.5129185914993286
v -0.012369371019303799 1.0200225114822388 1.5153692960739136
v -0.08678017556667328 0.9908049702644348 1.56771981716156
v -0.08182311058044434 1.0207256078720093 1.5095975399017334
v -0.10256018489599228 0.9959999918937683 1.5063402652740479
v -0.09266707301139832 0.9733335375785828 1.526832938194275
v -0.13729888200759888 1.0726983547210693 1.5126005411148071
v -0.11147497594356537 0.9892458319664001 1.5667457580566406
v -0.032062821090221405 0.991020917892456 1.5469791889190674
v -0.04560137167572975 0.9645506739616394 1.5258985757827759
v -0.1233566403388977 0.9681783318519592 1.5687675476074219
v -0.10249999910593033 1.0218327045440674 1.6024999618530273
v -0.12100184708833694 1.0333364009857178 1.5593345165252686
v -0.02452622354030609 0.9850000143051147 1.5319474935531616
v -0.11287090182304382 0.969870924949646 1.597241759300232
v -0.08567910641431808 0.9954999685287476 1.6022611856460571
v -0.09217686206102371 1.0152926445007324 1.6236462593078613
v -0.09407280385494232 0.9735000133514404 1.5257848501205444
v -0.053701918572187424 0.994198739528656 1.562298059463501
v -0.05932678282260895 0.96269291639328 1.5878463983535767
v -0.08150000125169754 1.038088321685791 1.4868528842926025
v -0.010891033336520195 1.0399346351623535 1.5265436172485352
v -0.0838664174079895 0.9915000200271606 1.5702004432678223
v -0.12395870685577393 0.991688072681427 1.595188021659851
v -0.1096038892865181 1.0026558637619019 1.6201038360595703
v -0.09235483407974243 0.9904999732971191 1.5600268840789795
v -0.09441427886486053 1.030328631401062 1.630914330482483
v -0.14190807938575745 0.9724080562591553 1.562000036239624
v -0.11677628755569458 0.968500018119812 1.590315818786621
v -0.13599999248981476 0.9715022444725037 1.556509017944336
v -0.12857331335544586 1.0577932596206665 1.559999942779541
v -0.1226106807589531 1.0379999876022339 1.6180839538574219
v -0.06594963371753693 0.9884999990463257 1.4950251579284668
v -0.15473338961601257 1.011433482170105 1.559966802597046
v -0.06565044075250626 1.0086990594863892 1.5111504793167114
v -0.07642209529876709 0.9664999842643738 1.577577829360962
v -0.08779619634151459 0.9842038154602051 1.6130924224853516
v -0.11347644031047821 0.9735000133514404 1.5440235137939453
v -0.11069359630346298 0.9735000133514404 1.5468064546585083
v -0.12465354800224304 1.0189605951309204 1.5835000276565552
v -0.0703328400850296 0.9946114420890808 1.58322274684906
v -0.026307348161935806 1.0330389738082886 1.538230538368225
v -0.13952015340328217 0.9954999685287476 1.5470807552337646
v -0.12016688287258148 0.9921666979789734 1.566499948501587
v -0.13884177803993225 0.9931708574295044 1.5799872875213623
v -0.1381177306175232 0.9928088784217834 1.5812644958496094
v -0.09545240551233292 1.0184999704360962 1.4941349029541016
v -0.1123005822300911 1.0184999704360962 1.5118005275726318
v -0.1345241665840149 0.9721827507019043 1.5473172664642334
v -0.12923061847686768 1.0600765943527222 1.5598846673965454
v -0.13167236745357513 1.0637297630310059 1.5140000581741333
v -0.11400000005960464 1.0288022756576538 1.6357170343399048
v -0.09331642836332321 0.9848860502243042 1.6143860816955566
v -0.07511544227600098 1.0116409063339233 1.4835000038146973
v -0.03049999289214611 1.0015208721160889 1.5455000400543213
v -0.11645222455263138 0.987308919429779 1.5865477323532104
v -0.05150000378489494 0.9945739507675171 1.5282037258148193
v -0.1407751888036728 1.0277248620986938 1.5913991928100586
v -0.10821833461523056 0.9647394418716431 1.5899789333343506
v -0.0823701024055481 1.065480351448059 1.4792598485946655
v -0.13428620994091034 0.972024142742157 1.5474759340286255
v -0.10249999910593033 1.0244401693344116 1.6026099920272827
v -0.09049999713897705 0.9762358069419861 1.6127452850341797
v -0.02399364858865738 0.9913418292999268 1.5555063486099243
v -0.0015000032726675272 1.026810884475708 1.5349818468093872
v -0.03049999289214611 0.9981727600097656 1.5458654165267944
v -0.12775950133800507 0.9698797464370728 1.5713797807693481
v -0.029141554608941078 0.9825000166893005 1.554962396621704
v -0.09175626933574677 1.0195000171661377 1.5217562913894653
v -0.15736490488052368 1.0677298307418823 1.5610675811767578
v -0.06700000166893005 0.9995421767234802 1.5146385431289673
v -0.043924782425165176 0.9954624176025391 1.5710376501083374
v -0.07436082512140274 0.9909999966621399 1.5448544025421143
v -0.11099348962306976 0.9918354749679565 1.576841950416565
v -0.13402189314365387 1.0825875997543335 1.5579999685287476
v -0.09946176409721375 0.9896911978721619 1.5971146821975708
v -0.059973713010549545 0.9889934062957764 1.5270131826400757
v -0.11373738944530487 0.9723249077796936 1.5163501501083374
v -0.0774446502327919 1.014814853668213 1.4839999675750732
v -0.052202675491571426 1.0022159814834595 1.527999997138977
v -0.11176258325576782 0.9685251712799072 1.594550371170044
v -0.1147489845752716 1.0154939889907837 1.5154999494552612
v -0.0870906338095665 1.059953212738037 1.5160000324249268
v -0.14208362996578217 0.98399817943573 1.5424163341522217
v -0.0780973806977272 1.003415584564209 1.4840973615646362
v -0.12873753905296326 1.0584502220153809 1.559999942779541
v -0.08697965741157532 1.0594186782836914 1.5160000324249268
v -0.09767675399780273 1.0347845554351807 1.6328922510147095
v -0.09203673154115677 1.0158530473709106 1.6239265203475952
v -0.08399999886751175 1.035437822341919 1.5169999599456787
v -0.12938590347766876 0.9990788698196411 1.6003859043121338
v -0.03087863326072693 1.0077717304229736 1.5442427396774292
v -0.09284662455320358 0.9904999732971191 1.5593712329864502
v -0.07388393580913544 0.9691279530525208 1.5063719749450684
v -0.13650000095367432 0.9710000157356262 1.555694580078125
v -0.06543851643800735 0.9860000014305115 1.5964590311050415
v -0.08150000125169754 1.0543131828308105 1.4833433628082275
v -0.09028971195220947 0.9950000047683716 1.5999470949172974
v -0.06613291800022125 0.9860000014305115 1.5969219207763672
v -0.07135534286499023 1.0161446332931519 1.4837288856506348
v -0.10779869556427002 1.0654480457305908 1.5401493310928345
v -0.11138391494750977 0.9917053580284119 1.5763214826583862
v -0.11314449459314346 0.9895481467247009 1.5670000314712524
v -0.08037029206752777 0.970889151096344 1.494740605354309
v -0.01282157376408577 1.0359405279159546 1.5260297060012817
v -0.037416405975818634 0.9931387901306152 1.54372239112854
v -0.0841403380036354 0.9723801016807556 1.5327397584915161
v -0.09379883110523224 0.9904999732971191 1.5434740781784058
v -0.1138538345694542 1.0656346082687378 1.4933538436889648
v -0.07903780043125153 1.0210000276565552 1.506615161895752
v -0.034634023904800415 0.9621340036392212 1.5428297519683838
v -0.06168481335043907 0.9951303601264954 1.4976848363876343
v -0.10556580871343613 0.9725000262260437 1.509565830230713
v -0.09316256642341614 0.9844877123832703 1.6150000095367432
v -0.1017124205827713 0.9959999918937683 1.5053082704544067
v -0.12357739359140396 0.9895516037940979 1.5974225997924805
v -0.07586448639631271 0.9929999709129333 1.579135537147522
v -0.1386585533618927 1.0208861827850342 1.5486584901809692
v -0.06041208654642105 0.9624999761581421 1.5894414186477661
v -0.15287508070468903 1.0746877193450928 1.5345624685287476
v -0.13142654299736023 0.9695000052452087 1.576073408126831
v -0.0750412866473198 0.969860851764679 1.5396391153335571
v -0.11108910292387009 0.9918036460876465 1.5767145156860352
v -0.08249999582767487 1.0688135623931885 1.4782966375350952
v -0.061465222388505936 0.9664999842643738 1.5175116062164307
v -0.05771244317293167 0.9934999942779541 1.5597156286239624
v -0.041424669325351715 0.9661506414413452 1.5193493366241455
v -0.11984586715698242 1.0368459224700928 1.5136635303497314
v -0.0663347989320755 1.0135087966918945 1.5093302726745605
v -0.1392209678888321 1.0295000076293945 1.5956976413726807
v -0.13050000369548798 1.0185198783874512 1.570504903793335
v -0.08195576071739197 0.9894999861717224 1.5306836366653442
v -0.03099999763071537 1.0120612382888794 1.542887806892395
v -0.09691122174263 1.0927337408065796 1.5115000009536743
v -0.15651164948940277 1.0889533758163452 1.5349884033203125
v -0.1104264035820961 0.9890710711479187 1.5665709972381592
v -0.08044721931219101 0.9706583619117737 1.4948943853378296
v -0.13495053350925446 1.0854010581970215 1.5577747821807861
v -0.13174772262573242 1.0677385330200195 1.5592522621154785
v -0.08839932084083557 0.9904999732971191 1.5659010410308838
v -0.14218173921108246 1.0214999914169312 1.5526816844940186
v -0.03981408104300499 0.9642788767814636 1.5709999799728394
v -0.05770538002252579 0.9894999861717224 1.4989709854125977
v -0.0982673317193985 0.9951336979866028 1.5019010305404663
v -0.01162884384393692 1.0091134309768677 1.535871148109436
v -0.08533040434122086 1.0086519718170166 1.5258392095565796
v -0.09099999815225601 0.9660238027572632 1.6062856912612915
v -0.10257241874933243 1.0069345235824585 1.5995723009109497
v -0.09354482591152191 1.0845896005630493 1.5119999647140503
v -0.135053351521492 1.0126067399978638 1.6085532903671265
v -0.023227935656905174 0.984499990940094 1.53519606590271
v -0.11602678894996643 0.9760267734527588 1.6010267734527588
v -0.04528022184967995 0.9889299273490906 1.5343599319458008
v -0.1315598487854004 1.098793387413025 1.526413083076477
v -0.08714338392019272 1.0197855234146118 1.5161433219909668
v -0.13765037059783936 1.020550012588501 1.5476503372192383
v -0.14020222425460815 0.9954999685287476 1.5493032932281494
v -0.14547216892242432 0.9769443273544312 1.562999963760376
v -0.13797365128993988 0.99273681640625 1.5815527439117432
v -0.10132444649934769 0.9725000262260437 1.5064414739608765
v -0.10770411789417267 0.9729999899864197 1.5493638515472412
v -0.038828592747449875 0.9852762222290039 1.5701048374176025
v -0.10788580775260925 1.018942952156067 1.5083286762237549
v -0.09446713328361511 0.965499997138977 1.6024999618530273
v -0.08500000089406967 1.0509124994277954 1.5169999599456787
v -0.09879811853170395 0.9924037456512451 1.5982980728149414
v -0.04539577290415764 0.9884652495384216 1.5090694427490234
v -0.06352028995752335 0.9965101480484009 1.5914796590805054
v -0.11529365181922913 1.0216190814971924 1.6324126720428467
v -0.05554686859250069 0.9640234112739563 1.5159765481948853
v -0.09235886484384537 1.0880000591278076 1.4887176752090454
v -0.09183613955974579 0.9904999732971191 1.5607458353042603
v -0.0701480433344841 0.9884999990463257 1.4935879707336426
v -0.11773057281970978 0.9745000004768372 1.522230625152588
v -0.11133114993572235 0.9676622748374939 1.5929934978485107
v -0.02637454867362976 0.9730018377304077 1.5429999828338623
v -0.06700000166893005 0.999532163143158 1.5146452188491821
v -0.03191695734858513 0.9909792542457581 1.5470209121704102
v -0.02875444106757641 0.9632455706596375 1.542877197265625
v -0.028461959213018417 0.9859809875488281 1.525057077407837
v -0.13245044648647308 1.0046261548995972 1.6039505004882812
v -0.10691367834806442 0.9900000095367432 1.5567182302474976
v -0.10788960754871368 1.0414724349975586 1.6305828094482422
v -0.1395704299211502 0.9959272146224976 1.5807136297225952
v -0.12857744097709656 1.057809829711914 1.559999942779541
v -0.08173869550228119 1.0586934089660645 1.4817613363265991
v -0.08963219821453094 0.9950000047683716 1.5972355604171753
v -0.14091485738754272 1.030829668045044 1.540042519569397
v -0.10264138877391815 0.9867069721221924 1.611141324043274
v -0.09639818221330643 0.9695000052452087 1.558101773262024
v -0.05907287076115608 0.9624999761581421 1.5885485410690308
v -0.0835455060005188 0.9918863773345947 1.4907728433609009
v -0.056932900100946426 1.0031341314315796 1.4919328689575195
v -0.05886969715356827 0.9991954565048218 1.4943697452545166
v -0.14650000631809235 1.0454020500183105 1.5355000495910645
v -0.0429084412753582 0.9940915703773499 1.5147111415863037
v -0.052283208817243576 1.0103007555007935 1.526849627494812
v -0.030710313469171524 1.0184484720230103 1.5420000553131104
v -0.1162462905049324 0.9864851832389832 1.5867537260055542
v -0.08303765952587128 1.018849492073059 1.4931505918502808
v -0.09300000220537186 0.9679999947547913 1.5037591457366943
v -0.11398870497941971 0.9735000133514404 1.5435112714767456
v -0.15549999475479126 1.0618114471435547 1.562537670135498
v -0.011571894399821758 1.009284257888794 1.5359281301498413
v -0.07569330930709839 1.0104200839996338 1.4836933612823486
v -0.13259954750537872 1.0204999446868896 1.5396493673324585
v -0.1224626898765564 0.9941045045852661 1.566499948501587
v -0.1324322521686554 1.0204999446868896 1.539398431777954
v -0.09791523218154907 0.9963304400444031 1.5989999771118164
v -0.11400000005960464 1.0090248584747314 1.5564899444580078
v -0.14888226985931396 1.024235486984253 1.575088620185852
v -0.12477638572454453 1.1012412309646606 1.5170351266860962
v -0.10219421237707138 1.050194263458252 1.4919352531433105
v -0.05087629333138466 1.0171185731887817 1.5233763456344604
v -0.08150000125169754 1.0343536138534546 1.487661600112915
v -0.1223396360874176 1.0223395824432373 1.5625189542770386
v -0.020525358617305756 0.9947995543479919 1.5333248376846313
v -0.1103060320019722 0.9735000133514404 1.5143060684204102
v -0.13184039294719696 0.991886556148529 1.5900461673736572
v -0.03460825979709625 0.990297257900238 1.5418916940689087
v -0.15301571786403656 1.0223228931427002 1.570322871208191
v -0.12560129165649414 0.9975000023841858 1.5316013097763062
v -0.08581656217575073 0.9642041325569153 1.6009082794189453
v -0.12630124390125275 1.0206506252288818 1.5841506719589233
v -0.054425157606601715 0.9728742241859436 1.5869251489639282
v -0.10643903911113739 0.9967195391654968 1.5119390487670898
v -0.14800000190734863 1.055330753326416 1.5355000495910645
v -0.043671734631061554 0.989442765712738 1.5349427461624146
v -0.0794333890080452 0.9921888709068298 1.5750665664672852
v -0.0821797251701355 0.9706699252128601 1.503499984741211
v -0.07180563360452652 0.9921736121177673 1.5465208292007446
v -0.07978697866201401 0.9903935194015503 1.48919677734375
v -0.1056540310382843 1.0300757884979248 1.541654109954834
v -0.08164224773645401 1.0582112073898315 1.4818577766418457
v -0.012819529511034489 1.0063610076904297 1.5355000495910645
v -0.07724112272262573 0.9800177812576294 1.4906206130981445
v -0.10133390128612518 0.9850834608078003 1.6119165420532227
v -0.12493012100458145 0.9904534220695496 1.5960699319839478
v -0.04213893413543701 0.9854999780654907 1.574208378791809
v -0.1188686266541481 0.9952372312545776 1.5845656394958496
v -0.09249162673950195 1.014033555984497 1.6230167150497437
v -0.11264195293188095 1.0620677471160889 1.4921419620513916
v -0.11751561611890793 1.084078073501587 1.49399995803833
v -0.04805590584874153 0.9860000014305115 1.5800559520721436
v -0.03470246121287346 0.9877341389656067 1.5172975063323975
v -0.11542586982250214 1.01362943649292 1.6277775764465332
v -0.010143577121198177 1.0137128829956055 1.5364999771118164
v -0.023000003769993782 0.9829999804496765 1.5416853427886963
v -0.05473056808114052 1.0125389099121094 1.4884611368179321
v -0.14515791833400726 1.0943419933319092 1.540315866470337
v -0.11899999529123306 0.9970757961273193 1.5839873552322388
v -0.08659108728170395 0.9900227785110474 1.5365910530090332
v -0.14090277254581451 0.9779351949691772 1.542564868927002
v -0.012129722163081169 1.0291485786437988 1.513870358467102
v -0.0746697336435318 0.9667453765869141 1.6030000448226929
v -0.07937928289175034 0.9743621349334717 1.4922585487365723
v -0.10608016699552536 0.9858600497245789 1.6101399660110474
v -0.11221367865800858 1.061118245124817 1.491904616355896
v -0.06347376853227615 0.9666579365730286 1.5490262508392334
v -0.03803345561027527 0.9933444857597351 1.5433109998703003
v -0.10986475646495819 1.0712294578552246 1.5398175716400146
v -0.13210342824459076 1.0643045902252197 1.5140000581741333
v -0.08592931181192398 1.0547171831130981 1.5165706872940063
v -0.13328877091407776 1.0333555936813354 1.6064224243164062
v -0.043154388666152954 0.9918456077575684 1.5365368127822876
v -0.03030414879322052 1.0200875997543335 1.5418041944503784
v -0.14209753274917603 1.0009876489639282 1.5825974941253662
v -0.11899999529123306 1.0016539096832275 1.5835000276565552
v -0.0973561629652977 1.0195000171661377 1.529070258140564
v -0.1153871938586235 1.1035000085830688 1.5075807571411133
v -0.14477713406085968 0.9944999814033508 1.5569156408309937
v -0.1329692006111145 1.0950616598129272 1.5147653818130493
v -0.0524531789124012 0.9629999995231628 1.5794532299041748
v -0.1455303430557251 0.9944999814033508 1.5605909824371338
v -0.1531035602092743 1.0475178956985474 1.5648964643478394
v -0.1371217668056488 1.0894956588745117 1.5563782453536987
v -0.12799999117851257 1.005618929862976 1.5674999952316284
v -0.15877966582775116 1.0736186504364014 1.5589407682418823
v -0.12584061920642853 0.9720218181610107 1.5306594371795654
v -0.08472450077533722 1.0199999809265137 1.5135867595672607
v -0.10560909658670425 0.9965000152587891 1.510913610458374
v -0.06178222969174385 0.9657607674598694 1.5122392177581787
v -0.054499998688697815 1.0133652687072754 1.487817406654358
v -0.11054883897304535 0.9665488600730896 1.5915488004684448
v -0.029500000178813934 1.0235683917999268 1.54082190990448
v -0.12290946394205093 1.03971266746521 1.5131968259811401
v -0.03099999763071537 1.0092483758926392 1.543750524520874
v -0.08399999886751175 1.0323561429977417 1.5169999599456787
v -0.13576404750347137 1.087292194366455 1.5575000047683716
v -0.07377856969833374 0.9884999990463257 1.4921107292175293
v -0.04766117408871651 0.9884999990463257 1.5068389177322388
v -0.11899999529123306 1.0956546068191528 1.4948309659957886
v -0.11052493005990982 0.9707624912261963 1.5209500789642334
v -0.0990615263581276 0.9916924238204956 1.5983154773712158
v -0.05496935546398163 1.0243979692459106 1.4937653541564941
v -0.08506489545106888 0.9894999861717224 1.5345648527145386
v -0.14563116431236267 1.0130246877670288 1.58613121509552
v -0.07567046582698822 0.9638901352882385 1.5967803001403809
v -0.07180584967136383 0.9855647087097168 1.6008058786392212
v -0.08235163986682892 1.0654065608978271 1.4792966842651367
v -0.1166602298617363 1.1035000085830688 1.5088300704956055
v -0.15157164633274078 1.071643352508545 1.5352141857147217
v -0.12154533714056015 0.9925755858421326 1.566499948501587
v -0.06310781836509705 0.9613921642303467 1.592911720275879
v -0.07580043375492096 1.014266848564148 1.4842332601547241
v -0.03548334911465645 0.9629999995231628 1.5385665893554688
v -0.06355477124452591 0.9663515686988831 1.511648416519165
v -0.04639371111989021 0.9886515736579895 1.533803105354309
v -0.014958547428250313 1.0027357339859009 1.5356942415237427
v -0.0937805026769638 0.9881585240364075 1.4923779964447021
v -0.08150000125169754 1.0249831676483154 1.4902541637420654
v -0.055000003427267075 1.011664628982544 1.4890670776367188
v -0.05150000378489494 0.9965755343437195 1.527999997138977
v -0.1181548535823822 1.0341193675994873 1.5143451690673828
v -0.1362943798303604 1.006657361984253 1.5429314374923706
v -0.11400000005960464 1.0045192241668701 1.55649995803833
v -0.0287295114248991 0.9866622686386108 1.549878716468811
v -0.036092907190322876 0.9718606472015381 1.5709999799728394
v -0.026575949043035507 0.987962007522583 1.549462080001831
v -0.13650000095367432 0.9716199636459351 1.55076003074646
v -0.10830625146627426 0.9734354019165039 1.5123062133789062
v -0.13017837703227997 1.0246306657791138 1.5852261781692505
v -0.12224216759204865 1.1009999513626099 1.522943377494812
v -0.07865157723426819 0.9877420663833618 1.6130000352859497
v -0.07997161895036697 0.9639999866485596 1.5987358093261719
v -0.08668311685323715 0.9714207649230957 1.5025793313980103
v -0.13807931542396545 1.029710292816162 1.5981310606002808
v -0.09849999845027924 1.0038022994995117 1.5400395393371582
v -0.142290398478508 1.0942903757095337 1.5497095584869385
v -0.15380461513996124 1.0843907594680786 1.550804615020752
v -0.0469059981405735 0.9885234832763672 1.533547043800354
v -0.1176810935139656 0.968500018119812 1.5897126197814941
v -0.08220573514699936 0.9706764221191406 1.503499984741211
v -0.07400637865066528 0.965668797492981 1.5799936056137085
v -0.13759693503379822 1.073193907737732 1.5124515295028687
v -0.04356905445456505 0.9856896996498108 1.5760691165924072
v -0.11359837651252747 1.0028935670852661 1.55649995803833
v -0.056085389107465744 0.9681584239006042 1.588585376739502
v -0.13016411662101746 1.0171564817428589 1.5701642036437988
v -0.14650000631809235 1.045515775680542 1.5355000495910645
v -0.12864051759243011 1.0580620765686035 1.559999942779541
v -0.06509926170110703 0.996999979019165 1.5896011590957642
v -0.04048096388578415 0.9635190367698669 1.5707595348358154
v -0.07720892876386642 0.9837910532951355 1.6043133735656738
v -0.04668324440717697 0.9599999785423279 1.5663167238235474
v -0.036026861518621445 0.9751074314117432 1.570446252822876
v -0.04377606511116028 0.9611119627952576 1.568917989730835
v -0.06170797720551491 0.9860000014305115 1.5936040878295898
v -0.09138217568397522 0.9904999732971191 1.5614267587661743
v -0.10133165121078491 0.9662079215049744 1.6010842323303223
v -0.09868600964546204 0.9949380159378052 1.5888140201568604
v -0.026482703164219856 1.037129282951355 1.5113879442214966
v -0.12149830907583237 0.992499589920044 1.566499948501587
v -0.0826810896396637 0.984000027179718 1.608681082725525
v -0.12565889954566956 0.9691647291183472 1.5703295469284058
v -0.08286157995462418 1.0203794240951538 1.5109821557998657
v -0.12252991646528244 0.9692649841308594 1.5859700441360474
v -0.0866255983710289 1.0199581384658813 1.5156254768371582
v -0.05249999836087227 1.0071746110916138 1.527500033378601
v -0.06241106614470482 0.9936778545379639 1.4984110593795776
v -0.06285788863897324 0.9661192893981934 1.5118807554244995
v -0.12896281480789185 1.009851336479187 1.56846284866333
v -0.02641325443983078 0.9856887459754944 1.549362301826477
v -0.09849999845027924 1.0005704164505005 1.5407323837280273
v -0.1279827505350113 1.1006723642349243 1.518517255783081
v -0.13810932636260986 1.0742186307907104 1.512195348739624
v -0.06674691289663315 0.9884999990463257 1.494626522064209
v -0.10633179545402527 1.0543317794799805 1.4900420904159546
v -0.05509708449244499 1.0243022441864014 1.493701457977295
v -0.07647215574979782 0.9905139207839966 1.5435138940811157
v -0.10448738932609558 1.0574243068695068 1.5394999980926514
v -0.0769278034567833 1.021286129951477 1.5048555135726929
v -0.06084374710917473 0.9860000014305115 1.5931719541549683
v -0.059043530374765396 0.9716846942901611 1.5013152360916138
v -0.09885461628437042 0.9725000262260437 1.5052363872528076
v -0.12533390522003174 0.9750000238418579 1.5300008058547974
v -0.058083292096853256 0.9820416569709778 1.4980207681655884
v -0.06700000166893005 0.9976967573165894 1.5155212879180908
v -0.11482211947441101 0.972733199596405 1.5997332334518433
v -0.02406017668545246 0.9829999804496765 1.545620322227478
v -0.041286569088697433 0.9879999756813049 1.51180899143219
v -0.1362607330083847 0.9840214848518372 1.5815215110778809
v -0.05370146036148071 0.9941990375518799 1.5622985363006592
v -0.09317626804113388 1.0195000171661377 1.5231763124465942
v -0.12453074753284454 0.9695461392402649 1.5319691896438599
v -0.11310683935880661 1.0195000171661377 1.5491424798965454
v -0.10603629797697067 1.041818618774414 1.5414637327194214
v -0.10455028712749481 1.0977751016616821 1.4987751245498657
v -0.0909731462597847 1.070919394493103 1.5140269994735718
v -0.0509011447429657 1.0169943571090698 1.523401141166687
v -0.11899999529123306 0.9963158369064331 1.5842280387878418
v -0.06623061746358871 0.9860000014305115 1.5969871282577515
v -0.10618583858013153 1.0195000171661377 1.5411393642425537
v -0.0624404214322567 0.9961467981338501 1.5925596952438354
v -0.07843651622533798 0.9771904349327087 1.49143648147583
v -0.08955943584442139 0.972000002861023 1.502500057220459
v -0.036094117909669876 1.011014699935913 1.5020941495895386
v -0.06143945828080177 0.9925000071525574 1.5562070608139038
v -0.09300000220537186 0.9679999947547913 1.5036290884017944
v -0.06714652478694916 0.9929999709129333 1.5498900413513184
v -0.10633731633424759 1.0368492603302002 1.5414999723434448
v -0.09849999845027924 1.0040698051452637 1.5399999618530273
v -0.08150000125169754 1.0552527904510498 1.4828988313674927
v -0.1549493819475174 1.053348183631897 1.563550591468811
v -0.13244086503982544 1.0707634687423706 1.559000015258789
v -0.1507769525051117 1.0212410688400269 1.5605179071426392
v -0.04883725196123123 0.9886686205863953 1.5056627988815308
v -0.12907034158706665 0.9802110195159912 1.527999997138977
v -0.06521394848823547 0.9890000224113464 1.524393081665039
v -0.08222860842943192 0.984000027179718 1.6082285642623901
v -0.10323872417211533 1.0168063640594482 1.6012612581253052
v -0.09725956618785858 1.0184999704360962 1.496389389038086
v -0.014483257196843624 1.0389832258224487 1.5250167846679688
v -0.014898045919835567 1.0028365850448608 1.5357346534729004
v -0.1277550607919693 0.9670100808143616 1.5522449016571045
v -0.13019999861717224 0.9696499705314636 1.5503499507904053
v -0.07881338149309158 0.9714378118515015 1.5371242761611938
v -0.08741234242916107 0.9906468987464905 1.5670876502990723
v -0.028055135160684586 0.987066924571991 1.5508228540420532
v -0.13499999046325684 0.9710000157356262 1.5544803142547607
v -0.07527576386928558 0.9827242493629456 1.6055514812469482
v -0.0799127072095871 0.9854999780654907 1.606941819190979
v -0.10526222735643387 0.971643328666687 1.506975531578064
v -0.13650000095367432 0.9710000157356262 1.557883381843567
v -0.06577832996845245 0.9670695662498474 1.510360836982727
v -0.06074990704655647 0.9623750448226929 1.5897499322891235
v -0.11397767066955566 0.9904999732971191 1.5679553747177124
v -0.1343930959701538 1.0983214378356934 1.5290358066558838
v -0.11553971469402313 1.0245795249938965 1.5149999856948853
v -0.1081095039844513 1.041536569595337 1.6304270029067993
v -0.0608292818069458 0.9894999861717224 1.496780514717102
v -0.15240488946437836 1.0868927240371704 1.5494048595428467
v -0.10657282918691635 0.9917086958885193 1.504427194595337
v -0.06313689798116684 0.966212272644043 1.5117876529693604
v -0.04110299423336983 0.993308961391449 1.5738970041275024
v -0.12266301363706589 1.0366050004959106 1.5605000257492065
v -0.136557936668396 1.0167896747589111 1.5425000190734863
v -0.14550000429153442 0.9944999814033508 1.5600240230560303
v -0.13016799092292786 1.0171719789505005 1.5701680183410645
v -0.098260298371315 0.9950798749923706 1.5892397165298462
v -0.13206802308559418 0.9700000286102295 1.5754092931747437
v -0.03099999763071537 1.0166993141174316 1.5420502424240112
v -0.12453621625900269 0.9901908040046692 1.5964637994766235
v -0.10739883780479431 0.9765953421592712 1.5036011934280396
v -0.10910011827945709 1.0693002939224243 1.5399999618530273
v -0.12890514731407166 0.9794308543205261 1.527999997138977
v -0.0295693539083004 0.9825000166893005 1.55559241771698
v -0.14220410585403442 1.0015205144882202 1.5827040672302246
v -0.11499212682247162 1.0114842653274536 1.6264842748641968
v -0.09433599561452866 0.9721719622612 1.4944920539855957
v -0.1369500607252121 0.9921751022338867 1.5786750316619873
v -0.152869313955307 1.0861960649490356 1.5498692989349365
v -0.027943065389990807 0.9857215285301208 1.525835394859314
v -0.09007193893194199 0.9645359516143799 1.6024999618530273
v -0.08249999582767487 1.0696489810943604 1.4780877828598022
v -0.11806304007768631 1.0208543539047241 1.5555630922317505
v -0.13326530158519745 1.0204999446868896 1.5406479835510254
v -0.11400000005960464 1.0295207500457764 1.6358367204666138
v -0.08156062662601471 0.9816362857818604 1.4921212196350098
v -0.13747046887874603 0.9959999918937683 1.543440818786621
v -0.14650000631809235 1.0482302904129028 1.5355000495910645
v -0.1323908269405365 1.0044770240783691 1.6038908958435059
v -0.05953337624669075 0.9894999861717224 1.4976444244384766
v -0.12881113588809967 1.0092445611953735 1.568311095237732
v -0.025000005960464478 0.981499969959259 1.5460096597671509
v -0.15304431319236755 1.0751107931137085 1.534500002861023
v -0.09300000220537186 1.0090631246566772 1.621999979019165
v -0.11747364699840546 1.0993244647979736 1.529701828956604
v -0.026872601360082626 0.9854999780654907 1.5273364782333374
v -0.016394613310694695 1.039947271347046 1.5216580629348755
v -0.1330101042985916 1.0334949493408203 1.6069798469543457
v -0.03700000420212746 0.9803310036659241 1.5134999752044678
v -0.11349643021821976 1.0854856967926025 1.536503553390503
v -0.10948871076107025 0.9819774031639099 1.5020112991333008
v -0.1310124397277832 1.0991582870483398 1.5256832838058472
v -0.06564433127641678 0.9670360684394836 1.5104278326034546
v -0.09200000017881393 1.0162510871887207 1.6240836381912231
v -0.09397538006305695 0.9723688364028931 1.502868890762329
v -0.12563765048980713 0.9975000023841858 1.5316376686096191
v -0.09375210851430893 0.9942436814308167 1.6174999475479126
v -0.137442484498024 0.9929137229919434 1.5794137716293335
v -0.07657838612794876 0.9817648530006409 1.490078330039978
v -0.14817139506340027 1.0608569383621216 1.5355000495910645
v -0.0450301319360733 0.9954999685287476 1.569283127784729
v -0.09099999815225601 1.0756391286849976 1.5130000114440918
v -0.11400000005960464 1.00840163230896 1.5172746181488037
v -0.11616253107786179 0.9761625528335571 1.6011625528335571
v -0.039752062410116196 0.9636260271072388 1.531121850013733
v -0.08150000125169754 1.0395281314849854 1.4864929914474487
v -0.13383525609970093 1.0934971570968628 1.5143324136734009
v -0.08825790882110596 0.9904999732971191 1.5661131143569946
v -0.036009736359119415 0.9845032691955566 1.566009759902954
v -0.06161634624004364 0.9663721323013306 1.5508836507797241
v -0.03950388357043266 0.9898320436477661 1.5379960536956787
v -0.05780846253037453 0.9894999861717224 1.4988936185836792
v -0.11841884255409241 0.9787565469741821 1.510081171989441
v -0.1041645035147667 1.0521645545959473 1.4908355474472046
v -0.03504793718457222 0.9620000123977661 1.5477397441864014
v -0.03070155531167984 1.0184922218322754 1.5420000553131104
v -0.14162540435791016 1.0271873474121094 1.589561939239502
v -0.04890311881899834 0.9884999990463257 1.532548427581787
v -0.02264254167675972 0.9837149381637573 1.5397850275039673
v -0.09183334559202194 0.9940000176429749 1.495833396911621
v -0.15380746126174927 1.094596266746521 1.5383944511413574
v -0.12661713361740112 0.995617151260376 1.5981171131134033
v -0.11121200025081635 0.9917626976966858 1.5765507221221924
v -0.029123837128281593 1.0001682043075562 1.5282078981399536
v -0.06579896807670593 0.9968504905700684 1.5885515213012695
v -0.10317494720220566 1.012374758720398 1.600174903869629
v -0.03458479419350624 0.9903050661087036 1.5419151782989502
v -0.030346151441335678 1.0348268747329712 1.5088269710540771
v -0.03098701499402523 1.0345064401626587 1.5085065364837646
v -0.04469575732946396 0.9625361561775208 1.5219638347625732
v -0.10946469008922577 0.996999979019165 1.5149646997451782
v -0.08557227998971939 0.9936445355415344 1.5260000228881836
v -0.12451792508363724 1.1013274192810059 1.5166906118392944
v -0.13984273374080658 1.092171311378479 1.5529859066009521
v -0.03031773678958416 1.0200468301773071 1.5418177843093872
v -0.12500746548175812 1.0204999446868896 1.5292612314224243
v -0.15549999475479126 1.0590440034866333 1.562999963760376
v -0.05895201861858368 0.9625239968299866 1.588428020477295
v -0.13650000095367432 0.9714749455451965 1.551125168800354
v -0.07150489091873169 0.9764853119850159 1.602504849433899
v -0.09099999815225601 0.965371310710907 1.6051139831542969
v -0.12955190241336823 0.9919999837875366 1.592948079109192
v -0.061124738305807114 0.9962505102157593 1.4971247911453247
v -0.09816178679466248 1.0952427387237549 1.5103381872177124
v -0.08311677724123001 1.0725839138031006 1.4780000448226929
v -0.12442103028297424 1.0423420667648315 1.5125395059585571
v -0.07735974341630936 1.021070122718811 1.5057194232940674
v -0.13499999046325684 1.0042390823364258 1.5425000190734863
v -0.10905271023511887 0.9811054468154907 1.5024473667144775
v -0.1271199882030487 1.0025333166122437 1.567206621170044
v -0.1080000028014183 0.9880335927009583 1.503000020980835
v -0.11400000005960464 1.009576439857483 1.5562694072723389
v -0.09641097486019135 1.0912328958511353 1.5115444660186768
v -0.12823332846164703 0.9689777493476868 1.557733416557312
v -0.045390501618385315 0.9605000019073486 1.5676095485687256
v -0.10450000315904617 0.9940773248672485 1.6150386333465576
v -0.13057290017604828 1.063432216644287 1.559499979019165
v -0.06195349246263504 0.9959689974784851 1.5930466651916504
v -0.0979190468788147 1.0184999704360962 1.4973784685134888
v -0.02746465615928173 0.9879646301269531 1.5483450889587402
v -0.0903545394539833 0.984941840171814 1.6139708757400513
v -0.058500003069639206 0.9739575386047363 1.4995282888412476
v -0.10050781816244125 0.9704999923706055 1.5549947023391724
v -0.15267367660999298 1.0741841793060303 1.534663200378418
v -0.13907113671302795 0.990119218826294 1.5455000400543213
v -0.15426671504974365 1.0098000764846802 1.559499979019165
v -0.12972216308116913 0.9995832443237305 1.6007221937179565
v -0.03549599647521973 1.012511968612671 1.5014959573745728
v -0.10592526197433472 0.9928621053695679 1.5050747394561768
v -0.09214872866868973 0.9953829050064087 1.597468376159668
v -0.03337408974766731 1.0326259136199951 1.506626009941101
v -0.04734145104885101 0.9884999990463257 1.507158637046814
v -0.1467895209789276 0.9946447610855103 1.5606776475906372
v -0.03526611253619194 0.9629999995231628 1.5394355058670044
v -0.1333155483007431 1.0790777206420898 1.558500051498413
v -0.13796965777873993 0.970893919467926 1.5614999532699585
v -0.13217438757419586 0.9917752146720886 1.5896008014678955
v -0.09715580940246582 0.9954480528831482 1.5903441905975342
v -0.13775092363357544 1.0253345966339111 1.5414164066314697
v -0.14332588016986847 1.0264999866485596 1.5861964225769043
v -0.08000000566244125 0.9834081530570984 1.6102243661880493
v -0.05350000783801079 0.9790534377098083 1.5865000486373901
v -0.10221779346466064 1.0199999809265137 1.5356236696243286
v -0.15856367349624634 1.0727547407150269 1.5593726634979248
v -0.07573964446783066 0.9827396273612976 1.6056803464889526
v -0.13239611685276031 1.0705845355987549 1.559000015258789
v -0.12800507247447968 1.0060203075408936 1.567505121231079
v -0.027297278866171837 1.0367770195007324 1.5107769966125488
v -0.09066241979598999 0.9950000047683716 1.5951751470565796
v -0.10306361317634583 0.9904999732971191 1.5525636672973633
v -0.12448806315660477 1.1012470722198486 1.5212589502334595
v -0.07305967062711716 0.9854999780654907 1.6020597219467163
v -0.043511152267456055 0.99349445104599 1.5155166387557983
v -0.09540117532014847 0.9757035374641418 1.4921976327896118
v -0.1266396939754486 1.0470587015151978 1.5121396780014038
v -0.11572099477052689 0.975721001625061 1.600721001625061
v -0.06510566174983978 0.9929999709129333 1.5520257949829102
v -0.09460452944040298 0.9847984910011292 1.6145000457763672
v -0.11045889556407928 1.0724177360534668 1.539520502090454
v -0.11785367131233215 0.9892926812171936 1.512792706489563
v -0.10407553613185883 1.0525468587875366 1.5400755405426025
v -0.09849999845027924 1.0002357959747314 1.540816068649292
v -0.07230118662118912 0.9686003923416138 1.5068995952606201
v -0.05976414680480957 0.9620000123977661 1.5872358083724976
v -0.05575086548924446 0.9935622811317444 1.561124563217163
v -0.08715714514255524 1.0818144083023071 1.4806571006774902
v -0.13535740971565247 0.9787870645523071 1.5785722732543945
v -0.011030641384422779 1.0265612602233887 1.5135153532028198
v -0.1289433389902115 0.9699244499206543 1.5584434270858765
v -0.1274215131998062 1.0493429899215698 1.5125000476837158
v -0.07947912067174911 0.9740626215934753 1.4924581050872803
v -0.07149999588727951 0.9777020215988159 1.6020992994308472
v -0.04993397742509842 0.9858553409576416 1.5819339752197266
v -0.02370496094226837 0.9829999804496765 1.5450574159622192
v -0.13205550611019135 1.096592664718628 1.5152963399887085
v -0.10179207473993301 0.9663230180740356 1.6008539199829102
v -0.032499995082616806 1.0195484161376953 1.4995096921920776
v -0.0384649932384491 0.9900699853897095 1.5261050462722778
v -0.09333904832601547 0.9941695332527161 1.4971694946289062
v -0.028165144845843315 1.001502275466919 1.527665138244629
v -0.07520081847906113 0.9854999780654907 1.6037007570266724
v -0.13841670751571655 1.0980000495910645 1.5324167013168335
v -0.09421801567077637 0.971936047077179 1.494845986366272
v -0.07493916898965836 0.9659797549247742 1.5790607929229736
v -0.020273197442293167 1.008226752281189 1.5221821069717407
v -0.08606510609388351 0.9972395896911621 1.5264348983764648
v -0.1417146623134613 1.093714714050293 1.5502853393554688
v -0.11400000005960464 1.0088733434677124 1.517156720161438
v -0.071734718978405 0.9647449254989624 1.5817652940750122
v -0.15367391705513 1.0218260288238525 1.5697392225265503
v -0.09555358439683914 1.088660717010498 1.511973261833191
v -0.015246037393808365 1.0022566318511963 1.5355026721954346
v -0.059518229216337204 0.9684726595878601 1.5040364265441895
v -0.025408916175365448 0.9825000166893005 1.548317790031433
v -0.12049999833106995 1.0105489492416382 1.5824878215789795
v -0.09961698949337006 0.9725000262260437 1.5057446956634521
v -0.03113413043320179 1.0344105958938599 1.5084105730056763
v -0.12819786369800568 0.9678957462310791 1.551802158355713
v -0.09469972550868988 0.9862011075019836 1.4898003339767456
v -0.05949999764561653 0.9705007076263428 1.5023329257965088
v -0.0819292664527893 1.0159822702407837 1.4844647645950317
v -0.10019360482692719 0.9944354891777039 1.5873063802719116
v -0.026500003412365913 0.9819999933242798 1.552377700805664
v -0.11250000447034836 0.9966222643852234 1.55649995803833
v -0.10548829287290573 1.0407441854476929 1.6322559118270874
v -0.09046036750078201 0.972000002861023 1.502500057220459
v -0.11268844455480576 0.9869999885559082 1.6062335968017578
v -0.06639590859413147 0.9890000224113464 1.5239207744598389
v -0.11019179224967957 0.9705958962440491 1.5216164588928223
v -0.15515762567520142 1.016315221786499 1.562630534172058
v -0.0648634061217308 0.996999979019165 1.5899548530578613
v -0.08150000125169754 1.0315884351730347 1.48835289478302
v -0.1189364641904831 0.983245849609375 1.5095635652542114
v -0.15689219534397125 1.0864609479904175 1.534392237663269
v -0.02146288752555847 1.0070370435714722 1.522975206375122
v -0.07277831435203552 0.9726650714874268 1.6030000448226929
v -0.03054448403418064 1.019277572631836 1.5420000553131104
v -0.1171036809682846 1.0992012023925781 1.5301951169967651
v -0.09830576926469803 0.9702686071395874 1.5564627647399902
v -0.1061483845114708 0.9985311627388 1.6172654628753662
v -0.10125177353620529 1.0190000534057617 1.4998137950897217
v -0.05635225400328636 0.9670909643173218 1.5888522863388062
v -0.12231387943029404 1.0223138332366943 1.5624415874481201
v -0.09081561863422394 0.9950000047683716 1.594868779182434
v -0.1300395131111145 1.0020098686218262 1.5420000553131104
v -0.13625358045101166 0.97075355052948 1.5627392530441284
v -0.09099999815225601 1.0764143466949463 1.5130000114440918
v -0.05792907252907753 0.9884999990463257 1.5280473232269287
v -0.11088366061449051 1.0420000553131104 1.6281163692474365
v -0.05084466561675072 0.9868964552879333 1.5302588939666748
v -0.1289999932050705 1.0108524560928345 1.5687130689620972
v -0.09258633106946945 1.0195000171661377 1.5225863456726074
v -0.05043455958366394 1.019065499305725 1.5228909254074097
v -0.0748007744550705 0.9636002779006958 1.5962004661560059
v -0.15500904619693756 1.0125271081924438 1.5605090856552124
v -0.07184047996997833 0.9944999814033508 1.5823297500610352
v -0.023046163842082024 1.0369768142700195 1.53751540184021
v -0.010638912208378315 1.0403610467910767 1.5272221565246582
v -0.09571411460638046 1.0195000171661377 1.5268211364746094
v -0.13128283619880676 0.9743585586547852 1.538924217224121
v -0.08150000125169754 1.0433844327926636 1.4856231212615967
v -0.061420273035764694 0.9664999842643738 1.517526626586914
v -0.10946658998727798 1.0566221475601196 1.4903111457824707
v -0.12694792449474335 1.1008507013320923 1.520097255706787
v -0.05558055639266968 1.023959755897522 1.493459701538086
v -0.08150000125169754 1.0236952304840088 1.4905610084533691
v -0.0886620283126831 1.0195000171661377 1.5179930925369263
v -0.08304601162672043 1.0162614583969116 1.4845000505447388
v -0.09356299787759781 0.9861889481544495 1.615062952041626
v -0.08412453532218933 0.9639999866485596 1.6002081632614136
v -0.08861289173364639 1.0195000171661377 1.5179193019866943
v -0.08500000089406967 1.0508861541748047 1.5169999599456787
v -0.09432711452245712 1.0861542224884033 1.5119999647140503
v -0.09400000423192978 0.9917041659355164 1.6167815923690796
v -0.13743069767951965 1.0899076461791992 1.556069254875183
v -0.05798300728201866 0.981457531452179 1.4979915618896484
v -0.12624888122081757 0.9750000238418579 1.5314977169036865
v -0.15554721653461456 1.0621416568756104 1.562452793121338
v -0.09035282582044601 0.972000002861023 1.502500057220459
v -0.058500003069639206 0.97273850440979 1.5003409385681152
v -0.13345909118652344 0.9714863896369934 1.5480272769927979
v -0.1351078897714615 0.9700000286102295 1.5685683488845825
v -0.01954267919063568 0.9961097836494446 1.5338048934936523
v -0.11549655348062515 1.1018378734588623 1.4978344440460205
v -0.11411096900701523 1.040963053703308 1.624925971031189
v -0.1074535921216011 0.966651201248169 1.5976976156234741
v -0.08399999886751175 1.0353840589523315 1.5169999599456787
v -0.11910880357027054 1.0024352073669434 1.5835000276565552
v -0.08999966830015182 0.9940000176429749 1.4949997663497925
v -0.1188402995467186 0.9842984676361084 1.5098193883895874
v -0.1303321123123169 1.0178284645080566 1.5703321695327759
v -0.14704178273677826 0.9869164228439331 1.5652291774749756
v -0.10446181893348694 1.057270884513855 1.5394999980926514
v -0.10396550595760345 1.039810299873352 1.6328448057174683
v -0.04006822034716606 0.9637840986251831 1.5306476354599
v -0.1185000017285347 0.9811180830001831 1.5099999904632568
v -0.11826477199792862 0.978294312953949 1.5102351903915405
v -0.10350354015827179 1.034002661705017 1.6049964427947998
v -0.13048055768013 0.996999979019165 1.5374611616134644
v -0.0357188805937767 0.9925729632377625 1.5448540449142456
v -0.10554903000593185 0.9722745418548584 1.5514509677886963
v -0.08182480186223984 0.9705811738967896 1.503499984741211
v -0.10886024683713913 1.1030000448226929 1.5018199682235718
v -0.13087494671344757 1.021249771118164 1.5711873769760132
v -0.13727812469005585 1.0301109552383423 1.5993328094482422
v -0.13468709588050842 0.9722914099693298 1.5472086668014526
v -0.08633703738451004 0.9951740503311157 1.5260000228881836
v -0.024157095700502396 0.9829999804496765 1.5458141565322876
v -0.08399999886751175 1.0381765365600586 1.51729416847229
v -0.12940312922000885 0.9991046786308289 1.600403070449829
v -0.025852346792817116 0.9854093790054321 1.5483522415161133
v -0.04933337867259979 0.9889166951179504 1.5051666498184204
v -0.09187228977680206 0.9645000100135803 1.600510835647583
v -0.09936808794736862 1.0189560651779175 1.498412013053894
v -0.07128788530826569 1.0162121057510376 1.4837424755096436
v -0.09300000220537186 1.000888705253601 1.6197221279144287
v -0.13730330765247345 1.0727049112319946 1.5125983953475952
v -0.049078233540058136 0.9660000205039978 1.5229804515838623
v -0.13650000095367432 0.9709978103637695 1.5585066080093384
v -0.08249999582767487 1.0686841011047363 1.4783289432525635
v -0.08399999886751175 1.036743402481079 1.5169999599456787
v -0.14491909742355347 1.010176420211792 1.5853382349014282
v -0.06729321926832199 0.9674482941627502 1.5096033811569214
v -0.03165251016616821 0.9870762825012207 1.5207712650299072
v -0.12801337242126465 0.9944465160369873 1.532973289489746
v -0.04144904762506485 1.0275254249572754 1.5010254383087158
v -0.1341562718153 0.9915000200271606 1.5869218111038208
v -0.09849999845027924 1.0037778615951538 1.5400444269180298
v -0.11824186891317368 0.978225588798523 1.5102580785751343
v -0.07227232307195663 0.9690907597541809 1.5422276258468628
v -0.10617250949144363 1.041137456893921 1.5413274765014648
v -0.1343359500169754 0.9700000286102295 1.5716601610183716
v -0.13501426577568054 0.9770712852478027 1.577542781829834
v -0.030234243720769882 0.9988438487052917 1.528499960899353
v -0.05236468091607094 1.0098117589950562 1.5270940065383911
v -0.13953977823257446 1.0980000495910645 1.5331932306289673
v -0.0912948027253151 0.9950982928276062 1.5986069440841675
v -0.03259429335594177 0.991635262966156 1.543770432472229
v -0.15026526153087616 1.0889694690704346 1.5476478338241577
v -0.14103291928768158 0.9869670867919922 1.5444506406784058
v -0.013085170648992062 1.0373777151107788 1.526207447052002
v -0.07897025346755981 0.9861487150192261 1.6130000352859497
v -0.07334107160568237 1.0141589641571045 1.4835000038146973
v -0.12646569311618805 1.0366780757904053 1.6145342588424683
v -0.13650000095367432 0.9710000157356262 1.555355191230774
v -0.125980406999588 0.9724412560462952 1.530519723892212
v -0.05226154625415802 1.0104305744171143 1.5267846584320068
v -0.043699245899915695 0.995349645614624 1.571150302886963
v -0.06700000166893005 0.996285617351532 1.516107201576233
v -0.11504742503166199 0.9900000095367432 1.5670000314712524
v -0.07314207404851913 0.9693806767463684 1.5413578748703003
v -0.025221452116966248 0.9887785315513611 1.531499981880188
v -0.10410364717245102 0.9928109049797058 1.6138108968734741
v -0.09169439226388931 0.9645000100135803 1.6012223958969116
v -0.0057038962841033936 1.0329999923706055 1.528432011604309
v -0.09873662889003754 1.0961049795150757 1.5097633600234985
v -0.13461259007453918 0.9700000286102295 1.5709686279296875
v -0.04177617281675339 0.9622238278388977 1.5701119899749756
v -0.13501761853694916 0.9727411866188049 1.545794129371643
v -0.14892850816249847 1.0635713338851929 1.5357142686843872
v -0.10795438289642334 1.0189772844314575 1.5084315538406372
v -0.05053388699889183 1.01883065700531 1.523033857345581
v -0.08500000089406967 1.049872636795044 1.5169999599456787
v -0.07849999517202377 0.9888311624526978 1.6130000352859497
v -0.07246390730142593 0.9649879932403564 1.58103609085083
v -0.07552545517683029 1.0141751766204834 1.4843249320983887
v -0.10667677223682404 0.98604416847229 1.6099557876586914
v -0.12207583338022232 1.0220757722854614 1.561727523803711
v -0.1284777820110321 0.9684555530548096 1.5515222549438477
v -0.11568401008844376 1.0958679914474487 1.532315969467163
v -0.09291856735944748 1.008674144744873 1.6219185590744019
v -0.09766977280378342 0.995839536190033 1.5989999771118164
v -0.14800000190734863 1.0564121007919312 1.5355000495910645
v -0.11519256234169006 0.996999979019165 1.5211925506591797
v -0.09891831129789352 1.0963774919509888 1.5095816850662231
v -0.117904894053936 0.9745000004768372 1.5224049091339111
v -0.026000000536441803 0.9849799275398254 1.5494799613952637
v -0.15316089987754822 1.047804594039917 1.5648391246795654
v -0.15549999475479126 1.0586351156234741 1.562999963760376
v -0.10399999469518661 1.0541189908981323 1.539626955986023
v -0.08362272381782532 0.9894999861717224 1.5329970121383667
v -0.12949956953525543 1.035500168800354 1.6110002994537354
v -0.05995738133788109 0.9925000071525574 1.5572819709777832
v -0.08449690788984299 0.9921656250953674 1.4913313388824463
v -0.0840258002281189 1.0760644674301147 1.4785128831863403
v -0.10388826578855515 0.9920530915260315 1.613276481628418
v -0.14997388422489166 1.023756504058838 1.57352614402771
v -0.05066162720322609 0.9890000224113464 1.504225492477417
v -0.11642841249704361 1.0267852544784546 1.5149999856948853
v -0.09099999815225601 0.9651124477386475 1.604337215423584
v -0.03576338663697243 0.9843816757202148 1.5656450986862183
v -0.0057851290330290794 1.0204297304153442 1.5362850427627563
v -0.11372816562652588 1.065320372581482 1.4932280778884888
v -0.05167611315846443 1.0151478052139282 1.5248522758483887
v -0.05331594869494438 0.9629999995231628 1.5804738998413086
v -0.15082013607025146 1.0700503587722778 1.5355000495910645
v -0.06781361997127533 0.9929999709129333 1.5493897199630737
v -0.05737542733550072 0.9657491445541382 1.5889999866485596
v -0.11020269989967346 0.9921981692314148 1.5776982307434082
v -0.11377076059579849 0.9904999732971191 1.567541480064392
v -0.10637924820184708 0.9726264476776123 1.5506207942962646
v -0.03049999289214611 0.9952167868614197 1.5463805198669434
v -0.11063924431800842 1.073056936264038 1.5392215251922607
v -0.08066322654485703 0.9919999837875366 1.5740026235580444
v -0.11400000005960464 1.005305528640747 1.5180972814559937
v -0.09267928451299667 1.0077171325683594 1.6216793060302734
v -0.13342338800430298 0.9735000133514404 1.5428467988967896
v -0.092633917927742 0.9904999732971191 1.5596548318862915
v -0.09934873133897781 1.0970231294631958 1.5091512203216553
v -0.12798915803432465 1.0204999446868896 1.5337337255477905
v -0.10026367753744125 1.0011591911315918 1.5994999408721924
v -0.03049999289214611 0.9976721405982971 1.545965552330017
v -0.05759924277663231 0.965301513671875 1.5889999866485596
v -0.13767655193805695 1.0980000495910645 1.5316765308380127
v -0.0903901606798172 0.9950000047683716 1.5957196950912476
v -0.025611823424696922 0.9851118326187134 1.5296645164489746
v -0.14664261043071747 1.0492130517959595 1.5355000495910645
v -0.09017586708068848 1.0685275793075562 1.5146620273590088
v -0.05249999836087227 1.0076069831848145 1.527500033378601
v -0.10366188734769821 0.9911475777626038 1.612823724746704
v -0.09300000220537186 1.0034908056259155 1.6203726530075073
v -0.1384526491165161 0.9929763078689575 1.5805946588516235
v -0.13592568039894104 0.9915000200271606 1.5860371589660645
v -0.020776942372322083 1.0391807556152344 1.5164037942886353
v -0.02915811538696289 1.0001225471496582 1.5282193422317505
v -0.06580843031406403 0.9675000309944153 1.5467944145202637
v -0.12785473465919495 1.1005483865737915 1.5213062763214111
v -0.0412881001830101 0.9627118706703186 1.570356011390686
v -0.05866989493370056 0.9894999861717224 1.4982476234436035
v -0.038396432995796204 0.9723106622695923 1.5148963928222656
v -0.11929583549499512 0.968500018119812 1.5886361598968506
v -0.057042479515075684 0.9791061878204346 1.497521162033081
v -0.1145000010728836 1.0256110429763794 1.6346443891525269
v -0.05993278697133064 0.9894999861717224 1.4973781108856201
v -0.13487322628498077 1.032563328742981 1.6036901473999023
v -0.11201152950525284 1.1023836135864258 1.5038836002349854
v -0.11480814963579178 1.069348931312561 1.4938081502914429
v -0.05917546898126602 0.9887938499450684 1.5274122953414917
v -0.06700000166893005 0.9913833141326904 1.519616723060608
v -0.10581549257040024 1.01959228515625 1.5406309366226196
v -0.0242901798337698 1.0378549098968506 1.5130324363708496
v -0.08998750150203705 1.0195000171661377 1.5198166370391846
v -0.004280624445527792 1.0317806005477905 1.5294145345687866
v -0.05949999764561653 0.9691506028175354 1.5033493041992188
v -0.09099999815225601 0.9658656120300293 1.6060484647750854
v -0.1357501745223999 1.0204999446868896 1.5445003509521484
v -0.14749422669410706 1.0917543172836304 1.5444941520690918
v -0.06018247455358505 0.9618175029754639 1.5867263078689575
v -0.048385921865701675 0.9631286263465881 1.5216140747070312
v -0.047850508242845535 0.9649999737739563 1.5240997076034546
v -0.08550000190734863 1.0112886428833008 1.5252114534378052
v -0.1125057265162468 0.996999979019165 1.5180085897445679
v -0.11400000005960464 1.006374478340149 1.517781376838684
v -0.028290007263422012 0.9824475049972534 1.553842544555664
v -0.15399040281772614 1.0840191841125488 1.550990343093872
v -0.11421621590852737 0.968500018119812 1.592783808708191
v -0.0947786495089531 0.9858853816986084 1.4897212982177734
v -0.11600000411272049 0.9791405200958252 1.6025936603546143
v -0.09265865385532379 0.9685528874397278 1.561394214630127
v -0.14960619807243347 1.021696925163269 1.5596060752868652
v -0.1267850697040558 0.9732850790023804 1.5297149419784546
v -0.08451033383607864 0.9915206432342529 1.5260000228881836
v -0.051699038594961166 0.9629999995231628 1.578548550605774
v -0.09511572867631912 1.0317314863204956 1.63130784034729
v -0.05158663168549538 1.015326738357544 1.524673342704773
v -0.14592455327510834 1.0141981840133667 1.5864245891571045
v -0.11226318776607513 1.0803160667419434 1.5377367734909058
v -0.1299714893102646 1.0604429244995117 1.5140000581741333
v -0.05908660963177681 0.9989134073257446 1.4945865869522095
v -0.1272965371608734 0.9673895835876465 1.5561860799789429
v -0.13050000369548798 1.019067406654358 1.5706418752670288
v -0.034551698714494705 0.9903160929679871 1.5419483184814453
v -0.10878293961286545 1.067914605140686 1.5402170419692993
v -0.12355487048625946 1.0381646156311035 1.5605000257492065
v -0.11899999529123306 0.9969620704650879 1.5840126276016235
v -0.13081537187099457 0.9695000052452087 1.576684594154358
v -0.1522887647151947 1.087066888809204 1.5492887496948242
v -0.12185309082269669 1.0219999551773071 1.5612796545028687
v -0.05262920632958412 0.9949138760566711 1.5633708238601685
v -0.0027306864503771067 1.0252692699432373 1.5346795320510864
v -0.0489516481757164 1.0269999504089355 1.496024250984192
v -0.1362125426530838 0.9839251041412354 1.5814250707626343
v -0.040134817361831665 0.9690955281257629 1.5167696475982666
v -0.03683893755078316 0.9929463267326355 1.5441073179244995
v -0.14431490004062653 1.0077595710754395 1.5843149423599243
v -0.15273205935955048 1.0459282398223877 1.5652680397033691
v -0.10422287881374359 1.0558372735977173 1.5394999980926514
v -0.05444026738405228 1.0247948169708252 1.4940298795700073
v -0.15501061081886292 1.0160212516784668 1.562042474746704
v -0.1264915019273758 1.0489574670791626 1.5609999895095825
v -0.15296626091003418 1.0749156475067139 1.5345168113708496
v -0.09400000423192978 0.97090083360672 1.496298909187317
v -0.05249999836087227 1.0070710182189941 1.527500033378601
v -0.11500000208616257 1.0199836492538452 1.5154999494552612
v -0.11250000447034836 1.0000195503234863 1.5568798780441284
v -0.045162029564380646 1.0274595022201538 1.497918963432312
v -0.07802275568246841 0.9926590919494629 1.5766363143920898
v -0.10593760013580322 1.0984687805175781 1.4994688034057617
v -0.12929101288318634 0.9898359775543213 1.530918002128601
v -0.09461468458175659 0.965499997138977 1.6024999618530273
v -0.09405234456062317 0.9874476790428162 1.4913429021835327
v -0.0876627266407013 0.9843372702598572 1.6128255128860474
v -0.014012488536536694 1.004231333732605 1.535756230354309
v -0.1361183375120163 0.9854541420936584 1.5825724601745605
v -0.0578291118144989 0.9660000205039978 1.5546709299087524
v -0.053845737129449844 1.0252407789230347 1.494327187538147
v -0.052770670503377914 0.9629999995231628 1.5797706842422485
v -0.10228963196277618 1.0502896308898926 1.4919034242630005
v -0.09799999743700027 1.041016697883606 1.49399995803833
v -0.12349999696016312 0.9683537483215332 1.5331462621688843
v -0.11868862062692642 1.097434163093567 1.4956228733062744
v -0.14852963387966156 1.0625741481781006 1.5355148315429688
v -0.09897982329130173 0.9725000262260437 1.5053198337554932
v -0.12266428768634796 1.0366071462631226 1.5605000257492065
v -0.1002395749092102 0.9657395482063293 1.6017603874206543
v -0.10767325013875961 1.1030000448226929 1.5024135112762451
v -0.0831189751625061 1.018524169921875 1.4934759140014648
v -0.11147453635931015 0.9711582064628601 1.5193673372268677
v -0.13207370042800903 1.069294810295105 1.559000015258789
v -0.14225541055202484 0.9810107946395874 1.5420000553131104
v -0.13642729818820953 1.0072908401489258 1.5429272651672363
v -0.13556984066963196 0.9700698256492615 1.565220594406128
v -0.10771413147449493 1.1001427173614502 1.5006427764892578
v -0.07471451908349991 1.012309193611145 1.4835000038146973
v -0.10938052088022232 0.9900000095367432 1.5602610111236572
v -0.13090533018112183 0.97017902135849 1.5498210191726685
v -0.11782471835613251 1.0994415283203125 1.529233694076538
v -0.10300000011920929 1.0100347995758057 1.600000023841858
v -0.11594682186841965 0.968500018119812 1.5910531282424927
v -0.09147897362709045 1.0184999704360962 1.4884873628616333
v -0.1143295094370842 0.968500018119812 1.5926705598831177
v -0.1122046485543251 0.9692046642303467 1.5959092378616333
v -0.1265931874513626 1.0468727350234985 1.512093186378479
v -0.058500003069639206 0.972852885723114 1.5002647638320923
v -0.1374787986278534 1.0980000495910645 1.531478762626648
v -0.13039861619472504 1.0204999446868896 1.5368986129760742
v -0.03736478462815285 1.0070408582687378 1.5037294626235962
v -0.03049999289214611 1.0001083612442017 1.5455000400543213
v -0.15382327139377594 1.0945883989334106 1.5383825302124023
v -0.1084667220711708 1.1030000448226929 1.5020166635513306
v -0.1057087630033493 1.0337525606155396 1.54208242893219
v -0.06854291260242462 0.9957285523414612 1.5854570865631104
v -0.11747493594884872 1.0818747282028198 1.493499994277954
v -0.06711339950561523 0.9664999842643738 1.5149433612823486
v -0.01213492825627327 1.0077301263809204 1.5355000495910645
v -0.0921892300248146 0.9904999732971191 1.5602476596832275
v -0.14449743926525116 1.0359965562820435 1.5380016565322876
v -0.09549999982118607 0.9790796041488647 1.4894801378250122
v -0.11999999731779099 1.006537914276123 1.5828654766082764
v -0.14205844700336456 0.9841493368148804 1.5424416065216064
v -0.05211607366800308 0.9890000224113464 1.5032559633255005
v -0.039455611258745193 0.9624999761581421 1.5608668327331543
v -0.055000003427267075 1.0114052295684814 1.4891189336776733
v -0.06621113419532776 0.9884999990463257 1.4948943853378296
v -0.13324396312236786 1.0030609369277954 1.5425000190734863
v -0.11841975897550583 0.9883703589439392 1.5118703842163086
v -0.06788700073957443 0.9900000095367432 1.5226609706878662
v -0.08071375638246536 0.972000002861023 1.5357862710952759
v -0.039819274097681046 0.9624999761581421 1.561478853225708
v -0.11562780290842056 1.0200425386428833 1.5526703596115112
v -0.1443432867527008 1.0078731775283813 1.5843433141708374
v -0.1301584243774414 1.0623960494995117 1.559499979019165
v -0.044886864721775055 0.9645000100135803 1.5263065099716187
v -0.05968246981501579 0.9894999861717224 1.4975450038909912
v -0.1064683198928833 0.9859894514083862 1.6100105047225952
v -0.062453269958496094 0.9659844040870667 1.5120155811309814
v -0.06612672656774521 1.0122603178024292 1.5097465515136719
v -0.10862039029598236 0.9791019558906555 1.5028796195983887
v -0.11400000005960464 1.0290135145187378 1.6357522010803223
v -0.08124498277902603 0.9675000309944153 1.5731325149536133
v -0.014413447119295597 1.0036298036575317 1.5359567403793335
v -0.10393636673688889 1.0184999704360962 1.5031545162200928
v -0.13226616382598877 1.070064663887024 1.559000015258789
v -0.09099999815225601 0.9659578204154968 1.6061867475509644
v -0.026500003412365913 0.9722916483879089 1.5429999828338623
v -0.08793830871582031 1.0630958080291748 1.5157808065414429
v -0.030033515766263008 0.9825000166893005 1.5562113523483276
v -0.03581180423498154 0.9926039576530457 1.5447921752929688
v -0.1215105950832367 1.0381736755371094 1.5134999752044678
v -0.13218964636325836 0.9738103747367859 1.540379285812378
v -0.1380423903465271 1.0980000495910645 1.532042384147644
v -0.054993774741888046 0.9705124497413635 1.587993860244751
v -0.08173757791519165 1.020754098892212 1.5094834566116333
v -0.10322964936494827 0.9894185662269592 1.6119593381881714
v -0.11247259378433228 1.1027294397354126 1.5042294263839722
v -0.10245304554700851 1.096453070640564 1.4979686737060547
v -0.12200000137090683 1.035217046737671 1.560217022895813
v -0.037084974348545074 1.00816011428833 1.5031698942184448
v -0.06445964425802231 0.9669865369796753 1.5480403900146484
v -0.09151402860879898 0.9940000176429749 1.4955140352249146
v -0.11129775643348694 0.9675955176353455 1.5928932428359985
v -0.10673573613166809 1.037117838859558 1.6040881872177124
v -0.04594850167632103 0.9954999685287476 1.568200945854187
v -0.014635700732469559 1.003273844718933 1.5359095335006714
v -0.017193395644426346 1.011704444885254 1.5193978548049927
v -0.140854611992836 1.097572684288025 1.533927321434021
v -0.036275725811719894 0.9845919013023376 1.566275715827942
v -0.13640174269676208 0.9814913272857666 1.580196499824524
v -0.03961852192878723 0.9897938370704651 1.5378813743591309
v -0.013299500569701195 1.0172512531280518 1.5166497230529785
v -0.09092877060174942 0.9787151217460632 1.6125712394714355
v -0.08873246610164642 1.0649648904800415 1.5153837203979492
v -0.07914102077484131 0.9854999780654907 1.6064273118972778
v -0.11017748713493347 1.0420000553131104 1.6288225650787354
v -0.15561045706272125 1.0623313188552856 1.5623894929885864
v -0.08049999922513962 0.9680765867233276 1.4974232912063599
v -0.07996669411659241 0.9833933115005493 1.6066800355911255
v -0.02699999511241913 0.9684892296791077 1.5429964065551758
v -0.06723609566688538 0.9890000224113464 1.5237528085708618
v -0.10505564510822296 1.0980278253555298 1.4990278482437134
v -0.1426066905260086 1.0266966819763184 1.588089942932129
v -0.14799728989601135 1.0968315601348877 1.543502688407898
v -0.13599999248981476 0.9705944061279297 1.5594370365142822
v -0.08831125497817993 0.984124481678009 1.6135622262954712
v -0.03812900185585022 1.003983974456787 1.5053870677947998
v -0.13508842885494232 1.0981823205947876 1.5294530391693115
v -0.09289909154176712 0.9940000176429749 1.496899127960205
v -0.07338745892047882 0.9911125302314758 1.5455563068389893
v -0.09400000423192978 0.9907379150390625 1.61641263961792
v -0.13648062944412231 0.9959999918937683 1.541493535041809
v -0.11740308254957199 1.0815154314041138 1.493499994277954
v -0.12977418303489685 1.0153709650039673 1.5697742700576782
v -0.10568621754646301 1.0336172580718994 1.5421276092529297
v -0.11337655037641525 0.9735000133514404 1.5441234111785889
v -0.1186089888215065 0.9863269925117493 1.5106090307235718
v -0.08049999922513962 0.9679999947547913 1.4981036186218262
v -0.09776374697685242 1.0921456813812256 1.494763731956482
v -0.10848606377840042 1.0554860830307007 1.4898287057876587
v -0.04301382601261139 0.9919861555099487 1.5369584560394287
v -0.11860181391239166 0.9819072484970093 1.5098981857299805
v -0.15108783543109894 1.096274733543396 1.540412187576294
v -0.07720349729061127 0.9837964773178101 1.6043052673339844
v -0.10610511153936386 0.9965525269508362 1.511605143547058
v -0.12116261571645737 0.9886656403541565 1.5995030403137207
v -0.12472230941057205 1.0428893566131592 1.5609999895095825
v -0.13201846182346344 1.0985000133514404 1.527018427848816
v -0.033355336636304855 0.9911446571350098 1.5431445837020874
v -0.09296117722988129 1.02738356590271 1.6294611692428589
v -0.04009222239255905 0.9938980340957642 1.5418058633804321
v -0.1028333529829979 1.0388749837875366 1.6330000162124634
v -0.08000000566244125 0.9728044867515564 1.4931955337524414
v -0.15457426011562347 1.0107970237731934 1.5596485137939453
v -0.10350000113248825 1.0153251886367798 1.600941777229309
v -0.11423543095588684 0.968500018119812 1.5927646160125732
v -0.07341406494379044 0.965457022190094 1.5805429220199585
v -0.10032173991203308 0.9704999923706055 1.5551187992095947
v -0.03770049288868904 1.0056980848312378 1.5044009685516357
v -0.12367509305477142 0.9695000052452087 1.5848249197006226
v -0.13750000298023224 1.0228992700576782 1.5415252447128296
v -0.11419513821601868 0.9904999732971191 1.5709999799728394
v -0.09849999845027924 1.0059306621551514 1.5399999618530273
v -0.03539292886853218 0.9629999995231628 1.5389282703399658
v -0.12678727507591248 1.0476490259170532 1.5122872591018677
v -0.08563516288995743 0.9989593625068665 1.5264999866485596
v -0.03055226057767868 1.0192387104034424 1.5420000553131104
v -0.1520802229642868 1.0429010391235352 1.565500020980835
v -0.11400000005960464 1.0285133123397827 1.6356688737869263
v -0.1119999960064888 0.9917551279067993 1.55649995803833
v -0.12782560288906097 1.1007248163223267 1.518674373626709
v -0.01324528269469738 1.0376179218292236 1.5261273384094238
v -0.10403129458427429 0.9925938844680786 1.6135938167572021
v -0.15649999678134918 1.0907021760940552 1.5354255437850952
v -0.010902617126703262 1.0113896131515503 1.5364999771118164
v -0.11400000005960464 1.0293660163879395 1.6358109712600708
v -0.07959528267383575 0.9902976155281067 1.4891488552093506
v -0.12147758156061172 1.038151741027832 1.5134999752044678
v -0.07856587320566177 1.015141487121582 1.483858585357666
v -0.07720917463302612 0.9800816774368286 1.4906046390533447
v -0.10483228415250778 0.9966645836830139 1.6163322925567627
v -0.13650000095367432 0.970874011516571 1.558877944946289
v -0.049531590193510056 0.9859894514083862 1.5815316438674927
v -0.10295236110687256 0.9882618188858032 1.611452341079712
v -0.09598186612129211 1.0195000171661377 1.527222752571106
v -0.04068094119429588 0.9854999780654907 1.572680950164795
v -0.08964549750089645 0.9683818221092224 1.5643545389175415
v -0.10895507037639618 0.996999979019165 1.5144550800323486
v -0.04526528716087341 0.9605000019073486 1.567734718322754
v -0.14949999749660492 1.0656781196594238 1.5360000133514404
v -0.1554652452468872 1.017052173614502 1.564017415046692
v -0.07888369262218475 0.9923720955848694 1.5756163597106934
v -0.09516333788633347 1.0878266096115112 1.5119999647140503
v -0.11155552417039871 1.0772221088409424 1.5379999876022339
v -0.0815814957022667 1.020806074142456 1.5092753171920776
v -0.15410113334655762 1.077803373336792 1.534500002861023
v -0.08447536081075668 0.9675000309944153 1.5695246458053589
v -0.08621466159820557 1.080322027206421 1.4797147512435913
v -0.10942760854959488 0.9900000095367432 1.5603551864624023
v -0.10662708431482315 1.0991270542144775 1.4999181032180786
v -0.08252687752246857 1.0161317586898804 1.4845000505447388
v -0.1055000051856041 1.0316722393035889 1.5419481992721558
v -0.1354246437549591 1.0052077770233154 1.542641520500183
v -0.05150000378489494 0.9964790940284729 1.527999997138977
v -0.15649999678134918 1.0893666744232178 1.5350916385650635
v -0.14574484527111053 1.0414793491363525 1.5365102291107178
v -0.09262639284133911 0.9685421586036682 1.5614157915115356
v -0.112150177359581 0.969150185585022 1.5958003997802734
v -0.09378459304571152 0.9868537783622742 1.6152845621109009
v -0.11583300679922104 1.02000093460083 1.6313339471817017
v -0.08845122903585434 0.9645000100135803 1.6021127700805664
v -0.14637643098831177 0.9794942736625671 1.5636235475540161
v -0.008073871955275536 1.0169014930725098 1.5364999771118164
v -0.11459257453680038 1.0408024787902832 1.6246049404144287
v -0.10537818819284439 0.9902072548866272 1.5548782348632812
v -0.08029274642467499 0.9894999861717224 1.5290945768356323
v -0.1452605277299881 0.9944999814033508 1.557640790939331
v -0.0607774443924427 0.996833860874176 1.4966661930084229
v -0.13811247050762177 0.9709224700927734 1.5614999532699585
v -0.1471913903951645 0.9847655892372131 1.564691424369812
v -0.15055078268051147 1.0966328382492065 1.5409492254257202
v -0.13149391114711761 1.0224878787994385 1.571496844291687
v -0.09505098313093185 0.9944999814033508 1.4985508918762207
v -0.08656509220600128 1.0175325870513916 1.486032485961914
v -0.013238071464002132 1.04026198387146 1.5272380113601685
v -0.10205189138650894 1.0500519275665283 1.4919826984405518
v -0.14058314263820648 0.9777221083641052 1.5427778959274292
v -0.050815604627132416 0.9631052017211914 1.5191843509674072
v -0.13240492343902588 1.0985000133514404 1.5274049043655396
v -0.10873890668153763 1.0417463779449463 1.6300073862075806
v -0.04361078888177872 0.9645000100135803 1.526944637298584
v -0.06799999624490738 0.9900000095367432 1.5232912302017212
v -0.0808596983551979 0.9702865481376648 1.5037133693695068
v -0.13650000095367432 0.9710000157356262 1.554105520248413
v -0.06376297771930695 0.9966315031051636 1.5912370681762695
v -0.08491597324609756 0.9842920303344727 1.6106239557266235
v -0.1012100949883461 1.0997099876403809 1.507290005683899
v -0.09556306153535843 1.0886892080307007 1.5119684934616089
v -0.12193362414836884 1.0384557247161865 1.5134999752044678
v -0.14210145175457 0.9950000047683716 1.5526014566421509
v -0.12264947593212128 1.0393660068511963 1.5132834911346436
v -0.1517176628112793 1.0231411457061768 1.5714235305786133
v -0.06005138158798218 0.9676729440689087 1.5051027536392212
v -0.13345184922218323 0.9700000286102295 1.5735641717910767
v -0.03894955292344093 0.9898486733436584 1.5756512880325317
v -0.06082964688539505 1.0216675996780396 1.490835189819336
v -0.11677251011133194 0.996999979019165 1.522515058517456
v -0.12458079308271408 0.9975000023841858 1.5296615362167358
v -0.08145999908447266 0.9704866409301758 1.5035133361816406
v -0.0599154457449913 0.9620000123977661 1.5870845317840576
v -0.1001482829451561 1.046722412109375 1.4934258460998535
v -0.10268188267946243 1.0506818294525146 1.4917726516723633
v -0.03768142685294151 0.9672742486000061 1.5714999437332153
v -0.128756582736969 1.0204999446868896 1.5348421335220337
v -0.07754690945148468 1.0148489475250244 1.4839999675750732
v -0.12072020024061203 1.0328669548034668 1.559146761894226
v -0.08007300645112991 0.9717809557914734 1.4941459894180298
v -0.1550000011920929 1.0543593168258667 1.5633281469345093
v -0.004407370928674936 1.0235925912857056 1.5363764762878418
v -0.047906287014484406 0.9629999995231628 1.5726094245910645
v -0.14831021428108215 1.0615509748458862 1.5355000495910645
v -0.08150000125169754 1.0408015251159668 1.4861745834350586
v -0.05625688284635544 0.9643784165382385 1.5156214237213135
v -0.097468301653862 0.9953439235687256 1.5900317430496216
v -0.10435114055871964 1.040067434310913 1.6327162981033325
v -0.09059100598096848 0.9647955298423767 1.6024999618530273
v -0.05244152992963791 1.003649115562439 1.527999997138977
v -0.03968878835439682 0.9624999761581421 1.5612832307815552
v -0.09474297612905502 0.9734718799591064 1.493514060974121
v -0.11127576231956482 1.0758788585662842 1.538224220275879
v -0.07213536649942398 0.9631588459014893 1.5943176746368408
v -0.057444822043180466 0.9656103253364563 1.5889999866485596
v -0.10828046500682831 0.9893597960472107 1.5656402111053467
v -0.13650000095367432 0.9710000157356262 1.5539213418960571
v -0.035728879272937775 0.9925763010978699 1.5448473691940308
v -0.14000000059604645 1.0801516771316528 1.5115000009536743
v -0.03049999289214611 1.0017191171646118 1.5455000400543213
v -0.10547882318496704 1.0184999704360962 1.5054682493209839
v -0.12122107297182083 0.9687403440475464 1.587278962135315
v -0.08155415952205658 0.9816750288009644 1.4921083450317383
v -0.1174001693725586 1.0815008878707886 1.493499994277954
v -0.09176723659038544 1.0805344581604004 1.5128663778305054
v -0.10341064631938934 1.1019107103347778 1.5050894021987915
v -0.08522741496562958 0.9894999861717224 1.5347274541854858
v -0.06636612117290497 0.9965669512748718 1.5877008438110352
v -0.12944695353507996 1.057234764099121 1.5134999752044678
v -0.0955156609416008 1.0885469913482666 1.5119922161102295
v -0.15496514737606049 1.0198954343795776 1.565895438194275
v -0.02759397216141224 1.00235915184021 1.5270940065383911
v -0.06603852659463882 1.0117311477661133 1.509922981262207
v -0.1088012307882309 1.100867509841919 1.501367449760437
v -0.13256855309009552 0.9700000286102295 1.5621438026428223
v -0.14800000190734863 1.058742642402649 1.5355000495910645
v -0.04419907554984093 0.9609004855155945 1.5686006546020508
v -0.11152271181344986 1.0195000171661377 1.5470227003097534
v -0.03794237598776817 0.9850000143051147 1.5688271522521973
v -0.030926311388611794 1.0173684358596802 1.5420000553131104
v -0.04158846661448479 0.9659115076065063 1.5195884704589844
v -0.02509099245071411 1.004106044769287 1.5253939628601074
v -0.11385463923215866 0.9906453490257263 1.5720175504684448
v -0.09336184710264206 0.9954144954681396 1.6174999475479126
v -0.08479217439889908 0.9952640533447266 1.6034438610076904
v -0.13012221455574036 1.000244379043579 1.601183295249939
v -0.1260068714618683 0.994760274887085 1.5975068807601929
v -0.05180708318948746 1.025923252105713 1.4949232339859009
v -0.08326016366481781 0.9772398471832275 1.4908597469329834
v -0.11275142431259155 1.082505702972412 1.5372484922409058
v -0.10320892930030823 1.0969725847244263 1.4982362985610962
v -0.15473446249961853 1.0192034244537354 1.5652034282684326
v -0.0021619617473334074 1.0305540561676025 1.5304460525512695
v -0.09526418894529343 1.0880284309387207 1.5119999647140503
v -0.036659613251686096 1.0095211267471313 1.5026596784591675
v -0.1055000051856041 1.0318235158920288 1.5420489311218262
v -0.09781574457883835 1.0400787591934204 1.49399995803833
v -0.07398742437362671 0.9854999780654907 1.6028249263763428
v -0.11423468589782715 0.9904999732971191 1.5694081783294678
v -0.10802853852510452 1.0195000171661377 1.542542815208435
v -0.08656926453113556 0.9930346608161926 1.4930346012115479
v -0.08550000190734863 1.0111804008483887 1.5253196954727173
v -0.08096577972173691 0.9886711239814758 1.4879316091537476
v -0.08100000023841858 0.9857020974159241 1.4897234439849854
v -0.1540827751159668 1.021417260169983 1.5691258907318115
v -0.12316630780696869 1.0374438762664795 1.5605000257492065
v -0.02308017387986183 1.0384598970413208 1.5139399766921997
v -0.11405599117279053 0.968500018119812 1.5929441452026367
v -0.036336980760097504 1.010407567024231 1.502337098121643
v -0.010977082885801792 1.0400229692459106 1.5265458822250366
v -0.13792158663272858 0.9927107691764832 1.581656813621521
v -0.13619695603847504 0.9706969261169434 1.560484766960144
v -0.15479883551597595 1.0116952657699585 1.5600976943969727
v -0.1350918859243393 0.9774594902992249 1.5777757167816162
v -0.008304857648909092 1.0165935754776 1.5364999771118164
v -0.0834689736366272 1.0201770067214966 1.5117919445037842
v -0.08313748240470886 1.018450140953064 1.4935499429702759
v -0.06379175931215286 0.9929305911064148 1.5537776947021484
v -0.15527676045894623 1.0935848951339722 1.537223219871521
v -0.10573373734951019 1.0184999704360962 1.5057337284088135
v -0.08895853161811829 0.9725000262260437 1.5295276641845703
v -0.10005239397287369 1.0313810110092163 1.4947237968444824
v -0.09784481674432755 1.0402240753173828 1.49399995803833
v -0.012785276398062706 1.0064294338226318 1.5355000495910645
v -0.08212660253047943 0.972000002861023 1.53437340259552
v -0.10945752263069153 0.9900000095367432 1.5604150295257568
v -0.12395356595516205 1.0414071083068848 1.5127732753753662
v -0.11415410786867142 1.012616515159607 1.5158458948135376
v -0.13154368102550507 0.9700000286102295 1.5624854564666748
v -0.03099999763071537 1.0147784948349 1.542370319366455
v -0.14154978096485138 1.0318247079849243 1.5397250652313232
v -0.04992344230413437 0.9890000224113464 1.5047177076339722
v -0.10985203087329865 0.9890000224113464 1.5664259195327759
v -0.08316151052713394 0.9675000309944153 1.570838451385498
v -0.14504919946193695 1.0259507894515991 1.5804015398025513
v -0.09950908273458481 0.9725000262260437 1.5056726932525635
v -0.04641219601035118 0.9599999785423279 1.5665878057479858
v -0.12322443723678589 0.9671733379364014 1.5343266725540161
v -0.11495665460824966 1.0702399015426636 1.4939566850662231
v -0.12173892557621002 1.1009999513626099 1.5233207941055298
v -0.1276157647371292 0.9974614381790161 1.5336157083511353
v -0.13551396131515503 1.0053565502166748 1.5426713228225708
v -0.12010867893695831 1.0371086597442627 1.513597846031189
v -0.13750000298023224 1.0225913524627686 1.5416021347045898
v -0.03550000488758087 0.9618539810180664 1.5504381656646729
v -0.10005612671375275 1.0195280313491821 1.5325841903686523
v -0.052725616842508316 0.9635000228881836 1.5175162553787231
v -0.11706720292568207 1.0798360109329224 1.493499994277954
v -0.1171853169798851 0.996999979019165 1.5227901935577393
v -0.14907920360565186 0.9996584057807922 1.5597103834152222
v -0.08300037682056427 1.0162501335144043 1.4845000505447388
v -0.1145000010728836 1.0263484716415405 1.634939432144165
v -0.048553042113780975 1.021393895149231 1.519829511642456
v -0.08150000125169754 1.0252529382705688 1.4901868104934692
v -0.025357671082019806 0.9895231127738953 1.5541423559188843
v -0.12451968342065811 0.9975000023841858 1.5295393466949463
v -0.03049999289214611 1.0028730630874634 1.5454378128051758
v -0.1261359602212906 1.0004079341888428 1.5666358470916748
v -0.130134716629982 1.062336802482605 1.559499979019165
v -0.15648235380649567 1.0910530090332031 1.5355353355407715
v -0.05645287409424782 0.9666885137557983 1.588952898979187
v -0.12146259844303131 1.1023458242416382 1.5134625434875488
v -0.042353104799985886 0.9618234634399414 1.5698235034942627
v -0.04487469047307968 0.9605626463890076 1.56809401512146
v -0.12047914415597916 1.0380069017410278 1.620513916015625
v -0.024520007893443108 0.9850000143051147 1.531959891319275
v -0.1446254849433899 1.0365018844604492 1.5378745794296265
v -0.12274430692195892 0.997627854347229 1.5276165008544922
v -0.08353986591100693 0.9769601225852966 1.4904601573944092
v -0.07656170427799225 1.0214691162109375 1.504123330116272
v -0.10654764622449875 0.9967738389968872 1.5120476484298706
v -0.062041573226451874 0.9667292237281799 1.507541537284851
v -0.104062519967556 1.054875135421753 1.5394999980926514
v -0.12060144543647766 1.0379999876022339 1.6203985214233398
v -0.12572181224822998 1.0203609466552734 1.5838608741760254
v -0.15101097524166107 1.0234944820404053 1.5724835395812988
v -0.022248120978474617 1.0065011978149414 1.523498773574829
v -0.09233354032039642 0.9731667637825012 1.527166485786438
v -0.11396654695272446 1.1035000085830688 1.5056220293045044
v -0.10944273322820663 1.1030000448226929 1.5015286207199097
v -0.09242281317710876 1.0818456411361694 1.5125385522842407
v -0.02058829553425312 1.0079116821289062 1.5223921537399292
v -0.05249999836087227 1.0066752433776855 1.527500033378601
v -0.09157261997461319 0.972000002861023 1.502500057220459
v -0.14573481678962708 0.9941174387931824 1.5609413385391235
v -0.1542886197566986 1.0514715909957886 1.564105749130249
v -0.08903374522924423 1.0195000171661377 1.5185450315475464
v -0.1420000046491623 0.9858855605125427 1.542961835861206
v -0.05923860892653465 0.9624999761581421 1.5886590480804443
v -0.03716125711798668 0.957612931728363 1.5434999465942383
v -0.14044038951396942 1.0977797508239746 1.5337202548980713
v -0.09600000083446503 1.0331387519836426 1.493603229522705
v -0.09774712473154068 1.09212064743042 1.4947471618652344
v -0.11396761983633041 1.1024999618530273 1.4986882209777832
v -0.12518221139907837 1.0204999446868896 1.5295233726501465
v -0.020837239921092987 1.039165735244751 1.5163283348083496
v -0.11328961700201035 0.9903948307037354 1.5665792226791382
v -0.1345188319683075 1.0115376710891724 1.6080188751220703
v -0.028409799560904503 1.0284510850906372 1.5394999980926514
v -0.11261846125125885 0.996999979019165 1.5181777477264404
v -0.03958404064178467 0.9646239280700684 1.5709999799728394
v -0.0541849285364151 0.9740753769874573 1.5866849422454834
v -0.15593381226062775 1.0815993547439575 1.5534008741378784
v -0.08569865673780441 0.9987053871154785 1.5264999866485596
v -0.07572648674249649 0.966363251209259 1.5782734155654907
v -0.06967300921678543 0.9678909778594971 1.5442179441452026
v -0.036515120416879654 0.9928383827209473 1.544323205947876
v -0.09721796214580536 0.9698590040206909 1.5572820901870728
v -0.030377134680747986 1.0348113775253296 1.5088114738464355
v -0.08100000023841858 0.9863020181655884 1.4893187284469604
v -0.10045541822910309 0.9725000262260437 1.506151795387268
v -0.07844015210866928 0.9700000286102295 1.504390001296997
v -0.12413699179887772 1.0401849746704102 1.5606369972229004
v -0.13671071827411652 1.0980000495910645 1.5307106971740723
v -0.13748903572559357 0.9747417569160461 1.5452582836151123
v -0.03663792461156845 1.009586215019226 1.5026379823684692
v -0.06151902303099632 0.9954619407653809 1.4975190162658691
v -0.049404602497816086 1.0200953483581543 1.5211743116378784
v -0.089369036257267 0.972000002861023 1.502500057220459
v -0.12903335690498352 1.1001555919647217 1.522877812385559
v -0.03099999763071537 1.0123860836029053 1.5428228378295898
v -0.08681414276361465 0.9954999685287476 1.60074782371521
v -0.14431756734848022 1.007770299911499 1.5843175649642944
v -0.035231564193964005 0.9841157793998718 1.5648473501205444
v -0.072354257106781 0.9649513959884644 1.5811457633972168
v -0.038370709866285324 0.9723878502845764 1.5148707628250122
v -0.07815422117710114 0.9608457684516907 1.5995186567306519
v -0.11695290356874466 1.079264521598816 1.4935470819473267
v -0.14244231581687927 1.094442367553711 1.5495576858520508
v -0.10744203627109528 0.9731473326683044 1.5114420652389526
v -0.09648764133453369 1.033981442451477 1.6324877738952637
v -0.0980246365070343 0.965499997138977 1.6023950576782227
v -0.011673415079712868 1.022479772567749 1.5146734714508057
v -0.06266798824071884 0.9962226748466492 1.592332124710083
v -0.08955691754817963 1.0666706562042236 1.5149714946746826
v -0.14842858910560608 1.0971190929412842 1.5430713891983032
v -0.12240289151668549 1.0361714363098145 1.5605000257492065
v -0.024156343191862106 0.9829999804496765 1.545812726020813
v -0.1322128176689148 1.069851279258728 1.559000015258789
v -0.098464235663414 0.9930893778800964 1.5980358123779297
v -0.11549999564886093 1.0941367149353027 1.5328408479690552
v -0.08900419622659683 1.0850125551223755 1.4830083847045898
v -0.08984734863042831 1.0675419569015503 1.5148262977600098
v -0.09300000220537186 0.9991574287414551 1.6189383268356323
v -0.0653863325715065 0.9890000224113464 1.5243068933486938
v -0.1320735067129135 1.0692939758300781 1.559000015258789
v -0.1365993767976761 1.0157980918884277 1.6100993156433105
v -0.12515245378017426 0.9750000238418579 1.529728651046753
v -0.1145000010728836 1.0251531600952148 1.6344611644744873
v -0.09883385896682739 1.0187779664993286 1.4980558156967163
v -0.13823358714580536 0.9959999918937683 1.5446003675460815
v -0.13217125833034515 1.0246713161468506 1.5721677541732788
v -0.03352568671107292 0.9836752414703369 1.5617009401321411
v -0.11868751794099808 0.9822500944137573 1.5098124742507935
v -0.13424277305603027 0.975657045841217 1.5763286352157593
v -0.09299355000257492 0.9848322868347168 1.6143323183059692
v -0.05079261213541031 0.9868617653846741 1.5303456783294678
v -0.13650000095367432 0.9718819260597229 1.5502362251281738
v -0.09333031624555588 0.9849909543991089 1.6150000095367432
v -0.14712123572826385 1.0514849424362183 1.5355000495910645
v -0.06061485782265663 0.9613851308822632 1.5860776901245117
v -0.10347189754247665 0.9962359666824341 1.5077078342437744
v -0.11753852665424347 1.019269347190857 1.5163077116012573
v -0.08600664138793945 0.9712516665458679 1.5027483701705933
v -0.0042098043486475945 1.0237902402877808 1.5361130237579346
v -0.15807074308395386 1.0777877569198608 1.5566414594650269
v -0.0765400156378746 0.9664999842643738 1.5774599313735962
v -0.09400000423192978 0.9925258159637451 1.617110252380371
v -0.05083443969488144 1.017327904701233 1.5233343839645386
v -0.1254204958677292 1.0370264053344727 1.6155530214309692
v -0.10748642683029175 0.9731621146202087 1.5114864110946655
v -0.157521590590477 1.0789567232131958 1.5557823181152344
v -0.09426144510507584 1.0195000171661377 1.5246421098709106
v -0.11533653736114502 0.9736731052398682 1.5133270025253296
v -0.10292098671197891 1.0090259313583374 1.5999209880828857
v -0.11314765363931656 1.0840905904769897 1.536852240562439
v -0.06927105039358139 0.9884999990463257 1.4938071966171265
v -0.1260860413312912 1.0205429792404175 1.584043025970459
v -0.0015000032726675272 1.0273926258087158 1.5340123176574707
v -0.0851709395647049 0.9725000262260437 1.532052755355835
v -0.13096323609352112 1.0644080638885498 1.559499979019165
v -0.11176963150501251 0.9869999885559082 1.6069227457046509
v -0.02653367817401886 0.9880841970443726 1.5494663715362549
v -0.13489031791687012 0.9709451794624329 1.5615273714065552
v -0.15852592885494232 1.0763963460922241 1.5575518608093262
v -0.03049999289214611 0.998691737651825 1.5457617044448853
v -0.08150000125169754 1.0444002151489258 1.4854199886322021
v -0.08440674096345901 0.9951356053352356 1.6039577722549438
v -0.08558010309934616 0.9991796016693115 1.5264999866485596
v -0.10202570259571075 1.0055514574050903 1.5994999408721924
v -0.134817972779274 0.9915000200271606 1.5865910053253174
v -0.09839316457509995 0.965499997138977 1.6023213863372803
v -0.13730470836162567 1.0897396802902222 1.5561952590942383
v -0.10900163650512695 1.056002140045166 1.4900010824203491
v -0.13699360191822052 0.9922404289245605 1.5787403583526611
v -0.04667579382658005 0.9629999995231628 1.5711758136749268
v -0.1478472352027893 1.0967315435409546 1.5436527729034424
v -0.13264200091362 1.0760680437088013 1.558500051498413
v -0.09409485757350922 1.085689663887024 1.5119999647140503
v -0.11526746302843094 0.996999979019165 1.5212674140930176
v -0.12075840681791306 1.0329307317733765 1.55917227268219
v -0.05850982666015625 0.9929901957511902 1.5587352514266968
v -0.11749999970197678 1.0824451446533203 1.4936113357543945
v -0.11433184146881104 0.968500018119812 1.5926682949066162
v -0.09549999982118607 0.9763930439949036 1.491737961769104
v -0.1286449134349823 1.0085796117782593 1.5681449174880981
v -0.07468482851982117 0.9909999966621399 1.5446113348007202
v -0.033720508217811584 0.987500011920929 1.5182795524597168
v -0.07893866300582886 0.9602806568145752 1.5983420610427856
v -0.06346824765205383 0.9890000224113464 1.5252659320831299
v -0.1106707900762558 0.9868902564048767 1.6077194213867188
v -0.12741194665431976 1.0527358055114746 1.560588002204895
v -0.14662504196166992 0.9877499341964722 1.5654374361038208
v -0.14003801345825195 1.0289239883422852 1.593885898590088
v -0.12245988100767136 1.022459864616394 1.5628796815872192
v -0.12492359429597855 0.9749618172645569 1.5294235944747925
v -0.1502123475074768 1.001924753189087 1.559499979019165
v -0.12349999696016312 0.9682201147079468 1.5332798957824707
v -0.11197006702423096 0.9677350521087646 1.5945299863815308
v -0.05554056912660599 0.9888198375701904 1.5296396017074585
v -0.10563818365335464 1.0301709175109863 1.5416382551193237
v -0.05153604596853256 1.0154279470443726 1.5245721340179443
v -0.03049999289214611 0.9933696985244751 1.5464999675750732
v -0.15517736971378326 1.0806934833526611 1.534500002861023
v -0.07242076098918915 0.9632301926612854 1.594460368156433
v -0.08475778996944427 1.0778944492340088 1.4788788557052612
v -0.12360120564699173 1.0176012516021729 1.5830506086349487
v -0.08639366924762726 1.056968331336975 1.516106367111206
v -0.01431189849972725 1.0385321378707886 1.5268440246582031
v -0.11652281880378723 0.9875912666320801 1.5864771604537964
v -0.0657261312007904 0.9884999990463257 1.4951369762420654
v -0.13690680265426636 1.0302966833114624 1.5998897552490234
v -0.03550000488758087 0.9629999995231628 1.538175106048584
v -0.1273702085018158 0.991592526435852 1.5947223901748657
v -0.029500000178813934 1.0240881443023682 1.5407353639602661
v -0.10534576326608658 0.9934999942779541 1.5821542739868164
v -0.14828258752822876 1.0911630392074585 1.5452826023101807
v -0.07324778288602829 0.9940015077590942 1.5815014839172363
v -0.0428086556494236 0.9615956544876099 1.5695956945419312
v -0.024518217891454697 1.0044878721237183 1.5250121355056763
v -0.03550000488758087 0.9615931510925293 1.5512206554412842
v -0.13177253305912018 0.9708293676376343 1.5491706132888794
v -0.055504124611616135 0.9640020728111267 1.5159978866577148
v -0.11525215953588486 0.982369601726532 1.6035000085830688
v -0.05150000378489494 0.9948309063911438 1.5281670093536377
v -0.0331837497651577 0.9962243437767029 1.5290918350219727
v -0.09766274690628052 1.0347751379013062 1.632887601852417
v -0.08519315719604492 0.9894999861717224 1.5346931219100952
v -0.04202955588698387 0.9854999780654907 1.5740443468093872
v -0.0632239580154419 0.9890000224113464 1.5253881216049194
v -0.14639297127723694 1.044071912765503 1.5356069803237915
v -0.09611924737691879 1.090357780456543 1.511690378189087
v -0.06416907906532288 0.9929999709129333 1.5532746315002441
v -0.03303453326225281 0.9964482188224792 1.5290172100067139
v -0.10978150367736816 0.9733907580375671 1.5477185249328613
v -0.08150000125169754 1.0283204317092896 1.489535927772522
v -0.14541016519069672 1.0400508642196655 1.5370897054672241
v -0.0567317008972168 0.9664999842643738 1.5193841457366943
v -0.10755278170108795 1.0187764167785645 1.507829189300537
v -0.07928844541311264 0.9970577359199524 1.4852885007858276
v -0.1188836395740509 1.0358836650848389 1.5139042139053345
v -0.10337531566619873 1.0133765935897827 1.6003752946853638
v -0.08206605166196823 1.064264178276062 1.479867935180664
v -0.08142083138227463 0.9823166728019714 1.4918416738510132
v -0.12770481407642365 0.9698523879051208 1.5713523626327515
v -0.131638765335083 0.9919537305831909 1.5903149843215942
v -0.08924916386604309 1.0659981966018677 1.5151253938674927
v -0.10021954774856567 0.9850000143051147 1.612260103225708
v -0.09435934573411942 0.9735000133514404 1.525593876838684
v -0.1056269183754921 0.9978358745574951 1.6169178485870361
v -0.04884711280465126 1.0208057165145874 1.520270586013794
v -0.03524727746844292 1.0313763618469238 1.5050644874572754
v -0.10218140482902527 0.9904999732971191 1.551681399345398
v -0.12108082324266434 1.0219999551773071 1.5601211786270142
v -0.06475802510976791 0.996999979019165 1.5901129245758057
v -0.12745746970176697 1.0528724193572998 1.5605425834655762
v -0.13362780213356018 1.0938082933425903 1.51443612575531
v -0.11415502429008484 0.9725775122642517 1.5156899690628052
v -0.14836743474006653 1.0219999551773071 1.5583674907684326
v -0.13550063967704773 1.086501955986023 1.5575000047683716
v -0.12714239954948425 1.0519272089004517 1.5608576536178589
v -0.0985000729560852 0.9980002045631409 1.5989999771118164
v -0.13337868452072144 1.0793933868408203 1.558500051498413
v -0.13207776844501495 0.9700000286102295 1.562307357788086
v -0.05840114504098892 0.9939011335372925 1.5954999923706055
v -0.14151836931705475 1.0317776203155518 1.539740800857544
v -0.142915740609169 1.0214999914169312 1.5534157752990723
v -0.10368312150239944 1.0516830682754517 1.4913169145584106
v -0.05833613872528076 0.9894999861717224 1.4984978437423706
v -0.02966250665485859 1.0351687669754028 1.5091687440872192
v -0.06619243323802948 1.0126546621322632 1.5096150636672974
v -0.14312633872032166 1.0264999866485596 1.5869946479797363
v -0.03099999763071537 1.0096877813339233 1.5436040163040161
v -0.040438681840896606 1.0280306339263916 1.501530647277832
v -0.06600000709295273 1.0074723958969116 1.511631965637207
v -0.07977911084890366 1.0154446363449097 1.4835551977157593
v -0.07632245868444443 1.0085326433181763 1.4839999675750732
v -0.04283693805336952 0.9941630363464355 1.5146158933639526
v -0.13631823658943176 0.9921364784240723 1.5847270488739014
v -0.1340673565864563 0.9754231572151184 1.57621169090271
v -0.10552387684583664 1.0197380781173706 1.5400477647781372
v -0.08895119279623032 0.9843804836273193 1.6136902570724487
v -0.10284432023763657 1.0186227560043335 1.6016557216644287
v -0.14262843132019043 1.003385305404663 1.5831283330917358
v -0.06220492720603943 0.9940901398658752 1.4982049465179443
v -0.09341099113225937 1.0283219814300537 1.629910945892334
v -0.06979973614215851 0.9894999861717224 1.5234999656677246
v -0.12672214210033417 1.0365926027297974 1.6142778396606445
v -0.1395755559206009 0.9959340691566467 1.5807170867919922
v -0.13642896711826324 1.0885720252990723 1.5570710897445679
v -0.11675552278757095 0.996999979019165 1.5225037336349487
v -0.08045443892478943 0.9911822080612183 1.4869089126586914
v -0.01242402009665966 1.0306200981140137 1.5135760307312012
v -0.06700000166893005 0.9907951951026917 1.520204782485962
v -0.034870777279138565 0.962370753288269 1.541646122932434
v -0.11397053301334381 0.996999979019165 1.5199705362319946
v -0.08858702331781387 0.972000002861023 1.502500057220459
v -0.10356006771326065 0.9725000262260437 1.507560133934021
v -0.11180323362350464 1.0395606756210327 1.6050606966018677
v -0.0939626395702362 1.0195000171661377 1.5241940021514893
v -0.10712269693613052 0.996999979019165 1.5126227140426636
v -0.04788372665643692 0.9884999990463257 1.5066163539886475
v -0.11106371879577637 1.0748186111450195 1.5384362936019897
v -0.07567095011472702 0.9826709628105164 1.6057720184326172
v -0.09099999815225601 1.0716880559921265 1.5138280391693115
v -0.06545993685722351 0.9664799571037292 1.5155199766159058
v -0.13900570571422577 0.9957471489906311 1.5460114479064941
v -0.08049999922513962 0.9685373902320862 1.496962547302246
v -0.028013186529278755 0.9639868140220642 1.5425065755844116
v -0.08173875510692596 1.0211418867111206 1.4913581609725952
v -0.11899999529123306 0.9974715113639832 1.5839214324951172
v -0.09633628278970718 1.0910089015960693 1.5115818977355957
v -0.030027704313397408 0.9609907865524292 1.5434999465942383
v -0.07294262945652008 0.9721721410751343 1.6030000448226929
v -0.05115419253706932 1.0161916017532349 1.5238083600997925
v -0.06022459641098976 0.9624999761581421 1.5893163681030273
v -0.1543760895729065 1.0786283016204834 1.534500002861023
v -0.05990028381347656 0.9678995609283447 1.5048004388809204
v -0.10991110652685165 0.9900000095367432 1.5613222122192383
v -0.12678244709968567 1.0504122972488403 1.5609999895095825
v -0.12983228266239166 1.0615806579589844 1.5595837831497192
v -0.030941367149353027 1.008148193359375 1.5441172122955322
v -0.14200681447982788 0.9844591021537781 1.542493224143982
v -0.04070163145661354 0.9925524592399597 1.574447512626648
v -0.11885608732700348 1.0212373733520508 1.5564748048782349
v -0.051827531307935715 1.0001376867294312 1.527999997138977
v -0.09300000220537186 0.996595561504364 1.617547631263733
v -0.0732416883111 1.0142582654953003 1.4835000038146973
v -0.14310960471630096 1.0214999914169312 1.5536096096038818
v -0.024588674306869507 1.0362056493759155 1.5380295515060425
v -0.15029358863830566 1.0687339305877686 1.5355000495910645
v -0.13499999046325684 1.003563642501831 1.5425000190734863
v -0.09317167103290558 0.9959849715232849 1.6174999475479126
v -0.10898617655038834 1.0689308643341064 1.5400137901306152
v -0.15649999678134918 1.0901744365692139 1.5352935791015625
v -0.07305649667978287 0.9914435148239136 1.5457217693328857
v -0.008868321776390076 1.0384999513626099 1.5273526906967163
v -0.1355363130569458 1.0135726928710938 1.6090363264083862
v -0.12400106340646744 0.9917516112327576 1.5952515602111816
v -0.1244249939918518 0.9901166558265686 1.5965750217437744
v -0.13141076266765594 1.0661429166793823 1.559499979019165
v -0.08075401186943054 0.9836270213127136 1.6071269512176514
v -0.11749999970197678 1.082918405532837 1.493729591369629
v -0.11740328371524811 1.0815163850784302 1.493499994277954
v -0.09512925148010254 0.9748877286911011 1.4927414655685425
v -0.14014685153961182 0.9970874190330505 1.5811468362808228
v -0.10649999976158142 1.039124608039856 1.5410938262939453
v -0.14828164875507355 0.9976266026496887 1.560218334197998
v -0.0262274332344532 0.9818637371063232 1.55045485496521
v -0.03049999289214611 0.9992918968200684 1.5456416606903076
v -0.08425313979387283 1.0199999809265137 1.512879729270935
v -0.032193873077631 0.982897937297821 1.5590918064117432
v -0.035720791667699814 1.0119479894638062 1.5017207860946655
v -0.03955177590250969 0.9624999761581421 1.5610777139663696
v -0.04702554643154144 0.9884999990463257 1.5334872007369995
v -0.08060640841722488 0.9702021479606628 1.5037977695465088
v -0.09745018929243088 0.9699751138687134 1.5570497512817383
v -0.14307142794132233 1.09502375125885 1.5489286184310913
v -0.08342693746089935 0.9894999861717224 1.5327359437942505
v -0.09939366579055786 0.9900316596031189 1.5973190069198608
v -0.05833791568875313 0.9885844588279724 1.5278310775756836
v -0.10981623083353043 0.9704081416130066 1.5223675966262817
v -0.08100000023841858 0.9851941466331482 1.4901044368743896
v -0.04101819545030594 0.9930546283721924 1.573981761932373
v -0.05563454329967499 0.9629999995231628 1.583951711654663
v -0.14817844331264496 1.0969523191452026 1.5433216094970703
v -0.13861286640167236 0.9756693243980408 1.5443871021270752
v -0.10777399688959122 1.0195000171661377 1.5423305034637451
v -0.0875420868396759 0.9725000262260437 1.5304720401763916
v -0.11801296472549438 0.9935259222984314 1.5849934816360474
v -0.08779661357402802 0.9903241395950317 1.5377966165542603
v -0.14410385489463806 0.9946980476379395 1.5557076930999756
v -0.058500003069639206 0.9738234877586365 1.4996176958084106
v -0.12843240797519684 0.9927703738212585 1.5321351289749146
v -0.060999996960163116 0.9600199460983276 1.5845199823379517
v -0.11582343280315399 1.0201077461242676 1.5529311895370483
v -0.15324676036834717 1.0482338666915894 1.5647532939910889
v -0.1150488331913948 0.9732441902160645 1.6000487804412842
v -0.026739021763205528 0.988597571849823 1.5492609739303589
v -0.06685004383325577 1.0029499530792236 1.513350009918213
v -0.05940922722220421 0.9827046394348145 1.498352289199829
v -0.11651178449392319 0.968500018119812 1.5904921293258667
v -0.05465537682175636 0.9890000224113464 1.5013446807861328
v -0.1280798465013504 0.9695000052452087 1.5793403387069702
v -0.12829260528087616 0.9695000052452087 1.578914761543274
v -0.09628017991781235 1.0336703062057495 1.6322802305221558
v -0.13204491138458252 1.0036122798919678 1.6035449504852295
v -0.09455747902393341 1.0195000171661377 1.5250861644744873
v -0.1384357213973999 0.9959999918937683 1.5449036359786987
v -0.09702375531196594 0.984499990940094 1.6137381792068481
v -0.11576378345489502 0.996999979019165 1.521763801574707
v -0.12473735213279724 0.9928560256958008 1.596237301826477
v -0.05199999362230301 1.0121172666549683 1.525976538658142
v -0.14559733867645264 1.0408893823623657 1.536805272102356
v -0.14800000190734863 1.056932806968689 1.5355000495910645
v -0.12831877171993256 0.9750000238418579 1.5351375341415405
v -0.030688438564538956 0.9607705473899841 1.5434999465942383
v -0.13140769302845 1.0345922708511353 1.6088885068893433
v -0.09174276143312454 0.968500018119812 1.562004804611206
v -0.1145000010728836 1.0243349075317383 1.6341338157653809
v -0.09096023440361023 1.0184999704360962 1.4881761074066162
v -0.08469370007514954 0.9922312498092651 1.4914624691009521
v -0.08499749004840851 0.9953324794769287 1.6031700372695923
v -0.03739570081233978 1.0069172382354736 1.503791332244873
v -0.13100676238536835 1.0260202884674072 1.5855000019073486
v -0.1459999978542328 0.9944999814033508 1.5639604330062866
v -0.07349999248981476 0.9704024195671082 1.6031992435455322
v -0.10124634206295013 0.9904999732971191 1.5507463216781616
v -0.024080868810415268 0.9829999804496765 1.5456616878509521
v -0.026500003412365913 0.9722844958305359 1.5429999828338623
v -0.09849999845027924 0.9996895790100098 1.5409525632858276
v -0.11547636985778809 1.0210708379745483 1.6320472955703735
v -0.13307100534439087 0.9700354933738708 1.561982274055481
v -0.13091637194156647 0.970187246799469 1.5498126745224
v -0.09052019566297531 0.9849798083305359 1.6139999628067017
v -0.11101077497005463 0.9670215249061584 1.5920323133468628
v -0.08000000566244125 0.972426176071167 1.493573784828186
v -0.041286569088697433 0.9664268493652344 1.5190731287002563
v -0.12510813772678375 0.9750000238418579 1.5296622514724731
v -0.12949325144290924 1.0574662685394287 1.5134999752044678
v -0.13837787508964539 1.0207926034927368 1.5483778715133667
v -0.12382077425718307 0.9688207507133484 1.5326792001724243
v -0.1048271581530571 1.0468641519546509 1.5405000448226929
v -0.08493217080831528 1.078330397605896 1.4789661169052124
v -0.033957306295633316 0.9838191270828247 1.5622763633728027
v -0.04658397287130356 0.9860000014305115 1.5789380073547363
v -0.15687255561351776 1.0875097513198853 1.5346274375915527
v -0.1462368220090866 1.022440791130066 1.5566775798797607
v -0.14645762741565704 1.0925847291946411 1.5433728694915771
v -0.02662985771894455 0.9699805378913879 1.5429999828338623
v -0.07646284997463226 0.9635371565818787 1.6020371913909912
v -0.05421553552150726 0.9890000224113464 1.5017844438552856
v -0.10807111114263535 0.9894644618034363 1.5655356645584106
v -0.06771102547645569 0.9960963129997253 1.5862889289855957
v -0.0396491140127182 0.9994035363197327 1.5087982416152954
v -0.12884894013404846 1.0543956756591797 1.513348937034607
v -0.1184522956609726 1.0353091955184937 1.5140477418899536
v -0.05524463206529617 1.0070322751998901 1.4904892444610596
v -0.11384682357311249 1.1024999618530273 1.4987688064575195
v -0.1109335869550705 1.0742343664169312 1.538632869720459
v -0.1284436583518982 0.9750000238418579 1.5353872776031494
v -0.06980178505182266 0.9894999861717224 1.5234999656677246
v -0.09547380357980728 0.9831047654151917 1.4885523319244385
v -0.02266969159245491 0.991940438747406 1.5326100587844849
v -0.10822729021310806 1.0195000171661377 1.5428409576416016
v -0.03459867835044861 0.987699568271637 1.5174013376235962
v -0.07489827275276184 0.9664025902748108 1.6030000448226929
v -0.03744586929678917 0.9915541410446167 1.528054118156433
v -0.10475710034370422 1.1028380393981934 1.5041618347167969
v -0.0722670927643776 0.9884999990463257 1.4928663969039917
v -0.1142798364162445 0.968500018119812 1.5927202701568604
v -0.08954763412475586 0.9904999732971191 1.5641785860061646
v -0.1184653788805008 1.0883615016937256 1.49399995803833
v -0.009540289640426636 1.014919400215149 1.5364999771118164
v -0.0928107351064682 0.9940000176429749 1.496810793876648
v -0.1380627304315567 1.0980000495910645 1.5320627689361572
v -0.1410028487443924 1.0310043096542358 1.5399985313415527
v -0.0514674186706543 0.9886168837547302 1.5312663316726685
v -0.07227751612663269 1.015222430229187 1.4835444688796997
v -0.13654685020446777 1.01673424243927 1.5425000190734863
v -0.0683164894580841 0.9677721858024597 1.5092277526855469
v -0.12333985418081284 0.9675195813179016 1.5339804887771606
v -0.08780951052904129 0.9717698097229004 1.502500057220459
v -0.05872313305735588 0.9721652865409851 1.5008347034454346
v -0.12492894381284714 1.0197868347167969 1.5835000276565552
v -0.11397866904735565 1.0195000171661377 1.550304889678955
v -0.07859816402196884 0.9912945032119751 1.6115000247955322
v -0.049058280885219574 0.9629999995231628 1.5743374824523926
v -0.11430719494819641 0.9719607830047607 1.5989607572555542
v -0.11153075844049454 0.9735000133514404 1.51518714427948
v -0.08567778766155243 0.9987888336181641 1.5264999866485596
v -0.07613085210323334 0.9831074476242065 1.4900000095367432
v -0.1270296424627304 0.9975000023841858 1.5330296754837036
v -0.10404962301254272 1.0547977685928345 1.5394999980926514
v -0.13646532595157623 1.0886205434799194 1.5570346117019653
v -0.13144415616989136 1.0345557928085327 1.6088337898254395
v -0.1107325628399849 1.0043487548828125 1.6212326288223267
v -0.11700031161308289 0.9904996752738953 1.514249563217163
v -0.0850408747792244 1.0072044134140015 1.5264182090759277
v -0.1289999932050705 1.011124849319458 1.5687812566757202
v -0.10116462409496307 1.099664568901062 1.5073354244232178
v -0.09175057709217072 0.9645000100135803 1.6009976863861084
v -0.027391843497753143 0.9822229743003845 1.5531688928604126
v -0.1202862337231636 1.0219999551773071 1.5585724115371704
v -0.11880773305892944 1.0195000171661377 1.5178077220916748
v -0.11596449464559555 1.0196064710617065 1.6310709714889526
v -0.08150000125169754 1.056877613067627 1.4822489023208618
v -0.05934172868728638 0.9626330733299255 1.587816596031189
v -0.04252324998378754 1.027500033378601 1.5002325773239136
v -0.14650000631809235 1.0479958057403564 1.5355000495910645
v -0.1360289305448532 0.9705289006233215 1.5634132623672485
v -0.0372806191444397 0.9849268794059753 1.567280650138855
v -0.12430398911237717 1.1012009382247925 1.5213969945907593
v -0.03049999289214611 1.0012367963790894 1.5455000400543213
v -0.14579136669635773 1.0416654348373413 1.5364172458648682
v -0.05486167222261429 0.9890000224113464 1.5011383295059204
v -0.0924975723028183 1.0140098333358765 1.6230049133300781
v -0.08874959498643875 0.9940000176429749 1.494166374206543
v -0.09335866570472717 1.088119626045227 1.4904781579971313
v -0.10898445546627045 0.9865000247955322 1.6090155839920044
v -0.12548710405826569 1.020243525505066 1.5837435722351074
v -0.10490898042917252 1.059135913848877 1.5399090051651
v -0.0193120576441288 0.996417224407196 1.5339586734771729
v -0.03739801421761513 0.9916020035743713 1.5281020402908325
v -0.05038703978061676 0.9629999995231628 1.5758870840072632
v -0.07492706179618835 0.9894999861717224 1.5246423482894897
v -0.10306666791439056 0.9887666702270508 1.61163330078125
v -0.10647322982549667 0.9727365970611572 1.5104732513427734
v -0.06265290826559067 0.9890000224113464 1.5256158113479614
v -0.03700000420212746 0.9701563119888306 1.571171760559082
v -0.07049919664859772 0.9884999990463257 1.4935002326965332
v -0.15549999475479126 1.061410903930664 1.5626177787780762
v -0.09311001002788544 0.9961699843406677 1.6174999475479126
v -0.08629576116800308 0.9898978471755981 1.536193609237671
v -0.07861947268247604 0.9604402780532837 1.5988208055496216
v -0.10334379971027374 0.9898751974105835 1.6121876239776611
v -0.11575805395841599 0.9745160937309265 1.5124839544296265
v -0.10772466659545898 0.9863061904907227 1.6096938848495483
v -0.12066628038883209 0.9885415434837341 1.5998753309249878
v -0.0741308331489563 0.9934563636779785 1.580869197845459
v -0.05840253084897995 0.999896228313446 1.493902564048767
v -0.07687744498252869 0.9929999709129333 1.5781224966049194
v -0.0688389465212822 0.9929999709129333 1.5486207008361816
v -0.11102983355522156 1.0392649173736572 1.6047649383544922
v -0.11400000005960464 1.0050122737884521 1.5182439088821411
v -0.038431186228990555 0.9629999995231628 1.5325688123703003
v -0.1262475997209549 1.1012507677078247 1.5200015306472778
v -0.059929829090833664 0.9829649329185486 1.4984824657440186
v -0.086759053170681 1.0811386108398438 1.4802590608596802
v -0.08889856189489365 0.9843594431877136 1.6136797666549683
v -0.09099999815225601 1.0768202543258667 1.5130000114440918
v -0.10900000482797623 0.9842754602432251 1.502500057220459
v -0.03667755797505379 1.0303224325180054 1.5040483474731445
v -0.12450005859136581 0.9980000853538513 1.566499948501587
v -0.06700000166893005 0.9993767738342285 1.5147488117218018
v -0.09593573212623596 1.0902904272079468 1.4929356575012207
v -0.1046147570014 0.9664999842643738 1.5996925830841064
v -0.11174818128347397 0.9684963822364807 1.5944926738739014
v -0.14325262606143951 1.0962473154067993 1.5367578268051147
v -0.09218643605709076 1.015254259109497 1.6236271858215332
v -0.11097556352615356 0.9669755697250366 1.5919755697250366
v -0.11144820600748062 0.9711493849754333 1.5194023847579956
v -0.0452960841357708 1.02742600440979 1.4978519678115845
v -0.11662963777780533 0.968500018119812 1.5904135704040527
v -0.049166206270456314 1.0269335508346558 1.4959336519241333
v -0.03599999472498894 0.973825216293335 1.5705000162124634
v -0.12939156591892242 1.1000361442565918 1.523355484008789
v -0.12078910320997238 1.0132228136062622 1.5821444988250732
v -0.0258698221296072 0.9853698015213013 1.5288904905319214
v -0.09111996740102768 1.077719807624817 1.5130000114440918
v -0.13635577261447906 1.0111346244812012 1.5425000190734863
v -0.08150000125169754 1.0386600494384766 1.4867099523544312
v -0.07655349373817444 0.9698883891105652 1.505223274230957
v -0.059186745434999466 0.9825933575630188 1.4982967376708984
v -0.010019239038228989 1.0139615535736084 1.5364999771118164
v -0.09566497057676315 1.0184999704360962 1.4942766427993774
v -0.13813072443008423 1.020326852798462 1.6109999418258667
v -0.11314895749092102 1.0076490640640259 1.623649001121521
v -0.07875816524028778 0.9997091889381409 1.4847582578659058
v -0.13362443447113037 1.0079978704452515 1.6058733463287354
v -0.1397845298051834 0.9711422920227051 1.562000036239624
v -0.10850173979997635 1.0555016994476318 1.489833950996399
v -0.12487844377756119 0.9700676798820496 1.5316214561462402
v -0.06561005115509033 1.008779764175415 1.5111100673675537
v -0.12912797927856445 1.0556398630142212 1.5134999752044678
v -0.06266536563634872 0.9860000014305115 1.594165325164795
v -0.07575326412916183 0.9663766026496887 1.5782467126846313
v -0.13787394762039185 0.9750304818153381 1.5449695587158203
v -0.037224799394607544 0.9930749535560608 1.5438501834869385
v -0.1570427119731903 1.0799145698547363 1.5550639629364014
v -0.06828873604536057 1.0230000019073486 1.5010000467300415
v -0.03599371388554573 0.9898354411125183 1.5405062437057495
v -0.13890986144542694 0.976114809513092 1.5440901517868042
v -0.05773131921887398 0.9808282852172852 1.4978656768798828
v -0.13908864557743073 1.0761772394180298 1.5119999647140503
v -0.13008196651935577 0.9708606600761414 1.5727213621139526
v -0.1258353888988495 0.9695000052452087 1.5821646451950073
v -0.12066256254911423 0.9885406494140625 1.5998780727386475
v -0.05249999836087227 1.0059367418289185 1.5276126861572266
v -0.011510223150253296 1.0094692707061768 1.535989761352539
v -0.1112893745303154 0.9900000095367432 1.563684105873108
v -0.12422206997871399 1.0204999446868896 1.5279440879821777
v -0.08843781799077988 1.0195000171661377 1.517656683921814
v -0.1411527842283249 1.0312291383743286 1.5399236679077148
v -0.04076351970434189 0.992645263671875 1.5743547677993774
v -0.12010834366083145 1.0085417032241821 1.5824999809265137
v -0.13243670761585236 0.9735633134841919 1.540873408317566
v -0.07167978584766388 0.9647265672683716 1.5818202495574951
v -0.11238353699445724 1.0613447427749634 1.491961121559143
v -0.060999996960163116 0.9597799181938171 1.5842798948287964
v -0.15182669460773468 1.0049899816513062 1.5591633319854736
v -0.07743033766746521 0.9835696816444397 1.6046454906463623
v -0.06268656998872757 0.9892711639404297 1.496000051498413
v -0.07128142565488815 0.9894999861717224 1.5234999656677246
v -0.10877090692520142 1.0195000171661377 1.543656349182129
v -0.07970776408910751 0.9947534203529358 1.4857077598571777
v -0.146116703748703 1.0429668426513672 1.5358833074569702
v -0.10318265855312347 0.9934999942779541 1.5847564935684204
v -0.052086662501096725 1.0114799737930298 1.5262600183486938
v -0.027181213721632957 1.0368640422821045 1.5108641386032104
v -0.10960202664136887 0.9703010320663452 1.5227959156036377
v -0.13726022839546204 0.9959999918937683 1.5430203676223755
v -0.03586731478571892 0.9614999890327454 1.5529693365097046
v -0.14382024109363556 1.0061404705047607 1.5839101076126099
v -0.08043838292360306 0.9639999866485596 1.5989692211151123
v -0.08365369588136673 0.9675000309944153 1.5703463554382324
v -0.15633317828178406 1.0915005207061768 1.5358335971832275
v -0.02783454954624176 0.9823336601257324 1.5535008907318115
v -0.09303674101829529 1.0880123376846313 1.4900490045547485
v -0.11047307401895523 0.996999979019165 1.5159730911254883
v -0.09200000017881393 1.0178817510604858 1.6246527433395386
v -0.03099999763071537 1.0102317333221436 1.5434226989746094
v -0.1063765361905098 1.0184999704360962 1.5063765048980713
v -0.11928381025791168 1.092864751815796 1.4942162036895752
v -0.02689092606306076 0.9820977449417114 1.5527931451797485
v -0.028209703043103218 0.9858548641204834 1.525435447692871
v -0.07331853359937668 0.968939483165741 1.5065604448318481
v -0.03099999763071537 1.0093231201171875 1.543725609779358
v -0.09400000423192978 0.9897041916847229 1.6160681247711182
v -0.05917288735508919 0.9633084535598755 1.5881541967391968
v -0.119533471763134 1.0041338205337524 1.5834665298461914
v -0.08260872960090637 1.019782543182373 1.492608666419983
v -0.026500003412365913 0.9819999933242798 1.5522092580795288
v -0.08870553970336914 0.9904999732971191 1.538705587387085
v -0.09422777593135834 1.0884093046188354 1.4916369915008545
v -0.1264965981245041 1.0489829778671265 1.5609999895095825
v -0.03711744025349617 0.9848724603652954 1.56711745262146
v -0.07635606825351715 0.9636439085006714 1.6021438837051392
v -0.03049999289214611 1.0004510879516602 1.5455000400543213
v -0.13541048765182495 0.9707947373390198 1.5614999532699585
v -0.06949428468942642 0.9928352236747742 1.5481704473495483
v -0.09893625974655151 0.9948545694351196 1.5885636806488037
v -0.023536723107099533 1.0054632425308228 1.524357795715332
v -0.10575321316719055 1.0340192317962646 1.5419936180114746
v -0.05968830734491348 0.9828441739082336 1.4984220266342163
v -0.051806315779685974 1.000031590461731 1.527999997138977
v -0.11451559513807297 1.0239531993865967 1.633968710899353
v -0.0925000011920929 1.0058929920196533 1.6211310625076294
v -0.1316727250814438 0.9741636514663696 1.5395090579986572
v -0.03953434154391289 0.9701985120773315 1.5160342454910278
v -0.15018011629581451 1.0968799591064453 1.5413198471069336
v -0.15386982262134552 1.0084792375564575 1.5593698024749756
v -0.05638837814331055 0.9660000205039978 1.556417465209961
v -0.08657757192850113 1.0808664560317993 1.4800776243209839
v -0.07917112857103348 0.9854999780654907 1.6064473390579224
v -0.10312528908252716 0.9854999780654907 1.6114373207092285
v -0.024143332615494728 1.0048567056655884 1.5247622728347778
v -0.12855561077594757 1.053222417831421 1.5130555629730225
v -0.11320659518241882 0.996999979019165 1.5190598964691162
v -0.09316609054803848 0.9893339276313782 1.494835615158081
v -0.11955422908067703 0.968500018119812 1.588472843170166
v -0.08172337710857391 1.021164894104004 1.491335153579712
v -0.13372009992599487 1.0811004638671875 1.5582799911499023
v -0.10518154501914978 1.045273780822754 1.5406816005706787
v -0.09568142145872116 1.032772183418274 1.6316814422607422
v -0.11685757339000702 1.0284303426742554 1.5149999856948853
v -0.1535775363445282 1.084844946861267 1.5505775213241577
v -0.13033273816108704 1.0178309679031372 1.5703327655792236
v -0.14238865673542023 0.9941295385360718 1.5756113529205322
v -0.11749999970197678 1.0823341608047485 1.4935835599899292
v -0.06311667710542679 0.9664611220359802 1.5164611339569092
v -0.035970382392406464 1.0113240480422974 1.5019704103469849
v -0.1382436752319336 1.074487328529358 1.5121281147003174
v -0.1177503690123558 1.039124846458435 1.6224372386932373
v -0.04631395637989044 1.0271714925765991 1.4973430633544922
v -0.10493066161870956 0.9968613386154175 1.616430640220642
v -0.06774343550205231 0.9675811529159546 1.5094188451766968
v -0.0787680447101593 0.9603659510612488 1.5985980033874512
v -0.10186398029327393 1.0363198518753052 1.4936360120773315
v -0.14800000190734863 1.057857871055603 1.5355000495910645
v -0.11400000005960464 1.0056161880493164 1.55649995803833
v -0.13161881268024445 1.0343811511993408 1.6085718870162964
v -0.036413613706827164 0.9896954894065857 1.5400863885879517
v -0.05866599455475807 0.9722509980201721 1.5007489919662476
v -0.1308005303144455 1.0211009979248047 1.5711501836776733
v -0.0456220768392086 0.9603779315948486 1.5673779249191284
v -0.11552383005619049 1.1018015146255493 1.4978253841400146
v -0.043413907289505005 0.962706983089447 1.5666208267211914
v -0.13650000095367432 1.0146995782852173 1.5425000190734863
v -0.08699089288711548 0.9843727350234985 1.6122454404830933
v -0.12556207180023193 1.1009999513626099 1.5180931091308594
v -0.12881609797477722 1.0587643384933472 1.559999942779541
v -0.03405406326055527 0.9838513731956482 1.5624054670333862
v -0.06374537199735641 0.9860000014305115 1.595245361328125
v -0.06914286315441132 0.9929524064064026 1.5484046936035156
v -0.0990416631102562 0.9904999732971191 1.5480624437332153
v -0.14783309400081635 0.995999276638031 1.5605000257492065
v -0.1285533308982849 0.9978299736976624 1.5997766256332397
v -0.10945302248001099 0.9732264876365662 1.5480469465255737
v -0.09960436075925827 0.9850000143051147 1.612465262413025
v -0.12200000137090683 1.0351190567016602 1.5601190328598022
v -0.11795980483293533 0.9884999990463257 1.6021934747695923
v -0.10236386209726334 1.0385229587554932 1.6330000162124634
v -0.044184692203998566 0.9645000100135803 1.5266577005386353
v -0.13177891075611115 1.0986473560333252 1.526705265045166
v -0.02939438819885254 1.0257641077041626 1.5403944253921509
v -0.12121151387691498 1.1024295091629028 1.5132114887237549
v -0.02884344942867756 0.9631565809249878 1.5429216623306274
v -0.11638320982456207 0.9763832092285156 1.6013832092285156
v -0.13068780303001404 0.9712504148483276 1.5731878280639648
v -0.11491090804338455 0.996999979019165 1.5209108591079712
v -0.07758685946464539 0.9793263077735901 1.4907934665679932
v -0.1238400787115097 0.9688400626182556 1.532659888267517
v -0.11887659877538681 0.9747921824455261 1.5236687660217285
v -0.09863635897636414 0.9989545345306396 1.541136384010315
v -0.13051560521125793 1.099489450454712 1.5250208377838135
v -0.04133572801947594 0.9957464337348938 1.5121715068817139
v -0.06631454080343246 0.9884999990463257 1.494842767715454
v -0.030954524874687195 0.9922727346420288 1.5450454950332642
v -0.135536789894104 1.0980926752090454 1.5297220945358276
v -0.09849999845027924 1.0100971460342407 1.5399999618530273
v -0.08049999922513962 0.9689573645591736 1.4965426921844482
v -0.1371379792690277 1.0301810503005981 1.5995429754257202
v -0.10672010481357574 1.0184999704360962 1.5067200660705566
v -0.11400000005960464 1.0042359828948975 1.5186320543289185
v -0.15687547624111176 1.0863773822784424 1.5343754291534424
v -0.10347465425729752 0.9903985857963562 1.612449288368225
v -0.1433807611465454 1.0951268672943115 1.548619270324707
v -0.12115207314491272 0.9687173366546631 1.5873479843139648
v -0.1258605420589447 0.9720816612243652 1.5306395292282104
v -0.04478564113378525 0.9624762535095215 1.5220237970352173
v -0.15538153052330017 1.0167630910873413 1.5635261535644531
v -0.09796366840600967 1.0195000171661377 1.5298296213150024
v -0.14681348204612732 0.9873730540275574 1.5653432607650757
v -0.094090536236763 0.9849697947502136 1.6145000457763672
v -0.013372419402003288 1.017068862915039 1.516686201095581
v -0.02791823074221611 0.9871490597724915 1.5510145425796509
v -0.11870446801185608 1.0973865985870361 1.495591163635254
v -0.09600000083446503 1.0314512252807617 1.494085431098938
v -0.14039815962314606 0.993599534034729 1.5772013664245605
v -0.12641826272010803 0.9975000023841858 1.5324182510375977
v -0.12677119672298431 1.0503559112548828 1.5609999895095825
v -0.13328200578689575 1.0944359302520752 1.5146089792251587
v -0.028998946771025658 1.0267527103424072 1.539999008178711
v -0.1404079645872116 0.9981318712234497 1.5814080238342285
v -0.10558595508337021 1.0407929420471191 1.6322070360183716
v -0.12956978380680084 0.9993546605110168 1.600569725036621
v -0.13437864184379578 0.9915000200271606 1.5868107080459595
v -0.09600000083446503 1.0329644680023193 1.4936530590057373
v -0.059623099863529205 0.9624999761581421 1.5889153480529785
v -0.14061278104782104 1.0926127433776855 1.5518308877944946
v -0.15835589170455933 1.071779489517212 1.5597882270812988
v -0.07945258915424347 0.9668175578117371 1.5748649835586548
v -0.1062733381986618 1.0406333208084106 1.5412266254425049
v -0.11400000005960464 1.0076861381530762 1.55649995803833
v -0.1345226764678955 1.0115453004837036 1.608022689819336
v -0.1546785533428192 1.020821452140808 1.5679643154144287
v -0.011475875973701477 1.027451753616333 1.5137380361557007
v -0.11749999970197678 1.0827652215957642 1.493691325187683
v -0.03049999289214611 0.9934626817703247 1.5464999675750732
v -0.13243061304092407 1.064740777015686 1.5140000581741333
v -0.13442504405975342 0.9759000539779663 1.5764501094818115
v -0.11430485546588898 1.0669145584106445 1.493499994277954
v -0.1169779896736145 1.0204925537109375 1.5544706583023071
v -0.13650000095367432 0.9710000157356262 1.5559457540512085
v -0.053323857486248016 0.9944507479667664 1.562676191329956
v -0.13650000095367432 1.0156482458114624 1.5425000190734863
v -0.13587318360805511 1.087619662284851 1.5575000047683716
v -0.13130365312099457 1.0657145977020264 1.559499979019165
v -0.09099050611257553 1.0195000171661377 1.5209904909133911
v -0.09048793464899063 0.9950000047683716 1.5955240726470947
v -0.08004430681467056 0.9928227663040161 1.486088514328003
v -0.11634165793657303 0.9901708364486694 1.5669145584106445
v -0.10913653671741486 0.9834538698196411 1.5023635625839233
v -0.06995522230863571 0.9679999947547913 1.508363127708435
v -0.10351075977087021 1.1020071506500244 1.5049928426742554
v -0.027553517371416092 0.9872232675552368 1.531499981880188
v -0.13470622897148132 0.9728968739509583 1.545015573501587
v -0.14247837662696838 1.0028918981552124 1.5829782485961914
v -0.11600000411272049 1.0178149938583374 1.6299259662628174
v -0.1396915316581726 0.9954999685287476 1.5477662086486816
v -0.12147912383079529 0.9978263974189758 1.5261527299880981
v -0.15346379578113556 1.022024154663086 1.5700242519378662
v -0.08483832329511642 0.9912904500961304 1.5693713426589966
v -0.07882904261350632 0.9760128855705261 1.4915000200271606
v -0.08989966660737991 1.0184999704360962 1.4875397682189941
v -0.0791485384106636 0.9926485419273376 1.6111286878585815
v -0.11370516568422318 1.0033206939697266 1.55649995803833
v -0.09792833775281906 1.0923924446105957 1.4949283599853516
v -0.0029971757903695107 1.0250028371810913 1.5345019102096558
v -0.11030133813619614 1.03890061378479 1.604400634765625
v -0.10924708843231201 0.9830116629600525 1.5022529363632202
v -0.10183940082788467 1.0361969470977783 1.493660569190979
v -0.011784138157963753 1.0086475610733032 1.5357158184051514
v -0.08550000190734863 1.0124950408935547 1.5240050554275513
v -0.07572728395462036 0.9648181796073914 1.6027727127075195
v -0.04024342820048332 0.9637565612792969 1.570878267288208
v -0.023935219272971153 1.0380324125289917 1.5132986307144165
v -0.054485052824020386 0.9725747108459473 1.5869851112365723
v -0.10237602144479752 1.0062520503997803 1.5994999408721924
v -0.08218653500080109 1.0647461414337158 1.4796268939971924
v -0.07164809107780457 0.9856172800064087 1.600648045539856
v -0.12950000166893005 0.981584370136261 1.5280169248580933
v -0.13599999248981476 0.970732569694519 1.559345006942749
v -0.03937600553035736 0.9624999761581421 1.560628056526184
v -0.03874979540705681 1.0017507076263428 1.5069996118545532
v -0.0961754322052002 0.9722350835800171 1.5034701824188232
v -0.1491917073726654 1.0974041223526 1.5423083305358887
v -0.0943804606795311 1.0302610397338867 1.6308804750442505
v -0.1129690557718277 0.9699690341949463 1.597438097000122
v -0.017583118751645088 1.0399999618530273 1.5196949243545532
v -0.054607655853033066 1.012784719467163 1.4882153272628784
v -0.049025654792785645 1.0269896984100342 1.4959897994995117
v -0.13205139338970184 0.9700000286102295 1.5754314661026
v -0.14217457175254822 1.0013728141784668 1.582674503326416
v -0.08546856045722961 0.9924895167350769 1.4919790029525757
v -0.12857286632061005 1.008291482925415 1.5680729150772095
v -0.09688127785921097 0.9696906208992004 1.5576187372207642
v -0.06285697221755981 0.9927860498428345 1.498857021331787
v -0.03099999763071537 1.0130375623703003 1.5426925420761108
v -0.09849999845027924 1.0010886192321777 1.5406028032302856
v -0.14634674787521362 0.9786934852600098 1.5633467435836792
v -0.045799463987350464 0.9954999685287476 1.5683003664016724
v -0.09238084405660629 0.9847301244735718 1.6142301559448242
v -0.03884758800268173 1.0288262367248535 1.5024893283843994
v -0.14631663262844086 1.0437664985656738 1.5356833934783936
v -0.05131885036826134 0.9892319440841675 1.5291811227798462
v -0.1038956344127655 0.9664999842643738 1.6000348329544067
v -0.021265147253870964 1.007234811782837 1.5228434801101685
v -0.15207204222679138 1.0428602695465088 1.565500020980835
v -0.035858262330293655 0.9898805618286133 1.5406417846679688
v -0.10335153341293335 0.9904999732971191 1.5528515577316284
v -0.12014763802289963 1.1024999618530273 1.5112953186035156
v -0.06956741213798523 1.0176441669464111 1.4841442108154297
v -0.12899647653102875 1.1000034809112549 1.5175034999847412
v -0.03599999472498894 0.9741591811180115 1.5705000162124634
v -0.03902596980333328 0.9624999761581421 1.5595779418945312
v -0.1185000017285347 0.9809597730636597 1.5099999904632568
v -0.10947057604789734 0.9735000133514404 1.5134705305099487
v -0.03099999763071537 1.0135254859924316 1.5425949096679688
v -0.13657218217849731 0.9925000071525574 1.583891749382019
v -0.11708308011293411 0.990416944026947 1.5141253471374512
v -0.138304203748703 1.0980000495910645 1.5323041677474976
v -0.12708164751529694 0.9739082455635071 1.52933669090271
v -0.09799999743700027 1.0423235893249512 1.49399995803833
v -0.14113390445709229 1.097433090209961 1.5341339111328125
v -0.06096566095948219 0.9670000076293945 1.5064656734466553
v -0.056315042078495026 0.9672397971153259 1.5888150930404663
v -0.011499998159706593 1.0236891508102417 1.5143277645111084
v -0.13223998248577118 1.0026201009750366 1.542120099067688
v -0.09400000423192978 0.9910840392112732 1.616533637046814
v -0.08306887000799179 0.9774311184883118 1.4911466836929321
v -0.011791874654591084 1.0280838012695312 1.5138959884643555
v -0.15549999475479126 1.0595979690551758 1.5629804134368896
v -0.12085486948490143 1.0321450233459473 1.5582902431488037
v -0.08849606662988663 0.9904999732971191 1.565755844116211
v -0.10162269324064255 1.0045567750930786 1.5994999408721924
v -0.10450000315904617 0.9950778484344482 1.6155389547348022
v -0.03404979780316353 0.9917749166488647 1.546087622642517
v -0.1474558562040329 1.0528234243392944 1.5355000495910645
v -0.13650000095367432 0.9706847071647644 1.559445858001709
v -0.047478221356868744 0.9884999990463257 1.5070217847824097
v -0.08347658067941666 1.0170936584472656 1.4949063062667847
v -0.1550000011920929 1.053867220878601 1.5634266138076782
v -0.1473686695098877 0.9949343204498291 1.560532808303833
v -0.114498570561409 1.0314971208572388 1.6355013847351074
v -0.15649999678134918 1.0838741064071655 1.534000039100647
v -0.14355070888996124 1.0264493227005005 1.5853478908538818
v -0.1393040418624878 0.9955979585647583 1.5466082096099854
v -0.13452373445034027 0.996238112449646 1.5405237674713135
v -0.03664198890328407 1.009574055671692 1.502642035484314
v -0.12166023999452591 0.9887900352478027 1.5991297960281372
v -0.1547715812921524 1.0180926322937012 1.5643641948699951
v -0.10568024218082428 1.0335813760757446 1.5421395301818848
v -0.13715027272701263 1.0301748514175415 1.5995246171951294
v -0.03049999289214611 0.9972741007804871 1.5460376739501953
v -0.1363362967967987 0.9708362817764282 1.5624910593032837
v -0.09965921193361282 0.9904999732971191 1.5489888191223145
v -0.14520998299121857 1.0113399028778076 1.5857099294662476
v -0.09369711577892303 0.9904999732971191 1.5583029985427856
v -0.14741231501102448 0.9861753582954407 1.5650439262390137
v -0.03700000420212746 0.9800682067871094 1.5134999752044678
v -0.13536930084228516 0.978846549987793 1.5786079168319702
v -0.13237914443016052 1.0646722316741943 1.5140000581741333
v -0.06377772241830826 0.9660000205039978 1.5092777013778687
v -0.0935952216386795 0.9695952534675598 1.4987143278121948
v -0.013806701637804508 1.0159832239151 1.5169034004211426
v -0.1126265600323677 1.0620062351226807 1.4921265840530396
v -0.04270221292972565 0.9624999761581421 1.5654045343399048
v -0.09400000423192978 0.9916988015174866 1.6167794466018677
v -0.11267803609371185 0.996999979019165 1.518267035484314
v -0.08914094418287277 0.9645000100135803 1.6022852659225464
v -0.09786557406187057 0.9952114820480347 1.5896344184875488
v -0.1074441447854042 0.989555835723877 1.5035557746887207
v -0.11080395430326462 1.0737158060073853 1.5388920307159424
v -0.08001040667295456 0.9935207962989807 1.6089895963668823
v -0.09345690160989761 0.9694138169288635 1.4991724491119385
v -0.11678455024957657 1.0784227848052979 1.4937154054641724
v -0.0778871700167656 0.9854999780654907 1.6056935787200928
v -0.1195019781589508 1.0383327007293701 1.62116539478302
v -0.02034834958612919 0.9950355291366577 1.533383846282959
v -0.13268136978149414 1.005203366279602 1.6041814088821411
v -0.10845281183719635 0.996999979019165 1.5139528512954712
v -0.08150000125169754 1.0318081378936768 1.488297939300537
v -0.08550000190734863 1.0115022659301758 1.5249978303909302
v -0.14865437150001526 1.0219999551773071 1.5586544275283813
v -0.09918306022882462 0.9910847544670105 1.59795081615448
v -0.0802476555109024 0.9894999861717224 1.5290607213974
v -0.15631341934204102 1.0915597677230835 1.5358731746673584
v -0.12893708050251007 0.9747814536094666 1.5361555814743042
v -0.11500000208616257 1.0199261903762817 1.5154999494552612
v -0.0804460197687149 0.9719820022583008 1.5360360145568848
v -0.14243276417255402 0.9950000047683716 1.552932858467102
v -0.09005116671323776 1.086775541305542 1.4851022958755493
v -0.06205406039953232 0.9925000071525574 1.5557973384857178
v -0.030744876712560654 1.0069692134857178 1.5445102453231812
v -0.15559636056423187 1.0821055173873901 1.5528945922851562
v -0.1148543581366539 1.0187848806381226 1.5133544206619263
v -0.11387366056442261 1.065684199333191 1.4933736324310303
v -0.03608989343047142 0.9753595590591431 1.5703202486038208
v -0.0601312555372715 0.9894999861717224 1.4972457885742188
v -0.10647227615118027 1.0989723205566406 1.4998148679733276
v -0.11630424857139587 1.0980212688446045 1.5313915014266968
v -0.126702681183815 0.9750000238418579 1.5323039293289185
v -0.07328885793685913 0.9912111163139343 1.5456055402755737
v -0.14199481904506683 1.000493049621582 1.5824965238571167
v -0.011025731451809406 1.0264228582382202 1.5135257244110107
v -0.07464092969894409 0.9658803343772888 1.5793590545654297
v -0.0795147716999054 0.9894999861717224 1.5285110473632812
v -0.05949999764561653 0.969444751739502 1.5030553340911865
v -0.11931567639112473 1.036315679550171 1.513796091079712
v -0.1145000010728836 1.024524211883545 1.6342096328735352
v -0.12326065450906754 0.9672819375991821 1.5342180728912354
v -0.13650000095367432 0.9701798558235168 1.5612804889678955
v -0.11336927860975266 0.9735000133514404 1.516869306564331
v -0.10235656797885895 1.0503566265106201 1.4918811321258545
v -0.1487581878900528 1.0244836807250977 1.5757091045379639
v -0.1468922644853592 1.0504612922668457 1.5355000495910645
v -0.08484335243701935 1.0781084299087524 1.47892165184021
v -0.1536955088376999 1.007781982421875 1.5591955184936523
v -0.13955985009670258 0.9897934198379517 1.5455000400543213
v -0.1396843045949936 1.0920921564102173 1.5532236099243164
v -0.13868720829486847 1.0753743648529053 1.5119999647140503
v -0.08150000125169754 1.0250074863433838 1.4902480840682983
v -0.01565699093043804 1.0015716552734375 1.5352287292480469
v -0.13750000298023224 1.0249943733215332 1.5414999723434448
v -0.0015584188513457775 1.0264415740966797 1.5354610681533813
v -0.11250000447034836 0.9958241581916809 1.55649995803833
v -0.13721142709255219 1.019845724105835 1.5422886610031128
v -0.052697256207466125 0.9889243245124817 1.5306514501571655
v -0.038920722901821136 0.9897621870040894 1.5757378339767456
v -0.0663362517952919 0.9929999709129333 1.550663709640503
v -0.0391230508685112 0.9633115530014038 1.5318769216537476
v -0.0879000648856163 0.9840999245643616 1.613300085067749
v -0.013711463660001755 1.0369845628738403 1.5264999866485596
v -0.09018325060606003 0.968500018119812 1.5637251138687134
v -0.14142459630966187 1.0272877216339111 1.5898630619049072
v -0.09837045520544052 0.995043158531189 1.5891295671463013
v -0.027606187388300896 0.9881061911582947 1.5482978820800781
v -0.11264768987894058 0.9735000133514404 1.5448522567749023
v -0.0514044426381588 1.0260381698608398 1.4950382709503174
v -0.04166316241025925 0.9953368306159973 1.5128263235092163
v -0.10398141294717789 1.102320909500122 1.5046790838241577
v -0.1525326669216156 1.0060327053070068 1.5594836473464966
v -0.078097864985466 0.9609021544456482 1.5996031761169434
v -0.10475865751504898 1.0184999704360962 1.5043879747390747
v -0.14985768496990204 1.0012153387069702 1.559499979019165
v -0.10350000113248825 1.0145283937454224 1.60067617893219
v -0.08098313212394714 0.9670337438583374 1.4999494552612305
v -0.028945952653884888 1.0004054307937622 1.5281486511230469
v -0.11522963643074036 0.968500018119812 1.5917704105377197
v -0.1266276091337204 0.9694069027900696 1.570813775062561
v -0.12565788626670837 0.9750000238418579 1.530486822128296
v -0.05150000378489494 0.9912644028663635 1.5288089513778687
v -0.07571157068014145 0.9648652672767639 1.6027884483337402
v -0.05237680301070213 1.0097390413284302 1.527130365371704
v -0.13430894911289215 1.0837358236312866 1.5579999685287476
v -0.06564056873321533 0.9890000224113464 1.5241796970367432
v -0.037997547537088394 0.9850000143051147 1.5689926147460938
v -0.011060239747166634 1.0108193159103394 1.5364397764205933
v -0.11538904905319214 1.013445258140564 1.6276671886444092
v -0.11607357114553452 1.074867844581604 1.49399995803833
v -0.14515231549739838 1.0258476734161377 1.580195426940918
v -0.0737147256731987 0.969070553779602 1.603285312652588
v -0.10415026545524597 1.0975751876831055 1.4985750913619995
v -0.08744747936725616 0.9645000100135803 1.6017237901687622
v -0.0768807977437973 0.9664999842643738 1.57711923122406
v -0.03099999763071537 1.0125694274902344 1.5427861213684082
v -0.12306610494852066 0.9975000023841858 1.5280661582946777
v -0.058493033051490784 0.9860000014305115 1.590993046760559
v -0.13332079350948334 0.9700000286102295 1.573738932609558
v -0.10629235953092575 0.9900000095367432 1.5558898448944092
v -0.13279032707214355 1.0204999446868896 1.5399354696273804
v -0.041802339255809784 0.9951976537704468 1.5131046772003174
v -0.037586431950330734 1.0061542987823486 1.5041728019714355
v -0.13650000095367432 0.9700678586959839 1.561728596687317
v -0.11341023445129395 0.968303382396698 1.5933932065963745
v -0.08300735801458359 0.9917518496513367 1.4905037879943848
v -0.08431369066238403 0.9724379181861877 1.5326242446899414
v -0.09300000220537186 0.997177243232727 1.6178385019302368
v -0.026500003412365913 0.9819999933242798 1.5518711805343628
v -0.02883913181722164 0.9861695766448975 1.5246608257293701
v -0.15301968157291412 1.0750491619110107 1.534500002861023
v -0.13676951825618744 1.0163085460662842 1.610269546508789
v -0.09642360359430313 1.033923625946045 1.493499994277954
v -0.10023452341556549 1.036989688873291 1.6330000162124634
v -0.14954796433448792 1.0217260122299194 1.5595479011535645
v -0.14014120399951935 0.9891470074653625 1.5453587770462036
v -0.12514542043209076 0.9695000052452087 1.5830318927764893
v -0.09500051289796829 0.9693335294723511 1.5594995021820068
v -0.12667910754680634 0.9731791019439697 1.5298209190368652
v -0.11831125617027283 1.0347449779510498 1.5141887664794922
v -0.043033212423324585 0.9919667840003967 1.536900281906128
v -0.1287083923816681 1.0583335161209106 1.559999942779541
v -0.12641029059886932 0.9750000238418579 1.53182053565979
v -0.06714829802513123 1.0230000019073486 1.5010000467300415
v -0.12740007042884827 1.0362999439239502 1.613399863243103
v -0.04515465721487999 0.9629999995231628 1.5692319869995117
v -0.13880756497383118 0.9931537508964539 1.5800386667251587
v -0.023397034034132957 0.984499990940094 1.5349706411361694
v -0.13698546588420868 1.0893139839172363 1.5565145015716553
v -0.1313920021057129 1.0660679340362549 1.559499979019165
v -0.10649999976158142 1.0386180877685547 1.5412204265594482
v -0.07572443038225174 0.9854999780654907 1.604224443435669
v -0.12799324095249176 1.050486445426941 1.5125000476837158
v -0.04050137475132942 0.9969979524612427 1.5105026960372925
v -0.1434653252363205 0.9950000047683716 1.5544307231903076
v -0.1352008581161499 0.972700834274292 1.5468661785125732
v -0.10331971943378448 1.0130987167358398 1.600319743156433
v -0.09300000220537186 0.9679999947547913 1.505908489227295
v -0.06744705140590668 0.9884999990463257 1.4943510293960571
v -0.11850865185260773 0.968500018119812 1.5891609191894531
v -0.08214882016181946 0.9854999780654907 1.6077594757080078
v -0.14720655977725983 0.9848262071609497 1.564706563949585
v -0.055221397429704666 1.007171630859375 1.4904428720474243
v -0.11581400036811829 1.0735700130462646 1.49399995803833
v -0.09091178327798843 1.0195000171661377 1.520911693572998
v -0.13531909883022308 1.0131381750106812 1.6088191270828247
v -0.12897968292236328 1.054918646812439 1.5134797096252441
v -0.1548394411802292 1.0530184507369995 1.5636605024337769
v -0.15202802419662476 1.0426400899887085 1.565500020980835
v -0.13787922263145447 1.0196377038955688 1.6109999418258667
v -0.11956539750099182 1.1008551120758057 1.5250794887542725
v -0.1279304325580597 1.1006898880004883 1.5185695886611938
v -0.03476922959089279 0.9620000123977661 1.5470384359359741
v -0.15114429593086243 1.0211185216903687 1.560762882232666
v -0.1164267286658287 1.0986336469650269 1.53114652633667
v -0.04525605961680412 0.9954999685287476 1.568906545639038
v -0.14739012718200684 0.9862197637557983 1.565055012702942
v -0.05243777483701706 0.9629999995231628 1.5794377326965332
v -0.13219377398490906 1.069775104522705 1.559000015258789
v -0.04146838188171387 0.9955474138259888 1.5124367475509644
v -0.13216857612133026 1.003921389579773 1.6036685705184937
v -0.09497393667697906 0.974395751953125 1.4930521249771118
v -0.11137305200099945 1.0394365787506104 1.6049364805221558
v -0.05241682752966881 1.009498953819275 1.5272504091262817
v -0.11948326230049133 1.0364832878112793 1.5137542486190796
v -0.03304201364517212 0.991457998752594 1.5434578657150269
v -0.04263082519173622 0.9648037552833557 1.5206307172775269
v -0.09300000220537186 0.9681872725486755 1.5022507905960083
v -0.02907380275428295 0.9862868785858154 1.5244262218475342
v -0.12653382122516632 0.9695000052452087 1.5814661979675293
v -0.15563054382801056 1.0623916387557983 1.562369465827942
v -0.11474768072366714 1.0407507419586182 1.6245015859603882
v -0.14000000059604645 1.0798394680023193 1.5115000009536743
v -0.040248069912195206 0.9854999780654907 1.5721220970153809
v -0.08746740967035294 1.082434892654419 1.480967402458191
v -0.11046864837408066 0.9664686322212219 1.5914686918258667
v -0.14442647993564606 1.0082058906555176 1.5844265222549438
v -0.10291995853185654 1.0090197324752808 1.5999199151992798
v -0.08628375828266144 0.9725000262260437 1.531310796737671
v -0.026000000536441803 1.0338214635849 1.5380803346633911
v -0.1315295249223709 0.9695295095443726 1.5759705305099487
v -0.11410181224346161 1.06630539894104 1.493499994277954
v -0.15602202713489532 1.0924339294433594 1.5364559888839722
v -0.12983618676662445 0.9919999837875366 1.5926637649536133
v -0.08150000125169754 1.0552482604980469 1.482900619506836
v -0.14429251849651337 1.035723328590393 1.5381382703781128
v -0.1530492901802063 1.0751231908798218 1.534500002861023
v -0.06139390543103218 0.995712161064148 1.4973938465118408
v -0.131662517786026 1.0204999446868896 1.5382437705993652
v -0.12587472796440125 1.1009999513626099 1.5185620784759521
v -0.09129033982753754 0.9647096395492554 1.6028386354446411
v -0.15438061952590942 1.0101418495178223 1.559499979019165
v -0.08111831545829773 1.0209605693817139 1.5086578130722046
v -0.11268329620361328 0.996999979019165 1.5182749032974243
v -0.12422190606594086 1.0182218551635742 1.5833609104156494
v -0.11221939325332642 1.080096960067749 1.5377806425094604
v -0.08884544670581818 0.9725000262260437 1.5296030044555664
v -0.09549999982118607 0.9781934022903442 1.4903066158294678
v -0.03550000488758087 0.9629999995231628 1.5377625226974487
v -0.04069824144244194 0.9967026114463806 1.5108964443206787
v -0.1421373337507248 1.0011866092681885 1.5826373100280762
v -0.060021352022886276 0.9925000071525574 1.5572339296340942
v -0.08983555436134338 1.086667776107788 1.4846711158752441
v -0.14053863286972046 0.9985515475273132 1.5815258026123047
v -0.057614702731370926 0.9805367588996887 1.497807264328003
v -0.027723919600248337 0.987138032913208 1.531499981880188
v -0.1506717950105667 1.0696794986724854 1.5355000495910645
v -0.06192537769675255 0.9894999861717224 1.4960498809814453
v -0.12943096458911896 1.060577392578125 1.5597844123840332
v -0.151708722114563 1.0231456756591797 1.571436882019043
v -0.10827003419399261 0.9647566676139832 1.5900133848190308
v -0.10199496895074844 0.9904999732971191 1.5514949560165405
v -0.06339316815137863 0.9666310548782349 1.5491068363189697
v -0.1311553418636322 1.0022889375686646 1.5420000553131104
v -0.13249999284744263 1.0751233100891113 1.5585753917694092
v -0.13930299878120422 1.0213029384613037 1.5496059656143188
v -0.11502019315958023 1.090280294418335 1.5339797735214233
v -0.07133642584085464 0.9884999990463257 1.4932211637496948
v -0.092225082218647 0.9731125235557556 1.5272749662399292
v -0.13695171475410461 1.0302741527557373 1.5998224020004272
v -0.09300000220537186 1.0106494426727295 1.621999979019165
v -0.11409648507833481 0.972548246383667 1.515807032585144
v -0.13953939080238342 1.077118158340454 1.5119606256484985
v -0.0835956260561943 0.9950000047683716 1.6049044132232666
v -0.058482635766267776 0.9894999861717224 1.4983880519866943
v -0.025325194001197815 1.0039498805999756 1.525550127029419
v -0.1435508131980896 1.026449203491211 1.5853475332260132
v -0.09885768592357635 1.0933576822280884 1.4955718517303467
v -0.11783763766288757 0.9909188151359558 1.5665404796600342
v -0.08550000190734863 1.0114927291870117 1.5250073671340942
v -0.13599999248981476 0.9706359505653381 1.5594093799591064
v -0.10649999976158142 1.037994146347046 1.5413764715194702
v -0.12392821907997131 1.0179282426834106 1.5832141637802124
v -0.09568546712398529 0.9721370935440063 1.5032742023468018
v -0.10249999910593033 1.0244901180267334 1.6026225090026855
v -0.10662291198968887 1.0635381937026978 1.5399999618530273
v -0.0892215147614479 1.0659428834915161 1.5151392221450806
v -0.08539086580276489 0.9932817220687866 1.5260000228881836
v -0.09491949528455734 0.965499997138977 1.6024999618530273
v -0.10909979790449142 1.0561330318450928 1.4900665283203125
v -0.08550000190734863 1.0110199451446533 1.5254801511764526
v -0.10267620533704758 1.0075571537017822 1.5996761322021484
v -0.06550000607967377 1.0092792510986328 1.5108603239059448
v -0.13560649752616882 0.970696747303009 1.5614999532699585
v -0.0769822895526886 1.0065531730651855 1.4839999675750732
v -0.09569486230611801 1.0890846252441406 1.5119025707244873
v -0.0738237202167511 1.0222253799438477 1.5033236742019653
v -0.07849999517202377 0.9892385005950928 1.612821102142334
v -0.09110774099826813 0.9648922681808472 1.6035690307617188
v -0.13512730598449707 0.9709363579750061 1.5614999532699585
v -0.13499999046325684 0.9710000157356262 1.5544885396957397
v -0.11330065131187439 1.0412330627441406 1.6256994009017944
v -0.0863719955086708 0.9643430113792419 1.6011860370635986
v -0.09384993463754654 1.0195000171661377 1.5240248441696167
v -0.15069171786308289 1.0355751514434814 1.565500020980835
v -0.15056222677230835 1.0236093997955322 1.5729377269744873
v -0.027211714535951614 0.9920585751533508 1.5478647947311401
v -0.08186130225658417 1.0593063831329346 1.4816386699676514
v -0.13915614783763885 0.9933280944824219 1.579515814781189
v -0.09309233725070953 1.0195000171661377 1.5230923891067505
v -0.10450000315904617 0.9950736165046692 1.6155369281768799
v -0.10070908069610596 1.0948060750961304 1.496806025505066
v -0.07187552750110626 0.9630938768386841 1.5941877365112305
v -0.14736002683639526 1.0965466499328613 1.5441399812698364
v -0.06142712011933327 0.9860000014305115 1.593463659286499
v -0.0945345088839531 1.0885517597198486 1.4920172691345215
v -0.11543664336204529 0.9751831889152527 1.6004366874694824
v -0.12955103814601898 1.0235850811004639 1.5850169658660889
v -0.040317073464393616 0.9895609617233276 1.5371828079223633
v -0.047586143016815186 0.9629999995231628 1.572129249572754
v -0.03056887723505497 0.9986207485198975 1.528499960899353
v -0.13531216979026794 0.9700000286102295 1.5677512884140015
v -0.13024523854255676 0.9709150791168213 1.5728302001953125
v -0.04065452888607979 0.9936909675598145 1.5410363674163818
v -0.1252751350402832 1.0446878671646118 1.5609999895095825
v -0.14623112976551056 0.978462278842926 1.563231110572815
v -0.07061201333999634 0.9944999814033508 1.5829439163208008
v -0.1134381890296936 0.9910206198692322 1.5745412111282349
v -0.09454268217086792 0.965499997138977 1.6024999618530273
v -0.039239127188920975 0.9633695483207703 1.531760811805725
v -0.10093382745981216 1.03336763381958 1.4942830801010132
v -0.08150000125169754 1.0298621654510498 1.4889551401138306
v -0.13750000298023224 1.0246115922927856 1.5414999723434448
v -0.10280786454677582 1.0083471536636353 1.599807858467102
v -0.08474802225828171 0.9913129806518555 1.5694390535354614
v -0.109798863530159 0.9900000095367432 1.5610977411270142
v -0.11911153793334961 1.002446174621582 1.5835000276565552
v -0.10707120597362518 0.9752848148345947 1.5039286613464355
v -0.07302495092153549 0.971950113773346 1.6030000448226929
v -0.010011973790824413 1.0139760971069336 1.5364999771118164
v -0.1283816546201706 1.0569082498550415 1.559999942779541
v -0.029626086354255676 0.9865000247955322 1.5236217975616455
v -0.0992719754576683 0.9947426915168762 1.5882279872894287
v -0.13065442442893982 1.0618088245391846 1.5140000581741333
v -0.0979202538728714 0.984605073928833 1.6132898330688477
v -0.03049999289214611 0.9903071522712708 1.5467822551727295
v -0.10584161430597305 1.0538415908813477 1.4901646375656128
v -0.14062422513961792 1.0278757810592651 1.5920031070709229
v -0.06631697714328766 1.0134018659591675 1.5093660354614258
v -0.12864112854003906 1.053564429283142 1.51314115524292
v -0.13044120371341705 1.0613824129104614 1.5140000581741333
v -0.07855313271284103 0.9882343411445618 1.6130000352859497
v -0.03522595390677452 0.9620000123977661 1.5486297607421875
v -0.11902791261672974 1.0901116132736206 1.49399995803833
v -0.1122688576579094 0.993575394153595 1.55649995803833
v -0.05668136849999428 0.9893937706947327 1.4997124671936035
v -0.13963091373443604 0.9960079193115234 1.5807539224624634
v -0.1035226583480835 0.9934999942779541 1.5843031406402588
v -0.13606767356395721 0.9803515076637268 1.5795676708221436
v -0.1427309364080429 1.0036927461624146 1.5832308530807495
v -0.0511946864426136 0.9854999780654907 1.583194613456726
v -0.061975423246622086 0.9945491552352905 1.497975468635559
v -0.0390985906124115 0.9632992744445801 1.5319013595581055
v -0.07327286899089813 0.9714542627334595 1.6030000448226929
v -0.09610957652330399 1.0184999704360962 1.4946644306182861
v -0.15125791728496552 1.0233711004257202 1.5721131563186646
v -0.10986518859863281 0.9674550890922546 1.5960898399353027
v -0.10447007417678833 0.9664999842643738 1.5997649431228638
v -0.0473201684653759 1.0238596200942993 1.5179802179336548
v -0.12354078888893127 1.0230815410614014 1.5657039880752563
v -0.08308092504739761 0.9950000047683716 1.6054190397262573
v -0.14800000190734863 1.0554851293563843 1.5355000495910645
v -0.1341901570558548 0.9719601273536682 1.5475399494171143
v -0.11584672331809998 1.020115613937378 1.552962303161621
v -0.11604082584381104 1.096704125404358 1.5319182872772217
v -0.026500003412365913 0.971683144569397 1.5429999828338623
v -0.07428346574306488 0.9676495790481567 1.6030000448226929
v -0.10482437163591385 1.0199999809265137 1.5388243198394775
v -0.10686057060956955 0.9729303121566772 1.510860562324524
v -0.0857335776090622 0.9896168112754822 1.5353503227233887
v -0.026331765577197075 0.9731729626655579 1.5429999828338623
v -0.10872657597064972 0.996999979019165 1.5142266750335693
v -0.10406438261270523 0.9926931262016296 1.613693118095398
v -0.058656416833400726 0.9928435683250427 1.5585154294967651
v -0.11544852703809738 0.9752426147460938 1.600448489189148
v -0.13263270258903503 1.0760308504104614 1.558500051498413
v -0.1420000046491623 0.9847604632377625 1.5425868034362793
v -0.07484801113605499 1.0139493942260742 1.4845507144927979
v -0.10359490662813187 1.0340712070465088 1.604905128479004
v -0.11400000005960464 1.0107277631759644 1.5558089017868042
v -0.002474395092576742 1.03065824508667 1.5303419828414917
v -0.08942916244268417 1.086287498474121 1.483858346939087
v -0.10352568328380585 1.0184999704360962 1.5025386810302734
v -0.10067743808031082 0.9660443663597107 1.6014113426208496
v -0.0451994463801384 0.9954999685287476 1.5690009593963623
v -0.11400000005960464 1.0100646018981934 1.5167741775512695
v -0.028485650196671486 0.9868085980415344 1.5502201318740845
v -0.06700000166893005 1.000220775604248 1.5141862630844116
v -0.13016147911548615 1.0246024131774902 1.585220456123352
v -0.1075793206691742 1.0000792741775513 1.6182194948196411
v -0.04281947389245033 0.9624999761581421 1.5656390190124512
v -0.0907169058918953 1.0195000171661377 1.5207167863845825
v -0.09663334488868713 1.091900110244751 1.5115000009536743
v -0.13566438853740692 0.9797465801239014 1.5791643857955933
v -0.14496849477291107 1.0260000228881836 1.580594539642334
v -0.1445307433605194 0.9944999814033508 1.5738128423690796
v -0.13951902091503143 0.9934999942779541 1.578942894935608
v -0.10227368026971817 0.9853184223175049 1.611681580543518
v -0.11236073076725006 0.9735000133514404 1.5451393127441406
v -0.14925092458724976 1.0317527055740356 1.5664981603622437
v -0.09626452624797821 0.984499990940094 1.6141177415847778
v -0.08179491013288498 0.9802305102348328 1.4925898313522339
v -0.05202960595488548 1.0118223428726196 1.526088833808899
v -0.11901777237653732 1.0020711421966553 1.5835000276565552
v -0.08210247755050659 1.0205962657928467 1.4919036626815796
v -0.13438725471496582 1.032806396484375 1.6044191122055054
v -0.13840128481388092 0.9943519234657288 1.5799506902694702
v -0.032799433916807175 0.9832994341850281 1.5603983402252197
v -0.14733199775218964 0.9853280186653137 1.564832091331482
v -0.14349816739559174 0.9923736453056335 1.5609999895095825
v -0.10735540837049484 1.0374276638031006 1.603881597518921
v -0.06261390447616577 0.9892953634262085 1.496000051498413
v -0.08178038895130157 0.9803176522254944 1.4925607442855835
v -0.07673665136098862 0.9894999861717224 1.5261775255203247
v -0.1284753680229187 1.100508213043213 1.5180246829986572
v -0.06385648250579834 0.9660000205039978 1.5093563795089722
v -0.1185000017285347 0.9802173376083374 1.5099999904632568
v -0.1185678094625473 0.985660970211029 1.5103644132614136
v -0.09570074081420898 0.9695000052452087 1.5587992668151855
v -0.0765872523188591 0.9698967933654785 1.5052063465118408
v -0.15401174128055573 1.0775352716445923 1.534500002861023
v -0.12662793695926666 1.0496397018432617 1.5609999895095825
v -0.10474784672260284 1.0584913492202759 1.5397478342056274
v -0.11696779727935791 0.9893712401390076 1.5860321521759033
v -0.11571262776851654 1.0146379470825195 1.6284252405166626
v -0.11590227484703064 0.9807443022727966 1.6035000085830688
v -0.01010749489068985 1.0394644737243652 1.5268570184707642
v -0.035993415862321854 0.9898355007171631 1.5405066013336182
v -0.08150000125169754 1.0442230701446533 1.4854553937911987
v -0.1418091058731079 1.0322136878967285 1.5395954847335815
v -0.055758289992809296 0.9935604333877563 1.561120867729187
v -0.12482227385044098 1.0437891483306885 1.5125000476837158
v -0.050510503351688385 1.0189476013183594 1.523010492324829
v -0.10450000315904617 0.9944667220115662 1.6152334213256836
v -0.13146944344043732 0.9706020951271057 1.5493979454040527
v -0.08049999922513962 0.9699053764343262 1.4955946207046509
v -0.08249999582767487 1.0697016716003418 1.4780746698379517
v -0.07528886944055557 1.0113519430160522 1.4835000038146973
v -0.12768158316612244 0.997439444065094 1.5336816310882568
v -0.13249999284744263 1.0743963718414307 1.5587208271026611
v -0.03664707392454147 0.9626470804214478 1.5350587368011475
v -0.08550000190734863 1.0017030239105225 1.5265676975250244
v -0.051022157073020935 1.0164556503295898 1.5235443115234375
v -0.08064695447683334 0.99082350730896 1.48941171169281
v -0.08496619015932083 1.0483309030532837 1.5170338153839111
v -0.08720473945140839 0.9954999685287476 1.6002951860427856
v -0.13895133137702942 1.0759027004241943 1.5119999647140503
v -0.1550000011920929 1.053720235824585 1.5634559392929077
v -0.12950000166893005 1.0584036111831665 1.513725996017456
v -0.058068372309207916 1.0003974437713623 1.4935684204101562
v -0.08049999922513962 0.9695542454719543 1.4959458112716675
v -0.13453207910060883 1.0115641355514526 1.6080321073532104
v -0.11287789046764374 0.9735000133514404 1.5446220636367798
v -0.05724717676639557 0.9884999990463257 1.5285018682479858
v -0.13686516880989075 0.9920477867126465 1.578547716140747
v -0.1261000782251358 1.0470004081726074 1.5609999895095825
v -0.05613188445568085 0.9643159508705139 1.5156840085983276
v -0.10862094163894653 1.0195000171661377 1.5434314012527466
v -0.08959919214248657 1.0195000171661377 1.5192989110946655
v -0.023000003769993782 0.9829999804496765 1.5427871942520142
v -0.1379794478416443 1.019938349723816 1.6109999418258667
v -0.141748309135437 0.9798707962036133 1.542125940322876
v -0.09166193753480911 0.9645000100135803 1.6013522148132324
v -0.11528294533491135 1.012914776802063 1.627348780632019
v -0.13684822618961334 1.087955355644226 1.512151837348938
v -0.02810719981789589 1.001589298248291 1.5276072025299072
v -0.05783965811133385 0.9894999861717224 1.4988702535629272
v -0.10583125799894333 0.9723312854766846 1.5061687231063843
v -0.05351423844695091 0.9943238496780396 1.562485694885254
v -0.1079874038696289 1.0004874467849731 1.6184916496276855
v -0.13173316419124603 1.0676658153533936 1.5592668056488037
v -0.03164990246295929 0.9870749711990356 1.5207751989364624
v -0.12352047115564346 1.0230408906936646 1.565602421760559
v -0.06138137727975845 0.9894999861717224 1.4964125156402588
v -0.07879950106143951 0.9761015176773071 1.4915000200271606
v -0.10382453352212906 0.9725000262260437 1.5078246593475342
v -0.15231174230575562 1.0732793807983398 1.534844160079956
v -0.06901860982179642 1.0230000019073486 1.5010000467300415
v -0.12462343275547028 1.1012922525405884 1.5168312788009644
v -0.04081660509109497 0.9933667778968811 1.5405502319335938
v -0.09369540214538574 0.9884138107299805 1.4927184581756592
v -0.11506280303001404 0.9733140468597412 1.6000628471374512
v -0.08667290955781937 1.0581916570663452 1.5160000324249268
v -0.041397545486688614 0.9639999866485596 1.5286024808883667
v -0.09023907035589218 0.984895646572113 1.613947868347168
v -0.10160091519355774 1.1001008749008179 1.506899118423462
v -0.09189163148403168 0.9645000100135803 1.6004334688186646
v -0.12268621474504471 1.0394150018692017 1.5132712125778198
v -0.11403541266918182 1.0305708646774292 1.6359646320343018
v -0.08536574244499207 0.9710914492607117 1.5029085874557495
v -0.06581728160381317 0.9890000224113464 1.524091362953186
v -0.12685000896453857 1.0365499258041382 1.6141499280929565
v -0.1312519907951355 1.002377986907959 1.6027519702911377
v -0.13650000095367432 0.970912754535675 1.558761715888977
v -0.12366051226854324 1.0376697778701782 1.6168394088745117
v -0.09421313554048538 0.9904999732971191 1.5577869415283203
v -0.12747064232826233 1.0529118776321411 1.560529351234436
v -0.09039159119129181 0.9950000047683716 1.5957168340682983
v -0.11883575469255447 0.9884999990463257 1.601609468460083
v -0.12598469853401184 1.0204923152923584 1.5839923620224
v -0.13599999248981476 0.971824586391449 1.5586169958114624
v -0.06068698316812515 0.9969695210456848 1.4965304136276245
v -0.15694837272167206 1.0800774097442627 1.5549224615097046
v -0.12317665666341782 0.9670299887657166 1.5344700813293457
v -0.10091143101453781 0.9850000143051147 1.6120295524597168
v -0.13149583339691162 1.0664832592010498 1.559499979019165
v -0.10550206154584885 0.9934968948364258 1.505497932434082
v -0.07485843449831009 1.0219104290008545 1.503999948501587
v -0.10533063113689423 0.9902231097221375 1.5548306703567505
v -0.12827351689338684 0.968047022819519 1.5517264604568481
v -0.12978112697601318 0.9693540930747986 1.5506459474563599
v -0.10433389246463776 1.0199999809265137 1.5383338928222656
v -0.11500000208616257 1.023288369178772 1.5150529146194458
v -0.10500787943601608 1.0459684133529663 1.5405079126358032
v -0.058500003069639206 0.9737725853919983 1.499651551246643
v -0.06845846772193909 0.9675000309944153 1.545027732849121
v -0.08214465528726578 1.064578652381897 1.4797106981277466
v -0.14821359515190125 0.9973543286323547 1.5602864027023315
v -0.09629238396883011 1.0905282497406006 1.4932923316955566
v -0.086281418800354 0.9963743090629578 1.5262185335159302
v -0.11115077883005142 0.9673015475273132 1.5924522876739502
v -0.1345306783914566 1.011561393737793 1.6080306768417358
v -0.01266487967222929 1.0190054178237915 1.5158296823501587
v -0.06486479192972183 0.9929999709129333 1.55234694480896
v -0.08344125002622604 0.9770587682723999 1.4905880689620972
v -0.11400074511766434 1.0305016040802002 1.6359992027282715
v -0.08150000125169754 1.0377589464187622 1.4869352579116821
v -0.13345834612846375 1.0259582996368408 1.572489619255066
v -0.008131898008286953 1.0168241262435913 1.5364999771118164
v -0.05249999836087227 1.0066429376602173 1.527500033378601
v -0.07371912896633148 0.9936872720718384 1.5811872482299805
v -0.12627096474170685 1.036742925643921 1.6147290468215942
v -0.11967456340789795 0.9884999990463257 1.6008254289627075
v -0.052490122616291046 1.009059190750122 1.527470350265503
v -0.11250000447034836 0.9976369738578796 1.55649995803833
v -0.036253057420253754 0.9760122299194336 1.5699938535690308
v -0.06700000166893005 0.9927769303321838 1.5178614854812622
v -0.043126847594976425 0.9894999861717224 1.5352487564086914
v -0.11911825090646744 1.0904730558395386 1.49399995803833
v -0.13764849305152893 0.9925742745399475 1.5822030305862427
v -0.08102912455797195 0.972000002861023 1.5354708433151245
v -0.03417488932609558 0.9875583052635193 1.5178251266479492
v -0.05081664025783539 1.0174168348312378 1.5233166217803955
v -0.04547436907887459 0.9645000100135803 1.5260127782821655
v -0.12143740803003311 0.9924843311309814 1.566499948501587
v -0.10527828335762024 1.0603349208831787 1.5399999618530273
v -0.05764121934771538 0.9748587608337402 1.4986412525177002
v -0.07923109084367752 0.9922562837600708 1.5752688646316528
v -0.06392847001552582 0.9888571500778198 1.4958572387695312
v -0.15549999475479126 1.058895230293274 1.562999963760376
v -0.07899999618530273 0.9854667782783508 1.6130000352859497
v -0.05884137749671936 0.9860000014305115 1.5913413763046265
v -0.11038472503423691 1.0195000171661377 1.5458847284317017
v -0.12888863682746887 1.0228886604309082 1.584694266319275
v -0.09752888232469559 0.9953237175941467 1.5899710655212402
v -0.061378877609968185 0.9925000071525574 1.5562474727630615
v -0.11090762168169022 0.9900000095367432 1.563111424446106
v -0.1424088031053543 0.9941362738609314 1.5755912065505981
v -0.058896925300359726 0.9660000205039978 1.5536030530929565
v -0.009790755808353424 1.0384999513626099 1.5269837379455566
v -0.10421811044216156 1.0345386266708374 1.6042819023132324
v -0.1071249321103096 1.0643749237060547 1.5399999618530273
v -0.095277801156044 0.9838888049125671 1.488944411277771
v -0.009787378832697868 1.0384999513626099 1.5269850492477417
v -0.07316848635673523 0.9716630578041077 1.6030000448226929
v -0.011659234762191772 1.0225223302841187 1.5146592855453491
v -0.08307547122240067 1.072377324104309 1.4780000448226929
v -0.05932885408401489 0.9660000205039978 1.553171157836914
v -0.08150000125169754 1.0305778980255127 1.4886687994003296
v -0.04213051497936249 0.9948694705963135 1.513674020767212
v -0.02321847714483738 0.9829999804496765 1.544327735900879
v -0.06899942457675934 1.0230000019073486 1.5010000467300415
v -0.11250000447034836 0.9977307915687561 1.55649995803833
v -0.029081322252750397 1.0265467166900635 1.5400813817977905
v -0.0728074312210083 0.9854999780654907 1.6018074750900269
v -0.08399999886751175 1.0397087335586548 1.5176417827606201
v -0.07636569440364838 1.008402943611145 1.4839999675750732
v -0.10900000482797623 0.9848244786262512 1.502500057220459
v -0.060062989592552185 0.9676555395126343 1.505125880241394
v -0.11099302768707275 1.0744720697402954 1.5385138988494873
v -0.062261272221803665 0.9664999842643738 1.5502387285232544
v -0.1225944384932518 0.9977027773857117 1.5273916721343994
v -0.1460154950618744 0.9810155034065247 1.5640077590942383
v -0.03099999763071537 1.0129181146621704 1.542716383934021
v -0.0948726013302803 0.9739904403686523 1.4932547807693481
v -0.07004819065332413 0.9884999990463257 1.4936130046844482
v -0.08401038497686386 0.9894999861717224 1.533510446548462
v -0.09944190084934235 0.999941885471344 1.599220871925354
v -0.0706062838435173 1.016893744468689 1.4838787317276
v -0.0018797047669067979 1.0301392078399658 1.5311015844345093
v -0.05620095506310463 0.9664999842643738 1.5196993350982666
v -0.1123637929558754 1.080819010734558 1.537636160850525
v -0.11758430302143097 1.0993613004684448 1.5295542478561401
v -0.14438335597515106 1.0260000228881836 1.5824666023254395
v -0.11268523335456848 0.9716234803199768 1.517753005027771
v -0.05658414214849472 1.0234578847885132 1.4929578304290771
v -0.10026825219392776 1.0945121049880981 1.4965121746063232
v -0.14713802933692932 0.9845520853996277 1.5646380186080933
v -0.13088852167129517 0.9715180397033691 1.5733884572982788
v -0.1160273626446724 0.9788631796836853 1.6024452447891235
v -0.0699697807431221 0.9926767349243164 1.5478534698486328
v -0.033966898918151855 0.9905331134796143 1.542533040046692
v -0.12433681637048721 1.0421736240386963 1.5125815868377686
v -0.04905884712934494 0.9660000205039978 1.5229853391647339
v -0.05957212299108505 0.9660000205039978 1.552927851676941
v -0.04071412980556488 0.9632858633995056 1.5706429481506348
v -0.0702054500579834 0.9946963787078857 1.58339262008667
v -0.1354999989271164 0.9700000286102295 1.566247582435608
v -0.07710214704275131 1.0062446594238281 1.4839999675750732
v -0.1538790762424469 1.0085163116455078 1.5593791007995605
v -0.13260231912136078 1.0985000133514404 1.5276023149490356
v -0.0486358106136322 0.9632119536399841 1.5213640928268433
v -0.061248134821653366 0.9894999861717224 1.4965013265609741
v -0.10728906840085983 0.9900000095367432 1.5572187900543213
v -0.1362193524837494 1.0103161334991455 1.5425000190734863
v -0.11899999529123306 0.9965469241142273 1.584151029586792
v -0.14184683561325073 0.9939616918563843 1.5761148929595947
v -0.10688228905200958 0.9860955476760864 1.609904408454895
v -0.08389942348003387 1.0756982564926147 1.478399395942688
v -0.09799999743700027 1.0419703722000122 1.49399995803833
v -0.11421597003936768 0.9904999732971191 1.569295883178711
v -0.13303455710411072 1.0776727199554443 1.558500051498413
v -0.13302507996559143 1.0030062198638916 1.5425000190734863
v -0.046656083315610886 0.9885860085487366 1.5336719751358032
v -0.10364376753568649 1.0341078042984009 1.604856252670288
v -0.08150000125169754 1.0344626903533936 1.487634301185608
v -0.029293164610862732 0.999942421913147 1.5282644033432007
v -0.03292464464902878 0.9965753555297852 1.5289748907089233
v -0.10158741474151611 0.9662718772888184 1.6009563207626343
v -0.11998619884252548 1.100995421409607 1.524518370628357
v -0.11400000005960464 1.027664065361023 1.6355273723602295
v -0.13568423688411713 1.0204999446868896 1.5443685054779053
v -0.13053245842456818 1.0984675884246826 1.5162338018417358
v -0.057264287024736404 0.9786035418510437 1.4976320266723633
v -0.12799999117851257 1.0058211088180542 1.5674999952316284
v -0.0820000022649765 1.0639910697937012 1.4800045490264893
v -0.11612988263368607 1.1009935140609741 1.497623324394226
v -0.0501236729323864 1.026550531387329 1.4955506324768066
v -0.11891987919807434 0.9876201748847961 1.5111202001571655
v -0.023000003769993782 0.9844886064529419 1.5355170965194702
v -0.11373026669025421 0.9904999732971191 1.567460536956787
v -0.07449372112751007 0.9635000228881836 1.5959937572479248
v -0.08562939614057541 0.9989824295043945 1.5264999866485596
v -0.13750000298023224 1.0243606567382812 1.5414999723434448
v -0.05150000378489494 0.9936954975128174 1.5283292531967163
v -0.14068719744682312 0.9987496137619019 1.5816248655319214
v -0.13378675282001495 1.0814337730407715 1.558213233947754
v -0.1447248011827469 0.9944999814033508 1.5568372011184692
v -0.15464909374713898 1.079372763633728 1.534500002861023
v -0.14824317395687103 1.061215877532959 1.5355000495910645
v -0.0281754769384861 0.9868245124816895 1.5314122438430786
v -0.11176946014165878 1.10220205783844 1.5037020444869995
v -0.038431815803050995 1.0027728080749512 1.5062954425811768
v -0.13296480476856232 1.0204999446868896 1.5401972532272339
v -0.06641285866498947 1.0043485164642334 1.5128257274627686
v -0.13066570460796356 1.035111427307129 1.6098343133926392
v -0.08150000125169754 1.0278129577636719 1.4896373748779297
v -0.05986214056611061 0.9860000014305115 1.5923621654510498
v -0.1301766037940979 0.9745000004768372 1.5376765727996826
v -0.13402898609638214 1.0826159715652466 1.5579999685287476
v -0.07930788397789001 0.9854999780654907 1.6065385341644287
v -0.11404576897621155 1.087683081626892 1.5354084968566895
v -0.12312518805265427 1.0171252489089966 1.5828125476837158
v -0.09944909811019897 0.9946836233139038 1.5880508422851562
v -0.0869576632976532 0.9954999685287476 1.600556492805481
v -0.13115057349205017 1.002287745475769 1.5420000553131104
v -0.09300000220537186 0.9679999947547913 1.5042563676834106
v -0.12327516078948975 0.9952751398086548 1.566499948501587
v -0.14283214509487152 1.0039963722229004 1.5833320617675781
v -0.09198299795389175 0.972994327545166 1.5275113582611084
v -0.03616007789969444 0.9756402969360352 1.57017982006073
v -0.0017623623134568334 1.0297870635986328 1.5316882133483887
v -0.10870563983917236 0.9735000133514404 1.512705683708191
v -0.08204808086156845 0.9675000309944153 1.5719518661499023
v -0.14000000059604645 1.0805059671401978 1.5115000009536743
v -0.14348521828651428 1.0264999866485596 1.5855591297149658
v -0.03700000420212746 0.979023277759552 1.5134999752044678
v -0.10887324810028076 0.9735000133514404 1.5128732919692993
v -0.15022321045398712 1.0214256048202515 1.5601487159729004
v -0.05400138348340988 0.9939996600151062 1.5619993209838867
v -0.04291138797998428 1.027500033378601 1.4999414682388306
v -0.10588543862104416 1.0348126888275146 1.5417290925979614
v -0.1280726045370102 0.9700363278388977 1.5715363025665283
v -0.14516539871692657 1.0388270616531372 1.5373345613479614
v -0.12747079133987427 1.0362646579742432 1.6132937669754028
v -0.12795530259609222 0.9973482489585876 1.5339553356170654
v -0.12579719722270966 1.1009999513626099 1.5184458494186401
v -0.013163349591195583 1.0056732892990112 1.5355000495910645
v -0.03394323214888573 1.0320566892623901 1.506056785583496
v -0.09550715982913971 1.0885214805603027 1.5119963884353638
v -0.14475217461585999 0.9944999814033508 1.5736652612686157
v -0.10958316922187805 1.1030000448226929 1.5014584064483643
v -0.06700000166893005 0.9954912662506104 1.5165044069290161
v -0.05860726907849312 0.962696373462677 1.5879108905792236
v -0.13021275401115417 0.9745000004768372 1.5377126932144165
v -0.1288338601589203 1.0093353986740112 1.5683338642120361
v -0.11330326646566391 0.9720355272293091 1.516929030418396
v -0.08832619339227676 1.0839892625808716 1.4819892644882202
v -0.04817203804850578 1.0269999504089355 1.496414065361023
v -0.058120518922805786 0.9894999861717224 1.498659610748291
v -0.06818270683288574 0.9884999990463257 1.4941058158874512
v -0.08531862497329712 1.052274465560913 1.5169999599456787
v -0.1550000011920929 1.0544098615646362 1.5633180141448975
v -0.11419510096311569 1.0665853023529053 1.493499994277954
v -0.12742465734481812 1.100691795349121 1.5207328796386719
v -0.06076977774500847 0.9612302184104919 1.5858453512191772
v -0.08550000190734863 1.0003185272216797 1.5264999866485596
v -0.031395938247442245 0.990848958492279 1.5471510887145996
v -0.07802540063858032 1.0038474798202515 1.4840253591537476
v -0.13284650444984436 0.9915511608123779 1.5887047052383423
v -0.12368019670248032 1.10104501247406 1.521864891052246
v -0.10639671981334686 1.036948323249817 1.6042011976242065
v -0.11981131881475449 1.0052452087402344 1.5831886529922485
v -0.09831271320581436 1.0928126573562622 1.495208501815796
v -0.1456609070301056 1.022330403327942 1.5561609268188477
v -0.09547552466392517 1.0884510278701782 1.5119999647140503
v -0.06259430199861526 0.9664528369903564 1.508094310760498
v -0.08285123854875565 1.0714049339294434 1.4780000448226929
v -0.14375975728034973 0.9751731753349304 1.5625865459442139
v -0.07659723609685898 0.981708288192749 1.4900972843170166
v -0.1574734002351761 1.0679467916488647 1.5610133409500122
v -0.03049999289214611 0.998583197593689 1.5457834005355835
v -0.15452291071414948 1.0105916261672974 1.559545874595642
v -0.06827471405267715 0.9677582383155823 1.5092417001724243
v -0.1535584181547165 1.0219415426254272 1.5699124336242676
v -0.10249999910593033 1.0253852605819702 1.602846384048462
v -0.1307433545589447 0.996999979019165 1.5379867553710938
v -0.09130668640136719 1.0875378847122192 1.4870755672454834
v -0.06691422313451767 0.9963619112968445 1.5870857238769531
v -0.09801051020622253 0.9950052499771118 1.5015157461166382
v -0.1424083262681961 0.9729083180427551 1.562000036239624
v -0.08166386187076569 0.9639999866485596 1.5993878841400146
v -0.09735380113124847 0.9699268937110901 1.5571461915969849
v -0.08048330992460251 1.0210000276565552 1.5077250003814697
v -0.13908791542053223 1.0834120512008667 1.5119560956954956
v -0.14399653673171997 0.99274742603302 1.5609999895095825
v -0.07540006190538406 1.0141334533691406 1.484366774559021
v -0.08445071429014206 0.9760493040084839 1.4895492792129517
v -0.08094977587461472 0.9639999866485596 1.5991499423980713
v -0.05877437815070152 0.9626128077507019 1.588161587715149
v -0.028168709948658943 1.0014969110488892 1.5276687145233154
v -0.10308902710676193 0.9960445165634155 1.5071334838867188
v -0.0538874976336956 0.9664999842643738 1.5208708047866821
v -0.08483295887708664 0.9639999866485596 1.6004443168640137
v -0.03590957447886467 1.0114760398864746 1.501909613609314
v -0.11609996110200882 0.985899806022644 1.586899995803833
v -0.1289999932050705 1.010330319404602 1.568582534790039
v -0.11384127289056778 1.0195000171661377 1.5501216650009155
v -0.037361204624176025 0.9620000123977661 1.5570417642593384
v -0.1122359186410904 0.996999979019165 1.5177359580993652
v -0.05075647681951523 1.0177175998687744 1.5232564210891724
v -0.10089324414730072 0.9942022562026978 1.586606740951538
v -0.13926084339618683 0.9766412377357483 1.5437390804290771
v -0.11923488229513168 1.0909395217895508 1.49399995803833
v -0.14276273548603058 1.0266185998916626 1.5878559350967407
v -0.14041368663311005 0.9884657859802246 1.5450862646102905
v -0.0548437125980854 0.9708125591278076 1.5878437757492065
v -0.041457511484622955 0.9955637454986572 1.5124150514602661
v -0.10285317897796631 1.1013531684875488 1.505646824836731
v -0.12420926243066788 0.9692092537879944 1.5322906970977783
v -0.11019963771104813 0.9705998301506042 1.5216007232666016
v -0.08914630860090256 1.0657925605773926 1.515176773071289
v -0.13561995327472687 0.9701199531555176 1.565020203590393
v -0.05143839865922928 1.0156232118606567 1.5243768692016602
v -0.093265101313591 0.9954999685287476 1.596234917640686
v -0.04026206210255623 0.9974758625030518 1.510024070739746
v -0.03675272688269615 0.9620000123977661 1.5555108785629272
v -0.14673863351345062 1.0496931076049805 1.5355000495910645
v -0.0380232036113739 0.9734303951263428 1.5145232677459717
v -0.11549999564886093 1.0942493677139282 1.5328125953674316
v -0.011499998159706593 1.0238982439041138 1.5142754316329956
v -0.08867986500263214 0.972000002861023 1.502500057220459
v -0.1535453349351883 1.0763633251190186 1.534500002861023
v -0.13663895428180695 1.0159168243408203 1.6101388931274414
v -0.10616675764322281 1.036167025566101 1.5414999723434448
v -0.1335684061050415 0.9747578501701355 1.5758789777755737
v -0.049902722239494324 0.9629999995231628 1.5754027366638184
v -0.0874759778380394 1.0196746587753296 1.5164759159088135
v -0.12593236565589905 1.1009999513626099 1.5186485052108765
v -0.03857792541384697 0.9887337684631348 1.5767662525177002
v -0.08704870939254761 0.9932743310928345 1.4932743310928345
v -0.09072942286729813 0.966770589351654 1.607811689376831
v -0.08374597877264023 0.9854999780654907 1.6083984375
v -0.08367342501878738 0.9722244739532471 1.5330510139465332
v -0.11214800924062729 1.1028380393981934 1.5000139474868774
v -0.13053378462791443 1.0204999446868896 1.5370337963104248
v -0.09300000220537186 0.9995102882385254 1.619173526763916
v -0.07876699417829514 0.9831534028053284 1.6059602499008179
v -0.098309226334095 1.0353091955184937 1.6330000162124634
v -0.032800063490867615 1.0331999063491821 1.507200002670288
v -0.08589565008878708 1.079843521118164 1.4794479608535767
v -0.15632660686969757 1.081010103225708 1.5539900064468384
v -0.1138262003660202 0.9904999732971191 1.5676523447036743
v -0.13121114671230316 0.9919999837875366 1.5908851623535156
v -0.08115517348051071 0.9639999866485596 1.5992183685302734
v -0.12576133012771606 0.9996817708015442 1.566499948501587
v -0.0545787587761879 1.0128425359725952 1.4881575107574463
v -0.08550000190734863 1.0031845569610596 1.5269631147384644
v -0.1295601725578308 1.0994398593902588 1.5169398784637451
v -0.03545926883816719 0.9629999995231628 1.5386629104614258
v -0.1347396969795227 0.9764794111251831 1.576979398727417
v -0.11544273048639297 1.0718282461166382 1.49399995803833
v -0.11432162672281265 1.1024999618530273 1.4984523057937622
v -0.0015000032726675272 1.0278757810592651 1.5332069396972656
v -0.14223504066467285 1.0328525304794312 1.5393824577331543
v -0.09082400798797607 0.9666759967803955 1.6075279712677002
v -0.07464095950126648 0.9854999780654907 1.6032606363296509
v -0.06803470849990845 0.9929999709129333 1.5492238998413086
v -0.09300000220537186 0.9985847473144531 1.6185564994812012
v -0.10060400515794754 0.9942986369132996 1.5868959426879883
v -0.13089697062969208 1.002224326133728 1.5420000553131104
v -0.14000000059604645 1.0817759037017822 1.5115000009536743
v -0.07690992206335068 1.0146366357803345 1.4839999675750732
v -0.09340834617614746 0.9667749404907227 1.5072251558303833
v -0.13147354125976562 1.0027103424072266 1.6029735803604126
v -0.07769419997930527 0.983305811882019 1.605041265487671
v -0.05623376742005348 1.004399299621582 1.4913668632507324
v -0.1447613388299942 1.0219204425811768 1.5552613735198975
v -0.10056497901678085 0.9660162329673767 1.601467490196228
v -0.11566629260778427 0.987888753414154 1.6042224168777466
v -0.08816967159509659 0.9954434633255005 1.599273681640625
v -0.11250000447034836 0.9980810880661011 1.55649995803833
v -0.08201564848423004 0.9854999780654907 1.6077063083648682
v -0.052704814821481705 0.9664999842643738 1.5212650299072266
v -0.03917209059000015 1.028663992881775 1.5022459030151367
v -0.12855608761310577 1.008224368095398 1.5680561065673828
v -0.028815291821956635 1.0272117853164673 1.5398153066635132
v -0.15649999678134918 1.0837335586547852 1.534000039100647
v -0.10345712304115295 1.013785719871521 1.6004570722579956
v -0.13650000095367432 0.9710000157356262 1.5566341876983643
v -0.11269824206829071 1.0822930335998535 1.537301778793335
v -0.03527804836630821 0.9841390252113342 1.5649170875549316
v -0.057155583053827286 1.0231722593307495 1.492672085762024
v -0.1349067986011505 0.9768136143684387 1.5773136615753174
v -0.07849999517202377 0.9903227686882019 1.6120078563690186
v -0.07651246339082718 0.9929999709129333 1.578487515449524
v -0.07407557964324951 0.9894999861717224 1.5243585109710693
v -0.03148147463798523 0.9605062007904053 1.5434999465942383
v -0.06214165687561035 0.9942166805267334 1.4981416463851929
v -0.1158200353384018 0.9809499382972717 1.6035000085830688
v -0.07516979426145554 0.966084897518158 1.5788302421569824
v -0.15881752967834473 1.0737701654434204 1.558864951133728
v -0.08606722950935364 1.0553361177444458 1.516432762145996
v -0.0619012787938118 0.9860000014305115 1.593700647354126
v -0.11400000005960464 1.009674072265625 1.5562303066253662
v -0.060515277087688446 1.0217461585998535 1.4909923076629639
v -0.11792527139186859 1.0332010984420776 1.5146493911743164
v -0.008873192593455315 1.0387239456176758 1.5273507833480835
v -0.061592452228069305 0.9957283139228821 1.5934076309204102
v -0.10840516537427902 1.0010402202606201 1.6189051866531372
v -0.05949999764561653 0.969538152217865 1.502974510192871
v -0.09665114432573318 0.9954999685287476 1.591023325920105
v -0.10399999469518661 1.0530831813812256 1.5399723052978516
v -0.09754981100559235 1.038749098777771 1.49399995803833
v -0.04446706920862198 0.9859890341758728 1.5769671201705933
v -0.14760127663612366 1.0534050464630127 1.5355000495910645
v -0.12200116366147995 1.0220011472702026 1.561503529548645
v -0.1123557761311531 1.1026418209075928 1.5041418075561523
v -0.03137752041220665 0.9920612573623657 1.5446224212646484
v -0.057548362761735916 0.9894999861717224 1.4990887641906738
v -0.11769142001867294 1.0849571228027344 1.49399995803833
v -0.13050000369548798 1.0191441774368286 1.5706610679626465
v -0.06879164278507233 1.0230000019073486 1.5010000467300415
v -0.026506422087550163 0.9755128622055054 1.5427467823028564
v -0.08158159255981445 0.9947704076766968 1.6071479320526123
v -0.04668605700135231 0.9884999990463257 1.5078140497207642
v -0.11002415418624878 1.038762092590332 1.604262113571167
v -0.10266398638486862 0.9868199229240417 1.611163854598999
v -0.12484972923994064 1.0433989763259888 1.5609999895095825
v -0.1312444508075714 1.097674012184143 1.5158370733261108
v -0.02724628895521164 0.987376868724823 1.531499981880188
v -0.11220794171094894 1.0396416187286377 1.6051416397094727
v -0.14638817310333252 0.9813881516456604 1.5641940832138062
v -0.13488556444644928 1.0122711658477783 1.6083855628967285
v -0.12049999833106995 1.0122803449630737 1.582054853439331
v -0.06800056993961334 0.9860000014305115 1.598167061805725
v -0.1035095751285553 0.9905382990837097 1.6125191450119019
v -0.05414582043886185 0.9742709398269653 1.5866458415985107
v -0.07887587696313858 0.9991205930709839 1.4848759174346924
v -0.058477818965911865 0.9930222034454346 1.5587832927703857
v -0.06600000709295273 1.007266879081726 1.5116833448410034
v -0.13433381915092468 0.9706668853759766 1.5616666078567505
v -0.12691865861415863 0.9695000052452087 1.5810813903808594
v -0.09300000220537186 0.9684422016143799 1.501231074333191
v -0.06286964565515518 0.9664999842643738 1.5496304035186768
v -0.12048525363206863 0.9974950551986694 1.5254853963851929
v -0.1222233846783638 0.9677411317825317 1.5677233934402466
v -0.15644201636314392 1.0911738872528076 1.5356159210205078
v -0.055000003427267075 1.0094906091690063 1.4895046949386597
v -0.027729395776987076 0.9872623682022095 1.551278829574585
v -0.06454025954008102 0.9929999709129333 1.5527796745300293
v -0.10416863113641739 1.0184999704360962 1.5035029649734497
v -0.09103041887283325 0.9904999732971191 1.561954379081726
v -0.14217139780521393 1.026914358139038 1.5887428522109985
v -0.1155337542295456 1.020898699760437 1.6319324970245361
v -0.13502685725688934 1.004544734954834 1.5425089597702026
v -0.09499271214008331 1.0314854383468628 1.6312463283538818
v -0.058867111802101135 0.9660000205039978 1.5536328554153442
v -0.1524938941001892 1.0226707458496094 1.5706707239151
v -0.11157984286546707 0.9900000095367432 1.5640798807144165
v -0.13587671518325806 1.0706689357757568 1.5132077932357788
v -0.01688963919878006 1.0119068622589111 1.519296646118164
v -0.09848581254482269 1.035485863685608 1.6330000162124634
v -0.10562056303024292 1.043517827987671 1.5411205291748047
v -0.11430660635232925 1.0887264013290405 1.5348867177963257
v -0.15112537145614624 1.0037508010864258 1.5591872930526733
v -0.07898037880659103 0.9923398494720459 1.5755195617675781
v -0.12201463431119919 1.0385195016860962 1.5134950876235962
v -0.1304735392332077 0.9698551297187805 1.5501447916030884
v -0.09422243386507034 0.9872775673866272 1.4908326864242554
v -0.09870505332946777 0.9725000262260437 1.5051367282867432
v -0.1454375833272934 1.094062328338623 1.5408751964569092
v -0.08399999886751175 1.03242027759552 1.5169999599456787
v -0.13650000095367432 1.0127089023590088 1.5425000190734863
v -0.08354588598012924 1.0746376514434814 1.47804594039917
v -0.04588957503437996 0.9646947979927063 1.5256104469299316
v -0.14388185739517212 1.0956181287765503 1.5381364822387695
v -0.07534622400999069 1.021788477897644 1.503999948501587
v -0.12889114022254944 1.0095645189285278 1.5683910846710205
v -0.06861624121665955 0.9929999709129333 1.5487877130508423
v -0.1479809582233429 1.0549237728118896 1.5355000495910645
v -0.10900000482797623 0.9840978384017944 1.502500057220459
v -0.09543566405773163 0.9832573533058167 1.488628625869751
v -0.10642384737730026 1.0398807525634766 1.5410761833190918
v -0.08715692162513733 1.0197809934616089 1.5161569118499756
v -0.08359808474779129 1.0747942924499512 1.4780980348587036
v -0.14277416467666626 0.9735483527183533 1.5621371269226074
v -0.11134271323680878 0.9917190670967102 1.5763764381408691
v -0.11600000411272049 1.0185480117797852 1.630365252494812
v -0.07455486804246902 1.0125752687454224 1.4835000038146973
v -0.04322308301925659 1.027500033378601 1.4997076988220215
v -0.12340575456619263 1.0403742790222168 1.5130313634872437
v -0.026149092242121696 0.9852485060691833 1.5494502782821655
v -0.1494939774274826 1.0238765478134155 1.5740060806274414
v -0.056655190885066986 0.9884999990463257 1.5288965702056885
v -0.01785898581147194 1.0399999618530273 1.5192351341247559
v -0.13387079536914825 1.0089832544326782 1.6066124439239502
v -0.029775692149996758 0.9865000247955322 1.5231729745864868
v -0.1029595136642456 0.9664999842643738 1.6003468036651611
v -0.05303199589252472 0.9854999780654907 1.5852980613708496
v -0.11424725502729416 1.088489055633545 1.5350054502487183
v -0.11286386847496033 0.9912120699882507 1.574924111366272
v -0.09849999845027924 1.0071327686309814 1.5399999618530273
v -0.1249389499425888 1.0442557334899902 1.5125000476837158
v -0.09239348024129868 0.9847322702407837 1.6142323017120361
v -0.023000003769993782 0.9829999804496765 1.5424716472625732
v -0.10300000011920929 1.010231614112854 1.600000023841858
v -0.09810662269592285 0.9939834475517273 1.598393440246582
v -0.03809717297554016 1.0041112899780273 1.5052915811538696
v -0.13031476736068726 1.017759084701538 1.5703147649765015
v -0.12950000166893005 1.0580532550811768 1.5136383771896362
v -0.10709851235151291 0.9931338429450989 1.5807676315307617
v -0.08100000023841858 0.9866366982460022 1.489117980003357
v -0.09818559139966965 0.9725000262260437 1.5046855211257935
v -0.11494974792003632 1.0701984167099 1.4939497709274292
v -0.12347209453582764 0.9695000052452087 1.5850279331207275
v -0.14154082536697388 1.0972295999526978 1.5345407724380493
v -0.13650000095367432 1.0124255418777466 1.5425000190734863
v -0.14843226969242096 1.0621613264083862 1.5355000495910645
v -0.10228552669286728 0.9959999918937683 1.5059282779693604
v -0.11057305335998535 1.1030000448226929 1.5009634494781494
v -0.13415014743804932 1.0101006031036377 1.6073002815246582
v -0.09341240674257278 0.9890875816345215 1.4938503503799438
v -0.09849999845027924 1.0033899545669556 1.5401220321655273
v -0.15323802828788757 1.0481902360916138 1.564761996269226
v -0.06868606060743332 0.989093005657196 1.5234999656677246
v -0.1131822019815445 1.0195000171661377 1.5492429733276367
v -0.06844848394393921 0.967816174030304 1.5091837644577026
v -0.0669236108660698 1.0027292966842651 1.5134235620498657
v -0.08806034177541733 0.9937801957130432 1.4937801361083984
v -0.040053289383649826 0.9854999780654907 1.571829915046692
v -0.12415137141942978 1.0402568578720093 1.560651421546936
v -0.10334888100624084 1.0185755491256714 1.5023490190505981
v -0.11066558957099915 1.0042482614517212 1.6211656332015991
v -0.13541148602962494 0.9729114770889282 1.5467257499694824
v -0.13987915217876434 1.0291208028793335 1.594241738319397
v -0.14016835391521454 1.02933669090271 1.54041588306427
v -0.11395315080881119 1.0043126344680786 1.55649995803833
v -0.08956802636384964 0.972000002861023 1.502500057220459
v -0.13363021612167358 0.9715868234634399 1.5479131937026978
v -0.10249999910593033 1.0259259939193726 1.602981448173523
v -0.11400000005960464 1.009255051612854 1.5563979148864746
v -0.1086161732673645 1.0670807361602783 1.5403838157653809
v -0.03573490306735039 0.9581767320632935 1.5434999465942383
v -0.1538335084915161 1.0083339214324951 1.5593335628509521
v -0.13745003938674927 0.9925000071525574 1.5825749635696411
v -0.05791778489947319 0.9884999990463257 1.5280548334121704
v -0.0769147127866745 1.0212926864624023 1.5048294067382812
v -0.15399684011936188 1.0507420301437378 1.5642515420913696
v -0.12631729245185852 1.046256422996521 1.5120608806610107
v -0.054615568369627 1.0127688646316528 1.4882311820983887
v -0.10262127965688705 0.9866063594818115 1.6111211776733398
v -0.11637332290410995 0.9763733148574829 1.601373314857483
v -0.08150000125169754 1.0463532209396362 1.4850293397903442
v -0.12451193481683731 1.0425477027893066 1.5125000476837158
v -0.10598935931921005 0.9724946618080139 1.5510106086730957
v -0.05463814362883568 0.9660000205039978 1.5598617792129517
v -0.12953239679336548 0.9869028329849243 1.5299352407455444
v -0.1080000028014183 0.9875433444976807 1.503000020980835
v -0.09469930827617645 0.9732972383499146 1.4936014413833618
v -0.1169583797454834 1.1000416278839111 1.4972707033157349
v -0.07986943423748016 0.9937833547592163 1.4858694076538086
v -0.13499999046325684 0.9700000286102295 1.5699849128723145
v -0.06604491174221039 0.9675000309944153 1.5466368198394775
v -0.026919662952423096 0.9854999780654907 1.5272737741470337
v -0.08769938349723816 0.9902998208999634 1.5376993417739868
v -0.054499998688697815 0.9717836380004883 1.5873581171035767
v -0.08620938658714294 0.996662437915802 1.5262906551361084
v -0.12657509744167328 1.0493755340576172 1.5609999895095825
v -0.11109264940023422 0.9710308909416199 1.519876480102539
v -0.1486085206270218 1.0909457206726074 1.5456085205078125
v -0.0832112729549408 1.0181549787521362 1.4938451051712036
v -0.10863178968429565 0.9648772478103638 1.590254545211792
v -0.09367748349905014 0.9904999732971191 1.558322548866272
v -0.10301844775676727 0.9725000262260437 1.5072592496871948
v -0.021032290533185005 1.0391169786453247 1.5160845518112183
v -0.1028018444776535 0.9935660362243652 1.585132122039795
v -0.14000000059604645 1.0818185806274414 1.5115000009536743
v -0.10399999469518661 1.053520917892456 1.5398263931274414
v -0.0698104053735733 0.9679999947547913 1.5084596872329712
v -0.07130460441112518 0.9857317805290222 1.6003046035766602
v -0.034668464213609695 0.9941087365150452 1.5292772054672241
v -0.11245153844356537 0.991349458694458 1.575199007987976
v -0.1012570708990097 1.0485141277313232 1.492742896080017
v -0.07192368805408478 0.9689236879348755 1.5425763130187988
v -0.08249999582767487 1.066330909729004 1.4789172410964966
v -0.12944048643112183 0.9813214540481567 1.527999997138977
v -0.14375655353069305 0.9948717355728149 1.5550130605697632
v -0.09049999713897705 0.9698869585990906 1.6115773916244507
v -0.14650000631809235 1.0457710027694702 1.5355000495910645
v -0.0968649834394455 1.0909099578857422 1.4938650131225586
v -0.09300000220537186 1.0123475790023804 1.621999979019165
v -0.04327806830406189 0.9937219023704529 1.5152039527893066
v -0.11437276005744934 1.0099910497665405 1.6252455711364746
v -0.0768694132566452 0.980891764163971 1.490369439125061
v -0.13686500489711761 0.9920474886894226 1.578547477722168
v -0.05256349965929985 0.9629999995231628 1.5795634984970093
v -0.1274874210357666 0.9759370684623718 1.5285251140594482
v -0.058500003069639206 0.9735682606697083 1.4997878074645996
v -0.08226902037858963 0.972000002861023 1.5342309474945068
v -0.1420595645904541 1.0969702005386353 1.5350595712661743
v -0.14308857917785645 1.0214999914169312 1.553588628768921
v -0.07524899393320084 1.0140830278396606 1.4844170808792114
v -0.06939052045345306 0.9860000014305115 1.5989452600479126
v -0.06876800954341888 0.9929999709129333 1.5486738681793213
v -0.09655165672302246 0.9948505759239197 1.4997011423110962
v -0.11459343880414963 0.9727967381477356 1.5148131847381592
v -0.003251839429140091 1.0247482061386108 1.5348358154296875
v -0.028432805091142654 0.9824832081794739 1.5539495944976807
v -0.03707064688205719 0.9629999995231628 1.5339293479919434
v -0.13382618129253387 0.9700000286102295 1.572847604751587
v -0.017895041033625603 0.9983066320419312 1.5347017049789429
v -0.09348111599683762 0.9694622159004211 1.4990755319595337
v -0.09798682481050491 0.9701622724533081 1.5566754341125488
v -0.11048666387796402 0.9920088648796082 1.5775089263916016
v -0.05512789264321327 0.9660000205039978 1.5593081712722778
v -0.09099999815225601 0.9662445187568665 1.6066168546676636
v -0.08875904977321625 0.9904999732971191 1.565361499786377
v -0.059658173471689224 0.9860000014305115 1.5921581983566284
v -0.106661856174469 0.996830940246582 1.5121618509292603
v -0.12945148348808289 1.0572574138641357 1.5134999752044678
v -0.08305732160806656 0.9915000200271606 1.5714139938354492
v -0.14780697226524353 0.9959208965301514 1.5605000257492065
v -0.09099999815225601 0.9664602279663086 1.6069403886795044
v -0.08846110105514526 1.0841916799545288 1.4821916818618774
v -0.12333458662033081 0.9675037860870361 1.5339962244033813
v -0.10533033311367035 1.0604909658432007 1.5399999618530273
v -0.035353198647499084 0.9629999995231628 1.539087176322937
v -0.024313831701874733 0.9897482395172119 1.5316240787506104
v -0.07496555149555206 0.993178129196167 1.5800344944000244
v -0.013927488587796688 1.0391449928283691 1.527072548866272
v -0.058617278933525085 0.9649999737739563 1.51408851146698
v -0.011796408332884312 1.0355987548828125 1.5262006521224976
v -0.08595691621303558 0.9944138526916504 1.5260000228881836
v -0.025979362428188324 0.9817396998405457 1.5499587059020996
v -0.0015000032726675272 1.0269569158554077 1.534738540649414
v -0.09118755161762238 1.0781253576278687 1.5130000114440918
v -0.13249999284744263 1.0752334594726562 1.5585534572601318
v -0.12866905331611633 0.9695587158203125 1.5581691265106201
v -0.0408928208053112 0.9932143688201904 1.5403214693069458
v -0.09479273110628128 0.9847357273101807 1.6145000457763672
v -0.06485512852668762 0.9667850136756897 1.5109299421310425
v -0.12200000137090683 1.0350315570831299 1.5600314140319824
v -0.11174359172582626 0.9712478518486023 1.5190085172653198
v -0.14556439220905304 1.0407575368881226 1.536871075630188
v -0.14100244641304016 0.995498776435852 1.5505049228668213
v -0.10574086010456085 0.9722408652305603 1.5062590837478638
v -0.05081881955265999 1.0174059867858887 1.5233187675476074
v -0.14610737562179565 1.0932852029800415 1.5423221588134766
v -0.06711102277040482 1.015110969543457 1.5096110105514526
v -0.14394137263298035 0.9944999814033508 1.574205756187439
v -0.13650000095367432 0.9704897403717041 1.5600409507751465
v -0.11600000411272049 0.9800521731376648 1.6032015085220337
v -0.1464105099439621 0.9944552779197693 1.56077241897583
v -0.08646313846111298 0.9713658094406128 1.5026342868804932
v -0.0945863425731659 0.9866546392440796 1.4899137020111084
v -0.0384795255959034 0.9879999756813049 1.513680338859558
v -0.09424522519111633 1.0859904289245605 1.5119999647140503
v -0.14900562167167664 1.0974972248077393 1.5424944162368774
v -0.10652405023574829 0.9727620482444763 1.510524034500122
v -0.027133023366332054 0.9868883490562439 1.5491223335266113
v -0.09248509258031845 1.0140597820281982 1.6230298280715942
v -0.11607179045677185 1.0748590230941772 1.49399995803833
v -0.051727332174777985 0.9854999780654907 1.583727240562439
v -0.1165459156036377 0.9752729535102844 1.5117270946502686
v -0.130605548620224 0.9745000004768372 1.5381054878234863
v -0.02533910423517227 0.9886608719825745 1.531499981880188
v -0.07662196457386017 0.9816341400146484 1.4901219606399536
v -0.12620480358600616 1.0206023454666138 1.5841023921966553
v -0.07580805569887161 0.9854999780654907 1.604308009147644
v -0.08112097531557083 0.9703736305236816 1.5036263465881348
v -0.09670675545930862 1.0352405309677124 1.493499994277954
v -0.08100000023841858 0.9667680263519287 1.5002319812774658
v -0.058765389025211334 0.9664999842643738 1.5184115171432495
v -0.03553124517202377 1.0124218463897705 1.5015312433242798
v -0.11400000005960464 1.0076961517333984 1.55649995803833
v -0.14472483098506927 0.9944999814033508 1.573683500289917
v -0.03820648416876793 1.0036741495132446 1.5056194067001343
v -0.077349953353405 0.9900750517845154 1.5430750846862793
v -0.13733087480068207 0.9959999918937683 1.5431616306304932
v -0.015051094815135002 1.0394999980926514 1.5243467092514038
v -0.12751567363739014 0.9695000052452087 1.5802264213562012
v -0.11654365062713623 1.1035000085830688 1.5087717771530151
v -0.13650000095367432 0.9701852202415466 1.5612590312957764
v -0.10551098734140396 1.0309340953826904 1.5415109395980835
v -0.15378126502037048 1.0946093797683716 1.5384140014648438
v -0.0015000032726675272 1.026577353477478 1.535370945930481
v -0.06889761984348297 0.9891988039016724 1.5234999656677246
v -0.07587277144193649 0.9643816947937012 1.6026272773742676
v -0.13249999284744263 1.073218584060669 1.558956265449524
v -0.1578971892595291 1.0695887804031372 1.5606027841567993
v -0.1233467385172844 1.0229233503341675 1.564693570137024
v -0.06196727231144905 0.9664999842643738 1.5171884298324585
v -0.133064404129982 1.0985000133514404 1.5280643701553345
v -0.11293093115091324 1.0013618469238281 1.5567845106124878
v -0.04561810940504074 0.9618818759918213 1.522618055343628
v -0.13512587547302246 0.9700000286102295 1.5684964656829834
v -0.13639438152313232 1.0068238973617554 1.5429648160934448
v -0.10658116638660431 0.9900000095367432 1.5562748908996582
v -0.13476403057575226 0.9961180090904236 1.5407639741897583
v -0.03449999541044235 0.9620000123977661 1.5448367595672607
v -0.08916372060775757 0.9725000262260437 1.529390811920166
v -0.14650000631809235 1.0484155416488647 1.5355000495910645
v -0.13638637959957123 0.9815680384635925 1.580227255821228
v -0.054499998688697815 0.9719122648239136 1.5872938632965088
v -0.10249999910593033 1.0223442316055298 1.6024999618530273
v -0.13621430099010468 0.970714271068573 1.5628571510314941
v -0.07349999248981476 0.9705685377120972 1.6031438112258911
v -0.07248314470052719 0.9884999990463257 1.4927583932876587
v -0.13044776022434235 0.9695000052452087 1.5770522356033325
v -0.09296271204948425 1.0880000591278076 1.4899253845214844
v -0.12697704136371613 1.0513851642608643 1.5609999895095825
v -0.0820000022649765 1.062945008277893 1.480527400970459
v -0.08241220563650131 0.984000027179718 1.6084121465682983
v -0.1458103358745575 0.9941551685333252 1.560922384262085
v -0.08266567438840866 0.9894999861717224 1.5317208766937256
v -0.06628028303384781 1.0131816864013672 1.5094393491744995
v -0.10137476027011871 1.0377811193466187 1.6330000162124634
v -0.10574021190404892 1.0430392026901245 1.5412402153015137
v -0.15574558079242706 1.0627367496490479 1.5622544288635254
v -0.11930400133132935 1.0032159090042114 1.5835000276565552
v -0.10517766326665878 1.0199111700057983 1.5393552780151367
v -0.06216936931014061 0.9860000014305115 1.5938347578048706
v -0.0352163091301918 0.9620000123977661 1.548581600189209
v -0.1359013468027115 1.0060021877288818 1.5428004264831543
v -0.09696635603904724 1.0285505056381226 1.4954663515090942
v -0.03688761219382286 0.984795868396759 1.566887617111206
v -0.03550000488758087 0.9617010354995728 1.5508970022201538
v -0.1185624971985817 0.9861875176429749 1.510562539100647
v -0.14032290875911713 1.0978385210037231 1.5336614847183228
v -0.1381547898054123 1.0980000495910645 1.5321547985076904
v -0.14820662140846252 0.9973264932632446 1.5602933168411255
v -0.10249999910593033 1.0214450359344482 1.602481722831726
v -0.09349999576807022 0.9664999842643738 1.5077711343765259
v -0.08550000190734863 1.0005799531936646 1.5264999866485596
v -0.09065086394548416 1.0699526071548462 1.5143492221832275
v -0.1133781298995018 0.9896260499954224 1.5670000314712524
v -0.03099999763071537 1.0087765455245972 1.543907880783081
v -0.11386360228061676 0.99063640832901 1.5719548463821411
v -0.036646172404289246 1.0303537845611572 1.504069209098816
v -0.09723424166440964 1.0913513898849487 1.4942342042922974
v -0.13713982701301575 1.019559383392334 1.5423601865768433
v -0.052160199731588364 1.0110387802124023 1.5264805555343628
v -0.030761519446969032 1.0070691108703613 1.5444769859313965
v -0.04137051850557327 0.9956942200660706 1.512241005897522
v -0.03099999763071537 1.0149654150009155 1.5423390865325928
v -0.05537673085927963 0.9639691710472107 1.5160616636276245
v -0.02734011597931385 0.9874958992004395 1.5518238544464111
v -0.06320727616548538 0.9665690660476685 1.5492926836013794
v -0.035072799772024155 0.9620000123977661 1.5478639602661133
v -0.03913821280002594 0.9707927107810974 1.5156381130218506
v -0.08550000190734863 1.0100617408752441 1.5255000591278076
v -0.1574079543352127 1.0791840553283691 1.5556118488311768
v -0.04068443924188614 0.99363112449646 1.5409467220306396
v -0.07547920942306519 0.9894999861717224 1.5248264074325562
v -0.10824963450431824 0.9893751740455627 1.5656248331069946
v -0.10484976321458817 0.9710246324539185 1.5078004598617554
v -0.14154139161109924 0.9864585995674133 1.5436879396438599
v -0.1028837338089943 0.9664999842643738 1.600372076034546
v -0.14993688464164734 1.0013737678527832 1.559499979019165
v -0.05245354399085045 0.9888634085655212 1.5307732820510864
v -0.09389731287956238 1.0882991552352905 1.4911963939666748
v -0.057156309485435486 0.9787655472755432 1.4975780248641968
v -0.09049999713897705 0.9680935144424438 1.6095935106277466
v -0.030688775703310966 1.0066325664520264 1.5446224212646484
v -0.11182989925146103 0.9686598181724548 1.5948195457458496
v -0.09535852074623108 0.9735000133514404 1.524641513824463
v -0.011344796977937222 1.0254656076431274 1.5138448476791382
v -0.08256422728300095 0.9917178750038147 1.5721535682678223
v -0.06575477123260498 1.0084904432296753 1.5112547874450684
v -0.08550000190734863 1.002199411392212 1.526733160018921
v -0.09975600987672806 0.9904999732971191 1.5491340160369873
v -0.03637896850705147 0.9618789553642273 1.5542579889297485
v -0.0492214597761631 0.9634071588516235 1.5207784175872803
v -0.12695497274398804 1.0483198165893555 1.5124549865722656
v -0.09849999845027924 1.0097575187683105 1.5399999618530273
v -0.10344598442316055 1.0514459609985352 1.4915180206298828
v -0.07655352354049683 0.9706845283508301 1.5386309623718262
v -0.05745847895741463 1.0020830631256104 1.4924583435058594
v -0.0612550750374794 0.9664999842643738 1.517581582069397
v -0.10450911521911621 1.0484542846679688 1.5405000448226929
v -0.14578361809253693 1.0967836380004883 1.5457885265350342
v -0.12890955805778503 1.059138298034668 1.559999942779541
v -0.09629267454147339 1.0184999704360962 1.4949390888214111
v -0.12922224402427673 1.0232222080230713 1.584861159324646
v -0.10672841221094131 0.9900000095367432 1.5647284984588623
v -0.053249526768922806 0.9664999842643738 1.5210834741592407
v -0.140141561627388 1.0287169218063354 1.593575358390808
v -0.11913655698299408 1.0934537649154663 1.4943634271621704
v -0.08216112852096558 0.9949153065681458 1.6064234972000122
v -0.03338337317109108 0.9959249496459961 1.5291917324066162
v -0.1277327686548233 1.049965500831604 1.5125000476837158
v -0.14238770306110382 0.9950000047683716 1.5528877973556519
v -0.022433552891016006 0.9922552704811096 1.532688856124878
v -0.11792518943548203 0.9773503541946411 1.5105748176574707
v -0.14409756660461426 1.0260000228881836 1.583609700202942
v -0.0926973894238472 1.013407826423645 1.6226052045822144
v -0.08359444886445999 0.9721981287002563 1.5331037044525146
v -0.05628760904073715 0.9629999995231628 1.5847876071929932
v -0.018693460151553154 0.9972420334815979 1.534371018409729
v -0.09287889301776886 0.9734394550323486 1.5266211032867432
v -0.14421969652175903 0.9944999814033508 1.5740201473236084
v -0.08049999922513962 0.9688753485679626 1.4966247081756592
v -0.054499998688697815 1.0135703086853027 1.4877147674560547
v -0.06637996435165405 1.0044801235198975 1.5127599239349365
v -0.12101978063583374 1.033366322517395 1.5593464374542236
v -0.10861531645059586 0.9670384526252747 1.5969231128692627
v -0.09454215317964554 0.9726685881614685 1.4939156770706177
v -0.03099999763071537 1.016800880432129 1.542033314704895
v -0.0671398937702179 1.0151398181915283 1.509639859199524
v -0.041005589067935944 0.99301677942276 1.5739943981170654
v -0.08951042592525482 0.9904999732971191 1.5395156145095825
v -0.054573189467191696 0.9713536500930786 1.5875731706619263
v -0.0387318879365921 0.9852439761161804 1.5699758529663086
v -0.02672141045331955 0.9759427905082703 1.5426392555236816
v -0.0591997392475605 0.9887999296188354 1.5274001359939575
v -0.03077585995197296 1.0181206464767456 1.5420000553131104
v -0.08061287552118301 0.9919999837875366 1.5740402936935425
v -0.09348540753126144 0.9694707989692688 1.4990583658218384
v -0.14957216382026672 1.0238569974899292 1.573927879333496
v -0.09531097114086151 0.9754329323768616 1.4923779964447021
v -0.14550000429153442 0.9944999814033508 1.5583484172821045
v -0.04324868321418762 0.9917513132095337 1.5362539291381836
v -0.011395100504159927 1.0354650020599365 1.5262675285339355
v -0.11312396079301834 0.9903119802474976 1.5662479400634766
v -0.10568992793560028 1.0336395502090454 1.542120099067688
v -0.06386028975248337 0.9667867422103882 1.5486397743225098
v -0.10290971398353577 1.0199999809265137 1.5366145372390747
v -0.06284915655851364 0.9928016662597656 1.4988491535186768
v -0.048656582832336426 0.9885782599449158 1.5058434009552002
v -0.11568991094827652 0.97437983751297 1.512620210647583
v -0.047179147601127625 1.0269999504089355 1.4969104528427124
v -0.036148376762866974 0.9626758098602295 1.5362032651901245
v -0.12171298265457153 1.0153194665908813 1.5824999809265137
v -0.10243503004312515 0.9936883449554443 1.5853766202926636
v -0.07900939136743546 0.9923301935195923 1.5754905939102173
v -0.155356302857399 1.0145748853683472 1.5612874031066895
v -0.05074810981750488 0.9855839610099792 1.5827480554580688
v -0.036103278398513794 0.9616032838821411 1.5537066459655762
v -0.10445861518383026 0.9938758611679077 1.6148759126663208
v -0.05633245036005974 0.9664999842643738 1.5196117162704468
v -0.0370071604847908 0.9629999995231628 1.533992886543274
v -0.11844570934772491 1.1032770872116089 1.5098342895507812
v -0.08150000125169754 1.03028404712677 1.4887863397598267
v -0.07994967699050903 0.9836509823799133 1.6106005907058716
v -0.12431085109710693 0.9972434043884277 1.566499948501587
v -0.052472054958343506 0.9854999780654907 1.5844720602035522
v -0.11436545848846436 1.013461947441101 1.5156344175338745
v -0.11204972118139267 0.9677748680114746 1.5944502353668213
v -0.13053996860980988 1.0205798149108887 1.5710200071334839
v -0.08608758449554443 0.9841468930244446 1.6117937564849854
v -0.11338699609041214 0.9720913171768188 1.516817331314087
v -0.07973569631576538 0.9894999861717224 1.5286767482757568
v -0.029062850400805473 1.0002495050430298 1.52818763256073
v -0.12906306982040405 0.9907477498054504 1.5313738584518433
v -0.13562631607055664 0.9866842031478882 1.5833104848861694
v -0.12205731123685837 0.974852442741394 1.5267049074172974
v -0.07228390872478485 0.9920540452003479 1.5461620092391968
v -0.1273009479045868 1.0524028539657593 1.5606991052627563
v -0.0534660778939724 0.9629999995231628 1.5806992053985596
v -0.08510822802782059 0.9927164912223816 1.5260000228881836
v -0.12647730112075806 1.0488864183425903 1.5609999895095825
v -0.09400000423192978 0.9896584749221802 1.6160528659820557
v -0.09439131617546082 1.0862826108932495 1.5119999647140503
v -0.1428876519203186 1.0338314771652222 1.5390561819076538
v -0.05748951435089111 0.9894999861717224 1.4991328716278076
v -0.08507764339447021 1.0067670345306396 1.5264999866485596
v -0.06476183980703354 0.9659126996994019 1.5101745128631592
v -0.14023219048976898 1.0285356044769287 1.5933034420013428
v -0.11400000005960464 1.0071805715560913 1.55649995803833
v -0.10458359867334366 0.990472137928009 1.5540835857391357
v -0.055038951337337494 0.963884711265564 1.5162304639816284
v -0.1449093222618103 0.9934319853782654 1.5609999895095825
v -0.0441831611096859 0.9880610704421997 1.5098779201507568
v -0.1567080318927765 1.0855401754379272 1.534208059310913
v -0.15311236679553986 1.0752809047698975 1.534500002861023
v -0.024707309901714325 1.0043617486953735 1.525138258934021
v -0.0381140299141407 0.9731578826904297 1.5146139860153198
v -0.12723037600517273 0.9975000023841858 1.5332304239273071
v -0.0803212970495224 0.9941425919532776 1.6086786985397339
v -0.02865835465490818 1.027604103088379 1.5396583080291748
v -0.10098768025636673 0.9725000262260437 1.5063291788101196
v -0.11350780725479126 1.0025312900543213 1.55649995803833
v -0.037806104868650436 0.9742755889892578 1.5143061876296997
v -0.09300000220537186 1.0028818845748901 1.6202205419540405
v -0.11708047240972519 0.968500018119812 1.5901130437850952
v -0.13462203741073608 1.0689330101013184 1.5136890411376953
v -0.08014125376939774 0.9854999780654907 1.6070470809936523
v -0.11749158054590225 1.0206637382507324 1.554991602897644
v -0.10300000011920929 1.029354214668274 1.6034270524978638
v -0.025386393070220947 0.9850000143051147 1.5302271842956543
v -0.13069428503513336 0.9919999837875366 1.5915743112564087
v -0.1223178580403328 1.022317886352539 1.5624536275863647
v -0.1499890685081482 1.0014781951904297 1.559499979019165
v -0.09407517313957214 1.0883584022521973 1.4914336204528809
v -0.04687635973095894 0.9649999737739563 1.5247490406036377
v -0.08150000125169754 1.0314836502075195 1.4883791208267212
v -0.12318940460681915 1.0244052410125732 1.5688105821609497
v -0.09025449305772781 0.9725000262260437 1.5286636352539062
v -0.027340317144989967 0.9878402948379517 1.5483864545822144
v -0.12686030566692352 0.9695000052452087 1.5811396837234497
v -0.09321383386850357 1.0279276371002197 1.629713773727417
v -0.10931271314620972 0.9900000095367432 1.560125470161438
v -0.11749999970197678 1.0829256772994995 1.4937313795089722
v -0.13289475440979004 1.0985000133514404 1.5278947353363037
v -0.07391946762800217 0.9686610698699951 1.6030805110931396
v -0.12500014901161194 1.0440003871917725 1.5609999895095825
v -0.026000000536441803 0.9841854572296143 1.5486854314804077
v -0.026783134788274765 0.9863052368164062 1.549238920211792
v -0.13650000095367432 0.9718047380447388 1.550390601158142
v -0.0852351263165474 1.00629460811615 1.5264999866485596
v -0.07691516727209091 0.9628772139549255 1.601584792137146
v -0.13024529814720154 1.0004905462265015 1.6013679504394531
v -0.0422649011015892 0.9639999866485596 1.5277351140975952
v -0.1388738453388214 1.0221846103668213 1.6109999418258667
v -0.08520711958408356 1.0518285036087036 1.5169999599456787
v -0.09874594956636429 0.9987378716468811 1.5989999771118164
v -0.15468254685401917 1.0794564485549927 1.534500002861023
v -0.0619887039065361 0.9860000014305115 1.5937443971633911
v -0.025759248062968254 0.9852592349052429 1.5292222499847412
v -0.012926539406180382 1.0182204246520996 1.5163530111312866
v -0.09849999845027924 1.0098627805709839 1.5399999618530273
v -0.13484083116054535 1.0982317924499512 1.5293045043945312
v -0.11440005153417587 1.0672001838684082 1.493499994277954
v -0.08469117432832718 1.0777279138565063 1.4788455963134766
v -0.15492619574069977 1.0800654888153076 1.534500002861023
v -0.08235864341259003 1.0654345750808716 1.4792827367782593
v -0.09934426844120026 1.0195000171661377 1.531625747680664
v -0.11611834913492203 0.9784082770347595 1.602263331413269
v -0.13694573938846588 0.9959999918937683 1.5423914194107056
v -0.0479276105761528 0.9629999995231628 1.522072434425354
v -0.033600810915231705 0.9592997431755066 1.5434999465942383
v -0.10649999976158142 1.0384018421173096 1.5412745475769043
v -0.03537047281861305 0.958419680595398 1.5434999465942383
v -0.08489829301834106 1.078245759010315 1.4789491891860962
v -0.08237403631210327 0.9782519340515137 1.4922518730163574
v -0.07259032875299454 0.965045154094696 1.5809547901153564
v -0.08027248829603195 0.9603862166404724 1.5963412523269653
v -0.04327261820435524 0.9917274117469788 1.536182165145874
v -0.11867456883192062 1.0890237092971802 1.49399995803833
v -0.11309567093849182 1.0398191213607788 1.6053191423416138
v -0.1469999998807907 0.9832809567451477 1.5644999742507935
v -0.05014737695455551 0.9629999995231628 1.5756473541259766
v -0.060932405292987823 0.9894999861717224 1.4967117309570312
v -0.03763027861714363 0.9913697242736816 1.527869701385498
v -0.02447010762989521 1.0045298337936401 1.524980068206787
v -0.10220163315534592 1.0190000534057617 1.5010524988174438
v -0.026464903727173805 0.9880467653274536 1.5530351400375366
v -0.12812897562980652 1.0556447505950928 1.559999942779541
v -0.10065992921590805 0.9850000143051147 1.612113356590271
v -0.12945649027824402 0.9919999837875366 1.593043565750122
v -0.12035887688398361 1.0380470752716064 1.6205940246582031
v -0.04587341845035553 0.9954999685287476 1.5682510137557983
v -0.0834767073392868 0.9915000200271606 1.5707849264144897
v -0.09106286615133286 0.9950000047683716 1.5943742990493774
v -0.12224258482456207 0.988935649394989 1.5986930131912231
v -0.024408046156167984 0.9907892942428589 1.5550919771194458
v -0.08354563266038895 1.0746369361877441 1.4780455827713013
v -0.012364796362817287 1.0303239822387695 1.513635277748108
v -0.11250000447034836 0.9990339875221252 1.556633472442627
v -0.04433564096689224 0.9859452247619629 1.5768356323242188
v -0.033703651279211044 0.9954445362091064 1.529351830482483
v -0.13115818798542023 1.0204999446868896 1.5376582145690918
v -0.1469999998807907 0.9826841950416565 1.5644999742507935
v -0.09779419004917145 0.994764506816864 1.598705768585205
v -0.15077222883701324 1.0699305534362793 1.5355000495910645
v -0.11593339592218399 1.074167013168335 1.49399995803833
v -0.08509331941604614 0.9725000262260437 1.5321044921875
v -0.13810402154922485 1.0296980142593384 1.5980939865112305
v -0.09147559106349945 0.9645243883132935 1.6020976305007935
v -0.05449254810810089 0.9725372791290283 1.5869925022125244
v -0.11167090386152267 0.9712236523628235 1.5191054344177246
v -0.1461515575647354 1.0224621295928955 1.5566136837005615
v -0.047634657472372055 1.0232306718826294 1.5184520483016968
v -0.08593890815973282 1.0547555685043335 1.5165610313415527
v -0.02256016433238983 0.9932531118392944 1.5569398403167725
v -0.023000003769993782 0.9829999804496765 1.5430593490600586
v -0.08849823474884033 1.06449556350708 1.515500783920288
v -0.09473024308681488 1.0869605541229248 1.5119999647140503
v -0.1513809710741043 1.071262001991272 1.5353095531463623
v -0.1061755120754242 1.0986754894256592 1.4996169805526733
v -0.13645902276039124 0.9720409512519836 1.5498360395431519
v -0.13873891532421112 1.0912388563156128 1.554641604423523
v -0.14933393895626068 1.0001678466796875 1.559583067893982
v -0.1077146828174591 0.9732382297515869 1.5117146968841553
v -0.1523074507713318 1.0440372228622437 1.565500020980835
v -0.09400000423192978 0.9703595042228699 1.4970206022262573
v -0.12258481234312057 1.0379999876022339 1.6181226968765259
v -0.10409001260995865 1.0328199863433838 1.6041150093078613
v -0.10579688102006912 0.990067720413208 1.5552968978881836
v -0.12653036415576935 1.001550555229187 1.5670101642608643
v -0.060213860124349594 0.9664999842643738 1.5179287195205688
v -0.13501758873462677 0.9727411866188049 1.5457940101623535
v -0.05757354572415352 1.001779317855835 1.4926470518112183
v -0.057199764996767044 0.9787003397941589 1.4975998401641846
v -0.09525882452726364 0.9839646816253662 1.4889823198318481
v -0.12331122905015945 1.0402482748031616 1.5130629539489746
v -0.14154238998889923 0.9793559908866882 1.5422288179397583
v -0.08867489546537399 0.9952750205993652 1.5986000299453735
v -0.0737772062420845 0.9689455628395081 1.6032228469848633
v -0.1371503472328186 1.0174510478973389 1.6106503009796143
v -0.08399999886751175 1.0367971658706665 1.5169999599456787
v -0.05821256712079048 0.9932874441146851 1.5591812133789062
v -0.1284913420677185 1.0204999446868896 1.534487009048462
v -0.0515582449734211 1.0153834819793701 1.5246165990829468
v -0.05249999836087227 1.0054142475128174 1.527717113494873
v -0.123017318546772 1.0371955633163452 1.5605000257492065
v -0.09849999845027924 0.9999923706054688 1.540876865386963
v -0.13557587563991547 0.9700759053230286 1.5651965141296387
v -0.0823330357670784 0.9783339500427246 1.4923338890075684
v -0.09103117883205414 0.9726770520210266 1.5281459093093872
v -0.08322377502918243 0.9918059706687927 1.4906119108200073
v -0.07721194624900818 0.9854999780654907 1.605355978012085
v -0.11089122295379639 0.9869637489318848 1.6075725555419922
v -0.11549999564886093 1.0948567390441895 1.5326608419418335
v -0.12736251950263977 1.0363187789916992 1.6134562492370605
v -0.10789026319980621 1.0189452171325684 1.5083353519439697
v -0.09744299203157425 0.984499990940094 1.6135284900665283
v -0.11397658288478851 1.0399953126907349 1.6054953336715698
v -0.01860525831580162 0.9973596334457397 1.5344297885894775
v -0.05099079757928848 1.0165460109710693 1.5234907865524292
v -0.12950000166893005 0.9882885217666626 1.5303221940994263
v -0.12075729668140411 1.0219999551773071 1.5595145225524902
v -0.10706286877393723 0.9995628595352173 1.6178752183914185
v -0.03839670494198799 1.002913236618042 1.5061900615692139
v -0.025000018998980522 0.981499969959259 1.5470001697540283
v -0.11036229878664017 1.0184999704360962 1.5100748538970947
v -0.08243773877620697 0.9675000309944153 1.5715622901916504
v -0.056160539388656616 0.967857837677002 1.588660478591919
v -0.09300000220537186 0.9679999947547913 1.5050867795944214
v -0.06415893137454987 0.9668862819671631 1.5483410358428955
v -0.14861245453357697 1.0247751474380493 1.5764377117156982
v -0.08084166795015335 0.9892916083335876 1.4876832962036133
v -0.12887313961982727 0.9913805723190308 1.53162682056427
v -0.0829954594373703 0.9894999861717224 1.5321606397628784
v -0.08226846158504486 1.0203473567962646 1.4921526908874512
v -0.10219967365264893 1.0058993101119995 1.5994999408721924
v -0.07215096056461334 0.9631627202033997 1.5943254232406616
v -0.05150000378489494 0.9913171529769897 1.5287957191467285
v -0.11940105259418488 0.991934061050415 1.566499948501587
v -0.012574336491525173 1.0192769765853882 1.515648603439331
v -0.05150000378489494 0.9936893582344055 1.5283300876617432
v -0.08066325634717941 0.9901837110519409 1.4873265027999878
v -0.14588479697704315 1.042039155960083 1.5362303256988525
v -0.029710939154028893 0.999385416507721 1.528403639793396
v -0.09300000220537186 0.9991527795791626 1.618935227394104
v -0.059098005294799805 0.9649999737739563 1.513767957687378
v -0.08550000190734863 1.001227855682373 1.5264999866485596
v -0.13161496818065643 1.0029224157333374 1.6031149625778198
v -0.11916596442461014 1.0026638507843018 1.5835000276565552
v -0.05941581726074219 0.9946105480194092 1.595194697380066
v -0.10182756185531616 1.0050688982009888 1.5994999408721924
v -0.029500000178813934 1.0249375104904175 1.5405937433242798
v -0.0866716131567955 1.0199427604675293 1.5156714916229248
v -0.060320816934108734 0.9894999861717224 1.497119426727295
v -0.13240961730480194 1.0706384181976318 1.559000015258789
v -0.04006800800561905 0.9978640079498291 1.5096360445022583
v -0.08706614375114441 0.9679999947547913 1.5669337511062622
v -0.12647904455661774 1.048895239830017 1.5609999895095825
v -0.08694511651992798 1.059280514717102 1.5160000324249268
v -0.09296455979347229 1.0273936986923218 1.6294645071029663
v -0.11771129071712494 1.099403738975525 1.529384970664978
v -0.08100000023841858 0.9665842056274414 1.5004158020019531
v -0.0647163838148117 0.9659278988838196 1.5101442337036133
v -0.02992175705730915 0.9991043210029602 1.528473973274231
v -0.11865746229887009 0.9864723682403564 1.5106574296951294
v -0.09681439399719238 1.035886287689209 1.493499994277954
v -0.11450337618589401 1.014020323753357 1.5154999494552612
v -0.11164186894893646 0.9900000095367432 1.564141869544983
v -0.13603806495666504 0.9833096861839294 1.5809239149093628
v -0.03700000420212746 0.9702174663543701 1.571141242980957
v -0.09250550717115402 0.9904999732971191 1.5425041913986206
v -0.1145000010728836 1.025975227355957 1.634790062904358
v -0.14629770815372467 1.043690800666809 1.5357022285461426
v -0.15476596355438232 1.079664945602417 1.534500002861023
v -0.1538943201303482 1.0085772275924683 1.559394359588623
v -0.09774209558963776 0.9959841966629028 1.5989999771118164
v -0.09895126521587372 0.9976949691772461 1.5414512157440186
v -0.07606542855501175 0.9929999709129333 1.5789345502853394
v -0.0727887824177742 0.9687629342079163 1.5067371129989624
v -0.12417260557413101 1.0204999446868896 1.5278452634811401
v -0.0673162117600441 0.9929999709129333 1.5497628450393677
v -0.08150000125169754 1.0359997749328613 1.4873000383377075
v -0.14712516963481903 1.0966249704360962 1.5443748235702515
v -0.11500000208616257 1.021498203277588 1.5154999494552612
v -0.04974270612001419 0.9859191179275513 1.581742763519287
v -0.058332305401563644 1.0225838422775269 1.4920837879180908
v -0.07898326218128204 0.9831966757774353 1.6060899496078491
v -0.10846175253391266 1.0188461542129517 1.5088077783584595
v -0.028769535943865776 0.9861347675323486 1.5247304439544678
v -0.02797330915927887 1.0017900466918945 1.5274733304977417
v -0.11336572468280792 0.9705485701560974 1.5978657007217407
v -0.14945806562900543 1.02177095413208 1.5594580173492432
v -0.05909638851881027 0.9649999737739563 1.5137690305709839
v -0.10174830257892609 1.0199999809265137 1.5349977016448975
v -0.0961831584572792 1.033683180809021 1.493499994277954
v -0.1280411332845688 1.0507056713104248 1.5125411748886108
v -0.0672755017876625 0.9674438834190369 1.5096122026443481
v -0.11400000005960464 1.0293614864349365 1.6358102560043335
v -0.06600000709295273 1.0068283081054688 1.5117928981781006
v -0.14493535459041595 0.975956916809082 1.5629785060882568
v -0.12209301441907883 0.9891240000724792 1.5930931568145752
v -0.08965589851140976 1.0865778923034668 1.484311819076538
v -0.02458154410123825 0.9905579686164856 1.5549184083938599
v -0.12370772659778595 1.0409154891967773 1.512896180152893
v -0.10890147089958191 0.9671338200569153 1.5967323780059814
v -0.08245551586151123 1.020066738128662 1.4924331903457642
v -0.08880279958248138 0.9952324032783508 1.598429560661316
v -0.042482323944568634 0.9650176763534546 1.5204821825027466
v -0.11426006257534027 1.026979923248291 1.6352399587631226
v -0.1557300090789795 1.062690019607544 1.562269926071167
v -0.05883236229419708 1.0223338603973389 1.4918338060379028
v -0.14571411907672882 0.9944999814033508 1.5611423254013062
v -0.1445195972919464 1.0955195426940918 1.5474739074707031
v -0.10071390122175217 0.9704999923706055 1.5548572540283203
v -0.1339012086391449 1.00910484790802 1.6067036390304565
v -0.03049999289214611 0.9996984601020813 1.545560359954834
v -0.03627977520227432 1.010550618171692 1.5022798776626587
v -0.10910609364509583 1.038303017616272 1.603803038597107
v -0.11595012992620468 1.0254004001617432 1.5149999856948853
v -0.14643336832523346 0.9788667559623718 1.5634334087371826
v -0.1358029991388321 0.9959999918937683 1.5412676334381104
v -0.023196319118142128 1.0369017124176025 1.5375654697418213
v -0.09513681381940842 0.9693789482116699 1.5593631267547607
v -0.15812312066555023 1.0706156492233276 1.5602537393569946
v -0.1547885537147522 1.0941057205200195 1.5376585721969604
v -0.034520473331213 0.9620204567909241 1.5433975458145142
v -0.091814324259758 0.9846357107162476 1.6141357421875
v -0.11578565835952759 0.968500018119812 1.5912142992019653
v -0.13807503879070282 1.090575098991394 1.5554249286651611
v -0.1457112580537796 1.0133450031280518 1.5862112045288086
v -0.13611750304698944 0.9706175327301025 1.5600875616073608
v -0.13624942302703857 1.0893758535385132 1.5126253366470337
v -0.134502112865448 0.9760042428970337 1.5765043497085571
v -0.1092081069946289 0.9731040596961975 1.548291802406311
v -0.11917759478092194 1.036177635192871 1.5138306617736816
v -0.1484183371067047 1.0620917081832886 1.5355000495910645
v -0.10359573364257812 1.0338084697723389 1.6048563718795776
v -0.04022728279232979 0.968818187713623 1.5169545412063599
v -0.12288117408752441 1.1009999513626099 1.5224641561508179
v -0.12628959119319916 1.0462194681167603 1.5120701789855957
v -0.11400000005960464 1.0107477903366089 1.5165008306503296
v -0.11794831603765488 1.0332932472229004 1.5146033763885498
v -0.10249999910593033 1.0231019258499146 1.6024999618530273
v -0.11899999529123306 0.9990250468254089 1.583662509918213
v -0.033069729804992676 0.9963954091072083 1.5290348529815674
v -0.014761464670300484 1.0392614603042603 1.5247385501861572
v -0.09831748157739639 0.9725000262260437 1.5048174858093262
v -0.03910809010267258 0.9853693842887878 1.5704774856567383
v -0.02985144779086113 0.985148549079895 1.5305743217468262
v -0.14101040363311768 0.9780260324478149 1.542494773864746
v -0.07719013839960098 0.9664999842643738 1.5768098831176758
v -0.055998679250478745 0.9660000205039978 1.55800199508667
v -0.10264388471841812 1.0073633193969727 1.5996438264846802
v -0.14155375957489014 1.0214999914169312 1.5520538091659546
v -0.08399999886751175 1.0402662754058838 1.51775324344635
v -0.08741933107376099 1.0196936130523682 1.5164192914962769
v -0.07272277772426605 0.991777241230011 1.5458886623382568
v -0.08550000190734863 1.0028661489486694 1.5269553661346436
v -0.11400000005960464 1.0103533267974854 1.55595862865448
v -0.12909696996212006 1.0554847717285156 1.5134999752044678
v -0.07625062763690948 0.9827480912208557 1.4900000095367432
v -0.04391833767294884 0.9858061075210571 1.5764182806015015
v -0.12324075400829315 1.0243796110153198 1.5687592029571533
v -0.12005799263715744 1.0381473302841187 1.620794653892517
v -0.14400428533554077 0.9947478771209717 1.5555086135864258
v -0.09914592653512955 0.9904999732971191 1.548218846321106
v -0.09099999815225601 0.9658321142196655 1.605998158454895
v -0.03292056918144226 0.9965794086456299 1.5289735794067383
v -0.03733785077929497 0.957554042339325 1.5434999465942383
v -0.07140889763832092 0.9629999995231628 1.593999981880188
v -0.12243035435676575 0.9895737767219543 1.5934303998947144
v -0.04201218858361244 0.961993932723999 1.5699939727783203
v -0.06393344700336456 0.9660000205039978 1.509433388710022
v -0.08787092566490173 0.9841290712356567 1.6132417917251587
v -0.04294554889202118 1.027500033378601 1.4999158382415771
v -0.06466952711343765 0.9660847783088684 1.5159152746200562
v -0.11229781806468964 0.9735000133514404 1.515797734260559
v -0.05891510099172592 1.0222924947738647 1.4917924404144287
v -0.09937693923711777 0.9849692583084106 1.612561583518982
v -0.1317344307899475 0.9700000286102295 1.5624217987060547
v -0.14801651239395142 1.0600824356079102 1.5355000495910645
v -0.04638810083270073 0.9954999685287476 1.5679079294204712
v -0.11721905320882797 1.1035000085830688 1.5091094970703125
v -0.08550000190734863 0.9996572136878967 1.5264999866485596
v -0.15133778750896454 1.0210540294647217 1.56089186668396
v -0.14766749739646912 0.9955025315284729 1.5605000257492065
v -0.03374539688229561 1.0175092220306396 1.5001226663589478
v -0.01220792718231678 1.0357359647750854 1.5261319875717163
v -0.058466263115406036 0.9740337133407593 1.4994663000106812
v -0.1216282844543457 1.0204999446868896 1.5223848819732666
v -0.1466693878173828 1.049346923828125 1.5355000495910645
v -0.018659530207514763 1.0397801399230957 1.5185604095458984
v -0.012071104720234871 1.028855562210083 1.513929009437561
v -0.13750000298023224 1.0234805345535278 1.5414999723434448
v -0.14599452912807465 0.9944999814033508 1.561983585357666
v -0.029239173978567123 0.9863696098327637 1.5242608785629272
v -0.05199110135436058 1.000955581665039 1.527999997138977
v -0.06120026484131813 1.0215749740600586 1.4906498193740845
v -0.09288687258958817 0.984814465045929 1.6143144369125366
v -0.02968253754079342 1.0351587533950806 1.509158730506897
v -0.11741868406534195 0.968500018119812 1.5898874998092651
v -0.09982370585203171 0.9904999732971191 1.5492355823516846
v -0.0946693867444992 0.9904999732971191 1.5442540645599365
v -0.1297280192375183 0.9707426428794861 1.572485327720642
v -0.09740342944860458 0.9950000047683716 1.5006051063537598
v -0.04012366384267807 0.9624999761581421 1.561935544013977
v -0.14862553775310516 1.0628138780593872 1.5355627536773682
v -0.047832466661930084 0.9629999995231628 1.5724986791610718
v -0.10811673104763031 1.0551167726516724 1.4897055625915527
v -0.12650446593761444 1.0465178489685059 1.5120044946670532
v -0.041273195296525955 0.9958401918411255 1.5120463371276855
v -0.07834465801715851 0.9700000286102295 1.5044138431549072
v -0.1185000017285347 0.9792273640632629 1.5099999904632568
v -0.10941371321678162 0.9702068567276001 1.5231726169586182
v -0.08946838974952698 1.0664366483688354 1.5150158405303955
v -0.12950000166893005 0.9836009740829468 1.5284202098846436
v -0.03867199271917343 0.9716560244560242 1.515172004699707
v -0.07610435038805008 0.9638956189155579 1.6023956537246704
v -0.05757509544491768 1.0017746686935425 1.4926501512527466
v -0.10145428031682968 1.0041357278823853 1.5994999408721924
v -0.11178764700889587 0.9685752987861633 1.5946506261825562
v -0.09049999713897705 0.9685673713684082 1.6101009845733643
v -0.0401470884680748 0.9917206168174744 1.5752793550491333
v -0.13231515884399414 0.9917283058166504 1.5894131660461426
v -0.12467966228723526 1.0432186126708984 1.5125000476837158
v -0.07195748388767242 0.9894999861717224 1.5234999656677246
v -0.042232103645801544 0.9618839621543884 1.5698840618133545
v -0.12349999696016312 0.9681706428527832 1.5333293676376343
v -0.09849999845027924 1.010004997253418 1.5399999618530273
v -0.1280403733253479 0.9970605373382568 1.5995200872421265
v -0.07741798460483551 0.9664999842643738 1.5765819549560547
v -0.13540612161159515 0.9790306091308594 1.5787184238433838
v -0.003346714423969388 1.0309488773345947 1.5300511121749878
v -0.11549999564886093 1.092616081237793 1.5331767797470093
v -0.0343344621360302 0.9919172525405884 1.5458741188049316
v -0.12314362078905106 1.0171436071395874 1.5828218460083008
v -0.07996651530265808 0.9932008981704712 1.485966444015503
v -0.15481461584568024 1.0117584466934204 1.5601292848587036
v -0.0015286863781511784 1.0290859937667847 1.5328565835952759
v -0.08150000125169754 1.0525634288787842 1.4841091632843018
v -0.14313580095767975 0.9943786263465881 1.574864149093628
v -0.14507462084293365 1.0944253206253052 1.540149211883545
v -0.027051979675889015 0.9854999780654907 1.5270973443984985
v -0.11428087949752808 0.9904999732971191 1.5696852207183838
v -0.09760159254074097 1.0184999704360962 1.496902346611023
v -0.024572543799877167 1.0044516324996948 1.5250483751296997
v -0.1265266239643097 0.9750000238418579 1.5320398807525635
v -0.1173563227057457 0.9901436567306519 1.5137155055999756
v -0.10448336601257324 0.9939501285552979 1.6149500608444214
v -0.12042050063610077 1.0101025104522705 1.5824999809265137
v -0.06777621060609818 0.9675920605659485 1.509407877922058
v -0.10260237008333206 1.0195904970169067 1.6018975973129272
v -0.020224926993250847 0.9952000975608826 1.533424973487854
v -0.13619880378246307 0.9838976263999939 1.5813976526260376
v -0.11400000005960464 1.0279064178466797 1.6355677843093872
v -0.11192014813423157 1.0786806344985962 1.5379999876022339
v -0.14707669615745544 0.9843067526817322 1.5645767450332642
v -0.14986346662044525 1.0970683097839355 1.54163658618927
v -0.0984458327293396 1.018648624420166 1.4977971315383911
v -0.08224248886108398 1.0205857753753662 1.5101566314697266
v -0.1539527028799057 1.0773817300796509 1.534500002861023
v -0.12665781378746033 1.0208289623260498 1.5843288898468018
v -0.1256106197834015 0.9695000052452087 1.5823893547058105
v -0.02699999511241913 0.9682483673095703 1.542916178703308
v -0.11899999529123306 1.0956796407699585 1.4948359727859497
v -0.04850799962878227 0.9884999990463257 1.5327459573745728
v -0.1290416568517685 1.0121666193008423 1.5690416097640991
v -0.12700173258781433 1.051505208015442 1.5609983205795288
v -0.11022771894931793 1.0719554424285889 1.5396361351013184
v -0.0576167069375515 0.975583553314209 1.4983832836151123
v -0.12372484058141708 1.0234496593475342 1.5666241645812988
v -0.13596495985984802 0.9705175161361694 1.5614999532699585
v -0.027461575344204903 0.990403950214386 1.548538327217102
v -0.05554932728409767 0.9694013595581055 1.5885000228881836
v -0.08180052042007446 0.9948251247406006 1.6068742275238037
v -0.11597428470849991 1.0154228210449219 1.628948450088501
v -0.12911973893642426 1.0124789476394653 1.5691196918487549
v -0.08168848603963852 0.9808690547943115 1.4923769235610962
v -0.1245989128947258 0.9687994718551636 1.5696992874145508
v -0.08170463889837265 0.9675000309944153 1.5724430084228516
v -0.1483306884765625 1.0219999551773071 1.5583306550979614
v -0.07166824489831924 0.9944999814033508 1.5824158191680908
v -0.09229978173971176 1.0148009061813354 1.6234004497528076
v -0.09200000017881393 1.0167803764343262 1.6242600679397583
v -0.11915788054466248 1.0214385986328125 1.5568771362304688
v -0.13860689103603363 1.09110689163208 1.5548396110534668
v -0.10260781645774841 0.9709051847457886 1.5535948276519775
v -0.08380205184221268 1.0754061937332153 1.478302001953125
v -0.14550000429153442 0.9944999814033508 1.5602037906646729
v -0.025549868121743202 0.985049843788147 1.5298503637313843
v -0.02270367555320263 0.9837962985038757 1.538481593132019
v -0.0371309332549572 0.9691072106361389 1.5714999437332153
v -0.14748238027095795 1.0529295206069946 1.5355000495910645
v -0.09281042218208313 0.9720776081085205 1.5025776624679565
v -0.11148775368928909 0.9892479777336121 1.5667479038238525
v -0.06659124046564102 0.9964695572853088 1.5874087810516357
v -0.12163322418928146 1.1009999513626099 1.523400068283081
v -0.04965057596564293 1.019849419593811 1.5215842723846436
v -0.12319546937942505 1.0204999446868896 1.526043176651001
v -0.09799999743700027 1.0415294170379639 1.49399995803833
v -0.1115625724196434 0.9735000133514404 1.545937418937683
v -0.03639112040400505 0.9897029399871826 1.5401089191436768
v -0.08776139467954636 0.9936307072639465 1.4936306476593018
v -0.06600000709295273 1.0075818300247192 1.5116045475006104
v -0.11603912711143494 0.978804349899292 1.602421760559082
v -0.12720046937465668 0.9671013951301575 1.5558017492294312
v -0.01365906186401844 1.0369635820388794 1.5264999866485596
v -0.018820233643054962 1.0101797580718994 1.5208202600479126
v -0.09805580973625183 1.0950837135314941 1.510444164276123
v -0.06496655195951462 0.996999979019165 1.5898001194000244
v -0.13924457132816315 1.0764890909194946 1.5119999647140503
v -0.03049999289214611 0.9932284951210022 1.5464999675750732
v -0.07493230700492859 0.9694774150848389 1.506022572517395
v -0.06693576276302338 1.0149357318878174 1.5094356536865234
v -0.0747520700097084 0.9932492971420288 1.5802478790283203
v -0.0743430033326149 0.9854999780654907 1.6030620336532593
v -0.09200000017881393 1.0165016651153564 1.6241672039031982
v -0.055000003427267075 1.0086867809295654 1.4899065494537354
v -0.11393009126186371 1.0195000171661377 1.550240159034729
v -0.13650000095367432 0.9710000157356262 1.557234764099121
v -0.02322958968579769 0.984499990940094 1.535193920135498
v -0.055107202380895615 1.0078567266464233 1.490214467048645
v -0.023203745484352112 0.9912283420562744 1.5323641300201416
v -0.09565708786249161 1.0184999704360962 1.4942713975906372
v -0.11375904828310013 1.0035362243652344 1.55649995803833
v -0.07870052009820938 0.9714002013206482 1.53719961643219
v -0.05611192062497139 0.968052327632904 1.5886119604110718
v -0.07520987093448639 0.9699732661247253 1.5395267009735107
v -0.08448035269975662 0.9724934697151184 1.53251314163208
v -0.11899999529123306 1.0951297283172607 1.4947259426116943
v -0.016992410644888878 1.0399999618530273 1.5206793546676636
v -0.040345124900341034 0.9639225602149963 1.530232310295105
v -0.13954563438892365 0.989802896976471 1.5455000400543213
v -0.10644157975912094 0.9933528304100037 1.5812057256698608
v -0.11899999529123306 0.9979270100593567 1.5838454961776733
v -0.11742863804101944 0.996999979019165 1.5229524374008179
v -0.05150000378489494 0.99573814868927 1.528037428855896
v -0.08399999886751175 1.0338828563690186 1.5169999599456787
v -0.07162805646657944 0.9856239557266235 1.6006280183792114
v -0.002577369101345539 1.0254225730895996 1.5347816944122314
v -0.0890599712729454 1.0851799249649048 1.4831199645996094
v -0.10548371821641922 0.9976449608802795 1.6168224811553955
v -0.057157963514328 0.9793949127197266 1.4975788593292236
v -0.07535242289304733 1.0112459659576416 1.4835000038146973
v -0.056736208498477936 0.9664999842643738 1.5889999866485596
v -0.06259960681200027 0.9619004130363464 1.5921493768692017
v -0.14969895780086517 1.0971505641937256 1.54180109500885
v -0.014151464216411114 1.0371606349945068 1.5264999866485596
v -0.06417199969291687 0.9660000205039978 1.509671926498413
v -0.09303706139326096 0.996388852596283 1.6174999475479126
v -0.13557659089565277 1.0204999446868896 1.5441532135009766
v -0.11559302359819412 0.9815174341201782 1.6035000085830688
v -0.11421099305152893 1.0883439779281616 1.5350780487060547
v -0.08650581538677216 0.9725000262260437 1.5311628580093384
v -0.14102311432361603 0.9937557578086853 1.5767326354980469
v -0.06846265494823456 0.9929999709129333 1.548902988433838
v -0.13883471488952637 0.994946300983429 1.5802230834960938
v -0.10317093878984451 0.9904999732971191 1.552670955657959
v -0.020222745835781097 1.0393192768096924 1.5170965194702148
v -0.08235181868076324 0.9918240904808044 1.5724722146987915
v -0.09489890933036804 0.9959494471549988 1.5937021970748901
v -0.08080744743347168 0.9605000019073486 1.595077633857727
v -0.09549999982118607 0.978122889995575 1.4903771877288818
v -0.08093155920505524 0.9671368598937988 1.4997947216033936
v -0.08628582209348679 1.056429147720337 1.51621413230896
v -0.1046055480837822 1.0526055097579956 1.4904736280441284
v -0.12374693155288696 0.9913703799247742 1.5948703289031982
v -0.10357724130153656 0.9934999942779541 1.5842303037643433
v -0.08000000566244125 0.9833469986915588 1.6100409030914307
v -0.0993858352303505 1.0363858938217163 1.6330000162124634
v -0.05290714651346207 0.988976776599884 1.5305465459823608
v -0.08150000125169754 1.041104793548584 1.4860987663269043
v -0.0892658457159996 0.9950780272483826 1.5978121757507324
v -0.15430331230163574 1.0099098682403564 1.559499979019165
v -0.13650000095367432 1.0122381448745728 1.5425000190734863
v -0.11547207087278366 0.9735000133514404 1.5184860229492188
v -0.11832492053508759 1.0877996683120728 1.49399995803833
v -0.12138724327087402 1.0339787006378174 1.5595914125442505
v -0.08359933644533157 0.991899847984314 1.4907997846603394
v -0.10742874443531036 0.964428722858429 1.5894287824630737
v -0.10044363141059875 1.0323591232299805 1.4945281744003296
v -0.055188409984111786 0.985562801361084 1.5876884460449219
v -0.1289999932050705 1.011391520500183 1.568847894668579
v -0.0756455808877945 0.982645571231842 1.60580575466156
v -0.026032624766230583 1.0334510803222656 1.5380244255065918
v -0.02703922428190708 0.9821348190307617 1.5529043674468994
v -0.028728434816002846 0.9825000166893005 1.5543426275253296
v -0.06972777843475342 0.9632277488708496 1.5841583013534546
v -0.11139846593141556 0.9677969217300415 1.5931954383850098
v -0.12978902459144592 0.9693593382835388 1.5506407022476196
v -0.13341553509235382 0.9745540618896484 1.5757770538330078
v -0.07995017617940903 0.9934501647949219 1.6091245412826538
v -0.060353536158800125 0.9616464376449585 1.5864696502685547
v -0.06276119500398636 0.9617388248443604 1.592391848564148
v -0.03700000420212746 0.9804174900054932 1.5134999752044678
v -0.15147502720355988 1.0878499746322632 1.5486500263214111
v -0.13792294263839722 1.0297884941101074 1.5983655452728271
v -0.14280842244625092 1.0265958309173584 1.587787389755249
v -0.08070392161607742 0.9673519730567932 1.573796033859253
v -0.07702679187059402 0.9929910898208618 1.577964186668396
v -0.07733745127916336 0.9709458351135254 1.5381083488464355
v -0.13266897201538086 1.0204999446868896 1.5397534370422363
v -0.04274556040763855 0.9894999861717224 1.5355029106140137
v -0.04726725444197655 1.0239654779434204 1.5179009437561035
v -0.06298339366912842 0.9615166187286377 1.5927250385284424
v -0.032004255801439285 0.9872521162033081 1.5202436447143555
v -0.09069405496120453 0.9950000047683716 1.5994079113006592
v -0.03687422350049019 0.9879999756813049 1.5151257514953613
v -0.14255811274051666 0.9731162190437317 1.5620290040969849
v -0.11257825046777725 1.0195000171661377 1.5483673810958862
v -0.013078712858259678 1.0373680591583252 1.5262106657028198
v -0.1358986645936966 0.9800980091094971 1.5793986320495605
v -0.09760650992393494 0.9904999732971191 1.546954870223999
v -0.054670996963977814 0.9637927412986755 1.5164145231246948
v -0.06590180844068527 0.9929999709129333 1.5510982275009155
v -0.093353770673275 0.9904999732971191 1.5431402921676636
v -0.1198163852095604 0.9920790791511536 1.566499948501587
v -0.13635805249214172 0.9817097187042236 1.5802838802337646
v -0.09024416655302048 0.9950000047683716 1.6000077724456787
v -0.050517864525318146 0.9950000047683716 1.5649867057800293
v -0.03867407515645027 0.9935435056686401 1.5428694486618042
v -0.08558589965105057 1.0199999809265137 1.5145859718322754
v -0.09349999576807022 0.9859342575073242 1.6150000095367432
v -0.01228640228509903 1.0203543901443481 1.5152863264083862
v -0.09049999713897705 0.9753066897392273 1.6124999523162842
v -0.13908375799655914 1.0210837125778198 1.549167513847351
v -0.10466834157705307 0.9963366985321045 1.6161683797836304
v -0.1308644413948059 1.0641610622406006 1.559499979019165
v -0.11928580701351166 1.091143250465393 1.49399995803833
v -0.14657177031040192 1.0488587617874146 1.5355000495910645
v -0.1544725000858307 1.0519312620162964 1.5640137195587158
v -0.03597993403673172 0.9627600312232971 1.536540150642395
v -0.07552819699048996 0.9638427495956421 1.5966854095458984
v -0.09063227474689484 0.9668677449226379 1.6081031560897827
v -0.11918673664331436 1.0932530164718628 1.4943132400512695
v -0.0925000011920929 1.0242384672164917 1.6283257007598877
v -0.13781757652759552 0.9959999918937683 1.5439763069152832
v -0.11499005556106567 1.0169403553009033 1.5154999494552612
v -0.04341120272874832 1.027500033378601 1.4995665550231934
v -0.039657898247241974 0.9700131416320801 1.516157865524292
v -0.10511459410190582 1.0455416440963745 1.5406146049499512
v -0.08203841745853424 1.0160095691680908 1.4845000505447388
v -0.05155731737613678 0.9629999995231628 1.5783360004425049
v -0.014555100351572037 1.0390551090240479 1.5249449014663696
v -0.13182997703552246 1.0204999446868896 1.5384949445724487
v -0.033758744597435 0.995361864566803 1.5293793678283691
v -0.03771007061004639 1.0056596994400024 1.5044200420379639
v -0.09934969991445541 0.9998496770858765 1.5991748571395874
v -0.09311911463737488 0.9676426649093628 1.5063573122024536
v -0.08606817573308945 1.0553407669067383 1.5164318084716797
v -0.05992972105741501 0.9949531555175781 1.5950233936309814
v -0.09352374821901321 0.9954999685287476 1.5959762334823608
v -0.14433038234710693 1.0260000228881836 1.5826784372329712
v -0.013829788193106651 1.0393403768539429 1.527170181274414
v -0.10897568613290787 0.9735000133514404 1.5129756927490234
v -0.038100723177194595 1.0040971040725708 1.5053021907806396
v -0.1276559978723526 1.0498119592666626 1.5125000476837158
v -0.14313487708568573 1.0264999866485596 1.5869604349136353
v -0.037722744047641754 1.0056090354919434 1.5044454336166382
v -0.015485754236578941 1.013271450996399 1.5184857845306396
v -0.09849999845027924 1.0021978616714478 1.540360450744629
v -0.1304064244031906 0.9919999837875366 1.5919581651687622
v -0.13871480524539948 1.0754295587539673 1.5119999647140503
v -0.14684703946113586 1.0502351522445679 1.5355000495910645
v -0.13650000095367432 0.9700000286102295 1.5620485544204712
v -0.055000003427267075 1.0101579427719116 1.4893684387207031
v -0.12250663340091705 0.9692533016204834 1.5859934091567993
v -0.13721348345279694 0.9925000071525574 1.5829297304153442
v -0.13599999248981476 0.9716426730155945 1.5570707321166992
v -0.08550000190734863 1.011352300643921 1.5251476764678955
v -0.07278812676668167 0.9651440382003784 1.5808559656143188
v -0.12039416283369064 1.1024999618530273 1.5117883682250977
v -0.08851481974124908 1.0195000171661377 1.5177721977233887
v -0.06700000166893005 0.9924236536026001 1.5181145668029785
v -0.12480279803276062 1.0437111854553223 1.5125000476837158
v -0.11061182618141174 1.1030000448226929 1.5009441375732422
v -0.14541378617286682 1.0121551752090454 1.5859137773513794
v -0.12006562948226929 1.0219999551773071 1.558131217956543
v -0.09400875121355057 0.987491250038147 1.4914737939834595
v -0.10855422914028168 0.9729999899864197 1.5487971305847168
v -0.10929335653781891 0.970146656036377 1.5234133005142212
v -0.027953976765275 0.9641380310058594 1.5425000190734863
v -0.15512187778949738 1.0175671577453613 1.564189076423645
v -0.09386105835437775 0.9954999685287476 1.5956388711929321
v -0.14257033169269562 1.0032110214233398 1.5830702781677246
v -0.11324024945497513 0.9895800948143005 1.5670000314712524
v -0.11899999529123306 1.094866156578064 1.494673252105713
v -0.066905677318573 0.9658018946647644 1.5119056701660156
v -0.011876712553203106 1.0218698978424072 1.5148767232894897
v -0.13318583369255066 0.9700000286102295 1.5739189386367798
v -0.12181230634450912 1.0346871614456177 1.5598747730255127
v -0.12702590227127075 0.9695000052452087 1.5809611082077026
v -0.08915075659751892 1.0658015012741089 1.5151746273040771
v -0.13361743092536926 0.9748232364654541 1.5759116411209106
v -0.030727077275514603 1.018364667892456 1.5420000553131104
v -0.10918384790420532 1.0195000171661377 1.5442757606506348
v -0.13029415905475616 0.9695000052452087 1.5772058963775635
v -0.12875840067863464 0.9981375932693481 1.5998791456222534
v -0.12929140031337738 1.0131657123565674 1.569291353225708
v -0.12536251544952393 1.0449062585830688 1.5609999895095825
v -0.10083337128162384 1.0992499589920044 1.5076667070388794
v -0.10780155658721924 0.9729999899864197 1.5492990016937256
v -0.09600000083446503 1.032667875289917 1.4937376976013184
v -0.07424277067184448 0.9934190511703491 1.5807572603225708
v -0.14262208342552185 1.0266889333724976 1.588066816329956
v -0.14502350986003876 1.025976538658142 1.5804530382156372
v -0.08150000125169754 1.0418882369995117 1.4859222173690796
v -0.10650976002216339 1.0195000171661377 1.5413823127746582
v -0.0980372503399849 0.9725000262260437 1.5045372247695923
v -0.1040685847401619 1.054911494255066 1.5394999980926514
v -0.10116036236286163 1.0996602773666382 1.5073397159576416
v -0.1021806076169014 1.0199999809265137 1.535574197769165
v -0.09460215270519257 0.9723978638648987 1.503000020980835
v -0.09200000017881393 1.0213512182235718 1.6264008283615112
v -0.09358524531126022 0.9904999732971191 1.5584148168563843
v -0.10301516950130463 1.0115758180618286 1.6000151634216309
v -0.1342054158449173 1.0328973531723022 1.6046918630599976
v -0.10534863919019699 1.1030000448226929 1.5037907361984253
v -0.10952699929475784 1.1013513803482056 1.5018513202667236
v -0.13706369698047638 1.030218243598938 1.5996544361114502
v -0.09137382358312607 0.9650934338569641 1.6024999618530273
v -0.08223463594913483 0.9785307049751282 1.4925307035446167
v -0.1508767008781433 1.0964155197143555 1.5406233072280884
v -0.10948622226715088 1.1030000448226929 1.5015069246292114
v -0.023813437670469284 1.0365931987762451 1.5377711057662964
v -0.1509605050086975 1.0704013109207153 1.5355000495910645
v -0.14106485247612 1.0310972929000854 1.5399675369262695
v -0.13499999046325684 0.9710000157356262 1.5544542074203491
v -0.08125157654285431 0.9675000309944153 1.5731226205825806
v -0.12627077102661133 1.000812292098999 1.5667706727981567
v -0.1173705905675888 0.996999979019165 1.5229136943817139
v -0.08550000190734863 1.0006009340286255 1.5264999866485596
v -0.13690772652626038 1.0204999446868896 1.5466115474700928
v -0.031675852835178375 0.9870879054069519 1.5207362174987793
v -0.14047382771968842 1.0280523300170898 1.5925785303115845
v -0.09689478576183319 1.0909298658370972 1.4938948154449463
v -0.13042540848255157 1.0985746383666992 1.5162873268127441
v -0.14575913548469543 0.9775182604789734 1.562999963760376
v -0.04657091945409775 0.9629999995231628 1.571070909500122
v -0.1460159868001938 1.0425639152526855 1.5359840393066406
v -0.11902784556150436 1.0901113748550415 1.49399995803833
v -0.09961419552564621 0.995704710483551 1.5036141872406006
v -0.1538250595331192 1.0083001852035522 1.559325098991394
v -0.08399999886751175 1.0436220169067383 1.5180000066757202
v -0.11340184509754181 1.0411993265151978 1.6255981922149658
v -0.1364155113697052 0.9709154963493347 1.562253475189209
v -0.024954546242952347 0.9900606274604797 1.5545454025268555
v -0.12939812242984772 0.9894075393676758 1.5307039022445679
v -0.13650000095367432 0.9710000157356262 1.5571218729019165
v -0.07783198356628418 1.0044199228286743 1.4839999675750732
v -0.13395647704601288 1.0093259811401367 1.6068694591522217
v -0.07245451211929321 0.9736364483833313 1.6030000448226929
v -0.12901723384857178 1.0356608629226685 1.6114827394485474
v -0.1469999998807907 0.9821594953536987 1.5644999742507935
v -0.03720351681113243 1.007685899734497 1.5034070014953613
v -0.06316439062356949 0.9963881373405457 1.591835618019104
v -0.10811323672533035 1.1030000448226929 1.5021934509277344
v -0.06700000166893005 0.9940310120582581 1.517234444618225
v -0.09963126480579376 1.0001312494277954 1.5993155241012573
v -0.1113879531621933 0.9892313480377197 1.5667312145233154
v -0.05871649831533432 0.9721752405166626 1.5008246898651123
v -0.1472291797399521 1.0519167184829712 1.5355000495910645
v -0.10135568678379059 1.0038892030715942 1.5994999408721924
v -0.0531967356801033 0.9664999842643738 1.5211011171340942
v -0.08724799007177353 0.9906880259513855 1.5672519207000732
v -0.04325663670897484 0.995128333568573 1.5713715553283691
v -0.12696582078933716 0.9750000238418579 1.532698631286621
v -0.13355961441993713 1.0077385902404785 1.6056787967681885
v -0.06626364588737488 1.0130819082260132 1.5094726085662842
v -0.06752993911504745 0.9900000095367432 1.521589756011963
v -0.024500003084540367 0.9845801591873169 1.5332595109939575
v -0.1055000051856041 1.036382794380188 1.604324221611023
v -0.1261746883392334 1.0205873250961304 1.5840873718261719
v -0.12272202968597412 0.9693610072135925 1.585777997970581
v -0.12950000166893005 0.9822875261306763 1.5281574726104736
v -0.04704851284623146 1.0269999504089355 1.4969757795333862
v -0.0706634372472763 0.9924591183662415 1.5473774671554565
v -0.011381054297089577 1.0272620916366577 1.5136905908584595
v -0.05603162944316864 0.9660000205039978 1.5569525957107544
v -0.1349514126777649 1.0854028463363647 1.557774305343628
v -0.15310810506343842 1.085783839225769 1.5501080751419067
v -0.055000003427267075 1.011763334274292 1.4890472888946533
v -0.053915802389383316 0.9890000224113464 1.5020561218261719
v -0.011471732519567013 1.0274434089660645 1.5137358903884888
v -0.07759467512369156 0.9664999842643738 1.5764052867889404
v -0.056322965770959854 0.9629999995231628 1.5848230123519897
v -0.13126304745674133 0.970447301864624 1.5495526790618896
v -0.058752045035362244 0.9823760390281677 1.4981880187988281
v -0.10880763828754425 1.04176926612854 1.629961609840393
v -0.062064848840236664 0.9620000123977661 1.5913472175598145
v -0.05150596424937248 0.9890000224113464 1.5036625862121582
v -0.13693109154701233 1.01865553855896 1.5425000190734863
v -0.08170665800571442 0.9948016405105591 1.6069916486740112
v -0.11628817021846771 1.0202627182006836 1.5535508394241333
v -0.10601130872964859 1.0419435501098633 1.5414886474609375
v -0.0668819472193718 0.9890000224113464 1.523823618888855
v -0.11409176886081696 0.9904999732971191 1.5685505867004395
v -0.11998030543327332 1.0381731986999512 1.6208465099334717
v -0.11636657267808914 0.9869663119316101 1.5866334438323975
v -0.03824241831898689 0.9934141635894775 1.543171763420105
v -0.040903449058532715 0.963096559047699 1.5705482959747314
v -0.10307381302118301 0.988795280456543 1.611647605895996
v -0.1296154409646988 1.061038613319397 1.5596922636032104
v -0.03348856791853905 1.0180171728134155 1.4999942779541016
v -0.06845973432064056 1.0230000019073486 1.5010000467300415
v -0.08399999886751175 1.036580204963684 1.5169999599456787
v -0.1378992348909378 0.9750494360923767 1.5449506044387817
v -0.028020625934004784 0.988520622253418 1.5481597185134888
v -0.014539843425154686 1.0146902799606323 1.5175398588180542
v -0.09813815355300903 0.9904999732971191 1.5473536252975464
v -0.003285083221271634 1.030928373336792 1.5300716161727905
v -0.050145454704761505 1.0193545818328857 1.5224090814590454
v -0.09685058146715164 1.0361034870147705 1.493499994277954
v -0.11431041359901428 1.0097416639328003 1.6251208782196045
v -0.14537808299064636 1.0120123624801636 1.5858780145645142
v -0.03464915603399277 0.984000027179718 1.5634474754333496
v -0.15038053691387177 1.0967463254928589 1.5411194562911987
v -0.09099999815225601 0.9651651382446289 1.6044954061508179
v -0.14650000631809235 1.0466936826705933 1.5355000495910645
v -0.1571228802204132 1.0797542333602905 1.555184245109558
v -0.13619035482406616 1.0101420879364014 1.5425000190734863
v -0.0820000022649765 1.063215732574463 1.4803920984268188
v -0.09535885602235794 1.0897883176803589 1.4924293756484985
v -0.09503452479839325 0.9848619103431702 1.4894309043884277
v -0.0358273983001709 0.9927817583084106 1.52889084815979
v -0.13458402454853058 1.068876028060913 1.5137079954147339
v -0.11220158636569977 0.9678508043289185 1.5942983627319336
v -0.03918058052659035 1.028659701347351 1.5022395849227905
v -0.12559236586093903 1.0204999446868896 1.530138611793518
v -0.00875104684382677 1.0343133211135864 1.5271245241165161
v -0.11472257971763611 1.0153355598449707 1.5154999494552612
v -0.11988062411546707 1.0219204425811768 1.5578408241271973
v -0.10213544219732285 1.0190000534057617 1.500953197479248
v -0.10747958719730377 0.9769183397293091 1.5035203695297241
v -0.023000003769993782 0.9843003749847412 1.5357993841171265
v -0.13913856446743011 1.0272771120071411 1.5409307479858398
v -0.09787259250879288 1.09474515914917 1.5106273889541626
v -0.07976260036230087 0.9894999861717224 1.528696894645691
v -0.1512572169303894 1.0233713388442993 1.5721142292022705
v -0.14616742730140686 1.0431697368621826 1.5358325242996216
v -0.1259268820285797 1.020463466644287 1.583963394165039
v -0.12745033204555511 0.9697251915931702 1.5712251663208008
v -0.12765003740787506 0.9695000052452087 1.5800249576568604
v -0.09600000083446503 1.0328006744384766 1.4936997890472412
v -0.12921707332134247 1.1000943183898926 1.523122787475586
v -0.11188954859972 0.9915367960929871 1.575647234916687
v -0.10024892538785934 1.031872272491455 1.4946255683898926
v -0.08199714124202728 0.9790171384811401 1.4929943084716797
v -0.08046471327543259 0.9854999780654907 1.6071549654006958
v -0.09099999815225601 1.0755529403686523 1.5130000114440918
v -0.07174152880907059 0.9884999990463257 1.4930860996246338
v -0.1540309637784958 1.0090928077697754 1.559499979019165
v -0.11400000005960464 1.0115326642990112 1.5161869525909424
v -0.02721727080643177 0.9663481712341309 1.5425000190734863
v -0.10249999910593033 1.0215418338775635 1.6024999618530273
v -0.15007318556308746 1.0214755535125732 1.5600486993789673
v -0.09702945500612259 1.0195000171661377 1.528661847114563
v -0.10300314426422119 1.0187485218048096 1.5020031929016113
v -0.027287431061267853 0.966137707233429 1.5425000190734863
v -0.08486767113208771 1.0478383302688599 1.51713228225708
v -0.03987370803952217 0.9641894102096558 1.5709999799728394
v -0.09348001331090927 0.9665599465370178 1.5074400901794434
v -0.12897643446922302 0.9688176512718201 1.5511823892593384
v -0.05458642542362213 0.9660000205039978 1.5599135160446167
v -0.11400000005960464 1.0280709266662598 1.6355952024459839
v -0.13477370142936707 0.9728631377220154 1.5451842546463013
v -0.09309767186641693 1.0834941864013672 1.512201189994812
v -0.12761476635932922 1.0361926555633545 1.6130778789520264
v -0.09300000220537186 1.0033444166183472 1.6203361749649048
v -0.1279650181531906 1.0360175371170044 1.6125524044036865
v -0.06700000166893005 0.9916291236877441 1.5193063020706177
v -0.113267682492733 1.06416916847229 1.492767572402954
v -0.06700000166893005 1.000962734222412 1.513884425163269
v -0.11286453157663345 1.0413784980773926 1.6261354684829712
v -0.0821848064661026 0.9786303639411926 1.4926303625106812
v -0.07719313353300095 0.9639999866485596 1.5973976850509644
v -0.11461549252271652 1.0195577144622803 1.551173210144043
v -0.09608645737171173 0.984499990940094 1.6142067909240723
v -0.05479011312127113 0.9629999995231628 1.582685112953186
v -0.10333447903394699 1.097056269645691 1.4982781410217285
v -0.13278767466545105 1.0204999446868896 1.5399315357208252
v -0.09206227213144302 1.0880000591278076 1.4881244897842407
v -0.06858081370592117 0.967526912689209 1.5449460744857788
v -0.12412939965724945 1.0417587757110596 1.5126852989196777
v -0.0948181077837944 1.0311362743377686 1.6311590671539307
v -0.13650000095367432 1.014851689338684 1.5425000190734863
v -0.042380739003419876 0.9947935938835144 1.572325587272644
v -0.11518338322639465 1.0238667726516724 1.5149999856948853
v -0.14094334840774536 0.9990911483764648 1.581795573234558
v -0.10399999469518661 1.0533040761947632 1.5398986339569092
v -0.1453702449798584 0.9938702583312988 1.5609999895095825
v -0.11477476358413696 1.015648603439331 1.5154999494552612
v -0.14576207101345062 1.0937379598617554 1.5415241718292236
v -0.09225071221590042 1.0880000591278076 1.4885014295578003
v -0.09849999845027924 1.0084854364395142 1.5399999618530273
v -0.12922655045986176 0.9689843654632568 1.5510156154632568
v -0.06634681671857834 1.004612684249878 1.5126936435699463
v -0.08249999582767487 1.0694538354873657 1.4781365394592285
v -0.03849165886640549 0.9629999995231628 1.532508373260498
v -0.06700000166893005 0.9992218613624573 1.5148520469665527
v -0.14415569603443146 1.0071227550506592 1.5841556787490845
v -0.019874809309840202 1.0086877346038818 1.5218747854232788
v -0.11451739817857742 1.067604422569275 1.4935173988342285
v -0.10075882822275162 0.9704999923706055 1.554827332496643
v -0.11947257816791534 0.9749908447265625 1.524463415145874
v -0.13530471920967102 0.9785236120223999 1.5784142017364502
v -0.09200000017881393 1.0181888341903687 1.6247755289077759
v -0.09300000220537186 1.00286865234375 1.620217204093933
v -0.11400000005960464 1.0295969247817993 1.6358494758605957
v -0.1569848507642746 1.0869243144989014 1.53448486328125
v -0.09883572161197662 1.0962536334991455 1.5096642971038818
v -0.002377825090661645 1.0256221294403076 1.5349147319793701
v -0.1360718160867691 0.9705718159675598 1.5632845163345337
v -0.15525749325752258 1.0132725238800049 1.5607575178146362
v -0.10363506525754929 1.031135082244873 1.6037882566452026
v -0.0451270267367363 1.027468204498291 1.497936487197876
v -0.08940628170967102 0.972000002861023 1.502500057220459
v -0.08717375248670578 1.0178369283676147 1.4863368272781372
v -0.030027475208044052 0.9849633574485779 1.5305092334747314
v -0.15369181334972382 1.0767295360565186 1.534500002861023
v -0.10500093549489975 0.9903330206871033 1.554500937461853
v -0.1018969714641571 1.036484718322754 1.493602991104126
v -0.1276751309633255 0.9750000238418579 1.5338501930236816
v -0.10083986818790436 1.094893217086792 1.496893286705017
v -0.09217613935470581 1.0880000591278076 1.4883522987365723
v -0.046026814728975296 0.9634910821914673 1.5244642496109009
v -0.07587014883756638 0.9664350748062134 1.578129768371582
v -0.1088646650314331 1.055864691734314 1.4899548292160034
v -0.07651469856500626 0.9904926419258118 1.5434926748275757
v -0.12783865630626678 0.9671773314476013 1.5521613359451294
v -0.13198493421077728 1.002496361732483 1.5420000553131104
v -0.04506824538111687 0.9954999685287476 1.5692195892333984
v -0.022190002724528313 0.992579996585846 1.532770037651062
v -0.054499998688697815 1.0130267143249512 1.4879865646362305
v -0.06595812737941742 1.008083701133728 1.511458158493042
v -0.15824072062969208 1.0712037086486816 1.560018539428711
v -0.11501836776733398 1.0406605005264282 1.6243211030960083
v -0.11355756223201752 1.002730369567871 1.55649995803833
v -0.028744619339704514 0.9892446398735046 1.547918438911438
v -0.07969614118337631 0.9717320203781128 1.5365358591079712
v -0.052570078521966934 0.9949532747268677 1.5634299516677856
v -0.10633637011051178 0.9900000095367432 1.5559484958648682
v -0.08500000089406967 1.0494095087051392 1.5169999599456787
v -0.10336372256278992 0.9899548888206482 1.612227439880371
v -0.10484518855810165 0.9934999942779541 1.5826547145843506
v -0.09600000083446503 1.032345175743103 1.4938299655914307
v -0.09300000220537186 0.9974610805511475 1.6179804801940918
v -0.13015134632587433 1.060802698135376 1.5140000581741333
v -0.034858278930187225 0.9587611556053162 1.5434999465942383
v -0.12889467179775238 1.0545786619186401 1.5133947134017944
v -0.08151885867118835 0.9919999837875366 1.573360800743103
v -0.040790855884552 0.9854999780654907 1.5727908611297607
v -0.11908674240112305 0.968500018119812 1.5887755155563354
v -0.11504874378442764 0.9876829385757446 1.604634165763855
v -0.08282013982534409 0.9639999866485596 1.5997732877731323
v -0.024500003084540367 0.9848623275756836 1.5324130058288574
v -0.05536728724837303 0.9888775944709778 1.5297551155090332
v -0.07771852612495422 0.9854999780654907 1.6056091785430908
v -0.12905308604240417 1.0596327781677246 1.5599733591079712
v -0.10061775147914886 1.0327354669570923 1.4944411516189575
v -0.11768332123756409 1.0322332382202148 1.515133261680603
v -0.12136813998222351 1.0204559564590454 1.5218242406845093
v -0.08000000566244125 0.9728400111198425 1.4931600093841553
v -0.08302763104438782 0.9639999866485596 1.5998425483703613
v -0.11847429722547531 1.0195000171661377 1.5174742937088013
v -0.13266721367835999 1.0761688947677612 1.558500051498413
v -0.13770844042301178 0.9926041960716248 1.5820831060409546
v -0.0780695304274559 1.0035827159881592 1.484069585800171
v -0.07882515341043472 0.999374270439148 1.4848251342773438
v -0.09625864028930664 1.090775966644287 1.5116206407546997
v -0.07136262208223343 0.985712468624115 1.6003625392913818
v -0.10294818878173828 0.9904999732971191 1.5524481534957886
v -0.03961994871497154 0.9854999780654907 1.571179986000061
v -0.07398805022239685 0.9656626582145691 1.5800119638442993
v -0.023264959454536438 1.038367509841919 1.5138013362884521
v -0.08701562136411667 1.017757773399353 1.486257791519165
v -0.14298410713672638 1.0214999914169312 1.5534840822219849
v -0.10866160690784454 1.1030000448226929 1.5019192695617676
v -0.1548420637845993 1.0118682384490967 1.560184121131897
v -0.12782984972000122 0.9699149131774902 1.5714149475097656
v -0.14578354358673096 1.041634202003479 1.5364328622817993
v -0.1130140945315361 1.0835564136505127 1.5369857549667358
v -0.08896216750144958 1.0654243230819702 1.5152689218521118
v -0.13223864138126373 0.9710795283317566 1.548840880393982
v -0.085233673453331 0.995411217212677 1.6028550863265991
v -0.04375537484884262 0.9857518076896667 1.576255440711975
v -0.058988410979509354 0.9717673659324646 1.501232624053955
v -0.02971976436674595 1.0218406915664673 1.5412198305130005
v -0.13114094734191895 0.9744295477867126 1.538711428642273
v -0.1153549775481224 0.9821125864982605 1.6035000085830688
v -0.09222924709320068 1.0195000171661377 1.5222291946411133
v -0.011740387417376041 1.0087788105010986 1.5357595682144165
v -0.11470481008291245 1.0187349319458008 1.51320481300354
v -0.09521474689245224 0.9904999732971191 1.545072078704834
v -0.06576501578092575 0.9890000224113464 1.5241174697875977
v -0.13408730924129486 0.9754497408866882 1.57622492313385
v -0.09512500464916229 0.9693750143051147 1.5593750476837158
v -0.14431321620941162 1.095186710357666 1.5388553142547607
v -0.054550331085920334 0.9854999780654907 1.5870503187179565
v -0.04516185447573662 0.9883872866630554 1.5092253684997559
v -0.11966398358345032 0.9749453663825989 1.5246639251708984
v -0.09060194343328476 0.9725340008735657 1.528432011604309
v -0.1439424753189087 1.0352566242218018 1.5383716821670532
v -0.03498592972755432 0.9624859094619751 1.5410703420639038
v -0.14108239114284515 0.9782059788703918 1.5424587726593018
v -0.015018805861473083 1.0026353597640991 1.5356541872024536
v -0.13567638397216797 1.0902354717254639 1.5129117965698242
v -0.10918367654085159 1.0562448501586914 1.4901224374771118
v -0.12246940284967422 0.989625871181488 1.5934693813323975
v -0.07141826301813126 1.016081690788269 1.483716368675232
v -0.1032838448882103 0.9725000262260437 1.5073920488357544
v -0.04899647459387779 0.965996503829956 1.5230035781860352
v -0.060999996960163116 0.9605762362480164 1.5850762128829956
v -0.10593064874410629 1.0984653234481812 1.4994653463363647
v -0.10645175725221634 1.0544517040252686 1.4900120496749878
v -0.08550000190734863 1.0102925300598145 1.5255000591278076
v -0.11885107308626175 1.038574457168579 1.6216117143630981
v -0.11908780783414841 0.9748625755310059 1.523950457572937
v -0.04586382582783699 1.027284026145935 1.497568130493164
v -0.12713824212551117 1.0204999446868896 1.5324573516845703
v -0.15695689618587494 1.0669138431549072 1.5612715482711792
v -0.1195979118347168 1.0043915510177612 1.5834020376205444
v -0.10660505294799805 0.9915798306465149 1.5043948888778687
v -0.0559999980032444 0.9660000205039978 1.5575147867202759
v -0.09049999713897705 0.9674475789070129 1.6089476346969604
v -0.14666201174259186 1.0923784971237183 1.5436619520187378
v -0.11740923672914505 1.0310461521148682 1.5154091119766235
v -0.058096084743738174 1.000355839729309 1.493596076965332
v -0.07873465120792389 0.9924218058586121 1.5757653713226318
v -0.09412714093923569 0.971754252910614 1.4951186180114746
v -0.10910391807556152 1.056138515472412 1.4900692701339722
v -0.0799030140042305 0.9833806157112122 1.6066417694091797
v -0.11500000208616257 1.01787269115448 1.5154999494552612
v -0.055000003427267075 1.0105092525482178 1.4892981052398682
v -0.1288718730211258 0.9913843870162964 1.531628131866455
v -0.03504880890250206 1.03147554397583 1.5052133798599243
v -0.10649999976158142 1.0392029285430908 1.541074275970459
v -0.054104678332805634 0.9744765758514404 1.5866047143936157
v -0.09126196056604385 0.9950873255729675 1.5986506938934326
v -0.11771932244300842 0.968500018119812 1.5896871089935303
v -0.06491006165742874 0.996999979019165 1.589884877204895
v -0.009349934756755829 1.0384999513626099 1.5271600484848022
v -0.113729327917099 0.990770697593689 1.5728946924209595
v -0.08072050660848618 0.967360258102417 1.5737794637680054
v -0.15097357332706451 1.0364207029342651 1.565500020980835
v -0.10130411386489868 1.0037603378295898 1.5994999408721924
v -0.13479723036289215 0.9765944480895996 1.577094554901123
v -0.03099999763071537 1.0123097896575928 1.5428380966186523
v -0.10787919163703918 0.9900000095367432 1.5578792095184326
v -0.056031156331300735 0.9642655849456787 1.515734314918518
v -0.1370566487312317 1.0894088745117188 1.5564433336257935
v -0.10300000011920929 1.0301116704940796 1.6038057804107666
v -0.11229220032691956 1.0612229108810425 1.4919307231903076
v -0.13480064272880554 0.9960996508598328 1.54080069065094
v -0.0396130308508873 0.9995478987693787 1.5087260007858276
v -0.09562540054321289 0.984499990940094 1.6144373416900635
v -0.11392372101545334 1.0410254001617432 1.6250762939453125
v -0.1362469494342804 1.0104817152023315 1.5425000190734863
v -0.028309542685747147 1.0012856721878052 1.527809500694275
v -0.012404310517013073 1.0305215120315552 1.513595700263977
v -0.051859863102436066 0.9664299488067627 1.5216401815414429
v -0.036739472299814224 0.984746515750885 1.5667394399642944
v -0.11352169513702393 0.9721811413764954 1.5166376829147339
v -0.024975156411528587 0.9825248718261719 1.547450304031372
v -0.1245536059141159 0.9975000023841858 1.5296071767807007
v -0.09049999713897705 0.9677457809448242 1.609245777130127
v -0.084645114839077 1.0199999809265137 1.513467788696289
v -0.11524993181228638 1.0127496719360352 1.627249836921692
v -0.15581822395324707 1.0817726850509644 1.553227424621582
v -0.08598927408456802 0.9954999685287476 1.6018476486206055
v -0.07745221257209778 0.9795956015586853 1.490726113319397
v -0.12412960082292557 0.9695000052452087 1.5843703746795654
v -0.08055922389030457 0.9678815603256226 1.4986777305603027
v -0.08045691251754761 0.9701523184776306 1.503847599029541
v -0.0967802107334137 1.0356812477111816 1.493499994277954
v -0.07749160379171371 0.9664999842643738 1.5765084028244019
v -0.14527353644371033 1.03936767578125 1.5372264385223389
v -0.09888850152492523 0.9948704838752747 1.5886114835739136
v -0.10185153782367706 1.0497031211853027 1.492148518562317
v -0.06657128781080246 1.0037860870361328 1.5130712985992432
v -0.05476392060518265 0.9938090443611145 1.5616180896759033
v -0.040423329919576645 0.9624999761581421 1.5623849630355835
v -0.073577381670475 0.9884999990463257 1.4922113418579102
v -0.08250642567873001 0.9854999780654907 1.6079025268554688
v -0.05665626749396324 0.9884999990463257 1.5288958549499512
v -0.10452064871788025 0.99049311876297 1.554020643234253
v -0.028531743213534355 0.9860158562660217 1.5249682664871216
v -0.1147417277097702 0.9735000133514404 1.5181208848953247
v -0.014253685250878334 1.0372015237808228 1.5264999866485596
v -0.1386203169822693 1.0215507745742798 1.6109999418258667
v -0.026419861242175102 0.9728205800056458 1.5429999828338623
v -0.07811424136161804 1.00331449508667 1.4841142892837524
v -0.12281733751296997 1.0379999876022339 1.6177738904953003
v -0.05593891814351082 0.9891462922096252 1.5002074241638184
v -0.13749662041664124 0.9959999918937683 1.5434931516647339
v -0.08069310337305069 0.9702310562133789 1.5037689208984375
v -0.03446720913052559 0.9903442859649658 1.5420328378677368
v -0.15199236571788788 1.0409694910049438 1.565500020980835
v -0.0719110295176506 1.0228630304336548 1.502500057220459
v -0.06459400802850723 0.9660469889640808 1.5159529447555542
v -0.13903388381004333 0.9957330822944641 1.5460678339004517
v -0.139698326587677 0.9960978031158447 1.580798864364624
v -0.14024300873279572 1.02851402759552 1.593271017074585
v -0.10515011101961136 0.9714751839637756 1.507199764251709
v -0.03491845726966858 0.9624184370040894 1.5414077043533325
v -0.09300000220537186 1.0000475645065308 1.6195118427276611
v -0.05147659406065941 0.9903361201286316 1.5290234088897705
v -0.013515552505850792 1.0167111158370972 1.5167577266693115
v -0.03550000488758087 0.9619787335395813 1.5500637292861938
v -0.04308785870671272 0.995043933391571 1.571455955505371
v -0.08893304318189621 0.9681443572044373 1.565066933631897
v -0.09300000220537186 0.9684455990791321 1.5012177228927612
v -0.0669422447681427 1.0026733875274658 1.5134422779083252
v -0.06689871102571487 0.9657995700836182 1.5118987560272217
v -0.08341849595308304 1.0740925073623657 1.4780000448226929
v -0.12919601798057556 1.0559799671173096 1.5134999752044678
v -0.11807678639888763 0.9888848066329956 1.5123847723007202
v -0.13120335340499878 0.9919999837875366 1.5908955335617065
v -0.11500000208616257 1.0217890739440918 1.515427589416504
v -0.0911632850766182 0.9648367166519165 1.603346824645996
v -0.1353028118610382 0.9785140156745911 1.5784084796905518
v -0.03471694886684418 0.984000027179718 1.5636508464813232
v -0.13003237545490265 0.9708441495895386 1.5726882219314575
v -0.06980116665363312 0.9633011817932129 1.5840482711791992
v -0.09115249663591385 0.972000002861023 1.502500057220459
v -0.12508945167064667 1.1013973951339722 1.5208078622817993
v -0.14425984025001526 1.0217533111572266 1.5547598600387573
v -0.15383848547935486 1.0216615200042725 1.5694923400878906
v -0.03998159244656563 0.9879999756813049 1.5126789808273315
v -0.15696728229522705 1.066934585571289 1.561266303062439
v -0.12275905907154083 1.1009999513626099 1.5225557088851929
v -0.14075177907943726 1.0277482271194458 1.5914928913116455
v -0.0983821451663971 1.0434553623199463 1.4938089847564697
v -0.05099209025502205 0.9950000047683716 1.5646309852600098
v -0.1304071843624115 1.000814437866211 1.601610779762268
v -0.03998451307415962 0.9980619549751282 1.5094690322875977
v -0.13004082441329956 1.0621020793914795 1.559499979019165
v -0.07762879133224487 0.9927904009819031 1.5771615505218506
v -0.0876450315117836 1.0827901363372803 1.4811450242996216
v -0.0713939517736435 0.9646313190460205 1.5821059942245483
v -0.052554499357938766 1.0257364511489868 1.4947364330291748
v -0.1326880156993866 0.9712293148040771 1.5485413074493408
v -0.07208921015262604 0.9747323989868164 1.6030000448226929
v -0.08254792541265488 0.9917260408401489 1.5721780061721802
v -0.13252198696136475 1.0048049688339233 1.6040220260620117
v -0.06019611656665802 0.9652320146560669 1.5130358934402466
v -0.12812067568302155 0.9750000238418579 1.5347414016723633
v -0.05860909819602966 0.9894999861717224 1.498293161392212
v -0.11600000411272049 0.9798840284347534 1.6030893325805664
v -0.14609110355377197 1.042864441871643 1.5359089374542236
v -0.09268932789564133 1.0134320259094238 1.6226212978363037
v -0.13650000095367432 0.9710000157356262 1.5570802688598633
v -0.15144670009613037 1.0878688097000122 1.548631191253662
v -0.15466070175170898 1.0208392143249512 1.5680179595947266
v -0.12946394085884094 1.0573196411132812 1.5134999752044678
v -0.12728726863861084 0.9673618078231812 1.5561490058898926
v -0.1475852131843567 0.9952556490898132 1.5605000257492065
v -0.005597262643277645 1.0208054780960083 1.5360972881317139
v -0.12785613536834717 1.0544244050979614 1.5601438283920288
v -0.07665295898914337 1.014551043510437 1.4839999675750732
v -0.02385821007192135 0.9915223717689514 1.555641770362854
v -0.028847552835941315 1.027131199836731 1.539847493171692
v -0.13950029015541077 0.9710001349449158 1.562000036239624
v -0.10951180011034012 0.9865039587020874 1.608492136001587
v -0.12554942071437836 0.9711482524871826 1.5309505462646484
v -0.1440119594335556 0.9947440028190613 1.5555238723754883
v -0.09049999713897705 0.9721589684486389 1.6120530366897583
v -0.004687461536377668 1.0321874618530273 1.5291093587875366
v -0.09549999982118607 0.9828413724899292 1.488539695739746
v -0.08756360411643982 1.0621590614318848 1.5159682035446167
v -0.1089140996336937 0.9671380519866943 1.5967239141464233
v -0.1482793539762497 1.0219999551773071 1.5582793951034546
v -0.09254437685012817 1.0261331796646118 1.6290442943572998
v -0.1207236796617508 1.1009999513626099 1.524017572402954
v -0.0808853879570961 0.9890730977058411 1.4877707958221436
v -0.12687698006629944 0.9750000238418579 1.5325653553009033
v -0.09661629050970078 1.034077525138855 1.632538914680481
v -0.10980242490768433 0.9658024311065674 1.5908024311065674
v -0.059087496250867844 0.994391679763794 1.5953041315078735
v -0.10828899592161179 0.9781835079193115 1.5031055212020874
v -0.0786527618765831 0.9765416979789734 1.4915000200271606
v -0.08399999886751175 1.034868597984314 1.5169999599456787
v -0.054499998688697815 0.9720181226730347 1.5872409343719482
v -0.10562106966972351 0.9933183789253235 1.5053789615631104
v -0.048960551619529724 0.9629999995231628 1.5741908550262451
v -0.032990824431180954 0.987500011920929 1.5190091133117676
v -0.12674573063850403 1.0019094944000244 1.5670819282531738
v -0.06224094331264496 0.9940181374549866 1.4982409477233887
v -0.11704143136739731 1.0205137729644775 1.5545414686203003
v -0.036164090037345886 0.961664080619812 1.553828239440918
v -0.060999996960163116 0.9589369893074036 1.5834369659423828
v -0.1170101910829544 0.9904897809028625 1.5142346620559692
v -0.12753143906593323 0.9750000238418579 1.5335628986358643
v -0.13650000095367432 1.0162019729614258 1.5425000190734863
v -0.1447644680738449 1.009557843208313 1.585028886795044
v -0.09017498791217804 0.9848700165748596 1.6139349937438965
v -0.05535505712032318 0.9639637470245361 1.5160725116729736
v -0.08550000190734863 1.0031169652938843 1.5269765853881836
v -0.02253134734928608 0.9839373230934143 1.539562702178955
v -0.10527989268302917 1.019860029220581 1.5395598411560059
v -0.1185760498046875 1.1032119989395142 1.509932041168213
v -0.1230449303984642 1.0227724313735962 1.5640898942947388
v -0.0019247608724981546 1.0302743911743164 1.5308762788772583
v -0.0986311137676239 0.9847827553749084 1.6129344701766968
v -0.07382898777723312 0.9909999966621399 1.5452532768249512
v -0.0635356679558754 0.9965178370475769 1.5914642810821533
v -0.1018587052822113 0.9852146506309509 1.6117852926254272
v -0.14094699919223785 0.9954999685287476 1.5504205226898193
v -0.029500000178813934 1.0241097211837769 1.54073166847229
v -0.1459999978542328 0.9944999814033508 1.5626658201217651
v -0.07690103352069855 0.9807968735694885 1.490401029586792
v -0.07880100607872009 0.9894999861717224 1.5278010368347168
v -0.09849999845027924 1.0027738809585571 1.5402451753616333
v -0.0994095727801323 0.9999095797538757 1.5992047786712646
v -0.05820149555802345 0.9885503649711609 1.5278992652893066
v -0.13228505849838257 1.0701402425765991 1.559000015258789
v -0.01860104687511921 0.9973652958869934 1.5344326496124268
v -0.0656285360455513 0.9664999842643738 1.515457034111023
v -0.1083478182554245 0.9729999899864197 1.5489346981048584
v -0.042287640273571014 0.9947123527526855 1.5138834714889526
v -0.15481314063072205 1.0797828435897827 1.534500002861023
v -0.09604019671678543 1.0184999704360962 1.4945602416992188
v -0.09186993539333344 0.968500018119812 1.5619200468063354
v -0.1359468400478363 0.9725000262260437 1.5478936433792114
v -0.11739779263734818 1.0992991924285889 1.529802918434143
v -0.11406600475311279 1.0122640132904053 1.5159339904785156
v -0.10455547273159027 0.9965000152587891 1.5093332529067993
v -0.036695871502161026 0.9620000123977661 1.5552834272384644
v -0.06700000166893005 0.9954562187194824 1.51652193069458
v -0.15461328625679016 1.0941933393478394 1.537790060043335
v -0.08150000125169754 1.0368337631225586 1.487133264541626
v -0.07816115021705627 1.0030330419540405 1.484161138534546
v -0.03449999541044235 0.9620000123977661 1.5448613166809082
v -0.06996827572584152 0.9948545098304749 1.5837088823318481
v -0.04209344834089279 1.027500033378601 1.5005549192428589
v -0.11302101612091064 1.0635524988174438 1.4925209283828735
v -0.07418349385261536 0.9657278060913086 1.579816460609436
v -0.030429832637310028 0.9866432547569275 1.5220701694488525
v -0.10190276801586151 1.0959028005599976 1.497601866722107
v -0.1412283331155777 0.9953858256340027 1.5509567260742188
v -0.11948627233505249 1.003944993019104 1.5835000276565552
v -0.13814474642276764 1.0980000495910645 1.5321447849273682
v -0.010894302278757095 1.0114227533340454 1.5364999771118164
v -0.08150000125169754 1.050378441810608 1.4846243858337402
v -0.022990519180893898 0.9926792979240417 1.5565094947814941
v -0.10585007071495056 1.0288995504379272 1.5418500900268555
v -0.07899999618530273 0.9858621954917908 1.6130000352859497
v -0.11972589045763016 0.9884999990463257 1.6007741689682007
v -0.05005480349063873 0.9890000224113464 1.5046300888061523
v -0.055443502962589264 1.0058389902114868 1.4908870458602905
v -0.12410635501146317 0.9691063761711121 1.5323935747146606
v -0.13011465966701508 1.0169585943222046 1.5701147317886353
v -0.06773490458726883 0.9675000309944153 1.5455100536346436
v -0.04137222841382027 0.9626277685165405 1.5703139305114746
v -0.02992447465658188 0.9991006851196289 1.5284748077392578
v -0.12745700776576996 1.100847601890564 1.51904296875
v -0.0326615609228611 0.9968384504318237 1.528887152671814
v -0.08550000190734863 1.0022121667861938 1.5267373323440552
v -0.09408118575811386 0.9944999814033508 1.497581124305725
v -0.11400000005960464 1.0107890367507935 1.5557843446731567
v -0.13238251209259033 0.9736174941062927 1.5407650470733643
v -0.09485474973917007 1.0184999704360962 1.4937365055084229
v -0.10480640828609467 0.9934999942779541 1.5826935768127441
v -0.04911566153168678 0.9856156706809998 1.5328843593597412
v -0.08868522197008133 0.9940000176429749 1.4941234588623047
v -0.1256420910358429 1.020321011543274 1.5838210582733154
v -0.13789257407188416 0.9935888648033142 1.5796962976455688
v -0.029500000178813934 1.0225164890289307 1.5409972667694092
v -0.027477677911520004 0.9854999780654907 1.5265297889709473
v -0.026550792157649994 0.9702968597412109 1.5429999828338623
v -0.041204459965229034 0.9624999761581421 1.5632044076919556
v -0.11087825894355774 0.9918739199638367 1.576995611190796
v -0.15608574450016022 1.0639287233352661 1.5619142055511475
v -0.03599999472498894 0.972997784614563 1.5706673860549927
v -0.08049999922513962 0.9703128337860107 1.4951871633529663
v -0.1255292445421219 0.9993723034858704 1.566499948501587
v -0.09349305927753448 0.965499997138977 1.6024999618530273
v -0.11455916613340378 1.0678550004959106 1.4935591220855713
v -0.03049999289214611 0.994916558265686 1.5464305877685547
v -0.041203439235687256 0.9879999756813049 1.511864423751831
v -0.05453800782561302 0.9890000224113464 1.5301154851913452
v -0.06876260042190552 1.0230000019073486 1.5010000467300415
v -0.1351892203092575 1.0911215543746948 1.5133107900619507
v -0.11474897712469101 1.018749713897705 1.5132490396499634
v -0.03843020275235176 0.98985755443573 1.5387848615646362
v -0.08150000125169754 1.0279616117477417 1.4896076917648315
v -0.03049999289214611 0.9905526638031006 1.546741247177124
v -0.11588837206363678 1.0190000534057617 1.5143884420394897
v -0.11719771474599838 1.0394011735916138 1.6228517293930054
v -0.09001191705465317 0.972000002861023 1.502500057220459
v -0.057874489575624466 0.9811862111091614 1.4979372024536133
v -0.12423262000083923 0.9969304800033569 1.566499948501587
v -0.13714581727981567 1.030177116394043 1.5995312929153442
v -0.1430426687002182 1.0264999866485596 1.5873292684555054
v -0.12998317182064056 1.0604664087295532 1.5140000581741333
v -0.13458910584449768 0.9729554653167725 1.5447227954864502
v -0.07900209724903107 0.9925020933151245 1.611494779586792
v -0.14438912272453308 1.0260000228881836 1.5824434757232666
v -0.02398153953254223 1.0050184726715088 1.5246543884277344
v -0.08825046569108963 0.9679999947547913 1.5657495260238647
v -0.12572859227657318 0.9943429231643677 1.5972286462783813
v -0.1013551875948906 0.9725000262260437 1.5064517259597778
v -0.13050000369548798 1.0198917388916016 1.570847988128662
v -0.10701179504394531 1.0195000171661377 1.5417588949203491
v -0.08036582916975021 0.9671829342842102 1.574134111404419
v -0.15199999511241913 1.0418872833251953 1.565500020980835
v -0.03049999289214611 0.9933140873908997 1.5464999675750732
v -0.07617504894733429 0.9697937369346619 1.5054124593734741
v -0.08249999582767487 1.0694400072097778 1.4781399965286255
v -0.11333249509334564 0.9871108531951904 1.6057782173156738
v -0.07199658453464508 0.96312415599823 1.5942482948303223
v -0.1017848327755928 1.0199999809265137 1.5350464582443237
v -0.13432356715202332 1.0837942361831665 1.5579999685287476
v -0.10518869757652283 1.1030000448226929 1.5038866996765137
v -0.13064636290073395 1.0204999446868896 1.5371463298797607
v -0.04394999518990517 0.9610249996185303 1.5687874555587769
v -0.0711456835269928 0.9894999861717224 1.5234999656677246
v -0.13505049049854279 0.9772524237632751 1.5776515007019043
v -0.080162413418293 1.0155404806137085 1.4835811853408813
v -0.12416375428438187 1.1014454364776611 1.5162183046340942
v -0.09549999982118607 0.9829111695289612 1.4885221719741821
v -0.10500313341617584 0.9970041513442993 1.616502046585083
v -0.0046469662338495255 1.03214693069458 1.529139757156372
v -0.10492058098316193 0.9934999942779541 1.5825793743133545
v -0.1366281658411026 0.9916922450065613 1.578192114830017
v -0.056709758937358856 1.0035804510116577 1.4917097091674805
v -0.10089199990034103 0.9959999918937683 1.5047613382339478
v -0.08000914007425308 0.9929634928703308 1.486018180847168
v -0.10756924003362656 0.9929999709129333 1.5804076194763184
v -0.05150000378489494 0.9956300854682922 1.528052806854248
v -0.06983224302530289 0.9679999947547913 1.508445143699646
v -0.08961635828018188 0.9725000262260437 1.529089093208313
v -0.10847622901201248 0.9734920859336853 1.5124762058258057
v -0.13464197516441345 1.0326789617538452 1.6040370464324951
v -0.0925000011920929 1.0244343280792236 1.6284562349319458
v -0.1237604022026062 1.0410207509994507 1.5128698348999023
v -0.1034400686621666 0.9902602434158325 1.6123801469802856
v -0.09549999982118607 0.9772729277610779 1.4911514520645142
v -0.11234863847494125 0.9679242968559265 1.5941513776779175
v -0.12722834944725037 1.05218505859375 1.5607717037200928
v -0.13718807697296143 0.9925321340560913 1.579032063484192
v -0.13342949748039246 0.9702147245407104 1.5618926286697388
v -0.13329824805259705 1.0204999446868896 1.5406973361968994
v -0.06920409202575684 1.0177652835845947 1.4842653274536133
v -0.0419408455491066 0.9624999761581421 1.5641613006591797
v -0.0738421380519867 1.013657808303833 1.4835000038146973
v -0.08822152763605118 0.9679999947547913 1.5657784938812256
v -0.08025678247213364 0.9906284213066101 1.4893141984939575
v -0.10380274802446365 1.0199999809265137 1.5378026962280273
v -0.06324389576911926 0.9662479758262634 1.5117520093917847
v -0.1203436478972435 0.9747188091278076 1.525343656539917
v -0.12897081673145294 1.0548831224441528 1.5134707689285278
v -0.0567617304623127 0.9894205927848816 1.4996588230133057
v -0.13135820627212524 1.0659327507019043 1.559499979019165
v -0.10218477249145508 1.1006847620010376 1.5063152313232422
v -0.008881251327693462 1.0158250331878662 1.5364999771118164
v -0.09255915880203247 1.0821479558944702 1.5124703645706177
v -0.13650000095367432 0.9710000157356262 1.5535187721252441
v -0.14635427296161652 0.9795829057693481 1.5636457204818726
v -0.1459999978542328 0.9944999814033508 1.5651639699935913
v -0.12060119956731796 1.0219999551773071 1.5592023134231567
v -0.024990225210785866 0.9890097975730896 1.531499981880188
v -0.009728587232530117 1.0384999513626099 1.5270085334777832
v -0.0630987212061882 0.9891337752342224 1.496000051498413
v -0.15018387138843536 1.0018677711486816 1.559499979019165
v -0.11780047416687012 1.0855023860931396 1.49399995803833
v -0.11555785685777664 0.9755578637123108 1.600557804107666
v -0.11835432052612305 1.038822889328003 1.6219842433929443
v -0.11836618930101395 1.0879647731781006 1.49399995803833
v -0.11400000005960464 1.0278737545013428 1.6355623006820679
v -0.058500003069639206 0.9739612936973572 1.499525785446167
v -0.04333929345011711 0.9916607141494751 1.5359821319580078
v -0.1371343582868576 1.0301828384399414 1.5995484590530396
v -0.1189747229218483 1.0385125875473022 1.6215189695358276
v -0.09364147484302521 0.9688804745674133 1.5607390403747559
v -0.05645744875073433 0.9629999995231628 1.584957480430603
v -0.03099999763071537 1.0088365077972412 1.5438878536224365
v -0.07164251059293747 0.9856191873550415 1.600642442703247
v -0.105990469455719 0.9927642941474915 1.5050095319747925
v -0.0791550874710083 0.9750347137451172 1.4918102025985718
v -0.09200000017881393 1.0175365209579468 1.6245145797729492
v -0.005321665201336145 1.0328216552734375 1.528633713722229
v -0.1369868516921997 0.9925000071525574 1.583269715309143
v -0.1463220864534378 1.0224194526672363 1.5567415952682495
v -0.13100284337997437 1.0645112991333008 1.559499979019165
v -0.11829333007335663 0.9940866827964783 1.5848532915115356
v -0.12914834916591644 1.0557416677474976 1.5134999752044678
v -0.061763543635606766 0.9958423376083374 1.5932365655899048
v -0.15217988193035126 1.0872302055358887 1.5491799116134644
v -0.08399999886751175 1.0422316789627075 1.5180000066757202
v -0.08288158476352692 0.972000002861023 1.533618450164795
v -0.060866884887218475 0.995244562625885 1.5941330194473267
v -0.12043392658233643 1.0374339818954468 1.5135165452957153
v -0.10687296837568283 0.9993729591369629 1.6177486181259155
v -0.11539439111948013 0.9737887978553772 1.5132112503051758
v -0.06424520909786224 0.9887515902519226 1.4957516193389893
v -0.09349999576807022 0.9664999842643738 1.5084527730941772
v -0.10305072367191315 0.9712004661560059 1.5532995462417603
v -0.04792927950620651 1.0226414203643799 1.5188939571380615
v -0.1279200315475464 1.0546799898147583 1.5600799322128296
v -0.03139038011431694 0.9908475875854492 1.5471525192260742
v -0.11303077638149261 1.0184999704360962 1.5121768712997437
v -0.10673496127128601 0.972867488861084 1.5107349157333374
v -0.08283363282680511 1.019332766532898 1.4928336143493652
v -0.04070206359028816 0.9879999756813049 1.512198567390442
v -0.11507625877857208 1.0707287788391113 1.49399995803833
v -0.1459999978542328 0.9944999814033508 1.5620263814926147
v -0.09100034832954407 1.0770020484924316 1.5130000114440918
v -0.037076015025377274 1.0081959962844849 1.5031520128250122
v -0.03099999763071537 1.011521339416504 1.5429956912994385
v -0.039982885122299194 0.9695256352424622 1.516482949256897
v -0.0981568843126297 1.0428922176361084 1.4939215183258057
v -0.13176113367080688 1.0678056478500366 1.5592389106750488
v -0.1240718811750412 1.0180718898773193 1.583285927772522
v -0.0775744616985321 0.9639999866485596 1.5975372791290283
v -0.11109460145235062 0.9710315465927124 1.519873857498169
v -0.07936716079711914 0.9922109246253967 1.5751328468322754
v -0.12926062941551208 1.0997394323349 1.5172393321990967
v -0.13904929161071777 1.0225986242294312 1.6109505891799927
v -0.11718891561031342 1.09981107711792 1.4971555471420288
v -0.1254117339849472 0.9708675742149353 1.5310882329940796
v -0.05227479711174965 1.0103511810302734 1.5268243551254272
v -0.1457192450761795 1.0413769483566284 1.5365614891052246
v -0.12791353464126587 1.0546541213989258 1.5600863695144653
v -0.10593896359205246 1.0422441959381104 1.5414389371871948
v -0.13599999248981476 0.9716759920120239 1.558716058731079
v -0.049924492835998535 0.9660000205039978 1.5227688550949097
v -0.11928874254226685 1.1028556823730469 1.5104665756225586
v -0.09400000423192978 0.992249071598053 1.616999626159668
v -0.09096671640872955 0.9950000047683716 1.5990443229675293
v -0.10679006576538086 1.063816785812378 1.5399999618530273
v -0.036032769829034805 0.975131094455719 1.5704344511032104
v -0.12540000677108765 0.9906333088874817 1.5958666801452637
v -0.15797048807144165 1.0698820352554321 1.5605294704437256
v -0.07040847837924957 1.0230000019073486 1.5016814470291138
v -0.07511995732784271 0.9660700559616089 1.6030000448226929
v -0.044038787484169006 0.9858462810516357 1.5765388011932373
v -0.1289999932050705 1.0114177465438843 1.5688544511795044
v -0.038643982261419296 1.0020681619644165 1.5067880153656006
v -0.08150795102119446 0.9819522500038147 1.4920159578323364
v -0.02710329182446003 0.987637996673584 1.5521553754806519
v -0.03607245534658432 0.9752898216247559 1.5703550577163696
v -0.08613526821136475 0.9928176403045654 1.4926352500915527
v -0.004153232090175152 1.0238467454910278 1.5360376834869385
v -0.13521438837051392 0.9915000200271606 1.5863927602767944
v -0.016000987961888313 1.0124993324279785 1.5190004110336304
v -0.11606824398040771 1.0257048606872559 1.5149999856948853
v -0.09730932861566544 1.0379279851913452 1.4938093423843384
v -0.13412006199359894 1.009980320930481 1.607240080833435
v -0.1297615021467209 1.0153075456619263 1.5697615146636963
v -0.15035171806812286 1.0022034645080566 1.559499979019165
v -0.12355448305606842 0.9685544967651367 1.5329455137252808
v -0.09671083837747574 1.092132568359375 1.5115000009536743
v -0.03883953019976616 0.9655802249908447 1.571080207824707
v -0.11807963997125626 0.9745265245437622 1.5226061344146729
v -0.012445827946066856 1.019716739654541 1.5154457092285156
v -0.13696829974651337 1.0875951051712036 1.5120316743850708
v -0.07385818660259247 0.9894999861717224 1.5242860317230225
v -0.1392975151538849 1.0230950117111206 1.610702395439148
v -0.10460350662469864 0.9934999942779541 1.58289635181427
v -0.12858855724334717 1.0533541440963745 1.513088583946228
v -0.03099999763071537 1.0120213031768799 1.542895793914795
v -0.11447722464799881 0.9904999732971191 1.5708633661270142
v -0.09849999845027924 1.0051770210266113 1.5399999618530273
v -0.049394309520721436 0.9953685402870178 1.5657371282577515
v -0.07965673506259918 0.9833313226699829 1.6064940690994263
v -0.10071082413196564 1.047566294670105 1.4931446313858032
v -0.02653091959655285 1.0327036380767822 1.5383981466293335
v -0.14988583326339722 1.0897283554077148 1.5470787286758423
v -0.12236074358224869 1.0389809608459473 1.513379693031311
v -0.13218094408512115 1.0039523839950562 1.603680968284607
v -0.09941498190164566 0.9999150037765503 1.5992074012756348
v -0.1259794980287552 1.0204896926879883 1.5839897394180298
v -0.08200940489768982 0.9789811968803406 1.492981195449829
v -0.11897540837526321 0.9834016561508179 1.5095245838165283
v -0.09349999576807022 0.9664999842643738 1.5089497566223145
v -0.07803785055875778 0.9783864617347717 1.4910379648208618
v -0.15241310000419617 1.0210000276565552 1.562369704246521
v -0.04546248912811279 0.9954999685287476 1.5685625076293945
v -0.14270518720149994 1.0335577726364136 1.5391473770141602
v -0.1207900196313858 1.0202633142471313 1.5210533142089844
v -0.07374125719070435 0.9854999780654907 1.602660894393921
v -0.1028476282954216 0.9877381324768066 1.6113475561141968
v -0.12435658276081085 1.0422132015228271 1.5125716924667358
v -0.13500209152698517 1.01250422000885 1.6085021495819092
v -0.05249999836087227 1.0067758560180664 1.527500033378601
v -0.12597523629665375 0.9947128891944885 1.597475290298462
v -0.08039310574531555 0.9919999837875366 1.5742051601409912
v -0.12008395045995712 1.1024999618530273 1.5111678838729858
v -0.1475851833820343 1.0533406734466553 1.5355000495910645
v -0.002806887961924076 1.0251930952072144 1.5346287488937378
v -0.08629308640956879 0.9909267425537109 1.5682069063186646
v -0.057605620473623276 0.9894999861717224 1.499045729637146
v -0.09933914989233017 0.9903042316436768 1.5974825620651245
v -0.12302418798208237 1.0379879474639893 1.6174757480621338
v -0.10998561233282089 0.9659855961799622 1.590985655784607
v -0.1150636374950409 1.0223090648651123 1.6328727006912231
v -0.059843577444553375 0.9679846167564392 1.5046870708465576
v -0.10825704783201218 0.987114429473877 1.5028715133666992
v -0.07406792789697647 1.013689398765564 1.484810709953308
v -0.10450000315904617 0.9941514730453491 1.615075707435608
v -0.1109423115849495 0.9918525815010071 1.5769102573394775
v -0.0810866579413414 0.9836533665657043 1.4911733865737915
v -0.027539672330021858 0.9653809666633606 1.5425000190734863
v -0.11823073029518127 0.9886538982391357 1.5121538639068604
v -0.04787633940577507 1.022747278213501 1.5188145637512207
v -0.1381516456604004 1.0851967334747314 1.5119999647140503
v -0.1504310667514801 1.096712589263916 1.5410689115524292
v -0.03168511018157005 0.9919382929801941 1.5443766117095947
v -0.09451472014188766 1.0865294933319092 1.5119999647140503
v -0.11187630891799927 1.0785051584243774 1.5379999876022339
v -0.10052377730607986 1.0946824550628662 1.4966825246810913
v -0.08604473620653152 0.9909887909889221 1.5684552192687988
v -0.10900000482797623 0.9856327176094055 1.502500057220459
v -0.11381673812866211 0.9872722625732422 1.6054555177688599
v -0.11250000447034836 0.9954400062561035 1.55649995803833
v -0.010445637628436089 1.0396673679351807 1.526721715927124
v -0.11400000005960464 1.0071741342544556 1.5175814628601074
v -0.11893071979284286 1.0897921323776245 1.49399995803833
v -0.15619631111621857 1.0919110774993896 1.5361074209213257
v -0.03415854275226593 0.9904471635818481 1.5423414707183838
v -0.14800000190734863 1.0584921836853027 1.5355000495910645
v -0.10091927647590637 1.0993788242340088 1.5075808763504028
v -0.14098688960075378 1.0275131464004517 1.5905524492263794
v -0.10130876302719116 1.0037719011306763 1.5994999408721924
v -0.13801740109920502 1.0740348100662231 1.512241244316101
v -0.1314123570919037 1.0223246812820435 1.5714560747146606
v -0.1314999908208847 1.0234639644622803 1.5718213319778442
v -0.12404841184616089 1.1014838218688965 1.5160645246505737
v -0.12837612628936768 1.0568805932998657 1.559999942779541
v -0.060889795422554016 0.9966652989387512 1.4968347549438477
v -0.1499156653881073 1.0677469968795776 1.5355843305587769
v -0.05895368754863739 0.9824768304824829 1.498238444328308
v -0.023918455466628075 0.9829999804496765 1.5453777313232422
v -0.11372214555740356 0.9735000133514404 1.5172221660614014
v -0.060740917921066284 0.9612590670585632 1.5858886241912842
v -0.14709322154521942 0.9868135452270508 1.5652034282684326
v -0.039010338485240936 0.9654844999313354 1.5709999799728394
v -0.13444247841835022 1.0112699270248413 1.6078850030899048
v -0.14464588463306427 1.0948539972305298 1.5394097566604614
v -0.09651497006416321 1.0195000171661377 1.5280187129974365
v -0.02458474598824978 0.9850000143051147 1.5318304300308228
v -0.1260705590248108 0.972570538520813 1.530429482460022
v -0.1119999960064888 0.9915392994880676 1.55649995803833
v -0.10871588438749313 0.9900000095367432 1.558931827545166
v -0.0871967300772667 1.060483694076538 1.5160000324249268
v -0.10793056339025497 1.1002870798110962 1.5007870197296143
v -0.09849999845027924 1.0052067041397095 1.5399999618530273
v -0.05350000783801079 0.9792773723602295 1.5865000486373901
v -0.12352577596902847 1.0405515432357788 1.5129871368408203
v -0.12067188322544098 1.0379999876022339 1.6203280687332153
v -0.13674265146255493 0.9706485271453857 1.5614999532699585
v -0.10249999910593033 1.0224745273590088 1.6024999618530273
v -0.11971209943294525 1.0048483610153198 1.5832878351211548
v -0.09231704473495483 0.9954389929771423 1.5972439050674438
v -0.030483055859804153 0.9843559265136719 1.5306611061096191
v -0.08738812804222107 1.017944097518921 1.486444115638733
v -0.11813477426767349 0.9779043197631836 1.5103652477264404
v -0.01084531843662262 1.0405000448226929 1.5274308919906616
v -0.1390114575624466 0.9710000157356262 1.5617557764053345
v -0.09641526639461517 0.984499990940094 1.6140424013137817
v -0.09696153551340103 1.036769151687622 1.493499994277954
v -0.0887598842382431 0.9904999732971191 1.5387599468231201
v -0.10493636131286621 1.0184999704360962 1.5046545267105103
v -0.11102530360221863 0.9735000133514404 1.5464746952056885
v -0.07851105183362961 0.9831022024154663 1.605806589126587
v -0.08084705471992493 0.9639999866485596 1.5991156101226807
v -0.09524928778409958 0.9840028285980225 1.4890013933181763
v -0.1398865282535553 1.0921932458877563 1.5529202222824097
v -0.08604814857244492 0.9841370582580566 1.6117740869522095
v -0.11616788059473038 1.097339391708374 1.5316641330718994
v -0.11481984704732895 1.0230404138565063 1.6333602666854858
v -0.05819385498762131 0.9860000014305115 1.5906938314437866
v -0.14245733618736267 0.9950000047683716 1.5529574155807495
v -0.10176269710063934 1.0380719900131226 1.6330000162124634
v -0.10463953018188477 1.1027597188949585 1.5042402744293213
v -0.060999996960163116 0.9587029218673706 1.583202838897705
v -0.13669218122959137 1.088423490524292 1.5123077630996704
v -0.15395334362983704 1.0773833990097046 1.534500002861023
v -0.13893577456474304 0.9710000157356262 1.5617178678512573
v -0.14869087934494019 1.0246182680130005 1.5760456323623657
v -0.12698990106582642 1.0365033149719238 1.6140100955963135
v -0.13076090812683105 1.0639022588729858 1.559499979019165
v -0.023349972441792488 0.9910333752632141 1.5322667360305786
v -0.11437185108661652 1.0889873504638672 1.5347563028335571
v -0.0929775983095169 0.9721193909645081 1.5026195049285889
v -0.044392336159944534 0.9627384543418884 1.5217615365982056
v -0.10034088790416718 0.9658408761024475 1.6016590595245361
v -0.05863989517092705 0.9722901582717896 1.500709891319275
v -0.09428001195192337 0.9904999732971191 1.5438350439071655
v -0.10249999910593033 1.0249731540679932 1.6027432680130005
v -0.10133194923400879 0.994055986404419 1.5861680507659912
v -0.061150986701250076 0.9670000076293945 1.5066510438919067
v -0.12024285644292831 1.0372428894042969 1.5135643482208252
v -0.13639545440673828 0.9922909140586853 1.5844181776046753
v -0.1346626877784729 1.0689940452575684 1.5136686563491821
v -0.10200000554323196 0.9842601418495178 1.6104400157928467
v -0.10303236544132233 1.0178381204605103 1.6014676094055176
v -0.07282808423042297 0.9725157618522644 1.6030000448226929
v -0.08399999886751175 1.0328644514083862 1.5169999599456787
v -0.12423969060182571 1.1011849641799927 1.5214451551437378
v -0.07795240730047226 0.9854999780654907 1.6057261228561401
v -0.06784325838088989 0.9675000309944153 1.5454378128051758
v -0.12823382019996643 0.9935647249221802 1.5325323343276978
v -0.1430273950099945 1.0264999866485596 1.587390422821045
v -0.11895844340324402 0.9837077856063843 1.5095831155776978
v -0.030586231499910355 1.0060173273086548 1.5448275804519653
v -0.11856558173894882 0.9946311712265015 1.5847172737121582
v -0.10527156293392181 1.0406358242034912 1.632364273071289
v -0.09381623566150665 0.9689387679100037 1.5606224536895752
v -0.11565841734409332 1.0727920532226562 1.49399995803833
v -0.14392147958278656 1.0955785512924194 1.5382025241851807
v -0.13042020797729492 1.0613404512405396 1.5140000581741333
v -0.10036013275384903 1.001400351524353 1.5994999408721924
v -0.13799181580543518 1.085516333580017 1.5119999647140503
v -0.11600000411272049 0.9804742932319641 1.6034828424453735
v -0.054499998688697815 0.9718801975250244 1.5873099565505981
v -0.14066004753112793 1.0976699590682983 1.5338300466537476
v -0.10305727273225784 0.9887290596961975 1.6116145849227905
v -0.11250000447034836 0.9946412444114685 1.55649995803833
v -0.1291372925043106 1.0125491619110107 1.5691373348236084
v -0.04285756126046181 0.9921424388885498 1.5373560190200806
v -0.1375349462032318 1.0730699300765991 1.5124825239181519
v -0.13909979164600372 1.0226995944976807 1.6109001636505127
v -0.11782284080982208 0.9927913546562195 1.5851771831512451
v -0.022375015541911125 0.9923332929611206 1.5327082872390747
v -0.1320156753063202 0.9739843010902405 1.5400313138961792
v -0.10056279599666595 0.9704999923706055 1.5549579858779907
v -0.002218318870291114 1.0305728912353516 1.53042733669281
v -0.12063133716583252 0.9975437521934509 1.5255876779556274
v -0.10532838851213455 1.0533283948898315 1.4902929067611694
v -0.058027997612953186 0.9935280084609985 1.5954999923706055
v -0.006351499818265438 1.0192971229553223 1.536851406097412
v -0.0476250946521759 0.9884999990463257 1.5331875085830688
v -0.08150000125169754 1.0370564460754395 1.487088680267334
v -0.12583975493907928 1.0460994243621826 1.5609999895095825
v -0.11293761432170868 1.0832504034042358 1.5370622873306274
v -0.07118657976388931 0.964562177658081 1.5823134183883667
v -0.13398148119449615 1.0094258785247803 1.6069444417953491
v -0.1192159578204155 0.9970719814300537 1.5242159366607666
v -0.07628419250249863 0.9664999842643738 1.5777157545089722
v -0.1442939192056656 0.9755292534828186 1.5627646446228027
v -0.11745886504650116 0.9913354516029358 1.5855411291122437
v -0.09300000220537186 0.968280017375946 1.5018800497055054
v -0.14121092855930328 1.0273945331573486 1.5901836156845093
v -0.07881379872560501 1.0152033567428589 1.4837965965270996
v -0.1311308592557907 0.9718411564826965 1.5736308097839355
v -0.10595119744539261 0.9724512100219727 1.5060487985610962
v -0.13650000095367432 0.971714198589325 1.5505715608596802
v -0.13839836418628693 1.0908983945846558 1.5551015138626099
v -0.10805148631334305 0.9894742369651794 1.565525770187378
v -0.10350000113248825 1.0144059658050537 1.600635290145874
v -0.11147546768188477 1.0768773555755615 1.5380245447158813
v -0.08506806939840317 0.9842159748077393 1.6108521223068237
v -0.08550000190734863 1.0052833557128906 1.526543378829956
v -0.13650000095367432 0.9711053967475891 1.5529731512069702
v -0.11503230035305023 1.0705969333648682 1.49399995803833
v -0.13769705593585968 1.025262713432312 1.5414342880249023
v -0.08700697869062424 1.0595349073410034 1.5160000324249268
v -0.10272563248872757 0.9871281385421753 1.6112256050109863
v -0.03646858409047127 0.9619686007499695 1.5544371604919434
v -0.05444085970520973 0.9854999780654907 1.586940884590149
v -0.062148597091436386 0.9960495233535767 1.5928515195846558
v -0.11266263574361801 1.0621505975723267 1.4921625852584839
v -0.1292961835861206 0.9898152351379395 1.5309076309204102
v -0.13685862720012665 1.0182932615280151 1.5425000190734863
v -0.11381121724843979 1.0655280351638794 1.4933111667633057
v -0.12799999117851257 1.005653738975525 1.5674999952316284
v -0.044594720005989075 0.960702657699585 1.5683039426803589
v -0.10731472820043564 1.0544999837875366 1.4895926713943481
v -0.11065050959587097 0.9891084432601929 1.5666083097457886
v -0.032061245292425156 0.9910204410552979 1.5469796657562256
v -0.08733109384775162 1.0611554384231567 1.5160000324249268
v -0.10835664719343185 0.9734522104263306 1.5123566389083862
v -0.01199509110301733 1.0284901857376099 1.5139976739883423
v -0.07398802787065506 0.9695000052452087 1.540511965751648
v -0.0569927804172039 0.9629999995231628 1.585492730140686
v -0.0664198100566864 0.9965400695800781 1.5876202583312988
v -0.106109619140625 0.9900000095367432 1.5556461811065674
v -0.12232095748186111 0.9938682913780212 1.566499948501587
v -0.07606938481330872 0.9854999780654907 1.604569435119629
v -0.06013385206460953 0.9618661403656006 1.5867992639541626
v -0.09849999845027924 1.0018681287765503 1.5404263734817505
v -0.1293054223060608 0.996999979019165 1.5354580879211426
v -0.03049999289214611 1.002792477607727 1.545451283454895
v -0.10614470392465591 0.9725723266601562 1.5101447105407715
v -0.13351298868656158 1.0332435369491577 1.6059739589691162
v -0.07911042124032974 0.9850000143051147 1.612668752670288
v -0.12482637912034988 0.9929895401000977 1.5963263511657715
v -0.13650000095367432 0.9710000157356262 1.5535582304000854
v -0.08550000190734863 1.011245608329773 1.525254487991333
v -0.09099999815225601 0.9654382467269897 1.6053147315979004
v -0.10998710244894028 1.0714741945266724 1.539756417274475
v -0.12986142933368683 0.9707871675491333 1.572574257850647
v -0.07345923036336899 0.9894999861717224 1.5241531133651733
v -0.026890980079770088 0.9875544905662537 1.531499981880188
v -0.11288200318813324 1.0830280780792236 1.5371179580688477
v -0.11400000005960464 1.0076907873153687 1.517452359199524
v -0.05857137590646744 0.9894999861717224 1.4983214139938354
v -0.10940496623516083 1.070214867591858 1.5399999618530273
v -0.14354313910007477 1.0264568328857422 1.5853705406188965
v -0.0674128383398056 1.01541268825531 1.5099128484725952
v -0.1352410763502121 1.0698214769363403 1.5134196281433105
v -0.0027677917387336493 1.025232195854187 1.5346548557281494
v -0.0774737074971199 0.9709912538528442 1.5380175113677979
v -0.03513570874929428 1.0135929584503174 1.5011357069015503
v -0.026469046249985695 0.975438117980957 1.542765498161316
v -0.0947716236114502 0.9904999732971191 1.5444074869155884
v -0.08150000125169754 1.0542263984680176 1.483386754989624
v -0.03049999289214611 1.0046080350875854 1.5451487302780151
v -0.012732148170471191 1.0405000448226929 1.5270535945892334
v -0.02946481853723526 0.9899648427963257 1.5476783514022827
v -0.05777377635240555 0.9664999842643738 1.5188630819320679
v -0.09614637494087219 1.0184999704360962 1.4947196245193481
v -0.09709233790636063 1.0184999704360962 1.496138572692871
v -0.09516936540603638 1.0878387689590454 1.5119999647140503
v -0.14452995359897614 1.0949699878692627 1.5392166376113892
v -0.14433307945728302 1.0078322887420654 1.584333062171936
v -0.08343943953514099 0.9675000309944153 1.5705605745315552
v -0.1078977882862091 0.9729999899864197 1.5492347478866577
v -0.07071980834007263 0.9680732488632202 1.5078535079956055
v -0.07149999588727951 0.9774602651596069 1.6021798849105835
v -0.10434770584106445 0.9717825651168823 1.5524349212646484
v -0.07430193573236465 0.9692673087120056 1.506232738494873
v -0.1320173293352127 1.0035433769226074 1.6035172939300537
v -0.09549999982118607 0.9810218811035156 1.4889944791793823
v -0.08609499782323837 0.9946900010108948 1.5260000228881836
v -0.035519566386938095 0.9879999756813049 1.5164804458618164
v -0.07849999517202377 0.9904955625534058 1.6118783950805664
v -0.13561414182186127 1.08684241771698 1.5575000047683716
v -0.13018693029880524 1.0003738403320312 1.6012804508209229
v -0.09450354427099228 0.9869858026504517 1.4899964332580566
v -0.06600000709295273 1.0077970027923584 1.511550784111023
v -0.15485210716724396 1.0119084119796753 1.560204267501831
v -0.10638787597417831 0.9921681880950928 1.5046120882034302
v -0.11500000208616257 1.0181657075881958 1.5154999494552612
v -0.10969971865415573 0.9890000224113464 1.566349744796753
v -0.1292971670627594 1.0131887197494507 1.569297194480896
v -0.09940250962972641 1.0971037149429321 1.5090974569320679
v -0.10974468290805817 1.0709893703460693 1.5398776531219482
v -0.0801122784614563 0.9925509095191956 1.4862244129180908
v -0.09849999845027924 1.0040407180786133 1.5399999618530273
v -0.025921687483787537 1.0035521984100342 1.5259478092193604
v -0.12890960276126862 0.9747952222824097 1.5361143350601196
v -0.08318165689706802 0.9917954206466675 1.4905909299850464
v -0.10624957084655762 1.0407521724700928 1.541250467300415
v -0.05728261172771454 0.9860000014305115 1.5897825956344604
v -0.10739854723215103 1.0195000171661377 1.5420489311218262
v -0.08774217218160629 1.0195859670639038 1.5167421102523804
v -0.013530459254980087 1.0166738033294678 1.5167652368545532
v -0.04335569590330124 0.9936442971229553 1.5153075456619263
v -0.14620673656463623 0.9801730513572693 1.5637933015823364
v -0.11121424287557602 0.9735000133514404 1.5462857484817505
v -0.08213351666927338 0.9894999861717224 1.5309503078460693
v -0.1068185344338417 0.9907258749008179 1.5041813850402832
v -0.07909975945949554 0.9752007126808167 1.491699457168579
v -0.12735703587532043 1.0213570594787598 1.5844999551773071
v -0.08150000125169754 1.0480974912643433 1.4850000143051147
v -0.10526777803897858 0.9902440905570984 1.5547677278518677
v -0.09878458827733994 1.028569221496582 1.4953577518463135
v -0.05786064639687538 0.9894999861717224 1.4988545179367065
v -0.12262564897537231 0.9890628457069397 1.598374366760254
v -0.1151595339179039 0.9737976789474487 1.6001595258712769
v -0.09213341772556305 0.972000002861023 1.502500057220459
v -0.1491471230983734 1.0641179084777832 1.5358235836029053
v -0.13945411145687103 0.995772123336792 1.5806360244750977
v -0.027436012402176857 0.9656919836997986 1.5425000190734863
v -0.13679839670658112 1.0881048440933228 1.5122015476226807
v -0.13514001667499542 1.0857800245285034 1.5576800107955933
v -0.1185000017285347 0.9806154370307922 1.5099999904632568
v -0.12531647086143494 1.1014541387557983 1.5206375122070312
v -0.14647014439105988 1.04438054561615 1.5355298519134521
v -0.04861985519528389 0.9629999995231628 1.573679804801941
v -0.09888841211795807 1.0933884382247925 1.4955923557281494
v -0.07265649735927582 0.9687188267707825 1.5067812204360962
v -0.06841184943914413 0.9929999709129333 1.5489410161972046
v -0.1349969357252121 1.0124938488006592 1.608496904373169
v -0.04200210049748421 0.9619989395141602 1.569999098777771
v -0.017076320946216583 0.9993982315063477 1.5349745750427246
v -0.113904669880867 0.9684682488441467 1.5930635929107666
v -0.07831667363643646 1.0020999908447266 1.4843167066574097
v -0.06817202270030975 0.9959139823913574 1.5858279466629028
v -0.13555175065994263 1.0136034488677979 1.6090518236160278
v -0.051573824137449265 0.9950000047683716 1.564194679260254
v -0.13638938963413239 1.071352481842041 1.513036847114563
v -0.06700000166893005 0.997134804725647 1.5157461166381836
v -0.0827951431274414 0.9916024208068848 1.5718071460723877
v -0.12432386726140976 0.9972954988479614 1.566499948501587
v -0.08399999886751175 1.0428475141525269 1.5180000066757202
v -0.13571380078792572 0.9713569283485413 1.5559276342391968
v -0.07160469144582748 0.9630261659622192 1.5940523147583008
v -0.1115034893155098 0.971167802810669 1.5193287134170532
v -0.12881970405578613 0.9789182543754578 1.527999997138977
v -0.10036513954401016 1.0985476970672607 1.5081348419189453
v -0.10827406495809555 1.0552740097045898 1.489758014678955
v -0.1159096360206604 1.0253193378448486 1.5149999856948853
v -0.07015856355428696 1.0173413753509521 1.4839682579040527
v -0.07944674044847488 0.9962663054466248 1.4854466915130615
v -0.15344946086406708 1.0761237144470215 1.534500002861023
v -0.08486152440309525 0.9894999861717224 1.534361481666565
v -0.12033772468566895 1.1024999618530273 1.511675477027893
v -0.15636403858661652 1.0653201341629028 1.561635971069336
v -0.11959873884916306 1.0195987224578857 1.5187962055206299
v -0.027321144938468933 0.9875073432922363 1.551850438117981
v -0.08098801225423813 0.9909939765930176 1.4894969463348389
v -0.1330573856830597 1.077786922454834 1.558500051498413
v -0.0820000022649765 1.062576174736023 1.480711817741394
v -0.07692290842533112 1.021288514137268 1.5048457384109497
v -0.05952693149447441 0.9684596061706543 1.5040538311004639
v -0.08899546414613724 0.9725000262260437 1.5295029878616333
v -0.12818506360054016 0.9695000052452087 1.579129934310913
v -0.08278250694274902 1.0161956548690796 1.4845000505447388
v -0.07961387187242508 0.9668712615966797 1.57475745677948
v -0.08693773299455643 0.9901094436645508 1.5369377136230469
v -0.024634161964058876 0.9850000143051147 1.5317316055297852
v -0.12657363712787628 1.0016226768493652 1.5670245885849
v -0.1336100697517395 1.0984779596328735 1.5285660028457642
v -0.08639638870954514 0.9842240810394287 1.6119481325149536
v -0.11469714343547821 0.9900000095367432 1.5670000314712524
v -0.08868046849966049 1.0195000171661377 1.518020749092102
v -0.10957517474889755 1.0195000171661377 1.5448627471923828
v -0.04302539303898811 0.9614872932434082 1.5694808959960938
v -0.10788202285766602 0.9732940196990967 1.5118820667266846
v -0.030808646231889725 1.0073518753051758 1.5443826913833618
v -0.13650000095367432 1.014932632446289 1.5425000190734863
v -0.11502065509557724 1.0116032361984253 1.6265619993209839
v -0.03472192957997322 0.9622219204902649 1.54239022731781
v -0.09614630043506622 0.9695000052452087 1.5583536624908447
v -0.09423325210809708 1.0184999704360962 1.4930999279022217
v -0.145576611161232 1.0965765714645386 1.5460644960403442
v -0.09099999815225601 0.965412974357605 1.6052390336990356
v -0.10313966125249863 1.1016396284103394 1.5053603649139404
v -0.10249999910593033 1.022314190864563 1.6024999618530273
v -0.13031533360481262 1.0177613496780396 1.5703153610229492
v -0.11722942441701889 1.0806471109390259 1.493499994277954
v -0.1141386553645134 0.9735000133514404 1.5176386833190918
v -0.10689976066350937 1.0195000171661377 1.5416748523712158
v -0.08031334728002548 0.9710599780082703 1.4946266412734985
v -0.09549999982118607 0.9778448939323425 1.4906551837921143
v -0.08109073340892792 0.9946476817131042 1.6077615022659302
v -0.11843111366033554 1.0981032848358154 1.4960689544677734
v -0.10434947907924652 1.0323009490966797 1.603725790977478
v -0.09149178862571716 1.0195000171661377 1.5214917659759521
v -0.13235142827033997 0.9700000286102295 1.5750313997268677
v -0.13868743181228638 1.0753748416900635 1.5119999647140503
v -0.03464684262871742 0.9941375255584717 1.5292843580245972
v -0.1100536659359932 1.0033304691314697 1.620553731918335
v -0.1368352770805359 0.9706670641899109 1.5614999532699585
v -0.1011941209435463 1.099694013595581 1.5073059797286987
v -0.1151488870382309 1.0237977504730225 1.5149999856948853
v -0.003953459206968546 1.024046540260315 1.5357712507247925
v -0.09638861566781998 0.9904999732971191 1.5460923910140991
v -0.1422581970691681 0.9829508066177368 1.5422418117523193
v -0.0490238256752491 0.9954920411109924 1.5659841299057007
v -0.05834914743900299 0.9860000014305115 1.5908491611480713
v -0.1299358308315277 1.0618395805358887 1.5595320463180542
v -0.09342674911022186 0.9890732765197754 1.49379301071167
v -0.09300000220537186 0.9680787920951843 1.5026848316192627
v -0.04329906776547432 0.9917009472846985 1.5361027717590332
v -0.028369734063744545 0.9866302609443665 1.5313152074813843
v -0.10688354820013046 1.0195000171661377 1.5416626930236816
v -0.05837184563279152 0.9999422430992126 1.493871808052063
v -0.11412364989519119 0.9904999732971191 1.5709999799728394
v -0.09628315269947052 0.9954999685287476 1.591575264930725
v -0.12984642386436462 0.996999979019165 1.5362696647644043
v -0.1069202795624733 1.0372101068496704 1.6040266752243042
v -0.07642914354801178 1.0082125663757324 1.4839999675750732
v -0.13499999046325684 0.9700000286102295 1.56951105594635
v -0.13957758247852325 0.9954999685287476 1.547310471534729
v -0.10492418706417084 1.0184999704360962 1.5046361684799194
v -0.0385589674115181 0.9622794985771179 1.5588384866714478
v -0.11299069225788116 0.9902453422546387 1.565981388092041
v -0.06116316094994545 0.9954420924186707 1.593836784362793
v -0.08428394049406052 1.045135736465454 1.5177160501480103
v -0.11454680562019348 1.0195233821868896 1.551070213317871
v -0.1350165456533432 1.0125330686569214 1.6085165739059448
v -0.1414947509765625 0.9865052700042725 1.5437579154968262
v -0.10409408807754517 1.0550645589828491 1.5394999980926514
v -0.11782260984182358 1.0327904224395752 1.5148547887802124
v -0.059392571449279785 0.9711611270904541 1.5018388032913208
v -0.11810102313756943 0.9888484477996826 1.5123484134674072
v -0.14983481168746948 1.0333369970321655 1.5658326148986816
v -0.15191003680229187 1.040640115737915 1.565500020980835
v -0.09488463401794434 0.9740385413169861 1.4932307004928589
v -0.11732077598571777 0.9906603693962097 1.5666697025299072
v -0.0838460624217987 0.9842820167541504 1.6095640659332275
v -0.047092828899621964 0.9884999990463257 1.507407307624817
v -0.13756637275218964 0.9708132743835449 1.5614999532699585
v -0.026145057752728462 0.9818225502967834 1.5502901077270508
v -0.04888487607240677 1.0207301378250122 1.5203272104263306
v -0.1175866574048996 0.996999979019165 1.5230578184127808
v -0.13638193905353546 0.9847951531410217 1.5821770429611206
v -0.10816320031881332 1.0659947395324707 1.5403316020965576
v -0.12930665910243988 0.9897733926773071 1.5308867692947388
v -0.1560029536485672 1.082254409790039 1.5342484712600708
v -0.09349999576807022 0.9664999842643738 1.508978247642517
v -0.08150000125169754 1.0460489988327026 1.4850902557373047
v -0.10943838953971863 0.9654383659362793 1.590499997138977
v -0.13853251934051514 0.9945433735847473 1.580021619796753
v -0.08150000125169754 1.0441534519195557 1.4854693412780762
v -0.1234208419919014 0.9908944368362427 1.5944207906723022
v -0.03500000014901161 0.962844967842102 1.5406550168991089
v -0.10851790755987167 0.9785895347595215 1.5029821395874023
v -0.03676845133304596 0.9620000123977661 1.55557382106781
v -0.11595838516950607 1.015375018119812 1.628916621208191
v -0.13650000095367432 1.0127676725387573 1.5425000190734863
v -0.14987221360206604 1.0237818956375122 1.5736278295516968
v -0.1420615166425705 0.9841309189796448 1.5424385070800781
v -0.09429480880498886 0.9944999814033508 1.4977947473526
v -0.056437671184539795 0.9629999995231628 1.5849376916885376
v -0.07339753210544586 1.0141024589538574 1.4835000038146973
v -0.06497470289468765 0.9668248891830444 1.510850191116333
v -0.09240694344043732 1.0143723487854004 1.6231861114501953
v -0.07445182651281357 0.9635000228881836 1.595951795578003
v -0.14733338356018066 1.0918749570846558 1.5443333387374878
v -0.06196245551109314 0.9860000014305115 1.5937312841415405
v -0.10088038444519043 1.002700924873352 1.5994999408721924
v -0.06185734272003174 0.9947853088378906 1.4978573322296143
v -0.04671303182840347 0.9860000014305115 1.5790348052978516
v -0.09171780198812485 0.9846196174621582 1.6141196489334106
v -0.12673354148864746 1.0474340915679932 1.5122334957122803
v -0.11114687472581863 0.996999979019165 1.5166468620300293
v -0.07058824598789215 0.9859705567359924 1.59958815574646
v -0.10054504126310349 0.9725000262260437 1.5061817169189453
v -0.03658050671219826 0.9711292386054993 1.5709999799728394
v -0.08640316128730774 0.9713507890701294 1.5026493072509766
v -0.10498186945915222 1.0594274997711182 1.5399818420410156
v -0.08438191562891006 0.9951273202896118 1.603990912437439
v -0.05635751411318779 1.0042136907577515 1.4914287328720093
v -0.1452057659626007 0.9764115214347839 1.562999963760376
v -0.12662163376808167 1.0469865798950195 1.5121216773986816
v -0.13625575602054596 0.9707557559013367 1.5607787370681763
v -0.07616620510816574 0.9638338088989258 1.6023337841033936
v -0.016363980248570442 1.000454068183899 1.534999966621399
v -0.15549999475479126 1.0606865882873535 1.56276273727417
v -0.07891546934843063 0.9864226579666138 1.6130000352859497
v -0.011499998159706593 1.0242658853530884 1.5141836404800415
v -0.1257457435131073 0.971737265586853 1.5307543277740479
v -0.08338213711977005 0.9915000200271606 1.5709267854690552
v -0.10264060646295547 1.0073436498641968 1.5996404886245728
v -0.08100000023841858 0.9868500828742981 1.4889899492263794
v -0.1397629678249359 0.9771752953529358 1.543324589729309
v -0.03337974101305008 0.9911202788352966 1.5431201457977295
v -0.10547378659248352 0.9719606637954712 1.5065524578094482
v -0.1333617866039276 1.0942764282226562 1.5145691633224487
v -0.11637961864471436 1.0266388654708862 1.5149999856948853
v -0.044242072850465775 0.9931289553642273 1.5166131258010864
v -0.14956039190292358 1.000620722770691 1.559499979019165
v -0.13500195741653442 1.069502592086792 1.51349937915802
v -0.10249999910593033 1.0228159427642822 1.6024999618530273
v -0.11859021335840225 1.0887706279754639 1.49399995803833
v -0.1092439666390419 1.0185853242874146 1.5093293190002441
v -0.0863112360239029 1.0565561056137085 1.5161887407302856
v -0.04634874686598778 0.9629999995231628 1.5708487033843994
v -0.13576993346214294 0.9732699394226074 1.546486735343933
v -0.09940933436155319 1.0971139669418335 1.5090906620025635
v -0.1145000010728836 1.0243886709213257 1.6341553926467896
v -0.059417109936475754 0.9925000071525574 1.5576871633529663
v -0.1443232148885727 1.0951766967773438 1.5388720035552979
v -0.13150325417518616 1.024003267288208 1.5720008611679077
v -0.0879342183470726 0.9954999685287476 1.5995657444000244
v -0.06609431654214859 1.0056227445602417 1.5121886730194092
v -0.042021311819553375 0.9894999861717224 1.5359858274459839
v -0.06875268369913101 0.9891263246536255 1.5234999656677246
v -0.1575026959180832 1.0789945125579834 1.5557539463043213
v -0.1282949149608612 1.100568413734436 1.5182050466537476
v -0.07573387771844864 0.9663669466972351 1.5782660245895386
v -0.11268901824951172 0.9696890115737915 1.5968780517578125
v -0.12409518659114838 1.0204999446868896 1.5276904106140137
v -0.09363745898008347 0.9885876178741455 1.492950201034546
v -0.14669448137283325 0.9876110553741455 1.5654027462005615
v -0.002849360927939415 1.0251506567001343 1.5346003770828247
v -0.0015000032726675272 1.0285639762878418 1.5329999923706055
v -0.06681271642446518 0.9673281908035278 1.5098435878753662
v -0.13872939348220825 1.021823525428772 1.6109999418258667
v -0.08729243278503418 0.9954999685287476 1.6002075672149658
v -0.09443572908639908 0.9957178831100464 1.5946285724639893
v -0.04566594958305359 0.960334062576294 1.5673340559005737
v -0.11836272478103638 1.1006373167037964 1.5269118547439575
v -0.08002492040395737 0.9602624773979187 1.596712589263916
v -0.10954532027244568 1.070590615272522 1.5399773120880127
v -0.03700000420212746 0.9785350561141968 1.5134999752044678
v -0.14800000190734863 1.0565584897994995 1.5355000495910645
v -0.12950000166893005 0.9821531772613525 1.5281306505203247
v -0.08682946115732193 1.0198901891708374 1.51582932472229
v -0.13036611676216125 1.0995668172836304 1.5247992277145386
v -0.026970261707901955 1.0320446491241455 1.5387276411056519
v -0.13295939564704895 1.0335203409194946 1.6070406436920166
v -0.07747092843055725 0.9620435833930969 1.6010290384292603
v -0.05350000783801079 0.9769964218139648 1.586750864982605
v -0.11993295699357986 0.9884999990463257 1.600567102432251
v -0.13650000095367432 1.0158551931381226 1.5425000190734863
v -0.11267625540494919 0.9716175198554993 1.5177650451660156
v -0.14845241606235504 1.0622620582580566 1.5355000495910645
v -0.10486423969268799 0.9710463881492615 1.5077714920043945
v -0.1226428896188736 0.9749523997306824 1.527142882347107
v -0.08150000125169754 1.0388550758361816 1.4866611957550049
v -0.0019042441854253411 1.0302127599716187 1.5309789180755615
v -0.09296723455190659 1.0831681489944458 1.5122663974761963
v -0.12811633944511414 1.0555815696716309 1.559999942779541
v -0.11690852046012878 1.0286340713500977 1.5149999856948853
v -0.06070393696427345 0.9670000076293945 1.5062038898468018
v -0.0033989816438406706 1.0246009826660156 1.5350319147109985
v -0.05710581690073013 1.0027883052825928 1.4921057224273682
v -0.04095859453082085 0.9630414247512817 1.5705207586288452
v -0.09781108051538467 0.9961221814155579 1.5989999771118164
v -0.06860516220331192 1.0179649591445923 1.4844650030136108
v -0.07667675614356995 0.9639999866485596 1.597225546836853
v -0.015309269540011883 1.0021512508392334 1.5354604721069336
v -0.07275256514549255 0.9687508344650269 1.506749153137207
v -0.049715813249349594 0.9859280586242676 1.5817159414291382
v -0.10602828115224838 0.985842764377594 1.6101572513580322
v -0.09796060621738434 0.996421217918396 1.5989999771118164
v -0.1057877317070961 1.0184999704360962 1.50578773021698
v -0.12323369085788727 1.1009999513626099 1.5221997499465942
v -0.05583851411938667 0.9660000205039978 1.5582422018051147
v -0.1095486655831337 1.0567315816879272 1.4903658628463745
v -0.14800000190734863 1.0586678981781006 1.5355000495910645
v -0.1145000010728836 1.0244125127792358 1.6341649293899536
v -0.10923143476247787 0.9731157422065735 1.548268437385559
v -0.08042698353528976 0.970719039440155 1.4948539733886719
v -0.14206475019454956 1.094064712524414 1.549935221672058
v -0.026979006826877594 1.0370051860809326 1.511015772819519
v -0.07510796189308167 0.9931306838989258 1.5798920392990112
v -0.1003880724310875 0.9658880829811096 1.6016119718551636
v -0.07465121150016785 0.9932829141616821 1.5803487300872803
v -0.05815388262271881 0.9664999842643738 1.518673062324524
v -0.029083730652928352 0.9862918853759766 1.524416208267212
v -0.044599562883377075 0.9954999685287476 1.5700007677078247
v -0.08150000125169754 1.0522781610488892 1.4841804504394531
v -0.11549999564886093 1.0915135145187378 1.5333973169326782
v -0.08220233023166656 1.0648093223571777 1.4795953035354614
v -0.09767138212919235 1.0195000171661377 1.5294642448425293
v -0.016959665343165398 1.0399999618530273 1.5207339525222778
v -0.09166743606328964 0.9645000100135803 1.601330280303955
v -0.15470124781131744 1.0113049745559692 1.559902548789978
v -0.12225465476512909 0.9978726506233215 1.5268819332122803
v -0.12957994639873505 1.0596598386764526 1.5140000581741333
v -0.10392428934574127 1.1022828817367554 1.5047171115875244
v -0.1569294035434723 1.0668587684631348 1.5612852573394775
v -0.0034703128039836884 1.0309901237487793 1.5300098657608032
v -0.08002348244190216 0.9602617621421814 1.596714735031128
v -0.058392833918333054 0.9741071462631226 1.4993928670883179
v -0.11170555651187897 1.1021541357040405 1.5036541223526
v -0.02228587307035923 1.0064760446548462 1.5235239267349243
v -0.14393773674964905 1.0063754320144653 1.5839688777923584
v -0.1142183318734169 0.971827507019043 1.5988274812698364
v -0.03568538278341293 0.9614999890327454 1.552241563796997
v -0.10111832618713379 0.9941272139549255 1.5863816738128662
v -0.039824388921260834 0.9987024664878845 1.5091488361358643
v -0.021206622943282127 0.993891179561615 1.533097743988037
v -0.03700000420212746 0.9697735905647278 1.571363091468811
v -0.09336727112531662 0.9851018190383911 1.6150000095367432
v -0.08823639154434204 0.971912145614624 1.502500057220459
v -0.027144256979227066 0.9908557534217834 1.5484999418258667
v -0.025797361508011818 0.9852973818778992 1.529107928276062
v -0.042059075087308884 0.9949409365653992 1.5135787725448608
v -0.09991810470819473 0.9904999732971191 1.549377202987671
v -0.06700000166893005 0.9901432394981384 1.5208567380905151
v -0.11899999529123306 0.9985613226890564 1.5837397575378418
v -0.0418943352997303 0.9621056914329529 1.570052981376648
v -0.11164931207895279 0.9675746560096741 1.5948506593704224
v -0.0753791332244873 0.9894999861717224 1.524793028831482
v -0.10678178817033768 0.990872859954834 1.5042181015014648
v -0.11049439758062363 0.970747172832489 1.521011233329773
v -0.123695008456707 1.0241525173187256 1.5683050155639648
v -0.08179422467947006 1.020735263824463 1.509558916091919
v -0.02876533754169941 0.9892653226852417 1.547911524772644
v -0.13274693489074707 1.005367398262024 1.604246973991394
v -0.031030671671032906 0.9825102090835571 1.5575408935546875
v -0.10230176150798798 0.9854052662849426 1.6108016967773438
v -0.09587062895298004 0.965499997138977 1.6024999618530273
v -0.11619219183921814 0.9862687587738037 1.5868078470230103
v -0.10607191920280457 0.9858573079109192 1.610142707824707
v -0.10765890032052994 1.0195000171661377 1.5422441959381104
v -0.11965949833393097 1.0046379566192627 1.5833404064178467
v -0.13016200065612793 1.0246033668518066 1.5852206945419312
v -0.13894282281398773 1.0295000076293945 1.5963929891586304
v -0.0848110020160675 0.9676036834716797 1.5691889524459839
v -0.10523507744073868 1.0532350540161133 1.4903162717819214
v -0.14014050364494324 1.0287189483642578 1.5935784578323364
v -0.1333352029323578 1.0258351564407349 1.5724587440490723
v -0.12309644371271133 1.0227981805801392 1.5641928911209106
v -0.13324551284313202 1.066113829612732 1.5140000581741333
v -0.12165877223014832 1.0204999446868896 1.522476315498352
v -0.09783882647752762 0.9950000047683716 1.5012582540512085
v -0.1459619253873825 1.014347791671753 1.5864619016647339
v -0.06700000166893005 0.9915702939033508 1.5193945169448853
v -0.08304130285978317 0.9774587154388428 1.4911880493164062
v -0.05716068297624588 0.9661786556243896 1.5889999866485596
v -0.04110657051205635 0.9667868614196777 1.518713116645813
v -0.08810298889875412 0.9904007315635681 1.5381029844284058
v -0.08013352006673813 0.9834266901016235 1.6067800521850586
v -0.14395764470100403 1.0260423421859741 1.5841270685195923
v -0.1444631814956665 0.9930973649024963 1.5609999895095825
v -0.09200000017881393 1.0165916681289673 1.624197244644165
v -0.11899999529123306 1.001951813697815 1.5835000276565552
v -0.022775961086153984 0.9929654002189636 1.5567240715026855
v -0.05267393961548805 0.9854999780654907 1.5847609043121338
v -0.09374239295721054 0.9882728457450867 1.4925304651260376
v -0.13067643344402313 1.0636911392211914 1.559499979019165
v -0.11532717943191528 0.968500018119812 1.5916727781295776
v -0.07008025050163269 1.0230000019073486 1.5014351606369019
v -0.14008432626724243 0.996837317943573 1.5810843706130981
v -0.11115644127130508 0.9869999885559082 1.6073826551437378
v -0.11783666908740997 1.0328466892242432 1.5148266553878784
v -0.12033034861087799 0.997443437576294 1.5253304243087769
v -0.08593737334012985 0.9910156726837158 1.568547010421753
v -0.06243782490491867 0.9936243891716003 1.498437762260437
v -0.06600000709295273 1.0062063932418823 1.5119483470916748
v -0.10333468019962311 1.09705650806427 1.498278260231018
v -0.13171492516994476 0.972619891166687 1.5742149353027344
v -0.14767543971538544 0.9955263137817383 1.5605000257492065
v -0.1267131268978119 0.9732131361961365 1.5297869443893433
v -0.0905502438545227 0.9950000047683716 1.5953994989395142
v -0.12267505377531052 1.0366251468658447 1.5605000257492065
v -0.051402170211076736 1.0156956911087036 1.5243043899536133
v -0.060195792466402054 0.9624999761581421 1.5892971754074097
v -0.10743234306573868 1.0544999837875366 1.48953378200531
v -0.14986073970794678 1.0675822496414185 1.5356392860412598
v -0.03795507550239563 0.9661796689033508 1.5714999437332153
v -0.09634852409362793 0.9695000052452087 1.5581514835357666
v -0.10857462882995605 0.986638069152832 1.5027127265930176
v -0.04850131273269653 0.9954999685287476 1.5663740634918213
v -0.10300000011920929 1.0108381509780884 1.600000023841858
v -0.09099999815225601 1.0759011507034302 1.5130000114440918
v -0.054570212960243225 0.9854999780654907 1.5870702266693115
v -0.024406392127275467 0.9907914400100708 1.5550936460494995
v -0.03286980837583542 0.9912899136543274 1.5467101335525513
v -0.13597048819065094 0.9802057147026062 1.5794705152511597
v -0.14220702648162842 0.9950000047683716 1.5527070760726929
v -0.030512560158967972 0.992493748664856 1.545487403869629
v -0.08550000190734863 1.0118473768234253 1.5246527194976807
v -0.07149999588727951 0.9768320322036743 1.6023893356323242
v -0.08786061406135559 0.9954999685287476 1.5996392965316772
v -0.03049999289214611 0.9954771399497986 1.5463371276855469
v -0.10374807566404343 0.9914922714233398 1.6129961013793945
v -0.08661771565675735 0.9714044332504272 1.5025956630706787
v -0.05454091355204582 1.01291823387146 1.4880818128585815
v -0.05213182792067528 1.0017908811569214 1.527999997138977
v -0.060999996960163116 0.9594554305076599 1.5839554071426392
v -0.04145822301506996 0.9854999780654907 1.573458194732666
v -0.09335028380155563 1.0881168842315674 1.4904670715332031
v -0.14629414677619934 1.0436766147613525 1.535705804824829
v -0.03814506530761719 0.9629999995231628 1.5328549146652222
v -0.15199999511241913 1.0424107313156128 1.565500020980835
v -0.1055450588464737 1.043819785118103 1.541045069694519
v -0.13050000369548798 1.0198415517807007 1.5708353519439697
v -0.1218004897236824 0.9888251423835754 1.5990246534347534
v -0.08944237977266312 1.0863271951675415 1.4838848114013672
v -0.058596789836883545 0.9996048212051392 1.4940967559814453
v -0.026734326034784317 0.9862238764762878 1.5492552518844604
v -0.1354951411485672 1.086490273475647 1.5575023889541626
v -0.13140814006328583 1.0223162174224854 1.5714539289474487
v -0.0712752640247345 1.01622474193573 1.4837449789047241
v -0.13271291553974152 0.9700000286102295 1.5620956420898438
v -0.024783335626125336 0.9850000143051147 1.5314332246780396
v -0.06744491308927536 0.9890000224113464 1.5237109661102295
v -0.1139967069029808 0.9905033111572266 1.5710231065750122
v -0.057598840445280075 0.9781017303466797 1.4977993965148926
v -0.03215433284640312 0.9600637555122375 1.5434999465942383
v -0.09878965467214584 0.9904999732971191 1.547842264175415
v -0.041883572936058044 0.9951164126396179 1.513267159461975
v -0.08007247745990753 0.9639999866485596 1.5987862348556519
v -0.04292142391204834 0.9920786023139954 1.537196397781372
v -0.08743824809789658 1.019687294960022 1.5164382457733154
v -0.05626987665891647 1.0236151218414307 1.4931150674819946
v -0.07031264156103134 0.9679999947547913 1.5438436269760132
v -0.11376839876174927 0.9872561097145081 1.6054877042770386
v -0.040580857545137405 1.0279595851898193 1.5014595985412598
v -0.131398543715477 1.0632970333099365 1.5140000581741333
v -0.10330983251333237 1.0164507627487183 1.601190209388733
v -0.07858393341302872 0.9912517666816711 1.6115000247955322
v -0.09400000423192978 0.9931920766830444 1.6173768043518066
v -0.1115509644150734 0.9675254821777344 1.5949490070343018
v -0.025000005960464478 0.981499969959259 1.5459790229797363
v -0.04133487865328789 0.9957476854324341 1.5121697187423706
v -0.12510600686073303 0.9975000023841858 1.5307120084762573
v -0.115631602704525 0.9900000095367432 1.5670000314712524
v -0.003652272978797555 1.0243477821350098 1.5353697538375854
v -0.0734056606888771 0.9634764194488525 1.5949528217315674
v -0.13012544810771942 1.017001748085022 1.5701255798339844
v -0.032499995082616806 1.0206184387207031 1.4997236728668213
v -0.1017017811536789 1.0047544240951538 1.5994999408721924
v -0.039517659693956375 0.9937544465065002 1.5422368049621582
v -0.08493906259536743 0.9710000157356262 1.5030202865600586
v -0.12950000166893005 1.0580646991729736 1.5136412382125854
v -0.09099999815225601 1.0748794078826904 1.5131241083145142
v -0.09127507358789444 0.9647249579429626 1.6028996706008911
v -0.04718564450740814 1.0241286754608154 1.5177785158157349
v -0.07001059502363205 0.9635105729103088 1.5837340354919434
v -0.1290428340435028 0.9801284670829773 1.527999997138977
v -0.11888653039932251 1.0212576389312744 1.5565153360366821
v -0.12049999833106995 1.0118050575256348 1.5821737051010132
v -0.14006610214710236 0.9773774147033691 1.5431225299835205
v -0.15591540932655334 1.0821231603622437 1.5342923402786255
v -0.12485503405332565 1.0434201955795288 1.5609999895095825
v -0.12188413739204407 1.0379999876022339 1.6191158294677734
v -0.06660645455121994 0.9964644908905029 1.5873935222625732
v -0.030640557408332825 1.0063433647155762 1.544718861579895
v -0.10791249573230743 0.9929999709129333 1.579949975013733
v -0.026363933458924294 1.003257393836975 1.5262426137924194
v -0.04600401222705841 0.9884999990463257 1.5084959268569946
v -0.10156809538602829 0.9725000262260437 1.5065340995788574
v -0.11434391140937805 0.98744797706604 1.6051040887832642
v -0.12282152473926544 1.0368691682815552 1.5605000257492065
v -0.023000003769993782 0.9829999804496765 1.5433566570281982
v -0.08150000125169754 1.042423129081726 1.4858152866363525
v -0.07019055634737015 0.9636905789375305 1.5834641456604004
v -0.03811030462384224 1.004058837890625 1.5053309202194214
v -0.1192237064242363 1.1007412672042847 1.5255351066589355
v -0.09432217478752136 0.9956610798835754 1.5948556661605835
v -0.07849999517202377 0.9906349182128906 1.6117738485336304
v -0.003884805366396904 1.031384825706482 1.529711365699768
v -0.08150000125169754 1.0388386249542236 1.4866653680801392
v -0.15529948472976685 1.01339852809906 1.560799479484558
v -0.048362404108047485 0.9860000014305115 1.5803624391555786
v -0.09449136257171631 1.0184999704360962 1.493487000465393
v -0.07149999588727951 0.9766891598701477 1.602436900138855
v -0.12113407999277115 0.9886584877967834 1.5995244979858398
v -0.12756024301052094 1.0532410144805908 1.5604397058486938
v -0.10635989159345627 0.996679961681366 1.5118598937988281
v -0.08150000125169754 1.0452461242675781 1.48525071144104
v -0.11250000447034836 0.9997196197509766 1.556804895401001
v -0.1335357427597046 1.0801787376403809 1.5584644079208374
v -0.07080914825201035 0.9894999861717224 1.5234999656677246
v -0.09982942044734955 1.0190000534057617 1.4987471103668213
v -0.07991781830787659 0.9669725894927979 1.5745548009872437
v -0.011319935321807861 1.0255402326583862 1.5138200521469116
v -0.043904926627874374 0.9610475301742554 1.5688213109970093
v -0.07276670634746552 0.9854999780654907 1.6017667055130005
v -0.10300000011920929 1.0302026271820068 1.603851318359375
v -0.1530255228281021 1.022316336631775 1.5703164339065552
v -0.010977567173540592 1.040022373199463 1.5265448093414307
v -0.052617866545915604 0.9629999995231628 1.5796178579330444
v -0.08406183123588562 0.991484522819519 1.5699536800384521
v -0.06700000166893005 0.9964382648468018 1.5160309076309204
v -0.026770152151584625 0.9694194197654724 1.5429999828338623
v -0.13910849392414093 1.0211085081100464 1.5492169857025146
v -0.09439613670110703 0.9722923040390015 1.4943115711212158
v -0.13273830711841583 1.0764532089233398 1.558500051498413
v -0.05082588270306587 0.9868839383125305 1.530290126800537
v -0.107448510825634 0.9729828238487244 1.5495514869689941
v -0.0505608469247818 0.9856463670730591 1.5825607776641846
v -0.11624569445848465 1.0262371301651 1.5149999856948853
v -0.07707798480987549 0.9639999866485596 1.597359299659729
v -0.04227594658732414 0.994758665561676 1.5724653005599976
v -0.14340636134147644 1.0264999866485596 1.5858745574951172
v -0.08161666244268417 1.0580832958221436 1.4818832874298096
v -0.009879415854811668 1.0142412185668945 1.5364999771118164
v -0.1475929319858551 1.0221017599105835 1.557694673538208
v -0.11291953176259995 0.9869999885559082 1.606060266494751
v -0.11511081457138062 1.102352261543274 1.4979630708694458
v -0.029500000178813934 1.0231205224990845 1.5408965349197388
v -0.0862528458237648 1.0199999809265137 1.5152528285980225
v -0.09472330659627914 0.9904999732971191 1.5443350076675415
v -0.06700000166893005 0.9965788722038269 1.5159684419631958
v -0.10249999910593033 1.0228962898254395 1.6024999618530273
v -0.01753699965775013 0.9987840056419373 1.5348210334777832
v -0.06309618800878525 0.9890000224113464 1.5254520177841187
v -0.036937348544597626 0.9620000123977661 1.5562493801116943
v -0.09966704249382019 0.9850000143051147 1.612444281578064
v -0.04915584623813629 0.9888279438018799 1.5053441524505615
v -0.10917036235332489 1.1011135578155518 1.5016136169433594
v -0.1062273308634758 0.9734093546867371 1.50531804561615
v -0.13750000298023224 1.0212641954421997 1.5419340133666992
v -0.06449953466653824 0.9860000014305115 1.5958330631256104
v -0.11631286889314651 0.9901564121246338 1.5669217109680176
v -0.09719111025333405 0.9904999732971191 1.5466433763504028
v -0.0884341150522232 0.9904999732971191 1.5658488273620605
v -0.09890682250261307 0.9704689383506775 1.55606210231781
v -0.13395778834819794 1.033021092414856 1.6050844192504883
v -0.09669032692909241 1.0289645195007324 1.4951903820037842
v -0.026217088103294373 1.0331743955612183 1.5381628274917603
v -0.052201852202415466 0.9888004660606384 1.530899167060852
v -0.09731880575418472 0.9904999732971191 1.546739101409912
v -0.06421707570552826 0.9929999709129333 1.5532106161117554
v -0.13888230919837952 1.020960807800293 1.5488823652267456
v -0.03740936890244484 0.9849697947502136 1.5674093961715698
v -0.1314999908208847 1.0237621068954468 1.5719207525253296
v -0.10300000011920929 1.029715657234192 1.6036077737808228
v -0.04022246599197388 0.9624999761581421 1.5620837211608887
v -0.035749342292547226 0.9899168610572815 1.5407506227493286
v -0.06442563980817795 0.9660000205039978 1.5099256038665771
v -0.02596421353518963 1.003523826599121 1.5259761810302734
v -0.1157044768333435 1.0249090194702148 1.5149999856948853
v -0.07899999618530273 0.985511302947998 1.6130000352859497
v -0.05386675149202347 0.9629999995231628 1.5813002586364746
v -0.12031780928373337 1.0095890760421753 1.5824999809265137
v -0.04659438505768776 0.9860000014305115 1.5789457559585571
v -0.1520611047744751 1.072652816772461 1.534969449043274
v -0.08249999582767487 1.0660974979400635 1.4789756536483765
v -0.034768637269735336 0.9622686505317688 1.54215669631958
v -0.11327218264341354 0.9682573676109314 1.5934852361679077
v -0.14384116232395172 0.9926308989524841 1.5609999895095825
v -0.14800000190734863 1.0575300455093384 1.5355000495910645
v -0.08706117421388626 1.0816224813461304 1.4805611371994019
v -0.08150000125169754 1.0355334281921387 1.4873932600021362
v -0.1145000010728836 1.0247517824172974 1.6343005895614624
v -0.13650000095367432 0.9706355333328247 1.5595933198928833
v -0.10827083885669708 0.9669235944747925 1.597152829170227
v -0.11422558128833771 0.9899085164070129 1.5670000314712524
v -0.15162725746631622 1.0210000276565552 1.5611908435821533
v -0.09072825312614441 0.9904999732971191 1.5624076128005981
v -0.10327216982841492 1.0166391134262085 1.601227879524231
v -0.12057565897703171 0.9885188937187195 1.5999432802200317
v -0.05791769176721573 0.9629999995231628 1.5868765115737915
v -0.09300000220537186 0.9679999947547913 1.5058706998825073
v -0.13852664828300476 1.0910266637802124 1.5549598932266235
v -0.12090031802654266 1.0135008096694946 1.5822001695632935
v -0.08778535574674606 1.062713384628296 1.5158573389053345
v -0.04695111885666847 0.9629999995231628 1.5714510679244995
v -0.11384738236665726 1.0868895053863525 1.5358052253723145
v -0.08061422407627106 1.0210000276565552 1.5079213380813599
v -0.03049999289214611 1.0018912553787231 1.5455000400543213
v -0.11915397644042969 1.03615403175354 1.5138366222381592
v -0.13579551875591278 1.0873866081237793 1.5575000047683716
v -0.1426849365234375 0.9733698964118958 1.5620924234390259
v -0.0015000032726675272 1.0271053314208984 1.5344911813735962
v -0.10942231118679047 0.996999979019165 1.5149222612380981
v -0.05620594695210457 1.0044410228729248 1.4913530349731445
v -0.05908874794840813 1.0222055912017822 1.4917056560516357
v -0.10825424641370773 1.0008389949798584 1.618754267692566
v -0.04299814999103546 0.9949994087219238 1.5715023279190063
v -0.029501143842935562 1.0352494716644287 1.5092494487762451
v -0.0772777870297432 1.0147593021392822 1.4839999675750732
v -0.0820000022649765 1.0607579946517944 1.481310486793518
v -0.0964520275592804 0.965499997138977 1.6024999618530273
v -0.07957018911838531 0.9847894310951233 1.6113595962524414
v -0.11871369928121567 0.9949274063110352 1.5846431255340576
v -0.05998317152261734 0.9620000123977661 1.5870168209075928
v -0.09235314279794693 1.0880000591278076 1.488706350326538
v -0.08740897476673126 1.0615448951721191 1.5160000324249268
v -0.030627736821770668 0.9841629862785339 1.5307092666625977
v -0.1523522287607193 1.0227651596069336 1.5707652568817139
v -0.08009509742259979 1.0155236721038818 1.483547568321228
v -0.14418870210647583 0.9754591584205627 1.5627295970916748
v -0.13374163210391998 1.0936375856399536 1.5143792629241943
v -0.05796274542808533 0.9773136973381042 1.4980372190475464
v -0.05641018599271774 0.9885299205780029 1.529059886932373
v -0.08125163614749908 0.972000002861023 1.5352483987808228
v -0.12244323641061783 1.10201895236969 1.514443278312683
v -0.06241185963153839 0.9893627166748047 1.496000051498413
v -0.14401361346244812 1.0260000228881836 1.5839455127716064
v -0.0952652245759964 0.9839391112327576 1.4889695644378662
v -0.08916118741035461 1.0854835510253906 1.4833223819732666
v -0.0944884866476059 0.9957442283630371 1.5945230722427368
v -0.08618348836898804 0.9967660307884216 1.526316523551941
v -0.04889068752527237 0.9632968902587891 1.5211092233657837
v -0.043859049677848816 1.027500033378601 1.499140977859497
v -0.052609577775001526 0.9854999780654907 1.5846643447875977
v -0.08453533798456192 1.0461766719818115 1.5174646377563477
v -0.039288368076086044 0.9705674648284912 1.5157883167266846
v -0.043084632605314255 0.9855282306671143 1.5755846500396729
v -0.1545293927192688 1.0942353010177612 1.5378530025482178
v -0.06554960459470749 1.0110496282577515 1.5099999904632568
v -0.07733090221881866 0.9709436297416687 1.538112759590149
v -0.08503381907939911 1.0511353015899658 1.5169999599456787
v -0.09130316227674484 0.9950000047683716 1.5938936471939087
v -0.0556127205491066 0.9692745208740234 1.5885000228881836
v -0.08627742528915405 0.9725000262260437 1.5313150882720947
v -0.0799189880490303 0.9934189915657043 1.60920250415802
v -0.08222328871488571 1.064893126487732 1.479553461074829
v -0.09300000220537186 1.0021250247955322 1.6200312376022339
v -0.09300000220537186 1.0010454654693604 1.619761347770691
v -0.019528890028595924 0.9961281418800354 1.5338140726089478
v -0.054499998688697815 1.0149773359298706 1.4870113134384155
v -0.09300000220537186 0.9679999947547913 1.5056140422821045
v -0.05700400099158287 0.9789940118789673 1.4975018501281738
v -0.034573573619127274 0.962073564529419 1.5431320667266846
v -0.0060843778774142265 1.0198312997817993 1.5365843772888184
v -0.06371006369590759 0.9890000224113464 1.5251450538635254
v -0.07366302609443665 1.0222790241241455 1.5031629800796509
v -0.09627414494752884 1.0295888185501099 1.4947741031646729
v -0.08109523355960846 0.9837976098060608 1.607297658920288
v -0.09635339677333832 1.0195000171661377 1.5277800559997559
v -0.1431403011083603 0.9950000047683716 1.5537806749343872
v -0.1449720710515976 0.9944999814033508 1.5572080612182617
v -0.0743694081902504 1.012884259223938 1.4835000038146973
v -0.053959742188453674 0.9750804901123047 1.5865402221679688
v -0.056369151920080185 0.9670233726501465 1.5888690948486328
v -0.13451239466667175 1.0687686204910278 1.5137438774108887
v -0.1132737472653389 0.9704106450080872 1.597773790359497
v -0.1186746209859848 1.0974761247634888 1.4956507682800293
v -0.11575084924697876 0.968500018119812 1.5912491083145142
v -0.10350800305604935 0.9664999842643738 1.6001640558242798
v -0.08800418674945831 0.9840016961097717 1.6135008335113525
v -0.11315099895000458 0.9895503520965576 1.5670000314712524
v -0.075525663793087 1.0109230279922485 1.4835256338119507
v -0.11800000071525574 1.1009689569473267 1.5280207395553589
v -0.09227451682090759 1.0149019956588745 1.6234509944915771
v -0.05434645339846611 0.9732677340507507 1.5868464708328247
v -0.117621049284935 1.0391894578933716 1.622534155845642
v -0.018061328679323196 1.0109386444091797 1.5200613737106323
v -0.02623784728348255 0.9854999780654907 1.528182864189148
v -0.03721200302243233 0.9895529747009277 1.5393940210342407
v -0.11387137323617935 0.9684571027755737 1.5930858850479126
v -0.01237673033028841 1.0303837060928345 1.5136232376098633
v -0.11779391020536423 1.0326756238937378 1.5149121284484863
v -0.1469999998807907 0.9820836186408997 1.5644999742507935
v -0.060254260897636414 0.9660000205039978 1.5522457361221313
v -0.1085878536105156 0.9929999709129333 1.5790495872497559
v -0.07767517864704132 0.9639999866485596 1.5975875854492188
v -0.05093391612172127 1.0262264013290405 1.495226502418518
v -0.12933623790740967 1.0603406429290771 1.5598318576812744
v -0.02573326788842678 0.9890223145484924 1.5537667274475098
v -0.05122664198279381 0.9950000047683716 1.5644550323486328
v -0.08763591200113297 0.993567943572998 1.493567943572998
v -0.08411744236946106 0.992039144039154 1.4910783767700195
v -0.09099999815225601 0.9664446711540222 1.6069170236587524
v -0.13499999046325684 0.9710000157356262 1.554109811782837
v -0.026000000536441803 1.0335423946380615 1.538010597229004
v -0.03847796469926834 1.0025882720947266 1.5064338445663452
v -0.13710401952266693 1.087291955947876 1.5119999647140503
v -0.040904659777879715 0.9854999780654907 1.5729047060012817
v -0.022530244663357735 0.9932929873466492 1.5569697618484497
v -0.12349999696016312 0.9684924483299255 1.5330075025558472
v -0.09494626522064209 0.965499997138977 1.6024999618530273
v -0.025992654263973236 1.035503625869751 1.5384975671768188
v -0.05949999764561653 0.9691555500030518 1.5033444166183472
v -0.033436987549066544 0.9914789795875549 1.5465210676193237
v -0.10300000011920929 1.0289905071258545 1.6032452583312988
v -0.09302433580160141 0.9904999732971191 1.5428932905197144
v -0.0900566577911377 1.0195000171661377 1.5199087858200073
v -0.1533057987689972 1.085388422012329 1.5503058433532715
v -0.05022379383444786 0.9864825010299683 1.5312936305999756
v -0.09448394924402237 0.9904999732971191 1.5439879894256592
v -0.11024824529886246 0.996999979019165 1.5157482624053955
v -0.12817418575286865 0.9972752928733826 1.5341742038726807
v -0.14743340015411377 0.9857336282730103 1.5649335384368896
v -0.08100000023841858 0.9866765737533569 1.4890940189361572
v -0.11549999564886093 1.0929261445999146 1.5331147909164429
v -0.15801379084587097 1.077958583831787 1.5565276145935059
v -0.08108209818601608 0.9703606963157654 1.5036392211914062
v -0.08585414290428162 0.9980834126472473 1.5264999866485596
v -0.11206228286027908 0.971354067325592 1.5185836553573608
v -0.0888616293668747 1.065223217010498 1.5153191089630127
v -0.1522430181503296 1.0437151193618774 1.565500020980835
v -0.07810718566179276 0.9712023735046387 1.5375951528549194
v -0.144957035779953 0.9944999814033508 1.5735286474227905
v -0.1288750320672989 0.9748125076293945 1.536062479019165
v -0.11659472435712814 1.0774736404418945 1.4939053058624268
v -0.028564205393195152 1.0009143352508545 1.5280214548110962
v -0.09086105972528458 0.9950000047683716 1.5947779417037964
v -0.01589498668909073 1.0126575231552124 1.5188950300216675
v -0.12835024297237396 0.9975253939628601 1.5996750593185425
v -0.11549999564886093 1.0930761098861694 1.533084750175476
v -0.1222328469157219 0.9889332056045532 1.5987004041671753
v -0.10927991569042206 1.0195000171661377 1.5444198846817017
v -0.13086098432540894 0.996999979019165 1.5382219552993774
v -0.03384052589535713 0.9592198133468628 1.5434999465942383
v -0.09528082609176636 0.9753424525260925 1.4924383163452148
v -0.09276889264583588 1.0046932697296143 1.6207311153411865
v -0.018209371715784073 1.0107905864715576 1.5202093124389648
v -0.09537133574485779 0.965499997138977 1.6024999618530273
v -0.12974919378757477 0.996999979019165 1.5361237525939941
v -0.09318596869707108 0.984864354133606 1.6143642663955688
v -0.1186458021402359 0.9820832014083862 1.5098541975021362
v -0.13280059397220612 1.0652341842651367 1.5140000581741333
v -0.03550000488758087 0.9629999995231628 1.538065791130066
v -0.04012227803468704 0.9896259307861328 1.5373775959014893
v -0.14820484817028046 1.0610241889953613 1.5355000495910645
v -0.08320385962724686 1.07301926612854 1.4780000448226929
v -0.1027025505900383 1.0270127058029175 1.6030000448226929
v -0.07421960681676865 0.9909999966621399 1.5449602603912354
v -0.07642131298780441 0.9664999842643738 1.5775786638259888
v -0.09118048846721649 0.9648194909095764 1.6032780408859253
v -0.09667590260505676 1.0289860963821411 1.4951759576797485
v -0.1292176991701126 1.060044288635254 1.5598911046981812
v -0.11073349416255951 0.9869111776351929 1.607677698135376
v -0.09771190583705902 1.094423770904541 1.510788083076477
v -0.06661766022443771 0.9929999709129333 1.550382375717163
v -0.09849999845027924 1.0028932094573975 1.5402213335037231
v -0.12059444189071655 1.0324054956436157 1.558811068534851
v -0.11400000005960464 1.0064098834991455 1.5177725553512573
v -0.1270483285188675 1.0204999446868896 1.5323225259780884
v -0.05249999836087227 1.0083640813827515 1.527500033378601
v -0.1325305700302124 1.0048264265060425 1.6040306091308594
v -0.09400000423192978 0.9902538061141968 1.6162513494491577
v -0.10310138016939163 0.9904999732971191 1.5526013374328613
v -0.13866116106510162 0.9930805563926697 1.5802582502365112
v -0.09099999815225601 0.9654459953308105 1.6053379774093628
v -0.11640599370002747 0.9764059782028198 1.6014059782028198
v -0.043476399034261703 0.995238184928894 1.5712617635726929
v -0.09387342631816864 0.9698734283447266 1.4978796243667603
v -0.04871252179145813 1.0269999504089355 1.4961438179016113
v -0.1560426652431488 1.0814361572265625 1.5535640716552734
v -0.11482151597738266 0.968500018119812 1.5921785831451416
v -0.05782044678926468 0.9766022562980652 1.49817955493927
v -0.1243753731250763 0.9975014925003052 1.566499948501587
v -0.035711683332920074 1.0119707584381104 1.5017117261886597
v -0.09421040117740631 0.9719207882881165 1.4948687553405762
v -0.1150859147310257 0.9734295606613159 1.600085973739624
v -0.02254503034055233 0.9921066164970398 1.532651662826538
v -0.12921041250228882 1.0232104063034058 1.5848551988601685
v -0.08399999886751175 1.0348074436187744 1.5169999599456787
v -0.14575478434562683 1.022377371788025 1.5562547445297241
v -0.024685971438884735 1.0376570224761963 1.5127354860305786
v -0.07966025918722153 0.9950384497642517 1.485660195350647
v -0.02823125571012497 1.0293437242507935 1.5394999980926514
v -0.040231697261333466 0.9688048958778381 1.5169633626937866
v -0.12121344357728958 1.0142836570739746 1.5823566913604736
v -0.09574096649885178 0.9695000052452087 1.558759093284607
v -0.10201059281826019 1.100510597229004 1.5064893960952759
v -0.11129388213157654 0.9735000133514404 1.5150291919708252
v -0.0788085088133812 0.9919255375862122 1.6115000247955322
v -0.030312100425362587 0.9905779957771301 1.547421932220459
v -0.1324823647737503 0.9700000286102295 1.562172532081604
v -0.10109177976846695 1.0950918197631836 1.4970611333847046
v -0.09306786954402924 0.9954999685287476 1.596432089805603
v -0.05918247997760773 0.9714762568473816 1.501523733139038
v -0.10171627998352051 0.9663040637969971 1.6008918285369873
v -0.060999996960163116 0.9597628116607666 1.5842628479003906
v -0.14351512491703033 1.0055302381515503 1.5837575197219849
v -0.11400000005960464 1.011641025543213 1.516143560409546
v -0.039911702275276184 0.9983531832695007 1.5093233585357666
v -0.11554872989654541 1.0208537578582764 1.6319025754928589
v -0.13675150275230408 1.0882455110549927 1.5122485160827637
v -0.026772869750857353 0.9886821508407593 1.5492271184921265
v -0.05240476131439209 1.0095713138580322 1.5272142887115479
v -0.08232209831476212 1.0160804986953735 1.4845000505447388
v -0.03837006539106369 1.0030198097229004 1.5061101913452148
v -0.09422635287046432 1.0884088277816772 1.4916350841522217
v -0.060999996960163116 0.9591583013534546 1.583658218383789
v -0.08550000190734863 1.0007959604263306 1.5264999866485596
v -0.11961816996335983 1.0044726133346558 1.5833817720413208
v -0.08992637693881989 1.0677790641784668 1.5147868394851685
v -0.0644209161400795 0.9660000205039978 1.5099209547042847
v -0.12092334032058716 1.0203076601028442 1.5212311744689941
v -0.09418778121471405 0.9690625667572021 1.560312271118164
v -0.08029840141534805 0.9919999837875366 1.5742762088775635
v -0.09137576073408127 0.9646242260932922 1.6024969816207886
v -0.10841930657625198 0.996999979019165 1.5139193534851074
v -0.13964208960533142 1.0214999914169312 1.5501420497894287
v -0.13569265604019165 0.9959999918937683 1.5412309169769287
v -0.10516290366649628 0.9855542778968811 1.6104457378387451
v -0.1280585676431656 1.0552927255630493 1.559999942779541
v -0.08399999886751175 1.040428876876831 1.5177857875823975
v -0.058357127010822296 0.9628214240074158 1.5875357389450073
v -0.07597680389881134 0.9640696048736572 1.6025232076644897
v -0.09549999982118607 0.9779310822486877 1.490568995475769
v -0.08399999886751175 1.042007327079773 1.5180000066757202
v -0.11243609338998795 1.0195000171661377 1.5481541156768799
v -0.02563042938709259 0.9891594052314758 1.553869605064392
v -0.09891597926616669 0.965499997138977 1.6022168397903442
v -0.12950000166893005 0.9877190589904785 1.5301798582077026
v -0.10321300476789474 1.051213026046753 1.4915956258773804
v -0.12974369525909424 0.9919999837875366 1.5927562713623047
v -0.11250509321689606 1.1027487516403198 1.4997462034225464
v -0.11531814187765121 1.0215455293655396 1.6323636770248413
v -0.03281841427087784 1.0190223455429077 1.4996591806411743
v -0.10439668595790863 1.0568801164627075 1.5394999980926514
v -0.08605078607797623 1.0199999809265137 1.5150507688522339
v -0.05603804439306259 0.9891793727874756 1.5001412630081177
v -0.079826720058918 0.9940396547317505 1.4858266115188599
v -0.03565108776092529 0.9614999890327454 1.5521043539047241
v -0.14307966828346252 1.0964202880859375 1.5362390279769897
v -0.043116260319948196 1.027500033378601 1.4997878074645996
v -0.13292934000492096 1.0951412916183472 1.5147852897644043
v -0.06615307182073593 1.0124183893203735 1.5096938610076904
v -0.10482688993215561 1.046865463256836 1.5405000448226929
v -0.11566093564033508 1.014482855796814 1.628321886062622
v -0.09624989330768585 0.9904999732971191 1.5459998846054077
v -0.022812366485595703 0.9833752512931824 1.540124773979187
v -0.1334589570760727 1.0073769092559814 1.6054179668426514
v -0.08550000190734863 1.0112595558166504 1.5252405405044556
v -0.13039278984069824 1.0007855892181396 1.6015892028808594
v -0.13650000095367432 0.9712380170822144 1.5523098707199097
v -0.017673177644610405 1.011326789855957 1.519673228263855
v -0.06944382190704346 0.9678146243095398 1.5443707704544067
v -0.10445789992809296 0.9854999780654907 1.6107710599899292
v -0.12158770114183426 1.0379999876022339 1.6194123029708862
v -0.11281637847423553 1.0827655792236328 1.5371835231781006
v -0.10435988754034042 1.0566593408584595 1.5394999980926514
v -0.05783059075474739 1.0228346586227417 1.4923346042633057
v -0.07749520987272263 0.9639999866485596 1.5974984169006348
v -0.08245037496089935 0.9949876070022583 1.6060619354248047
v -0.023000003769993782 0.9843743443489075 1.5356885194778442
v -0.06441358476877213 0.966971218585968 1.548086404800415
v -0.07848837971687317 0.9830976724624634 1.6057929992675781
v -0.0450284518301487 0.9645000100135803 1.526235818862915
v -0.08019750565290451 0.9922099709510803 1.486395001411438
v -0.12528462707996368 0.9990461468696594 1.566499948501587
v -0.0956663191318512 0.9695000052452087 1.5588337182998657
v -0.0820000022649765 1.0637989044189453 1.4801005125045776
v -0.08142876625061035 0.9839643836021423 1.6074644327163696
v -0.10323409736156464 1.0186330080032349 1.5022342205047607
v -0.054538168013095856 0.9629999995231628 1.58230721950531
v -0.11500633507966995 1.0115317106246948 1.626518964767456
v -0.15352971851825714 1.0495742559432983 1.5644851922988892
v -0.11600000411272049 1.0155575275421143 1.6290229558944702
v -0.14733082056045532 0.9863383769989014 1.56508469581604
v -0.058818019926548004 0.9720229506492615 1.5009770393371582
v -0.06485150009393692 0.9860000014305115 1.5960676670074463
v -0.09400000423192978 0.9928408861160278 1.6172362565994263
v -0.12284155935049057 0.9748861193656921 1.527341604232788
v -0.11046594381332397 1.1019773483276367 1.5024774074554443
v -0.044543661177158356 0.9891521334648132 1.5346521139144897
v -0.10580851882696152 1.034351110458374 1.5418829917907715
v -0.07420613616704941 0.9657353758811951 1.5797938108444214
v -0.0793519839644432 0.9894999861717224 1.5283520221710205
v -0.03939912095665932 1.0002018213272095 1.5082982778549194
v -0.015847118571400642 1.012729287147522 1.5188472270965576
v -0.1409798264503479 1.0214999914169312 1.5514798164367676
v -0.08439178764820099 0.9675000309944153 1.569608211517334
v -0.027081657201051712 0.9894541501998901 1.5489182472229004
v -0.03700000420212746 0.9773679971694946 1.5134999752044678
v -0.09134742617607117 0.972000002861023 1.502500057220459
v -0.03049999289214611 0.9926762580871582 1.5464999675750732
v -0.07753987610340118 1.0051501989364624 1.4839999675750732
v -0.15095601975917816 1.003412127494812 1.559272050857544
v -0.06474463641643524 0.9929999709129333 1.5525071620941162
v -0.10900000482797623 0.9840967059135437 1.502500057220459
v -0.07732541114091873 0.9639999866485596 1.5974417924880981
v -0.023095646873116493 0.984499990940094 1.5353724956512451
v -0.03625098615884781 0.9760039448738098 1.569998025894165
v -0.1550000011920929 1.0549190044403076 1.563216209411621
v -0.09775888919830322 0.9725000262260437 1.5042588710784912
v -0.08399999886751175 1.0384182929992676 1.5173546075820923
v -0.11779326945543289 0.9908966422080994 1.5665515661239624
v -0.08065397292375565 0.9835769534111023 1.6070770025253296
v -0.012902605347335339 1.0182921886444092 1.5163052082061768
v -0.11500000208616257 1.017521858215332 1.5154999494552612
v -0.11339706182479858 0.9735000133514404 1.5441029071807861
v -0.14910413324832916 1.0640103816986084 1.5358020067214966
v -0.04124448448419571 0.9937334656715393 1.5737555027008057
v -0.11078904569149017 0.9735000133514404 1.5467109680175781
v -0.0363893024623394 0.9879999756813049 1.5156105756759644
v -0.07373294234275818 0.9690341353416443 1.6032670736312866
v -0.021073149517178535 0.9940691590309143 1.533142328262329
v -0.1349240392446518 0.9700000286102295 1.5701899528503418
v -0.07357210665941238 0.9690240621566772 1.5064759254455566
v -0.11037041991949081 0.996999979019165 1.515870451927185
v -0.09099999815225601 0.9657801389694214 1.6059201955795288
v -0.1469999998807907 0.9839716553688049 1.5644999742507935
v -0.05187803879380226 0.9629999995231628 1.5788170099258423
v -0.058794327080249786 0.9720585346221924 1.500941514968872
v -0.15560589730739594 1.082091212272644 1.5529088973999023
v -0.04507173225283623 0.9605000019073486 1.5679283142089844
v -0.14550000429153442 0.9944999814033508 1.559354543685913
v -0.08728895336389542 0.9715963006019592 1.502500057220459
v -0.09119389951229095 1.0781633853912354 1.5130000114440918
v -0.10451292246580124 1.0347596406936646 1.6039870977401733
v -0.09400000423192978 0.9901723265647888 1.6162241697311401
v -0.13672561943531036 0.9918384552001953 1.578338384628296
v -0.026000000536441803 0.9848914742469788 1.549391508102417
v -0.08399999886751175 1.0388587713241577 1.5174646377563477
v -0.1339869499206543 1.067967414855957 1.5140000581741333
v -0.1105327308177948 1.1019999980926514 1.5025328397750854
v -0.1445063203573227 1.0955063104629517 1.5474915504455566
v -0.027862949296832085 0.9870685338973999 1.531499981880188
v -0.08150000125169754 1.0289262533187866 1.48932945728302
v -0.08264713734388351 0.9854999780654907 1.6079589128494263
v -0.0585327222943306 0.9886331558227539 1.5277336835861206
v -0.11594043672084808 0.980648934841156 1.6035000085830688
v -0.07113446295261383 0.9682114720344543 1.5075770616531372
v -0.15404903888702393 1.077647089958191 1.534500002861023
v -0.10735428333282471 0.9896457195281982 1.503645658493042
v -0.13179804384708405 1.0204999446868896 1.5384470224380493
v -0.11916852742433548 0.9970561861991882 1.5241684913635254
v -0.13516971468925476 0.9778485894203186 1.5780091285705566
v -0.11356852203607559 0.9909314513206482 1.5740203857421875
v -0.06700000166893005 1.0008823871612549 1.5139044523239136
v -0.02467058040201664 0.9893293976783752 1.531499981880188
v -0.08645778149366379 1.0572888851165771 1.5160422325134277
v -0.08550000190734863 1.001302719116211 1.5264999866485596
v -0.09458412230014801 0.9866635203361511 1.4899158477783203
v -0.10124105215072632 0.9904999732971191 1.5507410764694214
v -0.1459999978542328 0.9944999814033508 1.5623522996902466
v -0.09494840353727341 1.089172601699829 1.4922242164611816
v -0.1556578278541565 1.0624735355377197 1.5623421669006348
v -0.09455510973930359 0.9724448919296265 1.503000020980835
v -0.12595407664775848 1.020477056503296 1.5839769840240479
v -0.08299229294061661 1.0190155506134033 1.4929922819137573
v -0.1209084764122963 1.0219999551773071 1.559816837310791
v -0.08796657621860504 0.9903666377067566 1.5379666090011597
v -0.08177110552787781 0.9913855791091919 1.4898855686187744
v -0.13865859806537628 1.0295000076293945 1.597103476524353
v -0.05150000378489494 0.9949508905410767 1.5281498432159424
v -0.029270991683006287 0.9897710084915161 1.5477429628372192
v -0.15096189081668854 1.0363856554031372 1.565500020980835
v -0.11490898579359055 1.022773027420044 1.6331820487976074
v -0.113164983689785 0.9903324842453003 1.5663299560546875
v -0.11702316999435425 0.996999979019165 1.5226820707321167
v -0.009497561492025852 1.0390985012054443 1.527100920677185
v -0.12454169988632202 1.0186251401901245 1.5835000276565552
v -0.08797211199998856 0.9905069470405579 1.5665278434753418
v -0.11161043494939804 0.9916298389434814 1.5760194063186646
v -0.0497279055416584 0.986151933670044 1.5321201086044312
v -0.08337695151567459 0.9950000047683716 1.6051230430603027
v -0.09049999713897705 0.9738162159919739 1.6124999523162842
v -0.10892397165298462 1.0186920166015625 1.5091159343719482
v -0.08550000190734863 1.011597752571106 1.52490234375
v -0.014310593716800213 1.0388106107711792 1.5251893997192383
v -0.10526030510663986 0.9965000152587891 1.5103904008865356
v -0.09216158837080002 0.968500018119812 1.5617256164550781
v -0.026719849556684494 0.9861997365951538 1.5492600202560425
v -0.14650000631809235 1.0468614101409912 1.5355000495910645
v -0.0680435299873352 0.9675000309944153 1.545304298400879
v -0.03889036923646927 0.9896711111068726 1.5758289098739624
v -0.10300000011920929 1.0296107530593872 1.6035553216934204
v -0.12721610069274902 0.9745804667472839 1.5290677547454834
v -0.02574906311929226 0.9852490425109863 1.5292527675628662
v -0.12161887437105179 1.0379999876022339 1.619381070137024
v -0.04739014059305191 0.9884999990463257 1.5071099996566772
v -0.07547037303447723 0.9662351608276367 1.5785295963287354
v -0.11444582790136337 1.1024999618530273 1.4983694553375244
v -0.10430363565683365 1.0199999809265137 1.5383036136627197
v -0.11836962401866913 0.9942392706871033 1.5848151445388794
v -0.09049999713897705 0.9767792820930481 1.6129264831542969
v -0.10715756565332413 0.9665524959564209 1.5978949069976807
v -0.10207530856132507 1.0960752964019775 1.4977169036865234
v -0.030596913769841194 1.0190154314041138 1.5420000553131104
v -0.15516802668571472 1.0153279304504395 1.5616639852523804
v -0.1041424348950386 1.0344818830490112 1.6043576002120972
v -0.05794687196612358 0.9934999942779541 1.5595399141311646
v -0.06108526512980461 0.9963294863700867 1.4970852136611938
v -0.034092552959918976 0.9875308275222778 1.5179073810577393
v -0.09041647613048553 0.968500018119812 1.5633752346038818
v -0.1363614797592163 0.9922229647636414 1.5845540761947632
v -0.11876673996448517 1.089300274848938 1.49399995803833
v -0.03601888567209244 0.9750755429267883 1.5704622268676758
v -0.043309103697538376 0.9613454341888428 1.5692682266235352
v -0.13692639768123627 1.0186320543289185 1.5425000190734863
v -0.09810617566108704 1.0185353755950928 1.4975706338882446
v -0.10304100066423416 0.9886639714241028 1.6115820407867432
v -0.10282900184392929 0.9725000262260437 1.5071645975112915
v -0.11718583106994629 0.9902433156967163 1.585814118385315
v -0.09349999576807022 0.9855970144271851 1.6150000095367432
v -0.09297117590904236 0.9954999685287476 1.5965287685394287
v -0.08980979770421982 1.0195000171661377 1.5195796489715576
v -0.05350000783801079 0.9791856408119202 1.5865000486373901
v -0.15820161998271942 1.0710082054138184 1.5600967407226562
v -0.014405334368348122 1.0148919820785522 1.517405390739441
v -0.03099999763071537 1.0154290199279785 1.5422618389129639
v -0.06212529540061951 0.9894582033157349 1.496000051498413
v -0.08519940823316574 0.9894999861717224 1.5346994400024414
v -0.035160355269908905 1.013519048690796 1.5011603832244873
v -0.07742468267679214 0.9664999842643738 1.5765752792358398
v -0.12636679410934448 1.1009999513626099 1.5193002223968506
v -0.11600000411272049 1.0168401002883911 1.6295360326766968
v -0.1102268248796463 0.9900000095367432 1.5619536638259888
v -0.10900000482797623 0.9850530028343201 1.502500057220459
v -0.1543920338153839 1.0517301559448242 1.564054012298584
v -0.10516801476478577 1.0199159383773804 1.539336085319519
v -0.012555744498968124 1.019332766532898 1.5156114101409912
v -0.09049999713897705 0.9694313406944275 1.6113970279693604
v -0.10478296130895615 1.0199999809265137 1.5387829542160034
v -0.08550000190734863 1.010610818862915 1.5255000591278076
v -0.07397565990686417 1.0136586427688599 1.4848414659500122
v -0.12850910425186157 1.1003303527832031 1.5221787691116333
v -0.025718847289681435 0.9882811307907104 1.531499981880188
v -0.11163628101348877 1.1021021604537964 1.5036022663116455
v -0.09865214675664902 0.9904999732971191 1.5477391481399536
v -0.10685576498508453 0.9993557929992676 1.617737054824829
v -0.10364164412021637 1.0341062545776367 1.6048583984375
v -0.08100000023841858 0.9878090023994446 1.4884146451950073
v -0.10268852859735489 1.0199999809265137 1.5362827777862549
v -0.1220371425151825 0.9690185785293579 1.5864628553390503
v -0.075703926384449 0.9854999780654907 1.6042039394378662
v -0.15483391284942627 1.0118356943130493 1.5601677894592285
v -0.005785331130027771 1.0204293727874756 1.5362852811813354
v -0.11528363823890686 0.9822909235954285 1.6035000085830688
v -0.11221801489591599 1.080090045928955 1.5377819538116455
v -0.10865311324596405 0.9670510292053223 1.5968979597091675
v -0.09535472095012665 0.9735000133514404 1.5246453285217285
v -0.13612602651119232 0.9706260561943054 1.5631219148635864
v -0.11077603697776794 1.1019999980926514 1.5027761459350586
v -0.13143351674079895 1.0633670091629028 1.5140000581741333
v -0.0668988823890686 0.9673497080802917 1.5098005533218384
v -0.056405168026685715 0.9885315895080566 1.5290632247924805
v -0.14461036026477814 0.9944999814033508 1.5737597942352295
v -0.13650000095367432 1.0126522779464722 1.5425000190734863
v -0.11581077426671982 0.9746215343475342 1.512378454208374
v -0.13101692497730255 1.0625338554382324 1.5140000581741333
v -0.08456971496343613 0.9916394352912903 1.5260000228881836
v -0.1518145501613617 1.0402581691741943 1.565500020980835
v -0.07853537797927856 0.9854999780654907 1.6060234308242798
v -0.14713838696479797 1.0920212268829346 1.5441383123397827
v -0.025578780099749565 0.9843151569366455 1.5480787754058838
v -0.1297827810049057 0.9996741414070129 1.6007827520370483
v -0.08878679573535919 1.0195000171661377 1.518180251121521
v -0.12727655470371246 1.1007411479949951 1.5205353498458862
v -0.14650000631809235 1.0475642681121826 1.5355000495910645
v -0.08756238967180252 1.0196458101272583 1.5165623426437378
v -0.14375793933868408 1.035010576248169 1.5384947061538696
v -0.054932720959186554 1.0244255065917969 1.4937835931777954
v -0.046172235161066055 0.9860000014305115 1.5786291360855103
v -0.11400000005960464 1.027901530265808 1.6355669498443604
v -0.0882854163646698 0.9725000262260437 1.529976487159729
v -0.02719883807003498 1.0317018032073975 1.5388990640640259
v -0.04969486594200134 1.0198050737380981 1.5216580629348755
v -0.0865742564201355 0.9679999947547913 1.5674257278442383
v -0.08881084620952606 0.9904999732971191 1.5652837753295898
v -0.12437836080789566 0.9975000023841858 1.5293784141540527
v -0.08739341050386429 0.9844733476638794 1.612446665763855
v -0.09405003488063812 0.9955250024795532 1.5953998565673828
v -0.04848913848400116 0.9954999685287476 1.5663831233978271
v -0.12821249663829803 1.1004291772842407 1.5217833518981934
v -0.10532711446285248 1.01983642578125 1.53965425491333
v -0.08550000190734863 0.9996929168701172 1.5264999866485596
v -0.024500003084540367 0.9846915602684021 1.5329253673553467
v -0.058614909648895264 0.9886537194252014 1.5276925563812256
v -0.049655474722385406 0.9660000205039978 1.5228360891342163
v -0.1145000010728836 1.0261595249176025 1.6348637342453003
v -0.04522345960140228 0.9860000014305115 1.577723503112793
v -0.1448967158794403 1.0260000228881836 1.5808098316192627
v -0.10249999910593033 1.0206811428070068 1.6022270917892456
v -0.09650551527738571 0.984499990940094 1.613997220993042
v -0.09747759997844696 0.984499990940094 1.6135112047195435
v -0.11506578326225281 1.018855333328247 1.5135658979415894
v -0.12950000166893005 0.9836664795875549 1.5284333229064941
v -0.14956949651241302 1.0903609991073608 1.5466042757034302
v -0.07806819677352905 1.003590703010559 1.4840682744979858
v -0.13650000095367432 0.9701055288314819 1.5615779161453247
v -0.12686295807361603 0.9958629608154297 1.598362922668457
v -0.1533919870853424 1.0759799480438232 1.534500002861023
v -0.06970562785863876 0.9632056355476379 1.5841915607452393
v -0.04265734553337097 0.9854999780654907 1.5749859809875488
v -0.11390332877635956 1.0195000171661377 1.5502043962478638
v -0.12389922142028809 1.0178992748260498 1.5831996202468872
v -0.013884934596717358 1.0157876014709473 1.5169425010681152
v -0.10096254199743271 1.0199812650680542 1.533943772315979
v -0.09196787327528 0.9953226447105408 1.5977095365524292
v -0.024625780060887337 1.0361870527267456 1.5380419492721558
v -0.12915123999118805 0.97467440366745 1.5364768505096436
v -0.11389962583780289 1.0184999704360962 1.512466549873352
v -0.03696787357330322 1.0300321578979492 1.503854751586914
v -0.1536334753036499 1.0218665599822998 1.5697999000549316
v -0.07835140079259872 1.0210000276565552 1.506340503692627
v -0.10221914201974869 0.9904999732971191 1.5517191886901855
v -0.14800000190734863 1.0571491718292236 1.5355000495910645
v -0.019144022837281227 1.0097839832305908 1.5211440324783325
v -0.04841850697994232 0.9884999990463257 1.506081461906433
v -0.05970840901136398 0.9828541874885559 1.498427152633667
v -0.13312585651874542 1.0063775777816772 1.6047518253326416
v -0.06621156632900238 1.005153775215149 1.5124231576919556
v -0.11506317555904388 1.0188544988632202 1.5135632753372192
v -0.11136844009160995 1.0394341945648193 1.6049342155456543
v -0.11460351198911667 1.018701195716858 1.5131036043167114
v -0.13111512362957 0.9744424223899841 1.538672685623169
v -0.013539916835725307 1.0399202108383179 1.5274600982666016
v -0.07714218646287918 0.9854999780654907 1.6053210496902466
v -0.13143694400787354 1.0974173545837402 1.5157086849212646
v -0.11360438913106918 1.1024999618530273 1.4989304542541504
v -0.07329754531383514 0.9854999780654907 1.6022975444793701
v -0.106970876455307 1.0195000171661377 1.541728138923645
v -0.11500000208616257 1.0194740295410156 1.5154999494552612
v -0.11050904542207718 0.9900000095367432 1.5625135898590088
v -0.09068269282579422 0.972000002861023 1.502500057220459
v -0.09530059248209 1.0881011486053467 1.5119999647140503
v -0.11333537846803665 0.9735000133514404 1.5441646575927734
v -0.05177456513047218 1.0149508714675903 1.5250492095947266
v -0.03900862857699394 0.9900129437446594 1.5755000114440918
v -0.047259196639060974 0.9649999737739563 1.5244938135147095
v -0.14317592978477478 0.9743518233299255 1.5623379945755005
v -0.1160300150513649 1.0966500043869019 1.5319398641586304
v -0.02721848152577877 1.03683602809906 1.510836124420166
v -0.10288526117801666 1.0967568159103394 1.4981284141540527
v -0.0635853260755539 0.9663048982620239 1.516304850578308
v -0.09705490618944168 0.9697774648666382 1.5574450492858887
v -0.09604554623365402 1.029931664466858 1.494545578956604
v -0.004325397778302431 1.0236746072769165 1.5362671613693237
v -0.09377110749483109 0.9941866397857666 1.6174999475479126
v -0.10407139360904694 0.9965000152587891 1.5086071491241455
v -0.08284892141819 0.984000027179718 1.6088489294052124
v -0.10312483459711075 0.9934999942779541 1.5848335027694702
v -0.04393640533089638 0.9645000100135803 1.5267817974090576
v -0.007776735816150904 1.0172977447509766 1.536574363708496
v -0.10036337375640869 0.9850000143051147 1.6122121810913086
v -0.03907449543476105 0.9624999761581421 1.5597234964370728
v -0.10690175741910934 0.972800612449646 1.5500982999801636
v -0.10977789014577866 1.038638949394226 1.604138970375061
v -0.13344034552574158 0.971480131149292 1.5480397939682007
v -0.05949999764561653 0.9688371419906616 1.5036628246307373
v -0.07113435119390488 0.9884999990463257 1.493288516998291
v -0.1271294355392456 0.9695647358894348 1.5710647106170654
v -0.053180765360593796 0.9664999842643738 1.5211063623428345
v -0.11611086875200272 1.0202035903930664 1.553314447402954
v -0.12612155079841614 1.1009999513626099 1.5189323425292969
v -0.12896448373794556 1.0098578929901123 1.5684645175933838
v -0.07794344425201416 1.0041413307189941 1.4839999675750732
v -0.09772451967000961 0.9949387311935425 1.5987755060195923
v -0.13178221881389618 1.0969570875167847 1.515478491783142
v -0.1279008984565735 1.0219008922576904 1.5844999551773071
v -0.07904496043920517 0.9666816592216492 1.575136661529541
v -0.02702372707426548 1.0369820594787598 1.5109821557998657
v -0.05820021778345108 1.0001996755599976 1.4937002658843994
v -0.09475654363632202 0.9692521691322327 1.5597434043884277
v -0.10103437304496765 1.0190000534057617 1.4996508359909058
v -0.0954807698726654 1.0899711847305298 1.492490291595459
v -0.0820000022649765 1.0631771087646484 1.480411410331726
v -0.14456471800804138 1.0955647230148315 1.54741370677948
v -0.08249999582767487 1.068739891052246 1.478314995765686
v -0.0559999980032444 0.9660000205039978 1.5574678182601929
v -0.07208949327468872 0.9685298204421997 1.5069701671600342
v -0.09772151708602905 1.0944430828094482 1.5107784271240234
v -0.10465317964553833 1.052653193473816 1.4904617071151733
v -0.09521645307540894 0.9904999732971191 1.545074701309204
v -0.10883548110723495 0.9900000095367432 1.5591710805892944
v -0.06747762858867645 0.9884999990463257 1.4943407773971558
v -0.11511171609163284 1.019805908203125 1.551917552947998
v -0.08581168204545975 0.9896558523178101 1.535467505455017
v -0.1055000051856041 1.0361696481704712 1.6040045022964478
v -0.10055413097143173 1.0018852949142456 1.5994999408721924
v -0.08700605481863022 1.081512212753296 1.4805060625076294
v -0.12611360847949982 0.9949204325675964 1.5976135730743408
v -0.12670210003852844 0.973202109336853 1.529797911643982
v -0.03655917942523956 0.9922938942909241 1.5286469459533691
v -0.15152758359909058 1.0391104221343994 1.565500020980835
v -0.1125798374414444 1.061819314956665 1.4920798540115356
v -0.025000005960464478 0.981499969959259 1.5465762615203857
v -0.06752970814704895 0.9961567521095276 1.5864702463150024
v -0.09688243269920349 1.0362944602966309 1.493499994277954
v -0.05350000783801079 0.9769249558448792 1.5867687463760376
v -0.09941855818033218 0.9899072051048279 1.597244381904602
v -0.11400000005960464 1.0114707946777344 1.5162116289138794
v -0.10901489853858948 1.0690447092056274 1.5399999618530273
v -0.12752822041511536 0.9750000238418579 1.5335564613342285
v -0.08570176362991333 1.053807020187378 1.5167982578277588
v -0.1388751119375229 1.0221878290176392 1.6109999418258667
v -0.028981147333979607 1.0267971754074097 1.5399811267852783
v -0.11361221969127655 1.1035000085830688 1.5051496028900146
v -0.024296879768371582 0.984499990940094 1.5337707996368408
v -0.05150000378489494 0.9935391545295715 1.5283515453338623
v -0.0565275140106678 0.9893425107002258 1.4998149871826172
v -0.10228704661130905 0.9725000262260437 1.506893515586853
v -0.12844079732894897 0.9683815836906433 1.5515592098236084
v -0.11095622926950455 1.0593687295913696 1.4914562702178955
v -0.14775413274765015 1.0540164709091187 1.5355000495910645
v -0.11618199199438095 1.020227313041687 1.5534093379974365
v -0.11076457053422928 1.0195000171661377 1.5462645292282104
v -0.10751517117023468 1.0545151233673096 1.4895050525665283
v -0.12078888714313507 1.0132222175598145 1.5821443796157837
v -0.07428419589996338 0.9854999780654907 1.603022813796997
v -0.028094379231333733 1.0300281047821045 1.5394999980926514
v -0.11167356371879578 0.9916087985038757 1.5759352445602417
v -0.07626044005155563 0.9929999709129333 1.5787395238876343
v -0.14650000631809235 1.0449068546295166 1.5355000495910645
v -0.02979515865445137 0.9992731213569641 1.52843177318573
v -0.12313050776720047 1.0204999446868896 1.525945782661438
v -0.15549999475479126 1.0619724988937378 1.5625054836273193
v -0.12997829914093018 1.0997607707977295 1.5242174863815308
v -0.10583073645830154 1.0290155410766602 1.5418307781219482
v -0.1142369881272316 1.0270260572433472 1.6352629661560059
v -0.030972955748438835 1.0171352624893188 1.5420000553131104
v -0.10855623334646225 1.0555561780929565 1.4898520708084106
v -0.10892146080732346 1.0195000171661377 1.5438822507858276
v -0.13599999248981476 0.9716203212738037 1.558753252029419
v -0.10078990459442139 0.9959999918937683 1.5046932697296143
v -0.0985000878572464 1.043750286102295 1.493749976158142
v -0.015454581938683987 1.0394999980926514 1.5231362581253052
v -0.07794185727834702 0.9830581545829773 1.6054128408432007
v -0.13184401392936707 0.9708830118179321 1.5491169691085815
v -0.006647963542491198 1.0329999923706055 1.528117299079895
v -0.14164786040782928 1.000030517578125 1.5822652578353882
v -0.12945879995822906 0.9991881847381592 1.6004587411880493
v -0.15675802528858185 1.0857901573181152 1.5342580080032349
v -0.061345942318439484 0.9955639839172363 1.5936540365219116
v -0.02715676836669445 1.0317648649215698 1.5388675928115845
v -0.09639739990234375 0.9954999685287476 1.5914039611816406
v -0.11497069150209427 1.0168241262435913 1.5154999494552612
v -0.011901992373168468 1.0283039808273315 1.513951063156128
v -0.03871297091245651 0.971574068069458 1.515212893486023
v -0.14621688425540924 0.9943584203720093 1.5608208179473877
v -0.01231754757463932 1.0202298164367676 1.515317440032959
v -0.15273554623126984 1.0459423065185547 1.5652644634246826
v -0.047774214297533035 0.9884999990463257 1.506725788116455
v -0.10932989418506622 1.0699896812438965 1.5399999618530273
v -0.1292867660522461 0.9705955982208252 1.5721911191940308
v -0.04152336344122887 1.027500033378601 1.5009825229644775
v -0.11874432116746902 1.0972670316696167 1.4955114126205444
v -0.1379186064004898 1.0856627225875854 1.5119999647140503
v -0.05829281732439995 0.9742071628570557 1.4992928504943848
v -0.10383396595716476 1.0199999809265137 1.5378339290618896
v -0.055101942270994186 0.9855339527130127 1.587601900100708
v -0.12296345829963684 0.9664634466171265 1.535036563873291
v -0.049047235399484634 0.9887736439704895 1.5054527521133423
v -0.08894722908735275 1.084920883178711 1.4829208850860596
v -0.08563203364610672 0.9678773283958435 1.5683679580688477
v -0.1319100707769394 1.0244101285934448 1.5721025466918945
v -0.05513396114110947 1.007696270942688 1.4902679920196533
v -0.12605580687522888 1.1009999513626099 1.5188337564468384
v -0.05150000378489494 0.9908290505409241 1.5289177894592285
v -0.15858416259288788 1.076163411140442 1.5576683282852173
v -0.11376038938760757 1.0410798788070679 1.625239610671997
v -0.13397881388664246 1.0094152688980103 1.6069364547729492
v -0.08551718294620514 1.05306875705719 1.5169827938079834
v -0.11749999970197678 1.0823676586151123 1.4935919046401978
v -0.031818583607673645 0.9827728867530823 1.5585914850234985
v -0.023000003769993782 0.9841800332069397 1.5359798669815063
v -0.09667197614908218 1.0184999704360962 1.495508074760437
v -0.12506411969661713 1.0445854663848877 1.5124785900115967
v -0.04313234984874725 0.9640514850616455 1.5211323499679565
v -0.12197410315275192 1.1009999513626099 1.5231443643569946
v -0.124347023665905 0.9975000023841858 1.5293470621109009
v -0.14247040450572968 0.9941567778587341 1.5755295753479004
v -0.13905760645866394 1.0980000495910645 1.5328717231750488
v -0.0754891112446785 0.9909999966621399 1.5440081357955933
v -0.08205579221248627 0.984000027179718 1.608055830001831
v -0.15167227387428284 1.095885157585144 1.53988516330719
v -0.11699734628200531 0.9744986891746521 1.521494746208191
v -0.11145668476819992 1.0184999704360962 1.5109566450119019
v -0.14857007563114166 1.0626752376556396 1.5355350971221924
v -0.12559303641319275 1.1014690399169922 1.5204378366470337
v -0.047172002494335175 0.9884999990463257 1.5073280334472656
v -0.056959833949804306 0.9884999990463257 1.528693437576294
v -0.02761037088930607 1.0310845375061035 1.5392078161239624
v -0.129240483045578 0.996999979019165 1.5353606939315796
v -0.10263892263174057 1.101138949394226 1.5058610439300537
v -0.03905092552304268 0.9853503108024597 1.5704011917114258
v -0.14264941215515137 0.9732988476753235 1.5620746612548828
v -0.13058219850063324 1.0616644620895386 1.5140000581741333
v -0.1360655277967453 0.9855861663818359 1.5826517343521118
v -0.04354318231344223 0.9627715945243835 1.5668147802352905
v -0.0015000032726675272 1.028454065322876 1.5329999923706055
v -0.09040286391973495 1.0869513750076294 1.485805630683899
v -0.13121570646762848 1.0266470909118652 1.5855000019073486
v -0.13355407118797302 1.0204999446868896 1.5410810708999634
v -0.030563589185476303 1.0347181558609009 1.5087182521820068
v -0.1481061428785324 1.060530662536621 1.5355000495910645
v -0.023151222616434097 1.0384243726730347 1.5138866901397705
v -0.131208136677742 0.9719442129135132 1.573708176612854
v -0.10633973032236099 0.9900000095367432 1.555953025817871
v -0.11170989274978638 0.96760493516922 1.5947901010513306
v -0.007845860905945301 1.0172054767608643 1.5365513563156128
v -0.1145000010728836 1.025395154953003 1.634558081626892
v -0.15167565643787384 1.071851372718811 1.5351622104644775
v -0.0819382518529892 1.0208426713943481 1.4916573762893677
v -0.15408633649349213 1.0839136838912964 1.5510863065719604
v -0.12469267845153809 0.974846363067627 1.5291926860809326
v -0.13650000095367432 0.9704874157905579 1.560050129890442
v -0.04250909760594368 0.9624999761581421 1.5650182962417603
v -0.14370237290859222 0.9751349091529846 1.5625674724578857
v -0.0292064156383276 0.9897063970565796 1.547764539718628
v -0.051003001630306244 1.0261987447738647 1.4951988458633423
v -0.08199413865804672 0.9790351390838623 1.4929882287979126
v -0.08462642878293991 0.9725000262260437 1.532415747642517
v -0.02271832525730133 0.9918755292892456 1.532593846321106
v -0.1270659863948822 1.0516979694366455 1.560934066772461
v -0.10605227202177048 1.041738748550415 1.5414477586746216
v -0.0789952203631401 0.9860239028930664 1.6130000352859497
v -0.1289999932050705 1.0101033449172974 1.568525791168213
v -0.07348023355007172 0.9710395336151123 1.6030000448226929
v -0.09509623050689697 0.9846150875091553 1.4893075227737427
v -0.033820025622844696 0.9916599988937378 1.5462599992752075
v -0.0925000011920929 1.0245144367218018 1.6285048723220825
v -0.12392167001962662 1.0392650365829468 1.5605000257492065
v -0.10450000315904617 0.9944624304771423 1.6152312755584717
v -0.042266596108675 0.9854999780654907 1.5743999481201172
v -0.023000003769993782 0.9829999804496765 1.5413520336151123
v -0.12389768660068512 1.0240511894226074 1.5681023597717285
v -0.038225989788770676 0.9621130228042603 1.55833899974823
v -0.10830394178628922 1.0195000171661377 1.5429558753967285
v -0.11725209653377533 0.9760041832923889 1.5112478733062744
v -0.1422049105167389 1.0942049026489258 1.5497950315475464
v -0.13940340280532837 1.0830966234207153 1.5117982625961304
v -0.07533435523509979 0.9695835709571838 1.5058327913284302
v -0.14308343827724457 1.0264999866485596 1.5871661901474
v -0.05069979652762413 0.963066577911377 1.5193002223968506
v -0.09763196110725403 1.0919479131698608 1.4946320056915283
v -0.05609672889113426 0.9660000205039978 1.5568548440933228
v -0.13750000298023224 1.0237982273101807 1.5414999723434448
v -0.1119999960064888 0.9909736514091492 1.55649995803833
v -0.020895831286907196 1.0076041221618652 1.5225971937179565
v -0.08322777599096298 1.018088936805725 1.4939111471176147
v -0.1561107486486435 1.0640537738800049 1.5618892908096313
v -0.061622388660907745 0.9894999861717224 1.4962518215179443
v -0.10620670765638351 1.040966510772705 1.5412932634353638
v -0.0807252749800682 0.9675494432449341 1.499175786972046
v -0.04610839858651161 0.9599999785423279 1.5668915510177612
v -0.1113690510392189 0.9677380919456482 1.5931071043014526
v -0.05867070332169533 0.9941138029098511 1.5954431295394897
v -0.10486481338739395 0.9934999942779541 1.5826351642608643
v -0.07670044898986816 1.0145667791366577 1.4839999675750732
v -0.06332352757453918 0.992774486541748 1.5544019937515259
v -0.12299098074436188 1.0227454900741577 1.5639820098876953
v -0.054669152945280075 0.9890000224113464 1.501330852508545
v -0.0262173842638731 0.9818586707115173 1.5504347085952759
v -0.10987391322851181 1.1030000448226929 1.5013130903244019
v -0.11109984666109085 0.9710332751274109 1.5198668241500854
v -0.13172781467437744 1.0986814498901367 1.526637077331543
v -0.11167620122432709 1.1021322011947632 1.5036321878433228
v -0.15372149646282196 1.0078859329223633 1.5592215061187744
v -0.08399999886751175 1.0432161092758179 1.5180000066757202
v -0.10415101796388626 1.0521509647369385 1.4908490180969238
v -0.12424436956644058 1.0407218933105469 1.5607444047927856
v -0.09920275211334229 1.0294054746627808 1.4951486587524414
v -0.13620907068252563 1.0310819149017334 1.6013728380203247
v -0.027124131098389626 0.991620659828186 1.54812753200531
v -0.11076394468545914 1.073555827140808 1.5389721393585205
v -0.11018872261047363 1.0195000171661377 1.5456887483596802
v -0.07828257977962494 0.9639999866485596 1.5978913307189941
v -0.040779851377010345 0.9894999861717224 1.5368133783340454
v -0.10837426781654358 1.1005828380584717 1.5010828971862793
v -0.15010344982147217 1.096930980682373 1.5413964986801147
v -0.14345641434192657 1.0264999866485596 1.5856744050979614
v -0.13563872873783112 0.9797080755233765 1.5791387557983398
v -0.12152424454689026 1.0379999876022339 1.6194757223129272
v -0.08422140777111053 1.0448856353759766 1.5177786350250244
v -0.07686758786439896 0.9808972477912903 1.4903675317764282
v -0.08007142692804337 0.9854999780654907 1.60702383518219
v -0.025000005960464478 0.981499969959259 1.5457112789154053
v -0.09549999982118607 0.9790067076683044 1.4894983768463135
v -0.12325059622526169 0.9681252837181091 1.568687915802002
v -0.036945972591638565 0.9629459381103516 1.5341620445251465
v -0.03198235481977463 0.9872411489486694 1.520276427268982
v -0.11592568457126617 1.0152770280838013 1.628851294517517
v -0.09870721399784088 0.9725000262260437 1.5051381587982178
v -0.050031326711177826 0.9629999995231628 1.5755313634872437
v -0.1252642571926117 1.0201321840286255 1.5836321115493774
v -0.07074771821498871 0.9859174489974976 1.599747657775879
v -0.09049999713897705 0.9731698632240295 1.6123899221420288
v -0.0712520182132721 1.0162479877471924 1.4837496280670166
v -0.1473732590675354 1.0524930953979492 1.5355000495910645
v -0.08029408007860184 0.9711177349090576 1.4945881366729736
v -0.11351560801267624 1.064789056777954 1.4930155277252197
v -0.10136033594608307 1.095360279083252 1.4972401857376099
v -0.05428493022918701 0.9735752940177917 1.5867849588394165
v -0.11250000447034836 0.9978743195533752 1.55649995803833
v -0.047296084463596344 0.9649999737739563 1.524469256401062
v -0.13512885570526123 1.0981742143630981 1.5294773578643799
v -0.08740947395563126 0.9844773411750793 1.6124547719955444
v -0.05675071105360985 0.9645835757255554 1.515332818031311
v -0.03162413835525513 0.9909060597419739 1.5470939874649048
v -0.08550000190734863 1.0036717653274536 1.5268656015396118
v -0.1095239520072937 0.9890000224113464 1.566261887550354
v -0.04372032731771469 0.9857401251792908 1.5762202739715576
v -0.12478276342153549 0.9688913822174072 1.569837212562561
v -0.1462315171957016 1.0930370092391968 1.5426945686340332
v -0.11737830936908722 1.0813915729522705 1.493499994277954
v -0.1432468444108963 1.0950822830200195 1.5487531423568726
v -0.03099999763071537 1.0126410722732544 1.542771816253662
v -0.04355669021606445 0.9934716820716858 1.515584945678711
v -0.08247087895870209 1.0658835172653198 1.4790582656860352
v -0.03920070454478264 0.9879999756813049 1.5131995677947998
v -0.05077260732650757 0.9884999990463257 1.5316137075424194
v -0.07358643412590027 0.9695000052452087 1.5409135818481445
v -0.11600000411272049 0.9791601300239563 1.6026067733764648
v -0.1357700377702713 0.9863249063491821 1.5830949544906616
v -0.11400000005960464 1.0053297281265259 1.5180851221084595
v -0.1355571299791336 1.0866713523864746 1.5575000047683716
v -0.12570573389530182 1.0454410314559937 1.5122647285461426
v -0.1401762068271637 1.0214999914169312 1.5506762266159058
v -0.02191673219203949 1.0067222118377686 1.5232778787612915
v -0.05739262327551842 1.002214789390564 1.4923925399780273
v -0.1351495385169983 0.9777476787567139 1.5779485702514648
v -0.14116933941841125 0.9784233570098877 1.5424153804779053
v -0.13660766184329987 1.0304462909698486 1.6003384590148926
v -0.07895585894584656 0.9987207651138306 1.484955906867981
v -0.09894756227731705 0.9954738020896912 1.5029213428497314
v -0.06700000166893005 1.0010793209075928 1.513855218887329
v -0.11450472474098206 1.0140284299850464 1.5154999494552612
v -0.14800000190734863 1.0570749044418335 1.5355000495910645
v -0.11600000411272049 0.9795973300933838 1.6028982400894165
v -0.03898971155285835 0.9899691343307495 1.5755308866500854
v -0.15671509504318237 1.0664302110671997 1.5613924264907837
v -0.05137339234352112 1.0157532691955566 1.5242468118667603
v -0.0692598894238472 0.9893799424171448 1.5234999656677246
v -0.09417641907930374 1.0184999704360962 1.4930146932601929
v -0.14526821672916412 1.0393410921096802 1.537231683731079
v -0.06260865926742554 0.993282675743103 1.4986087083816528
v -0.12457326799631119 0.974786639213562 1.5290732383728027
v -0.11500000208616257 1.0213552713394165 1.5154999494552612
v -0.03420045226812363 0.9947327375411987 1.5294331312179565
v -0.13262230157852173 1.0251222848892212 1.5722805261611938
v -0.09400000423192978 0.9923586845397949 1.617043375968933
v -0.07660658657550812 0.9929999709129333 1.5783933401107788
v -0.09852305054664612 0.9949923157691956 1.5889769792556763
v -0.1408500224351883 0.9937124848365784 1.5768624544143677
v -0.12279582023620605 1.0379999876022339 1.6178061962127686
v -0.0783180445432663 0.9606819748878479 1.5992729663848877
v -0.11400000005960464 1.0065475702285767 1.5177381038665771
v -0.12950000166893005 0.9885091781616211 1.5303773880004883
v -0.11464819312095642 0.968500018119812 1.5923519134521484
v -0.07455632090568542 0.9854999780654907 1.6032042503356934
v -0.03049999289214611 0.996655285358429 1.5461407899856567
v -0.10459589958190918 0.9706438183784485 1.5083081722259521
v -0.13334578275680542 1.0204999446868896 1.5407687425613403
v -0.08223819732666016 1.0205872058868408 1.5101509094238281
v -0.12503786385059357 0.9975000023841858 1.5305757522583008
v -0.023057840764522552 0.9829999804496765 1.5440868139266968
v -0.06325843930244446 0.9661207795143127 1.508758306503296
v -0.12797531485557556 1.0504505634307861 1.5125000476837158
v -0.09549999982118607 0.9775897860527039 1.490910291671753
v -0.09861971437931061 1.093119740486145 1.4954131841659546
v -0.10027383267879486 1.0011845827102661 1.5994999408721924
v -0.15199999511241913 1.0412622690200806 1.565500020980835
v -0.14588239789009094 1.0968823432922363 1.5456568002700806
v -0.08600181341171265 1.0550090074539185 1.5164982080459595
v -0.13948071002960205 0.9934903383255005 1.5790289640426636
v -0.10846088826656342 1.0195000171661377 1.5431913137435913
v -0.13284079730510712 1.0953184366226196 1.5148296356201172
v -0.13544762134552002 0.9792381525039673 1.5788428783416748
v -0.06209750100970268 0.9860000014305115 1.5937987565994263
v -0.05350000783801079 0.9776225686073303 1.5865943431854248
v -0.11236076056957245 0.9939430356025696 1.55649995803833
v -0.10300000011920929 1.0106173753738403 1.600000023841858
v -0.13621945679187775 0.9824026823043823 1.5805610418319702
v -0.06285982578992844 0.9661199450492859 1.5118800401687622
v -0.1552877426147461 1.0165754556655884 1.5631510019302368
v -0.11718743294477463 1.0299371480941772 1.515187382698059
v -0.02699999511241913 0.967139482498169 1.5425465106964111
v -0.09099999815225601 1.0744966268539429 1.5132006406784058
v -0.15805183351039886 1.0702593326568604 1.5603963136672974
v -0.11828833073377609 0.996999979019165 1.523525595664978
v -0.13480395078659058 1.0121079683303833 1.6083039045333862
v -0.037437502294778824 0.9575208425521851 1.5434999465942383
v -0.05502919852733612 0.9660000205039978 1.5594562292099
v -0.09116044640541077 0.9648395776748657 1.6033581495285034
v -0.07090117037296295 1.0165988206863403 1.4838197231292725
v -0.03635028749704361 0.96257483959198 1.5357993841171265
v -0.10249999910593033 1.0213721990585327 1.6024574041366577
v -0.15035082399845123 1.0236623287200928 1.5731492042541504
v -0.09465692192316055 0.9944999814033508 1.4981569051742554
v -0.1293407678604126 1.0133631229400635 1.569340705871582
v -0.1438773274421692 1.0952924489974976 1.5481226444244385
v -0.11175127327442169 0.9869999885559082 1.6069364547729492
v -0.13385020196437836 1.008900761604309 1.6065505743026733
v -0.09444259852170944 0.9904999732971191 1.557557463645935
v -0.07004522532224655 0.9948031902313232 1.583606243133545
v -0.12427230179309845 0.9970892071723938 1.566499948501587
v -0.12430218607187271 1.0204999446868896 1.528104305267334
v -0.07854713499546051 0.9924842715263367 1.5759528875350952
v -0.10081760585308075 0.9850000143051147 1.612060785293579
v -0.1521461308002472 1.043230652809143 1.565500020980835
v -0.15498794615268707 1.0802198648452759 1.534500002861023
v -0.13887374103069305 0.993186891078949 1.579939365386963
v -0.1303703337907791 1.0629258155822754 1.559499979019165
v -0.09200000017881393 1.0197350978851318 1.6253939867019653
v -0.09961626678705215 0.9904999732971191 1.548924446105957
v -0.13094747066497803 0.9745000004768372 1.5384474992752075
v -0.09122399985790253 0.9647759795188904 1.6031039953231812
v -0.11491921544075012 1.07001531124115 1.4939192533493042
v -0.13750000298023224 1.0232230424880981 1.5414999723434448
v -0.030021825805306435 0.9865072965621948 1.5224782228469849
v -0.07967773824930191 0.9949336051940918 1.485677719116211
v -0.02287806011736393 1.0385406017303467 1.5141220092773438
v -0.019397137686610222 1.0094043016433716 1.5213971138000488
v -0.15199999511241913 1.0412561893463135 1.565500020980835
v -0.013857798650860786 1.039284348487854 1.5271421670913696
v -0.10288245975971222 1.0199999809265137 1.5365736484527588
v -0.12841449677944183 1.1003618240356445 1.5220526456832886
v -0.105438232421875 1.0407191514968872 1.632280945777893
v -0.1406698077917099 1.0303395986557007 1.5401650667190552
v -0.11392191797494888 1.1024999618530273 1.4987187385559082
v -0.11576145142316818 1.1035000085830688 1.5081422328948975
v -0.10717028379440308 1.1030000448226929 1.5026979446411133
v -0.12357781082391739 1.0382333993911743 1.5605000257492065
v -0.03399796038866043 1.0320019721984863 1.5060020685195923
v -0.13249999284744263 1.072111964225769 1.559000015258789
v -0.1095578745007515 0.9900000095367432 1.5606157779693604
v -0.09080753475427628 0.968500018119812 1.562788724899292
v -0.12670861184597015 1.0500431060791016 1.5609999895095825
v -0.11310397833585739 0.9682013392448425 1.593597412109375
v -0.1140504851937294 0.968500018119812 1.592949628829956
v -0.050272632390260696 1.019227385520935 1.5226210355758667
v -0.10123450309038162 1.0376758575439453 1.6330000162124634
v -0.12873795628547668 0.9919344782829285 1.5936964750289917
v -0.04426079988479614 0.9931195974349976 1.5166411399841309
v -0.10874249041080475 0.96708083152771 1.596838355064392
v -0.12196376174688339 0.9689879417419434 1.5865362882614136
v -0.14465761184692383 1.0366305112838745 1.5378423929214478
v -0.09431972354650497 1.086139440536499 1.5119999647140503
v -0.11168381571769714 1.0057450532913208 1.6221837997436523
v -0.10068356990814209 0.9959999918937683 1.5046223402023315
v -0.13571245968341827 1.070449948310852 1.5132625102996826
v -0.026144815608859062 0.9821776151657104 1.5491447448730469
v -0.08399999886751175 1.0409390926361084 1.517887830734253
v -0.1352192759513855 1.085938572883606 1.5576403141021729
v -0.11500000208616257 1.0191460847854614 1.5154999494552612
v -0.05150000378489494 0.9971424341201782 1.527999997138977
v -0.07612624019384384 0.9894999861717224 1.5252524614334106
v -0.09821759164333344 1.0195000171661377 1.5301470756530762
v -0.10150640457868576 1.0490127801895142 1.4924936294555664
v -0.15027251839637756 1.023681879043579 1.5732275247573853
v -0.024182213470339775 0.9899237155914307 1.5317118167877197
v -0.05726342648267746 0.9659731388092041 1.5889999866485596
v -0.13579127192497253 1.0705549716949463 1.5132362842559814
v -0.1333482563495636 1.0663706064224243 1.5140000581741333
v -0.11855541914701462 1.0195000171661377 1.5175554752349854
v -0.12620119750499725 0.9695000052452087 1.581798791885376
v -0.14417541027069092 1.0072016716003418 1.58417546749115
v -0.11142288148403168 0.97114098072052 1.5194361209869385
v -0.09849999845027924 1.007887840270996 1.5399999618530273
v -0.077036552131176 0.9894999861717224 1.5264023542404175
v -0.04964683577418327 1.019853115081787 1.5215779542922974
v -0.09549999982118607 0.9788902997970581 1.489609718322754
v -0.09724768251180649 1.0184999704360962 1.4963716268539429
v -0.08650968223810196 0.9643774032592773 1.6012548208236694
v -0.15364280343055725 1.0498570203781128 1.5644285678863525
v -0.10706174373626709 1.0642696619033813 1.5399999618530273
v -0.049036309123039246 0.9860000014305115 1.5810363292694092
v -0.1399441808462143 0.9954999685287476 1.5487767457962036
v -0.1362106204032898 1.00815749168396 1.5427106618881226
v -0.11911250650882721 0.9917416572570801 1.566499948501587
v -0.15549999475479126 1.059084415435791 1.562999963760376
v -0.10571801662445068 1.0338081121444702 1.5420639514923096
v -0.15351448953151703 1.0070579051971436 1.5590144395828247
v -0.05838099122047424 0.9664999842643738 1.518559455871582
v -0.14399278163909912 1.0064855813980103 1.5839964151382446
v -0.12049999833106995 1.0108872652053833 1.5824031829833984
v -0.12463535368442535 1.1012881994247437 1.5168471336364746
v -0.11400000005960464 1.0072022676467896 1.55649995803833
v -0.03601895272731781 0.9627405405044556 1.5364620685577393
v -0.10161134600639343 1.095611333847046 1.4974075555801392
v -0.03099999763071537 1.011691927909851 1.542961597442627
v -0.05249999836087227 1.006155014038086 1.5275689363479614
v -0.02618255279958248 0.9853042364120483 1.5494391918182373
v -0.1230800673365593 0.9667401909828186 1.534759759902954
v -0.10055205225944519 0.9959999918937683 1.5045347213745117
v -0.13546691834926605 0.9725165367126465 1.54691743850708
v -0.13375672698020935 1.0331215858459473 1.605486512184143
v -0.0771750956773758 1.0060622692108154 1.4839999675750732
v -0.03421475365757942 0.9875715970993042 1.5177851915359497
v -0.14758020639419556 1.0965534448623657 1.5439198017120361
v -0.14000838994979858 0.9965335130691528 1.5810084342956543
v -0.1207098588347435 0.9685699343681335 1.5877902507781982
v -0.12450046837329865 1.1013331413269043 1.5166672468185425
v -0.0356338694691658 0.9629330635070801 1.5372322797775269
v -0.09743155539035797 0.9953561425209045 1.5900684595108032
v -0.11458240449428558 0.9727911949157715 1.514835238456726
v -0.013806325383484364 1.0045405626296997 1.5356531143188477
v -0.027754217386245728 1.036434292793274 1.5104343891143799
v -0.09383436292409897 0.9870030879974365 1.615334391593933
v -0.027159688994288445 0.98964923620224 1.5488402843475342
v -0.036360375583171844 1.0103490352630615 1.502360463142395
v -0.024885838851332664 0.9901522397994995 1.5546141862869263
v -0.13285613059997559 1.0253561735153198 1.5723390579223633
v -0.03741375356912613 0.9915862679481506 1.5280863046646118
v -0.10570374876260757 1.053703784942627 1.490199089050293
v -0.11074061691761017 1.0734624862670898 1.5390187501907349
v -0.13759219646453857 0.9708184599876404 1.5614999532699585
v -0.05949999764561653 0.969404399394989 1.5030956268310547
v -0.10875358432531357 0.9865000247955322 1.6092464923858643
v -0.11235896497964859 1.0807949304580688 1.5376410484313965
v -0.08150000125169754 1.0242505073547363 1.490437388420105
v -0.14131230115890503 0.9866876602172852 1.5440315008163452
v -0.1536436229944229 1.007574439048767 1.5591436624526978
v -0.06335204839706421 0.9660739898681641 1.5088520050048828
v -0.08249999582767487 1.0674645900726318 1.4786338806152344
v -0.08150000125169754 1.0360618829727173 1.4872876405715942
v -0.05346659943461418 0.9635000228881836 1.5170222520828247
v -0.08399999886751175 1.0322396755218506 1.5169999599456787
v -0.13650000095367432 0.9718360304832458 1.550328016281128
v -0.08816660195589066 0.9645000100135803 1.6020416021347046
v -0.10645180195569992 1.1030000448226929 1.5031288862228394
v -0.11179442703723907 0.9685888290405273 1.5946776866912842
v -0.13650000095367432 0.9710649251937866 1.5531755685806274
v -0.05721047520637512 0.9795262217521667 1.4976052045822144
v -0.12942396104335785 0.9691159725189209 1.5508840084075928
v -0.05596383661031723 1.0048041343688965 1.491231918334961
v -0.13650000095367432 0.9713807106018066 1.5515965223312378
v -0.08893878757953644 0.9904999732971191 1.5389387607574463
v -0.11710450053215027 1.0295225381851196 1.5151045322418213
v -0.029167264699935913 0.9626654982566833 1.543083667755127
v -0.09349999576807022 0.9664999842643738 1.50779128074646
v -0.03049999289214611 0.9959284067153931 1.5462619066238403
v -0.030865030363202095 0.9867883324623108 1.5216349363327026
v -0.03492759168148041 0.9587149620056152 1.5434999465942383
v -0.11528924852609634 1.0189298391342163 1.5137892961502075
v -0.09600000083446503 1.0309332609176636 1.4942333698272705
v -0.11904802918434143 1.0938079357147217 1.4944519996643066
v -0.027137933298945427 0.9665862321853638 1.5425000190734863
v -0.08346205949783325 1.0171518325805664 1.4948482513427734
v -0.11931160092353821 1.0912463665008545 1.49399995803833
v -0.0861959457397461 1.0559797286987305 1.5163040161132812
v -0.11576159298419952 1.073307991027832 1.49399995803833
v -0.00905304029583931 1.0384999513626099 1.5272787809371948
v -0.024665778502821922 0.9828342199325562 1.5468316078186035
v -0.08748151361942291 0.9902454018592834 1.5374815464019775
v -0.02952694706618786 0.9865000247955322 1.5239191055297852
v -0.08136139810085297 0.9911807179450989 1.4896806478500366
v -0.06262213736772537 0.9618778824806213 1.592183232307434
v -0.06111666560173035 0.9925000071525574 1.556422233581543
v -0.05133012682199478 0.9661650657653809 1.522169828414917
v -0.12531286478042603 0.9906042814254761 1.5958956480026245
v -0.10543783009052277 1.0608134269714355 1.5399999618530273
v -0.025830350816249847 1.035584807395935 1.5384434461593628
v -0.012730748392641544 1.0368461608886719 1.5263845920562744
v -0.13008539378643036 0.996999979019165 1.5366708040237427
v -0.09770642220973969 1.0395320653915405 1.49399995803833
v -0.07574485242366791 0.9696862101554871 1.5056276321411133
v -0.03599999472498894 0.9722529053688049 1.570915699005127
v -0.1506795883178711 1.0028592348098755 1.5594102144241333
v -0.06955886632204056 0.9630588889122009 1.5844117403030396
v -0.13241329789161682 1.0249133110046387 1.5722283124923706
v -0.09300000220537186 0.9683078527450562 1.5017685890197754
v -0.024749310687184334 0.9827507138252258 1.5469986200332642
v -0.1462617963552475 0.9785236120223999 1.5632617473602295
v -0.049080558121204376 0.9884999990463257 1.5324597358703613
v -0.1016797125339508 0.9904999732971191 1.5511797666549683
v -0.13163845241069794 1.0343616008758545 1.6085423231124878
v -0.054499998688697815 0.9716240763664246 1.5874379873275757
v -0.11549999564886093 1.0915424823760986 1.5333914756774902
v -0.1251370906829834 0.9695000052452087 1.583044409751892
v -0.05199999362230301 1.0127710103988647 1.5258457660675049
v -0.1480746865272522 1.060373306274414 1.5355000495910645
v -0.11833222955465317 1.0348289012908936 1.5141677856445312
v -0.10955899208784103 1.0195000171661377 1.544838547706604
v -0.13650000095367432 1.014710545539856 1.5425000190734863
v -0.1328669786453247 1.025367021560669 1.572341799736023
v -0.0518018901348114 0.9664009213447571 1.5216981172561646
v -0.11503749340772629 1.0116875171661377 1.6266125440597534
v -0.047698039561510086 0.9884999990463257 1.506801962852478
v -0.12201682478189468 1.0220167636871338 1.561550498008728
v -0.012485031969845295 1.0405000448226929 1.5271029472351074
v -0.02687905915081501 0.9889476299285889 1.5491209030151367
v -0.05150000378489494 0.9958603382110596 1.528019905090332
v -0.11480675637722015 1.023079752922058 1.633386492729187
v -0.043753813952207565 0.9894154071807861 1.5349154472351074
v -0.0925385057926178 1.0820962190628052 1.5124807357788086
v -0.11146117001771927 0.9679223299026489 1.593383550643921
v -0.10402270406484604 0.9925681352615356 1.6135680675506592
v -0.13965700566768646 1.0293430089950562 1.5946860313415527
v -0.03395485505461693 0.9838182926177979 1.5622731447219849
v -0.12744207680225372 0.9757103323936462 1.5286158323287964
v -0.025186877697706223 0.981499969959259 1.5477476119995117
v -0.0404045470058918 0.9971908926963806 1.510309100151062
v -0.04249615594744682 0.9854999780654907 1.5747442245483398
v -0.0977182686328888 0.9952605962753296 1.5897817611694336
v -0.09783942252397537 0.9946514368057251 1.5986605882644653
v -0.13028520345687866 1.061070442199707 1.5140000581741333
v -0.14534975588321686 1.0256502628326416 1.5798004865646362
v -0.05651098117232323 1.00397789478302 1.4915109872817993
v -0.12341728806495667 1.0378621816635132 1.5605000257492065
v -0.06442867964506149 0.9860000014305115 1.5957857370376587
v -0.15802527964115143 1.077924132347107 1.5565505027770996
v -0.08150000125169754 1.0429128408432007 1.4857174158096313
v -0.14530383050441742 0.9766076803207397 1.562999963760376
v -0.1378127485513687 1.0903127193450928 1.5556871891021729
v -0.05708666145801544 1.0028265714645386 1.49208664894104
v -0.03670726343989372 1.00937819480896 1.5027073621749878
v -0.13923804461956024 1.0274760723114014 1.5408809185028076
v -0.03357736021280289 0.9956339597702026 1.529288649559021
v -0.1348060965538025 0.9728469252586365 1.5452653169631958
v -0.1040392816066742 0.9926178455352783 1.6136178970336914
v -0.013151725754141808 1.0374776124954224 1.5261741876602173
v -0.1393144279718399 1.023128867149353 1.6106854677200317
v -0.03099999763071537 1.0111361742019653 1.5431212186813354
v -0.13299810886383057 1.0029990673065186 1.54249906539917
v -0.10274139791727066 0.9854353666305542 1.6115646362304688
v -0.026507215574383736 0.9704711437225342 1.5429999828338623
v -0.13220582902431488 1.096392273902893 1.5151960849761963
v -0.12342728674411774 0.9909030795097351 1.594427227973938
v -0.07178966701030731 0.9684298634529114 1.5071402788162231
v -0.07395198196172714 1.01365065574646 1.4848493337631226
v -0.11844325810670853 1.0387784242630005 1.6219176054000854
v -0.11400000005960464 1.0048000812530518 1.5183500051498413
v -0.12091924995183945 1.1009999513626099 1.5238871574401855
v -0.057002779096364975 0.9664999842643738 1.519248604774475
v -0.14492842555046082 0.9759522676467896 1.5629761219024658
v -0.03704740107059479 0.9693577885627747 1.5714999437332153
v -0.1146678552031517 1.0150071382522583 1.5154999494552612
v -0.026454046368598938 0.9854999780654907 1.5278946161270142
v -0.07669820636510849 0.9929999709129333 1.5783016681671143
v -0.09411324560642242 0.9690377712249756 1.5603867769241333
v -0.06726574897766113 0.9929999709129333 1.5498006343841553
v -0.09084638208150864 0.9666536450386047 1.607460856437683
v -0.0836312472820282 0.9894999861717224 1.533008337020874
v -0.06082940474152565 0.9890000224113464 1.526447057723999
v -0.1443176418542862 1.0951822996139526 1.538862705230713
v -0.04237053915858269 0.9624999761581421 1.5648058652877808
v -0.0946507602930069 0.9944999814033508 1.4981507062911987
v -0.11646497249603271 1.0768249034881592 1.49399995803833
v -0.11400000005960464 1.0286829471588135 1.6356971263885498
v -0.14809255301952362 1.0913056135177612 1.5450925827026367
v -0.11771872639656067 0.996999979019165 1.5231457948684692
v -0.13735081255435944 0.9959999918937683 1.5432015657424927
v -0.06700000166893005 0.9922223687171936 1.5184165239334106
v -0.10497105121612549 1.0593842267990112 1.539971113204956
v -0.13964194059371948 0.9954999685287476 1.5475678443908691
v -0.06593555212020874 0.9929999709129333 1.5510644912719727
v -0.10681920498609543 0.9748191833496094 1.5041807889938354
v -0.05197000503540039 1.0008500814437866 1.527999997138977
v -0.08500000089406967 1.0499883890151978 1.5169999599456787
v -0.019184114411473274 0.996587872505188 1.5340439081192017
v -0.13014014065265656 0.996999979019165 1.5367802381515503
v -0.14426982402801514 1.021756649017334 1.5547698736190796
v -0.12334229797124863 0.9894211292266846 1.5976576805114746
v -0.07703667134046555 0.9929877519607544 1.5779509544372559
v -0.036602623760700226 0.9808973670005798 1.5134999752044678
v -0.036242738366127014 0.9759709239006042 1.570014476776123
v -0.11800000071525574 1.0996901988983154 1.5288732051849365
v -0.1402965933084488 0.9954999685287476 1.5494449138641357
v -0.05159085616469383 0.9950000047683716 1.564181923866272
v -0.0071259974502027035 1.0330945253372192 1.5279370546340942
v -0.038742609322071075 0.989227831363678 1.5762721300125122
v -0.13900363445281982 0.976255476474762 1.5439963340759277
v -0.0925518274307251 1.013844609260559 1.6228963136672974
v -0.1463116705417633 0.9786233305931091 1.5633116960525513
v -0.06444581598043442 0.9886847138404846 1.4956847429275513
v -0.11937037855386734 0.968500018119812 1.588586449623108
v -0.15057222545146942 1.088451862335205 1.5480481386184692
v -0.0952119454741478 0.9944999814033508 1.4987119436264038
v -0.12244178354740143 1.1020194292068481 1.514441728591919
v -0.09099999815225601 0.9651368856430054 1.6044106483459473
v -0.0507153756916523 0.9629999995231628 1.576646089553833
v -0.05166708678007126 0.9629999995231628 1.5785006284713745
v -0.12264823168516159 0.9749506115913391 1.5271482467651367
v -0.0993465855717659 1.0296931266784668 1.4950766563415527
v -0.0500493124127388 0.9629999995231628 1.5755493640899658
v -0.04715467244386673 0.9631150960922241 1.5229604244232178
v -0.10742947459220886 1.0999294519424438 1.500452995300293
v -0.017794476822018623 1.0112055540084839 1.5197944641113281
v -0.10113081336021423 1.0951308012008667 1.4970872402191162
v -0.0703812688589096 0.963881254196167 1.5831780433654785
v -0.13459959626197815 1.068899393081665 1.513700246810913
v -0.05123637989163399 0.9886546730995178 1.5292636156082153
v -0.08150000125169754 1.0541596412658691 1.4834201335906982
v -0.03990216180682182 0.9896993041038513 1.5375977754592896
v -0.12528283894062042 0.9936742782592773 1.5967828035354614
v -0.0816875547170639 0.9808746576309204 1.492375135421753
v -0.036539241671562195 0.9711911082267761 1.5709999799728394
v -0.058500003069639206 0.9735482931137085 1.4998011589050293
v -0.07161344587802887 0.9922216534614563 1.5466649532318115
v -0.0961904376745224 0.9954999685287476 1.5917143821716309
v -0.0574304424226284 0.9894999861717224 1.4991772174835205
v -0.14307983219623566 1.096420168876648 1.536239504814148
v -0.1455068439245224 1.093993067741394 1.5410137176513672
v -0.10899854451417923 0.9860022068023682 1.5025007724761963
v -0.0257960706949234 1.0036360025405884 1.5258640050888062
v -0.037529658526182175 0.9753813743591309 1.5140297412872314
v -0.08122505247592926 0.9894999861717224 1.5297937393188477
v -0.09437324851751328 1.088457703590393 1.4918309450149536
v -0.059546586126089096 0.9660000205039978 1.5529533624649048
v -0.006690746173262596 1.0329999923706055 1.5281031131744385
v -0.040977027267217636 0.9894999861717224 1.536681890487671
v -0.09049999713897705 0.9732480645179749 1.6124160289764404
v -0.10745900124311447 1.0374795198440552 1.6038470268249512
v -0.07623305916786194 0.9854999780654907 1.6047331094741821
v -0.015400081872940063 1.0133999586105347 1.5184000730514526
v -0.029814114794135094 0.9903141260147095 1.5475620031356812
v -0.09849999845027924 1.0050020217895508 1.5399999618530273
v -0.014946479350328445 1.0374785661697388 1.5264999866485596
v -0.1488719880580902 1.0974146127700806 1.5426280498504639
v -0.10741861164569855 0.9731395244598389 1.5114185810089111
v -0.1187465488910675 0.9914976954460144 1.566499948501587
v -0.09650130569934845 1.0195000171661377 1.5280016660690308
v -0.09551630914211273 0.9735000133514404 1.5244836807250977
v -0.11250000447034836 0.9982659220695496 1.55649995803833
v -0.003796051722019911 1.0312960147857666 1.529778003692627
v -0.10509976744651794 0.9664999842643738 1.5994501113891602
v -0.05249999836087227 1.00847327709198 1.527500033378601
v -0.07161997258663177 0.9894999861717224 1.5234999656677246
v -0.11770279705524445 1.08501398563385 1.49399995803833
v -0.10694330930709839 0.9664999842643738 1.598056674003601
v -0.11770423501729965 1.0991935729980469 1.4967957735061646
v -0.1415431946516037 0.9952284097671509 1.551586389541626
v -0.10932048410177231 1.069961428642273 1.5399999618530273
v -0.03880995884537697 0.9713800549507141 1.5153099298477173
v -0.13109414279460907 0.9919999837875366 1.591041088104248
v -0.1398368626832962 0.977224588394165 1.5432753562927246
v -0.08433200418949127 0.9951106905937195 1.6040574312210083
v -0.07604154944419861 1.0093753337860107 1.4839999675750732
v -0.04786740615963936 0.9629999995231628 1.5725511312484741
v -0.13176563382148743 1.0204999446868896 1.5383985042572021
v -0.10200000554323196 0.9829334020614624 1.6101083755493164
v -0.06876181811094284 0.9675872921943665 1.5448254346847534
v -0.07340442389249802 0.9938970804214478 1.5813970565795898
v -0.10035455226898193 1.0370696783065796 1.6330000162124634
v -0.1026674136519432 0.9725000262260437 1.507083773612976
v -0.0015315788332372904 1.0290946960449219 1.5328421592712402
v -0.05240543186664581 0.9854999780654907 1.5844054222106934
v -0.03049999289214611 1.000747561454773 1.5455000400543213
v -0.1379871815443039 1.0199614763259888 1.6109999418258667
v -0.09005282819271088 0.9950000047683716 1.6002628803253174
v -0.04884474352002144 0.9954999685287476 1.566116452217102
v -0.15545392036437988 1.0170691013336182 1.5640230178833008
v -0.088410384953022 1.0642759799957275 1.5155447721481323
v -0.12909841537475586 0.9695000052452087 1.5781010389328003
v -0.13490992784500122 0.9724399447441101 1.5470601320266724
v -0.14000000059604645 1.079071044921875 1.5115000009536743
v -0.014201901853084564 1.003947138786316 1.535851001739502
v -0.15558934211730957 1.0931159257888794 1.5369106531143188
v -0.08030620962381363 0.9710813760757446 1.494612455368042
v -0.08249999582767487 1.0694646835327148 1.4781339168548584
v -0.12405457347631454 0.9898697137832642 1.5969454050064087
v -0.06852211803197861 1.0230000019073486 1.5010000467300415
v -0.12536907196044922 0.9906229972839355 1.595876932144165
v -0.11887463182210922 0.9884999990463257 1.6015836000442505
v -0.08646529912948608 1.0174826383590698 1.4859826564788818
v -0.08661854267120361 1.080927848815918 1.4801186323165894
v -0.12799999117851257 1.0042450428009033 1.5674999952316284
v -0.07614441215991974 0.970548152923584 1.5389037132263184
v -0.08422912657260895 0.9844096899032593 1.6098194122314453
v -0.11809027940034866 0.968500018119812 1.589439868927002
v -0.10207727551460266 0.9904999732971191 1.5515773296356201
v -0.028259562328457832 0.9867404103279114 1.5313702821731567
v -0.0977669432759285 1.094533920288086 1.5107330083847046
v -0.05086600407958031 0.9631220102310181 1.5191340446472168
v -0.050381697714328766 0.9865878224372864 1.531030535697937
v -0.12965357303619385 0.984460711479187 1.528653621673584
v -0.11500000208616257 1.021934986114502 1.515391230583191
v -0.14805641770362854 0.9967256784439087 1.5604435205459595
v -0.027531681582331657 0.9822579026222229 1.5532737970352173
v -0.03501681610941887 0.9629999995231628 1.5404326915740967
v -0.07905235886573792 0.9715174436569214 1.536965012550354
v -0.036178458482027054 0.9927261471748352 1.5445476770401
v -0.041520796716213226 0.9624791741371155 1.5702396631240845
v -0.09943776577711105 0.9704999923706055 1.5557081699371338
v -0.0961202085018158 0.9947067499160767 1.4994134902954102
v -0.12268833070993423 0.994480550289154 1.566499948501587
v -0.025916265323758125 0.9856650233268738 1.5484161376953125
v -0.10401218384504318 1.0529268980026245 1.540012240409851
v -0.15340779721736908 1.076019525527954 1.534500002861023
v -0.0370563343167305 0.9768310189247131 1.5135563611984253
v -0.11589601635932922 1.0739800930023193 1.49399995803833
v -0.09049999713897705 0.9706365466117859 1.6117273569107056
v -0.1263730376958847 1.0463306903839111 1.5120422840118408
v -0.1185000017285347 0.9794333577156067 1.5099999904632568
v -0.10953357815742493 0.9900000095367432 1.5605671405792236
v -0.09575223922729492 1.0195000171661377 1.5268783569335938
v -0.11774841696023941 0.9769968390464783 1.5107516050338745
v -0.027726301923394203 0.9648211002349854 1.5425000190734863
v -0.04655606672167778 0.9886109828948975 1.533721923828125
v -0.07722275704145432 1.0211386680603027 1.5054454803466797
v -0.06637401878833771 1.0137441158294678 1.5092518329620361
v -0.12014977633953094 1.0087488889694214 1.5824999809265137
v -0.06520377099514008 0.9657654166221619 1.5104691982269287
v -0.05263989046216011 0.9854999780654907 1.584709882736206
v -0.13217325508594513 0.9731732606887817 1.5746732950210571
v -0.08150000125169754 1.030007243156433 1.4888970851898193
v -0.11528417468070984 0.973568320274353 1.5134317874908447
v -0.15649999678134918 1.0837905406951904 1.534000039100647
v -0.14701728522777557 1.0510691404342651 1.5355000495910645
v -0.05412627384066582 0.9854999780654907 1.5866262912750244
v -0.13034851849079132 0.9745000004768372 1.5378484725952148
v -0.026803476735949516 1.0322948694229126 1.538602590560913
v -0.07630500942468643 1.008584976196289 1.4839999675750732
v -0.11400000005960464 1.0035744905471802 1.5189628601074219
v -0.12214475870132446 1.0379999876022339 1.618782877922058
v -0.14390960335731506 1.026090383529663 1.5842711925506592
v -0.09953425824642181 1.0300856828689575 1.4949828386306763
v -0.023000003769993782 0.9829999804496765 1.54147469997406
v -0.043209534138441086 0.9937904477119446 1.5151126384735107
v -0.10990635305643082 0.9866354465484619 1.6082290410995483
v -0.09849999845027924 1.0043081045150757 1.5399999618530273
v -0.12907887995243073 1.0999211072921753 1.5174211263656616
v -0.038894809782505035 0.9852982759475708 1.5701930522918701
v -0.1144547238945961 1.1024999618530273 1.4983634948730469
v -0.11174314469099045 0.9712477326393127 1.5190091133117676
v -0.05820271745324135 0.9664999842643738 1.518648624420166
v -0.052099067717790604 1.01140558719635 1.5262972116470337
v -0.14145958423614502 0.9865404367446899 1.5438106060028076
v -0.08296340703964233 1.019073247909546 1.492963433265686
v -0.11894010752439499 0.9873203039169312 1.5109400749206543
v -0.08541671931743622 0.9840416312217712 1.611375093460083
v -0.012220170348882675 1.0296008586883545 1.513779878616333
v -0.10620167851448059 1.0409916639328003 1.541298270225525
v -0.11442881077528 1.0186430215835571 1.51292884349823
v -0.10516730695962906 0.9934999942779541 1.582332730293274
v -0.12182246893644333 1.1009999513626099 1.5232582092285156
v -0.0015000032726675272 1.0265945196151733 1.5353424549102783
v -0.024500003084540367 0.9848020076751709 1.5325939655303955
v -0.12792250514030457 0.9695000052452087 1.5796161890029907
v -0.0604868084192276 0.9653289318084717 1.5128421783447266
v -0.10868743807077408 0.9794372320175171 1.5028126239776611
v -0.08563847839832306 0.9840345978736877 1.6115692853927612
v -0.14341741800308228 1.03455650806427 1.5387216806411743
v -0.10748070478439331 1.0187404155731201 1.5077210664749146
v -0.07402972877025604 1.0221567153930664 1.503529667854309
v -0.09309560805559158 0.9735000133514404 1.52643620967865
v -0.09828299283981323 1.092782974243164 1.4951887130737305
v -0.11426036804914474 0.996999979019165 1.5202603340148926
v -0.10519879311323166 0.9715481996536255 1.507102370262146
v -0.10269226133823395 0.986961305141449 1.611192226409912
v -0.08150000125169754 1.0336081981658936 1.487847924232483
v -0.11899999529123306 1.0941047668457031 1.494520902633667
v -0.12801705300807953 1.0505852699279785 1.5125170946121216
v -0.055000003427267075 1.0113240480422974 1.4891351461410522
v -0.06368321180343628 0.9889389276504517 1.495939016342163
v -0.08516518771648407 0.9923883676528931 1.4917768239974976
v -0.07996031641960144 0.9904801845550537 1.489240050315857
v -0.14252007007598877 1.0967400074005127 1.535520076751709
v -0.05880696326494217 0.9625965356826782 1.5882104635238647
v -0.11327365785837173 0.9910754561424255 1.5746508836746216
v -0.11600000411272049 1.0155504941940308 1.629020094871521
v -0.08446691185235977 1.016655683517456 1.4848113059997559
v -0.12888243794441223 1.0545296669006348 1.5133824348449707
v -0.052333831787109375 1.0030030012130737 1.527999997138977
v -0.0193469300866127 1.0094796419143677 1.521346926689148
v -0.08100000023841858 0.9868388175964355 1.4889967441558838
v -0.10877688229084015 1.055776834487915 1.4899256229400635
v -0.0815388560295105 0.994759738445282 1.607201337814331
v -0.11193657666444778 1.0417817831039429 1.627063512802124
v -0.12379246205091476 1.0235849618911743 1.5669622421264648
v -0.11882845312356949 0.9869853854179382 1.5108284950256348
v -0.05521119758486748 0.9855703711509705 1.587711215019226
v -0.09749247133731842 1.0384774208068848 1.4939924478530884
v -0.07923609763383865 0.9832472205162048 1.6062417030334473
v -0.05198502168059349 0.9890000224113464 1.5033433437347412
v -0.11284609884023666 0.9901730418205261 1.5656923055648804
v -0.15269631147384644 1.074240803718567 1.5346518754959106
v -0.030570194125175476 0.9986198544502258 1.528499960899353
v -0.04507303610444069 1.0274817943572998 1.4979634284973145
v -0.09200000017881393 1.0162931680679321 1.6240977048873901
v -0.10728302597999573 0.9761320948600769 1.5037169456481934
v -0.06213480979204178 0.9664999842643738 1.5503652095794678
v -0.023142505437135696 0.984499990940094 1.5353100299835205
v -0.15222163498401642 1.0730540752410889 1.5348892211914062
v -0.09535060077905655 0.9755517840385437 1.4922988414764404
v -0.07238265872001648 1.0227057933807373 1.502500057220459
v -0.15549999475479126 1.061998963356018 1.562500238418579
v -0.13641123473644257 1.0068520307540894 1.5429704189300537
v -0.1150755062699318 0.9735000133514404 1.5182877779006958
v -0.036548808217048645 1.0098536014556885 1.5025489330291748
v -0.06905063986778259 0.9860000014305115 1.5987752676010132
v -0.0893244817852974 1.0195000171661377 1.518932580947876
v -0.09099999815225601 1.073221206665039 1.5134557485580444
v -0.11360778659582138 1.0029312372207642 1.55649995803833
v -0.06030895188450813 0.9950000047683716 1.5946910381317139
v -0.09188979119062424 0.972000002861023 1.502500057220459
v -0.10325465351343155 0.9895186424255371 1.6120092868804932
v -0.11575387418270111 0.9811153411865234 1.6035000085830688
v -0.08150000125169754 1.0573844909667969 1.4820462465286255
v -0.07814881205558777 0.9608511924743652 1.5995267629623413
v -0.03049999289214611 0.991912841796875 1.5465145111083984
v -0.09344875067472458 0.9666537642478943 1.507346272468567
v -0.08003881573677063 1.0155096054077148 1.483519434928894
v -0.12858466804027557 0.9685564637184143 1.5514435768127441
v -0.06700000166893005 0.9917130470275879 1.519180417060852
v -0.10799374431371689 0.9729999899864197 1.5491708517074585
v -0.011885403655469418 1.0083438158035278 1.5356146097183228
v -0.11632013320922852 1.0264604091644287 1.5149999856948853
v -0.11068375408649445 0.996999979019165 1.5161837339401245
v -0.12498301267623901 1.1013706922531128 1.5208876132965088
v -0.059418994933366776 0.9660000205039978 1.5530810356140137
v -0.09849999845027924 1.0036768913269043 1.5400645732879639
v -0.06275822222232819 0.9929835796356201 1.4987581968307495
v -0.09914414584636688 0.9955480694770813 1.5031441450119019
v -0.13541366159915924 0.9700000286102295 1.567345380783081
v -0.09858796000480652 1.0958819389343262 1.5099120140075684
v -0.11470299959182739 0.968500018119812 1.592297077178955
v -0.11468972265720367 0.9875632524490356 1.604873538017273
v -0.05979044735431671 1.0219273567199707 1.4913548231124878
v -0.13318563997745514 1.033407211303711 1.6066287755966187
v -0.09800051897764206 1.0425013303756714 1.493999719619751
v -0.1124769002199173 1.0184999704360962 1.511976957321167
v -0.10122004896402359 1.0190000534057617 1.499790072441101
v -0.12824520468711853 1.0069808959960938 1.5677452087402344
v -0.05911504849791527 0.9715774059295654 1.501422643661499
v -0.1407819390296936 1.092781901359558 1.551577091217041
v -0.05947349593043327 0.9664999842643738 1.518175482749939
v -0.12740929424762726 0.9695000052452087 1.5803860425949097
v -0.051200028508901596 0.9890000224113464 1.5038665533065796
v -0.1145000010728836 1.0258114337921143 1.634724497795105
v -0.08150000125169754 1.0549107789993286 1.4830446243286133
v -0.056835442781448364 0.9664999842643738 1.5193322896957397
v -0.10200000554323196 0.9826148748397827 1.6100287437438965
v -0.026000000536441803 1.0338823795318604 1.5380955934524536
v -0.03445076942443848 1.0317745208740234 1.505661964416504
v -0.11253860592842102 1.0195000171661377 1.5483078956604004
v -0.08086502552032471 0.9605000019073486 1.594904899597168
v -0.12807516753673553 1.006300687789917 1.567575216293335
v -0.06728912889957428 0.9929999709129333 1.5497831106185913
v -0.1119999960064888 0.9918267726898193 1.55649995803833
v -0.040149036794900894 0.9977019429206848 1.5097980499267578
v -0.0925000011920929 1.0252623558044434 1.6287541389465332
v -0.03619294613599777 0.9626535177230835 1.5361140966415405
v -0.142966628074646 0.9943221807479858 1.57503342628479
v -0.09944271296262741 0.9897864460945129 1.5971719026565552
v -0.06520786881446838 0.9669026136398315 1.5106947422027588
v -0.13152144849300385 1.0204999446868896 1.5380321741104126
v -0.029500000178813934 1.0243805646896362 1.5406866073608398
v -0.09916238486766815 0.9911880493164062 1.5980128049850464
v -0.12049999833106995 1.0113478899002075 1.5822880268096924
v -0.09800262749195099 1.0425065755844116 1.493998646736145
v -0.13007010519504547 1.0997148752212524 1.524355173110962
v -0.03106655180454254 1.03445565700531 1.5084556341171265
v -0.09727746993303299 1.093554973602295 1.5112224817276
v -0.12885373830795288 0.9748231172561646 1.5360305309295654
v -0.14581377804279327 1.0417550802230835 1.536372423171997
v -0.11242403835058212 0.9694240093231201 1.5963480472564697
v -0.03061324544250965 0.9985911846160889 1.528499960899353
v -0.09686008840799332 0.9735000133514404 1.5234266519546509
v -0.15857186913490295 1.0727874040603638 1.5593563318252563
v -0.0652594268321991 0.9673796892166138 1.5472406148910522
v -0.12538538873195648 0.9938281178474426 1.5968854427337646
v -0.11909954994916916 0.974866509437561 1.5239660739898682
v -0.059571921825408936 0.9894999861717224 1.4976186752319336
v -0.08074603974819183 0.994561493396759 1.6081924438476562
v -0.10561222583055496 1.0365561246871948 1.604462742805481
v -0.09790215641260147 1.0405107736587524 1.49399995803833
v -0.03245769813656807 0.9598615169525146 1.5434999465942383
v -0.11489599943161011 1.069875955581665 1.4938960075378418
v -0.08150000125169754 1.056751012802124 1.482299566268921
v -0.14770427346229553 0.9956128001213074 1.5605000257492065
v -0.1145002469420433 1.010500431060791 1.6255004405975342
v -0.11462930589914322 1.068275809288025 1.4936293363571167
v -0.14513269066810608 1.0110307931900024 1.5856326818466187
v -0.027083514258265495 0.9667494893074036 1.5425000190734863
v -0.13867297768592834 1.0216825008392334 1.6109999418258667
v -0.05779757723212242 0.977803647518158 1.497898817062378
v -0.12714052200317383 0.9750000238418579 1.5329607725143433
v -0.09286986291408539 1.0043903589248657 1.620630145072937
v -0.011499998159706593 1.024832010269165 1.5140421390533447
v -0.09300000220537186 0.9972110986709595 1.617855429649353
v -0.03864913433790207 0.9889473915100098 1.5765526294708252
v -0.08052323758602142 0.9679535031318665 1.4985697269439697
v -0.0843668207526207 0.9921222925186157 1.4912446737289429
v -0.11651550233364105 0.9875620007514954 1.5864845514297485
v -0.08150000125169754 1.0547430515289307 1.4831284284591675
v -0.05967564880847931 0.9925000071525574 1.5574932098388672
v -0.022569313645362854 0.9838613867759705 1.539638638496399
v -0.04299120977520943 0.9940087795257568 1.5148215293884277
v -0.03099999763071537 1.0150556564331055 1.5423240661621094
v -0.04114034026861191 0.9667193293571472 1.5187807083129883
v -0.10569464415311813 1.0615838766098022 1.5399999618530273
v -0.09210222959518433 1.0812044143676758 1.5126988887786865
v -0.03494260832667351 0.9922212958335876 1.5454180240631104
v -0.0943356528878212 1.086171269416809 1.5119999647140503
v -0.09287023544311523 0.9940000176429749 1.4968702793121338
v -0.015734121203422546 1.0396170616149902 1.522648811340332
v -0.13699020445346832 0.9922353029251099 1.5787352323532104
v -0.08150000125169754 1.0374504327774048 1.487009882926941
v -0.12789547443389893 1.0360522270202637 1.612656831741333
v -0.08061704784631729 0.9702056646347046 1.5037943124771118
v -0.06237458065152168 0.9665626883506775 1.5078744888305664
v -0.11372093856334686 1.0195000171661377 1.5499612092971802
v -0.1515464186668396 1.0210000276565552 1.5610696077346802
v -0.14987382292747498 1.0215630531311035 1.5598737001419067
v -0.14924106001853943 1.0643527507781982 1.5358705520629883
v -0.06510208547115326 0.9663010239601135 1.5156989097595215
v -0.03700000420212746 0.9702962636947632 1.5711017847061157
v -0.11258693039417267 1.1028151512145996 1.5043152570724487
v -0.1081254631280899 0.996999979019165 1.5136255025863647
v -0.12144874781370163 1.0148718357086182 1.5824743509292603
v -0.111471027135849 0.9892451763153076 1.5667451620101929
v -0.10957808047533035 0.9655780792236328 1.5905780792236328
v -0.11331824213266373 0.9682727456092834 1.5934545993804932
v -0.1100144013762474 1.1016762256622314 1.502176284790039
v -0.058630626648664474 1.0224347114562988 1.4919346570968628
v -0.07642921060323715 1.0144764184951782 1.4840235710144043
v -0.13719922304153442 1.0895990133285522 1.5563007593154907
v -0.06812429428100586 1.0230000019073486 1.5010000467300415
v -0.13966597616672516 0.9934999942779541 1.5785020589828491
v -0.11334241181612015 1.0412192344665527 1.625657558441162
v -0.0714721605181694 0.9856759309768677 1.600472092628479
v -0.15145879983901978 1.0714175701141357 1.5352705717086792
v -0.1145000010728836 1.026021122932434 1.6348084211349487
v -0.03008793666958809 0.9989413619041443 1.528499960899353
v -0.09303049743175507 0.967908501625061 1.5060914754867554
v -0.12215440720319748 0.9935906529426575 1.566499948501587
v -0.09820212423801422 0.9937446713447571 1.5982978343963623
v -0.13838011026382446 1.02617347240448 1.5412065982818604
v -0.022369232028722763 0.9935076832771301 1.5571308135986328
v -0.1362466812133789 1.0883289575576782 1.557253360748291
v -0.1350223422050476 0.9771116971969604 1.5775669813156128
v -0.10822983831167221 0.9871552586555481 1.502885103225708
v -0.12676891684532166 1.0503445863723755 1.5609999895095825
v -0.0838995948433876 0.9950000047683716 1.6046005487442017
v -0.04536869376897812 0.9954999685287476 1.5687189102172852
v -0.012723120860755444 1.0359077453613281 1.5260461568832397
v -0.07755689322948456 0.9710189700126648 1.5379620790481567
v -0.046573933213949203 0.9884999990463257 1.507926106452942
v -0.006353221833705902 1.0329999923706055 1.5282156467437744
v -0.012894129380583763 1.0405000448226929 1.5270211696624756
v -0.09691178798675537 0.984499990940094 1.6137940883636475
v -0.04657788947224617 0.9884999990463257 1.5079221725463867
v -0.11374098807573318 1.0034639835357666 1.55649995803833
v -0.05763544887304306 0.9934999942779541 1.5597734451293945
v -0.11948290467262268 1.0383390188217163 1.6211780309677124
