v 0.10418733209371567 5.455778121948242 -0.12217293679714203
v 0.8667023181915283 5.334359645843506 -0.9821628928184509
v 1.0534790754318237 5.681662082672119 0.8140456676483154
v 0.1676257699728012 4.414182186126709 0.07807255536317825
v 1.0619250535964966 4.184355735778809 0.24992647767066956
v 0.12411420047283173 5.474206447601318 -0.1381467878818512
v 0.21261291205883026 4.763000011444092 -1.3133152723312378
v 1.1330175399780273 4.306394100189209 0.2449808269739151
v -0.3655911087989807 6.368136882781982 0.5416363477706909
v 0.10371706634759903 4.661233901977539 0.013885432854294777
v 0.1540941298007965 5.534811973571777 -0.22021889686584473
v 0.13242261111736298 5.446681976318359 -0.11241418123245239
v 0.13391397893428802 5.428923606872559 -0.0765094980597496
v -0.03632289543747902 4.431944847106934 -0.8941997289657593
v 0.1250603199005127 5.409750461578369 -0.0034990010317415
v 0.19417762756347656 4.731539726257324 -1.263440728187561
v 0.3464677631855011 4.1865644454956055 0.4975645840167999
v 0.23141255974769592 5.586852073669434 -0.29235923290252686
v 0.08427099138498306 5.166041851043701 0.22398850321769714
v 1.050031304359436 5.366933822631836 0.2836078703403473
v 0.6220974326133728 4.735513210296631 -1.5113275051116943
v 0.1408161073923111 5.425279140472412 -0.02088944986462593
v 0.17090539634227753 4.308539390563965 -0.9760946035385132
v 0.6871640682220459 4.9054999351501465 0.76066654920578
v 1.069958209991455 5.226250171661377 -0.7184995412826538
v -0.021096881479024887 5.218677997589111 -0.1844315081834793
v 0.3282806873321533 4.81996488571167 0.6719298958778381
v -0.2942572832107544 6.451526165008545 0.7633584141731262
v 0.17640821635723114 5.552402973175049 -0.27726027369499207
v 0.23976372182369232 4.800938129425049 -1.2871582508087158
v 0.17452210187911987 4.703036785125732 -1.2673511505126953
v -0.13483482599258423 4.370757102966309 -0.43752291798591614
v 1.0957961082458496 4.291891574859619 -0.14551982283592224
v 0.16793513298034668 4.412171840667725 0.08193867653608322
v 0.10923825204372406 5.488880634307861 -0.15908432006835938
v 0.656792402267456 5.5925703048706055 -0.1275710165500641
v -0.2319224327802658 5.084057807922363 -0.5722892880439758
v 0.9713354706764221 5.72943639755249 0.8349112272262573
v 0.29765886068344116 4.4057440757751465 0.3388051390647888
v 0.9842086434364319 4.3559889793396 -0.8140718340873718
v -0.16949574649333954 4.540619850158691 -0.5787773132324219
v 0.3826671838760376 6.398890972137451 0.02749311737716198
v 1.140005111694336 4.964494705200195 -0.8533271551132202
v 0.12483742833137512 5.47538948059082 -0.14554302394390106
v 0.1587742567062378 5.5416975021362305 -0.22804845869541168
v 0.3361321687698364 4.6182661056518555 -1.5087782144546509
v 0.8018432259559631 5.841683387756348 0.2606143653392792
v 0.0675949677824974 5.5386528968811035 -0.6027231812477112
v 0.0789526104927063 5.158884048461914 0.2448476254940033
v 0.29057109355926514 6.030976295471191 0.7201809883117676
v 1.1163482666015625 5.947408676147461 0.49501368403434753
v 0.9336825013160706 5.3610053062438965 -0.8393394351005554
v 1.1034976243972778 4.969995021820068 0.4675029218196869
v 0.1322091817855835 5.531414031982422 -0.23424658179283142
v -0.3864993453025818 6.465111255645752 0.6688898205757141
v 1.0018463134765625 4.747628211975098 0.3437563478946686
v 0.4546041786670685 6.2208709716796875 0.27309441566467285
v 1.0011359453201294 4.346590995788574 -0.7645919322967529
v 0.995477020740509 5.8745341300964355 0.3164999485015869
v 1.0922393798828125 4.1618733406066895 0.06968894600868225
v 0.37632521986961365 5.811972618103027 0.5774174928665161
v 0.2190086841583252 5.602086067199707 -0.2993435263633728
v 0.3101723790168762 6.081448078155518 0.2025991678237915
v 0.16118842363357544 5.531839370727539 -0.24814170598983765
v 1.0182961225509644 4.22216272354126 -0.07929608970880508
v 0.43180328607559204 4.605290412902832 -1.5414537191390991
v 0.15078872442245483 4.6714019775390625 -1.2711185216903687
v -0.12342176586389542 4.462640762329102 -0.790816605091095
v 0.512976884841919 4.880170822143555 0.7393538951873779
v 0.6592202186584473 6.058455944061279 0.3742116093635559
v 0.33125075697898865 4.41281270980835 0.36300039291381836
v -0.13079652190208435 5.182141304016113 -0.762920618057251
v 0.9423902630805969 4.265451431274414 0.3662194311618805
v 1.2681604623794556 4.849761486053467 -0.5269219279289246
v 0.9178650379180908 4.7802605628967285 0.5707914233207703
v 0.1759398728609085 4.325830936431885 0.16822923719882965
v 0.12449273467063904 4.644773960113525 -1.2004854679107666
v 0.48853498697280884 5.965207099914551 0.36996588110923767
v 0.1493852287530899 4.694072723388672 -1.2338008880615234
v 0.9225975871086121 4.7836408615112305 0.568087100982666
v 1.0654643774032593 5.728422164916992 0.1511932611465454
v 0.10605594515800476 6.235980987548828 0.7531929612159729
v 1.1670804023742676 5.88372802734375 0.5137964487075806
v 0.9857941269874573 4.448544025421143 0.15963231027126312
v 0.15956881642341614 4.6862592697143555 -1.2438961267471313
v 0.05658041685819626 5.422521114349365 -0.28516072034835815
v 0.09445983916521072 6.23931884765625 0.757610559463501
v 0.06406839191913605 4.247133731842041 -0.8452343344688416
v 0.1183001920580864 5.458687782287598 -0.15881234407424927
v 0.673079252243042 5.699702262878418 -0.40622326731681824
v -0.2911689579486847 6.04221773147583 0.6796290874481201
v 0.8722269535064697 4.591014862060547 0.18952533602714539
v 0.3283609449863434 4.411929607391357 0.3617159128189087
v -0.19343632459640503 4.836330890655518 -0.6346495151519775
v 0.686189591884613 5.8049397468566895 0.8173706531524658
v -0.18765142560005188 4.53849983215332 -0.6577989459037781
v -0.37764909863471985 6.465950012207031 0.6810510158538818
v 0.09195425361394882 4.183549404144287 0.14755380153656006
v 0.17479750514030457 4.743053913116455 0.23020446300506592
v 0.7173945903778076 4.908831596374512 0.7614158987998962
v 0.1257382184267044 5.453437328338623 -0.06931348145008087
v 0.10476157814264297 5.460928916931152 -0.15566569566726685
v 0.9831942319869995 4.446925640106201 -0.24969430267810822
v 0.401934951543808 4.859068870544434 -1.3493605852127075
v 0.10899516940116882 6.378005027770996 -0.04975730925798416
v 0.12480488419532776 5.482992649078369 -0.1616780012845993
v 0.5483031868934631 4.808043956756592 -1.3576847314834595
v 0.8859882354736328 4.762696266174316 0.5871912837028503
v 0.16145353019237518 5.551046371459961 -0.26325106620788574
v 0.5497646927833557 5.0827507972717285 -1.3041274547576904
v -0.07077284902334213 4.197364330291748 -0.20238740742206573
v 1.0313453674316406 5.987216949462891 0.46589383482933044
v 0.15043768286705017 4.70911169052124 -1.2321282625198364
v 1.0583220720291138 5.232358932495117 -0.6407213807106018
v 1.1144442558288574 5.192780494689941 0.10802789777517319
v 0.1643500030040741 4.686162948608398 -1.2643712759017944
v -0.41513991355895996 6.428625583648682 0.6852505803108215
v 1.0724178552627563 5.676042556762695 0.8065428733825684
v 0.3855491578578949 5.8330278396606445 0.4928804039955139
v -0.3889058828353882 6.465324401855469 0.6655534505844116
v 0.09720174223184586 5.435581684112549 0.02154076285660267
v 0.21223942935466766 5.580345153808594 -0.2810797691345215
v 0.17228612303733826 4.7290472984313965 -1.2421225309371948
v 0.1217430979013443 5.4745001792907715 -0.13475565612316132
v 0.9435735940933228 4.27206563949585 0.3633752763271332
v 0.3219220042228699 5.535409450531006 0.43431714177131653
v -0.18667630851268768 4.53849983215332 -0.6542638540267944
v 0.996793270111084 6.005223751068115 0.4482758641242981
v 1.2535022497177124 5.66190767288208 0.29938793182373047
v 0.893909752368927 5.909143447875977 0.2769549489021301
v 0.25369441509246826 5.9856414794921875 0.3961986005306244
v 0.6919230222702026 5.691826820373535 -0.8661922812461853
v 0.5620909333229065 4.667684078216553 0.6000133156776428
v 0.7720184922218323 5.656556606292725 -0.4287874102592468
v -0.05693421885371208 4.406839370727539 -0.17070803046226501
v 0.3196600377559662 5.953851699829102 0.7055000066757202
v 0.1892821341753006 4.792843818664551 0.4955017864704132
v 0.6970495581626892 5.312180995941162 0.8335000276565552
v 0.011526565067470074 4.237508773803711 -0.7617548108100891
v -0.20735765993595123 4.730500221252441 -0.779711127281189
v 1.0910253524780273 4.321348190307617 -0.16366133093833923
v -0.40856239199638367 6.4553751945495605 0.6222089529037476
v -0.007295955903828144 4.443853378295898 -0.10404475033283234
v 0.09391921013593674 5.5652642250061035 -0.5603624582290649
v -0.18795540928840637 4.53849983215332 -0.6589007377624512
v 0.2089853584766388 5.586999893188477 -0.3051140308380127
v 0.3247327506542206 5.947299957275391 0.40916651487350464
v 0.31647276878356934 5.569972515106201 -0.06698190420866013
v 1.1337273120880127 4.302135467529297 0.24824628233909607
v -0.03224087134003639 6.1450629234313965 0.4773620069026947
v 1.0901011228561401 5.964644432067871 0.48494040966033936
v 0.20743083953857422 4.365795612335205 0.2473287284374237
v 0.366623193025589 5.417354583740234 0.6368357539176941
v 0.5163815021514893 5.716519832611084 -0.3824802339076996
v 0.4376186728477478 5.883544445037842 0.6951285600662231
v 0.26736998558044434 4.144609451293945 0.38365089893341064
v 0.23055805265903473 4.827317237854004 -1.3415580987930298
v -0.016361121088266373 4.6114912033081055 -0.07830721139907837
v 0.9742133617401123 4.733001708984375 -1.0342159271240234
v 0.4868936538696289 5.350768089294434 0.7568936347961426
v 0.5843653678894043 4.785407543182373 -1.5409538745880127
v 0.6121019124984741 6.001031875610352 0.15136298537254333
v 0.7032270431518555 4.6225266456604 -1.316110610961914
v -0.22214606404304504 6.2605509757995605 0.5196388363838196
v 0.7144821286201477 4.268191814422607 -1.0488260984420776
v 0.40121331810951233 5.91996955871582 0.3064267039299011
v 0.8380381464958191 5.594015598297119 0.9538049697875977
v 0.26757246255874634 6.038785457611084 0.7259997129440308
v 0.13051974773406982 5.4107866287231445 -0.0018643430666998029
v 0.022397717460989952 6.264196395874023 0.788615345954895
v 0.24488285183906555 5.6194071769714355 -0.2957633435726166
v 0.552828848361969 5.432283878326416 -1.164664387702942
v 0.2831185758113861 4.313047885894775 -1.1435229778289795
v 0.3803170323371887 6.400746822357178 0.025753406807780266
v -0.20538689196109772 4.729693412780762 -0.7957109808921814
v 0.2842562198638916 5.5417656898498535 -0.041461993008852005
v 0.5138598084449768 4.538946628570557 0.29490673542022705
v 0.6081749796867371 4.763814926147461 -1.529178261756897
v 0.9960525631904602 5.357579231262207 -0.22549989819526672
v 0.2271956205368042 4.791192054748535 -1.326461911201477
v 0.9963539838790894 5.356313228607178 -0.22549989819526672
v 1.018961787223816 4.4322991371154785 0.11374737322330475
v 0.1340664029121399 4.3343071937561035 -0.9180722832679749
v 0.3276888430118561 6.048622131347656 0.21990132331848145
v 0.19964241981506348 4.756391525268555 -1.3078043460845947
v -0.24183295667171478 4.976282596588135 -0.11068156361579895
v 0.10237672924995422 5.483055591583252 -0.1620977818965912
v 1.1553987264633179 4.565900802612305 -0.7501066327095032
v 0.23408108949661255 4.786095142364502 -1.3022847175598145
v 0.8785653710365295 5.8030524253845215 0.2685000002384186
v 1.0571813583374023 5.200728893280029 -0.4789143204689026
v 0.13813349604606628 4.6787590980529785 -1.279955506324768
v 0.8138067722320557 6.046500205993652 0.3570568263530731
v 0.6657560467720032 4.901536464691162 0.7603576183319092
v 0.11724504828453064 5.426976680755615 -0.06672174483537674
v 0.8860915899276733 5.972876071929932 0.2812522351741791
v 1.0016798973083496 4.36611270904541 -0.13324172794818878
v 0.7535117864608765 6.052424907684326 0.5420747995376587
v -0.22022664546966553 4.529773235321045 -0.296367883682251
v -0.13265042006969452 6.33823823928833 0.7975594401359558
v 0.21980023384094238 5.966665744781494 0.7118743062019348
v 0.2443343847990036 6.179439544677734 -0.21679942309856415
v 0.6800879240036011 6.067986488342285 0.5200293660163879
v 1.1709420680999756 5.163180828094482 0.2676449716091156
v -0.38979774713516235 6.4655303955078125 0.6643183827400208
v 0.980915904045105 5.89044713973999 0.31234511733055115
v 0.1192840188741684 5.5131754875183105 -0.18466182053089142
v 0.5209999680519104 6.058399677276611 0.5887911319732666
v 1.1400843858718872 4.1432390213012695 -0.4442777931690216
v 0.8949437141418457 4.415999889373779 -1.029654860496521
v 0.20999474823474884 5.495765209197998 0.05589307099580765
v 0.11108795553445816 5.504469394683838 -0.2006453275680542
v 0.2592947483062744 4.82604455947876 -1.29819655418396
v 0.2510703504085541 5.061134338378906 -1.2206130027770996
v 1.0698813199996948 4.91046667098999 -0.19091235101222992
v -0.08300174027681351 4.443522930145264 -0.8614301681518555
v -0.3884264826774597 6.465213775634766 0.6662173271179199
v 0.9518035650253296 5.906872272491455 0.30261191725730896
v 0.7833893299102783 4.383092880249023 -1.1021686792373657
v 0.9667485952377319 5.489397048950195 -0.5079270601272583
v 0.11093531548976898 5.44200325012207 -0.11118018627166748
v 0.5526816844940186 5.330842018127441 0.8131831288337708
v 1.0075241327285767 4.195082187652588 -0.6743777394294739
v 0.17256894707679749 4.727265357971191 -1.2428863048553467
v -0.2728690207004547 6.440377235412598 0.7771224975585938
v 0.9070645570755005 4.2103376388549805 -0.839364230632782
v 0.04904431849718094 4.864678859710693 0.05594462901353836
v 0.07832873612642288 6.080889701843262 0.44582507014274597
v 0.3209630846977234 4.3094987869262695 -1.1919586658477783
v 1.0362154245376587 4.155920505523682 0.2721708416938782
v 0.473646879196167 5.8559370040893555 0.2853950560092926
v 0.38186705112457275 5.656854629516602 0.580758810043335
v 0.3046778440475464 4.309603691101074 -1.1733732223510742
v 1.0955086946487427 5.048848628997803 -0.22294147312641144
v 0.3827742636203766 5.651540279388428 0.5985168218612671
v 0.9884947538375854 6.01016092300415 0.4431280493736267
v 0.23345442116260529 4.152642726898193 0.3383120894432068
v 0.44785887002944946 6.125439167022705 -0.07258043438196182
v 0.7808164954185486 5.8684000968933105 0.2572999596595764
v 0.43768206238746643 5.954248428344727 0.48663243651390076
v 1.0934813022613525 4.158641815185547 0.16604526340961456
v 0.9991469979286194 4.378823757171631 -0.14297084510326385
v 0.7256261110305786 5.880826473236084 0.86823970079422
v 0.2911379337310791 5.697359085083008 -0.5580989718437195
v 0.19361701607704163 5.58270788192749 -0.28833702206611633
v 0.10531176626682281 5.490682601928711 -0.18857648968696594
v 0.1120230108499527 4.251340389251709 -0.8681411147117615
v 0.25433236360549927 4.830345153808594 -1.2948882579803467
v 0.31244057416915894 5.5818610191345215 0.32503458857536316
v 0.36489036679267883 5.817747592926025 0.4908577501773834
v 1.0847411155700684 4.991023540496826 -0.19455869495868683
v 0.4728870391845703 5.997165679931641 0.5058878660202026
v 0.1520380824804306 5.550728797912598 -0.2300526350736618
v -0.2658911645412445 4.674553394317627 -0.4128264784812927
v -0.20534156262874603 5.101975440979004 -0.26379823684692383
v 0.9111291766166687 4.164703845977783 0.34146302938461304
v 0.13309182226657867 4.724857330322266 -1.2554662227630615
v 0.16307251155376434 5.062819480895996 -1.1908352375030518
v 0.8140628337860107 5.884951591491699 0.8916130065917969
v 0.05698687955737114 6.093095779418945 0.4533575177192688
v 0.22871415317058563 5.586381435394287 -0.2913174033164978
v 0.1608407199382782 4.780214309692383 0.2156704217195511
v 0.516249418258667 4.825370788574219 -1.356027603149414
v 0.17007829248905182 4.583930492401123 -1.3856174945831299
v 0.1603236198425293 5.004602909088135 0.44513973593711853
v 0.9571453928947449 4.397759437561035 -0.9371838569641113
v 1.0643665790557861 5.107230186462402 -0.9550864100456238
v 0.13887810707092285 4.708482265472412 -1.2341954708099365
v 0.1772470325231552 4.313329696655273 0.17744682729244232
v 0.29481059312820435 4.310919284820557 -1.1606347560882568
v 0.2191351056098938 4.7673163414001465 -1.281410813331604
v 0.329211562871933 5.60373067855835 0.29252877831459045
v 0.4388541877269745 4.13642692565918 0.4740733504295349
v 0.3294874131679535 4.145413398742676 0.43994036316871643
v 0.39370471239089966 4.830390453338623 -1.5436094999313354
v 0.1689830720424652 4.173004150390625 0.22391954064369202
v 0.110295869410038 5.440714359283447 -0.08339766412973404
v 0.3971630930900574 5.639081954956055 -0.8997490406036377
v 0.10734493285417557 5.487485885620117 -0.16014796495437622
v 0.12304497510194778 5.484201431274414 -0.1894860863685608
v 0.17169801890850067 4.732752799987793 -1.2405345439910889
v 0.37190526723861694 6.385107040405273 0.15295617282390594
v 0.1956905871629715 5.563971519470215 -0.29255643486976624
v 0.8365646004676819 6.045734882354736 0.36294323205947876
v -0.11723771691322327 5.098530292510986 -0.05796325206756592
v 0.1843661367893219 5.553837299346924 -0.2847965955734253
v 0.8922101855278015 5.298710346221924 0.7727370858192444
v 0.1843128502368927 4.736891269683838 -1.297385811805725
v 0.6847338676452637 5.806601047515869 0.8179787993431091
v 0.1179429292678833 5.436727046966553 -0.0005682605551555753
v 0.9718074798583984 5.476073265075684 -0.5136193037033081
v 0.12199197709560394 5.493859767913818 -0.2010466307401657
v 0.3775235712528229 5.8133039474487305 0.5814118981361389
v 0.4124668836593628 4.567570209503174 0.3060361444950104
v -0.23975199460983276 5.084950923919678 -0.5581876039505005
v 0.03372807428240776 6.377529144287109 -0.34299999475479126
v 0.11099997907876968 5.5101447105407715 -0.2024170458316803
v 0.9805483222007751 5.339377403259277 -0.7568702101707458
v 1.049010157585144 5.223510265350342 -0.5735917091369629
v 0.4475456476211548 5.37069034576416 0.7231194972991943
v 1.0216528177261353 4.703724384307861 0.11425545066595078
v 0.5799924731254578 5.600430011749268 0.8992798924446106
v -0.373298317193985 6.104098796844482 0.6690004467964172
v 0.11140622943639755 5.451251983642578 -0.08707129210233688
v 0.8152631521224976 5.803292274475098 0.11520780622959137
v 0.2410571277141571 4.81104850769043 -1.3312203884124756
v 0.22497886419296265 6.00056266784668 0.4034375846385956
v 0.9766141176223755 5.480367183685303 0.14872442185878754
v 0.7525568604469299 4.637953281402588 0.5047792792320251
v 0.16880443692207336 5.5529680252075195 -0.24038627743721008
v 0.5304523706436157 4.3130903244018555 0.5119856595993042
v 0.6500313878059387 4.239265441894531 -1.0796093940734863
v 0.8584334254264832 5.810064792633057 0.26899993419647217
v 0.19330766797065735 5.554880619049072 -0.261584609746933
v 0.382770836353302 5.81830358505249 0.6010833978652954
v 0.1998615562915802 4.756470203399658 -1.3077648878097534
v 0.8979769349098206 6.042909145355225 0.3870452642440796
v 0.3965120315551758 5.8603410720825195 0.4875856339931488
v 0.15560558438301086 4.788000106811523 0.428377240896225
v 0.3069058656692505 4.30925178527832 -1.176070213317871
v 0.20897096395492554 4.366781234741211 0.24936167895793915
v 0.552416205406189 4.1319098472595215 0.4677710235118866
v 0.37767288088798523 5.812591075897217 0.5101988911628723
v 0.33572280406951904 6.129646301269531 0.690261721611023
v 0.1963590383529663 6.206272125244141 -0.246738001704216
v 0.265850692987442 4.14487361907959 0.3816031217575073
v 0.06603410840034485 5.038666248321533 -1.0938676595687866
v 1.0520354509353638 4.733709812164307 0.08511561900377274
v 0.34153228998184204 6.1250386238098145 0.6877161860466003
v -0.14328622817993164 4.574354648590088 -0.123046875
v 0.22994965314865112 4.786487102508545 -1.3159935474395752
v 0.2818337678909302 5.691656589508057 -0.5535969734191895
v 0.3690842092037201 5.819608211517334 0.4911080300807953
v 0.5274847149848938 5.672621726989746 0.12320428341627121
v -0.056497249752283096 4.203499794006348 -0.2760084569454193
v 0.5481150150299072 4.808159828186035 -1.3576775789260864
v 0.9113723635673523 5.794983386993408 0.27311310172080994
v -0.17941808700561523 4.5269999504089355 -0.8293932676315308
v 1.1426020860671997 4.146112442016602 -0.2766323387622833
v 0.952704131603241 5.747796058654785 0.8437288403511047
v 0.07948528230190277 5.159483432769775 0.24304969608783722
v 0.11973173171281815 4.6040730476379395 0.0010629601310938597
v 0.3203338384628296 4.83916711807251 -1.3153002262115479
v 1.1506617069244385 4.144584655761719 -0.32013121247291565
v -0.13473697006702423 4.365894317626953 -0.41505083441734314
v -0.021587880328297615 5.221563816070557 -0.18925556540489197
v 1.3030989170074463 5.529422283172607 0.6936255693435669
v 1.1629730463027954 5.157473087310791 0.24759018421173096
v 0.12274421006441116 5.518759727478027 -0.22274811565876007
v -0.038013625890016556 4.201995372772217 -0.4196542501449585
v -0.14357967674732208 4.448221206665039 -0.7180033922195435
v 0.3761821389198303 5.634159088134766 -0.888500452041626
v 0.47632649540901184 6.013326644897461 0.4881102740764618
v 0.5714017748832703 5.421502590179443 -1.168311595916748
v 0.9641128182411194 4.391849517822266 -0.9158550500869751
v 0.3816494047641754 5.657434940338135 0.5787275433540344
v 0.040793366730213165 5.979116916656494 0.7242338061332703
v 0.9687533974647522 4.385993480682373 -0.8958348035812378
v 1.0914970636367798 5.963876724243164 0.4854987561702728
v 0.1782267689704895 5.552342414855957 -0.2780482769012451
v 0.10520144551992416 5.496201515197754 -0.18008588254451752
v 0.5758152604103088 5.77399206161499 0.1455642282962799
v 0.21240505576133728 4.368978977203369 0.2538946568965912
v 0.1181035116314888 5.975996971130371 0.7174917459487915
v 0.14971521496772766 5.154072284698486 0.4565380811691284
v 0.22327332198619843 4.80122184753418 -1.2798702716827393
v -0.46336135268211365 6.278719425201416 0.6569307446479797
v 0.18735691905021667 5.461658954620361 0.07969798147678375
v 0.2448211908340454 4.856059551239014 -1.2971432209014893
v 0.1950620859861374 5.559617519378662 -0.26263728737831116
v 1.019534945487976 4.35553503036499 -0.7021738290786743
v 0.23416230082511902 4.800097465515137 -1.286025881767273
v 0.10416026413440704 4.422954559326172 -1.0521146059036255
v 0.7468225359916687 5.099601745605469 0.7842877507209778
v 1.078829288482666 4.955022811889648 -0.18862353265285492
v 0.13045142590999603 5.498106956481934 -0.20354856550693512
v 0.4714861214160919 4.824054718017578 -1.5516301393508911
v -0.17444849014282227 4.538862228393555 -0.6151130795478821
v -0.1278044432401657 6.203190326690674 0.4975570738315582
v -0.15666726231575012 5.0883941650390625 -0.8788979053497314
v 0.11794894188642502 5.422220706939697 -0.04056292027235031
v 0.044763144105672836 4.383251190185547 -0.925140380859375
v 1.0025784969329834 4.693850994110107 -0.2407686710357666
v 0.3548893928527832 4.421621799468994 -1.3368206024169922
v 0.20302194356918335 5.968524932861328 0.7130122780799866
v 0.12722593545913696 5.591455936431885 -0.5300403237342834
v 0.8837385177612305 5.900238513946533 0.27021199464797974
v 1.1870439052581787 4.891845226287842 -0.7631716728210449
v 0.020416641607880592 4.185903072357178 0.08491668105125427
v 0.09916745871305466 4.5432586669921875 -1.1394237279891968
v 0.25035688281059265 5.1597723960876465 0.5918024182319641
v 0.11490777879953384 4.621572971343994 0.005194182973355055
v 0.23036246001720428 6.216920375823975 0.103507399559021
v -0.0377521738409996 5.109367370605469 0.010420190170407295
v 0.30619165301322937 4.607828617095947 0.29326027631759644
v 0.1477540135383606 5.543859958648682 -0.2223418653011322
v 0.46900543570518494 4.596123695373535 -1.5449588298797607
v 0.3389913737773895 4.206568241119385 0.5118189454078674
v 0.9072497487068176 4.210294246673584 -0.839059054851532
v 0.8370907306671143 5.789952278137207 0.8600000143051147
v 0.46918052434921265 4.824418544769287 -1.5513874292373657
v 1.2060343027114868 4.720561504364014 -0.5752946734428406
v 0.9529103636741638 5.39217472076416 -0.09902992844581604
v 0.6491637229919434 4.140860557556152 0.42944109439849854
v 0.253296434879303 5.608025550842285 -0.28811854124069214
v 0.10221312940120697 5.415805816650391 0.030068740248680115
v 0.588184654712677 5.0836968421936035 -1.3033937215805054
v -0.09508336335420609 4.590624809265137 -0.09241674840450287
v -0.06119820475578308 6.291959285736084 0.7973603010177612
v 0.9397212266921997 4.252328395843506 0.3715578019618988
v 0.5184497237205505 5.987175941467285 0.38190239667892456
v 0.09817922860383987 4.678398132324219 0.018192388117313385
v 1.1022380590438843 4.854106903076172 0.29963091015815735
v 1.1338071823120117 4.9706926345825195 -0.8609022498130798
v 0.2106439769268036 6.007833003997803 0.40785691142082214
v 0.18041236698627472 4.712853908538818 -1.257315993309021
v 0.17940866947174072 5.561636924743652 -0.2829543948173523
v 1.2107338905334473 4.711946964263916 -0.5257248282432556
v 1.0071568489074707 4.4390058517456055 0.13068217039108276
v 0.1779036670923233 6.201071739196777 0.7259999513626099
v 0.5208298563957214 5.670470237731934 0.1294756680727005
v 0.11226630955934525 5.5012335777282715 -0.17354339361190796
v 1.103385329246521 4.160398960113525 -0.5140460133552551
v 0.6892496347427368 5.947193622589111 0.2189992368221283
v 0.7855941653251648 4.5273823738098145 0.21337643265724182
v 0.973341166973114 4.37589693069458 -0.8674526810646057
v 0.28361010551452637 4.143113613128662 0.4013371765613556
v 0.3112495541572571 5.579082012176514 0.33575430512428284
v 0.007575586438179016 6.41151237487793 -0.3400598168373108
v 0.8066756129264832 5.302764892578125 0.8218238949775696
v 0.42445752024650574 5.6407084465026855 0.2219589799642563
v 0.22665488719940186 5.50886869430542 0.03143571689724922
v 0.13808977603912354 5.525755882263184 -0.2395213544368744
v 0.04556446522474289 6.402331829071045 -0.1515246033668518
v 0.497192919254303 4.819461345672607 -1.5525768995285034
v 0.48059239983558655 6.071015357971191 0.6648845076560974
v 1.0474141836166382 5.127382755279541 -0.9552656412124634
v 0.18375010788440704 5.453145980834961 0.08352070301771164
v 0.8815901875495911 5.568391799926758 0.10228908807039261
v 0.720723032951355 5.770776748657227 0.8150356411933899
v 1.047534465789795 4.173534393310547 0.2291318029165268
v 0.4514785706996918 5.368971347808838 0.7257857322692871
v 0.25058913230895996 4.148041725158691 0.361033171415329
v -0.17918778955936432 5.106764316558838 -0.12063044309616089
v 1.2439675331115723 5.665762424468994 0.29247570037841797
v 0.1307956874370575 4.703909873962402 -1.277345061302185
v 0.15566176176071167 6.3272905349731445 0.016190366819500923
v 0.10467962175607681 4.6575212478637695 0.01306026242673397
v 0.19717904925346375 4.736220836639404 -1.2896641492843628
v 0.5822671055793762 6.060111999511719 0.3933619558811188
v -0.04586628079414368 4.201499938964844 -0.5149551033973694
v 0.11637938022613525 4.687597274780273 -1.2703497409820557
v 1.2325531244277954 5.573849678039551 0.7249195575714111
v 0.14114491641521454 5.311801433563232 0.35677477717399597
v -0.18278226256370544 6.378992557525635 0.7912101149559021
v 0.10995922982692719 5.448230743408203 -0.12999604642391205
v 0.4449543356895447 5.963780403137207 0.49180278182029724
v 1.045188069343567 4.776711940765381 0.3320295214653015
v 0.4772154688835144 6.192802906036377 0.2934265434741974
v 0.3404541611671448 4.224390983581543 -0.9975835084915161
v 0.16832569241523743 4.390982627868652 0.11902859061956406
v 0.18967227637767792 5.577403545379639 -0.28051671385765076
v 0.9055740833282471 6.013761520385742 0.5762088298797607
v 0.5289373993873596 4.412754535675049 0.3364262878894806
v 0.19817544519901276 4.75558614730835 -1.3067461252212524
v 0.20805631577968597 4.759420394897461 -1.306289792060852
v 1.0233792066574097 4.175556659698486 -0.10545555502176285
v 1.062699317932129 5.235855579376221 -0.6652971506118774
v 0.14702357351779938 4.339084625244141 -0.999476432800293
v 0.2489793747663498 5.61838436126709 -0.30953720211982727
v 0.1620984524488449 4.682556629180908 -1.2608686685562134
v 1.0492217540740967 5.082575798034668 0.5993269681930542
v 0.2084999531507492 5.595135688781738 -0.29705920815467834
v 0.02629155106842518 4.463939666748047 -0.06870830059051514
v 0.09184490144252777 5.563626289367676 -0.5630918741226196
v 0.5295819044113159 4.13100004196167 0.4727347195148468
v 1.0124554634094238 4.278841495513916 -0.08811881393194199
v 0.24312724173069 5.601480960845947 -0.2898625433444977
v 0.9580715298652649 4.164336681365967 0.3238775134086609
v 0.6985862851142883 6.024155139923096 0.2987518012523651
v 0.30685001611709595 5.959659099578857 0.38583189249038696
v 0.17047658562660217 4.350922107696533 0.1496249884366989
v 0.20527885854244232 4.82595157623291 -1.3077211380004883
v 0.5410223603248596 5.437278747558594 -1.1587611436843872
v 0.1591130495071411 5.55338716506958 -0.2610170245170593
v 0.533690333366394 6.203219890594482 0.14796261489391327
v 0.46973565220832825 4.417500019073486 0.3773952126502991
v 0.22066955268383026 4.693102836608887 0.2635369598865509
v 0.9816837310791016 4.162379264831543 0.31058454513549805
v 0.3956882655620575 5.990365028381348 0.7043783664703369
v 0.23615476489067078 6.207652568817139 0.11161667108535767
v 0.0232892706990242 4.462271690368652 -0.07171079516410828
v 0.1770479828119278 4.297006607055664 0.18832893669605255
v 1.1599441766738892 4.288234710693359 -0.25806695222854614
v 0.3081269860267639 4.6064887046813965 0.2935580313205719
v 0.227030411362648 4.799838542938232 0.5722711682319641
v 0.2612416744232178 4.392784595489502 0.30983415246009827
v 0.589289128780365 6.021231651306152 0.1838911473751068
v 0.19554610550403595 5.969333171844482 0.713416337966919
v 1.022011399269104 4.375943183898926 -0.6096478700637817
v 1.2126506567001343 5.82537841796875 0.5252659320831299
v 1.0498363971710205 5.218990802764893 -0.545945405960083
v 0.31296348571777344 5.708742141723633 -0.5671338438987732
v 0.9578919410705566 5.439640998840332 -0.22719170153141022
v 0.6309093832969666 5.32154655456543 0.8324688076972961
v 0.937975287437439 4.165387153625488 0.33309704065322876
v 0.12594681978225708 5.468908309936523 -0.14787867665290833
v 0.9367436170578003 5.360048770904541 -0.8324518203735352
v 1.2457401752471924 5.665097236633301 0.2938050925731659
v 0.39740294218063354 5.484099864959717 -1.0767412185668945
v 0.03676633536815643 4.185227394104004 0.10099386423826218
v 1.0741305351257324 4.166488170623779 0.0068681552074849606
v 0.9999055862426758 4.375334739685059 -0.14024010300636292
v 1.0705000162124634 5.218475341796875 -0.7336720824241638
v 0.18090830743312836 4.247375011444092 0.20985813438892365
v 0.05659899860620499 4.184452533721924 0.11859893053770065
v 0.14218716323375702 4.670495510101318 -1.272812843322754
v 0.9265745282173157 4.786111354827881 0.565888524055481
v 1.1038817167282104 5.262291431427002 0.12368185818195343
v 0.12749211490154266 5.453244209289551 -0.12885035574436188
v -0.09008228778839111 4.445791244506836 -0.8501265645027161
v 0.4918377995491028 5.980075836181641 0.7008192539215088
v 0.8590353727340698 5.876045227050781 0.8896868228912354
v 0.12910732626914978 5.433089733123779 -0.09462521970272064
v 0.8321373462677002 5.882338047027588 0.8908344507217407
v 0.9484350085258484 5.752065181732178 0.8461301922798157
v 0.3666716516017914 5.929283618927002 0.4294552803039551
v 0.1630699336528778 4.542361259460449 -1.36896550655365
v 1.1176397800445557 5.6948137283325195 0.37047675251960754
v 0.19711503386497498 4.771902084350586 -1.3189830780029297
v 0.9464808702468872 5.356507301330566 -0.8120394349098206
v 0.5300261378288269 5.080674648284912 -1.3021308183670044
v 0.12773379683494568 5.418529987335205 -0.04151913896203041
v 0.6832895874977112 4.668606758117676 -1.330628514289856
v 0.430078387260437 5.748053550720215 -0.62337726354599
v 1.0653694868087769 5.105030536651611 -0.9545691609382629
v 0.23298770189285278 4.781576156616211 -1.2929667234420776
v 0.8052716851234436 4.742959022521973 0.6227129101753235
v 1.298986554145813 5.505970478057861 0.6672192811965942
v 0.011970730498433113 4.237656593322754 -0.7626728415489197
v 0.9926225543022156 4.56748104095459 -0.24228066205978394
v 0.5727397203445435 5.773858547210693 0.14663410186767578
v 0.058275118470191956 5.294644355773926 0.08406036347150803
v 0.11736320704221725 6.232693672180176 0.747887909412384
v 0.9133168458938599 5.826284885406494 0.27488696575164795
v 0.1057867556810379 4.250790119171143 -0.8657566905021667
v 0.134331613779068 5.5236053466796875 -0.23356707394123077
v 1.0864533185958862 5.00031852722168 -0.1970047801733017
v -0.22317510843276978 4.978780269622803 -0.09565877914428711
v 0.5749531388282776 6.07603120803833 0.10175264626741409
v 0.844121515750885 5.59352445602417 0.1010000929236412
v 0.13911066949367523 4.726912975311279 -1.2765567302703857
v -0.008821586146950722 4.9204559326171875 0.044519856572151184
v 0.4027784764766693 4.41355037689209 -1.340309739112854
v 0.22569124400615692 5.651785373687744 -0.5262173414230347
v 0.9442558884620667 5.969781398773193 0.29238227009773254
v 0.1825839877128601 5.5709075927734375 -0.2692311406135559
v -0.110965795814991 5.98792839050293 0.7165000438690186
v 0.8488192558288574 5.5940093994140625 0.9504722952842712
v 1.0754281282424927 5.069706439971924 -0.9416031837463379
v 0.12768609821796417 5.453337669372559 -0.13017457723617554
v 0.7909563779830933 4.388525485992432 -1.1001036167144775
v -0.24888934195041656 6.428194522857666 0.7866034507751465
v -0.20550000667572021 5.1000657081604 -0.2881411015987396
v 0.22531679272651672 4.793348789215088 -1.2785886526107788
v -0.23714189231395721 4.714879035949707 -0.5552905797958374
v 0.24616335332393646 4.835302352905273 -1.2907824516296387
v 0.3631208837032318 5.982051372528076 0.26339688897132874
v 0.2529999613761902 4.811065196990967 -1.3025143146514893
v 0.4447491765022278 5.894111633300781 0.7018850445747375
v 0.3716338276863098 5.9998698234558105 0.7033740282058716
v 0.09945006668567657 6.38650369644165 -0.0658712238073349
v 0.15093417465686798 6.217174530029297 0.7303915619850159
v -0.18254400789737701 4.528021812438965 -0.8223899006843567
v 0.10907293856143951 4.689992427825928 -1.2640730142593384
v 0.5619440078735352 6.087043285369873 0.3745252788066864
v 0.9843141436576843 4.449161052703857 0.16148222982883453
v 1.0578619241714478 4.910573482513428 0.49430879950523376
v 1.0237109661102295 4.6651434898376465 -0.9752564430236816
v 0.2055826336145401 4.795680522918701 0.5259849429130554
v 1.062170147895813 5.869414806365967 0.3104086220264435
v 0.14820557832717896 5.546962738037109 -0.2529861629009247
v 1.1091578006744385 5.666568279266357 0.8011645674705505
v 0.5292658805847168 5.8456010818481445 0.24648723006248474
v -0.12880900502204895 4.363411903381348 -0.3412802517414093
v 0.7732400298118591 5.5463337898254395 -0.11851885914802551
v 1.0188281536102295 5.377296447753906 -0.5414845943450928
v -0.1877443492412567 4.557812213897705 -0.18162022531032562
v 0.5287287831306458 4.305506229400635 0.5150882601737976
v 0.10714524984359741 5.464900970458984 -0.11807586997747421
v 0.7146872878074646 4.572911262512207 -1.2952948808670044
v 0.5390207767486572 6.186535358428955 0.1560312807559967
v 1.125166654586792 4.980195999145508 -0.8737155795097351
v 0.09763924777507782 5.418561935424805 0.026244942098855972
v 0.8923618793487549 5.843707084655762 0.265407919883728
v 0.7709071636199951 4.9095001220703125 0.755292534828186
v 0.32414206862449646 6.055691719055176 0.2161421924829483
v 0.8628634810447693 5.874720096588135 0.8890979290008545
v 0.2151867151260376 6.241545677185059 0.08303561061620712
v 1.0387910604476929 4.409322738647461 0.0700700581073761
v -0.0062581016682088375 4.1875 0.04978904500603676
v 1.1825189590454102 5.352215766906738 0.6557551622390747
v 0.12753131985664368 5.4251790046691895 -0.06805714219808578
v 0.2489621937274933 4.805155277252197 -1.321614146232605
v 0.7842450141906738 5.791518211364746 0.8583909273147583
v -0.2515994608402252 4.6847004890441895 -0.45410141348838806
v 0.24327805638313293 5.61297082901001 -0.30869945883750916
v 1.1350332498550415 4.1478400230407715 -0.25293976068496704
v 0.5187236070632935 6.0519795417785645 0.6092001795768738
v 0.5032196044921875 6.2668046951293945 0.11605703830718994
v 0.2088579684495926 5.586999893188477 -0.30501842498779297
v 1.0500293970108032 5.218411445617676 -0.54246985912323
v 0.16271136701107025 5.55620813369751 -0.26313722133636475
v 0.37695351243019104 5.9596476554870605 0.27987536787986755
v 1.0020872354507446 4.692278861999512 -0.24096502363681793
v 0.5238688588142395 6.135413646697998 0.33772557973861694
v 0.11247340589761734 5.447947025299072 -0.08320903778076172
v 1.1241627931594849 4.262563705444336 0.26645350456237793
v 0.9900155663490295 4.446812629699707 0.15434378385543823
v 0.8765738606452942 4.164000034332275 0.34656915068626404
v 1.0785558223724365 4.784212589263916 0.0579947754740715
v 0.03667460381984711 5.368502616882324 -0.2583490312099457
v 1.090134620666504 4.148067474365234 -0.15420204401016235
v 1.0488756895065308 5.886832237243652 0.32154035568237305
v 0.2800362706184387 4.791849136352539 -1.2732597589492798
v 0.1300077885389328 5.49373197555542 -0.179279625415802
v -0.0523492693901062 4.182730197906494 -0.0711352601647377
v 0.1519656777381897 5.532567501068115 -0.2189657837152481
v 0.5394800305366516 5.754260063171387 0.19921061396598816
v -0.07045628875494003 4.3997392654418945 -0.18971702456474304
v 1.1018142700195312 4.150705337524414 -0.1759299635887146
v 0.24354799091815948 4.792033672332764 -1.3039801120758057
v 0.8913590312004089 5.761359214782715 0.8381908535957336
v -0.03737858310341835 5.110674858093262 0.009797606617212296
v 0.7192164063453674 4.265974044799805 0.29578348994255066
v 0.255033016204834 6.168392181396484 0.7094932794570923
v 0.23307180404663086 4.790452480316162 -1.326094627380371
v -0.15473967790603638 5.050917148590088 -0.9200828075408936
v 0.381672203540802 5.112692832946777 0.6774807572364807
v 0.11307031661272049 5.410287857055664 0.021540546789765358
v 0.22223792970180511 4.799208641052246 -1.280078411102295
v 0.10916607081890106 4.409814357757568 -1.044521689414978
v 0.3585691452026367 5.677525043487549 0.49999457597732544
v 0.24012045562267303 5.61361837387085 -0.293368935585022
v 0.21107986569404602 5.595710277557373 -0.2911008298397064
v 1.122475504875183 5.013690948486328 0.43294134736061096
v 0.9587381482124329 4.45706033706665 0.19232244789600372
v 0.15204152464866638 5.536916732788086 -0.2545415759086609
v 0.15062856674194336 5.97406530380249 0.7156413793563843
v 0.16324898600578308 6.518052101135254 -0.11124206334352493
v 0.7941139936447144 5.850244045257568 0.25864177942276
v 0.11460229009389877 5.47905969619751 -0.18799343705177307
v 0.07077781111001968 4.758993625640869 0.037067972123622894
v 0.5215194225311279 6.138350486755371 0.3354934751987457
v 0.16534017026424408 4.686473846435547 -1.2565464973449707
v -0.16389399766921997 4.524348735809326 -0.8625807166099548
v 0.5635573863983154 5.7722039222717285 0.15079624950885773
v -0.15727072954177856 5.084165573120117 -0.8834875226020813
v 0.24428433179855347 4.838675022125244 -1.2899051904678345
v 0.15865276753902435 5.554398059844971 -0.26092830300331116
v 0.24956941604614258 6.046569347381592 0.7322777509689331
v 0.20156732201576233 5.6375017166137695 -0.5220875144004822
v 0.4896675646305084 6.025813579559326 0.5037510991096497
v 0.18919803202152252 4.797999858856201 -1.277453064918518
v 1.2002817392349243 5.331521034240723 0.525998055934906
v 0.6455714702606201 4.645946979522705 0.5607048273086548
v 0.35508692264556885 5.069341659545898 -1.2592566013336182
v 1.2966959476470947 5.482044219970703 0.6188685297966003
v 0.10886605083942413 5.449026107788086 -0.08916998654603958
v 0.9306887984275818 6.0077667236328125 0.5812370181083679
v 0.8405817151069641 4.5694661140441895 0.20164939761161804
v 0.24378655850887299 5.607327461242676 -0.3113275170326233
v 0.12458833307027817 5.486985206604004 -0.16236761212348938
v 1.2913544178009033 5.647381782531738 0.33237412571907043
v 0.09299995005130768 4.487159252166748 -1.0906238555908203
v 0.7572829127311707 4.910157203674316 0.75897216796875
v 0.3467468023300171 6.120519638061523 0.6849349737167358
v 0.4156441390514374 4.418499946594238 0.39124006032943726
v 0.1264854073524475 5.473581314086914 -0.16100578010082245
v 0.36815592646598816 5.673337459564209 0.522639811038971
v 0.5639516115188599 5.852817535400391 0.22186553478240967
v 0.055469732731580734 5.979000091552734 0.7237008213996887
v 0.4494778513908386 4.827029228210449 -1.548941969871521
v 0.2808663845062256 5.972316741943359 0.39042285084724426
v 0.290426105260849 5.064213752746582 -1.2364989519119263
v 0.9892801642417908 4.70745325088501 -1.0112104415893555
v 0.994856595993042 4.699881553649902 -1.0047743320465088
v 0.9155541062355042 4.796334266662598 -1.1191006898880005
v -0.18313147127628326 4.89634370803833 -0.7630547881126404
v 0.9652135968208313 4.756002426147461 -1.0530970096588135
v 0.770592451095581 5.657238483428955 -0.428415447473526
v 0.5581867694854736 5.0625901222229 0.8085622787475586
v 0.19673842191696167 4.755146026611328 -1.307371973991394
v 0.40636855363845825 6.129772186279297 -0.11707454174757004
v 0.8707115054130554 5.5787882804870605 0.10115563124418259
v -0.172173410654068 4.539161205291748 -0.6061936020851135
v 1.1076593399047852 5.003499507904053 -0.8978859186172485
v 0.3859046995639801 6.395934581756592 0.02988613210618496
v 0.4842067360877991 6.020711898803711 0.49694910645484924
v 0.05199460685253143 6.402973175048828 -0.14261293411254883
v 0.10326806455850601 5.4415717124938965 0.025893261656165123
v 0.16149821877479553 4.717167377471924 -1.2906672954559326
v 0.9762076735496521 4.8240065574646 0.5346949100494385
v -0.1821959763765335 4.915095329284668 -0.7865753769874573
v 0.32543912529945374 5.946854114532471 0.4093523621559143
v 1.0712498426437378 5.330577373504639 0.3517111539840698
v 0.9632232189178467 5.431289196014404 -0.22700007259845734
v 0.8642549514770508 5.970090389251709 0.27615103125572205
v 0.6055607199668884 6.0030837059021 0.1616068184375763
v 0.37209388613700867 4.614742279052734 -1.5225313901901245
v -0.2149573564529419 6.256180286407471 0.5177468061447144
v 0.5122756361961365 5.341293811798096 0.7813735604286194
v 0.31412917375564575 5.560983180999756 0.38229188323020935
v 0.34782376885414124 6.119585990905762 0.6843607425689697
v 0.20057082176208496 4.735439777374268 -1.2826839685440063
v 0.652658998966217 5.0816121101379395 0.8116939067840576
v 0.48982545733451843 5.61807918548584 0.809746265411377
v 0.13079160451889038 5.497590065002441 -0.19485796988010406
v 0.1754843294620514 4.708898544311523 -1.2507578134536743
v 0.6507586240768433 5.602120876312256 -1.0049697160720825
v 0.16741599142551422 4.368180751800537 0.13840731978416443
v 0.8890214562416077 5.361320972442627 -0.9415376782417297
v -0.22651757299900055 5.090000152587891 -0.4608525335788727
v 0.1226801946759224 5.42567253112793 -0.07542137056589127
v -0.4492892026901245 6.200450897216797 0.64959317445755
v -0.048263270407915115 4.204263210296631 -0.5424262285232544
v 0.9406095147132874 5.604117393493652 0.9030081033706665
v 0.9127844572067261 5.7946624755859375 0.27336981892585754
v -0.07107436656951904 4.198723316192627 -0.20805102586746216
v 0.9675761461257935 5.8253173828125 0.29825296998023987
v 0.24877120554447174 5.600368022918701 -0.29222869873046875
v 0.8029648661613464 5.644114017486572 -0.44094735383987427
v 0.10706103593111038 5.4727582931518555 -0.1786220222711563
v 0.9247617721557617 4.460855007171631 0.22730357944965363
v 1.1785449981689453 4.8258562088012695 -0.7251966595649719
v 0.16390015184879303 4.170499801635742 0.1643994301557541
v 0.8125813603401184 5.662303447723389 -0.678100049495697
v 0.47397923469543457 4.867206573486328 0.7319241762161255
v 1.059132695198059 4.181394100189209 -0.591761589050293
v -0.14412568509578705 4.446310520172119 -0.7111790180206299
v 1.0951029062271118 4.843523979187012 0.3031986355781555
v 0.5771130919456482 4.261229038238525 -1.091759443283081
v 0.14847777783870697 6.219010353088379 0.7310141324996948
v 0.38347548246383667 6.352855205535889 0.17753835022449493
v 1.2586910724639893 5.4132161140441895 0.6281028389930725
v 0.13350838422775269 4.681328773498535 -1.2814972400665283
v 0.5398401021957397 4.337738990783691 0.4828825294971466
v 0.5048368573188782 5.664850234985352 0.1476382166147232
v 0.11553014814853668 5.410518169403076 0.020771877840161324
v 0.23313099145889282 5.585317134857178 -0.29899677634239197
v 0.9294941425323486 5.362309455871582 -0.8490536212921143
v 0.43439972400665283 5.6421732902526855 0.21487703919410706
v 0.14653128385543823 4.66253137588501 -1.2679282426834106
v 0.13527525961399078 4.700310230255127 -1.23164701461792
v 0.16598853468894958 5.380446434020996 0.12704011797904968
v 0.35853058099746704 6.417735576629639 0.00833094771951437
v -0.04527602717280388 5.981450080871582 0.7190748453140259
v 0.8948715329170227 5.559135437011719 0.10470379889011383
v 0.3156956136226654 5.5890302658081055 0.3136349618434906
v 0.5486293435096741 5.434060573577881 -1.1625646352767944
v 0.05522310733795166 5.5276360511779785 -0.6252285838127136
v 0.30776476860046387 4.814435005187988 0.6579026579856873
v -0.45192259550094604 6.206056594848633 0.6500928401947021
v 1.27041757106781 4.856260776519775 -0.5358293652534485
v 0.1945073902606964 5.558120250701904 -0.26230451464653015
v 0.34197551012039185 6.020049095153809 0.23796848952770233
v 0.20266403257846832 4.74893856048584 -1.2610751390457153
v 0.2880828082561493 4.803771495819092 -1.2837550640106201
v 0.3952410817146301 4.142775535583496 0.467280775308609
v 0.15992844104766846 4.5202131271362305 -1.356320858001709
v 0.6775602102279663 4.280452728271484 -1.073021650314331
v 0.9573078155517578 5.967181205749512 0.2960848808288574
v 0.061610497534275055 4.475934982299805 -0.04222722724080086
v 0.8736897110939026 5.750179290771484 0.8320052027702332
v 0.13509975373744965 6.260095119476318 -0.29324227571487427
v 0.1677931249141693 5.561845302581787 -0.2521221339702606
v 0.1872548758983612 5.572052001953125 -0.2876652479171753
v 0.3644254505634308 4.145387649536133 0.45785027742385864
v 0.6807547807693481 4.369833946228027 0.24847035109996796
v 0.39848291873931885 5.924413681030273 0.3028278350830078
v 0.24913771450519562 5.5963850021362305 -0.3022359013557434
v 0.13744722306728363 4.7024006843566895 -1.2306181192398071
v -0.14009349048137665 4.457812786102295 -0.7478294372558594
v 0.3381451368331909 6.434854507446289 0.0914967730641365
v -0.17040620744228363 4.541757583618164 -0.5728597044944763
v -0.3723739981651306 6.375202178955078 0.5424842834472656
v 0.07889460027217865 6.325141429901123 -0.3321063816547394
v 0.31521353125572205 5.568713665008545 -0.06614234298467636
v 0.1893259584903717 4.762381076812744 -1.2536166906356812
v 0.43851131200790405 5.6328887939453125 0.7452669739723206
v -0.2690282464027405 4.970736026763916 -0.14342434704303741
v -0.15634457767009735 5.066763877868652 -0.903114378452301
v 0.49280068278312683 4.542840003967285 0.30037572979927063
v 0.39937564730644226 5.483725070953369 -1.078100562095642
v 0.2813897132873535 4.398940563201904 0.32838985323905945
v 0.6810022592544556 5.591545104980469 0.9597964286804199
v 0.679993212223053 4.373531341552734 0.24748985469341278
v -0.07201135158538818 5.271010875701904 -0.4159861207008362
v 1.1531462669372559 4.143784523010254 -0.3471774160861969
v -0.288886696100235 6.303609371185303 0.5303664803504944
v 0.13423117995262146 4.687540531158447 -1.2227702140808105
v 0.10635122656822205 5.479957103729248 -0.14437712728977203
v 0.160903662443161 4.48277473449707 -1.3357796669006348
v 1.0170257091522217 4.735371112823486 -0.23506702482700348
v 0.9784193634986877 4.421369552612305 -0.18876531720161438
v 0.5071592330932617 6.259713649749756 0.11947114765644073
v 0.6757304668426514 4.356964111328125 -1.1839821338653564
v 0.11660366505384445 4.695679187774658 -1.2409530878067017
v 0.15800504386425018 4.788000106811523 0.43581581115722656
v 0.09794076532125473 5.567429542541504 -0.5557222962379456
v 1.0146963596343994 5.39481258392334 -0.529296875
v 0.35822486877441406 4.829575061798096 0.6908349394798279
v -0.25808653235435486 6.28222131729126 0.5270097255706787
v 0.18443617224693298 5.62940788269043 -0.5217931866645813
v 1.1115186214447021 4.997604846954346 -0.8914011120796204
v 0.11897122114896774 6.280038356781006 -0.30644384026527405
v -0.013726204633712769 4.611878871917725 -0.07799721509218216
v 1.125655174255371 4.597054481506348 -0.8210547566413879
v 0.8861774802207947 4.455243110656738 0.25396275520324707
v 0.7108297944068909 4.591351509094238 -1.3037307262420654
v 1.1066937446594238 4.860790252685547 0.29740309715270996
v 0.20143572986125946 4.757037162780762 -1.3074815273284912
v 0.22675703465938568 4.377624034881592 0.27277472615242004
v 0.26705437898635864 5.155093193054199 0.6087765693664551
v 0.1618911474943161 4.534581661224365 -1.3644864559173584
v 1.0134438276290894 4.698577880859375 0.12140248715877533
v 0.120001882314682 5.523994445800781 -0.2122870832681656
v 1.0956302881240845 5.710869789123535 0.37729811668395996
v 0.643031120300293 5.704113006591797 -0.4012739658355713
v 0.20426851511001587 5.590724945068359 -0.2927652597427368
v 0.8601114749908447 4.163394451141357 0.34719711542129517
v 1.0283961296081543 5.294284343719482 -0.08300001174211502
v -0.1324763000011444 4.4620866775512695 -0.7700040936470032
v 0.16474959254264832 4.170499801635742 0.15993951261043549
v 1.12981116771698 4.146941661834717 -0.4674167037010193
v 0.6220911741256714 5.910667896270752 0.1973484605550766
v 0.36127495765686035 5.6763224601745605 0.5063082575798035
v 0.10451161861419678 5.414653301239014 0.016394028440117836
v 0.9596382975578308 4.815425872802734 -1.0824363231658936
v 0.10823573917150497 5.315430641174316 0.3110131323337555
v 0.5699604749679565 4.4068922996521 0.302068829536438
v 0.8271805047988892 4.55966329574585 0.20637205243110657
v 0.9124113321304321 4.209413051605225 -0.8311329483985901
v 0.896544873714447 5.481167316436768 -0.09863613545894623
v 0.5253891944885254 6.133513450622559 0.3391699194908142
v 0.9137082695960999 4.209218502044678 -0.8291877508163452
v 0.22310101985931396 4.797565937042236 -1.2796608209609985
v 0.3708781599998474 5.672248840332031 0.529445469379425
v 0.5220511555671692 4.130908966064453 0.4741354286670685
v 0.6823877096176147 5.5865278244018555 -0.12830188870429993
v 0.36871105432510376 6.409343719482422 0.017156466841697693
v 0.9290599226951599 4.413601875305176 -0.9964507222175598
v 0.11192569136619568 5.499624729156494 -0.1730363816022873
v 0.14622589945793152 6.522158622741699 -0.1220962405204773
v 0.8314077854156494 5.30115270614624 0.8095249533653259
v 1.015402913093567 4.676177978515625 -0.984516441822052
v 1.157652497291565 4.564260482788086 -0.7418358325958252
v 0.12785819172859192 4.370621681213379 -1.0216350555419922
v 0.9263626933097839 5.3632731437683105 -0.8570024967193604
v 0.2054455727338791 4.771852016448975 -1.2657197713851929
v 0.2433992177248001 5.6184401512146 -0.2978047728538513
v 0.1603643298149109 5.350874423980713 0.1520525962114334
v 0.8271822333335876 4.160740375518799 0.34618502855300903
v -0.13995353877544403 4.420721530914307 -0.5707467198371887
v 0.5045000314712524 4.18260383605957 0.4981989860534668
v 1.0095150470733643 4.695969581604004 0.12490919232368469
v 0.9623019695281982 5.902185916900635 0.3063254952430725
v -0.20811344683170319 4.541914939880371 -0.23528358340263367
v 0.16696837544441223 5.3030314445495605 0.3814604878425598
v 1.0490001440048218 4.4118571281433105 -0.4510306119918823
v 0.5239141583442688 4.286240100860596 0.522083580493927
v 0.06552033126354218 4.774939060211182 0.040187764912843704
v 1.066923975944519 4.1877570152282715 0.25325530767440796
v 0.4557941257953644 5.637660026550293 -0.9219669103622437
v 0.6420360207557678 5.3744330406188965 -1.184840202331543
v 1.0973173379898071 5.301546573638916 0.4165414869785309
v -0.06185999512672424 4.1833600997924805 -0.1443668156862259
v 0.940101683139801 4.626236438751221 0.17289260029792786
v 1.063310980796814 5.168972492218018 -0.4026751220226288
v 0.5535109639167786 5.728226661682129 -0.7023922204971313
v 0.4679822027683258 6.314664363861084 0.08555516600608826
v 1.0225443840026855 4.66679048538208 -0.9767659902572632
v 0.5605931282043457 5.6044230461120605 0.8836622834205627
v -0.45585691928863525 6.347858428955078 0.6634143590927124
v 0.503770649433136 5.718428134918213 -0.3808039128780365
v 0.5263344645500183 4.4134650230407715 -1.3670810461044312
v 0.3655475378036499 4.8306379318237305 -1.5420689582824707
v 0.1260099858045578 5.418181419372559 0.02423303946852684
v 0.08750700950622559 5.009171962738037 0.3568488657474518
v 0.663616955280304 4.638646125793457 0.5472737550735474
v 0.5785520076751709 5.858743667602539 0.2137560397386551
v 1.0107628107070923 5.9971184730529785 0.456849604845047
v 1.0354810953140259 4.176000118255615 -0.08389757573604584
v 0.8619629144668579 6.04420280456543 0.3719851076602936
v 0.8438957333564758 5.803825855255127 0.8654653429985046
v 1.042008399963379 4.176000118255615 -0.06982693076133728
v -0.12164574861526489 5.202487945556641 -0.7312326431274414
v 0.5396072268486023 4.886895179748535 0.7429214119911194
v 0.8246336579322815 4.426538467407227 0.27641764283180237
v 0.7527327537536621 4.2547760009765625 -1.0161751508712769
v 0.5811663269996643 5.083956718444824 -1.3039135932922363
v 0.8617242574691772 5.5954999923706055 0.9453225135803223
v 0.1228628009557724 5.588725566864014 -0.5320686101913452
v 0.14496247470378876 5.00921106338501 0.4290105700492859
v 1.00444757938385 5.321235656738281 -0.22794748842716217
v 0.039816416800022125 4.469569683074951 -0.05786077678203583
v 0.11402933299541473 5.416153907775879 -0.00202933419495821
v 1.0569179058074951 5.109939098358154 -0.9561021327972412
v 0.9874036312103271 4.196724891662598 -0.7089681029319763
v 0.6058782339096069 4.543773174285889 -1.4840919971466064
v 0.14010587334632874 4.714986324310303 -1.2830108404159546
v 0.018129216507077217 4.185994625091553 0.08262915164232254
v 0.331513375043869 6.04097318649292 0.22398097813129425
v 0.44867178797721863 5.902430534362793 0.7076550126075745
v 0.373337984085083 6.103123188018799 0.6772077083587646
v 1.0836546421051025 4.795297622680664 0.053369008004665375
v 1.0332754850387573 4.156247138977051 0.27489298582077026
v 0.5604227781295776 5.063004016876221 0.8093075752258301
v 0.14553113281726837 4.711694240570068 -1.2339359521865845
v -0.07127877324819565 4.199336528778076 -0.21643097698688507
v -0.0482582189142704 4.204258441925049 -0.5422643423080444
v 0.17396847903728485 4.718448638916016 -1.2466648817062378
v 0.7516133189201355 5.886189937591553 0.8827590942382812
v 0.2754462659358978 4.143640995025635 0.3925189673900604
v 1.303420901298523 5.522665023803711 0.685903012752533
v -0.1887192577123642 6.001332759857178 0.7051672339439392
v 0.10497802495956421 5.419090747833252 0.012243685312569141
v 1.0518773794174194 4.177877426147461 0.23832833766937256
v 0.12640559673309326 5.590481758117676 -0.5303479433059692
v 0.23074883222579956 6.216301918029785 0.10404834896326065
v 0.6145772337913513 5.594788551330566 0.92459636926651
v 0.47652608156204224 5.854702949523926 0.2833384573459625
v 0.5649439096450806 4.530551433563232 0.27617746591567993
v 0.7493283152580261 5.099794864654541 0.7829385995864868
v 0.985612154006958 4.354020595550537 -0.8090510964393616
v 0.3787689507007599 5.813480377197266 0.5050972700119019
v 0.19129233062267303 4.780622959136963 -1.2641748189926147
v 0.6865850687026978 4.148890018463135 0.3929688334465027
v -0.38510164618492126 6.465266704559326 0.670831024646759
v 0.8636641502380371 5.499602317810059 -0.09881552308797836
v 0.8248974680900574 5.602903366088867 0.10048191994428635
v 1.0350011587142944 5.285998344421387 -0.082590751349926
v 0.7682754397392273 4.9095001220703125 0.7561234831809998
v 0.2220493108034134 5.163895130157471 0.5612590909004211
v 0.4828116297721863 5.4575629234313965 -1.1268197298049927
v 0.4673720598220825 5.359537601470947 0.739235520362854
v -0.1969861090183258 4.533992767333984 -0.7432218194007874
v 0.18102119863033295 5.544575214385986 -0.25242096185684204
v 0.4263695180416107 5.899738788604736 0.33000001311302185
v 0.11043454706668854 4.68461275100708 -1.249406337738037
v 0.2157684713602066 4.773184776306152 -1.2735482454299927
v 1.0956283807754517 4.259300708770752 -0.1290220022201538
v 1.2973766326904297 5.483935356140137 0.6166752576828003
v 0.2607889175415039 5.6232805252075195 -0.3078610897064209
v 1.251017689704895 4.889209270477295 -0.5775800943374634
v 0.16342300176620483 5.972914218902588 0.7153047323226929
v 0.32106009125709534 5.462480068206787 0.5710799694061279
v 0.11659528315067291 5.976075649261475 0.717613935470581
v -0.19578057527542114 4.532622337341309 -0.7651432752609253
v 0.23567825555801392 4.678321838378906 0.2740764021873474
v 0.6835132241249084 4.371274471282959 -1.1915132999420166
v 0.18273727595806122 5.568915843963623 -0.2650947570800781
v 0.5867049098014832 6.066746234893799 0.11812286078929901
v 0.15454721450805664 4.755526542663574 -1.2626923322677612
v 0.11358398199081421 5.426820278167725 -0.012847852893173695
v 1.1807891130447388 5.694283962249756 0.23728898167610168
v 0.4216262400150299 5.929407596588135 0.4751262366771698
v 0.9117842316627502 5.826995372772217 0.2742798626422882
v 1.0572429895401 5.75291633605957 0.36647486686706543
v -0.1024681106209755 4.4528117179870605 -0.8303058743476868
v 0.8697434663772583 5.5954999923706055 0.9421722292900085
v 0.5617046356201172 6.09375524520874 0.18697485327720642
v 0.8587202429771423 6.023473739624023 0.5661143064498901
v 1.0968258380889893 5.020368576049805 -0.9113888740539551
v 0.6615756154060364 5.360163688659668 -1.1909589767456055
v -0.14067761600017548 4.456857681274414 -0.7451117038726807
v 0.16138145327568054 5.353315353393555 0.149408221244812
v 0.1222098171710968 5.497467041015625 -0.20478837192058563
v 1.0176448822021484 5.307102680206299 -0.7018455266952515
v 0.5318143963813782 4.817260265350342 -1.3575000762939453
v 0.7985169291496277 5.844825267791748 0.25965774059295654
v 0.7046752572059631 5.6878342628479 -0.8631569147109985
v 0.04128887504339218 4.470128059387207 -0.05674321949481964
v 0.1290052831172943 5.410891532897949 0.0009703674586489797
v 0.3907705545425415 5.1072235107421875 0.6775000691413879
v 0.07623347640037537 6.5304999351501465 -0.16713666915893555
v 1.0034258365631104 5.290976524353027 0.7008828520774841
v 0.18184980750083923 4.7831130027771 -1.2709711790084839
v 0.2329283058643341 5.584967136383057 -0.2994942367076874
v 0.20663370192050934 4.789556980133057 -1.2683091163635254
v 0.20355816185474396 5.165500164031982 0.5352377891540527
v 0.7669535875320435 4.250015735626221 -1.003541350364685
v 0.38828569650650024 5.735770225524902 -0.6013191342353821
v 0.9954248070716858 4.60651969909668 -0.24284975230693817
v -0.17111676931381226 6.364762306213379 0.7918640375137329
v 0.1681244969367981 4.410940647125244 0.08430656045675278
v 0.1275164932012558 5.431187629699707 0.02231222577393055
v 0.4884692430496216 4.41043758392334 -1.3597501516342163
v 0.3057175278663635 4.218994140625 -0.9508351683616638
v 0.196476548910141 5.165500164031982 0.5265824198722839
v 0.12466330826282501 5.483785629272461 -0.1617347151041031
v -0.34922873973846436 6.4659743309021 0.714508593082428
v 0.9704413414001465 4.197979927062988 -0.7401776313781738
v 0.11370740085840225 4.672670364379883 -1.2574095726013184
v 1.127000093460083 5.1221137046813965 0.1234741136431694
v 0.36443448066711426 6.412858486175537 0.01346479170024395
v 0.08408204466104507 5.553684234619141 -0.5760299563407898
v 0.4624558389186859 4.417500019073486 0.3806307911872864
v 0.1609681248664856 4.687178611755371 -1.271060585975647
v 0.12375059723854065 4.341614246368408 -0.9197916388511658
v 0.9738547801971436 4.374612808227539 -0.8643712401390076
v -0.2967483699321747 4.95814323425293 -0.19988825917243958
v 1.3224537372589111 5.642000198364258 0.3630843758583069
v 1.0180758237838745 5.044806480407715 0.6313856840133667
v 0.8161194324493408 4.159307956695557 0.3454810380935669
v 0.7245349884033203 4.505984306335449 -1.261759638786316
v -0.17380914092063904 5.998258590698242 0.708301842212677
v 0.1281760334968567 5.425213813781738 -0.07588949054479599
v 0.07420073449611664 5.004700660705566 0.2975102961063385
v -0.18585586547851562 4.5294108390808105 -0.8141103982925415
v 0.14473100006580353 5.519939422607422 -0.23088188469409943
v -0.2785983681678772 4.9663004875183105 -0.1603468954563141
v -0.17336015403270721 4.983364105224609 -0.07199867069721222
v 1.0710331201553345 4.152500152587891 0.23365379869937897
v -0.1355265974998474 4.3943963050842285 -0.498109370470047
v 1.0789963006973267 5.321867942810059 0.37108173966407776
v 0.03255755826830864 5.316433429718018 -0.22253930568695068
v 0.3617170751094818 6.415103435516357 0.011101852171123028
v 0.47511547803878784 5.356290340423584 0.7454800605773926
v -0.1461511105298996 4.435500144958496 -0.6624304056167603
v -0.40634414553642273 6.4611968994140625 0.6363940834999084
v -0.06096898019313812 4.182468891143799 -0.13397151231765747
v 0.8925960659980774 5.482976913452148 -0.097648985683918
v 0.1613120585680008 4.530590534210205 -1.3622013330459595
v 0.3011266589164734 6.454929351806641 -0.030105751007795334
v 0.13513056933879852 5.414294719696045 -0.0012415446108207107
v 0.18784211575984955 4.76711368560791 -1.3111821413040161
v 0.16717010736465454 5.542688846588135 -0.2630188465118408
v 0.14255324006080627 4.670419216156006 -1.2724467515945435
v 0.49600017070770264 6.2776665687561035 0.11033347994089127
v 0.2285863310098648 6.180397033691406 0.7152780890464783
v 0.6967778205871582 6.030863285064697 0.30750495195388794
v 0.9736799597740173 4.163293838500977 0.3156155049800873
v 0.16131174564361572 5.560777187347412 -0.2527470588684082
v 0.4085894823074341 4.347098350524902 0.42634814977645874
v 0.11185973882675171 5.4358649253845215 -0.09424281865358353
v 0.1660783290863037 6.3135905265808105 0.02863258682191372
v 0.17473585903644562 4.7783403396606445 -1.2986223697662354
v 0.9734771251678467 4.453173637390137 0.1746935397386551
v 0.020322546362876892 6.527359962463379 -0.2103978544473648
v 0.12176501005887985 6.055556774139404 0.4308181703090668
v 0.27767452597618103 4.632376670837402 0.28725528717041016
v 0.4042128026485443 5.912435531616211 0.48691558837890625
v 0.9181625843048096 5.825009822845459 0.2771822512149811
v 1.1713242530822754 5.877627372741699 0.5145919919013977
v 0.6624987721443176 6.058058738708496 0.36820748448371887
v 1.0105301141738892 4.752843856811523 0.342528373003006
v 0.20431770384311676 4.237438678741455 -0.8912684321403503
v 0.18585459887981415 4.646872520446777 -1.4051636457443237
v 1.055938959121704 4.789064884185791 0.3247862458229065
v 1.157105565071106 4.9480671882629395 0.2569330036640167
v 0.6950684189796448 6.065797328948975 0.5249552726745605
v 1.0707142353057861 4.8073930740356445 0.31592851877212524
v 0.11211463809013367 5.434731960296631 -0.0648445412516594
v 0.4197690188884735 5.63950252532959 -0.9105042815208435
v 0.2216065376996994 5.590998649597168 -0.2874009907245636
v 0.3526808023452759 5.489597797393799 -1.053767204284668
v -0.19966420531272888 4.549001693725586 -0.20849528908729553
v 0.1944701224565506 5.550970077514648 -0.26799994707107544
v 0.944183886051178 4.2809157371521 0.3581874966621399
v 0.373547226190567 5.920018196105957 0.3124580979347229
v 0.1883486956357956 4.653759002685547 -1.4078487157821655
v 1.1496362686157227 5.570867538452148 0.7325669527053833
v 0.28786981105804443 5.544593811035156 -0.04460413008928299
v 1.330772876739502 5.551477909088135 0.5602568984031677
v 0.5881513357162476 5.0666375160217285 0.8145797252655029
v 0.5719882249832153 5.620534420013428 -0.9678975939750671
v 0.4081106185913086 5.385439872741699 0.7010553479194641
v 0.43161648511886597 6.257616996765137 0.25011637806892395
v 0.6150193214416504 4.751056671142578 -1.5211008787155151
v 0.7185243964195251 4.26285982131958 0.29647544026374817
v 0.14706525206565857 5.974440574645996 0.7157350182533264
v 0.106143057346344 5.448523998260498 -0.10956142842769623
v -0.10554880648851395 4.380570411682129 -0.2520269453525543
v -0.08269882202148438 5.984546661376953 0.7172266244888306
v 0.8937234878540039 4.8132710456848145 -1.1315083503723145
v 0.11093166470527649 5.411284446716309 0.013789832592010498
v 0.41048160195350647 5.710903167724609 -0.36585941910743713
v 0.21587632596492767 6.240409851074219 0.08392824232578278
v 0.6919812560081482 5.591849327087402 0.9631443619728088
v 0.4274809658527374 5.716647148132324 -0.3693040609359741
v 0.13537806272506714 4.671978950500488 -1.2797374725341797
v -0.15956437587738037 4.983546733856201 -0.06454291939735413
v 1.1177409887313843 4.988863468170166 -0.8821272253990173
v -0.05030181258916855 4.223094463348389 -0.6297458410263062
v -0.3302463889122009 6.335137844085693 0.5357168316841125
v 0.1690863072872162 5.1630144119262695 0.49410536885261536
v 0.16878607869148254 4.747442245483398 -1.2993422746658325
v 0.8748481273651123 5.8691864013671875 0.8881629705429077
v 0.5565519332885742 5.762570858001709 0.16042868793010712
v 0.2451545149087906 5.598186492919922 -0.29264989495277405
v -0.23469248414039612 5.088561534881592 -0.5009699463844299
v 0.9713846445083618 4.38060188293457 -0.8821656107902527
v 0.4317520260810852 4.252562999725342 -1.0913066864013672
v 0.9138118028640747 4.415999889373779 -1.013584852218628
v 0.9038143754005432 5.549292087554932 0.10743818432092667
v 0.19377084076404572 5.550271034240723 -0.26799994707107544
v 0.3285486102104187 6.146585464477539 -0.16767095029354095
v 0.5809276103973389 5.06556510925293 0.8137754201889038
v 0.13558053970336914 5.500644683837891 -0.19843599200248718
v 0.1415995955467224 5.0584235191345215 -1.1779409646987915
v 0.46365419030189514 4.863409042358398 0.7296454310417175
v 0.9055624604225159 5.914287090301514 0.2828823924064636
v 0.7477173209190369 6.054121017456055 0.5405192375183105
v 0.37034398317337036 5.927855014801025 0.43197524547576904
v 0.3119182288646698 4.1444926261901855 0.42767947912216187
v 0.18931758403778076 4.724292278289795 -1.2814186811447144
v -0.4620436728000641 6.297519207000732 0.6571084260940552
v 0.3129178285598755 5.565746307373047 0.3703218698501587
v 0.8093249201774597 4.904980182647705 0.736950159072876
v 1.0596879720687866 4.864336013793945 -0.20100989937782288
v 0.35511475801467896 4.311229228973389 -1.2243438959121704
v 0.13855230808258057 5.434075355529785 -0.07579067349433899
v 0.14234688878059387 5.523095607757568 -0.2375956028699875
v 0.0467880442738533 6.099094867706299 0.45695722103118896
v 0.7359655499458313 4.909999847412109 0.7608014345169067
v 0.8629451394081116 5.323779582977295 -0.9909429550170898
v 0.9067453145980835 5.77628231048584 0.11942946910858154
v 1.159894585609436 4.942806720733643 -0.8240096569061279
v 0.2450169026851654 4.386106967926025 0.29298099875450134
v 0.9621831774711609 4.8102898597717285 0.5446096062660217
v 0.5533953905105591 4.570616722106934 -1.529739499092102
v -0.19771181046962738 4.834188461303711 -0.6150202751159668
v 0.10201247781515121 5.424241542816162 0.013180353678762913
v 0.19553418457508087 4.7166218757629395 0.24512691795825958
v 0.9665533304214478 5.34735107421875 -0.7780424356460571
v 0.21105216443538666 4.832343101501465 -1.301947832107544
v 0.26054680347442627 5.981812000274658 0.39438456296920776
v -0.09655679017305374 4.449028491973877 -0.8404148817062378
v 0.24248865246772766 4.824659824371338 -1.2902542352676392
v 0.22594131529331207 5.6071271896362305 -0.2961970865726471
v 0.4960435628890991 4.819691181182861 -1.5526151657104492
v 0.2524741590023041 5.616102695465088 -0.28883758187294006
v 0.7397064566612244 5.637598037719727 0.0946752205491066
v 0.9397439956665039 5.514401435852051 0.12484002113342285
v 1.0924084186553955 4.8396172523498535 0.3045458495616913
v -0.43844863772392273 6.181877613067627 0.6496298909187317
v 1.0157496929168701 4.3521246910095215 -0.7196260094642639
v 0.21585731208324432 4.811352252960205 -1.2831658124923706
v -0.17373815178871155 6.3677144050598145 0.7914047241210938
v 0.3010048568248749 6.155190944671631 -0.18430475890636444
v 0.13515861332416534 5.428870677947998 -0.06642205268144608
v -0.23823678493499756 4.976500988006592 -0.10773922502994537
v 1.0016065835952759 5.983696460723877 0.5961951017379761
v 0.5090001225471497 6.010195732116699 0.6853635907173157
v 0.6133756637573242 4.754236221313477 -1.5231492519378662
v -0.17097550630569458 5.106662750244141 -0.10821937024593353
v 1.0409327745437622 4.155396461486816 0.2678028643131256
v 0.597369372844696 4.7742719650268555 -1.5351039171218872
v 0.7778692245483398 4.909261226654053 0.7528045773506165
v 0.8664155006408691 5.581829071044922 0.1010000929236412
v 1.0114120244979858 5.7833638191223145 0.3388199508190155
v 0.5545458197593689 5.673750877380371 0.10660162568092346
v 0.9449357986450195 5.821650505065918 0.28829336166381836
v 1.0669149160385132 4.897899150848389 -0.1935850828886032
v 0.16334180533885956 5.3680949211120605 0.1363038867712021
v -0.3379279375076294 6.342151641845703 0.5370526909828186
v 0.3605138957500458 4.830338001251221 0.6922083497047424
v 0.39491671323776245 4.333916664123535 0.4435734152793884
v 1.024729609489441 5.298686504364014 -0.6909675002098083
v 0.3878994286060333 5.921662330627441 0.45093053579330444
v 0.308399498462677 5.958954811096191 0.38569095730781555
v 0.11472291499376297 4.622220039367676 0.0053327493369579315
v 0.870374858379364 4.218644142150879 -0.8887211680412292
v 0.21655777096748352 6.239287376403809 0.08481012284755707
v -0.46089819073677063 6.310052394866943 0.6586019396781921
v -0.10639116168022156 4.380064964294434 -0.2542169392108917
v -0.1456599086523056 4.9822163581848145 -0.054226890206336975
v 0.14959104359149933 5.521779537200928 -0.22399994730949402
v 0.39625704288482666 5.903470039367676 0.3175378143787384
v 0.11482001841068268 5.498680114746094 -0.16916576027870178
v -0.019093787297606468 5.024956703186035 0.03140607103705406
v 0.22995319962501526 5.58674430847168 -0.3085467219352722
v 1.0206645727157593 4.356997013092041 -0.6948474049568176
v 0.33922725915908813 4.41349983215332 0.36911365389823914
v 0.48810553550720215 4.590954780578613 -1.545106053352356
v -0.021324602887034416 5.980123043060303 0.7212536334991455
v 1.034574270248413 5.2839555740356445 0.6763081550598145
v 1.1506234407424927 5.1302595138549805 0.18745499849319458
v 0.12284518033266068 5.461006164550781 -0.09661757200956345
v 0.703737735748291 5.571648597717285 -1.0138084888458252
v 0.5705131888389587 4.666280746459961 0.5983015298843384
v 0.5010270476341248 6.164183616638184 0.31502705812454224
v 0.4784741699695587 5.853989601135254 0.282036155462265
v 0.07390974462032318 5.247038841247559 0.11408723890781403
v 0.9418465495109558 4.165165901184082 0.33132725954055786
v 1.0836209058761597 4.98321008682251 -0.19261576235294342
v 0.506729781627655 6.043659210205078 0.5291455388069153
v 0.7758124470710754 5.903842449188232 0.25174933671951294
v 0.1563892960548401 4.6973876953125 -1.2371397018432617
v 1.2189465761184692 5.368110179901123 0.6422736048698425
v 0.1001567617058754 5.485754013061523 -0.1702459305524826
v -0.2859410047531128 6.301252841949463 0.530012845993042
v 1.0783835649490356 4.952656269073486 -0.18844178318977356
v 0.13962389528751373 4.329388618469238 -0.9172314405441284
v 0.582973062992096 4.40438985824585 0.29374751448631287
v 0.7730498909950256 5.305041790008545 0.8310419321060181
v 0.1707744598388672 4.9945549964904785 0.4688567817211151
v 0.4820156693458557 5.9594550132751465 0.3653639554977417
v 0.9596266746520996 4.815326690673828 -1.0824099779129028
v 0.08040519803762436 5.043294906616211 -1.1040898561477661
v 0.10434072464704514 5.420197486877441 0.01244498323649168
v 1.0640842914581299 5.236422061920166 -0.6725250482559204
v 0.2883059084415436 4.804054260253906 -1.2839930057525635
v 0.4013642370700836 6.314062595367432 0.2089826911687851
v 0.28978654742240906 4.434915542602539 -1.3400933742523193
v 1.094404697418213 5.6704912185668945 0.7999999523162842
v -0.31173548102378845 4.913698196411133 -0.4969867467880249
v 0.9776337146759033 4.725819110870361 -1.0280591249465942
v 1.0204553604125977 5.433757781982422 0.19275233149528503
v 0.8957126140594482 5.598714351654053 0.9302151203155518
v 0.1514020711183548 5.530151844024658 -0.21840205788612366
v -0.20985648036003113 4.834527015686035 -0.5738692879676819
v 0.3978416323661804 4.572265148162842 0.3047744333744049
v 0.4858457148075104 5.9747419357299805 0.705464780330658
v -0.051861170679330826 6.2899322509765625 0.7988007664680481
v -0.23953211307525635 6.270819187164307 0.5237908959388733
v 0.14367766678333282 5.51959228515625 -0.2290031760931015
v 1.0174036026000977 4.4464592933654785 -0.2789963483810425
v 0.38516655564308167 5.070240020751953 -1.2691421508789062
v 0.199815571308136 5.564872741699219 -0.2956024408340454
v -0.18514606356620789 4.879270076751709 -0.7413008809089661
v -0.20468193292617798 4.544817924499512 -0.22397437691688538
v 1.0962519645690918 4.263141632080078 -0.13075977563858032
v 0.11171762645244598 4.40332555770874 -1.0411230325698853
v 0.5990195274353027 5.3258891105651855 0.8290927410125732
v 1.089063048362732 4.209005355834961 0.26644212007522583
v -0.12836913764476776 4.363761901855469 -0.3383648991584778
v 1.1595505475997925 4.276944637298584 -0.2543233036994934
v 1.132293939590454 4.31073522567749 0.24165286123752594
v 0.405170738697052 4.24648904800415 -1.0757218599319458
v -0.0779305174946785 5.274632930755615 -0.4651522934436798
v -0.005026683676987886 6.523078918457031 -0.23146085441112518
v 0.8147799372673035 5.302164554595947 0.8188222646713257
v 1.0459837913513184 4.424688339233398 -0.3813699781894684
v 0.25975051522254944 4.145934581756592 0.3733810782432556
v 0.35640373826026917 4.85471773147583 -1.3344366550445557
v 0.14827992022037506 4.32211971282959 -0.9159599542617798
v 0.19935229420661926 6.0131025314331055 0.41124439239501953
v 0.12147434055805206 5.497531890869141 -0.20455054938793182
v 0.11156123131513596 4.2512993812561035 -0.8679646253585815
v 0.13625243306159973 4.67980432510376 -1.2805825471878052
v 0.9913651347160339 4.161575794219971 0.30446872115135193
v -0.40109503269195557 6.463188648223877 0.6462017893791199
v 0.7927740812301636 5.787431716918945 0.858379065990448
v 1.0966346263885498 5.30259370803833 0.41390401124954224
v 0.3799501061439514 5.815885543823242 0.5898004174232483
v -0.4636301100254059 6.272207736968994 0.656999945640564
v 0.7425112724304199 5.5621185302734375 -0.12449720501899719
v 0.24162696301937103 4.8408355712890625 -1.3439851999282837
v 0.3846021890640259 5.830565452575684 0.49325913190841675
v 0.10309480130672455 5.046823978424072 -1.1352299451828003
v 0.9774261713027954 5.78241491317749 0.31592637300491333
v 0.10764387249946594 5.446852684020996 -0.10158685594797134
v 0.22283677756786346 5.581884384155273 -0.28577902913093567
v -0.11704038828611374 6.325534343719482 0.7955039739608765
v 1.0507243871688843 5.8843674659729 0.3184594511985779
v 0.09029048681259155 5.21670389175415 -1.101889729499817
v -0.2092391550540924 4.730500221252441 -0.7676693797111511
v 1.1181507110595703 5.00178337097168 0.44292140007019043
v 1.095500111579895 4.1620001792907715 0.12112771719694138
v 0.05356621369719505 4.245284557342529 -0.8346366286277771
v 0.32528164982795715 5.576997756958008 -0.07267603278160095
v 0.4485347270965576 6.229748725891113 0.2674325108528137
v 0.9539847373962402 5.604521751403809 0.8935151100158691
v 1.1104191541671753 4.941912651062012 0.005919026676565409
v -0.196084126830101 4.834484577178955 -0.6197553873062134
v -0.22978635132312775 4.722713470458984 -0.6015828251838684
v 0.9408080577850342 4.408843040466309 -0.9758840799331665
v 0.13710016012191772 5.5402445793151855 -0.22081077098846436
v 0.37924298644065857 5.664690017700195 0.5579442381858826
v 0.3861018121242523 5.646830081939697 0.621746838092804
v 0.1588771641254425 6.2351226806640625 -0.2731163799762726
v 0.24380750954151154 4.789951801300049 -1.3086028099060059
v 0.3589514195919037 4.420809745788574 -1.3365885019302368
v 0.19657966494560242 4.736016750335693 -1.2897840738296509
v 0.7291850447654724 5.591721534729004 0.9695571064949036
v 0.06101347878575325 6.162778377532959 0.7964262366294861
v 0.56825190782547 5.083690643310547 -1.3052366971969604
v 0.3802978992462158 5.825709342956543 0.49308857321739197
v 0.5071491003036499 4.2123942375183105 0.5122979879379272
v 0.2441079467535019 4.856297492980957 -1.2977136373519897
v 1.0039234161376953 5.782427787780762 0.3347117006778717
v 1.0460951328277588 4.17291784286499 0.22742410004138947
v 0.13900980353355408 5.427176475524902 -0.045529626309871674
v 0.9713492393493652 4.739339351654053 -1.0396225452423096
v 1.1201262474060059 4.900242805480957 0.021777722984552383
v 0.8921573758125305 5.3629631996154785 -0.9366099834442139
v 0.23671793937683105 4.790148735046387 -1.3203215599060059
v 1.0839358568191528 4.986358642578125 -0.19335027039051056
v 0.18324245512485504 4.759094715118408 -1.2547575235366821
v 0.7499998807907104 5.677610874176025 -0.8163335919380188
v 0.24716758728027344 4.322481155395508 -1.0925014019012451
v 1.0911083221435547 5.720969200134277 0.16457730531692505
v -0.03298376128077507 5.13331937789917 -0.004617202561348677
v 0.3495417833328247 6.1181535720825195 0.6836092472076416
v 0.6299402713775635 5.08115291595459 -1.2933827638626099
v 1.1480506658554077 4.14346170425415 -0.42213234305381775
v 1.187571406364441 4.853356838226318 -0.7345474362373352
v 1.0679149627685547 4.152500152587891 0.23801876604557037
v 1.046231985092163 5.684449195861816 0.8165542483329773
v 0.39281272888183594 5.5968122482299805 -0.10233339667320251
v -0.1866406500339508 4.855766296386719 -0.7021726369857788
v 0.3222775459289551 6.14846658706665 -0.17143352329730988
v 0.16719652712345123 4.306055545806885 -0.9109369516372681
v 0.2842268943786621 4.221499919891357 -0.9315090775489807
v 0.5447073578834534 6.166428089141846 0.1654149442911148
v 1.002134084701538 4.361342906951904 -0.1300617903470993
v 1.0840317010879517 5.122872829437256 -0.32001209259033203
v 0.24945437908172607 4.321465015411377 -1.0959316492080688
v -0.1038769781589508 5.254895210266113 -0.6281391978263855
v 0.9669355154037476 5.347178936004639 -0.7774500250816345
v 0.3747645914554596 4.313000202178955 -1.2440452575683594
v 0.9786664247512817 6.015926361083984 0.4363146424293518
v -0.012144072912633419 5.26064395904541 -0.9420998692512512
v 0.6158515810966492 6.03746223449707 0.4169999659061432
v -0.4578545391559601 6.335360050201416 0.6616454720497131
v 0.053502406924963 4.8299880027771 0.05066470056772232
v 1.1691269874572754 5.880785942077637 0.5141801238059998
v -0.19628682732582092 4.551385879516602 -0.20193904638290405
v 0.22505588829517365 4.794640064239502 -1.278773307800293
v -0.07157696038484573 6.241347789764404 0.8189578056335449
v 0.14935192465782166 5.007894515991211 0.43361958861351013
v -0.14306119084358215 4.429873466491699 -0.6082424521446228
v 0.12094756960868835 5.431735038757324 -0.09241782128810883
v 0.051173627376556396 6.09651517868042 0.45540937781333923
v 0.8786807060241699 5.596405982971191 0.9382352232933044
v 0.4483443796634674 6.23002815246582 0.2672548294067383
v 0.9769221544265747 5.466415882110596 -0.5193025469779968
v 0.33883216977119446 5.490307331085205 -1.0459736585617065
v 0.8811757564544678 4.415667533874512 -1.0409919023513794
v 0.20507852733135223 5.591187953948975 -0.29421162605285645
v 0.4444400370121002 6.235680103302002 0.26375994086265564
v 0.6278542876243591 4.893631935119629 0.7666943073272705
v 0.6693712472915649 4.437267780303955 0.2231779396533966
v 0.4974438548088074 5.452628135681152 -1.136243462562561
v 0.10369128733873367 5.440720558166504 0.02291203662753105
v 1.0757495164871216 4.778311729431152 0.06056287884712219
v -0.010282552801072598 6.2018232345581055 0.8012294173240662
v -0.12843960523605347 5.10099983215332 -0.06776583194732666
v 0.0911344513297081 6.240110874176025 0.7588773965835571
v 0.5636897087097168 4.667308330535889 0.5997312664985657
v 0.1184038519859314 5.43677282333374 -0.010279534384608269
v 0.6956046223640442 6.032783031463623 0.3101712167263031
v 1.0199834108352661 5.434254169464111 0.19208183884620667
v -0.1570308655500412 5.087348937988281 -0.8800337910652161
v 1.0937573909759521 5.307269096374512 0.40527182817459106
v 1.3016635179519653 5.534294128417969 0.6985512375831604
v 0.2779080271720886 6.468286037445068 -0.04232454299926758
v 0.09364648163318634 4.250500202178955 -0.8617523312568665
v 0.23611727356910706 5.994941234588623 0.4005900025367737
v 0.2245645672082901 4.833436012268066 -1.3380005359649658
v 0.7200688123703003 5.6803879737854 -0.8522845506668091
v 0.8805209994316101 5.754113674163818 0.8340083360671997
v 0.8600000143051147 4.863043785095215 -1.1673154830932617
v 0.3240274488925934 5.576266288757324 -0.07189211249351501
v -0.10339650511741638 6.3137969970703125 0.7927992343902588
v 0.10365605354309082 6.297843933105469 -0.3187292218208313
v -0.0052222879603505135 4.445306777954102 -0.10172241926193237
v 0.5587771534919739 5.672743797302246 0.10498973727226257
v 1.066867709159851 5.677672386169434 0.8082873225212097
v 0.4158645570278168 4.418499946594238 0.39121344685554504
v 0.771896243095398 5.624379634857178 0.09624134749174118
v 0.322120726108551 4.427818298339844 -1.3380708694458008
v 1.0045536756515503 5.98224401473999 0.5967938303947449
v 0.5042398571968079 6.264968395233154 0.11694128066301346
v 0.38184651732444763 5.656908988952637 0.5805673599243164
v 0.3578246235847473 4.311446189880371 -1.2272706031799316
v 0.13649089634418488 4.715072154998779 -1.2371165752410889
v 0.7240000367164612 4.531772136688232 -1.2758395671844482
v 0.14084048569202423 4.707988739013672 -1.2359981536865234
v 0.7975081205368042 5.940907001495361 0.2626037299633026
v 0.4833826422691345 4.410129070281982 -1.3585169315338135
v 0.23592445254325867 4.8448100090026855 -1.3432940244674683
v 0.1171112060546875 5.458471298217773 -0.15825463831424713
v 0.3957839906215668 6.097753047943115 0.6755506992340088
v 0.10291735082864761 5.4153242111206055 0.016478028148412704
v 0.21511398255825043 6.18623685836792 0.719461977481842
v 1.0206364393234253 5.048390865325928 0.6286545395851135
v -0.03400367498397827 4.607572078704834 -0.08082418888807297
v 0.10655231028795242 5.3144145011901855 0.3028998076915741
v 0.9799336791038513 5.460310459136963 -0.5216279029846191
v 0.8422191739082336 5.511759281158447 -0.10278454422950745
v -0.3045000433921814 4.9434003829956055 -0.279154896736145
v 1.0282337665557861 5.419958114624023 0.20679742097854614
v 0.5440319180488586 4.671721458435059 0.6017786264419556
v 0.666617751121521 4.1436543464660645 0.41577327251434326
v 0.15029579401016235 5.007611274719238 0.43461060523986816
v -0.11190751194953918 4.376914024353027 -0.26787233352661133
v 0.985296368598938 4.448751449584961 0.16025446355342865
v 0.11278598755598068 5.437420845031738 0.01296036597341299
v 1.0532422065734863 5.228451728820801 -0.6136626601219177
v 0.17639854550361633 4.617695331573486 -1.394898533821106
v 0.694696307182312 4.328620433807373 0.2682093381881714
v 1.1175390481948853 4.87123441696167 0.030645349994301796
v 0.1615547239780426 5.306530952453613 0.3759375810623169
v -0.3020244240760803 4.921622276306152 -0.41102391481399536
v 0.3773983120918274 5.823132038116455 0.49276652932167053
v -0.22684046626091003 4.72532844543457 -0.6256255507469177
v 0.15038838982582092 4.51956844329834 0.0022696724627166986
v 1.025829792022705 5.055427551269531 0.6231703162193298
v 0.7824670672416687 4.154858589172363 0.3379455804824829
v -0.004520431626588106 4.9317755699157715 0.04497959837317467
v 0.9375036954879761 4.41011381149292 -0.9824926257133484
v 0.06277219951152802 5.281137466430664 0.09172642976045609
v 0.1322043538093567 4.250809192657471 -0.8729850649833679
v 0.2533261775970459 5.985846996307373 0.3962959349155426
v 0.779577374458313 5.592916965484619 0.9676676392555237
v 0.12691539525985718 5.480836868286133 -0.16504226624965668
v -0.2396768033504486 4.710087299346924 -0.5414965152740479
v 1.1567051410675049 4.237799167633057 -0.23754726350307465
v 0.9973812699317932 5.951569557189941 0.3054580092430115
v 1.022273063659668 4.371685028076172 -0.6228060126304626
v 0.4754132330417633 6.120097637176514 -0.03878239169716835
v 0.50501948595047 5.616366386413574 0.8255194425582886
v 0.09097354114055634 5.562464714050293 -0.5645440816879272
v 0.12531059980392456 5.495368480682373 -0.20054392516613007
v -0.16967374086380005 4.540842056274414 -0.577620804309845
v 0.17639468610286713 4.704293251037598 -1.267780065536499
v 1.2875523567199707 5.550142765045166 0.7125712037086487
v 0.8928692936897278 4.456674098968506 0.2504478693008423
v 0.3529687821865082 4.414124965667725 0.3782186508178711
v 0.6941257119178772 4.646759986877441 -1.3241585493087769
v 0.6931383609771729 5.578866958618164 -1.01262629032135
v 0.21473191678524017 4.795656204223633 -1.3280930519104004
v 0.7652158141136169 5.100275993347168 0.7735227346420288
v 0.8105801939964294 5.609090805053711 0.09963096678256989
v 0.17717355489730835 5.5439300537109375 -0.2507166862487793
v 0.7602607011795044 5.592179298400879 0.9700000882148743
v 0.8684738278388977 6.044000148773193 0.3744305372238159
v 0.07865270227193832 6.5304999351501465 -0.16544313728809357
v 0.1321808248758316 5.414426803588867 -0.021726006641983986
v 1.061126708984375 5.097243309020996 0.5871500372886658
v 0.22808082401752472 5.509670734405518 0.029118752107024193
v 0.22530917823314667 4.793704509735107 -1.2786173820495605
v -0.08432897180318832 5.984655380249023 0.7171722650527954
v 0.11954665184020996 5.4745001792907715 -0.13159826397895813
v 0.37036147713661194 5.672455310821533 0.5281538963317871
v 0.2946997582912445 5.490530967712402 -1.024437427520752
v 0.5205782651901245 5.079779624938965 -1.300559639930725
v 0.8203795552253723 5.650781154632568 -0.6480424404144287
v 0.25324004888534546 4.810098648071289 -1.3178718090057373
v -0.3795589506626129 6.433019638061523 0.7154213786125183
v -0.029536347836256027 5.9804277420043945 0.7206454873085022
v 0.5609153509140015 6.088546276092529 0.37357571721076965
v 1.1903295516967773 4.713595867156982 -0.6596788167953491
v 1.0402919054031372 5.39249324798584 0.24272143840789795
v 0.5631199479103088 4.798980712890625 -1.3577635288238525
v 1.2021234035491943 4.721475124359131 -0.5987591743469238
v 0.856090247631073 6.044672966003418 0.3696361184120178
v 0.5573558211326599 6.093749046325684 0.3702898621559143
v 1.097645878791809 4.847218990325928 0.30192703008651733
v 0.9908422231674194 5.468463897705078 0.16014833748340607
v 0.41599035263061523 5.921725749969482 0.4700849950313568
v 1.1647512912750244 4.558638572692871 -0.646669864654541
v 0.11185501515865326 5.411561012268066 0.016007544472813606
v 0.3294536769390106 5.067672252655029 -1.2506320476531982
v 1.0687285661697388 4.762975215911865 0.06759863346815109
v 0.15957482159137726 4.514529705047607 -1.3532274961471558
v 1.034261703491211 4.190576553344727 -0.6303235292434692
v 0.5008551478385925 5.746325969696045 -0.6683483719825745
v -0.19253747165203094 6.242264747619629 0.5115619897842407
v 0.9746030569076538 5.293539524078369 0.7206617593765259
v -0.0763222873210907 4.441397666931152 -0.8678059577941895
v 1.0157904624938965 5.994604587554932 0.4591538906097412
v -0.31335359811782837 6.46028470993042 0.7476253509521484
v 1.2903599739074707 5.6477131843566895 0.3313242495059967
v -0.10607471317052841 4.581747055053711 -0.10171704739332199
v 0.8022842407226562 5.66774320602417 -0.7049179673194885
v 0.47189900279045105 5.074556827545166 -1.2918684482574463
v -0.05911916866898537 4.181309700012207 -0.11745285987854004
v 0.31628522276878357 5.710151195526123 -0.5687443614006042
v -0.38498133420944214 6.434000015258789 0.709173858165741
v 0.767258882522583 4.37255859375 -1.1046569347381592
v 0.7545416951179504 5.10019588470459 0.7801313996315002
v 0.16581538319587708 4.764998435974121 0.22116711735725403
v 1.0182664394378662 5.741238117218018 0.13630561530590057
v 0.16509966552257538 4.555281162261963 -1.375065803527832
v 0.5931307673454285 6.030427932739258 0.4121595621109009
v 0.9431679844856262 5.910702705383301 0.2997226417064667
v 0.7329495549201965 5.67841100692749 -0.8371644616127014
v 0.22963620722293854 5.586784839630127 -0.3095040023326874
v -0.44414716958999634 6.393742561340332 0.670889675617218
v 0.1714010089635849 4.7791571617126465 -1.2950153350830078
v 0.35237962007522583 5.694192886352539 0.4376625120639801
v 0.9520673751831055 5.788872718811035 0.29381605982780457
v -0.1973026543855667 5.1058502197265625 -0.1724623590707779
v 0.6133389472961426 5.786796569824219 0.13025422394275665
v 0.16733509302139282 4.483829498291016 -0.002037927508354187
v 1.066543459892273 5.098768711090088 -0.9531993865966797
v 0.5057380795478821 6.110538959503174 0.004054068587720394
v 0.40625134110450745 5.895575046539307 0.4735347628593445
v 0.19766080379486084 6.1935248374938965 0.723788857460022
v 1.0037246942520142 5.326777458190918 -0.22722457349300385
v 0.3444402813911438 5.446619033813477 0.5511617660522461
v 0.4860396981239319 6.182060241699219 0.3010997176170349
v 0.16172045469284058 4.6857733726501465 -1.266173005104065
v 0.12638410925865173 5.464412212371826 -0.15494407713413239
v 0.3617803454399109 4.583195686340332 0.3021014928817749
v 1.078698754310608 4.820345401763916 0.31119123101234436
v 1.2597429752349854 5.414668560028076 0.6277524828910828
v 0.14819613099098206 5.526432991027832 -0.21415311098098755
v 0.22700001299381256 5.608765125274658 -0.2967167794704437
v 0.34056609869003296 4.221207618713379 0.5133113861083984
v 0.18616986274719238 4.795990467071533 -1.2808231115341187
v 0.11938445270061493 5.471192359924316 -0.17821168899536133
v -0.402103453874588 6.133013725280762 0.6603137254714966
v 0.5590961575508118 6.1053900718688965 0.18211255967617035
v 0.20617063343524933 5.561516761779785 -0.2878624498844147
v 1.0405305624008179 5.983739376068115 0.46900931000709534
v 0.6246625185012817 4.723160743713379 -1.5042965412139893
v 0.9878436326980591 5.9905781745910645 0.5931844711303711
v 1.170759677886963 5.348254203796387 0.6629918217658997
v -0.23359060287475586 5.084161758422852 -0.5700998306274414
v 0.45693057775497437 5.6475419998168945 0.1986769735813141
v 1.2103431224822998 4.7133660316467285 -0.5309873819351196
v 0.23310993611812592 4.783259391784668 -1.2923401594161987
v -0.05699598044157028 6.229747295379639 0.8129981756210327
v 0.7604647874832153 5.5921630859375 0.9700000882148743
v 0.12261595577001572 4.705735683441162 -1.2429500818252563
v 0.25519242882728577 4.804063320159912 0.6129457950592041
v 0.001960303168743849 6.524243354797363 -0.22534716129302979
v 1.0862538814544678 4.205800533294678 0.26562705636024475
v 0.8226370215415955 4.742499828338623 0.6184543371200562
v 0.10295688360929489 5.474804401397705 -0.1409771889448166
v 0.4032580852508545 5.88696813583374 0.47622573375701904
v 0.18165968358516693 4.422695159912109 -1.2611007690429688
v 1.2115554809570312 4.708320140838623 -0.5145020484924316
v 0.11321865767240524 5.4544243812561035 -0.14858826994895935
v -0.22999313473701477 4.722506523132324 -0.5995668768882751
v 0.411960631608963 4.349090099334717 0.4240496754646301
v 0.21063216030597687 5.59593391418457 -0.2933390736579895
v 0.5198579430580139 4.814031600952148 -1.5523594617843628
v 0.5436991453170776 5.847166538238525 0.2353672981262207
v 0.2871817946434021 4.311978340148926 -1.1497249603271484
v 0.34553462266921997 6.427465438842773 0.10419615358114243
v 0.9947414398193359 4.589396953582764 -0.2420862317085266
v 0.17853409051895142 4.228824138641357 0.2100170999765396
v 1.1711257696151733 5.163286209106445 0.2680914103984833
v 0.5077839493751526 5.342371940612793 0.7772412896156311
v -0.1710042953491211 5.997857570648193 0.7088028192520142
v 0.5328185558319092 5.845885276794434 0.24364522099494934
v 0.20309261977672577 5.062268257141113 -1.2045429944992065
v 0.8232961297035217 6.046500205993652 0.35881415009498596
v 0.2721760869026184 5.533975601196289 -0.03017621487379074
v -0.17772768437862396 5.998977184295654 0.7075226306915283
v -0.10198914259672165 5.258123397827148 -0.6186302900314331
v 0.828300416469574 5.882951736450195 0.8909880518913269
v 0.7397844195365906 4.6375412940979 0.5072513818740845
v -0.1663038730621338 5.105884075164795 -0.10237980633974075
v 0.1869209259748459 5.547571182250977 -0.27512142062187195
v 0.06464972347021103 5.276195049285889 0.09458305686712265
v 1.0737006664276123 5.934736251831055 0.6107963919639587
v 0.03776584193110466 6.5292205810546875 -0.19626876711845398
v 0.05726443976163864 4.809413433074951 0.04723554849624634
v -0.07672864198684692 5.274228572845459 -0.45706331729888916
v 1.227319598197937 5.346312046051025 0.5781391263008118
v 0.22666487097740173 4.856800079345703 -1.31258225440979
v 0.24845905601978302 5.616571426391602 -0.2895510494709015
v 0.11243398487567902 5.451573371887207 -0.08646117150783539
v 0.26238545775413513 4.145476341247559 0.3769324719905853
v 0.2813630700111389 6.161379337310791 0.7053053975105286
v 0.10820383578538895 5.420323371887207 0.03827447071671486
v 1.0313522815704346 5.7884063720703125 0.348766028881073
v -0.27807170152664185 6.442849636077881 0.7746188044548035
v 0.12558794021606445 5.411461353302002 0.017628667876124382
v 0.18844428658485413 5.4636664390563965 0.07877784967422485
v -0.19676987826824188 4.5346903800964355 -0.7363260388374329
v -0.16405823826789856 6.2252936363220215 0.505176305770874
v 0.18837608397006989 4.789371967315674 -1.2736527919769287
v 0.38968101143836975 4.328680992126465 0.45004114508628845
v -0.2126360833644867 4.7306060791015625 -0.7461833953857422
v 0.09376689791679382 4.470963001251221 -1.0782636404037476
v 0.10345174372196198 5.3099493980407715 0.2737947702407837
v 0.8268963098526001 5.883150577545166 0.8910501003265381
v 0.9263687133789062 5.602327823638916 0.9137378931045532
v 1.0617873668670654 4.172120094299316 -0.021073346957564354
v 0.7218517065048218 4.346132755279541 -1.1045001745224
v 0.15878306329250336 5.555760383605957 -0.23776058852672577
v 0.28420090675354004 4.143139362335205 0.40197908878326416
v 0.892747700214386 4.415999889373779 -1.0314017534255981
v 0.4715903103351593 5.635681629180908 -0.9274997711181641
v 0.9723619222640991 4.639254570007324 0.16664721071720123
v 0.7698933482170105 5.30544900894165 0.8314492106437683
v 0.6604382991790771 4.280090808868408 -1.0862736701965332
v 0.031166307628154755 4.241175651550293 -0.8017272353172302
v 1.115460991859436 5.697718620300293 0.37083983421325684
v 1.3030202388763428 5.496952533721924 0.6026688814163208
v 1.1531833410263062 4.3159499168396 -0.2672250270843506
v 0.1352378875017166 5.542934417724609 -0.22846652567386627
v 1.0961774587631226 5.052594184875488 -0.22615213692188263
v 0.9263827204704285 5.296216011047363 0.7527523636817932
v 0.16309484839439392 4.724756717681885 -1.2417680025100708
v 0.3775186240673065 5.916295051574707 0.3141956627368927
v 0.2914907932281494 6.030669689178467 0.7199358940124512
v 0.9192197918891907 5.296848297119141 0.7573871612548828
v 0.16055521368980408 4.524914741516113 -1.3589848279953003
v -0.30835670232772827 4.932501792907715 -0.33349186182022095
v 0.08835624158382416 5.558974742889404 -0.5689062476158142
v 0.2569570541381836 6.043296813964844 0.7296640872955322
v 0.8148886561393738 5.953216075897217 0.2665862739086151
v 0.12021069973707199 5.435789585113525 0.005052823107689619
v 0.35299015045166016 5.43751335144043 0.5894648432731628
v 0.8166178464889526 4.551249027252197 0.209583580493927
v 0.4906439781188965 5.617983341217041 0.8106526136398315
v 0.1522529125213623 5.524840831756592 -0.22399994730949402
v 0.5540976524353027 6.127075672149658 0.17806361615657806
v 0.1507483422756195 4.752431392669678 -1.2797695398330688
v 0.10154629498720169 5.569370746612549 -0.5515619516372681
v 0.29732370376586914 4.614108562469482 0.29183098673820496
v 0.524762749671936 4.580677032470703 -1.541088581085205
v 0.90164715051651 4.211612224578857 -0.8482871055603027
v -0.08457398414611816 4.391427516937256 -0.21321837604045868
v 1.073245882987976 4.925259590148926 -0.1889464259147644
v 0.8593675494194031 4.752686977386475 0.6001142859458923
v -0.12858417630195618 4.363475799560547 -0.34034886956214905
v 0.8191241025924683 4.4043121337890625 -1.0872442722320557
v 1.0235979557037354 4.752439975738525 -0.23310969769954681
v 0.3596150577068329 5.987811088562012 0.2591395676136017
v 0.13472658395767212 5.42712926864624 -0.065928153693676
v -0.020063215866684914 6.515171527862549 -0.24737583100795746
v 0.87801194190979 5.571487903594971 0.10181924700737
v 0.7051569223403931 5.787038326263428 0.8145000338554382
v 0.22041089832782745 4.84892463684082 -1.319299340248108
v -0.04252338409423828 5.247023582458496 -0.2780994176864624
v 0.3488083481788635 5.489884376525879 -1.0516157150268555
v -0.4291330873966217 6.167481899261475 0.6510862708091736
v 0.34468474984169006 5.44645357131958 0.5527468323707581
v 0.07127923518419266 4.757378101348877 0.03678933531045914
v 0.1273694485425949 5.446763515472412 -0.03597303107380867
v 1.0519607067108154 4.830855846405029 -0.2078770101070404
v 1.267512321472168 4.8480329513549805 -0.5245451927185059
v 0.1691656857728958 4.740457534790039 -1.2973884344100952
v 0.1664668619632721 4.6964240074157715 -1.2399048805236816
v 0.6882148385047913 5.0739641189575195 -1.2103424072265625
v 0.309905469417572 4.21975564956665 -0.955974817276001
v 0.8416045308113098 5.809749126434326 0.8698118329048157
v -0.14885704219341278 5.103832721710205 -0.08402454107999802
v 0.11116679757833481 5.499969482421875 -0.17410582304000854
v 0.5585464239120483 4.799366474151611 -1.547102451324463
v -0.1447766274213791 4.431776523590088 -0.6199713945388794
v 0.18071775138378143 4.730624198913574 -1.2929564714431763
v 0.3437972664833069 6.428712844848633 -0.004301828797906637
v 0.020028332248330116 5.233875274658203 -0.9971528649330139
v 0.26350322365760803 5.528456687927246 -0.021503224968910217
v 1.0449999570846558 4.427247047424316 -0.3635205626487732
v 0.12283873558044434 4.703644275665283 -1.268061876296997
v -0.22009624540805817 4.729951858520508 -0.6937685012817383
v 0.5801634788513184 5.083993911743164 -1.3039878606796265
v 1.0946698188781738 4.162276744842529 0.09781434386968613
v 0.15446096658706665 5.612685680389404 -0.5240065455436707
v 0.004444407299160957 6.524688720703125 -0.22324438393115997
v 0.2572639584541321 6.043160438537598 0.7295504808425903
v 1.0413471460342407 5.9011101722717285 0.31856536865234375
v 0.47428902983665466 4.2614545822143555 -1.1029497385025024
v 0.1281714141368866 5.432309627532959 -0.09353344142436981
v 0.6700230240821838 4.144505977630615 0.4122261703014374
v 0.9643845558166504 5.491839408874512 0.14012038707733154
v 0.16609326004981995 4.4201579093933105 0.06970076262950897
v -0.2390207052230835 4.711390018463135 -0.5458964109420776
v -0.22812098264694214 4.724379062652588 -0.6178203821182251
v 0.16738881170749664 4.388874530792236 0.12254195660352707
v 0.0765477791428566 5.004339218139648 0.3226557672023773
v 1.1154203414916992 4.634139060974121 -0.8387598991394043
v 0.11827860027551651 5.410776138305664 0.019912978634238243
v 0.7391483187675476 5.637784004211426 0.09465201944112778
v 0.2051083892583847 4.7956013679504395 0.5251153111457825
v 0.12322113662958145 6.526629447937012 -0.13701698184013367
v 0.09713997691869736 5.433340072631836 0.01817992888391018
v 1.179879903793335 4.829505443572998 -0.7260865569114685
v 0.1317671686410904 5.596848964691162 -0.528337299823761
v 0.21044375002384186 4.831359386444092 -1.321803092956543
v 0.16466322541236877 6.2298760414123535 -0.2681457996368408
v 0.37284055352211 4.302457809448242 0.47548907995224
v -0.029794255271553993 4.4260454177856445 -0.13357064127922058
v 1.1137232780456543 4.639954566955566 -0.8386279940605164
v 0.012992579489946365 6.119063377380371 0.4675315022468567
v 0.39547696709632874 5.856821537017822 0.48882758617401123
v 0.0925336554646492 5.218387603759766 -1.106938123703003
v 1.0669585466384888 5.869426250457764 0.3372187912464142
v 1.0281860828399658 4.422813892364502 0.09512787312269211
v 0.5129482746124268 5.717092037200928 -0.38190802931785583
v 0.9871516227722168 5.292657852172852 0.7123755216598511
v 0.2637057900428772 5.614691257476807 -0.2872828543186188
v 0.34426194429397583 5.937912940979004 0.41665709018707275
v 0.9940011501312256 4.580514430999756 -0.24233286082744598
v 1.0788452625274658 5.058767318725586 -0.9363941550254822
v 0.3025457262992859 4.619319438934326 -1.4964585304260254
v -0.23253567516803741 4.72028112411499 -0.5868218541145325
v -0.12136635929346085 4.581449031829834 -0.10519367456436157
v 0.023607222363352776 5.979499816894531 0.7247812151908875
v 0.09299995005130768 4.489280700683594 -1.0922738313674927
v 0.4300033152103424 4.410911560058594 -1.3457653522491455
v 0.5811914205551147 5.065587997436523 0.8138130307197571
v -0.03815208375453949 4.204449653625488 -0.3395877182483673
v 1.3098655939102173 5.642000198364258 0.3517831265926361
v 0.5501754879951477 4.131722927093506 0.46833109855651855
v 0.7324180603027344 5.308123588562012 0.8335000276565552
v 0.25849997997283936 5.6029133796691895 -0.3066091537475586
v 0.30476582050323486 5.065387725830078 -1.2417552471160889
v 0.248771533370018 4.804471492767334 -1.3226714134216309
v -0.19984830915927887 5.1054606437683105 -0.187168687582016
v 0.9747102856636047 4.372439384460449 -0.8588181734085083
v 0.1172080934047699 5.433511734008789 0.0031646632123738527
v 0.10516858100891113 5.442854881286621 0.026523150503635406
v 0.21054106950759888 5.584287643432617 -0.30552735924720764
v 0.11640419065952301 4.687589645385742 -1.2703710794448853
v 0.06819993257522583 4.184000015258789 0.1297742873430252
v 1.0673701763153076 5.727728843688965 0.1517995148897171
v 0.865132749080658 4.58707332611084 0.19162726402282715
v 0.4998553395271301 6.112945556640625 -0.0028981154318898916
v 0.41877564787864685 5.071499824523926 -1.2796728610992432
v 0.34691181778907776 4.185676574707031 0.4966762661933899
v 0.2110643982887268 5.563296318054199 -0.28652793169021606
v 0.23470497131347656 5.995647430419922 0.40092235803604126
v 1.1162660121917725 4.246363162994385 0.2686142921447754
v 0.8803071975708008 5.892816066741943 0.2676054537296295
v 1.0090900659561157 4.304778575897217 -0.09800281375646591
v 0.05866546928882599 5.979000091552734 0.7236095070838928
v 0.9466063380241394 5.791057586669922 0.289811372756958
v -0.13475652039051056 4.37247371673584 -0.4431649446487427
v -0.1369965821504593 6.34104585647583 0.7978099584579468
v 0.31907525658607483 6.14942741394043 -0.17335475981235504
v 0.6117738485336304 5.705657482147217 -0.39686980843544006
v 0.34236660599708557 6.1243157386779785 0.6872710585594177
v 0.12529179453849792 5.473701477050781 -0.14502355456352234
v 0.19336415827274323 4.793564319610596 0.5031854510307312
v 1.0332224369049072 5.2838544845581055 -0.6745294332504272
v 0.11958982795476913 5.447378635406494 -0.1315121203660965
v 0.7825160622596741 4.382510662078857 -1.1023303270339966
v 0.2183464616537094 6.003993034362793 0.40549591183662415
v 0.21542291343212128 5.57348108291626 -0.3011181354522705
v 0.21920450031757355 4.230275630950928 -0.8994802236557007
v 0.08246640115976334 5.007999897003174 0.3446659743785858
v 1.0966728925704956 5.055368423461914 -0.22853010892868042
v 0.432720810174942 5.878826141357422 0.3128686547279358
v 0.052883047610521317 5.313436031341553 0.0710054412484169
v 1.0056169033050537 5.028020858764648 0.6451091766357422
v 0.9996449947357178 5.781892776489258 0.3325726389884949
v 1.0462214946746826 4.727993488311768 0.09030403196811676
v 0.3325182795524597 5.461313724517822 0.5387627482414246
v 1.114820122718811 5.190398693084717 0.10767986625432968
v -0.20791880786418915 4.834048271179199 -0.5792436003684998
v 0.11975493282079697 5.471377372741699 -0.1779336929321289
v -0.38788414001464844 6.465088844299316 0.6669681668281555
v 0.6251175403594971 4.248127460479736 -1.082761526107788
v 0.15023499727249146 5.5297746658325195 -0.24522557854652405
v 0.3383033871650696 5.612246990203857 0.28425300121307373
v 1.0050022602081299 4.65172815322876 0.15795403718948364
v 0.20621424913406372 5.57929801940918 -0.3049663305282593
v 0.34123700857162476 5.068711757659912 -1.2544443607330322
v 0.14700478315353394 5.551498889923096 -0.24401800334453583
v 0.9374527931213379 4.2112932205200195 0.37759414315223694
v 0.3835137188434601 6.352756500244141 0.17760838568210602
v 0.05678654834628105 4.812280654907227 0.04771355167031288
v 0.23365508019924164 4.859781742095947 -1.306075930595398
v 0.9353747367858887 4.205052852630615 -0.7965071797370911
v 0.16373354196548462 4.174499988555908 0.17770333588123322
v 0.4969080686569214 5.631763935089111 -0.9359654784202576
v 1.0257066488265991 4.7575225830078125 -0.23202478885650635
v 0.9139724969863892 5.467008113861084 -0.09883979707956314
v 1.2039000988006592 4.721120357513428 -0.5880995392799377
v -0.2507859766483307 4.974332809448242 -0.11997649073600769
v 0.972584068775177 4.426012992858887 -0.1965199112892151
v 0.8696586489677429 5.496819496154785 -0.09860154986381531
v 0.1224418357014656 5.4940643310546875 -0.20097853243350983
v 0.27930498123168945 4.8062028884887695 0.6342081427574158
v 0.5276069045066833 5.443271636962891 -1.153956413269043
v 0.7096430063247681 4.596320152282715 -1.3057852983474731
v 0.20826169848442078 5.562013626098633 -0.28274667263031006
v 1.1332042217254639 4.305273532867432 0.2458399385213852
v 0.602718710899353 4.545854568481445 -1.4880461692810059
v 0.9472654461860657 5.7907938957214355 0.29029473662376404
v -0.1529218703508377 5.100390434265137 -0.8661092519760132
v 0.1546328216791153 5.006309986114502 0.439164400100708
v 1.0694787502288818 5.859577655792236 0.3384929597377777
v 0.4861825704574585 5.657367706298828 0.16960695385932922
v 0.18936441838741302 6.281251430511475 0.053864412009716034
v 0.5249881148338318 4.290452480316162 0.5212068557739258
v 0.12716513872146606 5.453061580657959 -0.07119111716747284
v 0.9253899455070496 6.038478851318359 0.40132537484169006
v 0.04393582418560982 4.1849284172058105 0.10764893144369125
v 0.4593745172023773 4.258258819580078 -1.0993987321853638
v 0.403743177652359 5.914783954620361 0.4826885461807251
v 0.5375725626945496 4.4148268699646 -1.368783712387085
v 1.082639217376709 4.218154430389404 -0.1341908574104309
v 0.6377764940261841 6.046865940093994 0.41604459285736084
v 0.2111072689294815 4.831456661224365 -1.3225641250610352
v 0.18848124146461487 5.165500164031982 0.5147219300270081
v -0.01519952341914177 6.517587184906006 -0.24164626002311707
v 0.20314353704452515 4.238505840301514 -0.8909482359886169
v 0.12453333288431168 4.586551666259766 -0.002685216721147299
v 0.11910667270421982 4.695178985595703 -1.2361974716186523
v -0.21942424774169922 4.730144023895264 -0.7011131048202515
v 0.26647284626960754 5.610540866851807 -0.2910877466201782
v 1.1102828979492188 4.983826160430908 0.4574996829032898
v 1.0849612951278687 5.119246482849121 -0.3136395215988159
v 1.0872238874435425 5.110828399658203 -0.29988083243370056
v 1.0014081001281738 6.002473831176758 0.45107361674308777
v 0.6886180639266968 5.581637382507324 -1.0121889114379883
v 1.1890000104904175 4.8746466636657715 -0.7486099004745483
v 0.8008732199668884 4.9069743156433105 0.7424221634864807
v -0.4514428973197937 6.3704118728637695 0.6671204566955566
v 0.15772201120853424 4.740008354187012 -1.2935738563537598
v 1.1217775344848633 4.356201648712158 0.20419880747795105
v 0.21285471320152283 6.195528030395508 -0.23695969581604004
v 0.47600317001342773 6.072936058044434 0.6662802696228027
v 0.2222461998462677 5.578878402709961 -0.28802528977394104
v 1.0185329914093018 4.3545331954956055 -0.707935094833374
v 0.9329647421836853 4.789534568786621 0.5624653697013855
v 1.0603299140930176 5.74745512008667 0.3690868020057678
v -0.2882908582687378 6.3031325340271 0.5302948951721191
v 1.0907012224197388 5.099415302276611 -0.28165316581726074
v 0.09299995005130768 4.498729228973389 -1.0998201370239258
v -0.26342326402664185 6.025766372680664 0.6877572536468506
v 0.4401281177997589 6.241878509521484 0.2599870562553406
v 1.0894368886947632 4.3309831619262695 -0.16931506991386414
v 1.0292798280715942 5.968525409698486 0.6020170450210571
v 0.9846346378326416 5.8509039878845215 0.31423068046569824
v 0.35312366485595703 6.4182515144348145 0.11762294918298721
v -0.04042103514075279 5.244938373565674 -0.2692193388938904
v 0.38038942217826843 5.6608686447143555 0.5671150088310242
v 0.09299995005130768 4.4930291175842285 -1.0951893329620361
v 0.15903666615486145 5.530305862426758 -0.2388845980167389
v 0.7834945917129517 5.59276008605957 0.9670407772064209
v -0.19148553907871246 4.528003692626953 -0.8000361323356628
v 0.375005841255188 5.8100056648254395 0.5387090444564819
v -0.1720404326915741 4.526846885681152 -0.8426490426063538
v 0.7979839444160461 5.8871684074401855 0.8916658163070679
v 0.10287664085626602 5.439544200897217 0.020920757204294205
v -0.3059917390346527 4.939518928527832 -0.300893098115921
v -0.21704111993312836 4.835297584533691 -0.5600253939628601
v 0.5820638537406921 4.4208550453186035 -1.3754972219467163
v 1.0209907293319702 5.048887252807617 0.6282766461372375
v 0.826449453830719 5.785256862640381 0.8597821593284607
v 0.49054816365242004 4.590267658233643 -1.5450297594070435
v 0.2553214430809021 5.601194381713867 -0.29536503553390503
v 1.1629159450531006 4.561528205871582 -0.725104033946991
v 0.1201433464884758 5.517045021057129 -0.21590958535671234
v 0.0953509658575058 5.219444274902344 -1.1122204065322876
v -0.006350694224238396 4.956625461578369 0.043999962508678436
v 0.46723607182502747 5.858684539794922 0.2899742126464844
v 0.569789469242096 6.0676350593566895 0.19012020528316498
v 0.5241124629974365 5.8456621170043945 0.25025367736816406
v 1.0338389873504639 5.788991451263428 0.35022881627082825
v -0.1445099115371704 6.213599681854248 0.5007209181785583
v -0.18549999594688416 4.876801490783691 -0.7379522919654846
v 0.07411372661590576 5.004613399505615 0.2962060570716858
v 0.011880393140017986 5.239571571350098 -0.9843325614929199
v 0.22146722674369812 4.832980155944824 -1.3344477415084839
v -0.06870347261428833 4.19198751449585 -0.18680132925510406
v 0.5209999680519104 6.058178424835205 0.5805972218513489
v 0.862500011920929 4.844945430755615 -1.1490665674209595
v 1.0216779708862305 4.668013572692871 -0.9778873920440674
v 0.47789841890335083 6.119683742523193 -0.035468604415655136
v 0.10450001806020737 5.501717567443848 -0.18478254973888397
v 1.0880217552185059 4.341833591461182 -0.17639142274856567
v -0.1502315253019333 4.9823503494262695 -0.058321163058280945
v 0.6505085229873657 4.23907995223999 -1.0795828104019165
v 0.5630905628204346 5.724542140960693 -0.7090243101119995
v 0.3136351704597473 6.022850513458252 0.7153730392456055
v 0.5792981386184692 5.619355201721191 -0.9714345932006836
v 1.2720277309417725 5.436330795288086 0.6233739852905273
v 0.20631445944309235 4.78975248336792 -1.2684332132339478
v 0.9913539886474609 5.880391597747803 0.31592699885368347
v 0.6396865844726562 5.319915294647217 0.833028256893158
v 0.4697292149066925 5.651144504547119 0.1880674958229065
v 1.1659380197525024 4.560460567474365 -0.7151470184326172
v -0.28551146388053894 6.300909042358398 0.5299612879753113
v 0.03279591724276543 6.178454399108887 0.797659158706665
v -0.4458681046962738 6.194661617279053 0.6498563289642334
v 0.10224481672048569 5.48288631439209 -0.16281402111053467
v 0.03341914340853691 4.390371799468994 -0.9203141927719116
v 0.1230776309967041 4.6854166984558105 -1.2761132717132568
v 0.2364412397146225 4.7901716232299805 -1.320759654045105
v 1.160964012145996 4.944423198699951 0.260576993227005
v 0.40286752581596375 5.884494781494141 0.47739723324775696
v 0.4552054703235626 5.625818252563477 0.7684406638145447
v 0.34522709250450134 4.41349983215332 0.37447071075439453
v 0.9523739814758301 5.822269439697266 0.2918086647987366
v 0.16366168856620789 4.317375183105469 -0.9829926490783691
v -0.07509290426969528 5.984039783477783 0.7174803614616394
v 0.3288106918334961 4.820188999176025 0.6723782420158386
v 0.3292562663555145 5.473306179046631 0.5170561075210571
v 0.47072967886924744 5.596794128417969 -0.11550003290176392
v 0.8969975113868713 5.780847549438477 0.11834585666656494
v 0.35525792837142944 5.6789960861206055 0.4910229444503784
v 0.6852299571037292 6.067224979400635 0.5217432975769043
v 0.9867204427719116 4.35224723815918 -0.8046181797981262
v 1.0903546810150146 5.02600622177124 -0.20720930397510529
v 0.9863234758377075 4.448323726654053 0.15897062420845032
v 0.13072845339775085 4.680412292480469 -1.2790614366531372
v 0.4191058278083801 6.366894245147705 0.050057798624038696
v 0.9002232551574707 5.8517374992370605 0.8806318640708923
v -0.06233445554971695 4.184503555297852 -0.151351660490036
v 0.32239678502082825 4.840198516845703 -1.3165380954742432
v 0.8630957007408142 4.754205703735352 0.5984575152397156
v 0.12453816831111908 5.485451698303223 -0.1912790685892105
v 1.0476399660110474 5.373068332672119 0.27304887771606445
v 0.8213609457015991 5.956526756286621 0.2678080201148987
v -0.30169177055358887 4.9205756187438965 -0.4212457537651062
v -0.04153579846024513 4.2005181312561035 -0.4617863893508911
v 0.5166712999343872 5.66821813583374 0.13346080482006073
v 1.092624306678772 4.312315940856934 -0.15834572911262512
v 0.1707202047109604 4.437070846557617 -1.2916193008422852
v 0.13210198283195496 5.444950580596924 -0.11164465546607971
v -0.2396259903907776 4.710206031799316 -0.5420725345611572
v 0.13144415616989136 5.427338600158691 -0.07368853688240051
v 0.122336246073246 5.46086311340332 -0.09690996259450912
v 0.028483590111136436 4.393530368804932 -0.9187347292900085
v 1.0379916429519653 5.906814098358154 0.3189009130001068
v 0.09060843288898468 5.043075084686279 -1.1195876598358154
v 1.070200800895691 5.856930255889893 0.33873358368873596
v 1.168786883354187 5.69919490814209 0.22528694570064545
v 0.28211939334869385 5.9716901779174805 0.3901590406894684
v 0.21967530250549316 4.829093933105469 -1.3306752443313599
v 1.076316237449646 5.117347240447998 0.5719287395477295
v 1.0363157987594604 5.40338134765625 0.22861190140247345
v 0.46879470348358154 5.950003623962402 0.7144999504089355
v 0.1126352846622467 5.428223133087158 -0.05078377574682236
v 0.8855435252189636 5.757328033447266 0.8360174298286438
v 0.2512374818325043 4.80340051651001 0.6068370342254639
v 0.10908808559179306 5.448909282684326 -0.13700000941753387
v 0.9183561205863953 5.45958948135376 -0.09985144436359406
v 0.11600009351968765 5.443999767303467 -0.12750013172626495
v 1.105817437171936 4.974634647369385 0.46421706676483154
v 0.504218578338623 4.264089584350586 -1.1041359901428223
v 0.44091248512268066 5.639067649841309 -0.9172741174697876
v 0.504796028137207 4.198276042938232 0.5075920820236206
v 0.12132266908884048 5.493555545806885 -0.20114803314208984
v -0.30572330951690674 4.926301956176758 -0.3749625086784363
v 0.6111119985580444 4.764761447906494 -1.3550021648406982
v 0.7156130075454712 4.230952262878418 0.30919352173805237
v 1.1314998865127563 4.324147701263428 0.2307935208082199
v 0.17785102128982544 4.2832350730896 0.1953825205564499
v 0.8351589441299438 4.161880016326904 0.346469908952713
v 1.2932024002075195 5.477213382720947 0.6244462132453918
v 1.1246947050094604 4.149717807769775 -0.2268129587173462
v 0.16976292431354523 5.406353950500488 0.11071114987134933
v 0.3306373059749603 5.944644927978516 0.4110456705093384
v 0.12831330299377441 6.358686923980713 -0.021487973630428314
v 0.19961793720722198 4.240667819976807 -0.8893464803695679
v 0.16772405803203583 4.413543701171875 0.07930096983909607
v 1.1642287969589233 4.561090469360352 -0.7208743095397949
v 1.3134825229644775 5.512847900390625 0.588900089263916
v 0.25344187021255493 5.607792854309082 -0.2881767749786377
v 0.9823006987571716 5.35024881362915 -0.0921398252248764
v 0.5207430124282837 5.338695526123047 0.7897430062294006
v 0.6513139605522156 5.592735767364502 0.9466712474822998
v 0.7375012040138245 5.591790199279785 0.9700000882148743
v 0.1202099472284317 5.523370265960693 -0.21634311974048615
v -0.4305177927017212 6.169527053833008 0.6507818102836609
v 0.19810937345027924 4.7944016456604 0.5121175646781921
v -0.187191903591156 6.3836469650268555 0.7914550304412842
v 0.9755487442016602 4.730197429656982 -1.031812071800232
v -0.1698639690876007 4.540287971496582 -0.592079222202301
v 1.1399062871932983 4.143394470214844 -0.44487833976745605
v 0.645721435546875 5.079604625701904 0.8126975893974304
v 0.9975870847702026 5.330432415008545 -0.0883738175034523
v 0.756769061088562 5.677499771118164 -0.8066627979278564
v 0.5860015153884888 6.027945041656494 0.41011157631874084
v 0.11566441506147385 6.059246063232422 0.4328927993774414
v 0.2003384828567505 4.683596134185791 -1.4215062856674194
v 1.0213643312454224 4.175739765167236 -0.10774502158164978
v 1.0244587659835815 4.391389846801758 -0.5663307309150696
v 0.13160507380962372 5.421326160430908 -0.04689595848321915
v 0.9980126619338989 4.195720672607422 -0.6899228096008301
v 0.5556487441062927 6.011713981628418 0.3970905840396881
v 0.3465653955936432 4.4232869148254395 -1.3372962474822998
v 0.1390864998102188 4.679096698760986 -1.2327773571014404
v 1.0341687202453613 5.284079074859619 0.6766431331634521
v 0.6984146237373352 5.981512069702148 0.25220733880996704
v 0.25139451026916504 5.5227370262146 -0.006052281241863966
v 0.9888105392456055 4.19663667678833 -0.7062419056892395
v 1.065045952796936 5.2380146980285645 -0.6847438216209412
v 0.006965248379856348 6.192517280578613 0.7983090281486511
v 0.19841615855693817 4.809747219085693 -1.2871532440185547
v 0.9306138157844543 5.913702011108398 0.29479825496673584
v 0.6705893278121948 5.59249210357666 0.9555364847183228
v -0.1378777176141739 4.462244510650635 -0.7578004002571106
v 0.20216239988803864 4.744595527648926 -1.264430284500122
v 0.9963417053222656 5.3563642501831055 -0.22549989819526672
v 0.9671456217765808 5.784848213195801 0.3064546287059784
v 0.6420456767082214 4.139674186706543 0.4348982572555542
v 0.10754891484975815 5.453816890716553 -0.10554857552051544
v 0.3438231647014618 5.9380927085876465 0.4164242148399353
v 0.6884021759033203 5.945404529571533 0.21730442345142365
v 0.22633585333824158 4.786276340484619 -1.3209755420684814
v -0.13961763679981232 4.41870641708374 -0.5616776347160339
v 0.13913977146148682 5.511020660400391 -0.20089969038963318
v 0.3386443257331848 5.58455753326416 -0.08079260587692261
v 0.11724697798490524 5.435245513916016 -0.013633708469569683
v 0.2950660288333893 5.964034080505371 0.4010220170021057
v 0.730833888053894 4.262630462646484 -1.034850835800171
v 0.3882423937320709 5.394646167755127 0.684261679649353
v 0.16753242909908295 6.516870498657227 -0.10858329385519028
v -0.021804753690958023 5.035257816314697 0.02869531884789467
v 1.0475493669509888 5.127409934997559 -0.9553197026252747
v 0.36429569125175476 6.401340484619141 0.13787539303302765
v 0.27544498443603516 6.164734840393066 -0.19879885017871857
v 0.15228718519210815 4.74399995803833 -1.24748694896698
v 1.0639350414276123 5.816493511199951 0.35456499457359314
v 0.3595772385597229 5.428092002868652 0.61143958568573
v 0.27680036425590515 5.536822319030762 -0.03458929806947708
v 0.7483903765678406 6.053921222686768 0.5406938791275024
v -0.4616406559944153 6.238909721374512 0.6546406149864197
v 0.2464998960494995 5.5960001945495605 -0.2944999039173126
v 0.4749032258987427 6.011903285980225 0.48660343885421753
v 1.106771469116211 4.948365688323975 0.0022716058883816004
v 0.1265259087085724 5.464733123779297 -0.15479284524917603
v 0.9805536866188049 5.339373588562012 -0.7568621635437012
v 0.0396648533642292 6.529458045959473 -0.1947653740644455
v 1.1214889287948608 4.881584644317627 0.28930607438087463
v 0.11862330138683319 5.416331768035889 -0.016516542062163353
v -0.11001838743686676 5.238806247711182 -0.6674063205718994
v 0.8358906507492065 5.301000118255615 0.8068264722824097
v 0.1586555540561676 4.785895347595215 0.214577779173851
v 0.8840618133544922 5.487363815307617 -0.09635891765356064
v 0.14732509851455688 4.703307151794434 -1.2339133024215698
v -0.25813689827919006 6.432950019836426 0.7834451794624329
v 0.12656478583812714 5.431036472320557 -0.09014060348272324
v 0.08069361001253128 5.211007595062256 -1.0824323892593384
v 0.13418380916118622 5.4151082038879395 -0.02900000847876072
v 0.7816846370697021 5.592832565307617 0.9673303961753845
v 0.6453519463539124 5.318819046020508 0.8333936929702759
v 0.6372624039649963 5.320384502410889 0.8328718543052673
v 0.07499367743730545 5.005493640899658 0.309405118227005
v 0.07878836989402771 5.042737007141113 -1.102974772453308
v 0.3820790946483612 5.655867099761963 0.5841361880302429
v 0.6750956773757935 6.0544233322143555 0.34830865263938904
v 0.465658575296402 5.073665618896484 -1.290798544883728
v 1.1171455383300781 4.153279781341553 -0.48992908000946045
v 0.014141501858830452 6.268000602722168 0.7928580641746521
v 0.6232551336288452 5.918211460113525 0.19698946177959442
v 0.6863872408866882 5.804779052734375 0.8173336982727051
v 0.21633724868297577 4.451786518096924 -1.3447622060775757
v 0.9869033098220825 5.748603343963623 0.13044843077659607
v -0.13341963291168213 4.362734317779541 -0.39885690808296204
v 0.777432918548584 5.100314617156982 0.7653256058692932
v 0.15627682209014893 5.973477840423584 0.7154927253723145
v 1.112884283065796 5.227271556854248 0.11373147368431091
v 0.5903972387313843 5.8653035163879395 0.20761549472808838
v 0.7988054752349854 4.907409191131592 0.7437281012535095
v 0.58311527967453 6.026822566986084 0.4094700813293457
v -0.026248449459671974 6.511319637298584 -0.25555598735809326
v 1.0381736755371094 5.906505107879639 0.31888267397880554
v 0.8177055716514587 5.524737358093262 -0.10836867988109589
v 0.4928021728992462 6.114999771118164 -0.013496645726263523
v 0.10354981571435928 6.3830695152282715 -0.0588773638010025
v 0.5923530459403992 4.662137508392334 0.5917156338691711
v 1.1213736534118652 5.093369483947754 0.11599688231945038
v 0.5405825972557068 6.0020551681518555 0.39002755284309387
v 0.2397036850452423 6.181662559509277 -0.2195778489112854
v 0.045976728200912476 6.09957218170166 0.4572433829307556
v 1.083116054534912 5.719161510467529 0.3793458938598633
v 0.3978452980518341 4.142439365386963 0.4677007794380188
v 0.16366007924079895 5.062850475311279 -1.1912063360214233
v 0.9027567505836487 5.796941757202148 0.27154675126075745
v -0.4609587788581848 6.3094258308410645 0.6585411429405212
v 1.0588692426681519 5.679853916168213 0.8119231462478638
v 1.0494292974472046 5.368467330932617 0.28097274899482727
v -0.22386515140533447 4.526634693145752 -0.32175740599632263
v 1.10508394241333 4.973167896270752 0.4652559757232666
v 0.4884786903858185 5.6182379722595215 0.8082408905029297
v 0.723601758480072 5.557921886444092 -1.017007827758789
v 0.4026896357536316 5.883368015289307 0.47793108224868774
v 0.9549519419670105 4.164448261260986 0.3253259062767029
v 0.4652289152145386 6.207714080810547 0.28270599246025085
v 0.34742245078086853 4.826533317565918 0.6850660443305969
v 0.4369015693664551 6.247696876525879 0.25627219676971436
v 0.9796226024627686 4.3627543449401855 -0.8324194550514221
v 0.11433696746826172 5.313636302947998 0.3242923617362976
v 0.07526028901338577 4.478271961212158 -0.033869825303554535
v 0.568200945854187 5.70880651473999 -0.3906168043613434
v -0.3072032630443573 4.917330741882324 -0.4627875089645386
v 0.3206214904785156 5.514025688171387 0.46404197812080383
v 0.4110213816165924 5.7110748291015625 -0.3659820854663849
v 0.16863439977169037 6.310011863708496 0.03187032416462898
v -0.19418124854564667 5.10561990737915 -0.15830448269844055
v -0.41620492935180664 6.427839279174805 0.6847796440124512
v 1.1581567525863647 4.9470744132995605 0.25792574882507324
v 1.0219886302947998 5.050284385681152 0.6272121667861938
v -0.13471539318561554 4.3886542320251465 -0.48360100388526917
v 0.3371778726577759 6.02964448928833 0.23166939616203308
v -0.22240793704986572 4.7284440994262695 -0.6641247868537903
v 0.3675466477870941 4.859390735626221 -1.3380311727523804
v 0.07894981652498245 6.399378776550293 -0.10051462799310684
v -0.29988962411880493 6.454327583312988 0.7590087056159973
v 1.107582688331604 5.716677665710449 0.17596685886383057
v -0.3817867636680603 6.385507583618164 0.544441819190979
v 1.069013237953186 5.834146022796631 0.3464469313621521
v 0.3550076484680176 6.41622257232666 0.1206662580370903
v 1.1510905027389526 5.139907360076904 0.20426884293556213
v 0.14555229246616364 4.671413898468018 -1.2726720571517944
v 0.9773183465003967 5.341657638549805 -0.7616202235221863
v -0.13170473277568817 6.205627918243408 0.4982883632183075
v 0.6145544648170471 5.889595985412598 0.20035116374492645
v 1.0552152395248413 5.207710266113281 -0.5000597238540649
v 0.19465003907680511 5.165500164031982 0.5239750146865845
v 0.1587887555360794 4.788000106811523 0.43824514746665955
v 0.09809200465679169 6.069156169891357 0.4382515847682953
v 0.19607104361057281 5.633142471313477 -0.5205713510513306
v 0.15160036087036133 5.0072197914123535 0.4359803795814514
v 0.1295439749956131 5.523909568786621 -0.2311360239982605
v 1.1140342950820923 4.151276111602783 -0.20194785296916962
v 0.6412252187728882 5.606887340545654 -1.003778100013733
v 0.22118180990219116 5.966507911682129 0.7117559313774109
v 0.20899073779582977 4.366794109344482 0.2493876814842224
v 0.2321893870830536 6.185269355773926 -0.22463113069534302
v 0.9909674525260925 5.71317195892334 0.8282703757286072
v 0.8248450756072998 6.029696464538574 0.5593470931053162
v 0.961268424987793 4.79440975189209 -1.0781837701797485
v 1.175366759300232 5.350228786468506 0.6590427756309509
v 0.8216859698295593 4.742499828338623 0.6187713742256165
v 0.906166136264801 4.77320671081543 0.5770922303199768
v -0.12558887898921967 4.367092609405518 -0.31858164072036743
v 1.0524197816848755 5.952798843383789 0.6067730188369751
v -0.23322130739688873 5.088855743408203 -0.4912606179714203
v 0.11150172352790833 5.411709785461426 0.01602623611688614
v 0.5502597093582153 5.624119758605957 -0.9572134613990784
v 0.5416932702064514 5.755000114440918 0.18361444771289825
v 0.9404774308204651 5.462920665740967 -0.22799991071224213
v 0.5250147581100464 5.8456244468688965 0.24961453676223755
v 0.9825319051742554 5.992353916168213 0.5921876430511475
v 0.10507179796695709 5.427877902984619 0.012019186280667782
v 0.1526993364095688 4.684436798095703 -1.272354245185852
v 0.19067102670669556 6.210259914398193 -0.2502077519893646
v 1.1208369731903076 5.089663028717041 0.11253958940505981
v 1.154457926750183 4.950567722320557 0.2544323801994324
v 0.7772459983825684 4.909313201904297 0.7530640363693237
v 1.0146572589874268 4.755773067474365 0.34199580550193787
v 0.10731851309537888 5.472154140472412 -0.12650544941425323
v 0.18900339305400848 5.464698791503906 0.07830478996038437
v 0.14196428656578064 5.524292469024658 -0.204457089304924
v 0.2591966986656189 6.170530796051025 0.1444769650697708
v 1.2035080194473267 4.721198558807373 -0.590451180934906
v 1.0689328908920288 5.97400426864624 0.4777188301086426
v 0.5883256196975708 6.022639751434326 0.185151144862175
v 1.085644245147705 5.922752380371094 0.6130080819129944
v 0.4294390380382538 6.261377811431885 0.2479390650987625
v 0.17755316197872162 4.287702560424805 0.19314870238304138
v 1.201233983039856 4.721323013305664 -0.6013854146003723
v 0.11504366248846054 5.427331447601318 -0.06487525999546051
v 0.18128307163715363 4.347087383270264 0.2109428197145462
v 0.46195077896118164 5.073135852813721 -1.2901630401611328
v -0.03832298517227173 5.107369899749756 0.011371681466698647
v 1.156245231628418 4.306028842926025 -0.26267316937446594
v 1.1088005304336548 4.980600833892822 0.45999088883399963
v 0.05890479311347008 5.531054496765137 -0.6183909773826599
v 0.23476651310920715 4.821596145629883 -1.3387492895126343
v 0.7794830203056335 5.838652610778809 0.8681438565254211
v 0.5614820718765259 4.7999749183654785 -1.357822060585022
v 0.5173370838165283 6.046144008636475 0.6246820688247681
v 0.9645783305168152 5.997973918914795 0.5888156294822693
v 0.5342100262641907 6.122648239135742 0.34770992398262024
v 1.159887671470642 4.2732367515563965 -0.25314342975616455
v 0.26900002360343933 5.610778331756592 -0.29887571930885315
v 0.41403472423553467 5.071499824523926 -1.278043270111084
v 0.2190164178609848 4.763086795806885 -1.288554072380066
v -0.14019790291786194 5.154789924621582 -0.8023269772529602
v -0.29151761531829834 4.95983362197876 -0.18596111238002777
v 1.1207205057144165 5.089779853820801 0.11304444074630737
v 0.8851340413093567 4.454916954040527 0.25454944372177124
v 0.34551164507865906 4.225740909576416 -1.0047527551651
v 1.0024384260177612 4.358147144317627 -0.12793129682540894
v 0.5209999680519104 6.058359622955322 0.5873182415962219
v 0.1447160691022873 4.665867328643799 -1.244317889213562
v 0.23256759345531464 4.783628463745117 -1.3049193620681763
v 0.3157338500022888 4.408071517944336 0.3561038374900818
v 0.1173374205827713 5.438969135284424 -0.11154153943061829
v 0.5125540494918823 5.71715784072876 -0.38184240460395813
v 1.0487465858459473 5.1254472732543945 -0.9556244611740112
v 0.09299995005130768 4.496204853057861 -1.0976743698120117
v 0.10548610240221024 5.414242744445801 0.016342898830771446
v 0.0345282144844532 6.528816223144531 -0.198831707239151
v -0.031131261959671974 4.608501434326172 -0.0803171843290329
v 0.1616649329662323 5.559138298034668 -0.256021112203598
v 0.3494243621826172 4.310773849487305 -1.218198299407959
v 0.5210713148117065 4.6781535148620605 0.5981575846672058
v 0.6973546147346497 5.9736647605896 0.24470068514347076
v 0.2108466774225235 4.831418514251709 -1.3222652673721313
v 0.16982822120189667 5.56428337097168 -0.2554105520248413
v 1.0425231456756592 4.40200662612915 -0.5019142627716064
v 0.5834506154060364 5.4141974449157715 -1.1708241701126099
v 1.311792016029358 5.642000198364258 0.3535260558128357
v 0.8506472706794739 4.223930358886719 -0.9110370874404907
v 0.9618072509765625 4.981419563293457 0.673836350440979
v 0.04231330379843712 5.386538028717041 -0.2666170597076416
v 0.795508861541748 4.534846782684326 0.2127792090177536
v 0.4810762107372284 4.416836738586426 0.3715197741985321
v 0.15735389292240143 5.005493640899658 0.4420216679573059
v 0.3922700881958008 5.84547233581543 0.49178388714790344
v 0.13359549641609192 5.539384841918945 -0.23265080153942108
v 0.7920876741409302 5.670671463012695 -0.7273588180541992
v 0.673133373260498 5.076214790344238 -1.2612961530685425
v 0.04484305903315544 6.100239276885986 0.45764362812042236
v 0.09760250896215439 4.357517719268799 -0.9246898889541626
v 1.0395160913467407 5.394598960876465 0.23928605020046234
v 1.0345367193222046 4.437808990478516 -0.3136765956878662
v 0.7866519689559937 5.841212272644043 0.8743486404418945
v -0.23184272646903992 6.4201273918151855 0.7915490865707397
v 0.10076559334993362 5.480984210968018 -0.17084380984306335
v 0.9438266158103943 4.275734901428223 0.36122414469718933
v 1.0722981691360474 4.92529821395874 0.4894005358219147
v 0.1563543826341629 5.343018054962158 0.16138210892677307
v 0.21135388314723969 4.754866123199463 -1.2923046350479126
v 0.019055036827921867 6.398226261138916 -0.18323253095149994
v 1.097299575805664 5.063807487487793 -0.23690856993198395
v 0.12067043781280518 6.277784824371338 -0.30485644936561584
v 0.6390500664710999 5.607974529266357 -1.0035061836242676
v 0.5601292848587036 6.10045051574707 0.18283912539482117
v 0.2269616574048996 4.847499847412109 -1.2963075637817383
v 0.3775348365306854 6.402807712554932 0.023692522197961807
v 0.06654508411884308 6.248146057128906 0.7681629061698914
v 0.8802360892295837 4.216348648071289 -0.8768517971038818
v 0.4994215965270996 5.451940059661865 -1.1376192569732666
v 0.12402235716581345 4.703683853149414 -1.2694427967071533
v -0.06682638078927994 6.293647766113281 0.7962347865104675
v 0.9233713746070862 6.009762287139893 0.579684853553772
v 1.0474700927734375 5.733617782592773 0.1446174681186676
v 0.7166566848754883 5.591597080230713 0.9683955311775208
v -0.18483218550682068 4.529166221618652 -0.8166694641113281
v 0.35080766677856445 5.69235897064209 0.4463080167770386
v 0.6698105931282043 4.435217380523682 0.2242765873670578
v 0.4856336712837219 6.117178440093994 -0.024381332099437714
v -0.04101375862956047 4.200256824493408 -0.4576103687286377
v 0.6880992650985718 5.944765090942383 0.21669839322566986
v 1.0416369438171387 4.893682479858398 0.5000905990600586
v 0.903559148311615 5.775461196899414 0.8466082215309143
v 0.9187142848968506 4.46035099029541 0.23183932900428772
v 0.13530652225017548 5.438709735870361 -0.09137115627527237
v 0.7366644144058228 5.307616710662842 0.8336918950080872
v 0.30572062730789185 5.065474510192871 -1.2420735359191895
v -0.049960874021053314 4.206545352935791 -0.5584729313850403
v 0.005703216418623924 6.271719932556152 0.7967166900634766
v -0.26910215616226196 4.6735663414001465 -0.40015771985054016
v -0.036821093410253525 5.091926574707031 0.016494570299983025
v 0.13633492588996887 5.526853084564209 -0.2374740093946457
v -0.13640761375427246 4.401483535766602 -0.515097439289093
v 0.6417193412780762 5.704214096069336 -0.401072233915329
v 0.5323349833488464 5.080938339233398 -1.3023287057876587
v 0.1145743578672409 5.4323530197143555 0.00032028532586991787
v 0.6015996336936951 5.78318452835083 0.13476935029029846
v 0.46621671319007874 5.9437737464904785 0.7144999504089355
v 0.3958553969860077 4.242906093597412 -1.0667648315429688
v 0.23101651668548584 4.793797969818115 -1.2876445055007935
v -0.20260460674762726 5.095686435699463 -0.3327897787094116
v 0.1559077501296997 4.720273494720459 -1.2928414344787598
v 1.152159333229065 5.705280303955078 0.20991936326026917
v 0.6337237358093262 5.595420837402344 -0.12431588768959045
v 0.4207744300365448 6.127854824066162 -0.10193510353565216
v 0.2823109030723572 4.221499919891357 -0.9296730160713196
v 0.23824314773082733 4.792877674102783 -1.2950397729873657
v 0.19328273832798004 4.665717601776123 -1.4128479957580566
v 0.48934832215309143 6.115908622741699 -0.018949946388602257
v 0.10280574858188629 4.426680088043213 -1.0543237924575806
v 0.41690218448638916 5.599675178527832 -0.10843183845281601
v 0.11362791806459427 4.672988414764404 -1.2605122327804565
v 0.3547270894050598 5.996523380279541 0.2532043755054474
v 1.02488112449646 4.443082332611084 -0.28899356722831726
v -0.22869479656219482 6.009634494781494 0.698261022567749
v 0.1272951066493988 5.441688537597656 -0.11636903136968613
v 0.1371431201696396 5.432356834411621 0.0007856118027120829
v 0.25295495986938477 5.60144567489624 -0.2939203977584839
v -0.08663025498390198 6.302331447601318 0.7931169271469116
v -0.1458444446325302 4.437566757202148 -0.676144003868103
v 0.22645336389541626 6.18802547454834 -0.22852903604507446
v 0.11679132282733917 5.411394119262695 -0.0015012766234576702
v -0.3433409333229065 6.079030513763428 0.6732953786849976
v 1.3335000276565552 5.585977554321289 0.5308465957641602
v 0.15958385169506073 4.5142340660095215 -1.3530751466751099
v 0.5162650942802429 6.244357109069824 0.12746913731098175
v 0.41569194197654724 6.369911193847656 0.04814751073718071
v 0.11481218039989471 4.613231182098389 -1.1851156949996948
v 0.2316589653491974 5.597501277923584 -0.31191378831863403
v 0.6094953417778015 5.785614013671875 0.13173247873783112
v 0.46964457631111145 4.417500019073486 0.3774358034133911
v -0.1443963646888733 4.44396448135376 -0.7035994529724121
v 1.1921536922454834 4.718087673187256 -0.6322316527366638
v 0.3265354037284851 6.439836025238037 -0.01588493399322033
v 0.7686119079589844 4.373412609100342 -1.104514479637146
v 0.6385125517845154 4.649016380310059 0.5659261345863342
v 0.11838547885417938 5.481256008148193 -0.18774938583374023
v 0.7166684865951538 4.5644211769104 -1.2916157245635986
v 0.2125101089477539 6.245983123779297 0.07951343804597855
v 0.8053726553916931 4.906026840209961 0.7395803332328796
v 0.06474092602729797 4.247162818908691 -0.845614492893219
v -0.1822330355644226 4.907553195953369 -0.77735435962677
v 0.9838247299194336 5.002060413360596 0.6636461615562439
v 0.9474210143089294 5.295096397399902 0.7386168241500854
v 0.10612404346466064 4.417799949645996 -1.0489234924316406
v 1.0763170719146729 5.932507514953613 0.6112808585166931
v 0.5023162364959717 5.450933456420898 -1.139633059501648
v 0.053416796028614044 5.215803146362305 -1.0441251993179321
v 0.10954266786575317 5.458227157592773 -0.1519067883491516
v -0.08581056445837021 5.9847540855407715 0.7171230912208557
v 1.1134192943572998 4.99114465713501 0.45148804783821106
v 0.4010242819786072 4.244894027709961 -1.07173490524292
v 0.0950811356306076 5.424317359924316 0.025765221565961838
v 0.18449214100837708 6.215137958526611 -0.254110187292099
v 1.1259840726852417 4.979282855987549 -0.8724656105041504
v 0.17145654559135437 5.539783000946045 -0.2595134377479553
v 0.11407390981912613 5.431373119354248 -0.06890293955802917
v 0.3225748538970947 5.531550884246826 0.4421851634979248
v 0.3281612694263458 4.22122049331665 -0.9788987040519714
v 1.0736252069473267 5.078464031219482 -0.9459819197654724
v 0.22850114107131958 4.80939245223999 -1.280853271484375
v 0.7286401987075806 5.6760573387146 -0.41622617840766907
v 1.0928575992584229 5.03546142578125 -0.2122149020433426
v 0.8866913914680481 5.758062362670898 0.8364765048027039
v 0.790763258934021 4.240745544433594 -0.97935950756073
v -0.30170291662216187 4.920608997344971 -0.4209112524986267
v 1.1929150819778442 5.327707290649414 0.5132116675376892
v 0.837968111038208 5.881405353546143 0.8906013369560242
v -0.31755679845809937 6.461696624755859 0.7440086603164673
v 0.1745491623878479 5.552338123321533 -0.2762151062488556
v 0.8460010886192322 4.438914775848389 0.27094244956970215
v 1.0045509338378906 5.419622898101807 -0.5256550312042236
v 0.8806206583976746 5.893521308898926 0.2678404748439789
v 0.31908705830574036 5.547873497009277 0.41202250123023987
v 0.9606497287750244 4.781077861785889 -1.069826364517212
v 0.18732598423957825 4.781174182891846 -1.3153880834579468
v 0.9875819683074951 6.0106892585754395 0.44250333309173584
v 0.13538043200969696 5.416171550750732 -0.02900000847876072
v 1.0072203874588013 4.319216728210449 -0.10407869517803192
v 0.16764305531978607 5.619429111480713 -0.5226428508758545
v -0.06873269379138947 5.267291069030762 -0.38947775959968567
v 0.33584365248680115 4.41349983215332 0.3660926818847656
v 1.126912236213684 4.338204860687256 0.2192065566778183
v 1.1091058254241943 4.232821941375732 0.2698104977607727
v 1.101873755455017 4.831247329711914 0.039723943918943405
v 0.2724744975566864 5.152512550354004 0.6149708032608032
v 0.14613986015319824 4.666693210601807 -1.2436670064926147
v 0.2758065462112427 6.469303131103516 -0.04347711801528931
v 0.47041451930999756 4.417500019073486 0.3770935833454132
v 0.5552811622619629 4.132148742675781 0.4670547842979431
v 0.2380106896162033 5.590340614318848 -0.3083403706550598
v 0.5052420496940613 4.20095157623291 0.50848388671875
v 0.3709268271923065 6.387933731079102 0.15078164637088776
v 0.24888163805007935 5.668638229370117 -0.5375921726226807
v 0.2376149743795395 4.802800178527832 -1.2858690023422241
v 0.49509209394454956 5.076963901519775 -1.2969040870666504
v 0.5432162284851074 5.608134746551514 0.8669622540473938
v 0.11095057427883148 5.447859287261963 -0.08609896153211594
v 0.38876110315322876 5.596306324005127 -0.10111293941736221
v 0.38087278604507446 4.856042385101318 -1.3464151620864868
v 0.08115667849779129 6.398416519165039 -0.09674926847219467
v 0.446292519569397 5.62952995300293 0.7564096450805664
v 0.4214712381362915 6.364528656005859 0.05134786665439606
v 0.09115958958864212 5.562712669372559 -0.5642340779304504
v -0.1500076800584793 5.029026508331299 -0.9394790530204773
v 0.12308826297521591 5.409659385681152 -0.007340630050748587
v 1.2542294263839722 5.405550479888916 0.6298171877861023
v 0.8365923166275024 5.881625175476074 0.8906563520431519
v 0.8462324738502502 5.5093607902526855 -0.10186249017715454
v 0.03248075768351555 5.339210510253906 -0.2422684133052826
v 1.260495662689209 5.565335750579834 0.7201676964759827
v 1.0402841567993164 4.432787895202637 -0.3377005159854889
v 0.1501760184764862 5.52976131439209 -0.24523869156837463
v 0.41952088475227356 6.091357707977295 0.6739289164543152
v 0.3110000193119049 5.576618671417236 0.3424340784549713
v 1.2415492534637451 4.799856185913086 -0.45609861612319946
v 0.9938896298408508 4.5791754722595215 -0.24237002432346344
v 0.20570003986358643 4.707147121429443 0.25250595808029175
v 0.9709384441375732 5.418026447296143 -0.22700007259845734
v 0.22151878476142883 4.155827045440674 0.32313719391822815
v 0.2880978584289551 5.149074077606201 0.6281799674034119
v 0.9138104915618896 5.772983551025391 0.12027719616889954
v 0.41280287504196167 5.638706207275391 -0.9089120626449585
v 1.081957459449768 4.1446309089660645 -0.14273302257061005
v 0.4515587091445923 5.9723381996154785 0.49629107117652893
v 0.6478211879730225 5.7944746017456055 0.12178188562393188
v 0.2731670141220093 5.062747478485107 -1.2290538549423218
v -0.21513459086418152 6.410234451293945 0.7930166125297546
v 0.42234882712364197 4.2502121925354 -1.0860826969146729
v 0.43714195489883423 5.3736162185668945 0.7172674536705017
v -0.20922820270061493 4.8344221115112305 -0.575315535068512
v -0.009189057163894176 6.131887435913086 0.47312915325164795
v 0.8393092751502991 4.162184238433838 0.34659191966056824
v 0.9245694875717163 5.363824844360352 -0.8615540266036987
v 0.11301381886005402 5.469064712524414 -0.11973974853754044
v 0.2033090740442276 4.794307708740234 -1.3240386247634888
v 0.3241633474826813 4.597254276275635 0.297229528427124
v 0.2955690622329712 4.220357894897461 -0.9416171908378601
v 0.9363528490066528 5.603436470031738 0.9065835475921631
v 0.2362617403268814 4.327481269836426 -1.0765562057495117
v 0.011825074441730976 4.187028884887695 0.07460989058017731
v 0.7187768220901489 6.061555862426758 0.5321424603462219
v -0.3177502453327179 6.461764812469482 0.7438380718231201
v 0.4350244700908661 4.325849533081055 -1.2860995531082153
v 0.4887983500957489 6.024835586547852 0.5024474859237671
v 0.1655534952878952 4.720069885253906 -1.2406156063079834
v 0.20497627556324005 5.165500164031982 0.5369710326194763
v 0.110530786216259 4.689501762390137 -1.2653173208236694
v 1.060860514640808 5.175918102264404 -0.41749218106269836
v 0.9362443685531616 5.822000026702881 0.28412216901779175
v 0.4310623109340668 6.35506010055542 0.05661297217011452
v 1.0278509855270386 5.988818168640137 0.46443790197372437
v 0.09949571639299393 4.54670524597168 -1.1422139406204224
v 0.11109687387943268 5.479053020477295 -0.13917969167232513
v 0.5825388431549072 6.070217609405518 0.1127997487783432
v 0.09777846187353134 4.536003112792969 -1.1331140995025635
v 0.13539095222949982 5.509425640106201 -0.19102470576763153
v 1.064984917640686 4.1859517097473145 0.2518511712551117
v 1.0844674110412598 4.153579235076904 0.20652565360069275
v 0.5991696715354919 6.056697368621826 0.13475237786769867
v 0.3635309934616089 5.981377601623535 0.263894647359848
v 0.15406888723373413 4.754920482635498 -1.2631069421768188
v 0.6299254894256592 5.6098151206970215 -0.9986602663993835
v 1.2581617832183838 4.826454162597656 -0.4931158125400543
v -0.014633548445999622 6.440937519073486 -0.3263663947582245
v -0.1921204775571823 4.529447555541992 -0.7950363159179688
v 1.0622279644012451 4.7523193359375 0.07395379990339279
v 0.9145353436470032 5.9732584953308105 0.2857241928577423
v 0.8550958037376404 4.443332195281982 0.26782435178756714
v 0.38235729932785034 5.112285614013672 0.6775000691413879
v 0.2399284988641739 6.201705455780029 0.11699090898036957
v 0.17631679773330688 6.299310207366943 0.040584344416856766
v 0.18001525104045868 5.541542053222656 -0.25639232993125916
v 0.9503429532051086 5.907514572143555 0.3021143674850464
v 0.9762452244758606 4.36859130859375 -0.8474780321121216
v 1.0114035606384277 4.436497688293457 0.12424493581056595
v 0.17804394662380219 4.708906650543213 -1.2613511085510254
v 0.2862173020839691 5.150270938873291 0.6264703273773193
v 0.30519139766693115 4.608521461486816 0.29310646653175354
v 0.09721570461988449 5.435702800750732 0.021601559594273567
v 0.08798318356275558 4.707492828369141 0.024844666942954063
v 0.21888847649097443 4.847007751464844 -1.3209346532821655
v -0.3200255334377289 6.4625678062438965 0.7418304681777954
v 0.11402073502540588 5.455015182495117 -0.14971764385700226
v 0.0029827968683093786 4.1875 0.06341305375099182
v 0.3111819922924042 5.564722537994385 -0.06342729181051254
v -0.23690728843212128 4.715314865112305 -0.556463360786438
v 0.8173252940177917 5.657674312591553 -0.6616114377975464
v -0.19929006695747375 4.5492658615112305 -0.20776894688606262
v 1.295586347579956 5.544196128845215 0.7076960206031799
v 1.0813237428665161 5.132024765014648 -0.3367089629173279
v 0.08167227357625961 5.043410301208496 -1.1056206226348877
v 1.0932295322418213 4.158306121826172 0.1688992977142334
v 0.18343880772590637 4.758260250091553 -1.2545613050460815
v 0.9356350898742676 5.427950859069824 -0.10107211768627167
v -0.0316193625330925 5.235036849975586 -0.2302311509847641
v -0.206343874335289 5.092628479003906 -0.38124698400497437
v 1.2013903856277466 5.3322601318359375 0.5281231999397278
v 0.7880956530570984 5.841327667236328 0.8748107552528381
v 1.0544211864471436 5.357666492462158 0.29872819781303406
v 0.060342125594615936 5.432262897491455 -0.29321059584617615
v 0.060655996203422546 5.040586948394775 -1.086568832397461
v 0.20941437780857086 5.643426895141602 -0.5240609645843506
v 1.0221986770629883 4.385897159576416 -0.5830086469650269
v 0.916324257850647 5.4630279541015625 -0.09938246756792068
v 0.7396413683891296 4.909999847412109 0.7606542706489563
v -0.1345575898885727 4.366163730621338 -0.4174725413322449
v 0.2325301170349121 4.783567428588867 -1.3049845695495605
v 1.1239999532699585 5.104838848114014 0.12199993431568146
v -0.05249997228384018 4.215131759643555 -0.5965589880943298
v 0.5707355737686157 5.064691543579102 0.812319278717041
v 0.20228958129882812 4.795168399810791 -1.324677586555481
v 1.0557279586791992 4.845328330993652 -0.203979954123497
v 0.8166751861572266 4.1593732833862305 0.345530241727829
v 0.6182177662849426 4.74485969543457 -1.517102837562561
v 0.908500075340271 5.7999372482299805 0.8583999276161194
v 0.40955406427383423 4.418253421783447 0.39125338196754456
v 0.11772304773330688 5.445621490478516 -0.12942567467689514
v 0.07409396022558212 4.748308181762695 0.03522557020187378
v 0.6267610192298889 4.247579574584961 -1.0825332403182983
v 0.5312724113464355 4.13100004196167 0.4724176228046417
v 0.5073151588439941 5.449324607849121 -1.1426575183868408
v 1.2413824796676636 4.799617767333984 -0.45576485991477966
v 1.0561468601226807 5.204294681549072 -0.4895014762878418
v 0.9986559152603149 5.346683502197266 -0.22549989819526672
v 1.094429850578308 4.952764511108398 0.4777437448501587
v 0.4185965657234192 4.565608978271484 0.30677148699760437
v 0.8449445366859436 5.510133266448975 -0.10216282308101654
v 0.20258325338363647 5.165500164031982 0.5340461134910583
v 0.873609185218811 6.044000148773193 0.37627938389778137
v 0.09907357394695282 5.441494941711426 0.03502105176448822
v 0.6602051854133606 4.142482757568359 0.4212598502635956
v 0.11591007560491562 4.687750339508057 -1.2699459791183472
v 0.12503045797348022 5.497218132019043 -0.20570097863674164
v 0.253598690032959 4.229808330535889 -0.9069549441337585
v -0.1876317709684372 4.844274997711182 -0.6728640794754028
v 1.0888843536376953 5.03488826751709 -0.9218015670776367
v 1.0363456010818481 4.769686698913574 0.3362477719783783
v 0.20915906131267548 5.967861175537109 0.7126805782318115
v 0.22886840999126434 6.186863422393799 -0.2268894463777542
v 0.19991503655910492 5.564876556396484 -0.2956402599811554
v 0.17774231731891632 5.563884258270264 -0.2778278589248657
v 0.6513060331344604 4.719668865203857 -1.3444751501083374
v 1.1255007982254028 4.597796440124512 -0.8217963576316833
v 0.09178335219621658 4.696478366851807 0.02220158651471138
v 0.5179596543312073 4.413571834564209 0.3454142212867737
v 0.6733673214912415 4.416060924530029 0.23432666063308716
v 0.9436283707618713 5.910498142242432 0.29987603425979614
v 0.32548412680625916 5.489064693450928 -1.0379595756530762
v 0.2320081740617752 4.380159378051758 0.2783880829811096
v -0.2075365036725998 4.542347431182861 -0.2338411957025528
v 0.12724967300891876 5.45137357711792 -0.12937432527542114
v 1.073823094367981 5.11370325088501 0.5746135115623474
v 0.34380918741226196 4.1918816566467285 0.5028817057609558
v 1.091505765914917 4.810511589050293 0.04687076434493065
v 0.3669629395008087 5.708732604980469 0.39753487706184387
v 0.1141093522310257 5.976210117340088 0.7178154587745667
v 0.6706645488739014 4.4311442375183105 0.22649365663528442
v 0.3308291435241699 5.469151020050049 0.5230928659439087
v 0.9130297899246216 5.82636022567749 0.2747509777545929
v 0.1113690659403801 5.429429531097412 -0.0033926591277122498
v 0.19791215658187866 4.677469253540039 -1.4185457229614258
v 0.11949734389781952 5.459122657775879 -0.15437263250350952
v 0.13573791086673737 5.505643367767334 -0.2087417095899582
v -0.2930879294872284 4.959188938140869 -0.18995313346385956
v 0.1623377799987793 4.700257778167725 -1.2369555234909058
v 1.066481590270996 4.152502059936523 0.24002507328987122
v 0.16933970153331757 4.172773361206055 0.22547213733196259
v 0.23993709683418274 6.2016921043396 0.11700315773487091
v -0.13385164737701416 5.17310905456543 -0.7762501835823059
v 0.126144677400589 5.054431915283203 -1.1629931926727295
v -0.08081764727830887 5.275127410888672 -0.4803507924079895
v 0.11517911404371262 6.5278120040893555 -0.1417475789785385
v 0.5518617033958435 4.263679027557373 -1.0991530418395996
v 1.0946677923202515 4.1622772216796875 0.09779157489538193
v 1.1072291135787964 4.9774580001831055 0.46221718192100525
v 0.7216276526451111 5.55927038192749 -1.0166656970977783
v 0.9660484790802002 5.427159786224365 -0.22700007259845734
v 0.20118728280067444 5.165500164031982 0.5323401093482971
v -0.08477786183357239 4.3913187980651855 -0.21354448795318604
v -0.14863736927509308 5.103786945343018 -0.08385031670331955
v 0.11313165724277496 5.448572635650635 -0.13700000941753387
v 0.4008007347583771 5.38768196105957 0.6957642436027527
v 0.23998038470745087 4.811376094818115 -1.3336236476898193
v 0.5244802832603455 5.715170383453369 -0.3838300406932831
v 0.027063334360718727 4.240207195281982 -0.7928335070610046
v 0.2376244217157364 4.843625068664551 -1.343500018119812
v 0.3926793336868286 5.64266300201416 0.6493749022483826
v 0.5840646028518677 6.029881000518799 0.18984006345272064
v 1.0522887706756592 4.17828893661499 0.239199697971344
v 0.9329220056533813 4.622963905334473 0.17426495254039764
v -0.13450001180171967 4.381519794464111 -0.46668124198913574
v 0.12334123253822327 4.689431190490723 -1.2343988418579102
v 0.8773971199989319 5.492053985595703 -0.09759312868118286
v 0.4408755302429199 4.827507019042969 -1.5479862689971924
v 0.05792225897312164 4.475320339202881 -0.044378768652677536
v 1.132874608039856 4.307251453399658 0.24432386457920074
v 0.6114178895950317 4.88930606842041 0.7695277333259583
v 0.059610515832901 5.040960311889648 -1.085150122642517
v -0.1031896248459816 5.256545066833496 -0.6233274936676025
v 0.7995474934577942 5.668290138244629 -0.7114860415458679
v 0.011195078492164612 6.40607213973999 -0.3406924903392792
v -0.4223957359790802 6.157970428466797 0.6526715159416199
v 0.2844935953617096 5.969431400299072 0.3964250385761261
v 0.09982451796531677 6.238041400909424 0.7555668354034424
v 0.8600251078605652 4.85940408706665 -1.1619343757629395
v 0.48614561557769775 4.41029691696167 -1.3591867685317993
v 1.0444531440734863 4.170340061187744 0.20112714171409607
v 0.7534891963005066 4.1512227058410645 0.328806608915329
v 0.6941720843315125 5.591922283172607 0.9638015627861023
v 0.8927754163742065 5.762775421142578 0.8385056257247925
v 0.31885719299316406 5.548470973968506 0.4106432795524597
v 1.0549514293670654 5.208587169647217 -0.5028008818626404
v 0.17735938727855682 5.627469539642334 -0.522977888584137
v 1.1227197647094727 5.086820602416992 0.10246223956346512
v 0.9968717098236084 5.3541388511657715 -0.22549989819526672
v 0.3755858838558197 5.404724597930908 0.6640505194664001
v -0.005371381528675556 5.254199504852295 -0.9541000723838806
v 0.5706281661987305 6.078914642333984 0.09430398792028427
v 0.691886305809021 4.388853549957275 -1.1998863220214844
v 1.2417668104171753 5.362137317657471 0.6143007278442383
v -0.13525311648845673 4.392891883850098 -0.4944167137145996
v 0.8119488954544067 5.608509063720703 0.09973365813493729
v 0.11850492656230927 5.431003570556641 0.037568747997283936
v 0.14470317959785461 6.249536991119385 -0.28583744168281555
v 0.936389148235321 5.425814151763916 -0.10100917518138885
v -0.14355003833770752 4.430459976196289 -0.6109800338745117
v 0.37707746028900146 4.6143269538879395 -1.5241925716400146
v -0.16851450502872467 6.362433910369873 0.7925489544868469
v 0.38341405987739563 5.911653995513916 0.31588855385780334
v 0.9350932836532593 5.791952133178711 0.2826654016971588
v 0.13676738739013672 5.444136142730713 -0.09450148046016693
v 0.7374674677848816 5.6383442878723145 0.0945819839835167
v 0.22130469977855682 4.155898571014404 0.3228398859500885
v 0.9409481287002563 5.41601037979126 -0.10159308463335037
v 0.6968749165534973 5.5765767097473145 -1.0129878520965576
v 0.0966702476143837 5.435471057891846 0.023290356621146202
v 0.31291601061820984 5.565752029418945 0.3703068196773529
v -0.009458563290536404 4.918573379516602 0.044398047029972076
v 0.9827237129211426 5.337850570678711 -0.7536023855209351
v 0.5133861303329468 6.249099254608154 0.12492895871400833
v 0.869722843170166 4.835577964782715 -1.1434015035629272
v 0.5921474695205688 4.135040760040283 0.45579779148101807
v 0.3512347638607025 5.692857265472412 0.4439586102962494
v 0.2229032665491104 5.966310977935791 0.711608350276947
v 0.5399913787841797 4.335483551025391 0.4880225956439972
v 0.5652113556861877 5.709205150604248 -0.3901185989379883
v 1.0813829898834229 4.966834545135498 -0.1895812600851059
v 0.8784244060516357 4.4153923988342285 -1.0434679985046387
v 0.321871280670166 6.4434404373168945 -0.019065095111727715
v 0.854712963104248 6.024214744567871 0.5652425289154053
v 1.003523588180542 5.703944206237793 0.8250321745872498
v 0.41940316557884216 4.139470100402832 0.4710298180580139
v -0.040751878172159195 4.200125694274902 -0.4555147886276245
v 0.20372788608074188 4.6920695304870605 -1.425573468208313
v 0.14382719993591309 4.325605392456055 -0.9166009426116943
v 0.38100072741508484 5.81487512588501 0.4981227219104767
v 1.1492605209350586 4.14493465423584 -0.31032371520996094
v 1.1338781118392944 5.565735340118408 0.7315464615821838
v 0.3610990047454834 5.985373020172119 0.2609415650367737
v 0.23832230269908905 4.793006420135498 -1.2949018478393555
v 1.0186690092086792 5.3052825927734375 -0.0836344063282013
v 0.281902939081192 4.436599254608154 -1.3405665159225464
v 0.09604540467262268 6.52981424331665 -0.1532602310180664
v -0.3225175738334656 6.463447570800781 0.7396314740180969
v 0.17647986114025116 6.089960098266602 0.7692901492118835
v 0.10831446945667267 4.594669342041016 -1.1749917268753052
v 0.565841019153595 4.262176990509033 -1.0950477123260498
v 0.9944990873336792 4.586489677429199 -0.24216701090335846
v 0.1342611461877823 5.413811683654785 -0.0009276747587136924
v 1.1142592430114746 4.993402481079102 -0.8866506218910217
v 0.40961432456970215 5.638689041137695 -0.9074922800064087
v 0.42068397998809814 4.828998565673828 -1.5453358888626099
v 0.698247492313385 5.869589328765869 0.8504526615142822
v 0.36932888627052307 5.4881062507629395 -1.0614677667617798
v 0.1611020714044571 4.7565155029296875 -1.2574371099472046
v 1.088651180267334 5.106546401977539 -0.29274389147758484
v 0.12790028750896454 4.681832790374756 -1.2342606782913208
v 0.12173106521368027 5.43149995803833 -0.09843268990516663
v 0.20618492364883423 5.062068939208984 -1.2054407596588135
v 0.1109091117978096 4.60272741317749 -1.1796817779541016
v 0.3745570480823517 5.926380157470703 0.4353455603122711
v 0.9756172895431519 4.1974616050720215 -0.7313425540924072
v 1.0511879920959473 5.226376056671143 -0.5983497500419617
v -0.2114453762769699 4.980742454528809 -0.08921531587839127
v 0.1603296399116516 4.321440696716309 -0.9861703515052795
v 0.5496962070465088 6.103504657745361 0.3631213307380676
v 0.5838388204574585 5.326375961303711 0.8259925246238708
v 0.014862156473100185 6.2677202224731445 0.7924174666404724
v 1.1449158191680908 5.569753170013428 0.732499897480011
v 1.1212400197982788 4.359104156494141 0.20226402580738068
v 0.11275354772806168 5.420673370361328 0.038391124457120895
v 0.12316485494375229 5.437254905700684 -0.1101236417889595
v 0.5224547982215881 4.280611515045166 0.5222921967506409
v 0.11558793485164642 5.432798862457275 0.0014150700299069285
v 0.37099480628967285 5.4121880531311035 0.6487585306167603
v 0.9749141335487366 5.8942646980285645 0.3104902505874634
v 0.3526148498058319 5.72387170791626 -0.5842002630233765
v 1.2015846967697144 4.721404075622559 -0.6005224585533142
v 0.22839286923408508 4.858976364135742 -1.3107261657714844
v 0.6409979462623596 4.73450231552124 -1.3490005731582642
v 0.6942821145057678 5.5829901695251465 -0.12824924290180206
v 0.5369302034378052 6.193016052246094 0.15289537608623505
v 0.1346684694290161 6.047656059265137 0.4263473153114319
v 0.11819320917129517 5.439032554626465 -0.1124923825263977
v 0.2511329650878906 4.661490440368652 0.2810019552707672
v 0.683697521686554 4.633961200714111 0.5344970226287842
v 1.0019571781158447 4.363199234008789 -0.1312994360923767
v 0.2753312289714813 6.164783000946045 -0.1988600790500641
v 1.2220194339752197 5.67482328414917 0.2755166292190552
v 0.22666068375110626 4.856794834136963 -1.3125866651535034
v 0.42424923181533813 5.8661394119262695 0.6786556243896484
v 0.964060366153717 4.437875747680664 -0.22162067890167236
v 0.1082228496670723 5.413455009460449 0.011219151318073273
v -0.22813579440116882 4.724364280700684 -0.6176754832267761
v 1.292545199394226 5.646984577178955 0.33363109827041626
v 0.5969771146774292 6.053400039672852 0.40081536769866943
v 0.9981123805046082 5.951091766357422 0.3057042062282562
v 0.4483448266983032 5.4707183837890625 -1.1085786819458008
v 0.4603307247161865 4.417510986328125 0.38155457377433777
v 0.23372124135494232 4.152573108673096 0.3386484980583191
v 0.7163909077644348 4.463976860046387 -1.2375210523605347
v 0.20535190403461456 6.010302543640137 0.40944430232048035
v 0.15157930552959442 4.667579174041748 -1.2563475370407104
v 1.0590475797653198 5.2342939376831055 -0.647976815700531
v 0.18486078083515167 5.063966274261475 -1.1992813348770142
v 1.0743281841278076 4.813490867614746 0.31366997957229614
v 0.20121005177497864 4.795125961303711 -1.3243811130523682
v 0.4237271845340729 4.321284294128418 -1.2779793739318848
v 1.1399729251861572 4.143336296081543 -0.4446541666984558
v 0.3474893867969513 4.310619354248047 -1.2161084413528442
v 0.34847545623779297 5.949005603790283 0.7062472105026245
v 1.0273873805999756 5.057168006896973 0.6216127872467041
v 0.21058596670627594 4.367815017700195 0.2514934539794922
v 0.23954394459724426 4.1509881019592285 0.3463079333305359
v 1.2746576070785522 5.653436660766602 0.31625914573669434
v 1.1456960439682007 4.958279609680176 -0.8452059626579285
v -0.13767534494400024 4.462649345397949 -0.7587110996246338
v 0.971060037612915 6.020427227020264 0.43085920810699463
v -0.24393123388290405 4.698343753814697 -0.5015226006507874
v 0.8309983015060425 4.899499893188477 0.7214298248291016
v 0.2375190556049347 4.801541328430176 0.5910795331001282
v 0.9354121088981628 5.822000026702881 0.28370603919029236
v 0.0325036384165287 5.339540004730225 -0.2425234168767929
v 0.7570938467979431 5.677499771118164 -0.8061632513999939
v 0.417008638381958 4.846911907196045 0.7165939211845398
v 0.08343809098005295 5.219061374664307 0.13762639462947845
v 0.18800538778305054 5.165500164031982 0.5140080451965332
v 0.24805517494678497 6.483368873596191 -0.06076015159487724
v 0.3328469693660736 4.5933613777160645 0.29842719435691833
v 0.8088991641998291 5.099760055541992 0.733380913734436
v -0.03477685898542404 5.239053726196289 -0.24518239498138428
v 0.6437686085700989 6.050349712371826 0.4143710434436798
v 0.796858012676239 5.887293338775635 0.8916032910346985
v 0.9197936058044434 4.4604411125183105 0.23102983832359314
v 0.8833436369895935 5.755919933319092 0.8351374864578247
v 0.3828059732913971 5.070170879364014 -1.2683783769607544
v 0.4477316737174988 5.900890350341797 0.7070364952087402
v 1.114586591720581 4.1513261795043945 -0.20330366492271423
v 1.1555665731430054 4.565788745880127 -0.749239981174469
v 0.5901121497154236 5.3262152671813965 0.8272793292999268
v 0.8388559818267822 4.435296058654785 0.2732639014720917
v -0.13925768435001373 5.101929664611816 -0.0763990730047226
v 0.3164748251438141 5.066466331481934 -1.2458655834197998
v 1.3165366649627686 5.518280506134033 0.5844448804855347
v 1.0227813720703125 4.1756110191345215 -0.10613485425710678
v 0.11390580236911774 5.454929351806641 -0.14961989223957062
v -0.009004408493638039 5.193060874938965 -0.13473482429981232
v 0.1267017424106598 5.428976058959961 0.02452370710670948
v 0.24507823586463928 5.606947422027588 -0.31094756722450256
v 0.6541591882705688 6.0594682693481445 0.384671151638031
v -0.2042963057756424 5.104055404663086 -0.23813031613826752
v -0.23826932907104492 4.712785243988037 -0.5496532917022705
v 0.7062534093856812 4.907902717590332 0.7609999775886536
v 0.7223643064498901 4.634990215301514 0.5135678648948669
v 1.034294605255127 5.4082932472229 0.2226189523935318
v 1.0027273893356323 4.850227355957031 0.5179800987243652
v 0.6952739953994751 4.327503681182861 0.2688256800174713
v 0.11170689016580582 5.424632549285889 -0.0007699879352003336
v 1.0483962297439575 4.407292366027832 -0.46873268485069275
v 0.3056415915489197 4.825320243835449 -1.3028203248977661
v 0.14113256335258484 5.010103702545166 0.4248307943344116
v 0.16455624997615814 5.558949947357178 -0.2651059329509735
v 0.94169682264328 5.821841239929199 0.2867691218852997
v 1.0436787605285645 4.775777339935303 0.332748144865036
v 0.35426992177963257 6.008376121520996 0.7059550285339355
v 1.1657439470291138 4.558528423309326 -0.6493173837661743
v 1.1902709007263184 4.713801383972168 -0.6585338711738586
v -0.29976686835289 6.311373233795166 0.5308616757392883
v 0.6130778789520264 4.754802227020264 -1.52350652217865
v 0.35840994119644165 4.22997522354126 -1.0218853950500488
v 0.3175622820854187 4.837062358856201 -1.313267707824707
v 0.9656563997268677 5.900089740753174 0.3071640133857727
v 0.39011016488075256 4.612650394439697 -1.528874158859253
v -0.21390585601329803 4.5361409187316895 -0.2616759240627289
v 0.7163606286048889 4.2531232833862305 0.2986392378807068
v 0.902720034122467 6.042557716369629 0.3891534209251404
v -0.1700195074081421 4.540339946746826 -0.5938938856124878
v 0.30488890409469604 4.811710357666016 0.6538159251213074
v 0.5988368988037109 4.772851467132568 -1.5342990159988403
v 0.9601683020591736 5.756023406982422 0.1267382800579071
v -0.23005467653274536 5.089543342590332 -0.4772621691226959
v 0.29189953207969666 4.1434736251831055 0.41034725308418274
v 1.1533279418945312 5.146434783935547 0.21686917543411255
v 0.28781136870384216 5.544548034667969 -0.04455342888832092
v 0.14742295444011688 4.338562488555908 -0.9990770220756531
v 0.03466334566473961 4.242095947265625 -0.8081692457199097
v 0.3367961049079895 6.436203956604004 0.08920343965291977
v 0.33409491181373596 4.846707820892334 -1.3231418132781982
v -0.20532363653182983 5.102028846740723 -0.263151615858078
v 0.17960157990455627 5.561347961425781 -0.28305086493492126
v 0.5089583992958069 4.2243452072143555 0.5162816047668457
v 0.17493553459644318 4.610645294189453 -1.3929033279418945
v 1.0832815170288086 5.125874042510986 -0.32563865184783936
v 0.2592281699180603 5.982548713684082 0.3947336673736572
v 0.25540274381637573 4.229230880737305 -0.9083261489868164
v 0.10343746095895767 5.570389270782471 -0.5493799448013306
v 1.0918569564819336 4.3165364265441895 -0.1608397215604782
v 0.2058156281709671 4.341207981109619 -1.0436266660690308
v 0.19631317257881165 4.673410415649414 -1.4165778160095215
v 0.44798433780670166 5.967315196990967 0.4938228726387024
v 0.6617910861968994 5.316901206970215 0.8335000276565552
v 0.889008104801178 4.455901622772217 0.2524557113647461
v 0.8702582120895386 5.7484941482543945 0.8313160538673401
v 0.16235722601413727 4.332466125488281 0.18062806129455566
v 0.395277202129364 4.242683410644531 -1.0662087202072144
v 0.09333153814077377 4.47937536239624 -1.0848642587661743
v 0.13258180022239685 6.5249834060668945 -0.13111209869384766
v 0.12668895721435547 5.518908977508545 -0.1911856234073639
v 0.21124067902565002 5.565518379211426 -0.28187036514282227
v -0.0025558986235409975 4.1875 0.05640007555484772
v 1.011088490486145 5.035024166107178 0.6396939158439636
v 0.18312053382396698 5.451624393463135 0.08420279622077942
v -0.13185200095176697 5.101223945617676 -0.07040397077798843
v -0.026863299310207367 4.428585052490234 -0.1288812905550003
v 0.1962445229291916 5.56281042098999 -0.26334667205810547
v 0.12794272601604462 4.575347900390625 -0.003500075079500675
v 0.043917134404182434 6.36586332321167 -0.3426401615142822
v 0.158817321062088 4.788000106811523 0.438333660364151
v 0.5861635208129883 6.028007984161377 0.41014745831489563
v 0.5845690369606018 6.068525791168213 0.11539384722709656
v 1.0501874685287476 4.824339389801025 -0.20990179479122162
v 1.1481677293777466 4.143373966217041 -0.4212845265865326
v 0.09837526082992554 4.443324089050293 -1.0622495412826538
v -0.35930556058883667 6.465137004852295 0.7031059265136719
v 0.4800766110420227 6.017067909240723 0.49209001660346985
v 0.5090600252151489 4.225029945373535 0.516510009765625
v 0.14444182813167572 4.693241596221924 -1.2809123992919922
v 1.0413707494735718 5.276443958282471 -0.0817221850156784
v 1.0081499814987183 4.348099708557129 -0.7444251775741577
v 0.42625051736831665 4.849712371826172 0.719954788684845
v 0.9763797521591187 5.3577046394348145 -0.09358435869216919
v 0.16652143001556396 4.752971172332764 -1.2992911338806152
v 0.9300206899642944 4.206180095672607 -0.8046790361404419
v 0.9024258852005005 5.973499774932861 0.2841322720050812
v 0.33658653497695923 5.133849620819092 0.6585091352462769
v 0.4225972890853882 6.274232387542725 0.23948734998703003
v 0.2364099770784378 4.857977867126465 -1.331259846687317
v 0.20843882858753204 4.822630405426025 -1.288341760635376
v -0.19431626796722412 6.0023603439331055 0.7041398882865906
v -0.13366271555423737 4.462302207946777 -0.7675234079360962
v 0.24090953171253204 4.840549945831299 -1.2910301685333252
v 0.9570918679237366 5.441023349761963 -0.22726431488990784
v 0.9713616967201233 4.818997859954834 0.5382286906242371
v 0.16760943830013275 4.706471920013428 -1.2817597389221191
v 0.875654399394989 6.044000148773193 0.3770155906677246
v 0.9995160698890686 5.746015548706055 0.13248439133167267
v 0.5076022148132324 6.258915901184082 0.11985526978969574
v 1.0387216806411743 5.984365463256836 0.46845290064811707
v 0.6644900441169739 4.451117038726807 0.21157722175121307
v 0.9074291586875916 6.0133490562438965 0.5765695571899414
v 1.056891918182373 5.201694011688232 -0.481711745262146
v 0.11898604780435562 5.481730937957764 -0.18878014385700226
v 0.6576407551765442 4.236469268798828 -1.0788230895996094
v 0.11202086508274078 5.436740875244141 0.012620286084711552
v -0.18816831707954407 4.53849983215332 -0.6596724987030029
v 0.9181146621704102 6.039597511291504 0.3974078893661499
v -0.054704152047634125 4.203499794006348 -0.2813876271247864
v 0.14579054713249207 5.544105052947998 -0.22158372402191162
v 0.06445616483688354 5.276732921600342 0.09426037967205048
v 0.35774827003479004 5.702034950256348 0.4175035059452057
v 0.6764641404151917 4.280900955200195 -1.0738686323165894
v 0.9175165891647339 4.616340160369873 0.17683090269565582
v 0.8489457964897156 5.3009867668151855 0.7987247109413147
v 0.434903621673584 5.634177207946777 0.7398555278778076
v 0.11955223232507706 5.511440277099609 -0.21583589911460876
v -0.020486759021878242 4.610884666442871 -0.0787925198674202
v -0.19093041121959686 4.537784576416016 -0.674870491027832
v 0.1315961629152298 5.442775726318359 -0.10969548672437668
v 0.5236377120018005 6.1046142578125 0.026003900915384293
v 0.403881311416626 4.570323944091797 0.3052057921886444
v 0.2658499479293823 4.440303802490234 -1.3409781455993652
v 0.12366423010826111 5.493366718292236 -0.16836464405059814
v 1.147018313407898 4.328128337860107 -0.2716054618358612
v 1.1530518531799316 4.1434478759765625 -0.38888975977897644
v 0.10450001806020737 5.499946594238281 -0.18655383586883545
v -0.21365708112716675 4.5365142822265625 -0.2594998776912689
v 0.6211029887199402 5.788479804992676 0.12822426855564117
v 0.41703924536705017 4.846920967102051 0.7166051268577576
v 0.16899769008159637 4.392549514770508 0.11643428355455399
v 1.1615337133407593 4.940300941467285 0.2633064389228821
v -0.20530536770820618 5.102084159851074 -0.262492299079895
v 1.0948994159698486 5.305413722991943 0.4086977541446686
v 0.2890006899833679 4.804934024810791 -1.2847341299057007
v 0.5235356688499451 5.080048561096191 -1.3010973930358887
v -0.0049220602959394455 4.937198638916016 0.044577859342098236
v 0.1744619458913803 4.715339660644531 -1.2479972839355469
v -0.11145292967557907 5.234458923339844 -0.6761055588722229
v -0.10058081150054932 5.259687900543213 -0.6139360070228577
v 0.7785670161247253 4.15426778793335 0.33688193559646606
v 0.11238403618335724 5.47833251953125 -0.13744878768920898
v 1.116769552230835 4.755038738250732 -0.8164209127426147
v 0.11264495551586151 5.44124174118042 -0.047016263008117676
v -0.059833161532878876 4.181666851043701 -0.1231648176908493
v 0.21136710047721863 4.7765631675720215 -1.2709304094314575
v 0.2124709039926529 4.767732620239258 -1.2741038799285889
v 0.11228564381599426 5.049912452697754 -1.1475633382797241
v 0.053335268050432205 5.525968551635742 -0.6296270489692688
v 0.50059974193573 5.718865871429443 -0.38047584891319275
v 1.12519371509552 4.886771202087402 0.28726840019226074
v 1.0206211805343628 5.992189407348633 0.46136796474456787
v 1.1553682088851929 4.230840682983398 -0.23388738930225372
v 0.1745760142803192 4.703126907348633 -1.2672593593597412
v 0.23021744191646576 4.3792948722839355 0.276473730802536
v 1.166933298110962 4.56008768081665 -0.7117876410484314
v 0.2669012248516083 4.144690990447998 0.3830190896987915
v 0.892721951007843 5.363259315490723 -0.935722827911377
v -0.2890775501728058 4.961523056030273 -0.1807054579257965
v 0.5317111015319824 5.611197471618652 0.8542321920394897
v 0.7062476277351379 4.633389472961426 0.5218111872673035
v 0.4889240264892578 5.720810413360596 -0.3792138397693634
v 0.7176412343978882 4.267119884490967 -1.0461888313293457
v 0.5716038942337036 5.601981163024902 0.8928304314613342
v 0.9715253710746765 4.738942623138428 -1.0392847061157227
v 0.6765854954719543 4.390712261199951 0.241963729262352
v 1.1612110137939453 4.562096118927002 -0.7305980324745178
v 0.8223607540130615 5.646468162536621 -0.6394367218017578
v 0.18050001561641693 4.791528701782227 -1.3049051761627197
v 0.4224247634410858 4.2502312660217285 -1.0861248970031738
v 0.5422563552856445 5.4367570877075195 -1.159378170967102
v 0.3501024842262268 5.069180488586426 -1.2574880123138428
v 0.1213231012225151 5.431537628173828 -0.09748464077711105
v 0.10520230978727341 5.464278221130371 -0.12224103510379791
v 0.15600645542144775 4.668651580810547 -1.255210041999817
v 1.0171716213226318 5.0435404777526855 0.6323941349983215
v 0.9861470460891724 4.161923885345459 0.3077734708786011
v 0.2123883068561554 5.566868305206299 -0.2815328538417816
v 0.6478130221366882 6.0562005043029785 0.39242443442344666
v 0.42863160371780396 5.600944519042969 -0.11057436466217041
v 0.9417427778244019 5.358283996582031 -0.8218117952346802
v 0.4520612061023712 5.627075672149658 0.764248251914978
v 0.5004837512969971 6.036985874176025 0.5192286968231201
v -0.037084583193063736 6.286543846130371 0.8011375069618225
v 0.6769962906837463 5.922743797302246 0.19957990944385529
v 0.15952616930007935 4.330415725708008 0.17516295611858368
v 1.1582491397857666 4.935373783111572 0.265112966299057
v -0.023991422727704048 6.2833170890808105 0.8010203838348389
v -0.21675421297550201 4.8352155685424805 -0.5608450770378113
v -0.04225119203329086 4.604903697967529 -0.08227967470884323
v 0.34490537643432617 6.122115135192871 0.6859171986579895
v 1.000535249710083 4.372437953948975 -0.13797320425510406
v 1.2550435066223145 4.82180118560791 -0.4858298897743225
v 0.11154909431934357 5.501950740814209 -0.17477308213710785
v 0.11926790326833725 4.626803398132324 -1.1916518211364746
v -0.13467371463775635 4.3882365226745605 -0.4825155436992645
v 0.21789348125457764 4.820356369018555 -1.3341435194015503
v 0.1922621876001358 4.720066070556641 0.24306043982505798
v 0.1531807780265808 4.685367584228516 -1.2745014429092407
v 0.23615390062332153 4.818476676940918 -1.336023211479187
v 0.30791011452674866 4.407728672027588 0.34786802530288696
v 0.8668636679649353 5.806694984436035 0.26864930987358093
v 0.14999115467071533 4.665991306304932 -1.2599908113479614
v -0.06438534706830978 4.202499866485596 -0.2547660768032074
v 0.40440797805786133 5.890834808349609 0.47485145926475525
v 0.32025662064552307 4.3094706535339355 -1.1911673545837402
v 0.13300159573554993 5.531193733215332 -0.23539121448993683
v -0.21847952902317047 4.730380058288574 -0.7103244662284851
v 0.22242815792560577 5.6017069816589355 -0.29405757784843445
v -0.1495463252067566 5.994365215301514 0.7126345634460449
v 0.4045430123806 4.829807758331299 -1.5441924333572388
v 0.3198659420013428 5.505489826202393 0.47444865107536316
v 0.9769241213798523 4.50892972946167 -0.23605439066886902
v -0.12576322257518768 4.46342134475708 -0.7863288521766663
v 0.6335765719413757 4.742598056793213 -1.3510245084762573
v 0.11317859590053558 5.437370300292969 0.01910349167883396
v 0.17428997159004211 4.728438854217529 -1.294242024421692
v 0.1149907037615776 5.470514297485352 -0.17594864964485168
v 1.0242763757705688 5.298609733581543 -0.08300001174211502
v 0.46082592010498047 5.362468719482422 0.7339138984680176
v 1.3335000276565552 5.5865631103515625 0.5303117036819458
v 0.08827965706586838 4.706636428833008 0.024646805599331856
v -0.23823699355125427 4.712845325469971 -0.5498148202896118
v 0.15591086447238922 4.668874740600586 -1.2545726299285889
v 0.6597291231155396 4.640127182006836 0.550050675868988
v 0.09039564430713654 5.01141881942749 0.36326807737350464
v 0.1251469999551773 5.440074920654297 -0.11935627460479736
v 0.22269219160079956 6.495903968811035 -0.07705453038215637
v 0.40795302391052246 5.846779823303223 0.6545976996421814
v 0.6203744411468506 5.082165241241455 -1.2966563701629639
v -0.2418959140777588 4.976278781890869 -0.11073312163352966
v 0.18559421598911285 4.165975093841553 0.26815369725227356
v 0.2093164175748825 5.594911575317383 -0.3009490668773651
v 1.2672755718231201 4.867183685302734 -0.5498571395874023
v -0.06436429917812347 6.235509395599365 0.8162100911140442
v 1.237290382385254 5.385173797607422 0.6355931758880615
v -0.04728170111775398 4.204358100891113 -0.3049416244029999
v 0.40726396441459656 5.89834451675415 0.4726833701133728
v 1.006395697593689 5.028994560241699 0.6443789601325989
v 1.0730364322662354 4.811311721801758 0.3144771158695221
v 0.124402716755867 5.485401153564453 -0.19139766693115234
v 0.963121771812439 5.3759236335754395 -0.09736347198486328
v 0.2783239483833313 6.163663387298584 -0.19729158282279968
v 1.0515871047973633 5.363649368286133 0.2889666259288788
v 0.10796032100915909 5.413910865783691 0.011302076280117035
v 1.0138404369354248 4.435143947601318 0.12086046487092972
v -0.2000817209482193 6.246947288513184 0.5136432647705078
v 0.7559527158737183 5.592523574829102 0.9700000882148743
v 1.0872035026550293 4.162072658538818 0.041255053132772446
v -0.37038102746009827 6.465522289276123 0.6900293231010437
v 1.0449999570846558 4.427419662475586 -0.36214014887809753
v 0.8055514097213745 5.302847862243652 0.8222402334213257
v 0.38297322392463684 5.650844097137451 0.6007053256034851
v 0.17560163140296936 5.552429676055908 -0.2769107520580292
v 0.942054033279419 5.461005687713623 -0.22799991071224213
v 0.5373504161834717 4.26471471786499 -1.1018577814102173
v 1.0209475755691528 5.302353382110596 -0.08320044726133347
v 0.11741003394126892 5.4458088874816895 -0.0473988801240921
v 0.5463753342628479 5.75895881652832 0.17331860959529877
v 0.21189461648464203 4.772342681884766 -1.272447109222412
v -0.0832127034664154 4.44359016418457 -0.8612287640571594
v -0.09170415997505188 5.271159648895264 -0.55372154712677
v 0.236509770154953 4.7866668701171875 -1.3045425415039062
v -0.007086494471877813 5.255700588226318 -0.9510986804962158
v 0.1436677873134613 4.788799285888672 0.4009706676006317
v 0.11083251982927322 6.234412670135498 0.7513250112533569
v 1.022056221961975 4.1576924324035645 0.2832604944705963
v 0.9313399791717529 5.52226448059082 0.11961787939071655
v 0.11768545210361481 5.458489894866943 -0.15873607993125916
v 1.0946747064590454 4.300158977508545 -0.15050801634788513
v 0.1422421634197235 4.34542179107666 -1.0042811632156372
v 0.5986291766166687 4.885103225708008 0.7705382704734802
v 0.10567225515842438 5.4966721534729 -0.17561350762844086
v 0.10005589574575424 5.440620422363281 0.036407794803380966
v 0.1771346628665924 4.298829078674316 0.18711405992507935
v 0.4757082164287567 5.619993686676025 0.7943769097328186
v 0.122883640229702 6.274989128112793 -0.3029927611351013
v 0.3499992787837982 5.069177150726318 -1.2574512958526611
v 0.1607283651828766 5.53408145904541 -0.2316453903913498
v 0.010218989104032516 6.4076762199401855 -0.34062278270721436
v 0.9498913288116455 5.295019149780273 0.7369183301925659
v 0.966126024723053 4.441103458404541 -0.2295808643102646
v 0.24317751824855804 5.6172003746032715 -0.29445919394493103
v -0.18302759528160095 4.898837566375732 -0.7661721110343933
v 1.0222135782241821 4.374931812286377 -0.612277090549469
v 1.1520705223083496 4.925796031951904 0.2690843641757965
v 0.1678743213415146 4.759944915771484 0.22285182774066925
v 0.12235923111438751 5.529772758483887 -0.21175257861614227
v 0.7169683575630188 5.774531841278076 0.8136703968048096
v 1.0116863250732422 4.194575786590576 -0.6676169037818909
v -0.053041886538267136 5.255143642425537 -0.3187691867351532
v 0.4505586624145508 5.3696112632751465 0.7249859571456909
v 0.10013624280691147 5.415273189544678 0.02729525789618492
v 1.1163873672485352 4.2466254234313965 0.268582284450531
v 1.0663892030715942 4.187259197235107 0.2528681755065918
v 0.8937885761260986 5.857252597808838 0.8836959600448608
v 1.093880295753479 5.0877532958984375 -0.26537320017814636
v 1.0191854238510132 5.3053812980651855 -0.6995801329612732
v 1.1936547756195068 4.712789535522461 -0.6676268577575684
v 0.2621647119522095 4.145514965057373 0.3766349256038666
v 0.8750167489051819 4.592640399932861 0.18862347304821014
v 0.3598979711532593 6.409393787384033 0.12929606437683105
v -0.10981827229261398 5.239556789398193 -0.6657053232192993
v 0.6459425091743469 5.371859073638916 -1.1863017082214355
v 0.9942091107368469 4.445287227630615 0.14900648593902588
v 0.22166723012924194 4.374600410461426 0.2661207318305969
v 0.4670927822589874 5.751251220703125 -0.6462444067001343
v -0.051895543932914734 4.182820796966553 -0.06823137402534485
v 0.4644838571548462 5.75139856338501 -0.6445257663726807
v 1.064719796180725 4.152669906616211 0.2424580603837967
v 0.26183000206947327 5.981094837188721 0.3940449357032776
v 0.5992079377174377 4.774763107299805 -1.3562644720077515
v 1.010947346687317 5.300899505615234 -0.2299823760986328
v -0.41170525550842285 6.144011497497559 0.6573883295059204
v 0.880721390247345 4.8241496086120605 -1.1371393203735352
v 0.46420177817344666 4.550368309020996 0.3058384954929352
v -0.04448104277253151 4.200480937957764 -0.4916316270828247
v 0.5674468874931335 4.407375335693359 0.3040023148059845
v -0.1440970003604889 4.440969944000244 -0.69521564245224
v 0.1603865623474121 4.761748313903809 -1.293844223022461
v 0.1624862253665924 5.556838512420654 -0.2616063058376312
v 0.5203585028648376 4.823240280151367 -1.356484293937683
v 0.1135571300983429 5.42531681060791 -0.02437918446958065
v 0.2769911289215088 5.15229606628418 0.6186745166778564
v 0.8311086893081665 4.161301136016846 0.3463253378868103
v 0.04892197251319885 6.402649879455566 -0.1469791829586029
v 0.13209736347198486 5.412609577178955 -0.00014633014507126063
v 1.2532868385314941 5.569073677062988 0.7220367193222046
v 0.19688183069229126 5.551255702972412 -0.2722862660884857
v 0.10217789560556412 5.482800006866455 -0.16317687928676605
v 0.19194123148918152 4.286199569702148 -0.9015098214149475
v 0.1041528508067131 5.454388618469238 -0.1296185851097107
v 0.10340233147144318 5.418909549713135 0.03740977123379707
v 0.8844242691993713 5.856997489929199 0.26149991154670715
v 0.16893528401851654 4.757340908050537 0.2237197458744049
v 0.970943808555603 4.453912258148193 0.17764899134635925
v 1.3260318040847778 5.642000198364258 0.3661700189113617
v 0.14409026503562927 4.715083599090576 -1.2840851545333862
v 0.19683542847633362 4.7361040115356445 -1.2897329330444336
v 0.22770680487155914 4.791125297546387 -1.3265137672424316
v 0.3727920949459076 4.145065784454346 0.46171167492866516
v -0.026784563437104225 4.609908103942871 -0.07955023646354675
v -0.19952541589736938 6.003290176391602 0.7032096982002258
v 0.15659360587596893 5.973453044891357 0.7154843211174011
v 0.19952179491519928 4.819577693939209 -1.3134781122207642
v 0.7654295563697815 5.627253532409668 0.09570254385471344
v 1.105037808418274 4.151425838470459 -0.1825757920742035
v 1.035460352897644 4.414470195770264 0.07915359735488892
v 0.6744393706321716 5.315185546875 0.8335000276565552
v 0.9369999170303345 4.235811233520508 0.37769168615341187
v 0.49152672290802 5.632605075836182 -0.9339475631713867
v 0.4094295799732208 4.140936851501465 0.46956315636634827
v 0.2395000159740448 5.588568210601807 -0.3037049472332001
v 0.0334351509809494 5.34978723526001 -0.24857868254184723
v 1.0830190181732178 5.126924514770508 -0.32760822772979736
v 0.21272699534893036 6.245622158050537 0.07980260252952576
v 0.4388279616832733 5.955810546875 0.4874657690525055
v 0.14402183890342712 4.727220058441162 -1.2825422286987305
v -0.24538595974445343 6.016645431518555 0.6937364339828491
v -0.15476341545581818 5.093867778778076 -0.8729479908943176
v 0.12929928302764893 5.532222270965576 -0.23004339635372162
v 0.7789938449859619 5.872376918792725 0.2553114593029022
v 1.0291725397109985 5.988212585449219 0.4649885296821594
v 0.050484444946050644 6.252575397491455 0.7753638625144958
v -0.23986628651618958 5.087855339050293 -0.5224759578704834
v 0.15191927552223206 5.532368183135986 -0.21891938149929047
v 1.1926854848861694 4.718391418457031 -0.6295724511146545
v 1.010414719581604 4.349609851837158 -0.7357431650161743
v 0.47081732749938965 4.132846355438232 0.4767404794692993
v 0.30929115414619446 4.219644069671631 -0.9552208781242371
v 1.1218552589416504 5.095227241516113 0.11709768325090408
v 0.12520436942577362 5.425693035125732 -0.07339722663164139
v 0.8020071387290955 6.036653995513916 0.55414217710495
v 0.3550393283367157 5.434554576873779 0.5965244770050049
v 0.11325722187757492 5.430242538452148 -0.07487870752811432
v 0.1921536922454834 5.470514297485352 0.07563915848731995
v 0.9578998684883118 4.978021621704102 0.6753652691841125
v 0.028118161484599113 4.185595512390137 0.0926181972026825
v 0.4736694395542145 5.461076259613037 -1.122084617614746
v 1.187187671661377 5.691565036773682 0.24368774890899658
v 0.581096887588501 4.260260105133057 -1.090898036956787
v 0.13737277686595917 5.417613506317139 0.0015181894414126873
v 0.10143554955720901 4.431475639343262 -1.0566073656082153
v 0.9410480260848999 4.258739471435547 0.368904173374176
v 0.501857340335846 5.61669921875 0.8223572969436646
v 1.2095342874526978 4.7152533531188965 -0.541233479976654
v 0.39066529273986816 5.826468467712402 0.6198148131370544
v 1.2622474431991577 4.833246231079102 -0.5038689970970154
v 0.3728625774383545 6.103301525115967 0.6772671937942505
v 0.9804832339286804 4.9981913566589355 0.6659324169158936
v 0.12016783654689789 5.432998180389404 0.03622325137257576
v 0.9600690007209778 5.49559211730957 0.1373058706521988
v 0.3370969891548157 5.951176166534424 0.7055000066757202
v 0.6883503794670105 6.044224739074707 0.3263240158557892
v 0.9828467965126038 4.162246227264404 0.3098534941673279
v 0.3677757680416107 4.6151018142700195 -1.5210919380187988
v 0.2330954372882843 5.5852556228637695 -0.29908400774002075
v 0.9613195657730103 4.394786834716797 -0.9250413775444031
v 0.17602279782295227 5.164170742034912 0.5025835037231445
v 0.222799614071846 4.833176136016846 -1.335976004600525
v 0.7196542024612427 4.634796619415283 0.5149230360984802
v 1.1249903440475464 5.110782146453857 0.122660331428051
v 1.3247872591018677 5.533859729766846 0.5733552575111389
v -0.05843954533338547 4.1810302734375 -0.11201631277799606
v 0.5201860070228577 5.338872909545898 0.7891859412193298
v 0.3972039222717285 5.5973005294799805 -0.10363442450761795
v 0.3298834562301636 5.47178316116333 0.519116997718811
v 0.09364841878414154 4.472977161407471 -1.0799221992492676
v 0.18395279347896576 5.552151203155518 -0.28052958846092224
v 0.9228315353393555 4.460694313049316 0.22875133156776428
v 0.5766464471817017 6.046329021453857 0.19391457736492157
v 0.7583465576171875 4.510287761688232 0.2082793265581131
v 1.119835376739502 4.366689682006836 0.19720709323883057
v 0.9039567708969116 5.365615367889404 -0.9109711647033691
v 0.4398675262928009 5.8860578536987305 0.6964514851570129
v 1.045282006263733 5.684814453125 0.8168832063674927
v 0.3234167993068695 5.951541423797607 0.3840096890926361
v 0.9591753482818604 4.852606296539307 -1.0830539464950562
v 0.3882458508014679 6.131824970245361 -0.13192911446094513
v 0.152924045920372 5.556044101715088 -0.24289873242378235
v -0.13336001336574554 4.361999988555908 -0.39238035678863525
v -0.14267706871032715 4.455258369445801 -0.735114574432373
v 0.9119144082069397 4.164726257324219 0.34123873710632324
v 0.8128615021705627 5.83729887008667 0.8791855573654175
v 0.1277104914188385 5.496680736541748 -0.2021968513727188
v 0.21901856362819672 5.164132118225098 0.5572260618209839
v 0.12440132349729538 4.341153621673584 -0.9196830987930298
v -0.21050699055194855 4.980841159820557 -0.08884494751691818
v 0.1528439223766327 6.038288593292236 0.4221838414669037
v 1.0584402084350586 4.911176681518555 0.494107723236084
v 0.7339599132537842 5.549953937530518 -1.0178046226501465
v 0.19314105808734894 5.54954719543457 -0.2798120677471161
v 0.4110235273838043 4.844937324523926 0.714543342590332
v 0.18229493498802185 4.293028831481934 -0.9053228497505188
v -0.011980907991528511 4.910726070404053 0.043837547302246094
v 0.888739824295044 6.043548583984375 0.3829183280467987
v 0.2076740264892578 4.795379638671875 -1.326155662536621
v 0.39527881145477295 5.929836273193359 0.2993772029876709
v 0.5854629278182983 6.0677809715271 0.11653589457273483
v 0.16631293296813965 4.173671722412109 0.21123649179935455
v 0.8763755559921265 5.868359088897705 0.887781023979187
v 1.1601895093917847 4.938284397125244 0.26404568552970886
v 0.10210474580526352 5.46399450302124 -0.14851287007331848
v 0.25746890902519226 6.172885894775391 -0.20886674523353577
v 0.13590343296527863 4.699149131774902 -1.2804034948349
v 0.15250921249389648 6.241490840911865 -0.2791490852832794
v 0.4436984360218048 6.125919342041016 -0.07722102105617523
v 0.18731363117694855 6.212910175323486 -0.25232815742492676
v 0.24468231201171875 4.811970233917236 -1.32906973361969
v 0.10542669892311096 5.497764587402344 -0.17823274433612823
v 0.19653454422950745 4.794123649597168 0.5091533064842224
v 0.13030609488487244 4.715767860412598 -1.2445778846740723
v 0.16590528190135956 4.4542670249938965 -1.310878872871399
v -0.06050129234790802 4.18200159072876 -0.12851478159427643
v 0.14777570962905884 4.739960193634033 -1.2516731023788452
v 0.8251705169677734 5.627312183380127 -0.6106356382369995
v 0.6226611137390137 4.248946189880371 -1.0831025838851929
v 0.52732914686203 4.884059906005859 0.7410297989845276
v 0.5439090132713318 4.264542102813721 -1.1011674404144287
v 0.993793785572052 5.330110549926758 -0.7353012561798096
v 0.9830216765403748 4.525832176208496 -0.2394663542509079
v 0.09388075768947601 4.469027996063232 -1.0766701698303223
v 0.08134745061397552 4.184000015258789 0.1382565051317215
v 0.15055102109909058 5.554122447967529 -0.24326545000076294
v 0.2054716795682907 6.010246276855469 0.40940842032432556
v 0.674655020236969 6.067655086517334 0.5187930464744568
v 0.8693834543228149 6.044000148773193 0.37475794553756714
v 1.1000571250915527 5.297632694244385 0.42984864115715027
v -0.37196722626686096 6.102883338928223 0.6692898273468018
v 0.34982407093048096 4.617496490478516 -1.513910174369812
v 0.10977726429700851 5.46845817565918 -0.12216713279485703
v 0.9797648191452026 5.78198766708374 0.3181765079498291
v 0.4763718247413635 4.8232831954956055 -1.5521444082260132
v 0.26167187094688416 4.819812297821045 -1.3106328248977661
v 0.4584788680076599 6.325477600097656 0.07716360688209534
v -0.057336919009685516 4.437827110290527 -0.8833451271057129
v 0.017660990357398987 4.4593305587768555 -0.07733896374702454
v 0.3444378077983856 6.428333282470703 -0.0038747424259781837
v 0.335638165473938 5.068218231201172 -1.252632975578308
v 0.39580053091049194 5.641822338104248 0.65931236743927
v 0.596153199672699 5.3260602951049805 0.8285185098648071
v 0.8985061049461365 5.555612087249756 0.10566861182451248
v 0.7979817986488342 5.646107196807861 -0.43915340304374695
v 0.1315971165895462 5.442781448364258 -0.10969655960798264
v 0.3963055908679962 4.24307918548584 -1.0671976804733276
v 1.214661717414856 5.678653717041016 0.2691924273967743
v -0.0006410995847545564 4.237429141998291 -0.7430027723312378
v 0.9952821731567383 5.874826431274414 0.3164999485015869
v 1.1200000047683716 4.904439449310303 0.020124373957514763
v -0.17198973894119263 6.365543842315674 0.791634202003479
v 0.8723840117454529 4.832517147064209 -1.1417092084884644
v 0.3848342001438141 4.143912315368652 0.46494749188423157
v 0.2339393049478531 4.818704605102539 -1.3357951641082764
v 0.10115261375904083 4.250500202178955 -0.864081859588623
v 0.12224257737398148 5.461270332336426 -0.1529446393251419
v 0.47463491559028625 5.998825550079346 0.5061190128326416
v 0.08533849567174911 4.363194942474365 -0.926711916923523
v 1.0281587839126587 4.763302803039551 -0.23062364757061005
v 0.11098054051399231 5.458525657653809 -0.10392380505800247
v 0.3535446524620056 6.417798042297363 0.11830288916826248
v 0.12804755568504333 5.45512056350708 -0.13537737727165222
v 0.939409077167511 5.911650657653809 0.2981986105442047
v 0.13340622186660767 6.048366546630859 0.42670950293540955
v 0.18169093132019043 4.73271369934082 0.23494386672973633
v 0.16610121726989746 5.381765365600586 0.12619024515151978
v 1.029860019683838 4.762918949127197 0.33934950828552246
v 0.822230339050293 5.522625923156738 -0.10731299221515656
v 0.9922038316726685 5.466958999633789 0.16136664152145386
v 1.055100917816162 5.731922149658203 0.14772629737854004
v 0.192930206656456 5.576606750488281 -0.293041855096817
v 0.14958555996418 4.73422908782959 -1.2462432384490967
v 1.023751974105835 4.175522804260254 -0.10503190755844116
v 0.08655326068401337 5.042759418487549 -1.113755464553833
v 0.3739379048347473 4.418205738067627 -1.3374834060668945
v 0.9105194807052612 4.459469318389893 0.23818439245224
v 0.6564192175865173 5.702882289886475 -0.40336236357688904
v 0.5539500713348389 5.710699558258057 -0.3882499933242798
v -0.22824880480766296 4.7242512702941895 -0.6165739297866821
v 0.12859012186527252 5.488473892211914 -0.18329375982284546
v 0.9583662748336792 4.847885608673096 -1.0831888914108276
v 0.17211812734603882 4.342527389526367 0.15487420558929443
v 0.15967902541160583 4.6868791580200195 -1.2716301679611206
v 0.2652910351753235 4.830232620239258 -1.3313941955566406
v 0.4577166438102722 5.9277167320251465 0.34833550453186035
v -0.1362944096326828 4.400238990783691 -0.5121554136276245
v 0.0931391566991806 4.507113456726074 -1.1070436239242554
v 0.47987401485443115 5.354125499725342 0.7498739957809448
v 0.13576315343379974 4.668727874755859 -1.2340223789215088
v 1.0013924837112427 5.425465106964111 -0.5256786942481995
v 0.5114603638648987 6.029222011566162 0.6540163159370422
v -0.18346348404884338 4.888375759124756 -0.7530950307846069
v 1.0704268217086792 5.331463813781738 0.34962213039398193
v 0.6877756714820862 5.582153797149658 -1.0121073722839355
v 0.33502933382987976 5.942698955535889 0.41265541315078735
v 0.09378773719072342 4.470609188079834 -1.077972173690796
v 0.13371913135051727 5.437130928039551 -0.0954400822520256
v 0.9848041534423828 4.644210338592529 0.1634528785943985
v 0.9048840403556824 5.781304836273193 0.8483262062072754
v 0.11183278262615204 5.435215473175049 -0.06426084041595459
v 0.16634397208690643 4.17366361618042 0.211383655667305
v 0.13779643177986145 4.712945938110352 -1.2367808818817139
v 0.10315871238708496 4.663387775421143 0.014363864436745644
v 1.2421526908874512 4.893448829650879 -0.5810489654541016
v 0.1827395260334015 4.73062801361084 -1.2903258800506592
v 0.5235779881477356 5.990684986114502 0.38379183411598206
v 0.7916979789733887 5.852901935577393 0.2577992081642151
v 1.0704662799835205 5.727025508880615 0.1532330960035324
v 0.18117040395736694 4.794309139251709 -1.3009682893753052
v 1.0167752504348755 4.35297966003418 -0.7156944870948792
v 1.1110866069793701 4.151007652282715 -0.19471251964569092
v 0.46289175748825073 5.860804080963135 0.2932882010936737
v 1.0336997509002686 4.397099494934082 -0.5330758690834045
v 0.6949744820594788 5.577741622924805 -1.0128039121627808
v 0.9250320792198181 5.296335220336914 0.75362628698349
v 0.35293516516685486 5.127532005310059 0.6678955554962158
v 0.6440191268920898 4.646622180938721 0.5619199275970459
v -0.05006302520632744 4.22381067276001 -0.6324523091316223
v 0.47774502635002136 5.749587059020996 -0.6545663475990295
v 1.158673644065857 4.253072261810303 -0.24436774849891663
v 0.51301509141922 4.243378162384033 0.5210150480270386
v 0.12524893879890442 5.420073986053467 -0.05258664861321449
v 1.1345224380493164 5.566291809082031 0.7317808270454407
v 0.9646320343017578 4.4342360496521 -0.21179920434951782
v 1.0657778978347778 5.337832927703857 0.336333692073822
v 0.08903371542692184 4.183688640594482 0.14491136372089386
v 0.21613122522830963 4.763000011444092 -1.3075580596923828
v 1.3335665464401245 5.588465213775635 0.5286675691604614
v 0.6787944436073303 4.3626203536987305 -1.1868102550506592
v 1.0993155241012573 5.707184314727783 0.3776491582393646
v 0.8931803703308105 5.2986273765563965 0.7721826434135437
v 0.4352084696292877 4.410605430603027 -1.3466838598251343
v -0.23903025686740875 5.087994575500488 -0.5181565284729004
v 0.01681111380457878 6.5270676612854 -0.21332406997680664
v 0.9209108948707581 5.973003387451172 0.28648918867111206
v 0.6132742762565613 6.036432266235352 0.4169774055480957
v 0.9581209421157837 5.439245223999023 -0.22717086970806122
v 0.09410826861858368 4.51468563079834 -1.114113450050354
v -0.06334513425827026 4.600244998931885 -0.08492039144039154
v 0.047041114419698715 4.381901264190674 -0.9253934621810913
v 0.11781177669763565 5.436036109924316 -0.011995827779173851
v 0.7047352194786072 4.616063117980957 -1.3135251998901367
v 1.0247300863265991 4.39164400100708 -0.5652522444725037
v 1.3014109134674072 5.644107818603516 0.34298941493034363
v 1.3028143644332886 5.517743110656738 0.6802290678024292
v 0.11121685802936554 5.437536239624023 -0.0907711312174797
v -0.25642770528793335 6.432010173797607 0.7841290235519409
v 0.45473307371139526 6.079598426818848 0.6700984835624695
v 0.3821687698364258 5.655149936676025 0.5865558385848999
v 0.11014258861541748 5.3148698806762695 0.3151632845401764
v 0.379795640707016 4.578056335449219 0.3034858703613281
v 0.8460288047790527 6.025661945343018 0.5635058283805847
v 0.10796601325273514 5.484015464782715 -0.18856337666511536
v 0.2330097258090973 4.781655788421631 -1.2929415702819824
v -0.15036053955554962 5.113452911376953 -0.8527913689613342
v 0.19317962229251862 5.554534912109375 -0.26150771975517273
v 1.056117057800293 5.354063987731934 0.3050635755062103
v 0.4883665442466736 6.179308891296387 0.303204208612442
v -0.3963549733161926 6.12669038772583 0.6623258590698242
v 0.31976035237312317 5.546123027801514 0.41606178879737854
v 1.1935232877731323 4.712798595428467 -0.6674342751502991
v -0.3005635738372803 4.954060077667236 -0.21538110077381134
v 0.17210544645786285 5.5606608390808105 -0.27215394377708435
v 0.7110111117362976 5.310570240020752 0.8335000276565552
v 0.12911097705364227 5.424277305603027 0.022666698321700096
v 0.8332514762878418 4.744586944580078 0.6133260726928711
v 1.0093828439712524 4.302436828613281 -0.09692951291799545
v 0.15578797459602356 4.669161319732666 -1.253753423690796
v 1.1275349855422974 4.977549076080322 -0.8700934052467346
v 0.104056715965271 5.461741924285889 -0.15376809239387512
v 1.0637255907058716 4.171374797821045 -0.016898727044463158
v 0.16252532601356506 5.556728839874268 -0.2618722915649414
v 0.15966343879699707 4.511605739593506 -1.351721167564392
v 0.1595032811164856 4.516892910003662 -1.3544448614120483
v 0.2701895534992218 6.472021102905273 -0.04655738174915314
v 0.12454096227884293 5.409605979919434 -0.007164467591792345
v 0.023343516513705254 6.112936973571777 0.4645751714706421
v 1.007946252822876 5.30914306640625 -0.22915463149547577
v 1.1074436902999878 4.977887153625488 0.46191319823265076
v 1.196684718132019 4.720273494720459 -0.6125838756561279
v 0.2853658199310303 5.693821430206299 -0.555306077003479
v 0.6600838303565979 5.361567974090576 -1.190608024597168
v 0.449232280254364 5.370215892791748 0.7240681648254395
v -0.13405005633831024 4.367225170135498 -0.42575088143348694
v 0.28591686487197876 6.126632213592529 0.17491202056407928
v 0.7807170152664185 5.592871189117432 0.967485249042511
v 0.16103042662143707 4.749587535858154 -1.2909265756607056
v 0.9721870422363281 4.48455810546875 -0.2353127896785736
v 0.004103254061192274 6.193948745727539 0.7984189987182617
v 0.6025805473327637 4.660467147827148 0.5880510210990906
v 0.37546053528785706 5.810500144958496 0.5578029155731201
v 0.43452465534210205 4.827859878540039 -1.5472805500030518
v 1.0836091041564941 5.672978401184082 0.8029564619064331
v 0.6045544147491455 6.033816337585449 0.41610538959503174
v 0.0022532267030328512 4.1875 0.06249314546585083
v 0.37494269013404846 5.926245212554932 0.43565404415130615
v 0.2762337327003479 5.974460124969482 0.3913070857524872
v -0.40986642241477966 6.4527668952941895 0.6161231398582458
v 0.7286221385002136 5.6760663986206055 -0.4162222146987915
v 0.17212790250778198 6.223748207092285 -0.2622480094432831
v 1.078770637512207 4.170884132385254 -0.5604972839355469
v 1.1117708683013916 4.867979526519775 0.2946508824825287
v 0.1265154778957367 5.464639663696289 -0.1548759788274765
v 0.06767380982637405 5.038904666900635 -1.0953093767166138
v 0.15900830924510956 5.5315704345703125 -0.24549992382526398
v 0.18462178111076355 4.720907211303711 -1.2492382526397705
v 0.45281118154525757 6.331660270690918 0.07226886600255966
v -0.06851045042276382 5.267013072967529 -0.38758862018585205
v 1.3339896202087402 5.5722575187683105 0.5432527661323547
v 0.7011191248893738 6.0046210289001465 0.27674055099487305
v 0.7021322846412659 4.3331990242004395 -1.105266809463501
v 0.9979166388511658 4.3863606452941895 -0.148555189371109
v 1.018447995185852 4.7388715744018555 -0.2345200628042221
v 0.2934653162956238 5.964948654174805 0.40048837661743164
v 0.16961704194545746 4.690446376800537 -1.2532247304916382
v 0.1687481552362442 4.576614856719971 -1.3829963207244873
v 0.9688900113105774 5.487723350524902 0.14320731163024902
v 0.917309045791626 4.415289402008057 -1.0101909637451172
v 0.32836276292800903 5.475476264953613 0.5141206383705139
v 1.044951319694519 5.077504634857178 0.6038641929626465
v 0.6890002489089966 5.7992119789123535 0.11618185043334961
v 0.16719341278076172 4.774541854858398 -1.2815545797348022
v 0.15068216621875763 4.691960334777832 -1.23346745967865
v 0.7881599068641663 5.7430853843688965 0.8237490057945251
v -0.3045000433921814 4.944218635559082 -0.27436113357543945
v 0.1319487988948822 5.499561786651611 -0.18789762258529663
v 0.09991614520549774 6.386137008666992 -0.06507226079702377
v 0.2099161297082901 4.2338714599609375 -0.8937873840332031
v 0.4515896439552307 5.469636917114258 -1.1104174852371216
v 0.13067463040351868 4.693840026855469 -1.2782189846038818
v 1.0421814918518066 4.774850368499756 0.3334611654281616
v 0.05561678484082222 4.184494972229004 0.11761671304702759
v 0.16042566299438477 4.487729549407959 -1.3391891717910767
v 0.13569268584251404 5.531337261199951 -0.20613686740398407
v 0.248927503824234 5.618372917175293 -0.3094911277294159
v 0.800800621509552 5.840734958648682 0.8785118460655212
v 0.22603702545166016 4.856009483337402 -1.3132565021514893
v 1.0924720764160156 5.091622352600098 -0.27067288756370544
v 0.5133317708969116 5.846296787261963 0.2581740915775299
v 1.2322062253952026 5.803293704986572 0.5324413180351257
v 0.38238951563835144 5.653384208679199 0.5925165414810181
v 0.12744592130184174 5.466582298278809 -0.12781700491905212
v 0.18570153415203094 4.713783264160156 -1.2628285884857178
v 0.7757260799407959 5.879507064819336 0.2517465353012085
v 0.40230509638786316 6.312243461608887 0.2104882299900055
v 1.0677266120910645 5.827208518981934 0.35032013058662415
v 0.20798112452030182 6.009075164794922 0.40865564346313477
v 0.11270274221897125 4.60780668258667 -1.182403564453125
v 0.5036888122558594 6.111377239227295 0.0016322653973475099
v 0.12249479442834854 5.436557292938232 -0.10962115228176117
v 0.7735070586204529 4.9095001220703125 0.7544714212417603
v 0.7202813029289246 5.680427551269531 -0.8520057201385498
v 1.0706225633621216 5.154739856719971 -0.3755556643009186
v 0.7105090022087097 5.685207843780518 -0.4119432866573334
v 1.2212063074111938 5.815136909484863 0.5291032195091248
v 0.44920864701271057 5.968813419342041 0.4946461021900177
v 0.2995101511478424 6.10128116607666 0.19171211123466492
v 0.21733985841274261 4.833053112030029 -1.2965281009674072
v 0.6026303768157959 5.325115203857422 0.829737663269043
v 0.7757033109664917 6.0454816818237305 0.5479629039764404
v 0.19849134981632233 4.794468879699707 0.5128365755081177
v 0.995490312576294 4.608680248260498 -0.24298058450222015
v 1.1675951480865479 4.798259735107422 -0.7306500673294067
v 0.13033047318458557 5.419466018676758 0.020991437137126923
v 1.1054885387420654 5.006683349609375 -0.9003462791442871
v 0.24937424063682556 4.860090255737305 -1.311991810798645
v 0.9656944274902344 5.492861747741699 -0.506722092628479
v 0.4501423239707947 5.868447780609131 0.3029477000236511
v -0.013682486489415169 4.905533790588379 0.043479640036821365
v 1.0705000162124634 5.221907138824463 -0.7270945906639099
v -0.014416675083339214 6.134828090667725 0.4741094410419464
v 1.0747827291488647 4.9277825355529785 0.488572359085083
v 0.45721009373664856 6.079126358032227 0.6696267127990723
v -0.30846938490867615 4.916275501251221 -0.4708063304424286
v 0.49882587790489197 4.833456516265869 -1.3577390909194946
v -0.406080424785614 6.461812496185303 0.6376248598098755
v 0.9070396423339844 4.459005355834961 0.24096819758415222
v 0.5096548795700073 6.255244731903076 0.12163665890693665
v 0.5530967712402344 5.330817699432373 0.813366174697876
v 0.6383666396141052 4.139060974121094 0.43771880865097046
v -0.06343589723110199 4.439606189727783 -0.8797873854637146
v 0.1672682911157608 4.568475246429443 -1.380036473274231
v 0.6210320591926575 5.705348968505859 -0.3981042206287384
v 0.6236006021499634 5.9239091873168945 0.1962987780570984
v 0.48666226863861084 6.29033899307251 0.10266289114952087
v 0.6318987011909485 5.595482349395752 -0.12394701689481735
v 0.13419294357299805 4.700774192810059 -1.2326133251190186
v 0.19523406028747559 4.7730512619018555 -1.3197146654129028
v 0.34592798352241516 6.012235641479492 0.24298912286758423
v -0.1864883303642273 4.854394912719727 -0.6992775797843933
v 0.06919815391302109 4.370596885681152 -0.9281761646270752
v 0.17156535387039185 4.771500110626221 -1.2608240842819214
v 0.1939207911491394 5.580475330352783 -0.2927873730659485
v 0.6903491616249084 6.041226387023926 0.32199323177337646
v 0.3583865165710449 4.855549335479736 -1.3350763320922852
v 0.10363789647817612 5.462225437164307 -0.1526404321193695
v 0.49582186341285706 4.542235851287842 0.29952993988990784
v 0.455834299325943 6.219347953796387 0.2742072343826294
v 1.198834776878357 5.357314109802246 0.6482248902320862
v 1.05385160446167 5.111408233642578 -0.9564752578735352
v 0.2646035850048065 6.1609578132629395 0.1517120897769928
v 1.189589023590088 4.716188430786133 -0.645235002040863
v 1.0865246057510376 5.717286586761475 0.37849387526512146
v -0.0633801519870758 5.263111591339111 -0.36263200640678406
v 1.1136248111724854 4.155054569244385 -0.49554726481437683
v 0.08536878228187561 5.211430549621582 -1.0892339944839478
v 0.5716593265533447 6.0782270431518555 0.0960800051689148
v -0.04455837979912758 4.200558185577393 -0.49245572090148926
v 0.13776077330112457 5.531184196472168 -0.20720930397510529
v 0.9301779270172119 5.822000026702881 0.2810889482498169
v 0.16728214919567108 4.483935832977295 -0.00201429589651525
v -0.2407907098531723 6.424242973327637 0.7891713380813599
v 0.2044019252061844 5.557638645172119 -0.2836925685405731
v -0.1824999749660492 4.927603721618652 -0.801563024520874
v 0.6846197843551636 5.074206829071045 -1.2399674654006958
v 0.10131094604730606 4.183712959289551 0.15084415674209595
v 0.4014184772968292 4.2450456619262695 -1.0721139907836914
v 0.9084362387657166 4.80167293548584 -1.1223036050796509
v 0.163803368806839 5.16140079498291 0.4864049255847931
v 0.30064478516578674 4.820635795593262 -1.298135757446289
v 0.12482443451881409 5.482883453369141 -0.1616702526807785
v 1.175369143486023 4.814723014831543 -0.7260769009590149
v 0.21205627918243408 4.452749729156494 -1.345083236694336
v 0.34135881066322327 4.224571704864502 -0.9988954067230225
v -0.07197988033294678 4.398868560791016 -0.1921113282442093
v 0.3138318359851837 4.602899074554443 0.2947387397289276
v 0.08568104356527328 5.007999897003174 0.35270261764526367
v -0.30226728320121765 6.049511432647705 0.6769331097602844
v 0.9939549565315247 5.365434169769287 -0.22564920783042908
v 0.3623354732990265 4.6156005859375 -1.51921808719635
v 0.8002800941467285 4.538475036621094 0.2123781144618988
v 0.49825936555862427 4.263344764709473 -1.1038379669189453
v 0.6587215662002563 5.592146396636963 -0.12747693061828613
v 0.6501339077949524 4.721362113952637 -1.3449959754943848
v 0.2663717567920685 5.155418395996094 0.6079962849617004
v 0.48108094930648804 4.261887073516846 -1.1031935214996338
v 0.1308872103691101 6.227795124053955 0.7412949204444885
v -0.37703049182891846 6.465913772583008 0.6818152070045471
v 0.703985869884491 4.619274616241455 -1.3148099184036255
v 0.9555313587188721 4.975962162017822 0.6762920618057251
v 0.3571954071521759 6.418838977813721 0.007169779390096664
v 0.00701798964291811 4.4532623291015625 -0.08872850984334946
v 0.6321777701377869 5.38094425201416 -1.1812639236450195
v 0.09271808713674545 4.360075950622559 -0.9258527755737305
v 0.45098939538002014 6.333987712860107 0.07064838707447052
v 0.5109090805053711 5.717432022094727 -0.38156816363334656
v 0.12664739787578583 4.5794501304626465 -0.003500075079500675
v 0.8309634923934937 4.430438995361328 0.2750852704048157
v 0.33013448119163513 6.01701021194458 0.7118414044380188
v -0.14107270538806915 5.102221965789795 -0.07785069942474365
v 0.2545703947544098 4.803953647613525 0.6118847131729126
v 0.32130908966064453 6.141268253326416 0.6961148381233215
v 0.4775256812572479 4.132282733917236 0.47699999809265137
v 0.10250100493431091 5.439001560211182 0.020002350211143494
v 0.4444449543952942 6.235672950744629 0.26376426219940186
v 0.17099261283874512 4.171671390533447 0.23263485729694366
v 0.8823975324630737 5.597125053405762 0.936436653137207
v 1.009110927581787 5.783076286315918 0.33738186955451965
v -0.18703453242778778 4.846551418304443 -0.679999828338623
v 0.12104574590921402 5.314420700073242 0.33411404490470886
v 0.4767568111419678 6.193360805511475 0.2930278182029724
v 0.5034101605415344 6.1611785888671875 0.3174102008342743
v 0.8410195708274841 4.226994037628174 -0.9219778776168823
v 0.13959714770317078 5.438007354736328 -0.04406533017754555
v 0.13093779981136322 5.53806209564209 -0.22141852974891663
v -0.08492158353328705 5.275451183319092 -0.5058335661888123
v 0.18429480493068695 4.29112434387207 -0.9037991762161255
v 0.20014126598834991 6.0730791091918945 0.7547593116760254
v 0.20693694055080414 4.160375118255615 0.3026241660118103
v -0.19539527595043182 4.98199987411499 -0.08239224553108215
v 0.4853161573410034 5.721478462219238 -0.3788129389286041
v 0.005040889140218496 6.1237406730651855 0.46987035870552063
v 0.5923734307289124 5.326157093048096 0.8277431726455688
v 0.28082287311553955 6.161559104919434 0.7053824663162231
v 1.0020968914031982 4.3617329597473145 -0.1303219497203827
v 0.14925159513950348 5.539453029632568 -0.25175154209136963
v 0.9969170689582825 5.46174955368042 0.1655838042497635
v 0.8704240918159485 5.5954999923706055 0.9419047832489014
v 0.0453631691634655 5.035527229309082 -1.0813517570495605
v 0.32422715425491333 4.410666465759277 0.35987865924835205
v 0.7236670851707458 4.502223491668701 -1.2594451904296875
v 0.905860424041748 6.042008399963379 0.3907786011695862
v 0.0840977281332016 5.217148303985596 0.1393323838710785
v -0.1365043967962265 4.402526378631592 -0.5175589919090271
v 0.6495665311813354 4.644210338592529 0.5575783848762512
v 0.3257695138454437 6.137858867645264 0.6942006945610046
v 0.9764854311943054 4.368190765380859 -0.846477210521698
v 0.09299995005130768 4.5049662590026855 -1.10512113571167
v 1.0312539339065552 5.284966468811035 0.6790511608123779
v 0.8338877558708191 5.800433158874512 0.11601342260837555
v 0.5952674746513367 4.550821781158447 -1.4962069988250732
v 0.19103120267391205 4.781406879425049 -1.2650237083435059
v 0.15300998091697693 6.038200855255127 0.42214474081993103
v 0.4924371838569641 6.174530506134033 0.3069207966327667
v -0.2465461641550064 4.691816806793213 -0.4787232279777527
v 0.9752222299575806 5.894070148468018 0.3106200098991394
v 0.11950787156820297 4.604969024658203 0.0013241959968581796
v 0.7347433567047119 5.677613735198975 -0.8352709412574768
v 1.1339056491851807 4.97059440612793 -0.8607821464538574
v 1.017800211906433 5.306929111480713 -0.7016171813011169
v 0.3449716567993164 5.623812675476074 -0.8665057420730591
v 0.16714154183864594 4.688650608062744 -1.254144549369812
v 0.1628684103488922 5.544241905212402 -0.2625408470630646
v 0.6210657954216003 5.611587047576904 -0.9937394261360168
v 0.6918519139289856 5.9526872634887695 0.22420376539230347
v 0.3154107630252838 4.429366588592529 -1.3384149074554443
v 0.12648862600326538 5.497089385986328 -0.20617274940013885
v 0.2607482075691223 4.392575263977051 0.3094302713871002
v -0.20303426682949066 5.096890449523926 -0.3213759660720825
v -0.13458885252475739 4.387388229370117 -0.4803091287612915
v 1.1743918657302856 5.696843147277832 0.23089191317558289
v 1.0038150548934937 5.321423053741455 -0.7215619683265686
v 0.11751122027635574 5.431849956512451 -0.08921059221029282
v 0.30973154306411743 5.0658392906188965 -1.243410587310791
v -0.06927729398012161 4.201587677001953 -0.2337556928396225
v -0.24373863637447357 4.699306964874268 -0.5050855875015259
v 0.497006893157959 4.415740489959717 0.36130964756011963
v 1.0640547275543213 4.178567409515381 -0.5840125679969788
v 0.8508318066596985 5.594277858734131 0.9496672749519348
v 0.2517913281917572 4.32066011428833 -1.0992671251296997
v 0.011576191522181034 6.190211772918701 0.7981317639350891
v 0.11695040017366409 4.614423751831055 0.0036622146144509315
v 0.2292979657649994 6.186656951904297 -0.22659748792648315
v -0.12007049471139908 4.371947288513184 -0.29397013783454895
v 1.299357533454895 5.506786823272705 0.6680721640586853
v 0.00031930761178955436 5.249180316925049 -0.9641387462615967
v 0.8775255680084229 4.827008247375488 -1.1387710571289062
v 0.12473463267087936 6.230196475982666 0.7442454099655151
v 0.11918852478265762 5.4998250007629395 -0.20899349451065063
v -0.3099277913570404 4.915060043334961 -0.4800427258014679
v 0.4091048538684845 5.598700523376465 -0.10672607272863388
v 0.14282575249671936 4.7406792640686035 -1.2728509902954102
v -0.04592417553067207 4.201499938964844 -0.5169217586517334
v 0.6317889094352722 5.704977512359619 -0.39954447746276855
v 1.0578922033309937 5.751768112182617 0.36702418327331543
v 0.6859771013259888 4.37611722946167 -1.1939772367477417
v 1.0595653057098389 4.153160572052002 0.24957652390003204
v 1.2731901407241821 5.5607404708862305 0.7178702354431152
v 0.1325022131204605 5.437114715576172 -0.004502267111092806
v 0.01393805630505085 6.189030647277832 0.7980409264564514
v 0.17704755067825317 4.296998500823975 0.18833431601524353
v 0.14504680037498474 5.551926612854004 -0.2367405742406845
v 0.17971275746822357 5.442638397216797 0.08875272423028946
v 0.1402476578950882 5.333247661590576 0.18486949801445007
v 1.0192941427230835 5.784889221191406 0.3431430160999298
v 0.2293682098388672 5.585509300231934 -0.2921166718006134
v -0.207498699426651 5.09250020980835 -0.3859945833683014
v 0.1079786866903305 5.445345878601074 -0.10644099116325378
v 0.09298770129680634 5.42886209487915 0.024337448179721832
v 0.5365613698959351 4.673141956329346 0.6004354953765869
v 1.0523769855499268 4.184782028198242 -0.602016806602478
v 0.5899263024330139 4.7813825607299805 -1.3569869995117188
v 1.00624418258667 5.452255725860596 0.1755187064409256
v 0.4998590052127838 5.985787391662598 0.6942840218544006
v 0.8004646301269531 5.59327507019043 0.9636745452880859
v 0.23414510488510132 4.799821376800537 -1.2861294746398926
v 0.7171445488929749 4.237078666687012 0.308427631855011
v -0.16530576348304749 5.997043609619141 0.7098205089569092
v 0.8600000143051147 4.862880706787109 -1.1670708656311035
v 0.3637637794017792 5.421946048736572 0.625555157661438
v 1.3140610456466675 5.51375150680542 0.588068425655365
v 0.123711496591568 5.451118469238281 -0.13254202902317047
v 0.55593341588974 6.089065074920654 0.07168087363243103
v 0.15223874151706696 4.668391704559326 -1.2627612352371216
v 0.12893502414226532 4.680108070373535 -1.2342292070388794
v -0.08700567483901978 5.274747371673584 -0.5184303522109985
v 1.1439557075500488 4.5746636390686035 -0.7842742800712585
v 0.7778924107551575 5.91248083114624 0.25450003147125244
v 0.10497673600912094 5.487836837768555 -0.16269157826900482
v 0.4073818027973175 6.094791889190674 0.6750486493110657
v 0.6888485550880432 4.382338523864746 -1.1968485116958618
v -0.10350209474563599 4.381767749786377 -0.24708065390586853
v 0.11254172772169113 5.500958442687988 -0.17307139933109283
v 0.006533543113619089 6.192733287811279 0.7983255386352539
v 0.36257103085517883 5.726945877075195 -0.588424026966095
v 1.0947636365890503 4.160263538360596 0.15067659318447113
v 1.1562755107879639 4.565293312072754 -0.7461393475532532
v 0.5633072853088379 6.084194660186768 0.08311058580875397
v 0.9674214720726013 5.487186908721924 -0.5086958408355713
v 0.12083521485328674 5.526390075683594 -0.21629756689071655
v 0.8694139122962952 5.300276279449463 0.786151647567749
v 1.1533488035202026 5.572068691253662 0.7327852249145508
v -0.1604069471359253 6.355392932891846 0.7944862842559814
v 0.9864854216575623 5.335342884063721 -0.7469147443771362
v 1.0570902824401855 4.18254280090332 -0.5949528217315674
v 0.7177636623382568 4.469809055328369 -1.2409093379974365
v 0.21381060779094696 4.757015228271484 -1.277955412864685
v 0.18572290241718292 4.797330856323242 -1.2822754383087158
v 0.5504925847053528 4.415957927703857 -1.370915412902832
v 1.1277294158935547 4.97733211517334 -0.8697962760925293
v -0.1561916172504425 5.061340808868408 -0.9092618227005005
v 0.9952422380447388 5.360983371734619 -0.22549989819526672
v 0.247898668050766 6.177728652954102 -0.21466076374053955
v 1.049422264099121 5.368485450744629 0.28094181418418884
v 0.0911002904176712 6.53010368347168 -0.15657122433185577
v 0.4564583897590637 4.860819339752197 0.7280236482620239
v 0.35649019479751587 6.419382572174072 0.00655385572463274
v 1.0860668420791626 4.350054740905762 -0.18133299052715302
v 1.0619202852249146 5.343714237213135 0.3245716392993927
v -0.2415633499622345 5.086190223693848 -0.5452886819839478
v 1.15125572681427 5.140651226043701 0.20567405223846436
v -0.06525541841983795 5.982767581939697 0.7181162238121033
v 0.20330241322517395 5.560473442077637 -0.2886448800563812
v 0.21379417181015015 5.061577796936035 -1.207649827003479
v 0.10563669353723526 4.250776767730713 -0.8656993508338928
v 0.1819196194410324 4.422402858734131 -1.2604509592056274
v 0.46067488193511963 4.258537292480469 -1.0997083187103271
v 0.2450128197669983 4.32343864440918 -1.0892691612243652
v 0.4961443245410919 6.277458190917969 0.11044561862945557
v 0.7720159292221069 5.592634201049805 0.9687312841415405
v 0.5547522902488708 5.727749347686768 -0.7032516598701477
v 0.5889567732810974 5.617757320404053 -0.9764769077301025
v 0.5074928402900696 6.109821319580078 0.006127843167632818
v -0.17095628380775452 4.526485443115234 -0.8453591465950012
v 0.07555149495601654 5.242295742034912 0.11755333840847015
v -0.22159254550933838 6.260226249694824 0.5195052027702332
v 0.11348570138216019 5.43295431137085 0.006934108678251505
v 0.40202808380126953 6.096188545227051 0.675281286239624
v 0.17257238924503326 4.778870105743408 -1.296282410621643
v 0.7363752722740173 5.548095703125 -1.0179904699325562
v 0.3705901801586151 4.833576679229736 0.6979370713233948
v 0.6081797480583191 6.00238561630249 0.15759097039699554
v 0.37103167176246643 5.672187328338623 0.5298291444778442
v -0.03647596389055252 5.241869926452637 -0.25519227981567383
v 0.8640132546424866 5.4994401931762695 -0.0988030657172203
v 1.1566492319107056 5.703747749328613 0.21393436193466187
v 0.06614882498979568 6.087706565856934 0.4501238465309143
v 0.3516456186771393 5.439305782318115 0.5846846103668213
v -0.2164628952741623 4.533536911010742 -0.27265942096710205
v 0.8610333204269409 4.855572700500488 -1.1593130826950073
v 0.9586790800094604 4.396547317504883 -0.9329628348350525
v 0.8470797538757324 5.9661054611206055 0.27205267548561096
v 1.1003419160842896 5.959064483642578 0.4883497953414917
v 1.0547637939453125 4.1807637214660645 0.2444411665201187
v 0.6673202514648438 5.701017379760742 -0.40518617630004883
v 0.1741279810667038 4.1704325675964355 0.24210722744464874
v 0.16258053481578827 5.55657434463501 -0.26224738359451294
v 0.8242093920707703 5.826395034790039 0.26686814427375793
v 1.0042071342468262 4.651439189910889 0.15817080438137054
v 0.40860816836357117 4.141050338745117 0.4694368243217468
v 0.09121791273355484 4.698118209838867 0.022597521543502808
v 0.6859758496284485 5.583256721496582 -1.0119330883026123
v -0.045573461800813675 4.201499938964844 -0.5049974322319031
v 0.13345693051815033 5.452069282531738 -0.11521538347005844
v 0.693422794342041 4.331782817840576 0.2665637135505676
v 0.475886732339859 4.594391345977783 -1.545487880706787
v 0.7871112823486328 5.650200366973877 -0.4344494342803955
v 0.16190972924232483 6.518421649932861 -0.11207324266433716
v 0.13317786157131195 5.535821914672852 -0.2363525778055191
v 0.9797403216362 4.362519264221191 -0.8317426443099976
v 0.1967153251171112 5.477822780609131 0.071016825735569
v 1.0129338502883911 5.7835540771484375 0.33977121114730835
v 0.37253764271736145 4.6147050857543945 -1.5226792097091675
v 0.3292865455150604 4.843680381774902 -1.3206485509872437
v 0.6816856265068054 5.088932037353516 0.8070509433746338
v 1.3335506916046143 5.576061248779297 0.5398880243301392
v 0.440207839012146 5.874695301055908 0.3089958727359772
v 0.9934414625167847 5.3304009437561035 -0.7357158660888672
v 0.5202130675315857 6.056532859802246 0.5972213745117188
v 0.3578181862831116 5.991003036499023 0.2569579482078552
v 0.5214468240737915 4.581783771514893 -1.5417835712432861
v 0.10965921729803085 5.470704555511475 -0.17515935003757477
v 1.1200000047683716 4.91310977935791 0.01665590889751911
v 0.9062752723693848 5.776508331298828 0.11937297135591507
v 0.14403676986694336 4.788578033447266 0.4022248685359955
v 0.59228515625 6.016848564147949 0.1801101118326187
v 0.17312729358673096 4.723748207092285 -1.2443937063217163
v 0.9333252310752869 4.460512638092041 0.21868731081485748
v 0.7416109442710876 5.6695990562438965 -0.41935500502586365
v -0.13440194725990295 5.171379566192627 -0.7787659168243408
v 0.37788835167884827 4.614259243011475 -1.5244628190994263
v 0.3613533675670624 5.425605297088623 0.6169453263282776
v -0.419455349445343 6.153972625732422 0.6537722945213318
v -0.4610166549682617 6.308816432952881 0.658477783203125
v 1.2415099143981934 5.666683673858643 0.2906324565410614
v 0.3920838236808777 5.990933895111084 0.7041886448860168
v 1.2915148735046387 5.489762783050537 0.6511889100074768
v -0.047698795795440674 4.435979843139648 -0.8890807032585144
v 0.9965928792953491 4.648771286010742 0.1601715385913849
v 0.18857276439666748 4.792718410491943 0.49416637420654297
v 0.20449623465538025 6.0703935623168945 0.752480149269104
v 0.8772123456001282 4.594022750854492 0.18781033158302307
v 0.659127414226532 6.058474540710449 0.3744036853313446
v 1.0489522218704224 4.779041767120361 0.33023717999458313
v 0.04929867759346962 5.403852939605713 -0.2740541100502014
v 1.0290369987487793 5.691371917724609 0.8205814957618713
v 0.16112859547138214 4.497103214263916 0.001150826457887888
v 1.1631430387496948 5.1144280433654785 0.14549849927425385
v 0.23409301042556763 4.381165504455566 0.28061655163764954
v 0.26723894476890564 5.61196231842041 -0.3076636493206024
v 0.548483669757843 5.711405277252197 -0.3873683214187622
v 1.1017730236053467 5.704726696014404 0.37788310647010803
v 1.0700291395187378 4.168302059173584 -0.002476399764418602
v 0.3905958831310272 4.838787078857422 0.706851065158844
v 0.8003653883934021 5.532562732696533 -0.11202512681484222
v 0.37168529629707336 4.833878993988037 0.6984279751777649
v 0.43246516585350037 5.635011672973633 0.7361464500427246
v 1.242322564125061 5.79236364364624 0.5362545847892761
v 0.45026499032974243 6.334940433502197 0.07000023871660233
v 0.9720635414123535 5.475532054901123 -0.5139040350914001
v 0.4233534038066864 5.746430397033691 -0.6205945014953613
v 1.0537829399108887 4.83753776550293 -0.205852210521698
v 1.1646734476089478 4.560935020446777 -0.7194147706031799
v 0.8331487774848938 4.744559288024902 0.6133815050125122
v 0.20905862748622894 6.0676164627075195 0.7500998377799988
v 0.8811702132225037 5.8947577476501465 0.26825252175331116
v 0.10737232863903046 5.477814197540283 -0.14194200932979584
v 0.11707264184951782 5.976049900054932 0.7175753116607666
v 0.155133917927742 5.006159782409668 0.4396907389163971
v 0.976420521736145 4.452314853668213 0.17125923931598663
v 0.11461689323186874 5.498883247375488 -0.1695137768983841
v 0.7099812030792236 5.876489162445068 0.8579881191253662
v 0.5759179592132568 5.85723876953125 0.21526116132736206
v 0.5794379711151123 4.133903503417969 0.46038615703582764
v 0.06159083917737007 5.435831069946289 -0.2960648536682129
v 1.0278481245040894 5.420943737030029 0.20594045519828796
v 0.40530169010162354 5.638955593109131 0.23634327948093414
v 1.1228325366973877 4.351788520812988 0.2077358067035675
v 1.1014083623886108 5.293063640594482 0.44078078866004944
v 0.9651588201522827 5.824427127838135 0.2977440357208252
v 0.41980865597724915 6.279302597045898 0.23593832552433014
v 0.1438419073820114 5.059017181396484 -1.179260015487671
v -0.22417934238910675 4.7272138595581055 -0.6431682109832764
v 0.4106505811214447 5.639318943023682 0.23230724036693573
v -0.044883422553539276 4.228372097015381 -0.6577645540237427
v 0.9796268939971924 4.362746238708496 -0.8323954343795776
v 1.1059157848358154 4.859623908996582 0.2977921664714813
v 0.052693456411361694 5.314952373504639 0.06939420104026794
v 1.061002492904663 5.345132350921631 0.32173478603363037
v 0.1481620818376541 4.727478981018066 -1.2875882387161255
v 0.09757791459560394 4.4466729164123535 -1.0638442039489746
v 0.5834215879440308 5.083873271942139 -1.3037465810775757
v 0.5932506322860718 6.030463218688965 0.4122038185596466
v 1.1597567796707153 4.261544704437256 -0.24852240085601807
v -0.029347402974963188 5.0587873458862305 0.02402014099061489
v 0.9415386915206909 4.459870338439941 0.21004804968833923
v 0.05219988152384758 5.216245651245117 -1.0422998666763306
v 1.0449105501174927 4.7765398025512695 0.33216166496276855
v 0.7842770218849182 5.592729091644287 0.9669157266616821
v 0.11024978756904602 6.291250228881836 -0.314333438873291
v -0.08400651067495346 6.300691604614258 0.793280839920044
v 0.18565727770328522 4.799724102020264 -1.2974097728729248
v 0.13327249884605408 5.539292335510254 -0.2311740517616272
v 0.3959575593471527 5.832110404968262 0.6315889358520508
v -0.08634474128484726 4.3904829025268555 -0.2160515934228897
v 0.9665676951408386 5.489991664886475 -0.5077202916145325
v 0.01117413304746151 6.3965373039245605 -0.1908320039510727
v 0.3724031448364258 4.831008434295654 -1.5422542095184326
v 1.0406743288040161 4.188851833343506 -0.6197995543479919
v 1.153458833694458 5.146674633026123 0.2173493355512619
v 1.1078435182571411 4.844639778137207 0.03657815605401993
v 0.9591445922851562 4.633887767791748 0.1694144755601883
v 1.0475949048995972 4.814709186553955 -0.21323534846305847
v -0.15604038536548615 5.074322700500488 -0.8941501975059509
v 0.13187845051288605 5.427364349365234 0.02107006497681141
v 0.4763425886631012 5.619893550872803 0.7950448393821716
v 0.9126190543174744 4.209382057189941 -0.8308213353157043
v 0.10994354635477066 5.442887306213379 -0.08846340328454971
v 0.9254144430160522 4.460909366607666 0.22681419551372528
v 1.05919349193573 5.234682559967041 -0.6494339108467102
v 0.35747337341308594 5.628063678741455 -0.8770461082458496
v 0.23327568173408508 4.785911560058594 -1.2913457155227661
v 0.8020434379577637 5.644482612609863 -0.4406156539916992
v 0.18097908794879913 5.560850620269775 -0.2532680332660675
v 1.0502005815505981 5.217898368835449 -0.5393908619880676
v 0.5470670461654663 5.607215404510498 0.8709957599639893
v -0.1019759327173233 6.31262731552124 0.7924649119377136
v 0.25858980417251587 4.832136631011963 -1.3378417491912842
v -0.18233874440193176 4.918807029724121 -0.79100102186203
v 0.6166282296180725 5.391988277435303 -1.1782268285751343
v 0.3921276330947876 5.844959735870361 0.49189797043800354
v 0.13030017912387848 4.703893184661865 -1.2767668962478638
v 0.06841003894805908 6.338590145111084 -0.33702152967453003
v 0.1914721429347992 5.578483581542969 -0.2859165072441101
v 1.1170969009399414 4.920625686645508 0.013860941864550114
v -0.303016722202301 4.951089859008789 -0.2343471199274063
v 0.9603586196899414 4.809182167053223 0.5456522107124329
v 0.16853150725364685 4.402807712554932 0.10291274636983871
v 0.172122523188591 4.730078220367432 -1.2416807413101196
v 1.0624030828475952 4.8781280517578125 -0.19846799969673157
v 0.9953231811523438 5.433447360992432 -0.5263176560401917
v 0.1277645230293274 5.43186092376709 0.021639155223965645
v 0.10438744723796844 5.4534502029418945 -0.1332554817199707
v 0.6895147562026978 4.657621383666992 -1.3276989459991455
v 0.11718714982271194 5.4224677085876465 -0.03918713703751564
v 0.11441398411989212 5.976193428039551 0.7177907824516296
v 0.16404838860034943 4.174499988555908 0.18337039649486542
v 0.8851759433746338 5.901676177978516 0.27148982882499695
v -0.11387655884027481 5.226740837097168 -0.690142035484314
v 0.4273011386394501 6.265288829803467 0.24547408521175385
v 0.3886801302433014 5.839067459106445 0.4923018515110016
v 1.0708186626434326 4.767783164978027 0.06529927998781204
v -0.33712542057037354 6.074426174163818 0.6739860773086548
v 0.15290331840515137 5.536585330963135 -0.21990330517292023
v 0.47296392917633057 6.198045253753662 0.28966742753982544
v 0.8999841213226318 4.770648956298828 0.5800766944885254
v 0.12155254185199738 4.703601837158203 -1.2665612697601318
v 0.13810794055461884 5.415948867797852 -0.0023167794570326805
v 0.19406376779079437 4.733684062957764 -1.2854726314544678
v 0.6070587635040283 5.070666790008545 0.8152223229408264
v 1.0184754133224487 5.378598213195801 -0.5404261350631714
v 0.16409124433994293 5.548408508300781 -0.2657689154148102
v -0.19349528849124908 4.5533881187438965 -0.19621871411800385
v 0.13175244629383087 5.523796081542969 -0.23232534527778625
v -0.19279161095619202 4.836791515350342 -0.6383335590362549
v 0.4308270812034607 5.944326877593994 0.4814246892929077
v 0.2941139042377472 4.811559200286865 -1.2903367280960083
v 1.0486407279968262 4.175825119018555 -0.05425245687365532
v 0.3707757890224457 4.833628177642822 0.6980202198028564
v -0.31519922614097595 4.912585735321045 -0.5164102911949158
v -0.06808411329984665 5.266703128814697 -0.38547971844673157
v 1.056403398513794 4.848415374755859 -0.20349764823913574
v 0.04872507601976395 4.873798847198486 0.057649753987789154
v 0.8586800694465637 5.743777275085449 0.8296008110046387
v 0.1430971920490265 4.669671535491943 -1.2409993410110474
v 0.11758942157030106 6.058135986328125 0.4322919249534607
v 0.33235758543014526 5.46481990814209 0.5297159552574158
v 1.2388290166854858 5.796245574951172 0.5347017645835876
v -0.044310033321380615 6.152432441711426 0.4796890616416931
v 1.1896045207977295 4.716134071350098 -0.6455381512641907
v 0.22431546449661255 5.507136344909668 0.03482620045542717
v 1.1583378314971924 4.249546051025391 -0.2426888346672058
v 0.3060206472873688 6.089086055755615 0.19852057099342346
v 0.6730311512947083 6.067550182342529 0.5184262990951538
v 0.3185330033302307 4.428646087646484 -1.3382548093795776
v 1.0705320835113525 4.174749851226807 -0.5736550688743591
v 1.2649364471435547 5.421840667724609 0.626021146774292
v 1.020960807800293 4.430441856384277 0.10998093336820602
v 1.1586220264434814 4.252530574798584 -0.24410995841026306
v 0.11130944639444351 5.416809558868408 0.03575599193572998
v 0.39608967304229736 5.832286357879639 0.6318310499191284
v 0.45624420046806335 5.599292278289795 -0.11406581103801727
v 1.3203368186950684 5.642000198364258 0.36123210191726685
v 1.0984842777252197 4.1626739501953125 -0.5238637924194336
v -0.13675199449062347 4.404012203216553 -0.5209015607833862
v 0.19929492473602295 4.819326400756836 -1.3137050867080688
v 1.0081424713134766 4.195047855377197 -0.6733813881874084
v 0.3484222888946533 4.226813316345215 -1.0087357759475708
v 0.23777620494365692 4.790060520172119 -1.31864595413208
v -0.021145541220903397 5.219018459320068 -0.18498234450817108
v 0.12235375493764877 5.410320281982422 -0.002359531121328473
v 0.17513318359851837 6.221744537353516 -0.2602444887161255
v 1.2925957441329956 5.470616817474365 0.6349443793296814
v 0.36941710114479065 4.859860897064209 -1.3387781381607056
v 0.1008952409029007 5.481151103973389 -0.17014001309871674
v -0.38447001576423645 6.465336799621582 0.6717081665992737
v 0.8316105604171753 5.960888385772705 0.26922205090522766
v 0.37432825565338135 4.831112384796143 -1.5423061847686768
v 1.2208147048950195 5.34230899810791 0.5643318295478821
v -0.03607390820980072 5.115241050720215 0.007623290177434683
v 0.8034606575965881 4.906429290771484 0.740787923336029
v 0.2587895691394806 5.626529216766357 -0.30536192655563354
v 1.1087827682495117 4.944807529449463 0.004282650072127581
v 0.6534004211425781 5.5933146476745605 -0.1277366578578949
v 0.8798277378082275 5.871413230895996 0.2613963782787323
v 1.0399612188339233 5.686915397644043 0.818207859992981
v 0.9183415174484253 5.364808082580566 -0.8775503635406494
v 1.2579247951507568 5.412158012390137 0.6283583045005798
v 0.7876004576683044 5.887754917144775 0.8912447690963745
v -0.03637918457388878 5.241794586181641 -0.25484833121299744
v 0.4399487376213074 5.632375240325928 0.7474232316017151
v 0.6628379821777344 4.702885627746582 -1.3397924900054932
v 1.0968328714370728 4.274509429931641 -0.13700473308563232
v 0.32070744037628174 5.1389360427856445 0.6494663953781128
v 0.9867812395095825 5.604618072509766 0.8631064891815186
v 1.0492782592773438 4.390590667724609 0.0432141050696373
v -0.13364799320697784 5.101395130157471 -0.07185795158147812
v 0.24712184071540833 5.622170925140381 -0.30365821719169617
v 0.21231086552143097 5.588585376739502 -0.30810362100601196
v 0.1177118793129921 5.426901340484619 -0.06711316853761673
v 1.04188871383667 4.1693902015686035 0.20895111560821533
v 0.7194802165031433 5.800654888153076 0.11384490877389908
v 0.9259064197540283 5.602308750152588 0.9139881730079651
v 0.9051757454872131 4.772797107696533 0.5775702595710754
v 0.19494222104549408 4.163515090942383 0.28340572118759155
v 0.12121041864156723 5.411050796508789 0.018996719270944595
v 0.7125207185745239 5.57573938369751 -0.12693490087985992
v 0.41912001371383667 4.320095539093018 -1.2754528522491455
v -0.4207232892513275 6.155636787414551 0.6531383395195007
v 0.03322214260697365 5.347443103790283 -0.24719366431236267
v -0.15434277057647705 4.5205793380737305 -0.8871300220489502
v 1.0179600715637207 5.380659580230713 -0.5388802886009216
v -0.18250738084316254 4.904672145843506 -0.7736502289772034
v 0.05322162061929703 5.311807632446289 0.07249852269887924
v 0.147096186876297 5.059878349304199 -1.1811742782592773
v 0.19670748710632324 4.283219337463379 -0.8973715901374817
v -0.13420182466506958 4.377720355987549 -0.45804551243782043
v 0.12094810605049133 5.4603424072265625 -0.15715749561786652
v 0.15965549647808075 4.7313127517700195 -1.2433801889419556
v 0.07162618637084961 6.157134532928467 0.7945797443389893
v -0.08143238723278046 6.250932693481445 0.8241846561431885
v 0.40024334192276 5.837787628173828 0.6395310759544373
v 0.13899272680282593 5.442673683166504 -0.07178985327482224
v 0.3814845383167267 5.817201137542725 0.5959382057189941
v 0.5471704006195068 4.808741092681885 -1.3576412200927734
v 0.5210326313972473 6.233780384063721 0.132308229804039
v 0.10638764500617981 4.650933265686035 0.011596396565437317
v 0.11610987037420273 5.44965124130249 -0.06849110126495361
v 0.6251731514930725 4.720972061157227 -1.5029834508895874
v 0.14155995845794678 5.430349826812744 -0.01278748456388712
v 0.11378280818462372 5.426393985748291 -0.013671519234776497
v 0.20359329879283905 4.278906345367432 -0.888759970664978
v 0.5112758278846741 6.108492851257324 0.010698612779378891
v -0.4556103050708771 6.21527624130249 0.6516293287277222
v -0.42563596367836 6.162545204162598 0.6519092917442322
v 0.31041988730430603 6.152132987976074 -0.17858442664146423
v 0.39023691415786743 5.736440658569336 -0.6021118760108948
v 0.4146670699119568 5.599395751953125 -0.10794287919998169
v 0.9415552020072937 4.62680721282959 0.1726330816745758
v 0.4091349244117737 5.904331684112549 0.4704379439353943
v 0.16078153252601624 5.3518757820129395 0.15096811950206757
v 0.7015367746353149 4.315395355224609 0.2755059003829956
v 0.5909847617149353 5.673890590667725 0.10170324146747589
v 1.2983978986740112 5.504675388336182 0.6658651828765869
v 0.3705642819404602 4.580603122711182 0.30284932255744934
v 0.1383371651172638 4.35181188583374 -1.008541226387024
v 0.14703646302223206 4.697897911071777 -1.2344049215316772
v -0.18664880096912384 4.847836971282959 -0.6837276816368103
v 0.3596830368041992 5.1241583824157715 0.6707504987716675
v 0.9455646276473999 5.356851100921631 -0.8139293193817139
v 0.4089541435241699 5.639188766479492 0.23361212015151978
v 0.4608452618122101 5.861827373504639 0.2948695719242096
v 0.8057394027709961 5.947360515594482 0.26482725143432617
v 0.14650003612041473 5.150135517120361 0.44065341353416443
v 0.5462189316749573 6.094724178314209 0.055994901806116104
v -0.03992069140076637 4.203859806060791 -0.3289758563041687
v -0.13414038717746735 4.377044677734375 -0.45651066303253174
v 0.13095778226852417 5.538042068481445 -0.22155171632766724
v 1.06321120262146 5.943666934967041 0.6088482737541199
v 1.1695314645767212 4.55915641784668 -0.6972168684005737
v 0.03621174767613411 5.2243733406066895 -1.0197858810424805
v 0.4927299916744232 4.873663425445557 0.7359421849250793
v 0.507175087928772 4.212550163269043 0.5123499631881714
v 0.11430614441633224 5.976199626922607 0.7177996039390564
v -0.3192714750766754 6.462301731109619 0.7424958348274231
v 0.09419581294059753 6.14588737487793 0.7892383933067322
v 0.2365456521511078 5.592817783355713 -0.28931838274002075
v 0.10209841281175613 5.463968753814697 -0.15492495894432068
v 1.1339548826217651 5.929439067840576 0.5024773478507996
v -0.4060235023498535 6.461945056915283 0.6378903985023499
v 0.4267800748348236 4.8559651374816895 -1.3535348176956177
v 1.116298794746399 4.990560054779053 -0.8836542367935181
v 0.5810399651527405 5.083961486816406 -1.3039230108261108
v 1.161331295967102 5.116602420806885 0.15564480423927307
v 0.7953829765319824 5.804356098175049 0.11378754675388336
v 1.3002338409423828 5.537283897399902 0.7012807130813599
v 0.20730559527873993 6.198996543884277 -0.24019679427146912
v 0.03276712819933891 4.241596698760986 -0.8046762347221375
v 0.2413288801908493 4.792482852935791 -1.300055742263794
v 1.196894645690918 4.712574005126953 -0.6723788380622864
v 0.22569425404071808 6.494469165802002 -0.07529225945472717
v 1.0893640518188477 5.033968925476074 -0.9212420582771301
v 0.13990725576877594 4.677167892456055 -1.2344598770141602
v 0.7113288044929504 4.588855266571045 -1.3025658130645752
v 0.13339366018772125 5.507904529571533 -0.21555618941783905
v 0.997072160243988 4.390161037445068 -0.15178325772285461
v 1.0117396116256714 4.284328937530518 -0.09002738445997238
v 0.39242711663246155 4.612307071685791 -1.529732346534729
v 0.9460000991821289 4.318077087402344 0.3404410779476166
v 0.892531156539917 5.9732513427734375 0.2825057804584503
v 1.116681456565857 4.866089344024658 0.031845830380916595
v 0.41870614886283875 4.855734348297119 -1.3537654876708984
v 0.197877898812294 4.347743988037109 -1.0352017879486084
v -0.3853777050971985 6.465236186981201 0.670447587966919
v 1.0435961484909058 4.80228853225708 -0.21808475255966187
v 0.8818531632423401 5.86421537399292 0.2609510123729706
v -0.4585787355899811 6.330580711364746 0.6609212756156921
v 0.2208867371082306 4.849524021148682 -1.3187882900238037
v 0.13251027464866638 4.677591800689697 -1.232826590538025
v 0.06062903627753258 4.246914386749268 -0.8430577516555786
v 0.10684416443109512 5.445274829864502 0.030618924647569656
v -0.2502177655696869 6.277266979217529 0.5261353254318237
v 0.34222620725631714 4.194944858551025 0.5058764815330505
v 0.5203297138214111 4.272542476654053 0.522723376750946
v 0.4791755974292755 4.84120512008667 -1.3573741912841797
v 0.98883056640625 4.645887851715088 0.16227860748767853
v 0.17185968160629272 4.4330010414123535 -1.287061333656311
v 0.3540599048137665 4.828186988830566 0.6883360147476196
v 1.0231033563613892 4.751136302947998 -0.23324459791183472
v 0.22558307647705078 4.449706554412842 -1.3440687656402588
v 0.20479431748390198 4.7906813621521 -1.26902437210083
v 0.16430306434631348 4.438226699829102 0.04707614332437515
v 0.28998246788978577 4.806177616119385 -1.2857812643051147
v 0.7245296239852905 5.681224346160889 -0.8464297652244568
v 1.0534838438034058 4.383227348327637 0.034930821508169174
v 0.6153723001480103 4.251375675201416 -1.084114909172058
v 0.877712070941925 4.594337463378906 0.18762515485286713
v 0.11223537474870682 5.46143102645874 -0.1046810895204544
v 0.8349022269248962 4.745031356811523 0.6124373078346252
v 0.02333126962184906 5.23101282119751 -1.003318428993225
v -0.20505531132221222 4.729527473449707 -0.7985299229621887
v -0.3341474235057831 6.338699817657471 0.5363953113555908
v -0.45622408390045166 6.34565544128418 0.663120687007904
v 0.9712177515029907 4.453832626342773 0.17732931673526764
v -0.22216454148292542 4.728626728057861 -0.666437029838562
v 0.2626911401748657 5.620160102844238 -0.3099362552165985
v 0.37522679567337036 5.810500144958496 0.5655162334442139
v 0.4909658133983612 6.027274131774902 0.505698561668396
v 0.8046067953109741 5.804014205932617 0.11447092890739441
v 1.2644243240356445 4.8752055168151855 -0.5605945587158203
v 0.6971017718315125 5.795397758483887 0.815324604511261
v 1.010334849357605 5.447035789489746 0.17997604608535767
v -0.04568614065647125 4.204352378845215 -0.3097194731235504
v -0.03543585538864136 5.083614826202393 0.01867705024778843
v -0.3056556284427643 4.926253795623779 -0.37532052397727966
v -0.06257270276546478 4.439354419708252 -0.8802909851074219
v 0.15508407354354858 6.238915920257568 -0.2767098844051361
v 1.256062388420105 5.6607441902160645 0.3011334538459778
v -0.10530035197734833 5.987173080444336 0.7165000438690186
v 0.8249844908714294 5.832477569580078 0.879440188407898
v 0.12296301871538162 5.443961143493652 -0.022038588300347328
v 1.0520455837249756 5.682213306427002 0.8145419359207153
v 0.40696749091148376 5.845663070678711 0.6531522870063782
v 0.8512367606163025 5.74151086807251 0.828704297542572
v 0.31406182050704956 5.561252593994141 0.38161858916282654
v 0.26479843258857727 4.226224422454834 -0.915466845035553
v 0.1718555986881256 4.307370185852051 -0.9751443266868591
v 0.08391931653022766 5.977865695953369 0.7207311987876892
v 0.13994400203227997 5.4361677169799805 -0.022297246381640434
v 0.8477599024772644 4.4110517501831055 -1.0694231986999512
v 0.6402528882026672 5.59499979019165 -0.12600082159042358
v 1.0826516151428223 4.363893985748291 -0.1896362453699112
v 0.9435871243476868 4.776871204376221 -1.1004886627197266
v 0.5953677892684937 4.52400016784668 0.26806604862213135
v 0.9612615704536438 4.775265216827393 -1.0670729875564575
v 0.11356894671916962 5.426852226257324 -0.012785336002707481
v 1.1654406785964966 4.5585618019104 -0.6485080718994141
v -0.01568869687616825 4.186043739318848 0.032714828848838806
v 1.1161527633666992 4.874114036560059 0.2922408878803253
v 1.266729474067688 5.424511909484863 0.6254116296768188
v 0.5788482427597046 6.073293209075928 0.10808397084474564
v 1.1125373840332031 5.229583740234375 0.1144251674413681
v 0.22226274013519287 6.190295219421387 -0.23114827275276184
v 0.20325180888175964 6.201530456542969 -0.2425614446401596
v -0.20096522569656372 5.105013847351074 -0.194763645529747
v 0.8342899680137634 5.301000118255615 0.8078200817108154
v 0.7402624487876892 5.884127616882324 0.8778802752494812
v 0.12494312971830368 5.415383338928223 -0.02504817210137844
v 0.9469002485275269 4.300861835479736 0.3482989966869354
v 0.46454358100891113 4.825123310089111 -1.5508766174316406
v 0.13014239072799683 5.411523818969727 0.0005596083356067538
v 0.5363540649414062 6.194802761077881 0.15203090012073517
v 1.0069993734359741 5.782812595367432 0.3362497091293335
v -0.20260149240493774 5.105432510375977 -0.2152511179447174
v 0.8270527124404907 4.160721778869629 0.3461805284023285
v 0.5433464050292969 4.811082363128662 -1.3575000762939453
v 1.0664962530136108 5.099020004272461 -0.9532544016838074
v -0.1868342012166977 4.53849983215332 -0.6548362970352173
v 1.1690887212753296 5.1621222496032715 0.2631438076496124
v 0.21467068791389465 6.064200401306152 0.7471718788146973
v -0.3161894977092743 6.461230278015137 0.7451947331428528
v 1.0705000162124634 5.220646858215332 -0.7295102477073669
v 0.9831310510635376 5.337578773498535 -0.7528780698776245
v 0.06287338584661484 4.3735270500183105 -0.9277365207672119
v 0.9358541965484619 4.410852432250977 -0.9856154322624207
v 0.17384548485279083 5.423065185546875 0.09980906546115875
v 0.4911174774169922 4.262477397918701 -1.103488802909851
v 0.6871185302734375 5.942698955535889 0.21488972008228302
v 0.4518294036388397 5.368727207183838 0.7260907888412476
v -0.01825830340385437 6.515984058380127 -0.24520990252494812
v 0.3651655614376068 5.630921840667725 -0.8813625574111938
v -0.4074164628982544 6.413864612579346 0.5529839992523193
v 1.0764827728271484 4.779839038848877 0.059890881180763245
v 0.2846762239933014 6.0329413414001465 0.721752941608429
v 0.30220985412597656 5.703616619110107 -0.5624111294746399
v 0.5510350465774536 4.4160027503967285 -1.371005892753601
v 0.11894802004098892 4.6952104568481445 -1.2364987134933472
v 1.0351507663726807 4.437386989593506 -0.318339079618454
v 1.2123686075210571 4.686056613922119 -0.46319591999053955
v 0.1110592782497406 5.425710678100586 -0.004322237800806761
v 0.2684076130390167 6.167712211608887 -0.2025882750749588
v 0.06298628449440002 6.403500080108643 -0.1266779601573944
v 0.3115035891532898 5.489466667175293 -1.0307682752609253
v -0.04234163463115692 6.151225566864014 0.479308158159256
v -0.0057307961396873 4.928354740142822 0.04486315697431564
v -0.2671540379524231 4.673891067504883 -0.4082750380039215
v 0.13253024220466614 5.53646993637085 -0.2320351004600525
v -0.0563717857003212 5.257653713226318 -0.3319873809814453
v 0.16087713837623596 4.5273284912109375 -1.360352873802185
v 0.5399395823478699 4.336345672607422 0.486066997051239
v -0.06862527877092361 4.440499782562256 -0.8757228851318359
v 0.13744013011455536 4.702370643615723 -1.2306004762649536
v 0.5896987915039062 5.067095756530762 0.8146368861198425
v 0.9797356128692627 5.4607391357421875 -0.521512508392334
v 0.42207127809524536 5.7147746086120605 -0.36826372146606445
v 1.0327929258346558 4.773585796356201 -0.22803449630737305
v 0.9760950803756714 4.506525993347168 -0.23555706441402435
v 0.9153027534484863 4.796523094177246 -1.1192138195037842
v 0.07465478032827377 4.367759704589844 -0.9275214076042175
v 0.9738666415214539 5.412889003753662 -0.22700007259845734
v 1.2685630321502686 4.85083532333374 -0.5283984541893005
v 0.12938930094242096 5.511062145233154 -0.2211325764656067
v 0.9859122633934021 4.353540420532227 -0.8078513741493225
v 0.2333473265171051 4.787057399749756 -1.290915846824646
v -0.30970853567123413 4.915242671966553 -0.4786539375782013
v 0.10623328387737274 6.52888822555542 -0.14708594977855682
v 0.15843911468982697 6.323696613311768 0.019457750022411346
v 0.060851600021123886 5.979000091552734 0.7235472202301025
v 1.0451472997665405 4.897333145141602 0.4988269507884979
v -0.13838407397270203 4.461231708526611 -0.7555217146873474
v -0.22395677864551544 4.5265374183654785 -0.3162774443626404
v 0.17738871276378632 4.7908148765563965 0.47464779019355774
v 1.0596531629562378 5.180754661560059 -0.42854949831962585
v 0.11645317077636719 5.4568400382995605 -0.15178519487380981
v -0.12745535373687744 6.334341526031494 0.7965853810310364
v 0.9563331007957458 4.806737899780273 0.54795241355896
v 0.9945889115333557 4.648074150085449 0.1606942117214203
v 0.5924028754234314 5.3261566162109375 0.8277493715286255
v 1.0351053476333618 4.768392562866211 0.3368409276008606
v 1.056375503540039 4.153464317321777 0.25398144125938416
v 1.0494325160980225 5.88608980178833 0.32061249017715454
v 0.7069035172462463 4.907987594604492 0.7609999775886536
v -0.16629979014396667 6.360452651977539 0.7931315302848816
v 0.7240000367164612 4.529459476470947 -1.2744319438934326
v 0.19206839799880981 5.576693058013916 -0.28985288739204407
v 1.0383094549179077 4.771735668182373 0.3353085219860077
v 1.047049880027771 4.422301292419434 -0.39989131689071655
v 0.028627850115299225 4.465237617492676 -0.06637221574783325
v 1.0888080596923828 4.335804462432861 -0.17245934903621674
v 0.06260860711336136 5.039889812469482 -1.0892187356948853
v 0.11483398079872131 5.427131652832031 -0.04750371724367142
v 0.23769187927246094 4.151493072509766 0.3438665568828583
v 0.22322197258472443 4.801411151885986 -1.2799018621444702
v 0.4712495803833008 6.200188159942627 0.2881247103214264
v 0.7724431753158569 5.676914215087891 -0.7771850228309631
v 0.1760290414094925 4.705548286437988 -1.2647839784622192
v 0.6660643219947815 5.07698392868042 -1.2688665390014648
v -0.13414564728736877 4.361999988555908 -0.38557061553001404
v 0.6372669339179993 4.738572120666504 -1.3500181436538696
v 1.2046219110488892 5.577136039733887 0.7293938398361206
v 0.4926588833332062 6.115037441253662 -0.013722863979637623
v 0.13702808320522308 5.4261345863342285 0.006016990169882774
v 0.10792337357997894 5.577962398529053 -0.5424224734306335
v 0.13946674764156342 4.329529762268066 -0.9172549843788147
v 0.7080489993095398 4.304014682769775 0.2824522852897644
v 0.399768590927124 5.483646392822266 -1.0784149169921875
v -0.006309983320534229 4.956070423126221 0.043999962508678436
v 0.7004671096801758 4.630124568939209 -1.3186430931091309
v 0.9016456604003906 4.807016849517822 -1.127516508102417
v -0.2040795385837555 5.098579406738281 -0.30746644735336304
v -0.13847291469573975 4.461053848266602 -0.7551221251487732
v 0.3770197927951813 5.487217426300049 -1.0664334297180176
v 0.3756241202354431 4.236454010009766 -1.044339656829834
v 0.5538076758384705 6.098365306854248 0.3669760823249817
v 1.0904741287231445 4.161579132080078 0.059686578810214996
v 0.9345437288284302 5.971409320831299 0.28988590836524963
v 0.10268683731555939 5.438427448272705 0.0399157889187336
v 0.814231276512146 4.159085750579834 0.34531453251838684
v 0.6758099794387817 4.39672327041626 0.2400246560573578
v -0.2166580706834793 4.730723857879639 -0.7226039171218872
v 1.097867488861084 4.847551345825195 0.3018161952495575
v 0.17827220261096954 4.759763240814209 -1.256036639213562
v 0.1561347097158432 5.55741548538208 -0.23941586911678314
v 0.7637403607368469 5.803027629852295 0.11299997568130493
v 0.4112517833709717 5.481318473815918 -1.0874407291412354
v 1.1621451377868652 4.561784744262695 -0.7275880575180054
v 0.3089190721511841 4.605940341949463 0.2936798334121704
v 0.12979619204998016 5.506491661071777 -0.21504230797290802
v -0.046016767621040344 6.153478145599365 0.4800194799900055
v 1.0939486026763916 4.162474155426025 0.08917766064405441
v 0.18904604017734528 4.787362098693848 -1.2714753150939941
v 0.17871540784835815 4.791036128997803 0.47685906291007996
v 0.9564972519874573 4.976801872253418 0.6759141683578491
v -0.28048697113990784 6.035492420196533 0.682004451751709
v 1.0335254669189453 4.397012710571289 -0.5336636304855347
v 0.5438840985298157 5.672351360321045 0.1116705909371376
v 0.961759090423584 4.810032367706299 0.5448519587516785
v 1.070728063583374 5.1096601486206055 0.5776301622390747
v -0.3838536739349365 6.465405464172363 0.6725643277168274
v 0.12356980890035629 5.438744068145752 0.0007675659144297242
v 0.9287394285202026 4.621033668518066 0.17506928741931915
v 0.1099509596824646 5.443578720092773 -0.10783310234546661
v 0.12222926318645477 5.975888729095459 0.7171660661697388
v 0.3717077374458313 4.833885192871094 0.6984380483627319
v 0.5191444754600525 5.845869064331055 0.2537726163864136
v 0.07149234414100647 4.184000015258789 0.13189832866191864
v 0.10414930433034897 5.463630199432373 -0.12459000945091248
v 1.0503572225570679 5.27711820602417 0.6587948203086853
v 0.1362101137638092 6.350509166717529 -0.010325293056666851
v 0.18857534229755402 5.572382926940918 -0.2891924977302551
v 0.1685982048511505 4.754096984863281 -1.251633644104004
v 0.7708584070205688 5.100088119506836 0.7697610259056091
v 0.8913130760192871 5.598562240600586 0.9321872591972351
v -0.26910826563835144 4.970695972442627 -0.14356441795825958
v -0.044120337814092636 4.200119972229004 -0.4877839982509613
v 0.041687604039907455 4.470305442810059 -0.056388746947050095
v 0.8353765606880188 4.408931732177734 -1.0776301622390747
v 1.2324974536895752 5.670201301574707 0.28381818532943726
v 0.33211082220077515 4.821585178375244 0.6751706600189209
v 0.19472545385360718 5.5699591636657715 -0.2671622931957245
v 0.8998492360115051 5.835341930389404 0.26888176798820496
v 0.8664436936378479 4.83962869644165 -1.1457163095474243
v 1.1342393159866333 4.583438873291016 -0.8033298254013062
v 1.223902940750122 5.34420919418335 0.5709830522537231
v 0.14880195260047913 5.153341770172119 0.4542548656463623
v 0.5241174101829529 4.677167892456055 0.5986055135726929
v 0.7654109001159668 4.15260124206543 0.3328035771846771
v 0.030732883140444756 6.2601494789123535 0.784936785697937
v 0.37775719165802 4.313000202178955 -1.2469130754470825
v 0.2685934603214264 4.1444315910339355 0.3851390480995178
v 1.0982707738876343 5.300184726715088 0.42117220163345337
v -0.20722930133342743 4.981186389923096 -0.08755101263523102
v 0.33267518877983093 5.461863040924072 0.5367228984832764
v 0.16222016513347626 4.740184783935547 -1.2950732707977295
v 1.209794044494629 4.714646816253662 -0.5379418134689331
v 0.13557451963424683 4.68018102645874 -1.280808448791504
v 0.5798150300979614 5.619271755218506 -0.9716846346855164
v 0.12500886619091034 5.475275993347168 -0.16599547863006592
v 0.22889181971549988 6.18685245513916 -0.22687354683876038
v 1.0765546560287476 5.064366340637207 -0.9389392733573914
v 0.3113725483417511 5.570382118225098 0.3575733006000519
v 0.5572060942649841 5.710272312164307 -0.38878437876701355
v 0.14247730374336243 4.34503698348999 -1.004024624824524
v 0.35187828540802 5.6826171875 0.47664767503738403
v 0.907660722732544 5.365833282470703 -0.9033455848693848
v 1.1669700145721436 4.934070587158203 -0.8114274740219116
v -0.2109614759683609 4.8346123695373535 -0.5719144344329834
v 0.23368172347545624 5.593943119049072 -0.2895228862762451
v 0.23148022592067719 4.790633201599121 -1.3268965482711792
v 0.19843226671218872 5.568059921264648 -0.29804420471191406
v 0.8378241658210754 5.881428241729736 0.8906069397926331
v -0.40428656339645386 6.462380409240723 0.6408557295799255
v 0.1264508217573166 5.469605445861816 -0.1292254477739334
v 1.165776252746582 4.935637474060059 -0.8135166168212891
v -0.09817221760749817 5.262764930725098 -0.6027392745018005
v 0.5814337730407715 4.527712821960449 0.2694641649723053
v 0.7569729089736938 5.886820316314697 0.8852812051773071
v 0.07903660833835602 5.1589789390563965 0.24456383287906647
v 0.0031304939184337854 5.246369361877441 -0.9697610139846802
v 0.3641732633113861 4.287288665771484 0.48776888847351074
v 0.41156136989593506 5.850869655609131 0.6598900556564331
v 1.0549962520599365 4.174125671386719 -0.03725923225283623
v 0.7011504769325256 4.633066177368164 0.5245567560195923
v 0.5139749646186829 4.247558116912842 0.5218958258628845
v 0.8194426894187927 5.652966499328613 -0.6522574424743652
v 0.16685247421264648 4.753693580627441 -1.3000837564468384
v -0.10636784881353378 6.316244125366211 0.7934982776641846
v 0.15769031643867493 4.712658405303955 -1.2848210334777832
v -0.1937655508518219 4.537499904632568 -0.6944060325622559
v 1.1188435554504395 4.152536869049072 -0.4872756898403168
v 1.0257004499435425 4.662334442138672 -0.9726817011833191
v 0.17911821603775024 4.6258544921875 -1.3976181745529175
v 0.24677735567092896 5.612044334411621 -0.30972862243652344
v -0.04783833026885986 4.203797817230225 -0.5328280925750732
v 0.1049511656165123 5.458258152008057 -0.14935414493083954
v 0.7722238898277283 5.100042343139648 0.7688508033752441
v 0.8274808526039124 6.029116630554199 0.5598832964897156
v 0.5684922933578491 6.077472686767578 0.3809923529624939
v 0.881039559841156 5.489490509033203 -0.09691855311393738
v 0.9854877591133118 5.00398588180542 0.6625084280967712
v 0.7627719044685364 5.100357532501221 0.7751520276069641
v 1.0777506828308105 4.152500152587891 0.22124896943569183
v 1.059698462486267 5.0953049659729 0.5886802673339844
v 0.8139148354530334 5.803385257720947 0.11511477828025818
v 0.12241841852664948 5.4745001792907715 -0.13572648167610168
v 0.6893529891967773 5.802369117736816 0.8167774677276611
v 0.9492584466934204 5.399275779724121 -0.10024716705083847
v -0.4011688232421875 6.131985664367676 0.6606408953666687
v 1.0530062913894653 5.360653400421143 0.2938551604747772
v 0.16016249358654022 4.521968841552734 -1.3573157787322998
v 0.5851958990097046 5.083807468414307 -1.3036150932312012
v -0.30487900972366333 4.942115306854248 -0.28642717003822327
v 1.2665939331054688 4.84226131439209 -0.5172512531280518
v 0.6081532835960388 4.542407989501953 -1.4786320924758911
v 0.5076468586921692 5.07847261428833 -1.2984724044799805
v 0.4653434157371521 5.597775936126709 -0.1152791902422905
v 0.20996929705142975 4.367420196533203 0.25067946314811707
v 1.0972211360931396 5.065300464630127 -0.2386375367641449
v 0.18931888043880463 4.797999858856201 -1.2772717475891113
v 0.760807454586029 5.677499771118164 -0.8003946542739868
v 0.12711797654628754 4.251286029815674 -0.8721902966499329
v 0.17726099491119385 4.712011814117432 -1.2502659559249878
v 0.6423442959785461 4.264957904815674 -1.112664818763733
v 1.0031009912490845 4.346871376037598 -0.7586971521377563
v 0.9858443737030029 4.534852504730225 -0.24040989577770233
v -0.20393849909305573 4.54556131362915 -0.2205759584903717
v 0.2041988968849182 5.581350326538086 -0.2783997356891632
v -0.20290741324424744 5.094778060913086 -0.34520256519317627
v 1.0213584899902344 4.3799147605896 -0.5994629859924316
v 0.9732833504676819 4.9908552169799805 0.6698578596115112
v 0.1412334144115448 5.432299613952637 -0.01928873546421528
v 0.34013664722442627 4.218774318695068 0.5134544372558594
v 1.0841960906982422 5.122215747833252 -0.3187793791294098
v 0.20771700143814087 5.061969757080078 -1.2058855295181274
v 0.32098308205604553 5.491472244262695 0.4928816854953766
v 0.11738157272338867 5.433588027954102 0.0033522117882966995
v 0.08961708843708038 4.361639022827148 -0.9265173673629761
v -0.10386043787002563 4.453710079193115 -0.8278391361236572
v 0.9666523337364197 4.198379039764404 -0.7465593218803406
v 0.37891095876693726 4.237649440765381 -1.04852294921875
v 0.12944579124450684 5.408827304840088 -0.005345698446035385
v 0.9840698838233948 5.474402904510498 0.15459685027599335
v 0.8017106652259827 5.944392204284668 0.2641911208629608
v 0.15535305440425873 4.688683986663818 -1.2788290977478027
v -0.19958041608333588 6.397252559661865 0.7925160527229309
v 0.13409937918186188 5.011579990386963 0.4170592427253723
v 0.11175286024808884 5.438281536102295 -0.048241451382637024
v 0.398074746131897 5.865224361419678 0.48574623465538025
v 0.026848288252949715 6.386664867401123 -0.3429735600948334
v 0.82524573802948 4.5581488609313965 0.20704489946365356
v 0.4116719961166382 4.140606880187988 0.4698929190635681
v -0.40725448727607727 6.459073066711426 0.6321460008621216
v -0.022120019420981407 6.4546942710876465 -0.3192690908908844
v 0.25441795587539673 6.178893566131592 0.13820472359657288
v 0.8600000143051147 4.860270977020264 -1.1631563901901245
v 0.45938870310783386 5.363468647003174 0.7326640486717224
v 1.217765212059021 5.340756416320801 0.5581543445587158
v 0.5129023194313049 6.249896049499512 0.12450208514928818
v 0.11379440873861313 4.6723222732543945 -1.254016637802124
v 0.7233437299728394 5.097194671630859 0.7954579591751099
v 1.1290934085845947 4.892012596130371 0.2850775420665741
v 1.2497963905334473 4.815561771392822 -0.47609272599220276
v 0.061952292919158936 5.436863422393799 -0.29689088463783264
v 0.13469350337982178 5.437519550323486 -0.08914098888635635
v -0.05249997228384018 4.218050479888916 -0.6089642643928528
v 0.928257942199707 5.362689971923828 -0.8521912097930908
v 0.717167317867279 4.562331199645996 -1.2906655073165894
v 0.2770776152610779 4.398016452789307 0.3240777254104614
v 0.9561232328414917 5.386925220489502 -0.09860949963331223
v 1.1592044830322266 4.782910346984863 -0.7448251247406006
v 1.3169679641723633 5.519229412078857 0.5837979912757874
v 1.0903640985488892 5.671627521514893 0.8002542853355408
v 0.7157981991767883 4.568150520324707 -1.293231725692749
v 0.8002901673316956 5.842792510986328 0.26009663939476013
v 1.25331711769104 5.403514862060547 0.6302382946014404
v 0.10255224257707596 5.455225944519043 -0.13388708233833313
v 0.26787301898002625 4.4398369789123535 -1.3409262895584106
v 1.0440727472305298 4.428658962249756 -0.3563995063304901
v 1.0219937562942505 4.214505195617676 -0.08299356698989868
v 0.18841658532619476 4.733241558074951 -1.2914166450500488
v 1.0892847776412964 4.835087776184082 0.30610767006874084
v 0.12817516922950745 4.718564033508301 -1.261562705039978
v 0.12672461569309235 5.975770473480225 0.7168111205101013
v 0.0960182324051857 5.977193832397461 0.7193867564201355
v 0.505989670753479 5.84711217880249 0.2641565203666687
v 1.0237064361572266 4.365618705749512 -0.6479054689407349
v 0.9592165946960449 5.903750896453857 0.3053428530693054
v 0.8888667821884155 4.415999889373779 -1.0345065593719482
v 0.1962769627571106 4.7675909996032715 -1.314046859741211
v 1.163225531578064 4.561424732208252 -0.724107027053833
v 0.5898169279098511 4.258139133453369 -1.089012622833252
v 0.20877547562122345 4.822602272033691 -1.2878367900848389
v 1.01971435546875 4.742201328277588 -0.23416881263256073
v 0.4071729779243469 5.639051914215088 0.23498232662677765
v 0.18844246864318848 5.552025318145752 -0.28253182768821716
v 0.20558500289916992 4.276914596557617 -0.8836385011672974
v -0.05730072036385536 5.258350849151611 -0.3357030153274536
v 1.0399762392044067 4.891904830932617 0.5006904006004333
v 0.22179752588272095 5.5909552574157715 -0.28742700815200806
v 0.9881899356842041 4.161787509918213 0.3064797520637512
v 0.21021215617656708 5.562986373901367 -0.2867603600025177
v 0.6974594593048096 6.028662204742432 0.304610937833786
v 0.5230896472930908 4.283060073852539 0.5222015380859375
v 0.1360085904598236 5.439081192016602 -0.09713596850633621
v 0.38234537839889526 5.399875164031982 0.6753354072570801
v 0.9453463554382324 4.798524856567383 0.5548444390296936
v 0.40303274989128113 5.70815372467041 -0.3641050159931183
v 0.08963857591152191 4.250500202178955 -0.8605085611343384
v -0.17094393074512482 4.5424299240112305 -0.5693647861480713
v 0.3616686165332794 4.145493507385254 0.4565778374671936
v 0.22815462946891785 5.592593193054199 -0.31059321761131287
v 0.12974420189857483 5.4268574714660645 -0.06965957581996918
v 0.4441179931163788 6.343029022216797 0.06450032442808151
v 0.8583778142929077 5.794972896575928 0.11650002002716064
v 0.46723973751068115 6.1214599609375 -0.04968039691448212
v -0.04547034204006195 4.228176593780518 -0.6558735370635986
v 0.17902594804763794 5.440577983856201 0.08995449542999268
v 0.38340234756469727 5.649342060089111 0.6054255962371826
v 0.17605362832546234 5.545487880706787 -0.24595600366592407
v 0.4157986044883728 5.071499824523926 -1.2786495685577393
v 0.32374924421310425 6.441989421844482 -0.01778469607234001
v 0.41412967443466187 4.846039295196533 0.7155470848083496
v 1.0405292510986328 5.391849040985107 0.24377217888832092
v 0.06579854339361191 4.774104595184326 0.04002084210515022
v 0.06792602688074112 4.767722129821777 0.038744308054447174
v -0.22323064506053925 4.527159690856934 -0.312543123960495
v 0.9658428430557251 4.431814193725586 -0.20799408853054047
v 0.3633677363395691 4.231327533721924 -1.0281952619552612
v 0.11175704747438431 5.429211139678955 -0.05056421831250191
v 0.17478515207767487 4.708714008331299 -1.2796669006347656
v 0.13745281100273132 5.435972690582275 -0.009452859871089458
v 1.0152373313903809 4.238059997558594 -0.07659328728914261
v 1.0293047428131104 5.2904839515686035 -0.6814607977867126
v 0.7967520952224731 5.88730525970459 0.8915972709655762
v 1.2762104272842407 5.55990743637085 0.7174537181854248
v -0.037550125271081924 4.4200873374938965 -0.1440969854593277
v -0.01240111980587244 6.438048362731934 -0.32859882712364197
v -0.22622303664684296 5.090000152587891 -0.45913460850715637
v -0.031228259205818176 5.2347331047058105 -0.22892755270004272
v 1.084665298461914 4.355839252471924 -0.18480360507965088
v 0.7970455884933472 5.534119129180908 -0.11264770478010178
v 0.09377484768629074 5.427025318145752 0.024075137451291084
v 0.13203021883964539 5.507345199584961 -0.21383000910282135
v 1.0497698783874512 4.822788238525391 -0.21043866872787476
v 0.9536893963813782 4.164493560791016 0.3259121775627136
v 0.1101088598370552 5.439648151397705 -0.07126244157552719
v 0.24231292307376862 6.197979927062988 0.12041855603456497
v 0.24437478184700012 5.607154369354248 -0.31115445494651794
v 0.5953463315963745 5.326080799102783 0.8283530473709106
v 0.09853026270866394 6.303293228149414 -0.3220926523208618
v 0.1820782870054245 6.022305965423584 0.41533178091049194
v 1.0964525938034058 4.284996032714844 -0.14223632216453552
v 0.7624496221542358 5.802964687347412 0.11299997568130493
v 0.5636271834373474 5.709416389465332 -0.3898545801639557
v 0.1787625551223755 4.727217197418213 -1.2451817989349365
v 0.47233834862709045 5.620564937591553 0.7907952666282654
v 0.42399176955223083 5.934335708618164 0.4764261841773987
v 0.20695069432258606 6.503347873687744 -0.0859881117939949
v 0.019918661564588547 4.460459232330322 -0.07508129626512527
v 1.1421079635620117 5.920351028442383 0.5065338611602783
v 1.0261473655700684 5.296645164489746 -0.08300001174211502
v 1.2221318483352661 5.674764156341553 0.27561309933662415
v 1.062401294708252 5.879061698913574 0.33977165818214417
v 0.5211531519889832 4.678127288818359 0.5981696248054504
v 0.2213517427444458 4.808316707611084 -1.281052827835083
v 0.20734630525112152 4.802606105804443 -1.3263463973999023
v 1.230793833732605 5.375068187713623 0.638480544090271
v 0.9107831120491028 5.4708027839660645 -0.09855923056602478
v 0.5342714786529541 5.626669406890869 -0.9509492516517639
v 0.09716242551803589 6.305116653442383 -0.32292842864990234
v 0.18109455704689026 6.292682647705078 0.04559444636106491
v 1.0355747938156128 5.40541934967041 0.22629623115062714
v -0.036606691777706146 4.204035758972168 -0.3467699885368347
v 0.10303669422864914 5.473958969116211 -0.14087149500846863
v 1.0829472541809082 4.976473331451416 -0.19104383885860443
v 1.167917013168335 5.88252592086792 0.5139532685279846
v 0.4348110258579254 5.880406379699707 0.6934771537780762
v 1.1327229738235474 4.30816125869751 0.24362652003765106
v 0.28346821665763855 6.03334379196167 0.7220751643180847
v 0.7808358669281006 5.919839859008789 0.25450003147125244
v -0.022992882877588272 4.43186616897583 -0.1229366660118103
v 0.21870115399360657 5.574207305908203 -0.2872484624385834
v 0.6201570630073547 5.903575897216797 0.19702620804309845
v 0.5354728102684021 4.412059307098389 0.33085739612579346
v 0.06988615542650223 4.247386455535889 -0.8485226631164551
v 0.7402895092964172 5.63740348815918 0.09469949454069138
v 0.20291560888290405 6.26137638092041 0.0677165761590004
v 1.1863852739334106 4.848487377166748 -0.7319936156272888
v 0.1328139305114746 6.12437629699707 0.7799047827720642
v 0.11863039433956146 5.431097507476807 0.0375015027821064
v 0.3562983572483063 4.828932762145996 0.6896789073944092
v 0.10602360963821411 5.489190578460693 -0.18723787367343903
v 0.2112189680337906 5.967638969421387 0.7125692963600159
v 1.0447582006454468 4.402282238006592 0.05750366672873497
v 0.1206403598189354 5.414829730987549 0.027553699910640717
v 0.9665202498435974 5.490148067474365 -0.5076660513877869
v 0.7014772891998291 5.791022777557373 0.8145043253898621
v 0.1799347847700119 5.569331169128418 -0.2714099586009979
v 0.285557359457016 4.400211811065674 0.33188989758491516
v 0.908500075340271 5.801297187805176 0.8591251969337463
v 0.09631652384996414 4.5283989906311035 -1.126354694366455
v 1.253523349761963 5.661898612976074 0.2994023263454437
v 0.11737308651208878 4.346277713775635 -0.9208095073699951
v 0.4549545645713806 6.329322338104248 0.07411985844373703
v 0.8028683662414551 4.157715797424316 0.34386056661605835
v -0.014872011728584766 4.236173629760742 -0.7215182781219482
v 0.11099997907876968 5.510088920593262 -0.20276959240436554
v 0.6101656556129456 5.674116611480713 0.1036747545003891
v 0.3981176018714905 5.641307353973389 0.6660065650939941
v -0.14565646648406982 4.43643856048584 -0.6708796620368958
v -0.05848852917551994 6.160799980163574 0.4824333190917969
v 1.2843551635742188 5.649714469909668 0.3249860405921936
v 0.1158517524600029 5.433292388916016 -0.017679857090115547
v 1.0157060623168945 5.783900737762451 0.3415038585662842
v 0.9629325270652771 4.982397556304932 0.6733959317207336
v -0.22633250057697296 5.090000152587891 -0.4597727656364441
v 1.1536511182785034 4.143616199493408 -0.35239535570144653
v 0.3867516815662384 6.344245433807373 0.18425357341766357
v -0.17626704275608063 6.232735633850098 0.5082451701164246
v 0.10396701842546463 4.183781147003174 0.15159328281879425
v 0.07105784863233566 6.157430171966553 0.794670820236206
v 0.8525173664093018 5.5945024490356445 0.9489931464195251
v 0.18357491493225098 4.776175498962402 -1.3081830739974976
v -0.04835682734847069 4.204357147216797 -0.5454201102256775
v 0.1186157837510109 5.587000370025635 -0.5341921448707581
v 1.0969645977020264 4.270565032958984 -0.13503257930278778
v 0.17649167776107788 4.740512847900391 0.2313692718744278
v 0.5233238339424133 6.104733943939209 0.025615055114030838
v 0.5803488492965698 4.558581352233887 -1.5111162662506104
v 1.1328030824661255 5.564806938171387 0.7311556935310364
v 0.16526035964488983 4.487979412078857 -0.0011156528489664197
v 0.2409030944108963 4.79995059967041 -1.287841796875
v 0.7780879139900208 5.837490081787109 0.8662840723991394
v 1.170494794845581 4.558752536773682 -0.6855794191360474
v 0.8115752935409546 5.885334491729736 0.8917086124420166
v 1.0410104990005493 5.390542507171631 0.24590396881103516
v -0.026582729071378708 4.609973430633545 -0.07951457053422928
v 0.11257996410131454 5.441002368927002 0.026666443794965744
v 0.5671848058700562 4.874141216278076 0.7707827687263489
v 0.14876683056354523 4.748204708099365 -1.2677021026611328
v 0.8254098892211914 4.160487174987793 0.3461218774318695
v 0.9646385312080383 5.7855448722839355 0.3043653666973114
v 0.8177966475486755 4.42231559753418 0.2776241600513458
v 1.1884030103683472 4.863336086273193 -0.7409228682518005
v 0.6336362957954407 5.672338962554932 0.10588709264993668
v 0.2214965522289276 5.575139045715332 -0.2926459014415741
v 1.0287667512893677 4.191733360290527 -0.6389999389648438
v -0.13460281491279602 4.462472915649414 -0.7655578255653381
v 0.20080982148647308 5.566921710968018 -0.29892149567604065
v 0.37050071358680725 6.136031150817871 -0.14392146468162537
v 1.10499906539917 5.2790021896362305 0.47899407148361206
v 0.6362099647521973 5.378232955932617 -1.1825603246688843
v 0.7162299752235413 4.566300392150879 -1.2924301624298096
v 0.2370702624320984 5.588468551635742 -0.29583820700645447
v 0.13860388100147247 6.34795618057251 -0.0068142912350595
v 1.0340321063995361 4.190624713897705 -0.6306859254837036
v 0.5334194302558899 6.123596668243408 0.34691953659057617
v 0.15068496763706207 4.75063419342041 -1.2660397291183472
v 0.18983028829097748 4.724579811096191 -1.281585454940796
v 0.1256917119026184 5.474540710449219 -0.17273841798305511
v 1.0837796926498413 4.203481197357178 0.26438984274864197
v 0.1193268746137619 5.471163749694824 -0.1782548725605011
v 0.12904030084609985 5.456442832946777 -0.13579866290092468
v 0.9456490874290466 4.202970027923584 -0.7810262441635132
v 0.38256147503852844 6.10060977935791 0.6762439608573914
v 0.2963440716266632 5.4802021980285645 0.6050412654876709
v 0.7799952030181885 5.818258762359619 0.8569968342781067
v 0.32088595628738403 6.444201946258545 -0.019736874848604202
v 0.7891685366630554 4.908379554748535 0.7481566667556763
v 0.17329712212085724 4.722678184509277 -1.2448523044586182
v -0.2643016278743744 6.436340808868408 0.780979335308075
v 0.40148207545280457 5.906257152557373 0.4933800995349884
v 0.1959361433982849 4.6724534034729 -1.4161137342453003
v -0.023499779403209686 4.183499813079834 0.014500497840344906
v 0.3483934998512268 5.069125652313232 -1.256881594657898
v 1.0563071966171265 4.739985466003418 0.08075710386037827
v 0.22776642441749573 4.799961090087891 0.5734570622444153
v 0.4522773325443268 5.626988887786865 0.7645363211631775
v 0.4198419451713562 5.639510631561279 -0.9105210900306702
v -0.03716127946972847 4.606550693511963 -0.08138146251440048
v 0.49063840508461 5.617983818054199 0.8106465935707092
v 0.6752589344978333 6.054292678833008 0.34798210859298706
v 0.5205754637718201 4.5820183753967285 -1.542018175125122
v 0.4012099802494049 4.841432094573975 0.7113890051841736
v 0.4743034243583679 4.594799041748047 -1.5454002618789673
v 0.4198184311389923 6.127891540527344 -0.10296478867530823
v 0.9783252477645874 5.4051690101623535 -0.22696377336978912
v 0.6561801433563232 4.141933441162109 0.42418715357780457
v 0.8784437775611877 5.299760341644287 0.7807338237762451
v -0.2891393303871155 6.449199676513672 0.767080545425415
v 0.9765288233757019 5.724903583526611 0.8327019214630127
v 0.38587966561317444 4.576110363006592 0.30392003059387207
v 0.12594188749790192 4.649990558624268 -1.2033836841583252
v 0.324972927570343 6.441043376922607 -0.01695028692483902
v 1.0301249027252197 4.420875072479248 0.09125015139579773
v 0.11101018637418747 5.049558162689209 -1.1457918882369995
v 1.0420424938201904 4.40173864364624 -0.5036994218826294
v 1.1429040431976318 4.146074295043945 -0.27776557207107544
v 0.39261123538017273 4.331611156463623 0.44642144441604614
v 1.007364273071289 4.445995807647705 -0.2676110863685608
v 0.6682949066162109 5.7980732917785645 0.11835573613643646
v -0.3241521418094635 6.064655780792236 0.6751678586006165
v 1.1902154684066772 5.690202713012695 0.24671559035778046
v 0.5248680114746094 5.080169677734375 -1.3013396263122559
v 1.1479524374008179 5.912315845489502 0.5083601474761963
v 0.23559071123600006 4.809881687164307 -1.335118055343628
v -0.005253224167972803 4.94166898727417 0.04424680396914482
v 0.4079432487487793 5.710095405578613 -0.3652825951576233
v 0.1341511607170105 5.530874729156494 -0.23705165088176727
v 0.3710339069366455 5.487935543060303 -1.0623630285263062
v 0.6005098223686218 4.771232604980469 -1.533381700515747
v 0.16582289338111877 5.5615129470825195 -0.25624004006385803
v 0.39917176961898804 5.705925941467285 -0.3630654215812683
v 0.3482242226600647 6.425581932067871 -0.0006786842714063823
v 0.8571418523788452 6.044588565826416 0.37005674839019775
v 0.8051720261573792 5.666803359985352 -0.6982377767562866
v 0.05605901777744293 4.816646099090576 0.048440974205732346
v 0.18980053067207336 4.724544525146484 -1.2816059589385986
v 0.9805850982666016 5.339351177215576 -0.7568159699440002
v 1.0053977966308594 4.440061092376709 0.13340838253498077
v 0.11034248769283295 4.684946060180664 -1.2489231824874878
v 0.27388691902160645 5.686498641967773 -0.5496934652328491
v 0.5027435421943665 4.2639055252075195 -1.1040621995925903
v 0.692277729511261 5.79999303817749 0.8162292242050171
v 0.1344459056854248 5.436375141143799 -0.08880069106817245
v 0.5949671268463135 4.13521671295166 0.4549165368080139
v -0.09005048871040344 4.3885064125061035 -0.2219809591770172
v -0.30835962295532227 4.916367053985596 -0.47011059522628784
v -0.23100939393043518 6.010427474975586 0.6977282166481018
v 0.4737175703048706 6.120380401611328 -0.04104328528046608
v 0.7703964710235596 4.374539852142334 -1.104326605796814
v 0.13103264570236206 4.700366497039795 -1.2755327224731445
v 1.0780174732208252 5.323024749755859 0.3686790466308594
v 0.21968765556812286 5.58012580871582 -0.2860155403614044
v 0.06363453716039658 4.247114658355713 -0.8449890613555908
v 0.35329899191856384 4.264059543609619 0.5021164417266846
v 0.8535341620445251 5.8779497146606445 0.8905332088470459
v 0.12129516899585724 4.688682556152344 -1.2762951850891113
v 1.0142000913619995 5.310886859893799 -0.7066465020179749
v 0.1604546755552292 4.48685884475708 -1.338724970817566
v 0.6936889290809631 6.035918235778809 0.31452521681785583
v 0.11455857008695602 5.430002689361572 -0.0403364896774292
v 0.3161731958389282 5.590080738067627 0.3120112717151642
v 0.985449492931366 4.354280948638916 -0.8097023963928223
v 0.22076891362667084 5.164015293121338 0.559676468372345
v -0.03576948866248131 5.118189811706543 0.005809247028082609
v 1.2686687707901 5.428837776184082 0.6246659755706787
v 0.17815178632736206 4.777503490447998 -1.3023172616958618
v 1.010708212852478 4.696646690368652 0.1238163411617279
v 0.11271670460700989 5.417486190795898 -0.003311452455818653
v -0.09598512202501297 4.5898966789245605 -0.0931796133518219
v 1.2539634704589844 4.820540904998779 -0.48384976387023926
v 0.020117273554205894 5.233798027038574 -0.9973189830780029
v 0.31926968693733215 5.953918933868408 0.7055000066757202
v 0.17342054843902588 4.7797932624816895 -1.297800064086914
v 0.9458553194999695 5.295145034790039 0.7396933436393738
v 0.11507652699947357 4.613911151885986 -1.1854556798934937
v 1.2577346563339233 4.825695037841797 -0.491929829120636
v 0.683657169342041 4.6679582595825195 -1.3304555416107178
v 0.5268694162368774 6.1033830642700195 0.03000493533909321
v 0.5427051186561584 4.131100654602051 0.4701988399028778
v 0.8370445370674133 4.567065715789795 0.2029126137495041
v 0.17474938929080963 4.778337001800537 -1.29863703250885
v 0.23608891665935516 5.594219207763672 -0.3110138475894928
v 0.5639982223510742 4.87327241897583 0.7690443396568298
v 0.7158742547035217 5.09548282623291 0.7980441451072693
v 0.23411740362644196 4.799378871917725 -1.2862954139709473
v 0.18280291557312012 6.290333271026611 0.047303006052970886
v 1.1652216911315918 4.560729503631592 -0.717564046382904
v 0.7566373348236084 5.802589416503906 0.11299997568130493
v 0.1155514195561409 5.44833517074585 -0.13372188806533813
v 0.13340042531490326 4.717645645141602 -1.2401175498962402
v 1.069788932800293 5.0876007080078125 -0.9500687718391418
v 0.8977853059768677 5.911265850067139 0.2790192663669586
v 0.30783769488334656 6.4512529373168945 -0.026753295212984085
v 0.9212886095046997 5.364387035369873 -0.8699724674224854
v 1.0895622968673706 4.33012580871582 -0.16878163814544678
v 0.7048211097717285 4.422225475311279 -1.2150592803955078
v -0.07470910996198654 4.397309303283691 -0.19640003144741058
v 0.13551512360572815 6.524396896362305 -0.12915648519992828
v 0.9087589383125305 4.774279594421387 0.5758406519889832
v 0.7324941158294678 4.352692127227783 -1.1046302318572998
v -0.12874767184257507 5.186922073364258 -0.7554081678390503
v 0.8086681962013245 4.905155181884766 0.7373879551887512
v 0.258288711309433 4.832237243652344 -1.3380928039550781
v 0.15405921638011932 4.7208757400512695 -1.2914652824401855
v 1.0756678581237793 5.068542003631592 -0.9410210847854614
v 1.164665937423706 5.887334823608398 0.513333261013031
v 0.12033239752054214 5.434886455535889 0.006539032328873873
v 0.5706624984741211 6.06351900100708 0.1919911801815033
v 0.44431349635124207 4.856770992279053 0.7251898050308228
v 0.8124039173126221 4.547845363616943 0.21071811020374298
v 1.0382583141326904 5.069598197937012 0.6107416152954102
v 0.9647231698036194 5.841270923614502 0.30677086114883423
v -0.2211349606513977 4.528955936431885 -0.30176565051078796
v 0.4932786822319031 5.981066703796387 0.699648380279541
v 0.7175856232643127 5.562013626098633 -1.0159438848495483
v 0.1676618605852127 4.17333459854126 0.2176440805196762
v 0.21596762537956238 4.761038780212402 -1.2989979982376099
v 0.12117432802915573 5.975916385650635 0.7172493934631348
v 0.10673899948596954 5.013999938964844 0.38589462637901306
v 1.0210871696472168 4.74582052230835 -0.23379436135292053
v 0.8677040934562683 6.044000148773193 0.37415340542793274
v -0.19600076973438263 5.105687618255615 -0.16644103825092316
v 0.4976743757724762 4.588284969329834 -1.5449999570846558
v 1.1065984964370728 4.158915996551514 -0.507372260093689
v 0.09574346244335175 4.524960517883301 -1.1232982873916626
v 0.1453557312488556 6.339680194854736 0.0025515323504805565
v -0.2665806710720062 6.28758430480957 0.5279081463813782
v 1.2906450033187866 5.547284126281738 0.7107842564582825
v 0.4021742641925812 5.918581962585449 0.3083483576774597
v -0.22685636579990387 5.090000152587891 -0.4628290832042694
v 0.1648045927286148 5.560935974121094 -0.263368159532547
v 0.465242862701416 6.317925453186035 0.0830768570303917
v 0.19740429520606995 4.162898540496826 0.28755733370780945
v 0.1669362634420395 6.227819442749023 -0.2661975026130676
v 0.34456369280815125 6.012079238891602 0.7082777619361877
v 0.48546695709228516 5.657069683074951 0.17041215300559998
v 0.9088601469993591 5.8095622062683105 0.8634611368179321
v 0.16415461897850037 4.732508659362793 -1.241981863975525
v 1.0049068927764893 5.317713737487793 -0.22840680181980133
v 1.1492068767547607 4.920546054840088 0.27242541313171387
v 0.22093239426612854 4.8098649978637695 -1.281310796737671
v 0.23800767958164215 4.810273170471191 -1.3330293893814087
v 0.12407144904136658 5.451666831970215 -0.1371428668498993
v 0.2465207278728485 5.600562572479248 -0.31016677618026733
v 0.9073389172554016 4.415999889373779 -1.019494891166687
v 1.0027233362197876 4.35258674621582 -0.12392660975456238
v -0.097679503262043 5.263914585113525 -0.5963339805603027
v 0.17163443565368652 4.710813045501709 -1.2862564325332642
v 0.9565962553024292 4.632809638977051 0.16990450024604797
v 0.1994924694299698 4.752354145050049 -1.258879542350769
v -0.1878180354833603 4.843250274658203 -0.6691386699676514
v 0.05234231427311897 5.317760944366455 0.06640996783971786
v 0.9481054544448853 5.45359992980957 -0.22792622447013855
v 1.2106056213378906 4.7125244140625 -0.5275213718414307
v 1.109935998916626 5.247128009796143 0.1193525567650795
v 0.009595868177711964 6.408699989318848 -0.3405782878398895
v 0.3826168179512024 5.6520915031433105 0.5967845916748047
v 0.7917488813400269 5.670812606811523 -0.7280649542808533
v 0.13006117939949036 5.437678337097168 -0.0020611293148249388
v 0.49356570839881897 6.013685703277588 0.5048474073410034
v 1.2337491512298584 5.669700622558594 0.2847692370414734
v 0.1796688288450241 4.260773181915283 0.20533762872219086
v 0.20259077847003937 6.011590957641602 0.4102726876735687
v 0.9399012327194214 5.463582992553711 -0.22801043093204498
v 1.0946714878082275 5.0443572998046875 -0.21918576955795288
v 1.0956292152404785 5.304227828979492 0.41088733077049255
v 0.17054511606693268 5.539636135101318 -0.25945454835891724
v 1.003926396369934 5.421184062957764 -0.5255926251411438
v 0.06923961639404297 6.085968971252441 0.44903314113616943
v 0.39891472458839417 5.867743968963623 0.4847661852836609
v -0.19280266761779785 4.98199987411499 -0.08106093108654022
v 0.00886597577482462 5.241380214691162 -0.9801123142242432
v 0.38941559195518494 6.0990800857543945 0.675815999507904
v 1.2103850841522217 5.364132404327393 0.6446225643157959
v 1.0365183353424072 4.190101623535156 -0.6267604231834412
v 1.0377079248428345 4.889327049255371 0.5015153884887695
v 0.4780859649181366 4.868673324584961 0.7328041195869446
v 1.1867889165878296 5.691744804382324 0.2432890236377716
v 0.29907071590423584 6.456071853637695 -0.031095482409000397
v 0.3508938252925873 4.853144645690918 -1.332078456878662
v 0.305949866771698 4.21903657913208 -0.9511202573776245
v 0.9085453748703003 5.599940299987793 0.9238354563713074
v 0.18553020060062408 4.715668201446533 -1.2595733404159546
v 1.0501275062561035 5.2181172370910645 -0.5407035946846008
v 1.1152162551879883 4.65681266784668 -0.8330382704734802
v 0.4014759659767151 5.988364219665527 0.7049090266227722
v -0.3858170211315155 6.434000015258789 0.7083903551101685
v 0.2109861969947815 4.753182888031006 -1.294710636138916
v 0.11390859633684158 5.430572032928467 -0.023314906284213066
v 0.7230509519577026 5.0971269607543945 0.7955593466758728
v 0.8222301006317139 6.030480861663818 0.5587369799613953
v 1.2137506008148193 4.698993682861328 -0.4902358651161194
v 1.0231841802597046 4.3640522956848145 -0.6557390093803406
v -0.18612107634544373 4.863394737243652 -0.7169104218482971
v 1.0000754594802856 4.374552249908447 -0.13962805271148682
v 0.19036413729190826 4.783407688140869 -1.2671916484832764
v -0.4026230275630951 6.432959079742432 0.6938415169715881
v 0.4547770917415619 5.3666768074035645 0.7286539673805237
v 1.0853722095489502 4.942364692687988 0.48223310708999634
v 0.4849584400653839 5.456847190856934 -1.1281615495681763
v -0.020175358280539513 5.02906608581543 0.030324606224894524
v 0.9959533214569092 5.869966506958008 0.31717991828918457
v 0.2971437871456146 5.96417760848999 0.3869960606098175
v 1.0390679836273193 4.4344096183776855 -0.3275666832923889
v 0.46767905354499817 4.845107078552246 -1.357285737991333
v 1.0766414403915405 5.142455101013184 -0.3545997440814972
v 0.14426985383033752 5.974734783172607 0.7158087491989136
v 1.1344252824783325 4.583197116851807 -0.8028090596199036
v 1.0389348268508911 5.984292030334473 0.4685184359550476
v 0.7717748880386353 5.676974773406982 -0.7788254022598267
v -0.12446413189172745 5.989975452423096 0.7157193422317505
v -0.04444129765033722 4.228565692901611 -0.6592493653297424
v -0.13473643362522125 4.388864517211914 -0.4841476380825043
v 0.13235226273536682 5.447564601898193 -0.11057758331298828
v 0.9086704254150391 5.805577754974365 0.8613740801811218
v 0.978409469127655 4.995790004730225 0.6673514246940613
v 1.0914270877838135 4.838194370269775 0.3050365149974823
v 0.43161389231681824 4.252528667449951 -1.091229796409607
v 0.12792156636714935 5.525066375732422 -0.19720500707626343
v 0.34136709570884705 4.2257466316223145 0.5130442976951599
v -0.06948750466108322 4.192902088165283 -0.19085220992565155
v 0.6469981670379639 6.051816940307617 0.4117288291454315
v 0.09963686764240265 4.548186779022217 -1.1434129476547241
v 0.1215967908501625 6.131438732147217 0.7819820046424866
v 0.448460191488266 4.418276786804199 0.3853837549686432
v -0.11882489174604416 4.3728814125061035 -0.290077805519104
v 1.0151299238204956 4.3516082763671875 -0.7220025062561035
v 1.086259126663208 4.2253522872924805 -0.12318500876426697
v 0.1181291863322258 5.44329833984375 -0.04290308803319931
v 0.135062575340271 5.415889263153076 -0.02900000847876072
v 0.5163258910179138 4.825331211090088 -1.3560360670089722
v 0.1289670467376709 5.4986138343811035 -0.1773384064435959
v 0.4674193263053894 5.9930644035339355 0.5028806328773499
v 0.7742578983306885 5.5457611083984375 -0.11820068955421448
v 0.11975729465484619 5.513465404510498 -0.18435674905776978
v 0.3966670334339142 5.927486419677734 0.30087220668792725
v 1.0716416835784912 4.769676208496094 0.06439419835805893
v 0.6884906888008118 4.344522476196289 0.25998491048812866
v 0.9420065879821777 4.203698635101318 -0.7864899635314941
v 0.6380581855773926 6.047035217285156 0.4159882962703705
v -0.26731806993484497 6.288051128387451 0.5279818177223206
v 0.9918745160102844 4.446136474609375 0.15197783708572388
v -0.2303386926651001 6.265353679656982 0.5216163396835327
v 0.19340895116329193 6.27540922164917 0.057909056544303894
v 0.2602005898952484 6.1714606285095215 -0.2072039395570755
v 0.17036336660385132 4.438344955444336 -1.293046474456787
v 0.03634365648031235 6.4015302658081055 -0.16355176270008087
v 1.090743899345398 4.161623954772949 0.0612151101231575
v 0.6977769732475281 4.633186340332031 0.5264844298362732
v 0.22101177275180817 4.832913398742676 -1.3339252471923828
v 1.0310105085372925 5.738601207733154 0.1393817961215973
v 0.16850002110004425 4.407724857330322 0.09101555496454239
v 0.3896523416042328 5.637260437011719 0.24760371446609497
v 1.074248194694519 4.929491996765137 -0.18850086629390717
v -0.015701694414019585 4.422555923461914 -0.9021192789077759
v 0.9358161687850952 4.791062355041504 0.5609377026557922
v -0.21056543290615082 4.540075778961182 -0.24141359329223633
v 0.4206855893135071 5.637969017028809 0.7163404226303101
v 0.4682752192020416 4.4095001220703125 -1.3548882007598877
v 0.9371077418327332 4.227301120758057 0.37828463315963745
v 0.47531527280807495 4.594546318054199 -1.5454846620559692
v 0.10311993956565857 4.663537502288818 0.014397162944078445
v 1.0136034488677979 4.350976467132568 -0.7263405919075012
v 0.0911676436662674 5.433122634887695 0.025031356140971184
v 0.08403027057647705 4.183927059173584 0.14038462936878204
v -0.05902507156133652 5.259644031524658 -0.3429817259311676
v 0.9922139644622803 4.564211368560791 -0.24217839539051056
v 1.2668850421905518 4.870112895965576 -0.5539577603340149
v 0.18658514320850372 6.01985502243042 0.4142801761627197
v 0.5398390293121338 5.755000114440918 0.18531419336795807
v 0.10929765552282333 5.441595554351807 -0.08980482071638107
v 0.17878618836402893 4.710143566131592 -1.2600864171981812
v 0.20786899328231812 4.703433036804199 -1.433237910270691
v 0.8468326926231384 5.879733562469482 0.8908166289329529
v 0.6889491081237793 5.073412895202637 -1.2142895460128784
v 0.2174782156944275 4.797895431518555 0.5508171916007996
v 1.0530606508255005 5.113583564758301 -0.9563434720039368
v 0.23284730315208435 5.5123515129089355 0.021373193711042404
v 0.1618359386920929 5.560402870178223 -0.2548438310623169
v 0.25141406059265137 5.615054607391357 -0.3107656240463257
v 1.1134260892868042 5.207254886627197 0.10879527777433395
v 0.32069098949432373 4.409585952758789 0.3583071529865265
v 0.6986303329467773 6.065338134765625 0.5259894728660583
v 0.4227127730846405 6.127780437469482 -0.09984779357910156
v 0.39370107650756836 5.638526439666748 0.24450668692588806
v 0.4889850318431854 6.178582668304443 0.30376899242401123
v -0.14348526298999786 4.448691368103027 -0.719426691532135
v 1.2699304819107056 4.854481220245361 -0.5334117412567139
v 0.20703081786632538 4.76980447769165 -1.2649331092834473
v 0.38720691204071045 6.343045234680176 0.18520548939704895
v 0.9740874767303467 5.4714555740356445 -0.5161526799201965
v 1.1530301570892334 5.704989910125732 0.2106936126947403
v -0.4623236060142517 6.294441223144531 0.6567352414131165
v 0.3841382563114166 5.634868144989014 -0.8963013291358948
v 0.5267596244812012 6.220981121063232 0.13872526586055756
v 0.590144157409668 6.064095497131348 0.12349366396665573
v 1.0593445301055908 5.182760238647461 -0.43348655104637146
v 0.9586799144744873 5.823239803314209 0.2948399484157562
v 0.7031177282333374 4.622995853424072 -1.316298246383667
v 0.9460000991821289 4.321329116821289 0.33919763565063477
v 1.0780634880065918 5.139769077301025 -0.35001781582832336
v 0.657010018825531 5.364332675933838 -1.1898432970046997
v 0.9041282534599304 4.609177112579346 0.17998400330543518
v 0.11356690526008606 5.484004020690918 -0.19002746045589447
v 1.095500111579895 4.1620001792907715 0.11334821581840515
v 1.0898113250732422 4.166383266448975 -0.5401858687400818
v 0.13436254858970642 5.5427632331848145 -0.23232468962669373
v 1.1988227367401123 5.577367782592773 0.7301324605941772
v -0.13781531155109406 4.411022663116455 -0.5391979217529297
v 0.9808259010314941 5.47697114944458 0.15202875435352325
v 0.8733677268028259 4.591648578643799 0.1891874074935913
v 0.16555941104888916 5.378443717956543 0.1285420060157776
v 0.931361198425293 4.413302898406982 -0.9933761358261108
v 1.1595028638839722 4.277468681335449 -0.2544899880886078
v 1.165453314781189 5.346456527709961 0.6676294207572937
v -0.3046521544456482 4.942645072937012 -0.2834775149822235
v 0.11632417142391205 5.440354347229004 -0.03803735226392746
v 0.13171367347240448 5.4214043617248535 -0.04704676941037178
v 1.0387779474258423 4.787117958068848 -0.22393807768821716
v 0.1977819800376892 4.73402214050293 -1.2761186361312866
v 0.393747478723526 4.859277725219727 -1.3472284078598022
v 0.9115234017372131 5.915500164031982 0.28594180941581726
v -0.1930299699306488 4.98199987411499 -0.08117758482694626
v 1.1425105333328247 4.575876712799072 -0.7882153987884521
v 0.16433626413345337 4.4374284744262695 0.047907546162605286
v 0.2542401850223541 5.601489067077637 -0.30522626638412476
v 0.9672401547431946 4.387969970703125 -0.9028793573379517
v 0.11412020772695541 5.499379634857178 -0.1703653782606125
v 0.888140857219696 5.598237037658691 0.9336575865745544
v -0.006427282001823187 6.522845268249512 -0.23268647491931915
v 0.7283525466918945 5.680454254150391 -0.8420167565345764
v 1.0269666910171509 5.989223480224609 0.4640694558620453
v 0.5487496256828308 6.147278785705566 0.17224982380867004
v 0.4086425304412842 5.895285606384277 0.3176190257072449
v 1.048693299293518 5.2224202156066895 -0.5657139420509338
v -0.18595629930496216 6.000741004943848 0.7057592868804932
v 0.47484201192855835 5.6529154777526855 0.18255145847797394
v 0.6983168721199036 4.635748386383057 -1.3204625844955444
v 0.11305496096611023 5.431575775146484 0.004952496383339167
v 0.32484564185142517 5.138073921203613 0.65170818567276
v 0.14240168035030365 4.705445766448975 -1.235596776008606
v 0.34733104705810547 5.9368896484375 0.4184986352920532
v 0.7795395255088806 5.916598796844482 0.25450003147125244
v 0.11557289958000183 5.519031524658203 -0.1949271410703659
v 0.32910341024398804 6.44024133682251 0.07694834470748901
v 0.05495929345488548 5.979000091552734 0.7237154245376587
v 0.2673954367637634 4.837217330932617 -1.3090569972991943
v -0.1958385705947876 5.105667591094971 -0.1656910628080368
v 0.5945969820022583 4.399777412414551 0.28520622849464417
v 0.9636152386665344 4.436269760131836 -0.21499504148960114
v 0.13507536053657532 5.412811279296875 -0.004732567351311445
v 0.4813428223133087 4.545616149902344 0.30341431498527527
v -0.22314126789569855 6.261134147644043 0.5198789834976196
v 0.8771659135818481 5.49221658706665 -0.09763588011264801
v 0.9785931706428528 4.162732124328613 0.31252729892730713
v 0.20769625902175903 5.590626239776611 -0.30114489793777466
v 1.259917974472046 5.414910793304443 0.6276940107345581
v -0.03449660912156105 4.422377586364746 -0.14008928835391998
v 0.5186295509338379 6.051462650299072 0.6107981204986572
v -0.2230539470911026 4.727964401245117 -0.6577982902526855
v 0.1373361498117447 5.436710357666016 -0.06947074085474014
v 0.6772128343582153 4.903622150421143 0.7607756853103638
v 0.10585131496191025 5.4560136795043945 -0.10774330049753189
v 1.2432242631912231 4.804418087005615 -0.46116283535957336
v 0.30897265672683716 5.489298343658447 -1.0295872688293457
v 0.07255662232637405 5.543272018432617 -0.5948804020881653
v -0.16326873004436493 5.996752738952637 0.7101842164993286
v 0.445337176322937 6.125730037689209 -0.07539301365613937
v 1.0575166940689087 5.3510894775390625 0.31031256914138794
v 1.1135554313659668 4.931093215942383 0.010083118453621864
v 1.0710850954055786 5.7311110496521 0.3770211935043335
v 0.0010745500912889838 4.449284076690674 -0.09542547166347504
v 0.10428883880376816 5.4538445472717285 -0.1317271739244461
v 1.022003412246704 4.359007358551025 -0.6854532957077026
v 1.0702426433563232 5.155437469482422 -0.37677204608917236
v -0.3146621286869049 4.912739276885986 -0.5135715007781982
v 0.2015886902809143 5.586999893188477 -0.29956650733947754
v 0.4934976100921631 6.281281471252441 0.10838688164949417
v 0.4099411964416504 5.849033355712891 0.6575137972831726
v 1.0873711109161377 4.344621181488037 -0.17807269096374512
v 1.2552655935287476 5.661106586456299 0.3005901277065277
v -0.1389603614807129 4.416021823883057 -0.5532839298248291
v -0.14338450133800507 4.430261611938477 -0.6100533604621887
v -0.42747941613197327 6.165147304534912 0.6514754891395569
v 0.6250945329666138 4.751663684844971 -1.3527746200561523
v 1.1618369817733765 5.574814796447754 0.7332844734191895
v 0.8445481657981873 4.896578311920166 0.7191867232322693
v 0.7143942713737488 4.341653823852539 -1.1046956777572632
v 0.70091313123703 6.012374401092529 0.28516799211502075
v 1.1021177768707275 4.9671430587768555 0.46925079822540283
v 0.8621599078178406 6.044187545776367 0.37206393480300903
v 0.7697070837020874 4.516469955444336 0.21099244058132172
v 0.9029301404953003 4.4584574699401855 0.24425598978996277
v 0.8115437626838684 5.737500190734863 0.8264971375465393
v 0.6836947202682495 4.356032848358154 0.2523115575313568
v 0.3431345224380493 6.017731189727783 0.23945856094360352
v 0.8852143883705139 5.75711727142334 0.8358857035636902
v 0.18239451944828033 5.566256523132324 -0.26064902544021606
v 0.11674405634403229 5.449738025665283 -0.06791449338197708
v 0.12804874777793884 5.456186294555664 -0.12932749092578888
v 0.10724611580371857 5.314934730529785 0.3065420687198639
v 0.17550066113471985 4.70879602432251 -1.250801682472229
v 0.36383047699928284 4.312227249145508 -1.233330488204956
v -0.02250789850950241 5.222232818603516 -0.19193194806575775
v -0.302561491727829 4.9513630867004395 -0.23034115135669708
v 0.1517658829689026 4.6910295486450195 -1.2331295013427734
v 0.1562742441892624 5.531116485595703 -0.24388352036476135
v -0.11003020405769348 5.2387614250183105 -0.6675072312355042
v 0.458187997341156 4.598827838897705 -1.5440573692321777
v 1.0973368883132935 5.0630998611450195 -0.23608963191509247
v 0.12583275139331818 6.128771781921387 0.7811976075172424
v 0.7636080384254456 4.3702712059021 -1.1050000190734863
v 0.14271704852581024 6.3429789543151855 -0.0010765534825623035
v 0.043413352221250534 5.220052242279053 -1.0295079946517944
v 0.815923273563385 4.402711391448975 -1.089324951171875
v 1.0515626668930054 4.175028324127197 -0.04628368839621544
v 0.36215177178382874 5.81561803817749 0.49146637320518494
v 1.126526951789856 4.978675842285156 -0.8716350197792053
v 0.36579629778862 4.832098960876465 0.695377767086029
v 0.8236862421035767 5.643069267272949 -0.6330104470252991
v 0.024078993126749992 4.462710380554199 -0.07092107087373734
v 0.8723375797271729 5.344484329223633 -0.9719425439834595
v 0.1936916708946228 6.27500057220459 0.058191560208797455
v 1.025231957435608 5.2977824211120605 -0.6899129152297974
v 1.0128660202026367 5.037512302398682 0.637561023235321
v 0.19079723954200745 5.576820373535156 -0.28514957427978516
v 0.22856613993644714 4.7771077156066895 -1.311884880065918
v 1.0098975896835327 4.437361240386963 0.126433864235878
v 1.0997204780578613 4.149943828582764 -0.1715518981218338
v 0.029648518189787865 5.979426383972168 0.7248529195785522
v -0.3049337863922119 4.925738334655762 -0.37913551926612854
v 0.22677916288375854 6.222653388977051 0.09849085658788681
v 1.1142747402191162 4.927976608276367 0.011162005364894867
v 0.3000934422016144 5.144776344299316 0.6371322274208069
v -0.006821176502853632 4.9630560874938965 0.043999962508678436
v 1.2670722007751465 4.86870813369751 -0.5519914031028748
v 0.12114746868610382 5.415528774261475 -0.02731701359152794
v 0.25546514987945557 4.8293633460998535 -1.2956434488296509
v 0.10608182847499847 4.6521124839782715 0.011858491227030754
v 0.24688981473445892 5.619317531585693 -0.29151278734207153
v 0.4701451361179352 5.750774383544922 -0.6486290693283081
v 1.0971976518630981 5.065744400024414 -0.23915141820907593
v 1.059018611907959 4.86076545715332 -0.20156781375408173
v -0.13929647207260132 4.4172539710998535 -0.5565328598022461
v 0.3477989435195923 4.826623916625977 0.6852477788925171
v 0.09754783660173416 5.419215202331543 0.0302481260150671
v -0.21537262201309204 4.730937957763672 -0.7298884391784668
v 0.7216852307319641 4.5440897941589355 -1.2817989587783813
v 0.18027165532112122 4.776984214782715 -1.3046101331710815
v 0.9560956954956055 5.294661045074463 0.7327694892883301
v 1.1926378011703491 5.327569007873535 0.5127360224723816
v 1.048039197921753 4.419960975646973 -0.415599524974823
v -0.4137428402900696 6.429111480712891 0.68622225522995
v -0.19880670309066772 4.83398962020874 -0.6118349432945251
v 0.8648285269737244 5.499061584472656 -0.09877406060695648
v 0.697217583656311 5.97287654876709 0.243946835398674
v 0.05029088258743286 4.8556413650512695 0.054386451840400696
v -0.0475015826523304 5.251000881195068 -0.2978391647338867
v 1.1577088832855225 5.7033772468566895 0.21488799154758453
v 0.4372085630893707 5.883086204528809 0.6948872804641724
v 0.15276753902435303 5.536004066467285 -0.21976754069328308
v 1.1588321924209595 4.936248302459717 0.26479223370552063
v 0.01279418170452118 4.456896781921387 -0.08220577239990234
v 0.6210253834724426 4.739419460296631 -1.5135931968688965
v -0.2048002928495407 5.092800140380859 -0.37490129470825195
v 0.5271239876747131 5.672690391540527 0.12353061884641647
v 0.21476885676383972 4.76318883895874 -1.276347041130066
v 0.7898966073989868 5.303367614746094 0.8277794718742371
v 0.9467876553535461 4.970572471618652 0.6768285036087036
v 1.0896600484848022 4.835631847381592 0.30591991543769836
v 0.9475314021110535 5.908763885498047 0.3011772632598877
v 0.24620740115642548 4.859139442443848 -1.3052103519439697
v 1.2160608768463135 5.821425437927246 0.5265304446220398
v 1.095003366470337 5.046019077301025 -0.22051644325256348
v 0.13853469491004944 5.4338812828063965 -0.07586134970188141
v 0.45299142599105835 5.721598148345947 -0.3740982413291931
v 1.0618436336517334 4.172098636627197 -0.02095218189060688
v 0.36845120787620544 6.39441442489624 0.1454939842224121
v 1.1022980213165283 5.288712024688721 0.45171552896499634
v 0.43490836024284363 4.852865219116211 0.722686767578125
v 0.22954168915748596 4.857389450073242 -1.3292975425720215
v 0.9125099182128906 5.6007609367370605 0.9215114116668701
v 1.1281567811965942 4.335300922393799 0.22159205377101898
v -0.009522046893835068 5.9796857833862305 0.7224419116973877
v 0.41593125462532043 4.248813629150391 -1.0824410915374756
v 1.0436381101608276 4.429202079772949 -0.35401004552841187
v 1.1658251285552979 5.885532855987549 0.5135610103607178
v 0.16632109880447388 5.3845133781433105 0.12443119287490845
v 0.21513569355010986 5.499719619750977 0.047588519752025604
v 1.0488791465759277 4.412845611572266 -0.44760146737098694
v 0.8088924884796143 5.784289836883545 0.8592897653579712
v 0.6883739829063416 6.06675910949707 0.5227912664413452
v 0.3209231197834015 5.540653705596924 0.4255771338939667
v 0.8185569047927856 5.5243401527404785 -0.10816995799541473
v 1.073534607887268 5.728538990020752 0.3776336908340454
v 0.11055710911750793 5.4402923583984375 -0.08402067422866821
v 0.9169068932533264 5.601670265197754 0.9189338088035583
v 0.3549700677394867 5.434654712677002 0.5962855815887451
v 1.0355432033538818 4.7688493728637695 0.3366314470767975
v 1.092857837677002 5.035462379455566 -0.2122153341770172
v 0.9654099941253662 4.432680130004883 -0.20935441553592682
v 0.5018483400344849 5.847630023956299 0.26739105582237244
v 0.9473653435707092 4.202626705169678 -0.7784521579742432
v 1.0013307332992554 5.323752403259277 -0.7257542014122009
v 0.41630440950393677 5.856566905975342 0.6683546900749207
v 0.172310933470726 5.542104721069336 -0.26710495352745056
v 0.2521352767944336 6.481149673461914 -0.05788806080818176
v 0.34393981099128723 6.429060459136963 0.10144136101007462
v 0.959967851638794 5.294426441192627 0.7301880717277527
v 0.057223085314035416 4.809661865234375 0.04727701097726822
v 0.6298444867134094 5.382611274719238 -1.1808472871780396
v -0.14722754061222076 5.1034955978393555 -0.08273211121559143
v 1.0654444694519043 5.941769123077393 0.6092674136161804
v 0.2215578854084015 4.784389495849609 -1.3204691410064697
v 0.7596574425697327 4.909967422485352 0.7584022283554077
v 0.4758652448654175 5.619968891143799 0.7945423722267151
v 0.9792941212654114 4.363411903381348 -0.8343091607093811
v 1.0833805799484253 4.16241979598999 0.030481217429041862
v -0.2090270221233368 4.730500221252441 -0.7690268158912659
v 1.1397682428359985 4.76662540435791 -0.7723300457000732
v 0.08879514038562775 4.705143928527832 0.024293407797813416
v -0.13014934957027435 5.99099063873291 0.7149072885513306
v 1.2727136611938477 5.43786096572876 0.6231101751327515
v 0.15434956550598145 4.751435279846191 -1.2836772203445435
v 0.18835438787937164 4.724294662475586 0.24045367538928986
v 0.6982393264770508 5.869585037231445 0.8504466414451599
v 1.1997957229614258 5.3311967849731445 0.5250669717788696
v 0.9725909233093262 4.488999366760254 -0.23490913212299347
v 0.4529377222061157 5.750243663787842 -0.6391375660896301
v 1.0023757219314575 5.33243465423584 -0.22643786668777466
v 0.8250005841255188 5.593871116638184 0.95738685131073
v 0.6912907958030701 4.323671340942383 -1.1077836751937866
v 0.6512901186943054 4.238776206970215 -1.07953941822052
v 0.11109160631895065 5.42609977722168 -0.004225133918225765
v 0.7877057194709778 4.1556525230407715 0.33937421441078186
v 0.8576071858406067 5.96887731552124 0.27431637048721313
v -0.16920605301856995 4.540257453918457 -0.5806605815887451
v 0.546047031879425 5.847655773162842 0.23380203545093536
v 0.3322625160217285 5.460418701171875 0.5420874953269958
v 1.095495581626892 5.0487751960754395 -0.22287894785404205
v 1.0101760625839233 4.349450588226318 -0.7366585731506348
v 0.10801070183515549 5.445201873779297 -0.10690481215715408
v 0.6794767379760742 4.90416145324707 0.7606678605079651
v 1.0219484567642212 4.358922958374023 -0.6858606338500977
v 0.3496236205101013 6.424532413482666 0.0005456442595459521
v 0.46236348152160645 4.417500019073486 0.38067182898521423
v 1.3255385160446167 5.535061359405518 0.5724537968635559
v 1.068751335144043 5.333373069763184 0.34525373578071594
v 1.1231902837753296 4.883966445922852 0.2883702516555786
v 0.5605778694152832 4.8005242347717285 -1.3578543663024902
v 0.5313664674758911 5.611283779144287 0.8538529872894287
v 0.24889032542705536 5.611485004425049 -0.31035012006759644
v -0.15454848110675812 5.094485759735107 -0.8722764253616333
v 0.9179879426956177 5.8250555992126465 0.27709951996803284
v 0.9991779327392578 4.7479248046875 0.34434929490089417
v 0.9944402575492859 5.334681034088135 -0.08931800723075867
v 1.0271211862564087 5.922818183898926 0.3148004114627838
v 0.10680656880140305 5.440942287445068 0.03723038733005524
v -0.18640035390853882 4.53849983215332 -0.6532636284828186
v -0.18935677409172058 4.98199987411499 -0.07929135859012604
v 0.6736392974853516 4.353103160858154 -1.1820517778396606
v 0.5828729271888733 6.059319972991943 0.3939211666584015
v 0.8259366154670715 6.046500205993652 0.3593031167984009
v 0.1419389247894287 5.512899875640869 -0.20899993181228638
v 1.0574653148651123 5.351198673248291 0.3101198673248291
v 1.0789756774902344 5.058448791503906 -0.9362493753433228
v -0.30615243315696716 4.939093589782715 -0.30277836322784424
v 1.0754306316375732 4.777647495269775 0.06085504963994026
v -0.07104063779115677 4.19862174987793 -0.2066642791032791
v -0.23769572377204895 6.269717216491699 0.5233622789382935
v 0.16850002110004425 4.408047199249268 0.09017813950777054
v 0.9629765748977661 5.901764392852783 0.3064941465854645
v 0.7683541178703308 4.152928352355957 0.33378469944000244
v 0.007983982563018799 4.4070563316345215 -0.9112662076950073
v 0.7179409265518188 4.267019748687744 -1.0459266901016235
v 0.8761397004127502 5.803745746612549 0.2685000002384186
v -0.10613282769918442 6.3160505294799805 0.7934430837631226
v 0.04285532608628273 6.1014084815979 0.4583452641963959
v 0.15094813704490662 4.787189483642578 0.4197467863559723
v -0.3190685510635376 6.060867786407471 0.6755332946777344
v -0.24913489818572998 6.276585102081299 0.526015043258667
v 1.0809142589569092 4.163381099700928 0.023594988510012627
v 0.5480948090553284 5.082639694213867 -1.303849220275879
v 0.7387057542800903 5.80169677734375 0.11299997568130493
v 0.19069476425647736 4.354141712188721 0.2242744415998459
v -0.08024619519710541 6.249746322631836 0.823525607585907
v 0.5250373482704163 4.812245845794678 -1.5518237352371216
v 0.11624801158905029 5.501275539398193 -0.20777109265327454
v 0.8061935305595398 5.593392372131348 0.9623535871505737
v 0.7456540465354919 5.801936149597168 0.11299997568130493
v 0.1720684915781021 4.342726230621338 0.15471673011779785
v -0.11810456216335297 5.098901748657227 -0.058871347457170486
v 0.30307498574256897 5.144656658172607 0.6388019323348999
v 0.3801507353782654 4.238100051879883 -1.0501008033752441
v 0.2987407445907593 5.553316116333008 -0.05412420257925987
v 0.5859549045562744 4.784029960632324 -1.3572810888290405
v 0.17579293251037598 5.540811061859131 -0.25221171975135803
v 0.1665257215499878 4.7632551193237305 0.2217482328414917
v 0.21564032137393951 4.7719035148620605 -1.273906946182251
v 0.3865818679332733 4.240179538726807 -1.057581901550293
v 1.0897945165634155 4.166389465332031 -0.5402161478996277
v 1.101642370223999 4.830784797668457 0.03987282142043114
v 0.14650003612041473 5.149875640869141 0.43915924429893494
v 0.965933084487915 4.813026428222656 0.5423001646995544
v 0.26196351647377014 4.81864595413208 -1.313403844833374
v 1.0323104858398438 4.711741924285889 0.10420668125152588
v 0.38619011640548706 5.6466827392578125 0.6223939061164856
v 0.9219934344291687 4.165017127990723 0.3383468985557556
v 0.18773169815540314 5.558987617492676 -0.2558292746543884
v 0.5658519864082336 5.671758651733398 0.10287085175514221
v 1.1529133319854736 4.95039701461792 -0.8345697522163391
v 0.1377461552619934 4.5473833084106445 -0.0014391901204362512
v 0.8101793527603149 5.664405345916748 -0.6862070560455322
v 0.14617326855659485 5.5204548835754395 -0.23103635013103485
v 0.6519021391868591 5.081375598907471 0.8118120431900024
v 0.538924515247345 5.754538059234619 0.19462718069553375
v 0.12366799265146255 5.4815239906311035 -0.1553361415863037
v 0.15177340805530548 4.672088146209717 -1.239715576171875
v 0.1438567340373993 4.788686275482178 0.4016128182411194
v 0.11428261548280716 5.313652515411377 0.3241739869117737
v -0.29764336347579956 6.309878826141357 0.5307829976081848
v 0.5460062026977539 4.533817291259766 0.28417953848838806
v 0.8286508321762085 5.7375969886779785 0.8259856104850769
v 1.0846134424209595 4.1623077392578125 0.033956129103899
v 0.12838195264339447 5.490015506744385 -0.1805570125579834
v 0.11385059356689453 4.672097682952881 -1.2518278360366821
v 0.5107385516166687 4.130611419677734 0.4762192964553833
v 0.5267815589904785 5.992854595184326 0.3849983513355255
v 0.2531009316444397 6.181123733520508 0.13640142977237701
v 1.0361840724945068 4.413351535797119 0.07717949897050858
v 0.8091331124305725 5.09973669052124 0.7330769300460815
v 0.9875347018241882 5.292622089385986 0.712100088596344
v 0.1434936672449112 4.703667640686035 -1.2353159189224243
v 1.0697238445281982 5.973694801330566 0.47795945405960083
v 0.17913421988487244 4.7104997634887695 -1.2797861099243164
v 1.1143465042114258 4.646810531616211 -0.8375893235206604
v -0.3859565556049347 6.115956783294678 0.6658477783203125
v -0.28711506724357605 4.962882041931152 -0.17647843062877655
v 0.619875431060791 5.082182884216309 -1.2967811822891235
v 1.1712419986724854 5.877746105194092 0.5145767331123352
v 1.0947054624557495 5.962118148803711 0.4867056906223297
v 0.11230659484863281 5.498340606689453 -0.2015845775604248
v 0.31614428758621216 5.555389404296875 0.3950434625148773
v 0.26592105627059937 5.96138858795166 0.7079721093177795
v 0.3210327923297882 6.061703205108643 0.21303270757198334
v 1.0492565631866455 5.3689117431640625 0.2802075147628784
v 1.0222538709640503 4.374730110168457 -0.6128012537956238
v 0.1164914146065712 4.68756103515625 -1.2704461812973022
v 0.7117556929588318 5.68454122543335 -0.8581222295761108
v 1.0061525106430054 4.347537994384766 -0.7500805258750916
v 0.22715629637241364 4.831836700439453 -1.2901415824890137
v 0.9734631776809692 4.498594760894775 -0.2340369075536728
v 0.1039930135011673 5.312795639038086 0.29257410764694214
v 0.24913395941257477 6.187321662902832 0.1304510086774826
v 0.09829459339380264 5.04517126083374 -1.1290206909179688
v 0.55314701795578 4.805063247680664 -1.3578710556030273
v 0.2841462194919586 4.8090057373046875 0.6421068906784058
v 0.22711537778377533 4.79985237121582 0.5724080204963684
v 0.9953814148902893 4.69929838180542 -1.0042786598205566
v -0.03641838952898979 4.202581405639648 -0.4016130864620209
v 0.13867917656898499 5.50895357131958 -0.20899993181228638
v 1.254120111465454 5.568641662597656 0.7218208312988281
v 0.4897885322570801 5.7206501960754395 -0.37930986285209656
v -0.041424624621868134 4.231959819793701 -0.6720704436302185
v 1.0756124258041382 5.726387977600098 0.3781224191188812
v 0.10659882426261902 6.294901371002197 -0.3167673647403717
v 0.21768102049827576 6.2374372482299805 0.08626367896795273
v 0.13754893839359283 4.250500202178955 -0.8738512396812439
v -0.13673308491706848 4.462860584259033 -0.7611034512519836
v 0.23719701170921326 5.587649345397949 -0.3013029098510742
v 0.1236964538693428 6.273962020874023 -0.30230820178985596
v 0.11494547873735428 5.411820411682129 -0.0001525602856418118
v 1.0634655952453613 4.178920745849609 -0.5849549174308777
v 0.10921794921159744 5.444751262664795 -0.10534083843231201
v 0.38791176676750183 5.644345283508301 0.6333898901939392
v 1.0846422910690308 5.128978729248047 0.5637251734733582
v 0.6787815093994141 5.925976276397705 0.20171555876731873
v 0.37253063917160034 5.593797206878662 -0.09589208662509918
v 0.8651168346405029 4.219857215881348 -0.8947881460189819
v 0.25025108456611633 5.987565517425537 0.3971099257469177
v 0.20621821284294128 4.341183662414551 -1.0438463687896729
v 0.6971292495727539 4.906712532043457 0.7609999775886536
v 0.05671747773885727 5.214602947235107 -1.0490761995315552
v 0.19375409185886383 4.793632984161377 0.5039195418357849
v 0.11149903386831284 5.436802387237549 -0.09229493886232376
v 0.4734193682670593 6.0104193687438965 0.4850323498249054
v 0.958882749080658 4.8508992195129395 -1.083102822303772
v 0.3571144938468933 5.069406986236572 -1.2599761486053467
v 0.9437173008918762 4.1650590896606445 0.3304722011089325
v 1.135256290435791 4.145920753479004 -0.4572068154811859
v 0.46648696064949036 5.6502366065979 0.19079092144966125
v 0.4348970651626587 4.253349304199219 -1.0930538177490234
v -0.07019967585802078 6.240232944488525 0.8184332251548767
v 0.6976985931396484 5.688733100891113 -0.8678424954414368
v -0.30618906021118164 4.926657199859619 -0.37242889404296875
v 0.2026979774236679 4.756972312927246 -1.304776668548584
v 0.21409514546394348 4.75645112991333 -1.2782336473464966
v 0.1556025743484497 4.71531867980957 -1.2871395349502563
v -0.10443457961082458 5.253557205200195 -0.632041871547699
v 0.35222330689430237 5.589992523193359 -0.08748892694711685
v 0.174723282456398 4.707633018493652 -1.274807333946228
v 0.5083203911781311 4.220037460327148 0.5148456692695618
v 1.0234967470169067 5.300562858581543 -0.6932401061058044
v 0.4925153851509094 4.13146448135376 0.47699999809265137
v 0.8173321485519409 4.551826000213623 0.2093912959098816
v -0.2405318319797516 5.085419178009033 -0.5531960725784302
v 1.0211973190307617 4.383894920349121 -0.5892660617828369
v 0.2075931429862976 4.822700500488281 -1.2896101474761963
v 0.9225320219993591 5.602168083190918 0.9158159494400024
v 0.952130138874054 4.401747226715088 -0.9498626589775085
v 0.9146846532821655 4.209072113037109 -0.8277230262756348
v 1.0777509212493896 5.323339939117432 0.3680250942707062
v 0.5083783864974976 4.220429420471191 0.5149765014648438
v 0.20671576261520386 5.579441070556641 -0.30523669719696045
v 0.7958768606185913 5.8055572509765625 0.8584589958190918
v 0.5455694794654846 6.1619744300842285 0.1671389639377594
v 0.48090049624443054 6.188316822052002 0.29663076996803284
v 0.4480172097682953 6.230507850646973 0.2669493556022644
v -0.04990329593420029 5.252702236175537 -0.3069126009941101
v 0.12348409742116928 4.641039848327637 -1.1985713243484497
v 1.2056645154953003 5.335082054138184 0.5362818837165833
v 0.7332219481468201 5.098755836486816 0.791325032711029
v 0.9580431580543518 5.787239074707031 0.29878661036491394
v 0.2917594611644745 4.143467903137207 0.41019514203071594
v 1.0805349349975586 4.144224166870117 -0.1409716159105301
v 0.36156025528907776 5.6761956214904785 0.5069738030433655
v 0.23310457170009613 4.4480719566345215 -1.3434644937515259
v 0.1658223569393158 5.5615129470825195 -0.2562434673309326
v 0.2971074879169464 4.614303112030029 0.2917768657207489
v 0.7026453018188477 5.789759159088135 0.8145000338554382
v 0.12803316116333008 5.4424729347229 -0.11729151755571365
v 0.3756445348262787 5.810322284698486 0.5291539430618286
v 0.898300290107727 4.809658050537109 -1.1300630569458008
v 1.0801335573196411 4.170300006866455 -0.5579663515090942
v 0.5594792366027832 5.709969520568848 -0.3891632556915283
v 0.4049188494682312 5.892148494720459 0.47448647022247314
v 0.6550668478012085 4.641902923583984 0.5533807873725891
v 0.25582242012023926 4.3904852867126465 0.30540022253990173
v 0.11854477971792221 5.440484046936035 -0.021999917924404144
v 0.9849863648414612 4.741499900817871 0.33877936005592346
v 0.3012940287590027 5.475912094116211 0.5984414219856262
v -0.08159748464822769 6.175285339355469 0.4879736304283142
v 0.862500011920929 4.8446221351623535 -1.1486550569534302
v 0.10094218701124191 5.419764995574951 0.03808820992708206
v 0.166743665933609 6.20662784576416 0.7259999513626099
v 0.11713795363903046 5.519488334655762 -0.2126615345478058
v 0.8463583588600159 6.045225620269775 0.3661947250366211
v 0.1657358855009079 5.379266738891602 0.1279245764017105
v 1.1207557916641235 5.943840980529785 0.49669259786605835
v 1.100042700767517 4.22233772277832 0.268794983625412
v 0.4001084268093109 5.871433734893799 0.4833100438117981
v 1.0390961170196533 4.4343719482421875 -0.32780179381370544
v -0.10529648512601852 5.251488208770752 -0.6380754113197327
v 0.2082660049200058 5.563775539398193 -0.2807377576828003
v 1.0304044485092163 4.395269393920898 -0.5450646877288818
v 0.6851025223731995 5.089800834655762 0.8064994812011719
v 0.1335245966911316 4.360318660736084 -1.014423131942749
v 0.0653592124581337 4.247189521789551 -0.8459638953208923
v 0.484709233045578 4.2621002197265625 -1.1033003330230713
v 0.6485748291015625 5.318329811096191 0.8335000276565552
v 1.0490001440048218 4.408644199371338 -0.4629655182361603
v 0.038870833814144135 5.376360893249512 -0.2619932293891907
v 0.8645342588424683 5.5954999923706055 0.9442186951637268
v 1.100887656211853 4.1503682136535645 -0.17399239540100098
v 0.9339914321899414 6.006865978240967 0.5819375514984131
v 1.1125539541244507 4.996016979217529 -0.8896064162254333
v 1.051889181137085 5.363011837005615 0.2900072932243347
v 0.4681437611579895 5.942131519317627 0.35698121786117554
v 0.13197146356105804 5.445152759552002 -0.11013352870941162
v 1.1374326944351196 4.145512580871582 -0.4531259834766388
v 1.0638703107833862 4.798903942108154 0.3197980523109436
v 1.0312237739562988 5.284975528717041 0.679076075553894
v -0.03943860903382301 4.2015204429626465 -0.43580394983291626
v 1.0728193521499634 5.328886985778809 0.3556952178478241
v 0.4680101275444031 5.993507385253906 0.5032056570053101
v -0.1054471880197525 4.4546356201171875 -0.8249301314353943
v 1.3345324993133545 5.56755256652832 0.5474148988723755
v 0.6150404214859009 4.751015663146973 -1.5210744142532349
v 1.0112532377243042 5.300032615661621 -0.23008441925048828
v 0.14163494110107422 5.518834114074707 -0.23055018484592438
v 0.57554030418396 6.048201084136963 0.1948505938053131
v 0.3909975290298462 5.6431884765625 0.6438043117523193
v 0.005023058038204908 6.2720746994018555 0.7968644499778748
v 0.13804788887500763 5.311397552490234 0.35462021827697754
v 0.17597812414169312 4.705787658691406 -1.2520910501480103
v 0.07651147246360779 6.1545939445495605 0.7937981486320496
v 0.8567491769790649 5.595066547393799 0.9473002552986145
v 0.3914839029312134 5.827212810516357 0.6218239665031433
v 1.1604292392730713 4.267279148101807 -0.25124797224998474
v 0.15307991206645966 4.31846284866333 -0.9152743220329285
v 0.18991364538669586 5.576908588409424 -0.2818804681301117
v -0.20295006036758423 5.0946502685546875 -0.34695011377334595
v 0.9682440161705017 4.429629802703857 -0.20263789594173431
v -0.13608719408512115 4.397959232330322 -0.506767749786377
v -0.20533029735088348 5.102009296417236 -0.2633891999721527
v 0.11642223596572876 5.505786418914795 -0.17578688263893127
v 0.772619366645813 5.100029468536377 0.7685871720314026
v 0.1272953301668167 5.5255961418151855 -0.1988428831100464
v 0.19717152416706085 4.75165319442749 -1.258266568183899
v 0.8133698105812073 4.158984661102295 0.34523847699165344
v 0.16894151270389557 4.393786430358887 0.11480434983968735
v 1.0496606826782227 4.175660610198975 0.23363447189331055
v 0.3398289084434509 5.49042272567749 -1.0465871095657349
v 1.2681134939193726 5.655913352966309 0.31064343452453613
v 0.14200757443904877 4.7147345542907715 -1.2832067012786865
v 1.087583303451538 4.832620620727539 0.30695840716362
v 0.2820144593715668 5.970493793487549 0.39500823616981506
v 0.49681180715560913 4.81953763961792 -1.5525896549224854
v 0.24716942012310028 5.62210750579834 -0.30378496646881104
v 0.6198973059654236 5.705386638641357 -0.39795300364494324
v 0.6036888957023621 5.705926895141602 -0.3957918882369995
v 0.17682723701000214 4.246334075927734 -0.8796101808547974
v 0.5123704075813293 6.033846378326416 0.6455717086791992
v 0.9696183204650879 5.843539714813232 0.30904722213745117
v 0.44444024562835693 6.342605113983154 0.06478862464427948
v -0.15009693801403046 5.029332160949707 -0.9392369389533997
v 0.6989497542381287 4.633144855499268 0.5258143544197083
v 0.8700146079063416 4.414359092712402 -1.051058292388916
v 1.050990104675293 4.732726097106934 0.08603810518980026
v -0.00749467546120286 6.130934238433838 0.47281143069267273
v 0.4622861444950104 5.62410306930542 0.7778815031051636
v 1.035245418548584 4.437315940856934 -0.3185521960258484
v 1.054175615310669 5.209983825683594 -0.5076111555099487
v 0.1283290982246399 5.464494705200195 -0.1270943135023117
v 0.9460000991821289 4.314998626708984 0.341618150472641
v 1.1595007181167603 4.277515888214111 -0.2545052468776703
v 0.4061873257160187 4.569582462310791 0.305370569229126
v 0.2447708249092102 4.149562358856201 0.35319802165031433
v 1.0444724559783936 4.402615547180176 0.058099184185266495
v 0.9919862151145935 5.331599235534668 -0.7374280095100403
v 0.12312349677085876 5.469776630401611 -0.1669381558895111
v -0.20322901010513306 5.097215175628662 -0.3187796175479889
v 0.19702953100204468 4.7364821434021 -1.27121901512146
v 1.0001579523086548 5.3248515129089355 -0.7277333736419678
v 0.34947946667671204 6.005894184112549 0.24704794585704803
v 0.43657952547073364 6.1267409324646 -0.08491437882184982
v 0.2488541305065155 5.061069011688232 -1.219830870628357
v 0.19626353681087494 5.55276346206665 -0.26799994707107544
v 0.26890239119529724 5.961027145385742 0.7078818678855896
v 0.21059392392635345 4.782748222351074 -1.2687076330184937
v -0.22370627522468567 4.727529525756836 -0.6493179202079773
v 0.7590987086296082 5.630067348480225 0.09517491608858109
v 0.8820340633392334 4.823016166687012 -1.136483073234558
v 0.056948743760585785 5.3001604080200195 0.08088470995426178
v -0.058562539517879486 4.181031703948975 -0.11300067603588104
v 0.9221606254577637 5.794139385223389 0.2767476439476013
v 0.4318358302116394 6.354375839233398 0.05705917999148369
v 0.10170591622591019 5.482193470001221 -0.16573940217494965
v 1.0828567743301392 5.31778621673584 0.3797134757041931
v 0.6609268188476562 5.360774517059326 -1.1908063888549805
v 0.12483485043048859 5.495300769805908 -0.2019667625427246
v 0.2572067975997925 4.827854156494141 -1.2968045473098755
v 0.022461092099547386 4.23940372467041 -0.7831145524978638
v 0.8945237398147583 4.164194583892822 0.3444169759750366
v 0.14632967114448547 4.69904899597168 -1.2345865964889526
v 0.11029393970966339 5.458384037017822 -0.10434788465499878
v 0.11186951398849487 4.679410457611084 -1.2569397687911987
v 0.21555139124393463 4.760910987854004 -1.2991793155670166
v -0.14099493622779846 5.151123523712158 -0.8072683215141296
v 0.31406792998313904 4.429676532745361 -1.3384838104248047
v 0.8691677451133728 4.2189226150512695 -0.8901141285896301
v 0.872625470161438 5.804749965667725 0.2685000002384186
v 0.6213332414627075 5.907888412475586 0.19722212851047516
v 0.31404152512550354 4.429682731628418 -1.3384851217269897
v 0.25080427527427673 6.184711933135986 0.1329563707113266
v 1.0596815347671509 5.180570125579834 -0.42809566855430603
v 0.6178113222122192 4.656178951263428 0.5793585181236267
v -0.13898657262325287 5.1593122482299805 -0.7961174845695496
v 0.5157795548439026 4.538662433624268 0.29440897703170776
v 1.0956956148147583 5.082826614379883 -0.2586311101913452
v 0.6094412207603455 5.323655605316162 0.83095383644104
v 0.5961036086082458 4.775496482849121 -1.5357980728149414
v 0.3568078279495239 5.992807388305664 0.2557310163974762
v 1.2123373746871948 4.7057785987854 -0.507463812828064
v 0.21696175634860992 4.842153072357178 -1.3281171321868896
v 0.2732396125793457 6.163850784301758 0.7064253091812134
v 0.20942877233028412 4.367074489593506 0.24996601045131683
v 0.4024694561958313 5.916618347167969 0.4778204560279846
v 0.5142853856086731 6.247618198394775 0.12572233378887177
v 0.7754929661750793 5.901311874389648 0.25057676434516907
v -0.1491531878709793 5.1199727058410645 -0.8457883596420288
v 0.12398894876241684 5.415688991546631 -0.02067784033715725
v 0.9733604788780212 5.605000019073486 0.8746315836906433
v 1.2687983512878418 4.861388683319092 -0.5423069000244141
v 0.47432467341423035 5.855646133422852 0.28491082787513733
v 0.10035547614097595 5.440370559692383 0.036807164549827576
v 0.23696188628673553 5.5919342041015625 -0.28959357738494873
v 1.0916047096252441 4.156604766845703 0.17847630381584167
v 0.3121047914028168 4.407878875732422 0.35236233472824097
v 0.6637029051780701 4.452455043792725 0.20976682007312775
v 0.08389868587255478 5.165297508239746 0.22640815377235413
v 0.8606395721435547 5.969454765319824 0.2751827836036682
v 1.118005633354187 5.6943254470825195 0.37041574716567993
v -0.30826669931411743 4.932816505432129 -0.3319174647331238
v 0.5964503288269043 6.053802490234375 0.40062952041625977
v 0.3359295725822449 4.618271350860596 -1.508705496788025
v 1.0868290662765503 4.8014020919799805 0.05068317428231239
v 0.927187442779541 5.602362155914307 0.91329425573349
v 0.7969458699226379 5.669017791748047 -0.717237651348114
v 0.38058212399482727 5.660281181335449 0.5687659978866577
v 0.11127196252346039 5.448176860809326 -0.12912534177303314
v 0.1573641002178192 5.555135726928711 -0.2593475878238678
v 0.37541842460632324 5.810500144958496 0.559192419052124
v 0.08407356590032578 5.217235565185547 0.13925009965896606
v -0.14218026399612427 5.145634651184082 -0.814617931842804
v 0.25478747487068176 6.174284934997559 -0.21049882471561432
v 0.11115273088216782 5.47820520401001 -0.13855281472206116
v 0.13700981438159943 4.548978805541992 -0.0017459704540669918
v 0.177631676197052 4.344336032867432 0.20562098920345306
v 0.7322812080383301 4.352571964263916 -1.1046209335327148
v 1.013893723487854 5.3976216316223145 -0.5285945534706116
v -0.1771089732646942 4.5269999504089355 -0.8334342241287231
v 1.0722419023513794 5.3295087814331055 0.3542294204235077
v 0.26139065623283386 5.61521053314209 -0.2873515784740448
v 0.9997966289520264 5.706667900085449 0.8260354399681091
v 0.40431830286979675 4.141603946685791 0.4687448740005493
v 0.20914874970912933 4.751338005065918 -1.2953917980194092
v 0.14725753664970398 4.728837966918945 -1.287139892578125
v 0.5514195561408997 4.670195579528809 0.6018965244293213
v -0.4604703485965729 6.314472675323486 0.6590296626091003
v 0.13282842934131622 4.67678689956665 -1.2329201698303223
v 1.064516305923462 5.101843357086182 0.5835183262825012
v 1.1143746376037598 5.665525436401367 0.8024685978889465
v 0.1768532395362854 5.551983833312988 -0.27668774127960205
v 0.8654344081878662 4.219784259796143 -0.8944217562675476
v 0.46349284052848816 4.5505595207214355 0.3058655560016632
v 1.1372590065002441 4.967240810394287 -0.8566834926605225
v 1.1651482582092285 4.936426639556885 -0.8146279454231262
v 0.1891215592622757 4.792815208435059 0.4951992928981781
v 0.8294355869293213 5.78696346282959 0.8599954843521118
v 1.1546094417572021 4.227046489715576 -0.23180072009563446
v 0.5400794148445129 5.733078956604004 -0.693658173084259
v 0.7451881170272827 6.054870128631592 0.5398635268211365
v 0.38503924012184143 6.396724700927734 0.029246361926198006
v 0.04097135365009308 4.185044765472412 0.10501594841480255
v 0.7155629396438599 4.634504318237305 0.5169684290885925
v 0.32179877161979675 6.019857406616211 0.713740348815918
v 0.4167579412460327 4.608348369598389 -1.5381516218185425
v 0.42255938053131104 6.274301052093506 0.2394392341375351
v 0.7692782878875732 5.305505752563477 0.8315340876579285
v 0.12759877741336823 4.682335376739502 -1.2342697381973267
v 0.16245605051517487 5.160984039306641 0.48442137241363525
v -0.04448866844177246 6.152541637420654 0.47972363233566284
v 0.829717218875885 5.737659931182861 0.826299250125885
v 0.8987078070640564 5.365499973297119 -0.9242181181907654
v 1.022875189781189 4.360750675201416 -0.6736847162246704
v 1.0371252298355103 5.068264961242676 0.6118748784065247
v 0.13298837840557098 5.4281005859375 -0.07661240547895432
v 1.2332454919815063 5.3503947257995605 0.5904382467269897
v 1.3032432794570923 5.526392936706543 0.690163791179657
v 0.39596453309059143 4.417456150054932 0.3903244435787201
v 1.1524041891098022 5.144741058349609 0.21348214149475098
v 1.068454384803772 4.904249668121338 -0.19204559922218323
v 0.488239586353302 5.74853515625 -0.6609860062599182
v 0.46404969692230225 5.0734357833862305 -1.290522813796997
v -0.21960857510566711 5.091111660003662 -0.4317114055156708
v 0.5840725302696228 4.526900768280029 0.26936256885528564
v 0.25597313046455383 4.817214012145996 -1.3078726530075073
v -0.058383043855428696 4.405970096588135 -0.1727362722158432
v 1.0330073833465576 5.063449382781982 0.6159927845001221
v 0.2673070430755615 4.831845760345459 -1.3237332105636597
v 0.9776442050933838 5.960587978363037 0.3002287745475769
v 0.7289704084396362 4.148812770843506 0.32278144359588623
v 0.13152000308036804 4.717816352844238 -1.243194580078125
v 0.11581050604581833 5.519802570343018 -0.21039505302906036
v 0.9179653525352478 5.825061798095703 0.27708879113197327
v 0.3555832803249359 6.415602684020996 0.12159605324268341
v -0.049624230712652206 4.183000087738037 -0.057822324335575104
v 0.9968463778495789 4.346832275390625 -0.7748035192489624
v -0.1814490109682083 4.539005756378174 -0.6368640065193176
v 0.4471621513366699 6.125519752502441 -0.07335769385099411
v 0.6716881990432739 4.425821304321289 0.22956468164920807
v -0.14310286939144135 4.453663349151611 -0.7305183410644531
v -0.03609614074230194 5.087576866149902 0.017823737114667892
v 1.0613690614700317 5.945226192474365 0.6084940433502197
v -0.3059556484222412 4.939603328704834 -0.30042359232902527
v 0.010883464477956295 6.525976657867432 -0.218093141913414
v -0.14387324452400208 4.447193622589111 -0.7143343687057495
v 0.8414911031723022 5.512190818786621 -0.10294652730226517
v 0.1210055723786354 5.4350056648254395 -0.10850702971220016
v 0.5665901899337769 4.565175533294678 -1.521998405456543
v 0.8992399573326111 5.911927223205566 0.27981263399124146
v 0.8218911290168762 5.647485733032227 -0.6414719223976135
v 0.7748119235038757 5.888000011444092 0.8896616697311401
v -0.203000009059906 5.093793869018555 -0.3577095568180084
v 0.12566109001636505 5.440348148345947 -0.013294273987412453
v 1.0081626176834106 5.308566093444824 -0.2292027473449707
v 0.9554176926612854 4.457826614379883 0.19640898704528809
v 0.16988644003868103 4.5828752517700195 -1.3852729797363281
v -0.08193563669919968 6.25143575668335 0.8244642019271851
v 0.19812162220478058 4.755569934844971 -1.306769609451294
v 0.21549896895885468 6.063729763031006 0.7467712163925171
v 0.30317822098731995 5.065243244171143 -1.241226077079773
v 0.4281090199947357 5.376463413238525 0.7119653820991516
v -0.06606372445821762 4.40183687210083 -0.18348926305770874
v 0.07734942436218262 4.184000015258789 0.1356770098209381
v 0.6000548005104065 6.053464412689209 0.4026257395744324
v 0.7272487282752991 4.909673690795898 0.7611629962921143
v 0.4989517629146576 4.587930202484131 -1.5449999570846558
v 1.0525212287902832 5.361677646636963 0.2921839654445648
v 1.1016827821731567 5.291874885559082 0.44343289732933044
v 0.10380879789590836 6.236730098724365 0.7540490627288818
v 0.162818044424057 5.362678527832031 0.1407754123210907
v -0.11314709484577179 5.988219261169434 0.7165000438690186
v 0.9986507296562195 5.346705436706543 -0.22549989819526672
v 0.49118706583976746 6.115424633026123 -0.01604670286178589
v -0.05484379455447197 6.158683776855469 0.48172780871391296
v 0.15910401940345764 5.540131092071533 -0.2287082076072693
v 0.16951747238636017 4.338119029998779 0.1926872432231903
v 0.16576038300991058 4.752948760986328 -1.2983511686325073
v 0.7953737378120422 5.841909885406494 0.8771395087242126
v 0.9025406241416931 4.21140193939209 -0.846815288066864
v 0.5527072548866272 4.13193416595459 0.46769818663597107
v 1.0848551988601685 4.797605991363525 0.052353281527757645
v 0.9228994250297546 5.4530744552612305 -0.10050861537456512
v -0.3938409090042114 6.466463088989258 0.6587203145027161
v 0.5377358198165894 6.190518856048584 0.1541035920381546
v 0.6098141670227051 4.658660888671875 0.5843222141265869
v 0.5740085244178772 5.773913860321045 0.14619261026382446
v 1.3017501831054688 5.64401388168335 0.34334731101989746
v 0.5538192391395569 5.431814193725586 -1.1650532484054565
v 1.1577330827713013 4.564199924468994 -0.7415839433670044
v 0.2933436334133148 4.810481071472168 -1.2894123792648315
v 0.09627474099397659 4.528148174285889 -1.1261317729949951
v 0.5002697706222534 4.832821369171143 -1.3579124212265015
v 0.7108508348464966 4.26953649520874 -1.051112413406372
v 0.13828323781490326 5.441291809082031 -0.046561893075704575
v 0.6258531212806702 4.893155574798584 0.7670756578445435
v 0.10038071870803833 5.469709396362305 -0.1501672863960266
v 0.11040006577968597 5.409673690795898 0.010531472973525524
v 0.6151001453399658 5.787229537963867 0.1297248750925064
v 0.23875905573368073 5.162224292755127 0.5797591805458069
v -0.05691520497202873 5.258061408996582 -0.33416083455085754
v 0.40678369998931885 4.829741954803467 -1.5442583560943604
v 1.0226868391036987 5.973165035247803 0.6003076434135437
v 0.9507594704627991 4.40249490737915 -0.9532266855239868
v 0.3936006426811218 5.59689998626709 -0.1025669202208519
v 0.9446232318878174 4.286288738250732 0.35513022541999817
v 0.22399848699569702 5.163700103759766 0.5635982155799866
v 0.4463900625705719 5.3710150718688965 0.7224693894386292
v 1.1130154132843018 4.995309829711914 -0.8888068199157715
v 0.13741101324558258 5.421157360076904 0.009654313325881958
v 0.08661255985498428 5.17294979095459 0.2045040875673294
v 0.27133074402809143 5.153057098388672 0.6136635541915894
v 1.0268670320510864 4.760257720947266 -0.23136159777641296
v 0.2587990462779999 4.146100044250488 0.37209874391555786
v 0.0962207093834877 4.183582305908203 0.14940844476222992
v -0.023047665134072304 4.236000061035156 -0.7099894285202026
v 0.34783440828323364 5.618709087371826 0.2776103913784027
v 0.11297181993722916 5.430535316467285 0.004711240064352751
v 0.8833574056625366 4.821873188018799 -1.1358212232589722
v 0.13337066769599915 4.707281112670898 -1.2372697591781616
v 0.03199996426701546 5.329727649688721 -0.2347063273191452
v 0.28878143429756165 5.958325386047363 0.7070302367210388
v -0.3043813407421112 4.94744873046875 -0.2567294239997864
v 0.6966725587844849 5.969742774963379 0.24094949662685394
v 0.015376142226159573 6.397438049316406 -0.18678006529808044
v 1.0973938703536987 5.0594048500061035 -0.23198997974395752
v 0.11589418351650238 6.134518623352051 0.7830780744552612
v 1.2291343212127686 5.671546459197998 0.2812620997428894
v 0.68390291929245 6.0492987632751465 0.3346960246562958
v -0.0959324836730957 6.308347225189209 0.792353630065918
v 0.1574595868587494 4.504961013793945 0.0030202961061149836
v 0.8672735691070557 4.8386030197143555 -1.1451303958892822
v 0.16285574436187744 4.686181545257568 -1.253738284111023
v 1.0858343839645386 4.996958255767822 -0.19612053036689758
v 0.33904895186424255 5.612785339355469 0.2837146520614624
v 1.156613826751709 5.573124885559082 0.7329772710800171
v 0.09476597607135773 6.529930591583252 -0.1540357619524002
v 1.049686312675476 5.885751724243164 0.3201897144317627
v 1.063847303390503 5.16763162612915 -0.39981386065483093
v 0.09974460303783417 4.356395721435547 -0.9241798520088196
v 1.196317434310913 5.329408645629883 0.5190441608428955
v 1.049360990524292 4.418083190917969 -0.42601490020751953
v 0.9273348450660706 5.914666175842285 0.2938338816165924
v 0.7749159336090088 5.676689624786377 -0.7711156010627747
v 0.6256449222564697 5.673791885375977 0.10540264844894409
v 0.5167402625083923 4.264999866485596 -1.1039760112762451
v 1.0022029876708984 5.3330397605896 -0.22635149955749512
v 0.12428584694862366 5.450766563415527 -0.06105833873152733
v 0.100106380879879 5.438243389129639 0.021566541865468025
v 0.7557355165481567 5.592541217803955 0.9700000882148743
v 0.24072188138961792 4.858347415924072 -1.3324918746948242
v -0.21665312349796295 4.730724334716797 -0.7226321697235107
v 0.2563740015029907 6.043555736541748 0.7298800349235535
v 0.4091936945915222 5.74260139465332 -0.6115922927856445
v 0.7240000367164612 4.526754379272461 -1.2727853059768677
v 0.13135242462158203 4.70614767074585 -1.2789661884307861
v -0.21466001868247986 4.834897041320801 -0.5653707385063171
v 0.17060011625289917 4.586800575256348 -1.3864001035690308
v 0.8298652768135071 4.899499893188477 0.722239077091217
v 0.3317459523677826 5.489490032196045 -1.041612982749939
v 0.130764439702034 4.677059173583984 -1.2341738939285278
v 0.16422626376152039 4.752903461456299 -1.2964560985565186
v 0.23536783456802368 5.162563323974609 0.5763678550720215
v -0.018875086680054665 4.185181617736816 0.02627244032919407
v 0.9369999170303345 4.238239765167236 0.3772362470626831
v -0.1286814957857132 6.203738689422607 0.4977216422557831
v 0.7188950181007385 6.061526298522949 0.5321804881095886
v 0.3260926306247711 5.480692386627197 0.5070629715919495
v 0.7553840279579163 5.677499771118164 -0.808793842792511
v -0.033160675317049026 5.98061466217041 0.720328152179718
v 0.30349013209342957 6.026487350463867 0.71735680103302
v 0.6772482991218567 4.386341094970703 0.2433725893497467
v 0.6836195588111877 5.808203220367432 0.8186753392219543
v 0.744544267654419 5.592471599578857 0.9700000882148743
v 0.2414095550775528 4.857196807861328 -1.2998725175857544
v 0.12039749324321747 5.44813871383667 -0.13241484761238098
v 0.7240565419197083 4.522151947021484 -1.270076036453247
v 0.1321173459291458 4.710752010345459 -1.2402585744857788
v 0.9428119659423828 5.821775913238525 0.2872939705848694
v 1.0396344661712646 5.961458683013916 0.604369044303894
v 0.4078724682331085 5.598546504974365 -0.106456458568573
v 0.37717509269714355 6.369474411010742 0.16548368334770203
v 0.9784219264984131 4.421367645263672 -0.1887618899345398
v 0.1252274513244629 4.701817989349365 -1.2697274684906006
v 1.1285649538040161 4.2740583419799805 0.2631038427352905
v 0.9314546585083008 5.43979549407959 -0.10142036527395248
v 0.18477614223957062 4.792048454284668 0.48701977729797363
v 0.18283480405807495 4.76082706451416 -1.2551651000976562
v 0.11966963857412338 5.525612831115723 -0.2042534351348877
v 0.3510337769985199 6.003118515014648 0.24882438778877258
v 0.2317468374967575 4.848665714263916 -1.3399062156677246
v 0.08832530677318573 5.177150726318359 0.19413864612579346
v 0.20368018746376038 4.69195032119751 -1.4255162477493286
v 0.08367784321308136 4.183943748474121 0.14006581902503967
v 1.2111846208572388 4.70991849899292 -0.5194141864776611
v 1.1724233627319336 5.3489670753479 0.6615657806396484
v 1.0484715700149536 4.1758713722229 -0.05471369996666908
v -0.134908527135849 4.390585422515869 -0.48862195014953613
v 0.8803613781929016 5.972094535827637 0.27968934178352356
v 0.2293902337551117 4.80388069152832 -1.28325355052948
v 0.3303581178188324 4.618413925170898 -1.5067055225372314
v 0.7532116174697876 5.677499771118164 -0.8121361136436462
v 0.11055538803339005 5.5047993659973145 -0.1999097466468811
v 0.10786278545856476 5.4696502685546875 -0.17141269147396088
v 0.21580231189727783 5.573754787445068 -0.3020658791065216
v -0.021938271820545197 6.454370498657227 -0.3195555806159973
v 0.9800580739974976 4.517749786376953 -0.23784996569156647
v 0.35273000597953796 5.680629730224609 0.4826103448867798
v -0.004669739864766598 4.9337921142578125 0.044830288738012314
v 0.4439740478992462 5.472175121307373 -1.1061019897460938
v 0.027088148519396782 6.261739730834961 0.786605179309845
v 0.2574585974216461 4.815410614013672 -1.3133407831192017
v 0.24041596055030823 5.992792129516602 0.3995785713195801
v 0.617438793182373 4.746368408203125 -1.5180764198303223
v 0.4433220326900482 5.890868186950684 0.6994198560714722
v 0.2620145380496979 4.441246032714844 -1.341223955154419
v 0.12385843694210052 5.461390495300293 -0.1470434069633484
v 1.1432558298110962 4.1424055099487305 -0.4349082112312317
v 0.4927583634853363 6.282318115234375 0.10779651999473572
v 0.1562909036874771 4.697731971740723 -1.2369304895401
v 1.0355290174484253 5.789389133453369 0.35122284293174744
v -0.45474904775619507 6.35450553894043 0.664300799369812
v 0.22294022142887115 4.79597806930542 -1.3303463459014893
v 1.2210443019866943 5.575493812561035 0.726892352104187
v -0.04549655318260193 4.201496601104736 -0.5024627447128296
v 1.1560696363449097 5.150569438934326 0.22685092687606812
v 0.1763674020767212 5.539683818817139 -0.26351016759872437
v 1.0555967092514038 5.355169296264648 0.3031126856803894
v 0.1632739156484604 5.972925662994385 0.7153086066246033
v 0.1814328134059906 4.168033599853516 0.2591876685619354
v 0.5973917245864868 4.774250030517578 -1.5350916385650635
v 0.13481101393699646 6.260429382324219 -0.2934550940990448
v 0.1395919919013977 5.511617660522461 -0.20739278197288513
v 0.9526976943016052 5.502197742462158 0.13263949751853943
v 0.9406207203865051 4.203976154327393 -0.7885687947273254
v 1.0121155977249146 4.194508075714111 -0.66691654920578
v 0.6113910675048828 5.071049213409424 0.8153496980667114
v 0.7537816166877747 6.0523481369018555 0.542151927947998
v 0.46558746695518494 4.417500019073486 0.37923890352249146
v 0.9506900906562805 4.20193338394165 -0.7732523083686829
v 0.9602301716804504 5.604805946350098 0.887269914150238
v 1.0401567220687866 4.432957649230957 -0.3366389274597168
v 0.6365175843238831 4.138890266418457 0.4386588931083679
v 0.2331761121749878 4.821500778198242 -1.3383357524871826
v 1.0546531677246094 4.183913707733154 -0.5987606048583984
v 0.054229505360126495 6.403208255767822 -0.13943706452846527
v 0.38398948311805725 4.319606304168701 0.4593934416770935
v 0.11011090129613876 5.443322658538818 -0.10837706178426743
v 0.4892681837081909 5.076450347900391 -1.2955337762832642
v 0.7814964652061462 5.803833484649658 0.11316646635532379
v 0.0578644685447216 4.805813312530518 0.046635523438453674
v 0.34663552045822144 6.426191329956055 0.10615541785955429
v -0.15317408740520477 5.0991291999816895 -0.8673705458641052
v 0.12814252078533173 5.4116129875183105 -0.016613001003861427
v 0.35194671154022217 5.693687915802002 0.4400428533554077
v 1.2672536373138428 5.425681114196777 0.625210165977478
v 1.1255565881729126 4.341367721557617 0.21660858392715454
v 0.9579752683639526 4.845605373382568 -1.083254098892212
v 0.1295190453529358 5.461681842803955 -0.1261206865310669
v 0.06031366065144539 5.213174343109131 -1.0531450510025024
v 0.10595432668924332 5.497060775756836 -0.17295625805854797
v -0.3045000433921814 4.945899963378906 -0.26451364159584045
v 1.0955675840377808 4.2942914962768555 -0.14666251838207245
v 1.0807583332061768 5.673571586608887 0.8040716648101807
v -0.21597081422805786 4.534029006958008 -0.2706297039985657
v -0.1409451961517334 5.1513519287109375 -0.8069602251052856
v 0.525054931640625 4.820805072784424 -1.3570060729980469
v 0.11041821539402008 4.687281608581543 -1.243501901626587
v 0.9442784190177917 6.032337665557861 0.4126165211200714
v 1.0565757751464844 5.230686187744141 -0.6307860612869263
v -0.213894784450531 4.834837913513184 -0.5667245984077454
v 0.9786878824234009 5.847085475921631 0.31248217821121216
v 0.9841652512550354 5.958240509033203 0.301533043384552
v 0.7901842594146729 4.387935161590576 -1.1003761291503906
v 0.10112092643976212 5.481441020965576 -0.168915256857872
v 0.3829658031463623 5.818470478057861 0.601863443851471
v 0.5827118158340454 5.70735502243042 -0.39252644777297974
v 0.6012243032455444 6.005443096160889 0.1687186360359192
v -0.034572016447782516 4.431183338165283 -0.8948848247528076
v 0.4960012435913086 5.631906032562256 -0.9356254935264587
v 0.361633837223053 6.108156204223633 0.6790253520011902
v 0.9511644244194031 5.749335765838623 0.8445950150489807
v 0.5469903945922852 4.6711835861206055 0.6023165583610535
v 0.06125312298536301 5.285019874572754 0.08953213691711426
v 0.46144571900367737 5.636991024017334 -0.9239001870155334
v 0.4931534230709076 4.8202691078186035 -1.5527116060256958
v 0.07912544161081314 4.184000015258789 0.1368229240179062
v 0.11849451065063477 5.44630241394043 -0.12913091480731964
v 1.2343336343765259 5.5735955238342285 0.7246142625808716
v 0.40445107221603394 5.9112443923950195 0.48905980587005615
v 0.6231285929679871 5.916122913360596 0.19724275171756744
v 0.992956817150116 5.878314971923828 0.3164999485015869
v 0.5199307799339294 4.264999866485596 -1.1036570072174072
v 0.5616649389266968 4.667784690856934 0.6000885367393494
v 0.6227099299430847 5.788815021514893 0.12782253324985504
v 0.15565724670886993 4.669466495513916 -1.2528818845748901
v 1.0937786102294922 4.250844955444336 -0.1266438066959381
v 0.23563626408576965 4.381910800933838 0.282266229391098
v 0.5881077647209167 4.554446220397949 -1.5046846866607666
v 0.38334551453590393 5.81887674331665 0.6027852892875671
v 0.14909939467906952 5.55144739151001 -0.2512017786502838
v 0.5931657552719116 4.7792229652404785 -1.356747031211853
v 0.21162059903144836 5.569103240966797 -0.27817246317863464
v 0.4879489243030548 4.410406112670898 -1.359623908996582
v 1.0021576881408691 4.445775508880615 -0.262949675321579
v 0.9760978817939758 5.2934489250183105 0.7197105288505554
v 0.21279756724834442 4.79695987701416 0.5402079224586487
v 0.23654402792453766 4.832071781158447 -1.29230797290802
v 0.982681393623352 5.958775043487549 0.3012363612651825
v 0.14966751635074615 4.668259143829346 -1.2510106563568115
v 0.10737189650535583 6.06387996673584 0.435331791639328
v 0.37587785720825195 5.810439109802246 0.5257705450057983
v 0.17800290882587433 4.706360816955566 -1.266229271888733
v 0.66909259557724 5.315971851348877 0.8335000276565552
v 1.075622320175171 4.165914535522461 0.010195905342698097
v 1.0219007730484009 4.157713413238525 0.28336939215660095
v 1.0621802806854248 4.877110004425049 -0.19872258603572845
v 0.16751813888549805 4.173370361328125 0.2169613391160965
v 1.112510085105896 5.95057487487793 0.49325504899024963
v 0.14000554382801056 4.67507791519165 -1.2770353555679321
v 0.5370187163352966 4.3299102783203125 0.49582573771476746
v -0.04088431969285011 4.4339280128479 -0.8924148082733154
v -0.09095750749111176 5.985200881958008 0.7169497013092041
v 0.048657406121492386 4.875964164733887 0.05805578827857971
v 0.3757041394710541 5.6341352462768555 -0.8879745602607727
v 0.9618725180625916 5.738234043121338 0.8390637636184692
v 1.3034322261810303 5.5224223136901855 0.6856256723403931
v 0.12328290194272995 5.435644149780273 0.015572295524179935
v 0.23370663821697235 6.054012298583984 0.7382808327674866
v 1.0241515636444092 4.442750453948975 -0.2870042026042938
v 0.5723867416381836 6.055390357971191 0.19568608701229095
v 0.15564769506454468 6.03680419921875 0.4215241074562073
v 0.18414367735385895 5.454097270965576 0.08309426158666611
v 0.19649995863437653 5.577081203460693 -0.2743256688117981
v -0.010093177668750286 4.236439228057861 -0.7284209132194519
v 0.09826462715864182 4.538190841674805 -1.1350586414337158
v 0.4134445786476135 5.071499824523926 -1.277840256690979
v 0.10491164028644562 5.443301677703857 0.02814212627708912
v 0.2274015247821808 4.7858500480651855 -1.317352533340454
v 0.5900869965553284 5.067211151123047 0.8146513104438782
v 0.058511219918727875 5.213895320892334 -1.0511623620986938
v 1.1522516012191772 4.144083023071289 -0.33751940727233887
v 0.45088499784469604 5.721177101135254 -0.3736770749092102
v -0.2653580605983734 4.971362590789795 -0.1385120004415512
v 0.7149848341941833 5.776599407196045 0.813668429851532
v 0.3998909294605255 5.922030925750732 0.304344117641449
v 0.07365989685058594 4.368277072906494 -0.9276408553123474
v 0.5092413425445557 5.7176737785339355 -0.38136976957321167
v 0.714500367641449 4.268185138702393 -1.0488144159317017
v 0.2602652609348297 5.981969356536865 0.3944591283798218
v 0.8282119035720825 5.824394226074219 0.26753541827201843
v -0.02897198498249054 6.501939296722412 -0.2656509578227997
v 0.7221627831459045 4.346330642700195 -1.1045001745224
v 0.20132477581501007 4.791751384735107 -1.2702001333236694
v 0.21233557164669037 5.570719242095947 -0.2774452567100525
v 0.4590720236301422 4.82582950592041 -1.5501705408096313
v 0.16850948333740234 5.400295734405518 0.11447157710790634
v 1.2452181577682495 5.789525508880615 0.5368172526359558
v 0.9369999170303345 4.2376508712768555 0.3773466646671295
v 1.0113041400909424 4.194636344909668 -0.6682404279708862
v 0.3820632994174957 5.6559929847717285 0.5837101340293884
v 0.29876330494880676 4.612971782684326 0.2921173572540283
v 0.37502387166023254 5.810011863708496 0.538153886795044
v -0.08297338336706161 5.275989532470703 -0.4963030517101288
v -0.11391447484493256 5.226513385772705 -0.6905587911605835
v 0.9388745427131653 5.76270866394043 0.12362965196371078
v 0.37821123003959656 5.925101280212402 0.4382689893245697
v 0.4706854224205017 5.857206344604492 0.28751030564308167
v 0.3461465835571289 6.011478900909424 0.7078955769538879
v 0.3511972725391388 4.259047508239746 0.5045416951179504
v 0.1215682178735733 4.596765041351318 -0.0010378836886957288
v -0.15595509111881256 5.059685707092285 -0.9109960794448853
v 0.8937292695045471 5.298580169677734 0.7718689441680908
v 0.2348964810371399 5.5876994132995605 -0.30630216002464294
v 0.03926214948296547 6.4017839431762695 -0.15974493324756622
v -0.009799609892070293 6.13223123550415 0.4732436537742615
v 0.7314783334732056 5.098649978637695 0.7922232151031494
v 0.6694750189781189 6.058468818664551 0.35917937755584717
v 0.6128566265106201 5.613228797912598 -0.9888139367103577
v 0.8797041773796082 4.5955915451049805 0.18688741326332092
v 0.528954803943634 5.611886501312256 0.8512002825737
v 0.12004108726978302 5.505677223205566 -0.1768311858177185
v -0.10205531120300293 4.452536582946777 -0.8310281038284302
v 0.5185244679450989 4.412766456604004 -1.365681529045105
v 0.11418895423412323 4.696887016296387 -1.2608579397201538
v 1.054543375968933 5.9510016441345215 0.6071814298629761
v 1.043506145477295 5.793089866638184 0.3534581959247589
v 0.10231044888496399 4.566132545471191 -1.1567416191101074
v 0.21935799717903137 4.829145431518555 -1.3303580284118652
v 1.1804511547088623 4.911152362823486 -0.7830381393432617
v 0.14815562963485718 4.665510177612305 -1.2591196298599243
v -0.4488290250301361 6.199672222137451 0.6496285796165466
v -0.25091972947120667 4.685194969177246 -0.45589345693588257
v 0.6870972514152527 4.633665561676025 0.5325753688812256
v 1.032928466796875 5.7380242347717285 0.13991671800613403
v 0.12656554579734802 5.424167633056641 -0.06832203269004822
v 0.6683329343795776 5.59250020980835 0.9545712471008301
v 0.8868045806884766 5.862466335296631 0.8857457041740417
v 1.0460048913955688 4.727599620819092 0.09054012596607208
v 0.6731602549552917 4.3522186279296875 -1.1816095113754272
v 1.0930179357528687 5.090094089508057 -0.26857656240463257
v 1.1303995847702026 4.148745536804199 -0.24031709134578705
v 1.3167576789855957 5.642000198364258 0.3580188453197479
v 1.0270400047302246 4.393087387084961 -0.5577450394630432
v 0.3603174388408661 5.427055358886719 0.613734245300293
v 1.1342893838882446 5.70993709564209 0.19473910331726074
v 0.45566585659980774 6.328546524047852 0.07473406940698624
v -0.21897460520267487 4.7302565574646 -0.705497145652771
v 0.4058275818824768 5.639205455780029 -0.9047383069992065
v 0.9562914371490479 5.386651515960693 -0.09858866035938263
v 0.4061559736728668 5.598331928253174 -0.10608093440532684
v 0.22159117460250854 4.8287811279296875 -1.33259117603302
v 0.12905801832675934 5.456637859344482 -0.1357099413871765
v 0.1081790179014206 5.413108825683594 0.016201108694076538
v 0.5857359766960144 6.058906555175781 0.395922988653183
v 0.6957592964172363 4.326565742492676 0.26934322714805603
v 0.1708231121301651 4.779298305511475 -1.2943902015686035
v 0.1012355387210846 5.311141014099121 0.28237128257751465
v 0.10910946130752563 4.641693115234375 0.009542815387248993
v 0.832243025302887 4.4312262535095215 0.27479007840156555
v 0.33568885922431946 6.437311172485352 0.08732108026742935
v -0.0626358613371849 5.2624735832214355 -0.3590172529220581
v 0.13516001403331757 4.671990871429443 -1.2798888683319092
v -0.11557555943727493 5.218912601470947 -0.7044184803962708
v 0.7806931734085083 5.592872142791748 0.9674891233444214
v 0.10909613966941833 5.48374080657959 -0.18818657100200653
v 0.25013527274131775 4.806189060211182 -1.3212065696716309
v 0.12808655202388763 5.410381317138672 0.001302068354561925
v 1.1427762508392334 5.919432163238525 0.5067426562309265
v 0.1155732199549675 5.492557048797607 -0.16148722171783447
v 0.8979743719100952 4.415999889373779 -1.0272976160049438
v 0.763096272945404 5.592039585113525 0.9699205756187439
v 0.7486196160316467 4.910269260406494 0.7602306604385376
v 1.264639139175415 5.657176971435547 0.3076428472995758
v 0.93119215965271 5.792660713195801 0.2806786298751831
v 0.32897233963012695 5.473995685577393 0.5161235332489014
v 0.49167537689208984 4.415937900543213 0.3652589023113251
v 0.11734440922737122 5.468419075012207 -0.1710689514875412
v 0.39817526936531067 4.316289901733398 -1.2633051872253418
v 0.11364810913801193 4.398820877075195 -1.038763403892517
v 0.30468857288360596 4.309601783752441 -1.1733862161636353
v 0.033232346177101135 6.107069492340088 0.46174153685569763
v 0.189703106880188 4.767219066619873 -1.3118141889572144
v 0.6790861487388611 4.3777642250061035 0.24612931907176971
v -0.27000123262405396 6.43906307220459 0.7784370183944702
v 0.983479917049408 4.741499900817871 0.33894670009613037
v 0.7319626212120056 5.674323558807373 -0.41694846749305725
v 0.13950090110301971 5.518072128295898 -0.23032160103321075
v 0.17889876663684845 4.707512855529785 -1.2653653621673584
v 0.09299995005130768 4.492130756378174 -1.0944905281066895
v 0.9543190598487854 4.6318464279174805 0.1703425496816635
v 0.6657863259315491 6.058251857757568 0.36395296454429626
v 0.8184166550636292 5.884306907653809 0.8914355039596558
v 0.1394902765750885 5.436529636383057 -0.06351838260889053
v 0.4728902578353882 5.948853969573975 0.361149400472641
v 0.8735365867614746 4.831282138824463 -1.1410505771636963
v 0.5388289093971252 5.62596321105957 -0.9527886509895325
v 0.6195544600486755 5.0821943283081055 -1.2968614101409912
v 0.21487832069396973 4.76070499420166 -1.2994723320007324
v -0.13951022922992706 4.41806173324585 -0.5587769746780396
v 0.3633434474468231 5.675403118133545 0.511134684085846
v 0.918540894985199 4.414910316467285 -1.008959174156189
v 0.12572124600410461 4.340218544006348 -0.9194631576538086
v 0.6122770309448242 6.0008955001831055 0.15103213489055634
v 0.8402747511863708 5.595622539520264 0.1010000929236412
v -0.3678343892097473 6.465372562408447 0.6930477023124695
v 0.9509296417236328 4.803438186645508 0.551047682762146
v -0.12985824048519135 4.462952136993408 -0.7767114639282227
v 0.15275530517101288 5.555032253265381 -0.24045243859291077
v -0.04400690644979477 4.604410171508789 -0.08254478126764297
v 0.013725587166845798 5.979499816894531 0.7241435647010803
v 0.2244093418121338 4.847499847412109 -1.3001359701156616
v 0.5355408787727356 6.12105131149292 0.34904080629348755
v -0.06802771985530853 4.400920391082764 -0.18623889982700348
v 0.4810495674610138 4.416839122772217 0.3715345859527588
v 1.293195366859436 5.646768093109131 0.33431726694107056
v 0.8152408003807068 4.159204483032227 0.3454037010669708
v 0.2550419569015503 4.8528032302856445 -1.3059194087982178
v 0.1386263221502304 4.716099739074707 -1.2382365465164185
v -0.4280487298965454 6.417278289794922 0.6793985366821289
v 0.3578242063522339 5.814340114593506 0.490339994430542
v 0.07753074169158936 5.0047078132629395 0.3286231458187103
v 1.0186717510223389 4.739452838897705 -0.23445303738117218
v 0.2970169186592102 5.9642415046691895 0.3870227038860321
v 0.19868673384189606 4.755743026733398 -1.3065235614776611
v 1.0666519403457642 4.896813869476318 -0.19384804368019104
v 0.10690034180879593 5.470925331115723 -0.12617482244968414
v 0.11409925669431686 5.4308857917785645 -0.039205826818943024
v 0.38283947110176086 4.416693210601807 -1.33815336227417
v 0.05980483070015907 4.798038482666016 0.044952958822250366
v 1.127000093460083 5.122451305389404 0.12318452447652817
v -0.13781477510929108 4.411018371582031 -0.5391842126846313
v 0.9061429500579834 5.8309006690979 0.2725439965724945
v 0.8479453325271606 4.74874210357666 0.6056249737739563
v 0.6833194494247437 4.357377052307129 0.2517678141593933
v 0.19649995863437653 5.5788798332214355 -0.2769702672958374
v 0.19079004228115082 6.279191970825195 0.05529003590345383
v 1.0026063919067383 4.747543811798096 0.3435875177383423
v 0.50746750831604 5.449280261993408 -1.1427336931228638
v -0.0396532267332077 4.20127010345459 -0.43910539150238037
v 0.10118065029382706 5.012623310089111 0.37880364060401917
v 1.0170807838439941 5.384176731109619 -0.5362423658370972
v 0.3840164244174957 5.9482598304748535 0.28794747591018677
v 0.29518914222717285 6.45822811126709 -0.03296452388167381
v 0.1302587240934372 4.567846298217773 -0.003374183550477028
v 1.057274580001831 5.680288791656494 0.8126479983329773
v 0.24650000035762787 5.6209187507629395 -0.295062780380249
v 0.1338762789964676 5.422966003417969 -0.050050340592861176
v 0.3228316903114319 5.530009746551514 0.4453956186771393
v -0.16916371881961823 4.540054798126221 -0.5839101076126099
v 1.1358810663223267 5.567465305328369 0.7322749495506287
v 0.8274093270301819 5.631681442260742 -0.4614093601703644
v 0.02953476458787918 6.40032434463501 -0.17193472385406494
v 0.6787145137786865 4.279980182647705 -1.072129726409912
v 0.1642143428325653 4.440356731414795 0.04485735669732094
v 0.24319888651371002 6.196595191955566 0.12169229984283447
v 0.11822468042373657 5.435912609100342 0.034603849053382874
v 0.0808432400226593 4.728470325469971 0.029955308884382248
v 0.5848356485366821 4.880611419677734 0.772462785243988
v 0.7284030318260193 5.098361968994141 0.7937066555023193
v 0.7466760277748108 4.637763500213623 0.505917489528656
v 0.14662206172943115 4.7271552085876465 -1.2423982620239258
v 0.9295259118080139 4.413577556610107 -0.9958619475364685
v 0.20872090756893158 5.58799409866333 -0.284659743309021
v 0.5875678658485413 5.083719730377197 -1.3034393787384033
v -0.1883125752210617 4.8405303955078125 -0.6592475771903992
v 0.9916618466377258 5.857363224029541 0.31624022126197815
v 0.6266239285469055 5.38491153717041 -1.180272102355957
v 0.5008160471916199 4.130891799926758 0.47699999809265137
v 0.11647981405258179 4.251733303070068 -0.8698451519012451
v 0.2378767430782318 4.810239791870117 -1.3331069946289062
v 0.3138510584831238 5.562095642089844 0.37951067090034485
v 1.0608901977539062 5.67930269241333 0.8110045194625854
v -0.37687012553215027 6.379920482635498 0.5431008338928223
v 0.2340114861726761 4.78598165512085 -1.3024059534072876
v 0.3136030435562134 5.5630879402160645 0.37703022360801697
v 0.42781245708465576 6.264312744140625 0.2461250275373459
v 0.35189053416252136 5.626469135284424 -0.8717291355133057
v 0.9745355844497681 5.470658779144287 -0.5166506767272949
v 0.8803675770759583 4.415586471557617 -1.0417193174362183
v 0.6744320392608643 4.281445026397705 -1.075439691543579
v 0.38499391078948975 6.348879814147949 0.18057823181152344
v -0.08786972612142563 6.179129600524902 0.4893900156021118
v -0.1744612753391266 6.368715763092041 0.7913491129875183
v -0.06500836461782455 4.202499866485596 -0.2519625127315521
v 1.261460781097412 4.8321452140808105 -0.5020599365234375
v 0.14654600620269775 4.676863193511963 -1.2348639965057373
v 0.19580014050006866 4.672108173370361 -1.4159462451934814
v 1.0612568855285645 4.750959396362305 0.07486038655042648
v 0.8870043754577637 5.758263111114502 0.8366017937660217
v 1.0130969285964966 5.312063217163086 -0.7080436944961548
v 1.24763822555542 4.812684059143066 -0.47177642583847046
v 1.0947411060333252 5.044705390930176 -0.21946419775485992
v 1.1955865621566772 4.712660789489746 -0.6704601645469666
v 0.1493697613477707 4.3359761238098145 -0.9971302151679993
v 0.9594876766204834 4.830360412597656 -1.0848278999328613
v -0.15729273855686188 5.084341526031494 -0.8832964301109314
v 0.31706324219703674 5.553092002868652 0.4000978171825409
v 0.12957319617271423 6.525585651397705 -0.13311798870563507
v -0.21043051779270172 6.25337028503418 0.5164979696273804
v 0.3755994141101837 5.4873881340026855 -1.0654675960540771
v 0.145335853099823 5.520155429840088 -0.23094676434993744
v 0.22141684591770172 5.575392723083496 -0.3001943528652191
v -0.036874476820230484 4.204124927520752 -0.34556499123573303
v 0.4612486958503723 5.931948661804199 0.3513990044593811
v 0.6936051845550537 5.957586288452148 0.2290860414505005
v 0.2124186009168625 4.796883583068848 0.5393490195274353
v 0.826820433139801 4.406752586364746 -1.082776665687561
v 0.181907057762146 5.566865921020508 -0.26278144121170044
v 0.5721160769462585 4.875905990600586 0.7717009782791138
v 0.3837975263595581 6.397858619689941 0.02832859940826893
v 0.7119292616844177 5.591270923614502 0.9679065346717834
v 1.2369438409805298 4.790520191192627 -0.44470906257629395
v 0.436381459236145 5.6336493492126465 0.7420721650123596
v -0.1960723102092743 4.5357136726379395 -0.7210161089897156
v 1.0634312629699707 5.168671607971191 -0.40203341841697693
v 0.10892201960086823 5.489038944244385 -0.15948863327503204
v 0.5200925469398499 5.07973575592041 -1.3004714250564575
v -0.08672789484262466 6.17842960357666 0.48913201689720154
v 0.24904994666576385 5.600500106811523 -0.3074501156806946
v 0.3162897229194641 5.59033727645874 0.31161490082740784
v -0.18142849206924438 4.527464389801025 -0.825178861618042
v 1.235810399055481 5.799599647521973 0.5333601236343384
v 0.0715489536523819 6.084678649902344 0.44821807742118835
v -0.41328805685043335 6.145878314971924 0.6568560004234314
v -0.23820842802524567 4.7128987312316895 -0.5499576926231384
v 1.1113944053649902 4.235851287841797 0.2698962092399597
v 0.0976121798157692 5.011918544769287 0.3739589750766754
v 1.0679636001586914 5.86515474319458 0.33797264099121094
v 0.9883703589439392 4.834587097167969 0.5266343951225281
v 1.1548086404800415 4.93021297454834 0.26700520515441895
v 0.0863049179315567 5.042792797088623 -1.1133415699005127
v 0.8996947407722473 4.164361476898193 0.3439166247844696
v -0.03499995917081833 4.203499794006348 -0.36350563168525696
v 0.08941654860973358 5.181086540222168 0.18574471771717072
v -0.27904823422431946 4.966150760650635 -0.16117163002490997
v 0.3235397934913635 5.953182697296143 0.7055000066757202
v 0.13899165391921997 5.511440277099609 -0.2006528526544571
v 1.1685670614242554 4.931974411010742 -0.8086327314376831
v 1.2002716064453125 5.839828014373779 0.5215345025062561
v 0.13756151497364044 5.437521457672119 -0.06978610903024673
v 0.5509093403816223 4.409933567047119 0.3173459768295288
v 0.5217482447624207 6.138064861297607 0.33571067452430725
v -0.30859753489494324 4.931414604187012 -0.34000030159950256
v 0.6493426561355591 4.326776504516602 -1.1661713123321533
v -0.2168111354112625 4.730698108673096 -0.7217370867729187
v 0.39624565839767456 5.38906192779541 0.6924512982368469
v 0.8248074650764465 4.426645755767822 0.27638691663742065
v -0.18501554429531097 4.538560390472412 -0.6484255790710449
v 0.20912639796733856 4.758942127227783 -1.301977276802063
v 0.4011671245098114 5.875668525695801 0.48145756125450134
v 0.9379980564117432 4.244205474853516 0.3750036954879761
v 0.44846126437187195 5.072999954223633 -1.2869603633880615
v 0.9443512558937073 4.62790584564209 0.17213359475135803
v 0.2762303054332733 4.804422855377197 0.6291916370391846
v 0.4673851728439331 5.858621120452881 0.2898678481578827
v 1.259030818939209 4.8809356689453125 -0.5673364400863647
v 0.6361981630325317 5.080080509185791 -1.2907007932662964
v 0.13634899258613586 5.439371109008789 -0.09738817811012268
v 0.21764600276947021 5.600010395050049 -0.3065573573112488
v 0.02295069582760334 6.3990607261657715 -0.17947620153427124
v 0.22936230897903442 4.786340713500977 -1.3163068294525146
v 0.1467140018939972 6.247425556182861 -0.2842288017272949
v 0.21279992163181305 5.565200328826904 -0.2841993570327759
v 1.190051794052124 4.714568614959717 -0.6542587280273438
v 0.1024274230003357 5.484499931335449 -0.1607499122619629
v 0.38026654720306396 5.9137187004089355 0.31539785861968994
v 0.5794240236282349 4.788431644439697 -1.3575000762939453
v 0.49777427315711975 5.848444938659668 0.2698354125022888
v 0.11652449518442154 5.4271721839904785 -0.07397942245006561
v 0.15125921368598938 5.529539585113525 -0.21825920045375824
v 0.3265804052352905 4.309267520904541 -1.1971153020858765
v 0.11811984330415726 4.695376396179199 -1.238072395324707
v 0.8970892429351807 5.91094970703125 0.27863964438438416
v -0.15663975477218628 5.079117774963379 -0.8889557719230652
v 0.17923970520496368 4.246114730834961 -0.8799756765365601
v 0.9895474314689636 4.549062728881836 -0.24134914577007294
v 0.9788788557052612 5.478512763977051 0.15048754215240479
v 0.5585156679153442 6.0920538902282715 0.37136057019233704
v 0.4900667369365692 4.590403079986572 -1.5450447797775269
v 0.32296136021614075 5.460714340209961 0.567956268787384
v 0.6860974431037903 4.14856481552124 0.3939117193222046
v 0.11487007886171341 4.694876670837402 -1.2697335481643677
v 0.10118860006332397 5.481528282165527 -0.16854767501354218
v 0.32187408208847046 4.839937210083008 -1.316224455833435
v 0.22548115253448486 4.8303399085998535 -1.2900151014328003
v 0.3135327994823456 5.5842719078063965 0.3209884464740753
v 1.077796459197998 4.17133092880249 -0.562117338180542
v 0.08372338861227036 5.164947032928467 0.22754783928394318
v 0.10448326170444489 5.309507369995117 0.27055251598358154
v 1.1171656847000122 5.1743974685668945 0.10805432498455048
v 0.5441498756408691 4.5340704917907715 0.284854531288147
v 0.13335230946540833 5.512046813964844 -0.19015099108219147
v -0.03776979073882103 4.181689262390137 -0.021863499656319618
v 0.2273882031440735 4.847499847412109 -1.2956676483154297
v 0.4943472445011139 6.031078338623047 0.5107709765434265
v 0.3192458152770996 4.818324565887451 0.6666228771209717
v 0.20341970026493073 4.161380290985107 0.2975994646549225
v 0.16709040105342865 4.720991611480713 -1.2401751279830933
v 0.5924738049507141 6.0568437576293945 0.39922603964805603
v 0.20382487773895264 5.590471267700195 -0.2919730544090271
v 1.1271895170211792 4.977935314178467 -0.8706219792366028
v 0.8759506344795227 5.790306091308594 0.11706309765577316
v 0.7704525589942932 5.6573052406311035 -0.4283789098262787
v 0.08724641799926758 4.479443073272705 -0.027729276567697525
v 0.10398624837398529 5.456135272979736 -0.12139073014259338
v 0.7533246278762817 5.100101947784424 0.7807866334915161
v 0.364364355802536 5.420970439910889 0.6279572248458862
v 0.04766004532575607 6.0985822677612305 0.45664939284324646
v 0.6811599135398865 5.088818550109863 0.8071362376213074
v 0.6757923364639282 4.682521343231201 -1.3341302871704102
v -0.369076132774353 6.465445518493652 0.6915868520736694
v 0.6836629509925842 5.857213497161865 0.8385505080223083
v 1.0554790496826172 5.355419635772705 0.3026714324951172
v -0.17259308695793152 6.23052453994751 0.5073787569999695
v 0.5482856035232544 6.1490325927734375 0.17178557813167572
v -0.28067946434020996 4.965607166290283 -0.1641623079776764
v 0.3118843734264374 5.957307815551758 0.3853403627872467
v 0.24602629244327545 5.622303485870361 -0.301359087228775
v 0.1439984142780304 4.343040466308594 -1.0025016069412231
v 0.9432266354560852 4.407818794250488 -0.9709786176681519
v 0.923660159111023 5.531156539916992 0.11517170816659927
v 1.2068686485290527 5.3616204261779785 0.645459771156311
v 1.33366858959198 5.589179515838623 0.528157114982605
v 1.0818291902542114 5.051426887512207 -0.9326179623603821
v 0.08319296687841415 6.530385971069336 -0.16221937537193298
v 0.11349998414516449 5.43438196182251 -0.02340449020266533
v 0.1172870472073555 5.516676902770996 -0.19053253531455994
v 1.2139207124710083 4.696950435638428 -0.4856378138065338
v -0.08074299246072769 4.442804336547852 -0.8635862469673157
v 0.3880937397480011 5.941843509674072 0.29258590936660767
v 0.07418312132358551 6.5304999351501465 -0.16857174038887024
v 0.7186771631240845 4.473767280578613 -1.2431926727294922
v 0.4203851521015167 4.847934722900391 0.7178218960762024
v 0.9651577472686768 6.023110389709473 0.42683476209640503
v 0.2635875344276428 4.830470561981201 -1.3336771726608276
v -0.04949157312512398 4.225525379180908 -0.6389287114143372
v 0.7714844346046448 4.248078346252441 -0.9990155100822449
v 0.8635687828063965 5.300556659698486 0.7896929383277893
v 0.1631229966878891 4.749008655548096 -1.2931971549987793
v -0.0445464588701725 4.2005462646484375 -0.4923284351825714
v 0.8376092910766602 4.409266471862793 -1.0761789083480835
v 1.0086591243743896 4.6955084800720215 0.12569934129714966
v 0.07262913137674332 5.250738143920898 0.11138357222080231
v 0.4964768886566162 4.542104721069336 0.2993464767932892
v -0.03509470075368881 4.203499794006348 -0.37424635887145996
v -0.17025452852249146 4.5404181480407715 -0.5966358184814453
v 0.15308377146720886 5.530407428741455 -0.24459247291088104
v 0.057767149060964584 4.806396961212158 0.04673284292221069
v -0.20324845612049103 4.54625129699707 -0.21742135286331177
v 0.26900002360343933 5.60968542098999 -0.29990798234939575
v 0.12679357826709747 5.975768566131592 0.7168057560920715
v 1.0131138563156128 5.400351047515869 -0.5279122591018677
v 0.22370803356170654 6.227567195892334 0.09419120103120804
v 0.6295024752616882 5.076000690460205 0.8144996166229248
v 0.14958599209785461 5.543785095214844 -0.2545000910758972
v 0.14708834886550903 5.551477909088135 -0.2443314492702484
v -0.13391417264938354 4.361999988555908 -0.38757744431495667
v -0.1519758552312851 6.218032360076904 0.502354085445404
v 0.17676344513893127 6.298689842224121 0.04105590283870697
v 0.9892735481262207 4.407839775085449 -0.16982099413871765
v 0.15451101958751678 5.309548377990723 0.369354248046875
v 1.0429415702819824 4.402126312255859 -0.5003600716590881
v 0.09565054625272751 6.239035606384277 0.757157027721405
v 1.0856027603149414 4.15399169921875 0.20404863357543945
v 1.227186679840088 5.346230506896973 0.577873170375824
v 0.2405417412519455 4.810917377471924 -1.3315261602401733
v 0.8920738101005554 5.298722267150879 0.7728151082992554
v 1.055220365524292 5.207691669464111 -0.5000022649765015
v 0.08770594745874405 6.075450897216797 0.4423430562019348
v 1.0005866289138794 5.426449775695801 -0.5257681608200073
v -0.13589847087860107 5.991999626159668 0.7142000794410706
v 0.5252500176429749 4.676801681518555 0.5987720489501953
v 1.222270131111145 5.343204498291016 0.567466676235199
v 0.7194578647613525 4.634782791137695 0.515021026134491
v 0.29624590277671814 4.220188617706299 -0.9421529769897461
v 0.38085508346557617 5.659553050994873 0.5713136792182922
v 0.12282552570104599 5.420222759246826 -0.05277720466256142
v -0.18122386932373047 4.527361869812012 -0.8256903886795044
v -0.03190057724714279 6.480104923248291 -0.29479166865348816
v 0.9557837843894958 5.905196189880371 0.3040781617164612
v -0.03030824102461338 6.500482082366943 -0.2692951560020447
v 0.5217291116714478 4.677940845489502 0.5982542634010315
v 0.9453701972961426 4.334527015686035 0.3337365984916687
v -0.3123161792755127 4.91340970993042 -0.5011709332466125
v 0.1254338026046753 6.361566066741943 -0.02538352459669113
v 0.15109173953533173 5.5288214683532715 -0.21809163689613342
v 0.2362843006849289 5.964801788330078 0.7104763984680176
v 0.9540635943412781 4.201223373413086 -0.7679259777069092
v 0.9467750191688538 5.604499816894531 0.8984833359718323
v 0.6296816468238831 5.673058032989502 0.10564734041690826
v 1.0708736181259155 5.330982208251953 0.3507564663887024
v 1.1880545616149902 4.859155178070068 -0.7382518649101257
v 1.076430320739746 5.064838409423828 -0.9391693472862244
v 0.08658860623836517 5.212737560272217 -1.092370629310608
v 0.9605234265327454 4.782277584075928 -1.07039475440979
v 1.1604204177856445 4.938631057739258 0.2639187276363373
v 0.14770835638046265 4.713979721069336 -1.283793568611145
v 0.1632724106311798 4.748967170715332 -1.293359398841858
v -0.20076479017734528 5.105093955993652 -0.19340075552463531
v 0.109618179500103 5.442236423492432 -0.08913926780223846
v 0.11976706981658936 5.492976665496826 -0.16505193710327148
v 0.13131429255008698 5.532374382019043 -0.20587433874607086
v 0.2044999897480011 4.737207889556885 -1.2797772884368896
v 0.9698677659034729 4.742672443389893 -1.0424617528915405
v 0.5754504799842834 4.665637016296387 0.5972282290458679
v 1.0863239765167236 5.114068984985352 -0.3051914572715759
v 0.36136892437934875 5.98492956161499 0.26126939058303833
v 0.20178021490573883 4.794507026672363 -1.3238835334777832
v 1.176666498184204 4.9191670417785645 -0.7926117181777954
v 0.4467400312423706 5.749772071838379 -0.6350376009941101
v 0.9387237429618835 5.60381555557251 0.9045920968055725
v 1.052616834640503 4.153941631317139 0.2574419379234314
v 1.3136777877807617 5.513152599334717 0.5886194705963135
v -0.01979811303317547 5.980066776275635 0.7213668823242188
v -0.21381336450576782 4.730802059173584 -0.7391197681427002
v -0.22544631361961365 4.9781880378723145 -0.09743630141019821
v 0.8443410992622375 5.593548774719238 0.952170729637146
v 0.047641679644584656 6.402514934539795 -0.14879858493804932
v 0.666198194026947 6.058276176452637 0.36341995000839233
v 0.8970907926559448 5.480916976928711 -0.09877277165651321
v 1.0072120428085327 4.685836315155029 -0.9921534061431885
v 0.05028282478451729 6.252633094787598 0.7754502296447754
v 0.9900727272033691 4.706234455108643 -1.0101741552352905
v 0.6460808515548706 5.31867790222168 0.8334407210350037
v -0.05797959119081497 6.290996551513672 0.7980026602745056
v -0.3889966607093811 6.46534538269043 0.6654278039932251
v 1.323357343673706 5.531571865081787 0.5750710964202881
v 1.1107394695281982 4.941345691680908 0.006239341106265783
v -0.13154102861881256 4.361123085021973 -0.365975558757782
v 1.1080666780471802 4.979133129119873 0.46103066205978394
v 0.8564945459365845 4.412665843963623 -1.063171625137329
v -0.14323820173740387 4.451902866363525 -0.7265913486480713
v 0.21954350173473358 5.5032734870910645 0.04141617566347122
v 0.4349754750728607 5.877582550048828 0.31170234084129333
v -0.20458482205867767 5.103622913360596 -0.24361154437065125
v 0.8125998377799988 4.2344746589660645 -0.9545801281929016
v 0.24637508392333984 5.620254993438721 -0.30491670966148376
v 0.009182101115584373 4.187469482421875 0.07123272866010666
v 0.09171192348003387 5.011571407318115 0.3652821183204651
v -0.12007038295269012 4.371947288513184 -0.29396992921829224
v 1.10952889919281 4.2333083152771 0.26985281705856323
v 0.3711967468261719 6.4075026512146 0.01899757981300354
v 0.6166353225708008 5.894717693328857 0.199070543050766
v 0.3799404203891754 5.815877437591553 0.5897619724273682
v 0.04139833524823189 5.3839240074157715 -0.26544085144996643
v 0.12017492949962616 5.525949954986572 -0.2094738483428955
v 0.22584185004234314 6.2241530418396 0.09717866033315659
v 1.0473252534866333 4.421199321746826 -0.4076048731803894
v 0.3344729244709015 6.13062858581543 0.6907973289489746
v 0.11259425431489944 5.4387125968933105 -0.10736971348524094
v 0.3873571753501892 5.735447883605957 -0.6009221076965332
v 0.861104428768158 4.8553032875061035 -1.1591286659240723
v 0.9600913524627686 5.350236892700195 -0.7882971167564392
v 0.9753167629241943 4.6403913497924805 0.16596533358097076
v 0.19480741024017334 6.015469551086426 0.4123615026473999
v 0.15268290042877197 4.514634132385254 0.0026518588420003653
v 0.9451652765274048 4.33567476272583 0.3331625461578369
v -0.182916522026062 4.538823127746582 -0.6416035294532776
v 0.09895455837249756 5.418187141418457 0.030193988233804703
v 0.26452571153640747 4.840762615203857 -1.304161548614502
v 0.16689887642860413 4.770158290863037 -1.2666221857070923
v 1.0550175905227661 5.758573055267334 0.36226630210876465
v -0.202681303024292 5.095456600189209 -0.33593159914016724
v 0.00809730589389801 5.2418413162231445 -0.9790362119674683
v 0.17981599271297455 4.7102861404418945 -1.278199553489685
v 0.9749109148979187 4.197509765625 -0.7326499223709106
v 0.8258070945739746 4.427263259887695 0.2762105464935303
v 0.8986749649047852 4.809361934661865 -1.1298619508743286
v 0.9159467816352844 5.772043704986572 0.12053370475769043
v -0.0481213741004467 4.2041215896606445 -0.5378832817077637
v 1.1325019598007202 4.146437168121338 -0.4623713791370392
v 1.0608803033828735 4.870694637298584 -0.20001651346683502
v 0.21799972653388977 4.763000011444092 -1.3045004606246948
v 0.039937153458595276 5.515861988067627 -0.6653770208358765
v -0.034229572862386703 5.0763773918151855 0.020124588161706924
v 0.5841103792190552 6.068908214569092 0.11480756849050522
v 0.36352047324180603 6.402632713317871 0.1364542692899704
v -0.15634103119373322 5.076728343963623 -0.8915441036224365
v 0.6278632879257202 4.748749256134033 -1.35233736038208
v 0.3455750048160553 4.188350200653076 0.4993498623371124
v 0.8708212971687317 5.7918877601623535 0.11687318235635757
v 0.21863336861133575 5.591674327850342 -0.28699541091918945
v 0.8313372731208801 4.562916278839111 0.20492622256278992
v 1.0936007499694824 4.1623005867004395 0.08361050486564636
v 0.14650003612041473 5.150150775909424 0.44074299931526184
v 0.8683387041091919 5.337268829345703 -0.9794356822967529
v -0.062065914273262024 4.183697700500488 -0.14705544710159302
v 1.0562769174575806 5.203817844390869 -0.4880276024341583
v 0.8986989855766296 5.365499973297119 -0.9242424964904785
v 0.5396633148193359 4.340214252471924 0.47722429037094116
v 0.7916592955589294 5.887615203857422 0.8913848400115967
v 1.1223620176315308 4.983427047729492 -0.8772343397140503
v 0.7240000367164612 4.5294952392578125 -1.2744536399841309
v 0.11220604926347733 4.402185916900635 -1.0405261516571045
v -0.07739118486642838 6.1726393699646 0.48695576190948486
v 0.9830401539802551 4.416882514953613 -0.1821897327899933
v 0.47964048385620117 4.132168292999268 0.47699999809265137
v 0.12088441103696823 5.4745001792907715 -0.13352122902870178
v 1.0942585468292236 4.162413597106934 0.0930175706744194
v 1.2102187871932983 4.713656425476074 -0.5325631499290466
v 0.543326199054718 4.264557361602783 -1.1012288331985474
v 1.0633429288864136 5.34151554107666 0.32896924018859863
v 1.0518558025360107 4.782259941101074 0.32832497358322144
v 1.0844759941101074 4.989583969116211 -0.1941799521446228
v -0.004041463136672974 5.186963081359863 -0.12489679455757141
v 0.6812244057655334 5.088832378387451 0.8071257472038269
v -0.0012376884697005153 6.275341510772705 0.7982256412506104
v -0.19353923201560974 4.553354263305664 -0.19633042812347412
v 1.1187677383422852 5.693309783935547 0.37028878927230835
v 0.35451579093933105 5.813421249389648 0.48942115902900696
v 0.5526490807533264 6.132547855377197 0.17629340291023254
v 1.1235564947128296 4.982021808624268 -0.8759695291519165
v 0.4267679452896118 6.266306400299072 0.24479542672634125
v -0.44503024220466614 6.392197132110596 0.6702273488044739
v 0.5045406222343445 6.040557384490967 0.5245844721794128
v 0.1111314594745636 4.686723232269287 -1.2427266836166382
v 0.8127611875534058 5.639543056488037 -0.44907090067863464
v 0.37147948145866394 6.135847568511963 -0.14340157806873322
v 0.22598481178283691 5.609467029571533 -0.30246418714523315
v 1.0883150100708008 4.33958625793457 -0.17492583394050598
v 0.8582404851913452 5.8763203620910645 0.889809250831604
v 1.2212287187576294 5.342563629150391 0.5652233958244324
v 0.7319305539131165 4.3523736000061035 -1.1046056747436523
v 1.0610840320587158 4.153016090393066 0.24747931957244873
v 0.24334293603897095 5.991328716278076 0.39888980984687805
v 0.10645800083875656 5.469942092895508 -0.17195792496204376
v 0.11057751625776291 4.6017327308654785 -1.1791292428970337
v 0.2600801885128021 5.6767258644104 -0.54287189245224
v 0.1269446164369583 5.454102516174316 -0.13465596735477448
v 0.4286012053489685 4.561699390411377 0.30730000138282776
v 0.9893738627433777 4.835748672485352 0.5260006189346313
v 0.5209999680519104 6.058499336242676 0.5924864411354065
v 0.2269483357667923 4.8324127197265625 -1.2906696796417236
v 0.6280839443206787 4.702242374420166 -1.493204951286316
v 0.12439960241317749 4.703696250915527 -1.2698829174041748
v -0.01015483494848013 5.258654594421387 -0.9456520080566406
v 0.9549472332000732 5.2947306632995605 0.7335351705551147
v 1.111549735069275 4.997556686401367 -0.8913468718528748
v 0.4074885845184326 5.639999866485596 0.6894283890724182
v 0.866087019443512 5.498477458953857 -0.09872894734144211
v 0.11221088469028473 4.402174949645996 -1.040520191192627
v 0.21476757526397705 4.231993198394775 -0.8967607617378235
v -0.41843047738075256 6.425752639770508 0.6840842366218567
v 1.1808419227600098 5.864405155181885 0.5163766145706177
v 0.09388773888349533 4.513102054595947 -1.112658143043518
v 1.1557409763336182 4.2327046394348145 -0.23491255939006805
v 0.5023332238197327 5.077828407287598 -1.2978283166885376
v 0.5765171051025391 5.774302005767822 0.1452198624610901
v 1.1558140516281128 4.30805778503418 -0.263278990983963
v 0.693551242351532 4.906266212463379 0.7609219551086426
v 0.9653369188308716 4.755570888519287 -1.0527682304382324
v 0.3751039206981659 5.810500144958496 0.5695724487304688
v 0.27804261445999146 4.805471897125244 0.6321485638618469
v 0.833488404750824 4.564599990844727 0.20417797565460205
v 0.11996482312679291 5.524105548858643 -0.21156352758407593
v 0.23776137828826904 6.489105701446533 -0.06814135611057281
v 1.1506593227386475 4.2185587882995605 -0.23125998675823212
v 0.627059817314148 5.3846001625061035 -1.1803499460220337
v 0.2968418300151825 4.6186676025390625 -1.4945029020309448
v 0.11178476363420486 5.434288024902344 -0.06728117167949677
v 1.0078498125076294 4.855350017547607 0.5150848031044006
v -0.07085652649402618 5.2698564529418945 -0.40720945596694946
v 1.0126229524612427 4.448209762573242 -0.27453020215034485
v 1.1639572381973267 4.561180591583252 -0.7217490077018738
v 1.0360684394836426 4.780137062072754 -0.22627072036266327
v 0.9245609045028687 4.207287788391113 -0.8129086494445801
v 0.5090001225471497 6.00947380065918 0.6863515973091125
v 0.5387994647026062 5.755000114440918 0.1862671971321106
v 0.12155038863420486 5.421161651611328 -0.04649465158581734
v 1.1541399955749512 4.777173042297363 -0.7507197856903076
v -0.04353148117661476 5.2480316162109375 -0.2823837995529175
v 0.4905451536178589 5.45498514175415 -1.1316531896591187
v 0.8554272651672363 4.751081466674805 0.6018655896186829
v 0.3199794888496399 5.507193088531494 0.47195059061050415
v 0.17530010640621185 4.70288610458374 -1.2688355445861816
v 0.387856125831604 4.838142395019531 0.7056424617767334
v 1.1224873065948486 5.013736724853516 0.4329005479812622
v 0.9672324061393738 4.387978553771973 -0.9029150605201721
v 0.166795015335083 4.417585372924805 0.07309231907129288
v 0.9348653554916382 6.006627559661865 0.5821229815483093
v 0.7584724426269531 5.677499771118164 -0.804042398929596
v -0.09383239597082138 5.268271446228027 -0.5744337439537048
v 0.4172978103160858 5.857789516448975 0.6702649593353271
v 1.303418517112732 5.522714614868164 0.6859599351882935
v 0.8175427317619324 4.23323917388916 -0.9486487507820129
v 0.16459104418754578 6.51768159866333 -0.11040893942117691
v 0.8088675737380981 5.838417053222656 0.879345178604126
v 1.2454026937484741 5.789377689361572 0.5367895364761353
v 0.4757425785064697 6.01274299621582 0.4874922037124634
v 0.4548102021217346 5.912050724029541 0.7096720337867737
v 0.6959322094917297 4.274436950683594 -1.0604125261306763
v 0.4204752743244171 4.139312744140625 0.4711875021457672
v 1.166057825088501 4.935267925262451 -0.8130238056182861
v 0.3577171266078949 4.421056270599365 -1.3366590738296509
v -0.0424010343849659 4.434587478637695 -0.8918213248252869
v 0.23921160399913788 4.7899274826049805 -1.3020271062850952
v 0.398688405752182 4.417574405670166 0.39057430624961853
v 0.037026070058345795 5.37008810043335 -0.2590416371822357
v -0.009943654760718346 4.982598781585693 0.04111970588564873
v -0.11949409544467926 5.211511611938477 -0.7174801826477051
v 1.081204891204834 4.163219451904297 0.024402756243944168
v 0.9673082232475281 5.3698530197143555 -0.09610756486654282
v 0.24692848324775696 6.17153263092041 0.7115195989608765
v 0.5338550806045532 4.264806270599365 -1.1022257804870605
v 0.10255943983793259 5.459004878997803 -0.12921276688575745
v -0.1095723956823349 6.19215202331543 0.4941876530647278
v 0.2527974843978882 5.986142635345459 0.39643600583076477
v 1.1484484672546387 5.911633491516113 0.5085152387619019
v 1.2865111827850342 5.648995876312256 0.3272619843482971
v 0.21361178159713745 4.795612335205078 -1.327785611152649
v -0.03574070334434509 4.203258991241455 -0.3900928199291229
v -0.2002633661031723 5.105294704437256 -0.18999050557613373
v 0.1290428787469864 5.425777912139893 -0.07104717940092087
v 0.25601932406425476 5.603729724884033 -0.3077296018600464
v 0.7725183963775635 5.592668056488037 0.968664288520813
v 1.16512930393219 4.936450004577637 -0.8146618604660034
v -0.01708102412521839 6.516513824462891 -0.243797168135643
v 0.1684979796409607 5.003909111022949 0.4543158710002899
v 1.1592826843261719 4.291012763977051 -0.2588607668876648
v 0.2263536900281906 6.188079357147217 -0.22859133780002594
v 0.5458004474639893 6.160781383514404 0.16760064661502838
v 0.17520923912525177 4.710631370544434 -1.2500150203704834
v 0.5664107799530029 4.565252780914307 -1.5221436023712158
v 0.12619516253471375 5.0131611824035645 0.40836477279663086
v -0.14720217883586884 4.43505334854126 -0.6496815085411072
v 0.2961178421974182 4.618584632873535 -1.4942545890808105
v 0.17902326583862305 4.710038185119629 -1.278430700302124
v 0.8172338008880615 5.80315637588501 0.11534379422664642
v 1.3013348579406738 5.511136531829834 0.6726203560829163
v 0.11094766855239868 5.4478559494018555 -0.08610476553440094
v 1.1263903379440308 5.133228778839111 0.11886660754680634
v -0.08071860671043396 6.174746513366699 0.48777511715888977
v 0.8314597606658936 5.518135070800781 -0.10517562925815582
v 0.9111474752426147 4.415999889373779 -1.0160175561904907
v 0.9958680272102356 4.629917144775391 -0.24387729167938232
v 0.32983168959617615 4.309132099151611 -1.2000956535339355
v 0.4425613284111023 6.344888210296631 0.06324698776006699
v 0.1821049153804779 5.628897666931152 -0.5222302675247192
v 1.154259443283081 5.572363376617432 0.7328386902809143
v 0.49653512239456177 4.411159515380859 -1.3613190650939941
v 1.0827844142913818 5.127862453460693 -0.3293667435646057
v 0.8093373775482178 5.738100528717041 0.8258992433547974
v 0.10954374074935913 5.433956146240234 -0.07302191108465195
v 0.9626964330673218 5.2942609786987305 0.7283691167831421
v 0.9303843975067139 5.362035274505615 -0.8467934727668762
v 0.6218746304512024 4.736626625061035 -1.511950969696045
v 0.1765090823173523 4.706348419189453 -1.2639659643173218
v 0.16235314309597015 4.537631034851074 -1.3662420511245728
v 0.42410552501678467 4.849062442779541 0.7191747426986694
v 0.2562962472438812 5.601735591888428 -0.30391043424606323
v 0.22742344439029694 5.606907367706299 -0.2920764982700348
v 0.8065879940986633 5.666213512420654 -0.6950521469116211
v 0.10666745901107788 5.416156768798828 0.011710257269442081
v 0.42823126912117004 5.641247272491455 0.2192634791135788
v 1.2958723306655884 5.499182224273682 0.6602445244789124
v 0.5899881720542908 5.674001216888428 0.10166628658771515
v -0.3142438530921936 6.057594299316406 0.6757055521011353
v 1.2349107265472412 5.800589084625244 0.5329820513725281
v 1.0969330072402954 5.056824684143066 -0.22977828979492188
v 0.13891388475894928 4.710637092590332 -1.2353616952896118
v 0.4740905165672302 6.19663667678833 0.2906814217567444
v 0.6947246789932251 6.034223556518555 0.3121713101863861
v -0.0996365174651146 6.310762882232666 0.7920315861701965
v 1.0069153308868408 5.744441032409668 0.13389906287193298
v 0.1163477972149849 6.527639865875244 -0.14106011390686035
v 0.18683037161827087 6.28479528427124 0.05133024975657463
v 1.0988974571228027 4.220946788787842 0.2685494124889374
v 1.0948185920715332 4.162227153778076 0.09955018758773804
v 0.43697288632392883 5.6334381103515625 0.7429594397544861
v 0.6954897046089172 5.591966152191162 0.9641968011856079
v 0.13691164553165436 5.447779178619385 -0.09219095855951309
v 0.16022823750972748 4.76348876953125 -1.2908374071121216
v 0.37532034516334534 5.8103203773498535 0.5500321984291077
v 0.22013826668262482 5.58282995223999 -0.2854520380496979
v 0.2237146943807602 6.18950891494751 -0.2302408218383789
v 1.2337334156036377 5.66970682144165 0.28475743532180786
v 0.08676734566688538 6.076019763946533 0.44271278381347656
v 1.0053989887237549 4.336423873901367 -0.11422199755907059
v -0.0076966178603470325 4.969540596008301 0.04330326244235039
v 0.7365019917488098 5.67759370803833 -0.8330286145210266
v 0.2158138006925583 4.340601921081543 -1.0490802526474
v 1.0402324199676514 5.903005123138428 0.3186768591403961
v 0.1371224969625473 5.540212154388428 -0.22071881592273712
v 0.7788099646568298 4.154304504394531 0.33694812655448914
v 0.3462343215942383 4.244736671447754 0.5097655653953552
v 0.29771921038627625 4.8166069984436035 -1.2946629524230957
v 0.67032790184021 4.432803153991699 0.22556966543197632
v 0.20885571837425232 4.704253673553467 0.2549189627170563
v 0.20052677392959595 4.7563066482543945 -1.3057222366333008
v 0.5061939358711243 5.630350589752197 -0.9394477009773254
v 0.8952730894088745 5.298448085784912 0.7709868550300598
v 0.12926898896694183 4.679551601409912 -1.2342191934585571
v 0.08398805558681488 5.043101787567139 -1.1094801425933838
v 1.0812902450561523 5.052774906158447 -0.9335163831710815
v 0.0027471259236335754 4.450340270996094 -0.09375300258398056
v 0.3959224224090576 6.324583530426025 0.20027576386928558
v 1.0697505474090576 4.175149917602539 -0.5748991966247559
v 0.6217970848083496 4.13768196105957 0.4451128840446472
v 0.09736823290586472 4.5341572761535645 -1.131473183631897
v 0.6421023607254028 4.26955509185791 -1.1090354919433594
v 0.5700506567955017 4.406874656677246 0.30199965834617615
v 0.7995299100875854 5.645488262176514 -0.4397107660770416
v 1.1581355333328247 4.247422218322754 -0.2416771948337555
v 0.8389030694961548 5.963441371917725 0.2706805467605591
v 0.9286594986915588 5.602423191070557 0.9124970436096191
v 0.926411509513855 4.7860236167907715 0.5659759640693665
v 0.0548931248486042 5.0392165184021 -1.0838111639022827
v 0.6541458964347839 4.237727642059326 -1.079242467880249
v 1.3349289894104004 5.598003387451172 0.5218545794487
v 0.8190914392471313 4.1596574783325195 0.3457433581352234
v 0.05272127687931061 4.833893775939941 0.05131564289331436
v 0.06640318781137466 6.340596675872803 -0.33750319480895996
v 0.3372422158718109 5.951156139373779 0.7055000066757202
v 0.17904001474380493 5.559114933013916 -0.28092488646507263
v 0.12308278679847717 4.1799163818359375 0.1572917103767395
v 0.7455449104309082 5.099503517150879 0.7849758863449097
v 0.7751361131668091 5.88582181930542 0.254774808883667
v 0.41608238220214844 6.36956787109375 0.04836621135473251
v -0.03882547840476036 4.201725006103516 -0.42885541915893555
v 0.7335081100463867 5.801517009735107 0.11299997568130493
v 0.17250052094459534 5.552115440368652 -0.24180781841278076
v 0.5946614146232605 6.060641288757324 0.13066798448562622
v 0.14395083487033844 5.521573543548584 -0.20515035092830658
v 1.0750398635864258 4.1426544189453125 -0.13416852056980133
v 0.16502103209495544 4.170499801635742 0.15851452946662903
v 0.5063690543174744 4.207714080810547 0.5107380747795105
v 0.35589835047721863 5.700296878814697 0.4223062992095947
v -0.031875547021627426 5.066831111907959 0.022181391716003418
v 0.8815356492996216 5.489141464233398 -0.09682682156562805
v 0.1252523809671402 5.477034568786621 -0.15850470960140228
v -0.0503075048327446 4.603298664093018 -0.08310076594352722
v -0.05234368517994881 4.602939128875732 -0.08328036218881607
v -0.05249997228384018 4.217245578765869 -0.6055440306663513
v 1.1088588237762451 4.980717182159424 0.4599086046218872
v -0.07401305437088013 5.27240514755249 -0.43079373240470886
v 0.5695527195930481 4.666406154632568 0.5985103845596313
v 0.12237448245286942 5.425736904144287 -0.0750189945101738
v 0.8847454190254211 5.299350261688232 0.7770025730133057
v 0.7056286931037903 5.311185359954834 0.8335000276565552
v 0.3559410870075226 6.139047622680664 -0.1515948474407196
v 1.1809362173080444 5.576000213623047 0.7315705418586731
v 0.03205990046262741 4.391241550445557 -0.919879138469696
v -0.04922754317522049 4.204004287719727 -0.29857346415519714
v 0.09930408746004105 5.467987060546875 -0.15393565595149994
v 0.8166672587394714 5.836233139038086 0.8790332674980164
v 0.903879702091217 4.805253028869629 -1.1257528066635132
v 0.2467365264892578 5.667259216308594 -0.536672830581665
v -0.46152937412261963 6.303176403045654 0.657794177532196
v -0.10562517493963242 5.250728607177734 -0.6401257514953613
v 0.16307927668094635 5.55951452255249 -0.2598171830177307
v 0.10349159687757492 5.441806793212891 0.026198968291282654
v 0.4919449985027313 5.076686382293701 -1.296163558959961
v 0.37531304359436035 5.668726444244385 0.5421738624572754
v 0.66511070728302 5.701497554779053 -0.4048018455505371
v 0.3517952561378479 4.3109636306762695 -1.2207589149475098
v 1.0634607076644897 5.235939979553223 -0.6683428287506104
v -0.023774443194270134 6.209109306335449 0.8043324947357178
v 0.10693224519491196 5.45846700668335 -0.15206511318683624
v 0.8301928639411926 6.0462446212768555 0.3606494665145874
v 1.1252285242080688 4.599102973937988 -0.8231032490730286
v 0.12136466801166534 4.63309383392334 -1.1947970390319824
v 0.6475111842155457 5.0794358253479 -1.2847318649291992
v 0.11947919428348541 5.469985008239746 -0.17149582505226135
v 0.23843005299568176 4.858190059661865 -1.3022559881210327
v -0.06618499755859375 4.598991870880127 -0.08583922684192657
v 1.1303791999816895 4.33011531829834 0.22585174441337585
v -0.023580556735396385 4.236000061035156 -0.7092491984367371
v -0.1351565420627594 4.392360687255859 -0.4931128919124603
v 0.7878316044807434 5.303423881530762 0.8285051584243774
v 1.1320359706878662 4.312283515930176 0.2404657006263733
v 0.516462504863739 4.413771629333496 0.34656205773353577
v 0.10167175531387329 5.046299934387207 -1.1333576440811157
v 0.3973677158355713 5.926301002502441 0.30162671208381653
v -0.22839929163455963 4.724100589752197 -0.6151068806648254
v 0.5849853754043579 6.068179130554199 0.11592577397823334
v -0.24029015004634857 4.708656311035156 -0.5345452427864075
v -0.21503931283950806 4.730993270874023 -0.7317772507667542
v 0.36110028624534607 5.946370601654053 0.7074519991874695
v 0.4784165918827057 4.409828186035156 -1.3573130369186401
v 0.1232609897851944 5.315112590789795 0.33660611510276794
v 0.7008029222488403 6.000983238220215 0.27278634905815125
v 0.1336122453212738 4.679618835449219 -1.279205560684204
v 0.430789589881897 4.137727737426758 0.4727725386619568
v 0.13921409845352173 5.438357830047607 -0.024000434204936028
v 0.896214485168457 5.36508846282959 -0.9302344918251038
v 0.3568805456161499 6.112177848815918 0.6808536052703857
v 0.21407505869865417 4.830008029937744 -1.3250750303268433
v 0.6825138330459595 4.361289978027344 0.25073209404945374
v 0.7056207060813904 4.907820224761963 0.7609999775886536
v 1.1254347562789917 4.149371147155762 -0.47613030672073364
v 0.3798674941062927 6.4010796546936035 0.0254204161465168
v 0.24222978949546814 4.3849921226501465 0.28952476382255554
v 0.5645120739936829 6.083306789398193 0.08488617837429047
v 0.514595627784729 5.340651512145996 0.7835958003997803
v 0.9422630667686462 4.795811653137207 0.5569409728050232
v 0.35425734519958496 4.311160564422607 -1.22341787815094
v 0.5465160012245178 6.157083988189697 0.16903185844421387
v 0.7167406678199768 4.564112186431885 -1.2914817333221436
v 0.5524956583976746 5.728617191314697 -0.7016892433166504
v 0.3556685745716095 5.678813934326172 0.492209255695343
v 0.9817748069763184 5.95910120010376 0.30105504393577576
v -0.211156964302063 4.730500221252441 -0.7553952932357788
v 0.21567341685295105 4.758963584899902 -1.2911171913146973
v 0.12913428246974945 5.457477569580078 -0.13532839715480804
v 1.0223884582519531 4.372607231140137 -0.619347095489502
v 0.24796150624752045 5.618158340454102 -0.3086325526237488
v 0.5455048084259033 4.415542125701904 -1.3700841665267944
v 0.1052495688199997 5.487796306610107 -0.1623985469341278
v 0.16144944727420807 4.6817240715026855 -1.2467869520187378
v 0.10450313240289688 6.3821892738342285 -0.057263974100351334
v 0.5574831962585449 5.850661277770996 0.2261778563261032
v 0.3762318789958954 5.822094917297363 0.4926367700099945
v 0.022497614845633507 6.264143943786621 0.788572371006012
v -0.3703667223453522 6.101446151733398 0.6696056127548218
v 1.023518443107605 4.2132344245910645 -0.0845184400677681
v 0.11761240661144257 4.689077377319336 -1.272612452507019
v 0.12598055601119995 5.5061936378479 -0.18070460855960846
v -0.20626641809940338 4.83357572555542 -0.5842008590698242
v 0.17883753776550293 5.566977024078369 -0.27830350399017334
v 0.35426679253578186 4.585610866546631 0.30129650235176086
v 0.11965610831975937 5.525031566619873 -0.20554393529891968
v 0.7013270854949951 4.332540035247803 -1.1053032875061035
v 0.9628094434738159 5.737250328063965 0.8385952115058899
v -0.14004193246364594 4.421125888824463 -0.5724049806594849
v 0.22387215495109558 5.966200351715088 0.7115252017974854
v 0.9477808475494385 4.629252910614014 0.17152133584022522
v 0.09260261803865433 5.429893970489502 0.025300540030002594
v 0.5377826690673828 5.609643936157227 0.8609250783920288
v -0.3296481966972351 6.334591865539551 0.5356126427650452
v 0.24644210934638977 4.834168910980225 -1.2913212776184082
v 0.10656702518463135 4.183847904205322 0.15232650935649872
v 0.13836488127708435 4.698533535003662 -1.2828648090362549
v 1.1169755458831787 4.75545072555542 -0.8147038817405701
v 0.18789443373680115 4.775117874145508 -1.3128552436828613
v 0.18590089678764343 4.782598972320557 -1.3144720792770386
v -0.3023861050605774 4.923430442810059 -0.3965556025505066
v 0.46652305126190186 5.622890949249268 0.7834290862083435
v 0.6036098003387451 5.705929756164551 -0.3957812488079071
v 0.7642838954925537 5.677499771118164 -0.7949628233909607
v 0.11099997907876968 5.5134501457214355 -0.20175257325172424
v 0.49514126777648926 6.114384174346924 -0.009803036227822304
v 0.5282875299453735 5.336846828460693 0.7962425351142883
v 0.00391269801184535 6.524582386016846 -0.22366996109485626
v 0.6767752170562744 5.588799953460693 -1.0108000040054321
v -0.20753596723079681 4.981153964996338 -0.08767218142747879
v -0.303521066904068 4.950787544250488 -0.23878534138202667
v -0.026223529130220413 5.049022674560547 0.0260363407433033
v 0.10734815895557404 5.472589015960693 -0.17919626832008362
v -0.23421673476696014 4.718783378601074 -0.5774952173233032
v 0.48395001888275146 5.748831272125244 -0.6587672829627991
v 0.1934673935174942 5.549967288970947 -0.26799994707107544
v 0.9949053525924683 4.699827671051025 -1.0047284364700317
v 0.5315093398094177 5.336291313171387 0.7985756397247314
v 1.0220638513565063 5.287483215332031 0.6869445443153381
v 0.1473851352930069 4.684020042419434 -1.2770624160766602
v 0.8004895448684692 5.61337947845459 0.09887433052062988
v 0.6132445931434631 5.786767482757568 0.13029052317142487
v 0.011663198471069336 4.23755407333374 -0.7620370984077454
v 0.31528496742248535 4.42939567565918 -1.33842134475708
v 0.694418728351593 5.690490245819092 -0.8669052720069885
v 0.25470927357673645 5.600500106811523 -0.30179068446159363
v 0.15769429504871368 4.324684143066406 -0.9888058304786682
v 0.1273036003112793 5.451616287231445 -0.12947335839271545
v 0.2236521691083908 5.604377269744873 -0.2969505190849304
v -0.06176267936825752 4.183262825012207 -0.14323164522647858
v 0.8270127177238464 5.631851673126221 -0.4610127806663513
v 0.1563950926065445 4.68498420715332 -1.2698218822479248
v 0.13003572821617126 5.461964130401611 -0.11002224683761597
v 0.14132504165172577 5.523087024688721 -0.2369343489408493
v 0.5549455881118774 4.263281345367432 -1.0982577800750732
v 0.6479477286338806 4.724512577056885 -1.3459603786468506
v 1.0571407079696655 5.200864315032959 -0.4793057441711426
v 0.6000148057937622 5.59680700302124 0.9142249226570129
v 0.9988247752189636 5.328761577606201 -0.08800259232521057
v 1.0960251092910767 4.163821697235107 -0.5286182165145874
v 1.118855595588684 4.8778977394104 0.2907544672489166
v 0.2744315266609192 5.960356712341309 0.7077142596244812
v 1.1382224559783936 5.568358421325684 0.732499897480011
v 0.16708245873451233 5.393398761749268 0.11875253170728683
v 0.3298402726650238 5.458060264587402 0.5526991486549377
v 0.1751691699028015 5.164028167724609 0.5015400648117065
v 0.7256746888160706 5.591867446899414 0.9692645072937012
v 0.32208460569381714 5.953433513641357 0.7055000066757202
v -0.17601826786994934 4.563784599304199 -0.1618850976228714
v 0.1137939840555191 5.430459499359131 -0.04126348719000816
v 0.5168706774711609 6.052430152893066 0.54631108045578
v 0.5745772123336792 4.5616888999938965 -1.51555597782135
v 0.1526973992586136 6.520697116851807 -0.11792097985744476
v 0.971219003200531 5.844073295593262 0.30968764424324036
v 0.6483937501907349 5.594413757324219 -0.12798070907592773
v 0.3510079085826874 5.440155982971191 0.5824170708656311
v 0.3553096055984497 4.42153787612915 -1.3367966413497925
v 0.45544952154159546 5.750494956970215 -0.6403098106384277
v 1.17156982421875 4.928032875061035 -0.803377628326416
v 1.0564703941345215 4.848721981048584 -0.20344974100589752
v 1.088223934173584 4.154849529266357 0.19505512714385986
v 0.3745719790458679 6.377283573150635 0.159120574593544
v 0.03756830468773842 6.257545471191406 0.7816818356513977
v 0.12362512946128845 5.4745001792907715 -0.13746125996112823
v 0.16466623544692993 4.6892852783203125 -1.2492551803588867
v -0.30816078186035156 4.933187484741211 -0.3300633430480957
v 0.4011063277721405 4.316680908203125 -1.265063762664795
v -0.14397571980953217 4.446835517883301 -0.7130540013313293
v 1.0658057928085327 4.89332389831543 -0.19469426572322845
v 1.2097680568695068 5.828715801239014 0.5242040157318115
v -0.30490466952323914 4.942055702209473 -0.2867603600025177
v 1.0598363876342773 4.8651275634765625 -0.20088636875152588
v 1.0509858131408691 5.225971698760986 -0.5950148701667786
v 0.16375449299812317 6.032512664794922 0.41961660981178284
v 0.1551060974597931 4.752635478973389 -1.2851898670196533
v 0.8368148803710938 6.045714378356934 0.3630334734916687
v 1.176605463027954 5.576000213623047 0.732111930847168
v -0.140072762966156 4.421218395233154 -0.5727031826972961
v 1.1213420629501343 4.358552932739258 0.2026313990354538
v 0.5070928335189819 4.878279685974121 0.7385132908821106
v 0.20286232233047485 4.785837650299072 -1.2687808275222778
v 0.16885729134082794 4.395638465881348 0.11236277967691422
v -0.2220546454191208 6.260497570037842 0.5196166634559631
v -0.31300845742225647 4.913211822509766 -0.5048303008079529
v 1.1141058206558228 5.197518348693848 0.1081971824169159
v 0.5012035965919495 4.2637128829956055 -1.10398530960083
v 0.24535441398620605 5.060999870300293 -1.2185417413711548
v 0.37519726157188416 5.810196876525879 0.5455993413925171
v 0.23394885659217834 6.053886413574219 0.7381646037101746
v 0.9712585806846619 4.38089656829834 -0.8832586407661438
v -0.05083588510751724 4.207770347595215 -0.5635484457015991
v 0.5851138234138489 6.027334213256836 0.18935111165046692
v -0.0925542488694191 5.269742965698242 -0.565056324005127
v 0.695386528968811 6.033140182495117 0.3106670379638672
v 0.02782835252583027 6.385395526885986 -0.34299999475479126
v 0.37353745102882385 4.858487606048584 -1.3415249586105347
v 0.16702745854854584 4.693333148956299 -1.2434083223342896
v 1.0074373483657837 4.3478593826293945 -0.7465471029281616
v -0.06464067846536636 4.202499866485596 -0.25361713767051697
v 0.3596774637699127 5.946633815765381 0.707346498966217
v 0.5624151229858398 6.090735912322998 0.18883980810642242
v 1.0586233139038086 5.189520359039307 -0.45030146837234497
v 0.10205748677253723 4.666827201843262 0.015233075246214867
v 0.9248107671737671 4.619311809539795 0.17575030028820038
v 0.0580906867980957 4.80465030670166 0.04642219468951225
v -0.11403144896030426 6.322880744934082 0.7949761152267456
v 0.7747361063957214 5.676705837249756 -0.7715568542480469
v 1.1899540424346924 4.714910507202148 -0.6523558497428894
v 0.058610040694475174 4.246448516845703 -0.8406504392623901
v 0.08488251268863678 4.7164506912231445 0.0269117821007967
v 1.0017415285110474 4.3654632568359375 -0.1328088492155075
v 0.13257332146167755 4.179417133331299 0.1560428887605667
v 0.6360254287719727 5.077450275421143 0.8137750029563904
v 0.06666721403598785 6.159749984741211 0.795416533946991
v -0.09180158376693726 5.270997524261475 -0.5550207495689392
v -0.38143014907836914 6.433643341064453 0.7129263281822205
v 0.11378034204244614 5.465875625610352 -0.170890212059021
v -0.30431097745895386 4.94801139831543 -0.2541976273059845
v -0.30583542585372925 4.926382064819336 -0.3743698000907898
v 0.3347479999065399 4.5925092697143555 0.2986893057823181
v 0.11516708135604858 4.251617431640625 -0.8693433403968811
v -0.027447106316685677 4.428417682647705 -0.8975823521614075
v 1.0068540573120117 5.782793998718262 0.3361770808696747
v 0.08366484194993973 6.1509575843811035 0.7923585772514343
v 0.2431616187095642 4.231967926025391 -0.8962681293487549
v 0.019354727119207382 4.399429798126221 -0.9156827330589294
v -0.13200828433036804 4.574743747711182 -0.11811153590679169
v 0.112968809902668 5.506414413452148 -0.1764148324728012
v 1.0593180656433105 4.173045635223389 -0.02645489200949669
v -0.24189729988574982 5.087192058563232 -0.5362730026245117
v 0.17575512826442719 6.090523719787598 0.7697328925132751
v 1.1556217670440674 5.1202569007873535 0.16771601140499115
v -0.19142839312553406 4.98199987411499 -0.0803552120923996
v 0.35442987084388733 5.126784801483154 0.6685280203819275
v 0.9446732997894287 4.338429927825928 0.33178505301475525
v 0.9163174033164978 4.779155254364014 0.5716756582260132
v 0.2149207442998886 6.0640482902526855 0.7470412254333496
v 1.1617884635925293 4.785881996154785 -0.741982638835907
v 1.3203026056289673 5.5265655517578125 0.5787962675094604
v 0.6929813027381897 5.799421310424805 0.8160973191261292
v 0.16972918808460236 4.354808330535889 0.1472332626581192
v -0.03412892296910286 5.0757737159729 0.020245324820280075
v -0.013396759517490864 4.186583042144775 0.03689417243003845
v 0.13938823342323303 5.437835216522217 -0.023594187572598457
v -0.07253264635801315 6.169504642486572 0.4857019782066345
v 1.0385149717330933 5.280727863311768 -0.08211167901754379
v 1.017137885093689 5.288796901702881 0.6912139058113098
v -0.2760814130306244 4.967209339141846 -0.1557673215866089
v 1.0544037818908691 4.735938549041748 0.08302615582942963
v 0.7437429428100586 6.055298328399658 0.5394888520240784
v 0.5584269762039185 5.7651495933532715 0.1578504890203476
v 0.5574965476989746 5.673048496246338 0.10547762364149094
v 0.850915789604187 5.878856182098389 0.8909360766410828
v 0.26591891050338745 5.961389064788818 0.7079721093177795
v 0.10481894016265869 5.425665378570557 0.011070916429162025
v 0.7223486304283142 4.34644889831543 -1.1045001745224
v 0.19816309213638306 6.193319320678711 0.7236976027488708
v -0.12690795958042145 5.10099983215332 -0.06670563668012619
v 0.16423958539962769 4.490190029144287 -0.0005774983437731862
v 0.9676818251609802 4.747591018676758 -1.0466516017913818
v 0.9089529514312744 5.7752227783203125 0.11969435960054398
v -0.1360405832529068 4.397446632385254 -0.5055558681488037
v 0.17142808437347412 4.339591979980469 0.19576814770698547
v 1.021803617477417 4.4426093101501465 -0.282021164894104
v 0.2621367871761322 6.16536283493042 0.1483641415834427
v -0.20605169236660004 5.092660903930664 -0.38004598021507263
v 0.9636228084564209 5.604959964752197 0.8838772773742676
v 1.0484247207641602 4.81779146194458 -0.21216827630996704
v 0.11976255476474762 5.459321975708008 -0.154598206281662
v 0.18641284108161926 6.082353591918945 0.7630069255828857
v 0.259513795375824 5.06138277053833 -1.2235931158065796
v 1.0920782089233398 4.157078266143799 0.17610907554626465
v -0.06050719693303108 4.203037261962891 -0.2653663158416748
v 0.47605666518211365 6.304685115814209 0.09294839948415756
v 1.1902086734771729 5.576687812805176 0.7308123707771301
v 1.095500111579895 4.161355495452881 0.13395319879055023
v 0.08939892798662186 5.181420803070068 0.18516403436660767
v 0.13018803298473358 5.489503860473633 -0.1854960024356842
v 0.12415039539337158 5.431628227233887 -0.09540699422359467
v -0.010226588696241379 4.441472053527832 -0.10789110511541367
v 1.00613272190094 4.44547700881958 -0.26599040627479553
v 0.6027277112007141 5.082972526550293 -1.3008908033370972
v 0.16593128442764282 5.062970161437988 -1.192640781402588
v 0.8197247385978699 5.301839828491211 0.8163972496986389
v 0.8759755492210388 4.217351913452148 -0.8822588324546814
v 0.8302227258682251 4.161174774169922 0.34629374742507935
v 0.5194151401519775 4.882305145263672 0.7402220368385315
v 1.0269321203231812 5.739445209503174 0.1383974254131317
v 0.4750632643699646 4.594609260559082 -1.5454635620117188
v 0.10763227194547653 5.449653625488281 -0.13556987047195435
v 1.0762147903442383 5.143260955810547 -0.35597458481788635
v -0.12714233994483948 5.190668106079102 -0.7495217323303223
v 0.9901629090309143 5.008663177490234 0.6594827175140381
v 0.7378513813018799 5.546918869018555 -1.0180000066757202
v 1.1197365522384644 4.367222309112549 0.19685176014900208
v 1.0346633195877075 5.407617568969727 0.2236018031835556
v 1.0766228437423706 5.142490386962891 -0.35465991497039795
v -0.01088751945644617 4.9881272315979 0.04031065106391907
v 0.3968290388584137 5.388885021209717 0.6928756237030029
v 0.5610271096229553 5.709763050079346 -0.38942113518714905
v 0.3399237394332886 6.431008338928223 -0.0068841115571558475
v -0.18246161937713623 4.905153274536133 -0.7742686867713928
v 0.4955606162548065 5.3466105461120605 0.7655606269836426
v 1.0182043313980103 5.436126708984375 0.18955369293689728
v 0.9054823517799377 5.783722877502441 0.8494646549224854
v 0.13830998539924622 5.51337194442749 -0.19951659440994263
v -0.042601797729730606 4.230635166168213 -0.6670674681663513
v 0.9853416681289673 5.887601375579834 0.3129773437976837
v 0.1945583075284958 5.5803542137146 -0.28300273418426514
v 0.1230282187461853 4.689952850341797 -1.2344083786010742
v -0.200133815407753 5.105346202850342 -0.18911013007164001
v 0.26493120193481445 4.145033359527588 0.3803637623786926
v 0.1351565718650818 5.531358242034912 -0.23891423642635345
v 0.2642551362514496 6.169468879699707 -0.20482423901557922
v 1.028902292251587 4.191704750061035 -0.6387856602668762
v 1.1213455200195312 4.881383419036865 0.2893849313259125
v 0.9955000281333923 4.625311374664307 -0.24398857355117798
v 0.5994495749473572 4.772258758544922 -1.5339630842208862
v 0.34204939007759094 6.124590873718262 0.6874403357505798
v 0.4194049835205078 5.7138519287109375 -0.3677509129047394
v 0.16124750673770905 5.532221794128418 -0.24277842044830322
v 1.0495797395706177 5.224079608917236 -0.5787172913551331
v 0.2513865828514099 5.600500106811523 -0.3051134943962097
v 0.22049854695796967 4.334931373596191 -1.0551403760910034
v 0.9307454824447632 4.785345554351807 -1.1078455448150635
v -0.4383563697338104 6.404287338256836 0.674298882484436
v 1.1310852766036987 4.148621082305908 -0.24218763411045074
v 0.971365749835968 4.380646228790283 -0.882330060005188
v 0.22168473899364471 4.815657615661621 -1.2816051244735718
v 0.920948326587677 4.782463073730469 0.5690295696258545
v 0.7990415692329407 5.593170166015625 0.9639908075332642
v 0.8619068264961243 5.875051498413086 0.8892450928688049
v 0.37203601002693176 5.487815856933594 -1.063044548034668
v 0.9892640709877014 5.714474678039551 0.8285711407661438
v 0.7330292463302612 4.636284351348877 0.509019672870636
v 1.0310823917388916 4.710653305053711 0.10541747510433197
v 0.6227928400039673 5.913240432739258 0.19746553897857666
v 1.187045693397522 4.8918352127075195 -0.7631625533103943
v 0.9551596641540527 6.027920246124268 0.41991180181503296
v 0.3215237855911255 4.818552494049072 0.6677619218826294
v 0.2037014663219452 4.69200325012207 -1.4255417585372925
v 0.30802416801452637 5.70664644241333 -0.5647390484809875
v 0.2687552273273468 4.316311359405518 -1.1227573156356812
v 0.5071710348129272 6.044283866882324 0.5300644040107727
v -0.05107961222529411 4.2081990242004395 -0.56585294008255
v 0.0870518907904625 5.213233947753906 -1.0935620069503784
v 0.5251122713088989 5.991734981536865 0.3843570649623871
v 0.7656072378158569 5.305599689483643 0.8320989012718201
v 0.7414607405662537 5.7579851150512695 0.8180842995643616
v -0.026283681392669678 6.210518836975098 0.8049460053443909
v 0.20391908288002014 5.5905256271362305 -0.29214128851890564
v 0.5531562566757202 4.805057525634766 -1.357871413230896
v 0.832185685634613 5.882330417633057 0.8908324837684631
v 0.8443419337272644 4.162463665008545 0.3467317819595337
v 0.8165993690490723 5.658400535583496 -0.6641522645950317
v 0.06027510017156601 4.796224594116211 0.04454993084073067
v -0.40220174193382263 6.433099269866943 0.6940988898277283
v 0.9731316566467285 5.414113998413086 -0.22700007259845734
v 0.1551104038953781 4.670742511749268 -1.2492363452911377
v -0.3192639648914337 6.326510906219482 0.5340020656585693
v 0.5045171976089478 4.196602821350098 0.507034420967102
v 0.26035282015800476 4.831549167633057 -1.3363726139068604
v -0.24488787353038788 6.426194190979004 0.787876546382904
v 0.11058761179447174 5.440672397613525 0.03831077739596367
v 0.7073189616203308 4.337442398071289 -1.1050310134887695
v 0.4770042896270752 6.072560787200928 0.6659674644470215
v 0.052089132368564606 6.355997085571289 -0.34108638763427734
v 0.6862592101097107 4.276933193206787 -1.0663410425186157
v 0.8428413271903992 5.511390686035156 -0.10264641046524048
v 0.34085267782211304 4.224470615386963 -0.9981614351272583
v 0.06196851283311844 5.212512493133545 -1.0549653768539429
v 0.04067638888955116 6.369398593902588 -0.34278741478919983
v 0.15114663541316986 6.217015266418457 0.7303382754325867
v 0.27757859230041504 6.163931846618652 -0.19767913222312927
v 0.37332016229629517 6.381019592285156 0.15610024333000183
v 0.6117356419563293 5.705658912658691 -0.39686477184295654
v -0.11375925689935684 5.227444171905518 -0.688852071762085
v 1.1548805236816406 4.228403091430664 -0.2325466126203537
v -0.1190948337316513 4.372678756713867 -0.29092124104499817
v -0.34987905621528625 6.465902328491211 0.7138221859931946
v -0.20576639473438263 5.092692852020264 -0.37887299060821533
v 0.714647114276886 4.456752300262451 -1.233285665512085
v -0.203000009059906 5.093052387237549 -0.36685290932655334
v 0.23343691229820251 5.060999870300293 -1.2137749195098877
v -0.17175234854221344 5.997964382171631 0.7086691856384277
v 0.3979334831237793 5.070731163024902 -1.2731568813323975
v -0.11505168676376343 5.097593307495117 -0.05567314103245735
v 0.9444240927696228 4.33982515335083 0.33108729124069214
v 0.185954287648201 5.165295600891113 0.5121588110923767
v -0.027808453887701035 4.235653400421143 -0.7026520371437073
v 0.17734982073307037 4.708300590515137 -1.2733381986618042
v 0.37084561586380005 5.4123640060424805 0.6483516693115234
v 1.120503306388855 4.880675792694092 0.028330963104963303
v 0.47010281682014465 5.750781059265137 -0.6485959887504578
v 0.6010017395019531 4.885844707489014 0.7700933814048767
v -0.26933833956718445 4.673527240753174 -0.39917346835136414
v 0.3753146529197693 5.810500144958496 0.562614917755127
v -0.21527239680290222 4.534727573394775 -0.26774880290031433
v 0.9080109000205994 5.8181047439575195 0.8692858815193176
v 0.12828440964221954 5.432403564453125 -0.09366513788700104
v 0.5106332302093506 6.024624347686768 0.6625673174858093
v 1.019408941268921 4.355408668518066 -0.7028989791870117
v 1.0252697467803955 5.786790370941162 0.3455875813961029
v 0.9381868839263916 4.40985107421875 -0.9811264276504517
v 0.5008962154388428 6.037346839904785 0.519770085811615
v 0.5320500731468201 5.626976013183594 -0.9499534964561462
v 0.6093675494194031 4.888622760772705 0.7696252465248108
v 0.06319864094257355 6.089441776275635 0.4511651396751404
v 0.6092345714569092 5.705742359161377 -0.39653122425079346
v 0.4323617219924927 5.071959495544434 -1.2835723161697388
v 0.6451411843299866 4.646134376525879 0.5610417127609253
v 0.10597215592861176 5.31398344039917 0.29989707469940186
v 0.3467925786972046 5.069073677062988 -1.2563135623931885
v 0.9837545156478882 4.3565568923950195 -0.8155481815338135
v 1.068436622619629 5.2350006103515625 -0.6986838579177856
v -0.10349532961845398 5.9869303703308105 0.716517448425293
v -0.07093138992786407 5.269931316375732 -0.40777844190597534
v 0.18046338856220245 4.253819942474365 0.20692695677280426
v 0.7465150952339172 5.677804470062256 -0.8203991055488586
v -0.11140856891870499 4.581137657165527 -0.10332656651735306
v 0.7186968922615051 4.47385311126709 -1.2432422637939453
v 1.1540485620498657 4.225596904754639 -0.23134957253932953
v 1.2019848823547363 5.358333110809326 0.6467423439025879
v 0.012864432297647 6.189567565917969 0.798082172870636
v 0.6920113563537598 4.3354291915893555 0.26468178629875183
v 0.16407179832458496 4.443776607513428 0.04129522666335106
v 0.2968624532222748 4.8154072761535645 -1.2936348915100098
v 0.7923104763031006 4.240230083465576 -0.9775545001029968
v 0.5216743350028992 4.581722259521484 -1.541722297668457
v 0.10846861451864243 4.351856231689453 -0.9224063158035278
v 0.7338084578514099 5.5665602684021 -0.12599995732307434
v 0.3646795153617859 4.415463447570801 0.3818991780281067
v 1.203650951385498 5.333767414093018 0.5324556827545166
v 0.2400074452161789 5.617336750030518 -0.30067160725593567
v -0.265591025352478 6.286957263946533 0.5278090834617615
v -0.016076145693659782 4.436861991882324 -0.11525125801563263
v 1.0893059968948364 4.80616569519043 0.04858705773949623
v 0.6000908613204956 4.885560035705566 0.7702641487121582
v -0.19139273464679718 4.528026580810547 -0.8002681136131287
v -0.005084366071969271 4.930006504058838 0.04493512585759163
v -0.3211277425289154 6.062357425689697 0.675409734249115
v 0.10802938789129257 5.472775936126709 -0.12623906135559082
v 0.6264200806617737 5.705169200897217 -0.3988226354122162
v 0.9474360346794128 5.821503639221191 0.28946977853775024
v 0.1113709956407547 5.4389777183532715 -0.0859614685177803
v 0.5530200600624084 4.409689903259277 0.31556007266044617
v 0.9370467662811279 4.239720821380615 0.37690624594688416
v 0.513381838798523 5.07912540435791 -1.2992511987686157
v 0.4994632601737976 5.451925754547119 -1.137648344039917
v -0.1498441845178604 5.104036808013916 -0.08480760455131531
v 0.3947482705116272 5.930733680725098 0.29880595207214355
v 0.15837541222572327 5.530364513397217 -0.23834772408008575
v -0.22907182574272156 4.723428249359131 -0.6085498332977295
v 0.13111676275730133 5.439630508422852 -0.10928021371364594
v 0.2469484657049179 5.61921501159668 -0.291439414024353
v 0.1165437251329422 6.232909679412842 0.7483190894126892
v 1.042819619178772 4.188181400299072 -0.6161795258522034
v 0.11394769698381424 4.688389301300049 -1.26825749874115
v -0.4117055833339691 6.4298200607299805 0.6876395344734192
v 0.7186818718910217 4.556272506713867 -1.287636160850525
v 1.075858235359192 5.971256732940674 0.47989463806152344
v -0.03218630328774452 6.4984331130981445 -0.2744171917438507
v 1.175185203552246 5.872182846069336 0.5153159499168396
v 0.11075227707624435 5.48698091506958 -0.156488299369812
v 0.21875056624412537 4.78395414352417 -1.323142647743225
v 0.4399184584617615 4.854984760284424 0.7240357398986816
v 0.18497540056705475 4.7646708488464355 -1.255219578742981
v 0.2467409372329712 5.160633087158203 0.5880143046379089
v 0.8293185234069824 5.301275253295898 0.8107538223266602
v 0.19305050373077393 5.570132732391357 -0.266469269990921
v 0.25602975487709045 4.85153341293335 -1.304861068725586
v 1.146469235420227 4.9157304763793945 0.27529191970825195
v -0.3019103407859802 6.3128814697265625 0.5309411287307739
v 0.45640015602111816 5.9200005531311035 0.7131168842315674
v 0.17672541737556458 5.6269450187683105 -0.5229560732841492
v 0.42154011130332947 5.929300308227539 0.475040078163147
v 0.2481934130191803 5.160287380218506 0.5895359516143799
v 0.11505912989377975 5.585555076599121 -0.5359703898429871
v 1.0703247785568237 5.109156131744385 0.5780080556869507
v 0.21083377301692963 4.780829906463623 -1.2693970203399658
v 0.15980470180511475 4.330582618713379 0.17583128809928894
v 0.3845981955528259 4.320671558380127 0.4583280682563782
v -0.40491390228271484 6.462241172790527 0.6398101449012756
v 0.21841058135032654 4.829300403594971 -1.3294105529785156
v 0.23808717727661133 5.614344596862793 -0.3071727454662323
v 0.24040144681930542 4.789100170135498 -1.3104193210601807
v -0.3131387531757355 4.913174629211426 -0.5055192708969116
v 0.1754700392484665 4.428596019744873 -1.2773910760879517
v 0.699277400970459 5.5814528465271 -0.12812098860740662
v 0.9486429691314697 5.400472164154053 -0.10045232623815536
v 0.19909846782684326 6.073724746704102 0.7553056478500366
v 0.28360486030578613 4.797499179840088 -1.2783151865005493
v 0.8192551136016846 5.653404235839844 -0.6531015038490295
v 0.8113722801208496 5.885365962982178 0.8917165398597717
v 0.9313382506370544 5.9719438552856445 0.2890845835208893
v -0.10392843186855316 6.314235210418701 0.7929242253303528
v 0.523113489151001 5.715397834777832 -0.3836023211479187
v 0.12119591981172562 5.511055946350098 -0.21597661077976227
v 0.21084152162075043 4.795503616333008 -1.327025055885315
v 0.4578726291656494 6.326138973236084 0.07663984596729279
v 1.1947308778762817 4.719560146331787 -0.6193458437919617
v -0.07098660618066788 4.3994364738464355 -0.19055035710334778
v 0.35459741950035095 5.679289817810059 0.4891146123409271
v 0.40451323986053467 4.2462358474731445 -1.0750895738601685
v 1.003096103668213 4.441442012786865 0.13697610795497894
v 0.07175895571708679 5.542524337768555 -0.5961266160011292
v 0.238791823387146 5.6029276847839355 -0.2892853021621704
v 0.19470493495464325 5.575442314147949 -0.2972349524497986
v 0.773013174533844 5.6768622398376465 -0.7757857441902161
v -0.043500009924173355 5.248000144958496 -0.28225019574165344
v 0.45017433166503906 5.638186454772949 -0.9202107191085815
v 0.2388981729745865 4.835655212402344 -1.2916007041931152
v 0.9298584461212158 5.523979663848877 0.11876026540994644
v 0.17939072847366333 4.236961364746094 0.21044526994228363
v -0.17730586230754852 4.539466381072998 -0.6258155703544617
v 0.7147124409675598 5.877442359924316 0.86176997423172
v 0.31951403617858887 5.500211238861084 0.48219034075737
v 0.03720599040389061 5.370700359344482 -0.25932952761650085
v 0.8951765894889832 4.4571356773376465 0.24924804270267487
v 0.8904986381530762 6.017294406890869 0.5731174349784851
v -0.3045305609703064 6.05102014541626 0.6763672828674316
v 1.152061104774475 4.318847179412842 -0.2682822346687317
v 0.3075576722621918 4.407716274261475 0.3474903702735901
v -0.09663541615009308 4.44906759262085 -0.8402969241142273
v 0.0759841650724411 5.241045951843262 0.11846659332513809
v 0.4847625195980072 6.117483139038086 -0.02564411610364914
v 1.1146906614303589 4.926531791687012 0.011673306114971638
v -0.3592894375324249 6.091753005981445 0.6714516878128052
v -0.19816133379936218 6.245755195617676 0.5131134986877441
v -0.18201595544815063 5.106111526489258 -0.12606912851333618
v 0.17772524058818817 4.285121917724609 0.19443897902965546
v 0.5318735241889954 4.578091621398926 -1.5397957563400269
v 0.33257368206977844 5.716829299926758 -0.5758295059204102
v 0.5600171685218811 5.428198337554932 -1.1660863161087036
v 0.5450248718261719 4.131293773651123 0.4696187973022461
v 0.3275757431983948 5.945869445800781 0.4100252091884613
v -0.1244262158870697 5.196147441864014 -0.7410213947296143
v 0.7181733846664429 5.591701507568359 0.9685523509979248
v 0.5672554969787598 5.621297359466553 -0.9656075835227966
v 0.46408921480178833 5.938632011413574 0.7144999504089355
v 1.0776066780090332 4.197702884674072 0.2609911859035492
v 0.10054753720760345 5.480703830718994 -0.17202775180339813
v 0.44841569662094116 5.869719982147217 0.30422013998031616
v -0.3051687180995941 6.051445484161377 0.6762078404426575
v 0.12991809844970703 4.703880786895752 -1.2763211727142334
v 0.5195909142494202 6.058845520019531 0.5675178170204163
v 0.9372981190681458 4.21987247467041 0.3779037296772003
v 0.870784342288971 5.791896820068359 0.1168718934059143
v 0.1786220669746399 4.62436580657959 -1.3971220254898071
v 0.9678115844726562 5.89874267578125 0.30770280957221985
v 0.06451105326414108 6.403500080108643 -0.12443103641271591
v 0.14771533012390137 4.683698654174805 -1.2757691144943237
v 0.4113803505897522 4.845064640045166 0.7146579027175903
v 0.10639559477567673 5.458410263061523 -0.15133081376552582
v 0.2716294527053833 4.43897008895874 -1.3408299684524536
v 0.1456466168165207 4.670244216918945 -1.2406091690063477
v -0.02632310427725315 5.0493292808532715 0.025978121906518936
v 0.29394933581352234 5.549369812011719 -0.049896519631147385
v 1.0950437784194946 4.162152290344238 0.10217801481485367
v 0.7466498017311096 5.677797317504883 -0.8202418088912964
v 1.2695282697677612 4.859076976776123 -0.5393868088722229
v 0.2680688202381134 5.612033843994141 -0.29268962144851685
v 0.1395786702632904 4.349780559539795 -1.0071868896484375
v 0.9583989381790161 4.978455543518066 0.6751700043678284
v 0.7643784284591675 4.250874042510986 -1.0058302879333496
v -0.24473169445991516 6.016331195831299 0.6939458847045898
v 0.11989059299230576 5.422001838684082 -0.04189058393239975
v 1.0847911834716797 4.991294860839844 -0.1946302354335785
v 0.1841503381729126 4.710029602050781 -1.2695345878601074
v -0.1394660770893097 5.101949214935303 -0.07656771689653397
v 0.9883018136024475 5.715210437774658 0.8287408351898193
v 1.1140714883804321 4.993690013885498 -0.8869760036468506
v 1.0818301439285278 5.130722522735596 -0.3344663381576538
v 0.0891401618719101 5.189980983734131 0.17059862613677979
v 0.23819738626480103 4.802295684814453 -1.2862184047698975
v 0.6488915085792542 6.0567755699157715 0.39113008975982666
v 0.5675961971282959 5.3298258781433105 0.8197733163833618
v 0.11368764191865921 5.426598072052002 -0.01327730156481266
v 0.7285334467887878 5.591748237609863 0.9695027470588684
v 0.5825653076171875 4.2599029541015625 -1.0905804634094238
v 1.1075007915496826 4.151249885559082 -0.18750189244747162
v 0.3106367588043213 5.48940896987915 -1.0303637981414795
v 0.12291199713945389 5.515283107757568 -0.2194334715604782
v 0.4858474135398865 6.008060932159424 0.5051434636116028
v 0.5381478667259216 4.886506080627441 0.7426296472549438
v 0.3829338848590851 5.828052520751953 0.4933815896511078
v 0.20593388378620148 4.276566028594971 -0.8827414512634277
v -0.44448328018188477 6.393154144287109 0.6706374883651733
v -0.007819394581019878 4.97025203704834 0.043180592358112335
v 0.7766502499580383 5.888000011444092 0.8900941014289856
v 0.13357551395893097 4.717629432678223 -1.2398309707641602
v -0.43761348724365234 6.1804304122924805 0.6495742797851562
v 0.4247187674045563 5.071499824523926 -1.2817158699035645
v 0.1240556538105011 5.438246726989746 -0.11231965571641922
v 0.4185032248497009 5.639923095703125 0.2262668013572693
v 0.10945834964513779 5.424218654632568 0.04241514578461647
v 0.23007813096046448 4.850727081298828 -1.3369613885879517
v 0.2116144746541977 5.569093704223633 -0.2781771719455719
v 0.24797934293746948 5.62102746963501 -0.30594488978385925
v 0.9675239324569702 5.293968200683594 0.7251666188240051
v -0.14339567720890045 4.430274963378906 -0.6101157665252686
v 0.36621618270874023 4.312552452087402 -1.2357162237167358
v 1.040328860282898 4.400759220123291 -0.5100640058517456
v 0.1220225915312767 6.276076793670654 -0.30371782183647156
v 0.3950580656528473 4.334057807922363 0.44339895248413086
v -0.20481738448143005 5.103274345397949 -0.24802935123443604
v 1.0436705350875854 5.383427619934082 0.257035493850708
v 0.125471293926239 5.420008659362793 -0.05295272171497345
v 0.20142069458961487 4.280155181884766 -0.8906171917915344
v 0.15980330109596252 5.55363130569458 -0.26227056980133057
v 0.2536299526691437 5.524053573608398 -0.009168206714093685
v 0.5608008503913879 4.798281192779541 -1.546684980392456
v 0.13539309799671173 5.011312007904053 0.4184872508049011
v 0.11470326036214828 5.436707496643066 -0.042224861681461334
v 1.022100567817688 4.370304584503174 -0.6279833316802979
v -0.28087419271469116 4.965541839599609 -0.16451936960220337
v 0.46807563304901123 5.942026138305664 0.3569255769252777
v 0.32117384672164917 5.490375518798828 0.494216650724411
v 0.7249287962913513 4.507690906524658 -1.2628099918365479
v 0.6876871585845947 5.07435941696167 -1.207506775856018
v 1.048984408378601 5.221546649932861 -0.5607643127441406
v 0.31291505694389343 5.565754413604736 0.3702991008758545
v 0.11379065364599228 5.4319562911987305 -0.08618596941232681
v -0.020433049649000168 5.214031219482422 -0.17690788209438324
v 0.3410986661911011 6.431900978088379 0.09653416275978088
v 0.41284841299057007 5.071499824523926 -1.2776354551315308
v 0.5623966455459595 6.090814590454102 0.18879103660583496
v 0.566874623298645 4.666755199432373 0.5990925431251526
v 1.1468639373779297 5.913812160491943 0.5080198049545288
v 0.40499910712242126 6.307078838348389 0.21469099819660187
v 0.15514734387397766 4.751214504241943 -1.2845427989959717
v 0.5176385045051575 6.046988010406494 0.623234748840332
v 0.8075820207595825 5.593336582183838 0.9620203375816345
v 0.7381551265716553 5.67769718170166 -0.8308589458465576
v 0.23016953468322754 4.799048900604248 -1.2853577136993408
v 0.8053705096244812 5.666720390319824 -0.6977914571762085
v -0.30184945464134216 4.921048641204834 -0.4165174961090088
v 0.06553418934345245 4.372406959533691 -0.928296685218811
v 0.7865658402442932 5.84120512008667 0.8743211627006531
v 0.9484410285949707 5.400865077972412 -0.1005195751786232
v 0.4967688322067261 4.834361553192139 -1.3574923276901245
v 0.8725315928459167 5.576968193054199 0.10132104903459549
v 0.5598925352096558 5.4282708168029785 -1.1660655736923218
v 0.8291490077972412 5.82940673828125 0.8780182003974915
v -0.28877314925193787 4.961733818054199 -0.18004979193210602
v -0.4636911153793335 6.270195007324219 0.656999945640564
v 0.13323812186717987 5.455285549163818 -0.10173015296459198
v 0.9925748705863953 4.401554107666016 -0.16344305872917175
v 1.0839534997940063 4.986535549163818 -0.19339151680469513
v 1.1070917844772339 4.861387729644775 0.2972041666507721
v 0.10393683612346649 5.47459602355957 -0.17237362265586853
v 0.7688722610473633 4.9095001220703125 0.7559350728988647
v -0.3077879548072815 4.916843414306641 -0.46649014949798584
v 0.41559118032455444 4.608582019805908 -1.537918210029602
v 0.5186198353767395 5.716146945953369 -0.38285329937934875
v 0.26725107431411743 6.1562299728393555 0.1553051471710205
v 0.10906863957643509 5.4889655113220215 -0.15930108726024628
v 0.9638049602508545 4.4379777908325195 -0.2211100310087204
v 0.10514365881681442 4.42037296295166 -1.0505164861679077
v -0.02815508469939232 4.427465915679932 -0.13094818592071533
v 1.0577181577682495 5.350661277770996 0.3110681474208832
v 0.37293732166290283 5.670767784118652 0.5351065397262573
v 0.8302775025367737 5.882635593414307 0.89090895652771
v 0.6491652131080627 4.326704025268555 -1.1660826206207275
v -0.13505353033542633 4.391794204711914 -0.4917224943637848
v 0.6617294549942017 5.596951007843018 -1.0078401565551758
v 0.46816113591194153 4.844946384429932 -1.357357144355774
v 1.1505770683288574 5.908670902252197 0.5092164278030396
v 0.6931071877479553 5.692840099334717 -0.4098617732524872
v 0.9019659757614136 4.415999889373779 -1.0241930484771729
v 0.7161945700645447 4.250430107116699 0.2998753786087036
v 0.7931227087974548 5.100287437438965 0.7505967020988464
v 0.4209786355495453 5.600152969360352 -0.1092548593878746
v 0.9773058891296387 4.726507663726807 -1.0286493301391602
v 1.21115243434906 4.710063934326172 -0.5198656320571899
v 0.6704975962638855 5.798499584197998 0.11800040304660797
v 0.15662196278572083 4.757960319519043 -1.2609056234359741
v 1.183011770248413 5.693395137786865 0.2395116239786148
v 0.13107669353485107 5.427868366241455 -0.07062438875436783
v 0.6202279329299927 5.594552993774414 0.9285991191864014
v 0.23764042556285858 4.3268280029296875 -1.0785154104232788
v 0.6194844245910645 5.901731014251709 0.19731730222702026
v -0.0687950998544693 6.294286251068115 0.7958410382270813
v 0.2781226634979248 4.80551815032959 0.6322789788246155
v 0.882228672504425 5.488654136657715 -0.0966983512043953
v -0.1880768984556198 4.55755615234375 -0.18246451020240784
v 0.842793881893158 5.806894779205322 0.867671012878418
v 0.3496977388858795 4.180875301361084 0.49226081371307373
v -0.00951581634581089 4.442049503326416 -0.10695830732584
v -0.22396129369735718 4.526538848876953 -0.31801167130470276
v 0.4972861707210541 5.617201805114746 0.8176853656768799
v 0.12537086009979248 5.470975399017334 -0.1397625356912613
v 0.5509954690933228 6.008734226226807 0.39494505524635315
v 0.4581669569015503 5.981208324432373 0.5004306435585022
v 0.32268357276916504 6.140237331390381 0.6955135464668274
v 0.030699046328663826 6.40053653717041 -0.17050565779209137
v 0.2828475534915924 5.970136642456055 0.3954842984676361
v 0.608211100101471 5.67392110824585 0.10338172316551208
v 1.0447629690170288 5.280036926269531 0.6660916209220886
v -0.0006160716293379664 4.1875 0.058875370770692825
v 0.9811502695083618 4.52072811126709 -0.2384456992149353
v -0.05055520683526993 4.222403049468994 -0.6270994544029236
v 0.3141409754753113 5.5856099128723145 0.31892070174217224
v 0.46080678701400757 6.1231889724731445 -0.057600829750299454
v 0.38680604100227356 6.344101905822754 0.18436722457408905
v -0.023735880851745605 4.431295871734619 -0.12387741357088089
v 0.9085595607757568 5.803252220153809 0.8601557612419128
v 0.9752065539360046 4.371115684509277 -0.8548471927642822
v 0.17823998630046844 4.724249839782715 -1.2461050748825073
v 0.1554711014032364 4.327420234680176 -0.9910289645195007
v -0.11177227646112442 6.193467617034912 0.4946405291557312
v 0.7149027585983276 5.310125350952148 0.8335000276565552
v 0.13102169334888458 4.250919818878174 -0.8728002905845642
v 1.1170679330825806 5.175244331359863 0.10792391747236252
v -0.04141012206673622 4.200455188751221 -0.4607810974121094
v 0.20047327876091003 4.34255313873291 -1.0400218963623047
v 0.15477107465267181 4.713045120239258 -1.2845205068588257
v 0.10693074017763138 5.465342044830322 -0.11838523298501968
v 0.11744720488786697 5.458482265472412 -0.15853628516197205
v 0.1505192220211029 4.715214729309082 -1.2857908010482788
v 0.12076141685247421 5.448788166046143 -0.04702657833695412
v 1.2063779830932617 4.720463275909424 -0.5732324123382568
v 0.1114974245429039 5.438327789306641 -0.06850571185350418
v 1.3072186708450317 5.642495155334473 0.349119633436203
v 0.21198506653308868 5.5838541984558105 -0.306490033864975
v 0.15983714163303375 6.034586429595947 0.4205382466316223
v 1.0915240049362183 4.156523704528809 0.17888040840625763
v 0.2048562914133072 5.558007717132568 -0.28374820947647095
v 1.0445137023925781 4.776294231414795 0.3323507010936737
v 0.5966578722000122 4.398870468139648 0.2836398780345917
v 0.13531404733657837 5.01132869720459 0.4183998107910156
v -0.09234779328107834 5.270087242126465 -0.5623041987419128
v 1.0920206308364868 5.09360933303833 -0.2734721302986145
v 1.2340657711029053 5.351378917694092 0.5925709009170532
v 0.09905778616666794 5.045379161834717 -1.1299573183059692
v -0.03160979971289635 5.235029697418213 -0.23019935190677643
v -0.13162793219089508 4.362606525421143 -0.3529585301876068
v 1.116886854171753 5.695817470550537 0.37060222029685974
v 0.4811219871044159 6.0179901123046875 0.49332016706466675
v 0.13627852499485016 5.418223857879639 0.003666081465780735
v 0.3278091549873352 5.602200508117676 0.2939949929714203
v 0.2866496741771698 5.06397819519043 -1.2348467111587524
v 0.8414969444274902 4.746870040893555 0.6089531183242798
v 0.44973134994506836 4.554433822631836 0.30673348903656006
v 0.40995463728904724 4.347905158996582 0.42541730403900146
v 0.3228193521499634 5.530083656311035 0.4452420175075531
v 0.12013238668441772 5.482177257537842 -0.15127797424793243
v 0.5831425786018372 4.557076930999756 -1.5089672803878784
v -0.1892058402299881 6.001437187194824 0.7050630450248718
v -0.01594950258731842 4.899740219116211 0.04322785511612892
v 0.9880848526954651 5.2925705909729 0.7117045521736145
v 1.1170045137405396 4.868027687072754 0.03139360994100571
v 0.13858658075332642 5.439239978790283 -0.06521254777908325
v 0.5249782204627991 4.130986213684082 0.4735961854457855
v 0.9745656847953796 5.470605373382568 -0.5166841745376587
v 1.021085500717163 4.430308818817139 0.10972356796264648
v 0.2511132061481476 4.661513805389404 0.28099721670150757
v 0.9882077574729919 4.709103584289551 -1.0126128196716309
v 0.919151246547699 5.82474946975708 0.2776505649089813
v 0.12977728247642517 5.497673034667969 -0.2023622691631317
v 0.19649910926818848 4.7356438636779785 -1.2719204425811768
v 1.0021986961364746 5.456301212310791 0.1710686832666397
v 1.13371741771698 4.302195072174072 0.24820052087306976
v 1.2191332578659058 5.676334857940674 0.27304285764694214
v 0.16968794167041779 4.17254114151001 0.22698111832141876
v -0.15178519487380981 5.035120487213135 -0.9346543550491333
v 0.24684716761112213 6.178233623504639 -0.21529172360897064
v 1.1320720911026 4.97247838973999 -0.8631545305252075
v 0.7907851338386536 5.807933807373047 0.856761634349823
v 1.156469464302063 4.946643352508545 -0.8294330835342407
v -0.10259582847356796 6.188009738922119 0.4926616847515106
v 0.11086592823266983 5.410080909729004 0.022229298949241638
v 0.24983398616313934 5.987798690795898 0.39722034335136414
v -0.08923767507076263 4.38893985748291 -0.2206803560256958
v 0.11587151885032654 5.05090856552124 -1.1525437831878662
v 0.1323385089635849 4.681978702545166 -1.281887173652649
v 0.6451603174209595 5.079231262207031 -1.2862651348114014
v 0.1069938987493515 5.442937850952148 0.022993886843323708
v 0.8264947533607483 4.160642147064209 0.34616056084632874
v 1.0222147703170776 4.385929584503174 -0.5829071402549744
v 1.2080053091049194 4.719980716705322 -0.5634149312973022
v 0.9002395868301392 5.298022270202637 0.7681487202644348
v 0.07703501731157303 6.327270030975342 -0.33295711874961853
v 0.442658007144928 5.643761157989502 0.209159716963768
v 0.15612171590328217 4.66838264465332 -1.2559782266616821
v 0.6040992140769958 5.400629043579102 -1.174985647201538
v 0.4129820466041565 6.128669261932373 -0.11018530279397964
v 0.4063449203968048 5.895815849304199 0.47346794605255127
v -0.019726144149899483 4.184872150421143 0.024106288328766823
v 0.39393749833106995 5.105288028717041 0.6775000691413879
v -0.10228410363197327 5.9867634773254395 0.716559112071991
v 1.1374024152755737 4.579805850982666 -0.7956809401512146
v 0.8822379112243652 5.5679402351379395 0.1024068146944046
v 0.1848069727420807 5.5727691650390625 -0.2680394649505615
v 0.6158597469329834 4.7494282722473145 -1.5200504064559937
v 0.8825275301933289 6.018932342529297 0.5714122653007507
v 0.07199451327323914 5.542745113372803 -0.5957585573196411
v 0.1678575724363327 5.5623602867126465 -0.2537963092327118
v 0.5832998156547546 4.527138710021973 0.2693924307823181
v 1.1155701875686646 4.633876800537109 -0.8387412428855896
v 0.08694189786911011 5.557089328765869 -0.5712636113166809
v -0.18329086899757385 5.106098651885986 -0.12873004376888275
v 0.08334753662347794 4.363918781280518 -0.9268023371696472
v 0.37019434571266174 6.408245086669922 0.018255120143294334
v -0.03870850056409836 4.181767463684082 -0.024288740009069443
v -0.19294768571853638 4.98199987411499 -0.08113526552915573
v -0.3046279847621918 4.94270133972168 -0.28316429257392883
v 1.1106513738632202 5.952123641967773 0.49232569336891174
v -0.12758907675743103 4.365321636199951 -0.3286137580871582
v 0.11151880025863647 5.517489433288574 -0.198466494679451
v -0.3088891804218292 4.9296650886535645 -0.3519541919231415
v 1.0752904415130615 5.070375919342041 -0.941938042640686
v -0.009877056814730167 5.194127559661865 -0.13725608587265015
v 1.0136572122573853 4.271557331085205 -0.08452875167131424
v -0.06534145772457123 4.44016170501709 -0.8786758780479431
v 0.18367545306682587 4.166912078857422 0.2640467584133148
v 0.11089976131916046 4.251241207122803 -0.8677116632461548
v -0.024194976314902306 5.042767524719238 0.027219636365771294
v 0.23788028955459595 5.515042304992676 0.013577363453805447
v 1.1291282176971436 4.589846134185791 -0.8138461709022522
v 0.12546882033348083 4.648287773132324 -1.2024376392364502
v 0.6452202200889587 4.646100044250488 0.5609798431396484
v 0.1861700862646103 4.746652603149414 -1.251829981803894
v 0.14650003612041473 5.149996757507324 0.43985530734062195
v 0.2464597225189209 4.2313079833984375 -0.8996981382369995
v 1.0201466083526611 5.047705173492432 0.6291770339012146
v 0.16756604611873627 6.097509384155273 0.7732735276222229
v 0.41039448976516724 5.742938995361328 -0.6124553680419922
v 0.2088000774383545 6.198062419891357 -0.23932500183582306
v 0.21959710121154785 5.579582691192627 -0.28612855076789856
v 0.725192129611969 5.6813483238220215 -0.8455601930618286
v 0.6337587237358093 5.595418930053711 -0.12432491034269333
v 1.0914541482925415 5.278436660766602 0.1325458288192749
v 0.5960335731506348 5.868256092071533 0.2051999270915985
v 1.1075167655944824 4.1584906578063965 -0.5054728388786316
v 0.22730828821659088 4.331419467926025 -1.0643154382705688
v 0.11502841114997864 4.688037395477295 -1.2691872119903564
v 1.0311155319213867 4.395743370056152 -0.5421021580696106
v 1.1260318756103516 4.266168117523193 0.26591944694519043
v 0.10798266530036926 5.432721138000488 0.0122666722163558
v 0.3414725661277771 4.226344585418701 0.5130090713500977
v 0.1521691232919693 4.671046257019043 -1.26807701587677
v 0.9096015095710754 5.365947246551514 -0.8993496894836426
v 0.10233225673437119 4.56627082824707 -1.1568289995193481
v -0.16961637139320374 4.540205478668213 -0.5891907811164856
v -0.14045247435569763 4.457095146179199 -0.746213972568512
v -0.2398950606584549 5.085036754608154 -0.5572714805603027
v -0.16847464442253113 4.567653179168701 -0.14899645745754242
v 0.38208863139152527 5.817718982696533 0.5983543992042542
v 1.0440411567687988 4.18779993057251 -0.614118218421936
v 0.5386075973510742 5.846348285675049 0.23901407420635223
v 0.3237294852733612 4.818772792816162 0.6688646674156189
v 0.7514371275901794 5.09995698928833 0.7818030118942261
v 1.0257477760314941 4.392279624938965 -0.5619449019432068
v 0.7596714496612549 5.802785396575928 0.11299997568130493
v 0.49307459592819214 5.748201847076416 -0.6634868383407593
v 0.34092840552330017 4.41349983215332 0.37063249945640564
v 0.4392309784889221 5.643102169036865 0.211532324552536
v 0.27147337794303894 4.396815776824951 0.3184733986854553
v -0.013525336980819702 5.203436851501465 -0.15204448997974396
v 0.10998640209436417 5.415486812591553 0.03492910414934158
v 0.1826697140932083 4.245802879333496 -0.8804953694343567
v 0.09500809013843536 4.461203098297119 -1.0717235803604126
v 0.18078123033046722 4.249281883239746 0.20896850526332855
v 1.158437728881836 5.897299289703369 0.5120874643325806
v 1.0494439601898193 5.368429660797119 0.281037837266922
v 1.090335726737976 4.836611747741699 0.305582195520401
v 0.09666305035352707 6.1446380615234375 0.7884456515312195
v 1.0414749383926392 4.4061126708984375 0.06434370577335358
v -0.35397329926490784 6.465470314025879 0.709437906742096
v -0.13498757779598236 4.371549606323242 -0.4401612877845764
v 0.9770426750183105 5.606062889099121 0.8698945045471191
v 0.1225271224975586 5.449767589569092 -0.06185257434844971
v -0.048199355602264404 4.204199314117432 -0.5403808355331421
v 0.48477089405059814 4.416490077972412 0.36944127082824707
v 0.3135830760002136 4.429788589477539 -1.3385086059570312
v 1.0857610702514648 5.315104961395264 0.3855223059654236
v 0.8236097693443298 4.405764579772949 -1.0846290588378906
v 0.16741801798343658 5.972598552703857 0.7151994705200195
v 0.3834421932697296 5.649202823638916 0.605863630771637
v -0.19320860505104065 5.105984210968018 -0.1546572744846344
v 0.22531668841838837 5.96603536605835 0.7114014625549316
v 1.158124566078186 4.247307777404785 -0.24162285029888153
v 0.44324490427970886 6.344177722930908 0.06371919065713882
v 0.14780353009700775 5.527767658233643 -0.21344631910324097
v -0.19273564219474792 4.98199987411499 -0.0810263454914093
v -0.19444946944713593 5.1055192947387695 -0.15931054949760437
v -0.03540244698524475 5.240304946899414 -0.24943672120571136
v 0.3990479111671448 5.38821268081665 0.6944894194602966
v 1.257004737854004 4.824397563934326 -0.48990190029144287
v 0.2209485024213791 4.832903861999512 -1.3338526487350464
v 0.30342376232147217 5.958802700042725 0.40372613072395325
v 0.44129401445388794 5.959173679351807 0.48925918340682983
v -0.07774081826210022 4.593963623046875 -0.08952918648719788
v 0.23101919889450073 4.329901695251465 -1.0692070722579956
v 0.20433543622493744 4.7801713943481445 -1.267421007156372
v 0.9179533123970032 5.46027135848999 -0.09975842386484146
v 1.0974432229995728 4.846917629241943 0.30202844738960266
v 0.34913337230682373 4.145853519439697 0.4511999487876892
v 1.147626280784607 5.912763595581055 0.5082582831382751
v 0.12629066407680511 5.467029571533203 -0.1502905935049057
v 0.6842880845069885 5.584290981292725 -1.0117698907852173
v 0.21492686867713928 6.186316967010498 0.7195244431495667
v -0.2200789451599121 4.7299604415893555 -0.6940789222717285
v 0.12627701461315155 5.470097541809082 -0.14801080524921417
v 0.41321471333503723 5.85276460647583 0.6624130606651306
v 1.1314891576766968 4.146626949310303 -0.46427029371261597
v 0.5669364929199219 6.079746723175049 0.37943655252456665
v 1.0902323722839355 5.311016082763672 0.3959552049636841
v 0.3818111717700958 6.357154369354248 0.17448708415031433
v -0.07475121319293976 5.272700309753418 -0.43610867857933044
v 1.0179343223571777 4.6731719970703125 -0.9824597835540771
v 0.7840007543563843 5.100840091705322 0.760859489440918
v 0.1621764451265335 5.53776741027832 -0.23256680369377136
v 0.05647697299718857 5.5288004875183105 -0.6229000091552734
v -0.1360422968864441 4.462734699249268 -0.7625479102134705
v 0.8433417081832886 4.571339130401611 0.2006637454032898
v 0.865524172782898 5.582287788391113 0.1010000929236412
v -0.05744079127907753 5.981923580169678 0.718576192855835
v 0.10957929491996765 5.434171676635742 -0.07282169163227081
v -0.2555069327354431 6.431503772735596 0.7844972610473633
v 1.0475322008132935 4.814476013183594 -0.2133159190416336
v 1.2675254344940186 4.8480682373046875 -0.5245936512947083
v 0.14224334061145782 6.5230512619018555 -0.12467100471258163
v -0.4637646973133087 6.257803916931152 0.6567646861076355
v 1.0728217363357544 4.810948848724365 0.31461137533187866
v 0.7372539043426514 4.149285793304443 0.3239649534225464
v 0.1885957568883896 5.165500164031982 0.5148935914039612
v 0.6694638133049011 6.058468341827393 0.3591937720775604
v 0.10168754309415817 5.478523254394531 -0.17605477571487427
v 0.7160991430282593 6.062225341796875 0.5312818884849548
v 1.0386550426483154 4.3998026847839355 -0.5161828398704529
v 0.36226704716682434 6.004710674285889 0.704622209072113
v 1.1948827505111694 5.688058376312256 0.2512945234775543
v 1.0262519121170044 5.2959465980529785 -0.6877707242965698
v 0.7989463806152344 5.88706111907959 0.8917193412780762
v 0.7942708134651184 5.100172996520996 0.7491616606712341
v 0.9934507012367249 5.860145568847656 0.3164389431476593
v 0.16889198124408722 4.394876003265381 0.11336798220872879
v 0.08158010989427567 5.224222183227539 0.13308463990688324
v 1.1256778240203857 5.1423659324646 0.11524475365877151
v 0.6937480568885803 4.6477556228637695 -1.324501872062683
v 0.14347702264785767 4.683111190795898 -1.2787891626358032
v 0.8852328658103943 5.800606727600098 0.2687365412712097
v 0.443852037191391 6.125901699066162 -0.07704979926347733
v 0.19639995694160461 4.7363667488098145 -1.2919000387191772
v 0.5292083024978638 5.4426751136779785 -1.154736042022705
v 0.5745965242385864 4.791042327880859 -1.543544054031372
v 0.20092034339904785 6.264369487762451 0.0656103566288948
v 0.21565933525562286 4.795692443847656 -1.3283476829528809
v 0.1349683701992035 4.179290771484375 0.15572793781757355
v 1.0732959508895874 4.925471305847168 -0.18892408907413483
v 0.5134363770484924 4.2452216148376465 0.521436333656311
v 1.1153793334960938 4.658931255340576 -0.8304305672645569
v 0.44488388299942017 6.125782489776611 -0.07589872926473618
v 0.09704706072807312 5.434241771697998 0.020870700478553772
v 0.7077662348747253 4.304505348205566 0.28215065598487854
v 0.18785683810710907 4.790929317474365 -1.2753403186798096
v 1.058000922203064 5.231502532958984 -0.6375098824501038
v 0.4979081153869629 5.984249591827393 0.6958871483802795
v -0.44494935870170593 6.392338752746582 0.6702879667282104
v 1.0238206386566162 4.442600250244141 -0.28610190749168396
v 0.1647615134716034 4.174238204956055 0.19856053590774536
v 0.8109828233718872 4.400241374969482 -1.0925360918045044
v 1.237318992614746 5.668272495269775 0.287482351064682
v -0.05786154046654701 6.2304158210754395 0.8133915066719055
v 0.3037465512752533 6.15427827835083 -0.18263594806194305
v 0.17860616743564606 4.270070552825928 0.20321229100227356
v 1.0566625595092773 5.202458381652832 -0.4839288294315338
v 0.9379540085792542 6.00578498840332 0.5827782154083252
v 0.22164058685302734 5.577853202819824 -0.2890036404132843
v 1.0331199169158936 4.3968095779418945 -0.5350328683853149
v 0.11048352718353271 4.689517021179199 -1.2652766704559326
v 1.1720830202102661 5.876536846160889 0.5147343873977661
v 1.2698744535446167 4.857980728149414 -0.538002073764801
v 0.1283872127532959 4.688020706176758 -1.2316138744354248
v 0.1239948570728302 6.0541791915893555 0.4300312399864197
v 0.11957726627588272 5.45836877822876 -0.08676279336214066
v 0.13328365981578827 4.725103378295898 -1.2552281618118286
v -0.45223507285118103 6.2068376541137695 0.6502228379249573
v 1.1360090970993042 4.764703750610352 -0.7778182625770569
v 0.6297875642776489 5.609842300415039 -0.9985866546630859
v 0.39267727732658386 5.8282976150512695 0.6247534155845642
v 0.9654523134231567 4.438947677612305 -0.22594289481639862
v 1.0915374755859375 4.1565375328063965 0.17881272733211517
v 0.8288564085960388 4.160979747772217 0.3462449908256531
v 0.9435469508171082 4.344736576080322 0.32863175868988037
v 0.45501643419265747 6.22036075592041 0.27346736192703247
v 0.3893159031867981 6.337484836578369 0.1896151453256607
v 0.47324320673942566 5.997432231903076 0.5060837864875793
v 0.816303551197052 5.525391578674316 -0.1086958721280098
v 0.10966254770755768 5.441737174987793 -0.0818876102566719
v 0.6798585057258606 5.813609600067139 0.8210260272026062
v 0.17113687098026276 5.622320175170898 -0.5227633714675903
v 0.21867139637470245 4.846734046936035 -1.3211677074432373
v 1.0062572956085205 4.195152282714844 -0.6764187812805176
v 0.37564539909362793 5.811217308044434 0.5751512050628662
v 1.0430041551589966 4.429994583129883 -0.3505229949951172
v 0.992438018321991 5.3312273025512695 -0.7368965148925781
v 1.0132873058319092 4.273777008056641 -0.08563857525587082
v 0.10281208157539368 5.484499931335449 -0.15904651582241058
v 1.1134581565856934 5.206713676452637 0.10866788029670715
v 1.220481276512146 5.5755743980407715 0.7269890308380127
v 0.6937276124954224 4.330995559692383 0.2669701874256134
v 0.12495247274637222 5.4817585945129395 -0.1838534027338028
v 1.0475598573684692 5.373274803161621 0.27269354462623596
v 1.005147099494934 4.160195827484131 0.29530054330825806
v -0.20501212775707245 5.102963924407959 -0.2519354224205017
v 0.4789244532585144 5.619485855102539 0.7977624535560608
v 1.093754529953003 4.305909156799316 -0.15441817045211792
v 0.5198897123336792 6.236690044403076 0.13106155395507812
v 0.38505634665489197 5.922729015350342 0.44719889760017395
v 0.3800579309463501 5.594946384429932 -0.09839316457509995
v 1.079030156135559 4.170773029327393 -0.5600153207778931
v 0.1560577005147934 4.668531894683838 -1.2555512189865112
v 0.5128067135810852 4.242466926574707 0.5208066701889038
v 0.03528592735528946 6.375452041625977 -0.34299999475479126
v 0.4124997556209564 6.293116092681885 0.22530736029148102
v 1.0093870162963867 4.683298587799072 -0.9897366762161255
v 1.005805492401123 5.981635093688965 0.5970308184623718
v 0.9063330292701721 4.773275852203369 0.5770117044448853
v 0.17377866804599762 5.540302276611328 -0.26375314593315125
v -0.3875957429409027 6.465022087097168 0.6673675179481506
v 0.8276550769805908 5.959262847900391 0.26862889528274536
v 1.1007776260375977 4.829055309295654 0.04042859375476837
v 0.12414535135030746 5.480268478393555 -0.18397757411003113
v 0.40368369221687317 5.915081977844238 0.4821527600288391
v 0.18066737055778503 4.754892826080322 -1.2545995712280273
v 0.33505499362945557 6.033890247344971 0.22873006761074066
v 0.24943482875823975 4.444391250610352 -1.3421673774719238
v 0.4383701682090759 6.085151672363281 0.6720815896987915
v 0.24550586938858032 5.9637770652771 0.7097079157829285
v 1.2704479694366455 5.432806968688965 0.6239815354347229
v 0.16683733463287354 5.545662879943848 -0.2683902978897095
v 1.299682855606079 5.538435935974121 0.7023327350616455
v 0.06786984950304031 6.1591057777404785 0.7952018976211548
v -0.2988165616989136 4.957552433013916 -0.20550203323364258
v 1.0950368642807007 4.162154674530029 0.10209659487009048
v 0.8832738399505615 6.043758869171143 0.3803955614566803
v 0.19416731595993042 4.163719177246094 0.28214141726493835
v 0.20974811911582947 4.159572124481201 0.30664023756980896
v 1.0918387174606323 5.2781291007995605 0.13216128945350647
v 1.1607701778411865 4.944605827331543 0.2603939473628998
v 1.041944980621338 4.168940544128418 0.20670396089553833
v 1.3002409934997559 5.491891860961914 0.6074456572532654
v 0.33856257796287537 6.431814670562744 -0.007791562471538782
v 0.5996416807174683 5.325755596160889 0.8292037844657898
v -0.14279641211032867 4.429555892944336 -0.6067599654197693
v 0.4914611876010895 6.115352630615234 -0.015613816678524017
v 0.8831949830055237 5.5972795486450195 0.9360508322715759
v 0.3013656735420227 6.1550517082214355 -0.18408262729644775
v 1.0328673124313354 4.439189910888672 -0.30325227975845337
v 0.4852229058742523 5.633590221405029 -0.9318196177482605
v 0.32442134618759155 4.220003604888916 -0.9729101657867432
v 0.8352287411689758 5.301000118255615 0.8072372078895569
v 1.1733297109603882 5.697282314300537 0.2298297882080078
v 0.30515724420547485 6.090704917907715 0.19765716791152954
v 0.268568217754364 5.608971118927002 -0.3030111491680145
v -0.016918180510401726 6.280770301818848 0.8013033270835876
v 1.1659953594207764 5.113999843597412 0.1392221748828888
v 0.12374253571033478 6.054335594177246 0.43012017011642456
v 0.10096108913421631 6.385316371917725 -0.06328099220991135
v 0.37938401103019714 5.815371036529541 0.5876134037971497
v -0.2011718899011612 5.105057239532471 -0.19717729091644287
v 0.6970985531806946 5.799703121185303 0.11544562131166458
v 0.6792879104614258 4.279746055603027 -1.0716865062713623
v 0.5491354465484619 4.131636619567871 0.46859103441238403
v 0.1589636206626892 4.678768634796143 -1.2650485038757324
v 0.35936444997787476 4.41485595703125 0.38022884726524353
v 0.7355769276618958 5.565863132476807 -0.12599995732307434
v 0.5064002275466919 6.157408714294434 0.3204002380371094
v 0.20422092080116272 4.454414367675781 -1.345914363861084
v 0.6778281331062317 5.798744201660156 0.1172671839594841
v 0.172499880194664 4.707067966461182 -1.2760509252548218
v -0.4336538016796112 6.412692546844482 0.6755768656730652
v 0.23008188605308533 5.597779750823975 -0.311310738325119
v 0.030981766059994698 5.226900100708008 -1.0133908987045288
v -0.10157591104507446 5.25858211517334 -0.6172530055046082
v 0.1275552660226822 4.717770576477051 -1.2623313665390015
v 0.23331370949745178 5.162768840789795 0.5743135809898376
v 0.6167593002319336 5.895022869110107 0.19899427890777588
v 1.100601077079773 4.964008808135986 0.471172034740448
v 0.16496668756008148 4.737629413604736 -1.2421778440475464
v 1.0775182247161865 5.72448205947876 0.3785035312175751
v 1.090779423713684 4.322823524475098 -0.16452215611934662
v 0.2588845491409302 4.822221279144287 -1.3021663427352905
v 0.13721337914466858 5.436267852783203 -0.069298654794693
v -0.19097456336021423 4.837953090667725 -0.6459108591079712
v 0.1317557841539383 6.12504243850708 0.7801007032394409
v 0.44563814997673035 6.125695705413818 -0.07505744695663452
v 0.9453420639038086 6.003770351409912 0.5845374464988708
v 1.2052199840545654 5.334813117980957 0.5354633331298828
v 0.678963303565979 5.798781871795654 0.11715375632047653
v 0.6036096215248108 4.771126747131348 -1.355881690979004
v -0.20251008868217468 5.096016883850098 -0.328365296125412
v 1.1098908185958862 4.865347385406494 0.2956850826740265
v 0.5292336344718933 4.41273307800293 0.336183100938797
v 0.9857962727546692 5.957653522491455 0.3018593490123749
v 0.04123140871524811 4.385432720184326 -0.9239253997802734
v 0.26705417037010193 6.473538398742676 -0.04827668517827988
v 0.19029517471790314 4.793022632598877 0.4974084198474884
v 0.45403873920440674 6.330321311950684 0.07332885265350342
v 0.22110490500926971 5.598819732666016 -0.2909298241138458
v 0.7208387851715088 4.266053676605225 -1.0433908700942993
v 0.1352718323469162 4.702016353607178 -1.2327364683151245
v 0.528056800365448 6.218386173248291 0.14020782709121704
v 0.4205285608768463 5.861721515655518 0.6754000782966614
v 0.20415475964546204 4.774272441864014 -1.2664862871170044
v 0.9543731808662415 6.028313636779785 0.4193611741065979
v 0.9900404810905457 4.196559906005859 -0.7038590908050537
v 1.0298237800598145 4.175065040588379 -0.0976908802986145
v 0.25625079870224 6.175686359405518 0.14061041176319122
v 0.3452579081058502 6.121809959411621 0.6857290267944336
v 0.7782808542251587 5.837650775909424 0.8665412068367004
v 0.2576668858528137 4.849428653717041 -1.3031070232391357
v -0.1515323370695114 5.0342535972595215 -0.9353406429290771
v 0.8260468244552612 5.801830768585205 0.11573371291160583
v -0.3045000433921814 4.946308135986328 -0.2621231973171234
v 0.4538767337799072 6.221914291381836 0.2724183201789856
v 1.2364311218261719 4.78887939453125 -0.4429658055305481
v 0.38524603843688965 4.143868923187256 0.4650450050830841
v -0.1862715631723404 4.852444171905518 -0.6951596736907959
v -0.0399487279355526 5.244571208953857 -0.26753976941108704
v -0.013722875155508518 5.979841232299805 0.7219752669334412
v 0.46185538172721863 5.636938095092773 -0.9240453839302063
v 1.0949574708938599 5.961981296539307 0.4867793619632721
v 1.095500111579895 4.161360263824463 0.13387757539749146
v 0.9703773260116577 5.9960408210754395 0.5899755358695984
v 0.37155991792678833 5.671948432922363 0.5311712026596069
v 0.04037229344248772 6.401880264282227 -0.15829697251319885
v 0.355430543422699 5.6274800300598145 -0.8751004934310913
v 1.028588056564331 4.191771030426025 -0.6392819285392761
v 0.33245909214019775 6.039082050323486 0.22513549029827118
v 0.1655000001192093 4.167235374450684 0.15092214941978455
v 0.15400443971157074 5.529792308807373 -0.22099852561950684
v 0.9030283093452454 6.042534828186035 0.3892902433872223
v 1.0383014678955078 4.399600982666016 -0.5173950791358948
v 0.33974823355674744 4.145823001861572 0.4463425874710083
v 0.5381249189376831 4.4116668701171875 0.32850006222724915
v -0.0912037044763565 4.387906074523926 -0.22389167547225952
v -0.07310463488101959 5.2720417976379395 -0.4242534935474396
v 0.20340155065059662 4.3413543701171875 -1.0423099994659424
v 0.12887562811374664 5.412112712860107 -0.01759456843137741
v -0.37773674726486206 6.108151435852051 0.6680354475975037
v 0.11033593863248825 5.4745001792907715 -0.12555590271949768
v 0.7154454588890076 4.230281829833984 0.3092772960662842
v 0.17462553083896637 5.560218811035156 -0.27540692687034607
v 0.4361288249492645 4.558790683746338 0.3074112832546234
v 0.6609360575675964 5.084198951721191 0.8104006052017212
v 0.8966273665428162 5.973437309265137 0.2832503914833069
v -0.3073731064796448 4.917189121246338 -0.4638632833957672
v 1.0222036838531494 4.442259311676025 -0.28229615092277527
v 0.14249996840953827 5.428136348724365 -0.02671591378748417
v -0.005926293320953846 4.950826168060303 0.043999962508678436
v 0.569913387298584 5.773735523223877 0.1476171761751175
v 0.3165948987007141 4.144917964935303 0.4317183196544647
v 0.3484199345111847 6.423920154571533 0.10940003395080566
v -0.2995273172855377 4.9563398361206055 -0.2091638594865799
v 0.45810356736183167 5.598982810974121 -0.11431372910737991
v 0.8069766163825989 5.666051387786865 -0.6941777467727661
v 0.47541430592536926 5.952219009399414 0.3634631335735321
v -0.13364262878894806 4.361999988555908 -0.3899303078651428
v 1.1213557720184326 5.009371757507324 0.4367804229259491
v -0.036577258259058 4.204025745391846 -0.34690243005752563
v 1.0462408065795898 4.176000118255615 -0.06005958467721939
v 0.8001320362091064 5.943181037902832 0.2638282775878906
v 0.16208910942077637 4.7266740798950195 -1.2422394752502441
v -0.14211367070674896 6.212133407592773 0.5002400875091553
v -0.13457843661308289 4.364762306213379 -0.4081273376941681
v -0.045063234865665436 5.981435298919678 0.7190969586372375
v 0.7885549664497375 5.742959499359131 0.8238029479980469
v -0.04666051268577576 6.289027690887451 0.7994790077209473
v 1.013286828994751 4.1943230628967285 -0.6650055050849915
v 0.3171859085559845 5.59230899810791 0.30856794118881226
v 0.2394820749759674 4.833867073059082 -1.2913817167282104
v 0.12506353855133057 5.463410377502441 -0.15430645644664764
v -0.19894611835479736 6.00318717956543 0.7033132314682007
v 0.8813121914863586 5.7877421379089355 0.11729618906974792
v 0.9059895277023315 5.785534381866455 0.8504790663719177
v -0.15014290809631348 5.994472026824951 0.7125280499458313
v 0.02833578549325466 4.185586452484131 0.09283582866191864
v 0.20493169128894806 6.2004804611206055 -0.24158160388469696
v -0.3484085202217102 6.082945346832275 0.6727219820022583
v -0.05319259315729141 4.203499794006348 -0.285922110080719
v 0.13804079592227936 5.545173168182373 -0.2273874133825302
v -0.03145286813378334 6.285155296325684 0.8013310432434082
v -0.14276106655597687 4.455191135406494 -0.7346946001052856
v 1.0744805335998535 5.146542072296143 -0.36157116293907166
v -0.24227991700172424 4.703671932220459 -0.5177964568138123
v 0.407880961894989 5.385536193847656 0.7009133696556091
v 0.10225942730903625 5.463780879974365 -0.15575721859931946
v 0.2495962679386139 5.616390228271484 -0.2893173098564148
v -0.057405345141887665 4.18154764175415 -0.10374312847852707
v 0.2574809193611145 4.849667549133301 -1.3033061027526855
v 0.5080275535583496 6.109602451324463 0.006759879644960165
v 0.18129102885723114 6.022751808166504 0.4155154526233673
v 0.1314014047384262 5.443194389343262 -0.026928598061203957
v 1.165561556816101 4.558548450469971 -0.6488306522369385
v -0.12815119326114655 4.463710784912109 -0.781263530254364
v -0.23705197870731354 5.08824348449707 -0.5106948614120483
v 0.12264377623796463 5.494156360626221 -0.2009478062391281
v 1.0155103206634521 4.251784324645996 -0.07866319268941879
v -0.13496126234531403 4.371654987335205 -0.4405040442943573
v -0.22128082811832428 6.260043621063232 0.5194298028945923
v 0.805044412612915 5.593438148498535 0.9626294374465942
v 0.7827951312065125 5.8641533851623535 0.2562178373336792
v 0.8152027726173401 5.659797191619873 -0.6690400242805481
v 0.2180715799331665 5.571224689483643 -0.29558148980140686
v 0.4535948932170868 4.417945384979248 0.38372740149497986
v 0.8954041004180908 5.973381996154785 0.2830280363559723
v 0.4409533143043518 6.084118366241455 0.6719045639038086
v 1.0576428174972534 5.350821495056152 0.3107852041721344
v 0.7862107157707214 5.858694076538086 0.25566530227661133
v -0.30612942576408386 4.939154624938965 -0.302510142326355
v 0.6409747004508972 5.079261302947998 -1.2886536121368408
v 0.9264106154441833 6.038321495056152 0.4018748998641968
v 0.6935712099075317 4.331399440765381 0.2667616009712219
v -0.23606127500534058 4.716886043548584 -0.5606933236122131
v 1.0137641429901123 4.72734260559082 -0.23632143437862396
v 0.1441904753446579 6.250075340270996 -0.286247581243515
v 0.23303109407424927 5.603592395782471 -0.2897282838821411
v 0.2017873078584671 4.710599422454834 0.24951379001140594
v 1.1699460744857788 4.5581488609313965 -0.6688655018806458
v 0.428160697221756 4.322750091552734 -1.2807856798171997
v 0.16389691829681396 5.537326335906982 -0.23642712831497192
v 0.07463684678077698 5.005136966705322 0.3040532171726227
v 0.09788984805345535 5.045060634613037 -1.1285239458084106
v 0.07966112345457077 5.043038368225098 -1.10357666015625
v -0.3990201950073242 6.4641571044921875 0.6497983336448669
v 0.4374261796474457 5.639470100402832 -0.9159332513809204
v 0.9796677231788635 4.362664699554443 -0.8321608304977417
v -0.036121170967817307 5.115076065063477 0.0077019184827804565
v -0.09189783036708832 5.270837306976318 -0.556303858757019
v 0.10521981865167618 4.581245422363281 -1.1663058996200562
v 0.2983013987541199 6.103537082672119 0.190261572599411
v -0.07897793501615524 5.274782657623291 -0.4703899025917053
v 0.11710390448570251 4.6200785636901855 -1.1884058713912964
v 0.9650432467460632 4.437638759613037 -0.22373399138450623
v 0.5966148972511292 5.8686203956604 0.2049563080072403
v 0.01326992828398943 6.118900299072266 0.4674500524997711
v 0.7754009962081909 5.6228532791137695 0.09653910249471664
v 0.10964836180210114 5.5053606033325195 -0.19865727424621582
v 0.9833312630653381 5.001489162445068 0.6639838814735413
v 0.9933456778526306 4.399901866912842 -0.16212162375450134
v 0.604053258895874 6.003485679626465 0.1639184206724167
v 0.493774950504303 5.076848030090332 -1.2965941429138184
v 0.2837252616882324 4.797689914703369 -1.278485655784607
v 0.2983226776123047 5.962172985076904 0.4021075665950775
v 0.5199571847915649 6.0586256980896 0.5692025423049927
v -0.044848404824733734 4.20419979095459 -0.3120042383670807
v 0.13279244303703308 4.179405689239502 0.1560140997171402
v 0.020433828234672546 6.185481071472168 0.797798752784729
v 0.7796542644500732 5.870936393737793 0.2560320198535919
v 0.3449895977973938 4.240070343017578 0.5106736421585083
v 0.15114255249500275 6.039184093475342 0.4225817322731018
v 1.0807651281356812 5.054074287414551 -0.9342609643936157
v -0.042481597512960434 4.4165425300598145 -0.15071038901805878
v 0.0986807569861412 5.418387413024902 0.030204514041543007
v 0.994002640247345 5.87674617767334 0.3164999485015869
v 0.2529999613761902 4.820021629333496 -1.2987825870513916
v 0.10761240124702454 4.250951290130615 -0.8664547204971313
v 0.529765784740448 4.264914035797119 -1.1026562452316284
v 1.0489696264266968 5.221591472625732 -0.5610178112983704
v 1.0902405977249146 5.101441860198975 -0.28450894355773926
v 0.5391730666160583 5.754413604736328 0.19667774438858032
v -0.10502375662326813 5.252142906188965 -0.6361662149429321
v 0.2084999531507492 5.590298175811768 -0.2889974117279053
v 0.3401891589164734 5.939996242523193 0.4148668944835663
v 0.4478030204772949 5.967103481292725 0.49370190501213074
v 0.8576894402503967 4.163238048553467 0.34711891412734985
v 0.26851192116737366 4.641488075256348 0.28460362553596497
v 0.242149218916893 5.616601943969727 -0.2961137294769287
v -0.3613695502281189 6.363584995269775 0.5407885909080505
v 1.0480060577392578 5.372127056121826 0.27466997504234314
v 0.20054224133491516 4.735432147979736 -1.28269624710083
v 0.39022380113601685 5.6434783935546875 0.6411925554275513
v 0.04679921269416809 4.382044792175293 -0.9253666400909424
v 1.292205810546875 5.472177028656006 0.6321165561676025
v 1.0221359729766846 4.375319480895996 -0.6112689971923828
v 0.03740771859884262 6.372964382171631 -0.3429359793663025
v 0.932347297668457 6.007314205169678 0.581588864326477
v 0.9968798756599426 5.0164594650268555 0.6539400815963745
v 0.49056899547576904 6.176723480224609 0.3052152693271637
v 0.7750506401062012 5.834958553314209 0.8622342348098755
v 0.849902868270874 5.879119396209717 0.8909702301025391
v 0.6013970375061035 5.673239707946777 0.10235954821109772
v 1.087349772453308 4.802403450012207 0.050242554396390915
v 0.11031294614076614 4.60093879699707 -1.1786882877349854
v 0.11982303112745285 5.447528839111328 -0.12999969720840454
v 1.0389753580093384 4.434518814086914 -0.32694482803344727
v 0.23897378146648407 6.182012557983398 -0.22001782059669495
v 0.839338481426239 4.4355926513671875 0.273152619600296
v 0.33817383646965027 4.824150562286377 0.6803008317947388
v 0.39901667833328247 4.338749885559082 0.43715015053749084
v 0.09950001537799835 5.473274230957031 -0.15189798176288605
v 1.0441033840179443 4.428620338439941 -0.3565691113471985
v 0.13254700601100922 5.455748081207275 -0.10791602730751038
v 0.9293110966682434 6.037705421447754 0.40347927808761597
v 0.3484359383583069 5.069127082824707 -1.2568966150283813
v 0.1068437322974205 5.490078449249268 -0.16214418411254883
v -0.03193742036819458 4.18214750289917 -0.006283870432525873
v 0.23503193259239197 6.177233695983887 0.7140780687332153
v 0.16714315116405487 4.373638153076172 0.13486021757125854
v 0.1467617005109787 5.15170955657959 0.4491543173789978
v 0.6749824285507202 6.054513931274414 0.34853488206863403
v 1.0726877450942993 5.726598739624023 0.15434378385543823
v 0.04674679413437843 6.170444011688232 0.7978174686431885
v -0.32604941725730896 6.066097736358643 0.6750159859657288
v 0.5091807842254639 6.019177436828613 0.6727348566055298
v 0.3146120011806488 4.407968521118164 0.35504859685897827
v 0.3617989122867584 4.283331871032715 0.4909348785877228
v 1.3341741561889648 5.592719078063965 0.5256289839744568
v 0.23384112119674683 5.586543560028076 -0.29725372791290283
v 1.1133311986923218 5.2088704109191895 0.10917553305625916
v 0.5826709866523743 5.414688587188721 -1.1706798076629639
v 0.13686341047286987 5.601672172546387 -0.5270063281059265
v 1.1145073175430298 4.648580551147461 -0.8373212218284607
v 0.09761690348386765 5.419508934020996 0.038002923130989075
v 1.0641967058181763 5.101409912109375 0.5838607549667358
v 0.7359071373939514 4.636923789978027 0.5082202553749084
v 0.4764648377895355 4.823268413543701 -1.5521541833877563
v 0.5181480646133423 6.241122722625732 0.12916158139705658
v -0.20500600337982178 4.7295026779174805 -0.7989486455917358
v 0.06685057282447815 4.77094841003418 0.03938966244459152
v 0.6385645270347595 5.595108985900879 -0.12556491792201996
v -0.015970341861248016 5.012752532958984 0.034787099808454514
v 0.2305169254541397 5.58693790435791 -0.3089678883552551
v 0.8507809042930603 5.300932884216309 0.7975912690162659
v 0.009441833011806011 4.187426567077637 0.0715644359588623
v 0.9982799291610718 5.42930793762207 -0.5260219573974609
v 0.16608670353889465 4.724928855895996 -1.2407927513122559
v -0.06845996528863907 4.202171325683594 -0.23679126799106598
v 0.4799320101737976 4.261819362640381 -1.103159785270691
v 0.053522709757089615 4.245274543762207 -0.8345847725868225
v 0.20235402882099152 6.202101707458496 -0.24308885633945465
v -0.1392640322446823 4.459471702575684 -0.7515618205070496
v 1.2542039155960083 4.820821285247803 -0.48429039120674133
v 0.9435752630233765 5.757483959197998 0.8510438799858093
v 1.1037728786468506 4.1514177322387695 -0.18002508580684662
v 0.31977808475494385 5.504170894622803 0.4763825833797455
v -0.05190832540392876 5.2542619705200195 -0.31448715925216675
v 0.12133437395095825 5.052700042724609 -1.1585676670074463
v 0.9997459650039673 4.847246170043945 0.5196652412414551
v 0.792349100112915 5.592674255371094 0.9654780626296997
v 0.10525687038898468 6.140182018280029 0.7855810523033142
v 0.7058965563774109 4.271371364593506 -1.0542317628860474
v 0.16752265393733978 4.173369407653809 0.21698282659053802
v 0.10798878967761993 5.976541042327881 0.7183117270469666
v -0.14436134696006775 4.431361675262451 -0.6165112257003784
v 0.09597676992416382 4.250500202178955 -0.862475574016571
v 0.4109932482242584 5.909233093261719 0.47018659114837646
v 0.5552590489387512 5.84991979598999 0.2276606261730194
v 0.13738609850406647 5.515989303588867 -0.19797690212726593
v 0.378570020198822 5.996016979217529 0.7026033997535706
v 0.8200805187225342 4.23262357711792 -0.9456185102462769
v 0.4429209530353546 4.255016326904297 -1.0956857204437256
v 0.10381996631622314 4.660837173461914 0.013797136954963207
v 0.8621571063995361 6.044187545776367 0.3720628619194031
v 1.1847938299179077 4.9004034996032715 -0.7711189389228821
v 1.153276801109314 4.143223285675049 -0.3819182515144348
v 0.7119883298873901 5.800333023071289 0.11433408409357071
v 0.0714263916015625 6.157238483428955 0.7946117520332336
v 0.5107021927833557 6.024883270263672 0.6620843410491943
v 0.7126781940460205 4.288151264190674 0.2874961197376251
v 0.2503506541252136 5.603404998779297 -0.29064926505088806
v 0.06019260361790657 5.431836128234863 -0.29286879301071167
v 0.11809524148702621 5.458491802215576 -0.08651594817638397
v 0.2575903832912445 4.819995403289795 -1.3047027587890625
v 1.1281096935272217 4.890769958496094 0.28564706444740295
v 0.5686942338943481 6.071197509765625 0.19001279771327972
v 0.33971214294433594 6.433287620544434 0.09416069835424423
v 0.15090645849704742 5.528027534484863 -0.21790644526481628
v 0.3942647874355316 4.417407512664795 0.39013025164604187
v 0.0960942804813385 4.250500202178955 -0.8625119924545288
v 1.0736082792282104 4.1939802169799805 0.2580956816673279
v 0.14452701807022095 4.666311740875244 -1.2439303398132324
v 0.150810107588768 4.708915710449219 -1.231990933418274
v 0.13654105365276337 5.442653656005859 -0.034773193299770355
v 0.904024064540863 4.211052894592285 -0.8443719744682312
v 0.19677935540676117 4.358566761016846 0.2328481823205948
v 0.12746697664260864 4.576854705810547 -0.003500075079500675
v 0.11448284238576889 5.441931247711182 -0.04563790187239647
v 0.031121836975216866 5.226833343505859 -1.0135613679885864
v 0.37464869022369385 5.632176876068115 0.25946933031082153
v 0.117453433573246 4.695509433746338 -1.2393385171890259
v 0.12448950856924057 5.462026119232178 -0.14848944544792175
v 0.20125333964824677 6.1920552253723145 0.723135769367218
v -0.027327658608555794 4.2358598709106445 -0.7037511467933655
v 1.0449999570846558 4.4274749755859375 -0.36169856786727905
v 0.6850262880325317 5.938305377960205 0.21154198050498962
v 1.014994502067566 5.783812046051025 0.341059148311615
v 0.4444511830806732 5.893434524536133 0.7013702988624573
v 0.4728719890117645 6.30884313583374 0.08997941762208939
v 0.4116566479206085 6.294737339019775 0.22401019930839539
v 0.31798669695854187 5.571486949920654 -0.06799118965864182
v 0.2550293803215027 5.524630069732666 -0.010979242622852325
v 0.49961578845977783 5.848076820373535 0.2687305212020874
v -0.06801880896091461 4.191188812255859 -0.183263897895813
v 0.15016624331474304 4.74399995803833 -1.2504236698150635
v 0.9671499133110046 5.489380836486816 0.14196407794952393
v 0.7229753136634827 5.800873279571533 0.1136266365647316
v 0.19409383833408356 4.767467498779297 -1.313305377960205
v 0.9394389390945435 4.779194355010986 -1.1019819974899292
v 0.14274004101753235 5.4334025382995605 -0.024951066821813583
v 0.744642436504364 5.668148994445801 -0.42014580965042114
v 0.8630364537239075 5.80815315246582 0.2688314914703369
v 0.9066664576530457 5.776319980621338 0.11942001432180405
v 1.2397633790969849 5.359021186828613 0.6082899570465088
v 0.3839133083820343 6.351723670959473 0.17834118008613586
v 0.3003453314304352 4.611876487731934 0.292360782623291
v 0.5096091628074646 5.615753650665283 0.830170750617981
v 1.0224891901016235 4.3734130859375 -0.6163251399993896
v 0.3102022409439087 4.6050519943237305 0.2938772737979889
v 1.1501582860946655 4.323604106903076 -0.2698681056499481
v 0.32494983077049255 5.482635498046875 0.5044345259666443
v 0.5904833674430847 6.0296430587768555 0.4111790657043457
v 0.3294059932231903 5.60394287109375 0.29232552647590637
v 1.0753740072250366 4.142749786376953 -0.13458207249641418
v 0.9509296417236328 5.749570369720459 0.8447271585464478
v 0.5906124711036682 4.7809247970581055 -1.3569360971450806
v 0.0615694634616375 5.435769557952881 -0.29601576924324036
v 0.12606927752494812 5.414419174194336 0.020491307601332664
v 0.3884071707725525 5.394436359405518 0.6845014691352844
v 0.2756229639053345 4.397705078125 0.3226231038570404
v 0.09299995005130768 4.492847919464111 -1.0950485467910767
v -0.04666384309530258 4.603941440582275 -0.082779161632061
v 0.15530729293823242 5.158355712890625 0.4714699983596802
v 0.5572503209114075 5.622958183288574 -0.960625171661377
v 0.2578715980052948 4.8159308433532715 -1.3128972053527832
v 1.095500111579895 4.1618804931640625 0.12503336369991302
v 0.977786660194397 4.511431694030762 -0.23657192289829254
v 0.19623905420303345 4.807034969329834 -1.31613028049469
v 0.18176989257335663 4.715116500854492 -1.2550030946731567
v 1.2303293943405151 5.80517053604126 0.5320658087730408
v 0.11079373955726624 5.420371055603027 -0.004726981744170189
v 0.20900008082389832 4.831147193908691 -1.320147156715393
v -0.06904355436563492 4.440499782562256 -0.8752748370170593
v 0.38166317343711853 6.13353157043457 -0.13680516183376312
v 0.1476333737373352 4.322612285614014 -0.9160523414611816
v 0.9722719192504883 5.783445835113525 0.3107718825340271
v 0.12956459820270538 5.5064005851745605 -0.21500922739505768
v 1.1280698776245117 4.271707057952881 0.2642177641391754
v 0.5475741028785706 5.760956764221191 0.16918933391571045
v 1.232567310333252 5.8029327392578125 0.5325134992599487
v 0.16596554219722748 4.420626640319824 0.0690833330154419
v 0.1858406364917755 6.28615665435791 0.05034051835536957
v 0.881176233291626 4.453680038452148 0.25677576661109924
v 0.6268550753593445 5.384746074676514 -1.1803134679794312
v 0.1246260330080986 5.49725341796875 -0.20557014644145966
v 1.0643988847732544 5.166252613067627 -0.3968726098537445
v 1.1890850067138672 5.690711498260498 0.2455851435661316
v 0.12633749842643738 5.490633964538574 -0.17217491567134857
v 1.089437484741211 4.161640644073486 0.053203802555799484
v 0.5293501019477844 4.3082404136657715 0.5139698386192322
v 0.03367533162236214 5.351902484893799 -0.2498764842748642
v 0.16350625455379486 5.544480800628662 -0.2638987898826599
v 0.4593034088611603 5.9293036460876465 0.34981656074523926
v 0.8388577103614807 6.026915073394775 0.5620853304862976
v 0.5004446506500244 5.986324310302734 0.6937961578369141
v 1.0877739191055298 5.10917854309082 -0.2971310615539551
v 0.8418960571289062 4.409909248352051 -1.0733925104141235
v 0.9609870314598083 6.0250067710876465 0.42399081587791443
v 0.6807900071144104 4.2791314125061035 -1.070525884628296
v 0.25106722116470337 5.963139057159424 0.7092292904853821
v -0.006634487304836512 5.25530481338501 -0.9518895745277405
v 0.012397602200508118 6.268678665161133 0.7939236164093018
v 0.5559411644935608 5.6734185218811035 0.10606991499662399
v 0.447300523519516 5.720460414886475 -0.3729601800441742
v 0.034026045352220535 6.177725315093994 0.7977046966552734
v 1.0846112966537476 4.356054782867432 -0.18493293225765228
v 0.10656412690877914 5.449085712432861 -0.10866321623325348
v 0.4660066068172455 5.636402606964111 -0.9255185127258301
v 0.24501873552799225 4.1494951248168945 0.35352522134780884
v 0.12297376245260239 5.517664432525635 -0.22214487195014954
v 0.4578876495361328 5.072999954223633 -1.2892454862594604
v 0.19873711466789246 5.551907539367676 -0.2720355689525604
v 0.19649995863437653 5.577648162841797 -0.2751585841178894
v 0.3905404508113861 5.485243320465088 -1.0737675428390503
v 0.6916542649269104 6.066273212432861 0.5238847732543945
v -0.005233888980001211 4.941407203674316 0.04426613822579384
v 0.42883235216140747 5.6362223625183105 0.7305762767791748
v 0.25903502106666565 5.6759514808654785 -0.5423687696456909
v 0.5867869853973389 6.024888515472412 0.18716326355934143
v 0.8770144581794739 5.596083164215088 0.9390414953231812
v 0.6831484436988831 4.3582072257995605 0.25154802203178406
v 0.673872172832489 4.412023067474365 0.2354622632265091
v 0.09365636855363846 4.511250972747803 -1.1109226942062378
v 1.0479059219360352 4.406311988830566 -0.47298216819763184
v 0.12328322976827621 5.515047073364258 -0.21990588307380676
v 0.16121786832809448 4.691914081573486 -1.2412285804748535
v 0.17751707136631012 6.220155715942383 -0.2586551606655121
v 0.7883036136627197 5.789235591888428 0.8581371903419495
v 0.12753818929195404 6.359461784362793 -0.022536568343639374
v 0.7807507514953613 5.86854362487793 0.25722819566726685
v 0.025431685149669647 6.527785778045654 -0.20614030957221985
v 1.259916067123413 5.565636157989502 0.720318078994751
v 1.0138647556304932 5.742414474487305 0.13534681499004364
v 0.5413267612457275 4.2646098136901855 -1.101439356803894
v 0.9672364592552185 5.425094127655029 -0.22700007259845734
v 1.1130744218826294 4.751772403717041 -0.8325790166854858
v -0.23489850759506226 5.088520526885986 -0.5023300647735596
v 0.17176160216331482 6.305636882781982 0.03577618673443794
v 0.07748755812644958 6.400005340576172 -0.1030212938785553
v 0.19435937702655792 4.732261657714844 -1.2747504711151123
v 0.94117671251297 5.760436058044434 0.8545494675636292
v 0.660618782043457 6.058176517486572 0.37132126092910767
v 1.303452491760254 5.521998882293701 0.6851418614387512
v 0.4547317624092102 5.924731731414795 0.3455497920513153
v 0.07104742527008057 4.477809429168701 -0.036119118332862854
v 0.3985148072242737 4.572048664093018 0.30482253432273865
v 0.20032967627048492 4.342840194702148 -1.03975510597229
v -0.34870508313179016 6.4660325050354 0.7150613069534302
v 1.1560941934585571 4.94902229309082 0.25597766041755676
v 0.4924638271331787 5.98050594329834 0.7003107070922852
v 0.52492755651474 6.224644660949707 0.13663151860237122
v 0.6964948773384094 4.325143337249756 0.2701278030872345
v 1.114744782447815 4.2430806159973145 0.26901453733444214
v 0.2519761919975281 6.175751686096191 -0.21221017837524414
v 1.0625325441360474 4.1528778076171875 0.24547860026359558
v 0.3322381377220154 4.413114070892334 0.36343908309936523
v 0.18251170217990875 5.164951324462891 0.5090605020523071
v 0.9064074158668518 4.458920955657959 0.24147412180900574
v 0.1105051189661026 4.601515293121338 -1.1790084838867188
v 0.2151581346988678 4.833780288696289 -1.2982734441757202
v 0.14346832036972046 4.727185249328613 -1.2818676233291626
v 1.065672516822815 4.152578830718994 0.2411424219608307
v 0.02306133322417736 5.2312469482421875 -1.0028144121170044
v 0.8066644668579102 5.839034080505371 0.8794335126876831
v -0.11877333372831345 5.212872505187988 -0.7150776982307434
v -0.30161064863204956 6.049073696136475 0.6770972609519958
v 1.2932374477386475 5.545664310455322 0.7091642022132874
v 1.0816749334335327 4.366479873657227 -0.19156737625598907
v -0.09734715521335602 5.264689922332764 -0.5920129418373108
v 0.41393816471099854 5.916595458984375 0.470427006483078
v 1.060170292854309 4.912981986999512 0.49350598454475403
v 0.16853676736354828 4.444869041442871 -1.3003530502319336
v 0.11592049896717072 5.467374801635742 -0.1707840859889984
v 0.19109715521335602 4.793164253234863 0.4989182651042938
v 0.1167755275964737 5.4681901931762695 -0.17238780856132507
v 0.07482697069644928 5.005326747894287 0.30690404772758484
v 0.9601315259933472 5.294416427612305 0.730078935623169
v 0.11340191215276718 5.435697078704834 -0.09080464392900467
v 0.21892865002155304 4.694751739501953 0.26234593987464905
v 1.0380271673202515 5.906754016876221 0.3188972771167755
v 0.697334885597229 4.63320255279541 0.5267372727394104
v 0.32822883129119873 4.221242904663086 -0.9790074229240417
v 0.46120962500572205 4.4095001220703125 -1.353225827217102
v 0.8500232100486755 5.594169616699219 0.9499908089637756
v 0.2885186970233917 4.804323673248291 -1.2842199802398682
v 0.12942549586296082 5.415009498596191 -0.025434868410229683
v 1.0932005643844604 5.962939739227295 0.48618021607398987
v 0.1383943110704422 6.120595932006836 0.7792170643806458
v 0.5603471398353577 5.428006172180176 -1.1661412715911865
v 0.22093068063259125 4.3341288566589355 -1.0558812618255615
v 0.11231217533349991 6.374688148498535 -0.044781796634197235
v 0.4416068196296692 6.34573221206665 0.06269637495279312
v 1.155256986618042 5.149756908416748 0.2239249050617218
v 1.066571831703186 5.098617076873779 -0.9531663060188293
v 0.9878113865852356 4.350812911987305 -0.8006904721260071
v 0.40301749110221863 5.640218257904053 0.678989052772522
v 0.3115561306476593 5.579797744750977 0.3329947888851166
v 0.12556228041648865 4.70447301864624 -1.2403193712234497
v 1.0862706899642944 4.999326705932617 -0.19674398005008698
v 0.5615426898002625 4.408510684967041 0.3085440695285797
v 0.36437755823135376 6.137179374694824 -0.14717446267604828
v 0.6380800604820251 4.737685203552246 -1.3497962951660156
v 0.11466953158378601 4.348269939422607 -0.9212363362312317
v 0.17425064742565155 5.540894985198975 -0.25127869844436646
v 0.8934078812599182 5.29860782623291 0.7720526456832886
v 1.0974804162979126 5.0603742599487305 -0.23293331265449524
v 0.2574763298034668 5.601877212524414 -0.30315518379211426
v 0.20097996294498444 5.062404632568359 -1.2039296627044678
v 0.43406686186790466 4.1371989250183105 0.4733010232448578
v 0.22782088816165924 6.187366008758545 -0.2276018261909485
v 0.3132396638393402 4.817724227905273 0.6636197566986084
v 0.22101649641990662 5.575275897979736 -0.30032777786254883
v 0.3218538761138916 5.949118137359619 0.4084090292453766
v 0.68853360414505 6.043949604034424 0.3259272277355194
v -0.03619496524333954 4.202805042266846 -0.39781516790390015
v 0.3717045187950134 4.830970764160156 -1.5422353744506836
v 0.1585341840982437 5.530564785003662 -0.23829251527786255
v 0.963385820388794 4.436728477478027 -0.21571622788906097
v 0.20987734198570251 4.8058576583862305 -1.277857780456543
v 0.9964317083358765 4.195896148681641 -0.6926454901695251
v 0.14717653393745422 4.786694049835205 0.41290029883384705
v 0.2609204053878784 4.145730972290039 0.37495794892311096
v 0.13906383514404297 4.724787712097168 -1.2754919528961182
v 0.0904729813337326 4.250500202178955 -0.8607674241065979
v 0.5472419261932373 4.131478309631348 0.46906453371047974
v 0.9437233209609985 4.1650590896606445 0.33046942949295044
v -0.23730666935443878 4.97655725479126 -0.10697807371616364
v 0.013841274194419384 5.165177345275879 -0.10536596924066544
v -0.3665895462036133 6.098140716552734 0.6702350974082947
v -0.2790290117263794 4.966156959533691 -0.16113661229610443
v 0.24409356713294983 4.149746894836426 0.35230517387390137
v -0.039903610944747925 4.200894355773926 -0.44336044788360596
v 0.9980449080467224 6.004472732543945 0.4490269124507904
v 0.19860424101352692 5.6351518630981445 -0.521270215511322
v 0.11424362659454346 5.409628391265869 0.012725339271128178
v 0.9627284407615662 4.39369535446167 -0.9207005500793457
v 0.21616032719612122 5.061464786529541 -1.208351492881775
v 0.9456467032432556 4.292839050292969 0.35205984115600586
v 0.5579734444618225 6.087883949279785 0.07500948011875153
v 0.18887728452682495 6.510041236877441 -0.09550796449184418
v 0.23721721768379211 5.5881028175354 -0.3048895299434662
v 0.1275261640548706 4.7099738121032715 -1.2762330770492554
v -0.30737289786338806 4.9358391761779785 -0.31701743602752686
v 0.9494763016700745 4.403194427490234 -0.9563764333724976
v -0.06720545142889023 4.598541736602783 -0.08616942912340164
v 0.49155378341674805 4.131524085998535 0.47699999809265137
v 0.9891375303268433 4.707673072814941 -1.011397123336792
v 0.23045697808265686 4.8424553871154785 -1.2944563627243042
v 0.5711967945098877 6.061000823974609 0.1931358128786087
v 1.110735535621643 4.866529941558838 0.29522040486335754
v 0.3667718470096588 4.832424163818359 0.6959632039070129
v 0.5776327252388 4.789401531219482 -1.542805552482605
v 1.0223373174667358 4.368994235992432 -0.6331081986427307
v 0.17367328703403473 4.7691144943237305 -1.258795976638794
v 0.4442967474460602 5.893083095550537 0.7011032700538635
v 0.1296398937702179 5.412800312042236 -0.017800593748688698
v 0.12753131985664368 5.500046253204346 -0.17649990320205688
v 0.98794025182724 4.542072772979736 -0.24087566137313843
v 0.4802547097206116 5.075654983520508 -1.2934129238128662
v 1.1205040216445923 4.880677700042725 0.02833053283393383
v 0.8046402931213379 5.667024612426758 -0.6994342803955078
v 0.9109650254249573 4.415999889373779 -1.0161840915679932
v 1.157368779182434 5.703495979309082 0.21458186209201813
v 0.13417832553386688 5.531449794769287 -0.20535165071487427
v 0.972350537776947 4.6392502784729 0.16664978861808777
v 0.8614946007728577 4.853820323944092 -1.1581140756607056
v 0.45916783809661865 5.363622665405273 0.7324719429016113
v -0.3468794524669647 6.081710338592529 0.6728985905647278
v 1.3056896924972534 5.500854015350342 0.5995888113975525
v 0.30275776982307434 6.154595851898193 -0.18323640525341034
v -0.05281835421919823 5.254969596862793 -0.31792500615119934
v 0.38759705424308777 5.921775817871094 0.45053353905677795
v 0.12101051956415176 5.454253196716309 -0.08136878907680511
v 1.0678203105926514 4.169507026672363 -0.007697680965065956
v -0.23754093050956726 6.422703742980957 0.7901976108551025
v 0.23879215121269226 4.83597993850708 -1.2916404008865356
v 0.965687096118927 4.754344940185547 -1.0518341064453125
v 0.1512516885995865 5.543580055236816 -0.22402077913284302
v 0.6934131383895874 5.691029071807861 -0.8666180968284607
v 0.13846488296985626 5.4407734870910645 -0.07105083018541336
v 0.1789623498916626 5.540980815887451 -0.26005029678344727
v -0.2403552383184433 6.271313190460205 0.5239829421043396
v 0.28766024112701416 6.123401165008545 0.17710287868976593
v 0.12238490581512451 5.517848491668701 -0.2211880087852478
v 1.148954153060913 4.5705342292785645 -0.770254373550415
v 1.058469295501709 4.181767463684082 -0.592798113822937
v 0.1364113986492157 4.332279682159424 -0.9177133440971375
v 0.9370409250259399 4.229904651641846 0.3784182369709015
v 0.9326092004776001 5.3613409996032715 -0.8417543768882751
v 0.46650952100753784 6.121633529663086 -0.050602030009031296
v 0.22965092957019806 4.787291049957275 -1.320028305053711
v 1.0205180644989014 4.703200340270996 0.11521553993225098
v 0.8353535532951355 5.881823539733887 0.890705943107605
v 0.10481689870357513 5.313290119171143 0.2956225574016571
v 0.23456543684005737 5.5132975578308105 0.018636876717209816
v 0.9844956398010254 5.850815296173096 0.3141801953315735
v 0.177031010389328 4.169658660888672 0.24907445907592773
v 0.2044999897480011 4.7384233474731445 -1.277677297592163
v 0.7084406018257141 4.908115386962891 0.7610575556755066
v 1.0926449298858643 4.213354587554932 0.2672095000743866
v 0.15097907185554504 5.5530524253845215 -0.2391986846923828
v 1.002038836479187 5.023548603057861 0.6484635472297668
v 0.20226509869098663 4.161683559417725 0.2957598567008972
v 0.27685847878456116 4.397969722747803 0.3238586187362671
v 0.7940836548805237 5.804404258728027 0.1136913001537323
v 0.8381083607673645 5.301000118255615 0.8054500222206116
v 0.19188977777957916 5.578733921051025 -0.2871694266796112
v 0.14698350429534912 4.660618782043457 -1.2488977909088135
v 0.38888657093048096 6.393211841583252 0.03209009766578674
v -0.02483549900352955 6.459080696105957 -0.3140471875667572
v 0.24731464684009552 5.600500106811523 -0.30918529629707336
v 1.097116470336914 5.067287921905518 -0.24093839526176453
v 0.20307618379592896 5.165500164031982 0.5346487164497375
v 0.14578582346439362 5.517403602600098 -0.22399994730949402
v 0.5336155891418457 4.26481294631958 -1.1022510528564453
v 0.31987860798835754 4.619077682495117 -1.5028053522109985
v -0.2542804479598999 4.682750701904297 -0.4470333456993103
v 0.18442639708518982 4.754062652587891 -1.2535735368728638
v 0.6077977418899536 4.54262113571167 -1.4794851541519165
v 1.0727680921554565 5.972492694854736 0.4789057672023773
v 1.0253163576126099 4.175380706787109 -0.10325416922569275
v 0.11099997907876968 5.510003566741943 -0.2033107429742813
v 0.7021995186805725 4.625593662261963 -1.3171772956848145
v 0.3266626000404358 4.81928014755249 0.6705605387687683
v 0.20098264515399933 4.756874084472656 -1.3075631856918335
v 1.092257022857666 5.0331926345825195 -0.2110137790441513
v 0.11457597464323044 5.422226905822754 -0.02639409527182579
v -0.07064040005207062 4.200613975524902 -0.22869274020195007
v 0.7052612900733948 4.308846950531006 0.2794787883758545
v 0.1752641201019287 4.995452880859375 0.4746933579444885
v 0.16600356996059418 4.173748970031738 0.20976704359054565
v 0.9926053881645203 4.567342281341553 -0.2422763705253601
v 1.095500111579895 4.1620001792907715 0.11212238669395447
v 0.13563081622123718 5.5235090255737305 -0.2341926544904709
v 0.16638585925102234 4.306695461273193 -0.9109797477722168
v 1.1225354671478271 5.942399978637695 0.4973706007003784
v -0.221514031291008 6.415010452270508 0.7930001020431519
v 0.8245271444320679 5.593825340270996 0.9575243592262268
v 1.0031708478927612 4.690550804138184 -0.9966435432434082
v -0.3030317723751068 4.918979167938232 -0.4364459812641144
v 1.0558435916900635 5.731757164001465 0.14802879095077515
v -0.05249997228384018 4.2179694175720215 -0.6086193323135376
v 0.6333093047142029 4.138652324676514 0.4400847554206848
v 0.033877380192279816 5.353519439697266 -0.25088706612586975
v 1.23936927318573 5.358407974243164 0.6071081757545471
v 0.6422811150550842 5.078840255737305 0.8130797743797302
v -0.20388415455818176 5.10457706451416 -0.23107093572616577
v 0.09935490041971207 5.4680681228637695 -0.1537579894065857
v 1.24618661403656 4.81074857711792 -0.4688732922077179
v 0.149012491106987 4.671724796295166 -1.2740250825881958
v 1.0948196649551392 5.023845672607422 -0.9143311381340027
v 0.9476959705352783 5.506971836090088 0.12968406081199646
v -0.08467023074626923 4.4440507888793945 -0.8596935868263245
v 0.18593913316726685 4.744174003601074 -1.2514365911483765
v 0.9606198668479919 4.634512424468994 0.16913089156150818
v 0.6414725184440613 5.3195695877075195 0.833143413066864
v 0.3316461443901062 4.593899726867676 0.2982615828514099
v -0.3035716414451599 4.918619155883789 -0.4397752285003662
v 1.0622721910476685 4.877529621124268 -0.19861753284931183
v 0.82587730884552 5.784930229187012 0.8597411513328552
v 0.16574469208717346 4.697094440460205 -1.239389181137085
v 0.1089167520403862 5.5058135986328125 -0.19764691591262817
v 0.22311638295650482 4.333134174346924 -1.058789849281311
v 0.3846297860145569 4.576511859893799 0.30383065342903137
v 0.30529171228408813 4.8249921798706055 -1.3024922609329224
v 0.20238250494003296 4.822744846343994 -1.3106175661087036
v 0.1305820345878601 5.0560173988342285 -1.1670864820480347
v 0.2869457006454468 6.124734878540039 0.17619800567626953
v 0.19357255101203918 4.7290239334106445 -1.2790125608444214
v 0.7872049808502197 5.100879192352295 0.7579938173294067
v 0.13352201879024506 5.413401126861572 -0.0006606383831240237
v 0.29301536083221436 4.61798620223999 0.2907538414001465
v 0.3710736632347107 5.969182014465332 0.272988498210907
v 1.0494282245635986 5.082820892333984 0.5991076231002808
v 0.2082366794347763 5.580845355987549 -0.2797454595565796
v 0.09034698456525803 5.216764450073242 -1.1020352840423584
v -0.02172601781785488 5.034958839416504 0.028773946687579155
v 1.06730055809021 5.1604390144348145 -0.38559821248054504
v 0.20907044410705566 6.1978936195373535 -0.23916731774806976
v 0.21698883175849915 4.842044353485107 -1.3283886909484863
v 0.7649924159049988 4.250669002532959 -1.0052845478057861
v 0.5202701687812805 4.823286056518555 -1.3564743995666504
v 0.2256026268005371 4.449702262878418 -1.3440673351287842
v 0.35578039288520813 5.433484077453613 0.5990771055221558
v 0.1284690648317337 5.486448287963867 -0.17649990320205688
v 0.31099069118499756 5.065953731536865 -1.2438302040100098
v 0.08374626934528351 6.320483684539795 -0.32997170090675354
v 0.9983299970626831 5.329429626464844 -0.08815103769302368
v 0.46421509981155396 5.860142707824707 0.2922655940055847
v 1.0831637382507324 5.126972198486328 0.5650979280471802
v 0.6845134496688843 5.07423210144043 -1.2402054071426392
v -0.09139705449342728 5.271585941314697 -0.550382137298584
v 0.20890125632286072 4.829961776733398 -1.3040987253189087
v 0.5090001225471497 6.013831615447998 0.6803880333900452
v 0.18518657982349396 5.165218830108643 0.5114678740501404
v 0.12024044990539551 5.431758880615234 -0.09175785630941391
v -0.3045000433921814 4.943655490875244 -0.2776607275009155
v 0.16418330371379852 4.769683361053467 0.2194499522447586
v 1.0369131565093994 4.412224769592285 0.07519122958183289
v 0.9138229489326477 5.46726131439209 -0.09880521148443222
v 0.1722586303949356 4.771500110626221 -1.259842038154602
v 0.34057125449180603 6.013593673706055 0.709241509437561
v 1.2093101739883423 4.715775966644287 -0.5440698862075806
v 0.5634714365005493 4.262334823608398 -1.0957584381103516
v 0.243393212556839 5.601048469543457 -0.2902281880378723
v 0.29552051424980164 5.064547061920166 -1.238673448562622
v 0.6946572065353394 4.274765968322754 -1.0611939430236816
v 0.851235032081604 4.4414567947387695 0.26914793252944946
v 0.19932661950588226 5.567740440368652 -0.29887476563453674
v 0.3423722982406616 5.615185737609863 0.28131452202796936
v 0.17021363973617554 4.711000919342041 -1.2861101627349854
v 0.9952306151390076 5.463613510131836 0.1640748232603073
v 1.1562159061431885 5.119068145751953 0.16486282646656036
v 0.4934099316596985 5.9692277908325195 0.37213656306266785
v 0.8697168231010437 5.748273849487305 0.8312358856201172
v 0.2545018494129181 4.816999912261963 -1.3311636447906494
v -0.07084352523088455 4.197718143463135 -0.20320096611976624
v 0.2488599270582199 5.5961689949035645 -0.30254441499710083
v 0.10999231040477753 5.484368324279785 -0.1899728924036026
v -0.06478257477283478 5.264313697814941 -0.36944401264190674
v -0.23883122205734253 5.0880208015441895 -0.5173669457435608
v -0.3799063563346863 6.383370876312256 0.5439290404319763
v 1.129577398300171 4.761957168579102 -0.7887367010116577
v 0.17760321497917175 5.566800594329834 -0.2730139195919037
v 0.25430452823638916 5.603065013885498 -0.2913113832473755
v 0.12850654125213623 5.464697360992432 -0.12022355198860168
v 1.0123239755630493 5.313440799713135 -0.08484305441379547
v 0.24154682457447052 4.7993927001953125 -1.288228154182434
v 0.22107279300689697 4.155975818634033 0.32251784205436707
v 0.7733820080757141 4.247264862060547 -0.9971178770065308
v 0.4296145737171173 5.641445159912109 0.218275249004364
v 0.16308443248271942 5.555163383483887 -0.2656741738319397
v 0.5472769737243652 6.1531524658203125 0.17055393755435944
v 1.086856722831726 5.038857936859131 -0.9242386221885681
v 0.5095911026000977 6.020716190338135 0.6698625683784485
v 0.1270633041858673 5.4961652755737305 -0.2002783864736557
v 0.3659669756889343 5.418365955352783 0.6343680024147034
v 0.6183056235313416 4.137271404266357 0.44655054807662964
v 0.1952008754014969 4.80694580078125 -1.3149439096450806
v 1.334908366203308 5.564294338226318 0.5502973198890686
v 0.6768417954444885 4.634695053100586 0.5384387969970703
v 0.320574551820755 5.493821144104004 0.49002206325531006
v 0.3326922655105591 4.821831226348877 0.675662636756897
v 0.9458972215652466 4.40568208694458 -0.9648366570472717
v 1.2975660562515259 5.5428619384765625 0.7063737511634827
v 0.764735221862793 4.9095611572265625 0.7571834921836853
v 0.4434395432472229 4.556353569030762 0.3071066439151764
v 1.0809965133666992 4.36810827255249 -0.1928565800189972
v -0.1378643959760666 4.4114155769348145 -0.5404753684997559
v 0.25920140743255615 4.8047709465026855 0.6197847723960876
v -0.06726818531751633 4.202499866485596 -0.24179299175739288
v 0.8131547570228577 5.526827335357666 -0.10938183218240738
v 0.10586946457624435 5.490635871887207 -0.18983131647109985
v 1.0244877338409424 4.1754560470581055 -0.10419578105211258
v 0.18910522758960724 4.723718643188477 -1.2820838689804077
v 0.4180945158004761 5.379993915557861 0.7060471773147583
v 0.36822423338890076 6.3947930335998535 0.145077645778656
v 1.1093401908874512 4.981680393218994 0.4592265188694
v 0.6794028282165527 4.146600246429443 0.40239715576171875
v -0.09178171306848526 6.30564022064209 0.792714536190033
v 0.5470964908599854 5.6729021072387695 0.11011026799678802
v 0.9628371596336365 5.9655680656433105 0.297236829996109
v 0.3878653645515442 4.830921173095703 -1.5430786609649658
v 1.1696348190307617 4.559122085571289 -0.6962873935699463
v 0.41054755449295044 5.849720478057861 0.658403217792511
v 0.9798851609230042 4.997498512268066 0.6663416624069214
v 0.5985958576202393 5.78262996673584 0.1357397437095642
v 0.6741929054260254 4.409456729888916 0.23618409037590027
v 0.1239900216460228 5.409733295440674 -0.006761872209608555
v 1.128676414489746 4.274587154388428 0.26285356283187866
v 0.6277056336402893 4.707915782928467 -1.4956634044647217
v 1.1505085229873657 4.14225435256958 -0.40503376722335815
v 0.12301661819219589 5.428014278411865 -0.08751234412193298
v 0.15987473726272583 4.504634380340576 -1.3481298685073853
v 0.4117963910102844 5.599037170410156 -0.10731492936611176
v 0.15498386323451996 4.795858860015869 0.21255233883857727
v 0.1625615358352661 4.788602828979492 0.44636964797973633
v 0.13600870966911316 5.508631706237793 -0.19128938019275665
v 0.37077805399894714 4.145143032073975 0.46078211069107056
v 0.5098536014556885 6.108899116516113 0.008937633596360683
v 0.5820279717445374 4.879616737365723 0.7723233103752136
v -0.05590645968914032 6.290635585784912 0.7982731461524963
v 0.3576764166355133 4.414662837982178 0.3796982169151306
v 0.5263299942016602 4.820143699645996 -1.3571476936340332
v 0.616308331489563 5.5950236320495605 -0.12257123738527298
v 0.5824903249740601 5.7777862548828125 0.1419844776391983
v 0.8292452692985535 6.028775215148926 0.5602248907089233
v 0.407431423664093 6.377180099487305 0.04352153092622757
v 0.2093503624200821 5.573721885681152 -0.2764701247215271
v -0.22337253391742706 4.727751731872559 -0.6536568999290466
v 1.111556887626648 5.23612117767334 0.11638637632131577
v 1.0827847719192505 5.31785249710083 0.37956953048706055
v -0.3085136413574219 4.931918621063232 -0.3365580439567566
v 0.6234695315361023 5.92174768447876 0.19656087458133698
v 0.7032927870750427 4.9075164794921875 0.7609999775886536
v 0.16124428808689117 4.69075345993042 -1.2418618202209473
v -0.026944827288389206 6.142014026641846 0.47639912366867065
v -0.17574961483478546 4.5269999504089355 -0.835813045501709
v 0.5473669767379761 4.572837829589844 -1.5331755876541138
v 0.2293628454208374 4.844322204589844 -1.2948426008224487
v 0.157793328166008 6.212029933929443 0.7286767363548279
v 0.1318254917860031 6.525135040283203 -0.13161630928516388
v 0.1994386464357376 4.795056343078613 -1.3238948583602905
v 0.857176661491394 4.751794338226318 0.6010881066322327
v 0.5474879145622253 5.08259916305542 -1.3037481307983398
v -0.23639459908008575 4.716267108917236 -0.5590271949768066
v 0.10978983342647552 6.234736442565918 0.751770555973053
v 0.125590518116951 5.530622482299805 -0.2078426331281662
v 0.5935835838317871 6.061465263366699 0.12895642220973969
v -0.21153764426708221 4.730500221252441 -0.7529591917991638
v 0.11977093666791916 5.512904644012451 -0.18379603326320648
v 0.7099177837371826 4.6338300704956055 0.5199028253555298
v 0.7167810201644897 4.465592861175537 -1.2384684085845947
v 0.7209545969963074 4.486896991729736 -1.2505565881729126
v 0.8153393864631653 4.420797824859619 0.27805766463279724
v 0.9444887638092041 4.285336017608643 0.3555961847305298
v 0.37176305055618286 6.385517597198486 0.15264016389846802
v 0.36855411529541016 6.409460067749023 0.017040029168128967
v 0.3199264109134674 5.506396770477295 0.4731186330318451
v 0.7171688079833984 4.245071887969971 0.3042594790458679
v 0.18990536034107208 5.572322845458984 -0.29058289527893066
v 0.5265907645225525 4.811710357666016 -1.5516630411148071
v -0.3844844102859497 6.388573169708252 0.5451776385307312
v 0.13244055211544037 4.724023818969727 -1.2562737464904785
v 0.3448927104473114 4.225512981414795 -1.0039057731628418
v 0.13576261699199677 5.430007457733154 -0.06788506358861923
v 0.12218296527862549 5.426179885864258 -0.07086306810379028
v 0.25042155385017395 4.388268947601318 0.2996826767921448
v 0.06710375100374222 6.40333890914917 -0.1204938068985939
v 0.5713553428649902 6.078429698944092 0.09555646032094955
v 0.9663638472557068 6.022562026977539 0.4276571273803711
v 0.4079943895339966 5.639999866485596 0.6905782222747803
v 0.4009685218334198 5.988603115081787 0.7048493027687073
v 0.37213727831840515 4.834003448486328 0.6986305117607117
v 0.21554000675678253 4.797508239746094 0.5464240908622742
v 0.17650339007377625 4.702541828155518 -1.2534857988357544
v -0.06440263986587524 4.202499866485596 -0.2546880841255188
v 0.2258581817150116 4.377115249633789 0.27165287733078003
v 0.7823448181152344 5.792665481567383 0.8584379553794861
v -0.03416641056537628 4.607519626617432 -0.08085297793149948
v 0.05991750955581665 6.403500080108643 -0.1312006115913391
v -0.18498417735099792 5.1063103675842285 -0.1324341744184494
v 1.0641870498657227 5.236935615539551 -0.6749906539916992
v 0.9031956195831299 5.297841548919678 0.7664936780929565
v 0.17653700709342957 5.562076091766357 -0.25158289074897766
v 0.337885320186615 4.824028491973877 0.6800568103790283
v 1.0863837003707886 5.113842010498047 -0.30482131242752075
v 0.4447669982910156 5.8941521644592285 0.7019157409667969
v 0.9530612230300903 5.604499816894531 0.8942925930023193
v -0.14138570427894592 5.149325847625732 -0.8096910715103149
v 0.1398066133260727 4.675159454345703 -1.2770495414733887
v 0.18940147757530212 5.165500164031982 0.5161022543907166
v 0.4615758955478668 4.597980976104736 -1.544339656829834
v 1.1241376399993896 4.8852925300598145 0.2878493070602417
v 0.9609889388084412 4.790077209472656 -1.0753885507583618
v 0.13350172340869904 5.453404903411865 -0.10713490098714828
v 0.10444416105747223 5.441808223724365 0.024752503260970116
v 0.094774030148983 5.425448417663574 0.02085222490131855
v 0.763329803943634 5.592055320739746 0.9698894619941711
v 0.17145074903964996 4.345855712890625 0.1527424156665802
v 1.1491166353225708 4.772605895996094 -0.7607668042182922
v 1.0613677501678467 4.873295307159424 -0.19961005449295044
v 0.9570602774620056 6.000479698181152 0.5873120427131653
v 0.2206093966960907 4.784523010253906 -1.3226115703582764
v 0.9902022480964661 4.706035137176514 -1.0100046396255493
v 1.2256883382797241 5.672924518585205 0.27864310145378113
v 0.14486569166183472 4.78808069229126 0.40504324436187744
v 1.154524564743042 4.777528285980225 -0.7499729990959167
v 0.4960998594760895 6.277522563934326 0.11041103303432465
v 0.13895802199840546 5.537836074829102 -0.21363021433353424
v 0.769574761390686 4.248896598815918 -1.0009251832962036
v 0.2222040891647339 5.600514888763428 -0.29159730672836304
v 0.4597068727016449 4.25832986831665 -1.099477767944336
v 0.7274754047393799 5.554941654205322 -1.0173057317733765
v 0.6811015009880066 5.075035095214844 -1.24783194065094
v 0.22054408490657806 5.597596168518066 -0.2896043062210083
v 0.11174244433641434 5.418759822845459 -0.001737806829623878
v 0.12405597418546677 5.440275192260742 -0.015118198469281197
v 0.9200981855392456 5.602066993713379 0.917134165763855
v 0.5291767120361328 4.307476997375488 0.5142821669578552
v 1.0514671802520752 5.8833770751953125 0.31722137331962585
v 0.3983447849750519 5.483931064605713 -1.0772758722305298
v 0.13863931596279144 4.715853214263916 -1.2381070852279663
v -0.02131311036646366 6.1387715339660645 0.4753749966621399
v 0.6639804840087891 6.058145999908447 0.3662901222705841
v -0.12061627209186554 6.328573703765869 0.7958616614341736
v 0.2208966314792633 5.504368782043457 0.03954756632447243
v -0.2291904091835022 4.723309516906738 -0.6073935031890869
v 0.21728390455245972 4.762742042541504 -1.3046289682388306
v -0.04218781366944313 4.416749954223633 -0.15031294524669647
v 0.048315390944480896 5.979000091552734 0.7239053249359131
v 1.1158638000488281 4.991071701049805 -0.8841147422790527
v 0.13837432861328125 5.531138896942139 -0.20752747356891632
v 1.0541847944259644 5.229237079620361 -0.6191622614860535
v 1.0028249025344849 4.350352764129639 -0.12230204790830612
v 1.0358130931854248 5.910195827484131 0.31849125027656555
v 0.2044999897480011 4.737234592437744 -1.279731035232544
v 0.045760609209537506 4.243860244750977 -0.8252007961273193
v 0.13769502937793732 5.44276237487793 -0.04767945036292076
v -0.03306034952402115 6.491943836212158 -0.2812974154949188
v 0.4970206320285797 5.84859561920166 0.2702876329421997
v 0.7118822336196899 4.446222305297852 -1.227495551109314
v 1.0616281032562256 5.23573637008667 -0.6610124111175537
v 0.14592836797237396 4.787443161010742 0.4086562991142273
v 0.12699520587921143 5.443625450134277 -0.022374585270881653
v 0.1751631498336792 4.704105377197266 -1.2662590742111206
v 0.46193811297416687 6.211791038513184 0.2797297239303589
v 1.0115952491760254 5.996702194213867 0.4572311341762543
v 0.3325657546520233 5.461480140686035 0.5381448864936829
v 0.19099639356136322 5.552140712738037 -0.25949278473854065
v 1.3032050132751465 5.527198314666748 0.6910836696624756
v 0.5862724184989929 4.663427352905273 0.5937426090240479
v 0.732671320438385 4.261974334716797 -1.033341407775879
v 0.1056612953543663 5.464560508728027 -0.12121714651584625
v -0.006131995003670454 4.95363712310791 0.043999962508678436
v 0.8215950727462769 5.593541622161865 0.9583757519721985
v -0.3909030854701996 6.3958892822265625 0.5468101501464844
v 1.1448229551315308 4.91334342956543 0.276197224855423
v 0.16747720539569855 4.768213272094727 -1.2646242380142212
v -0.02853340469300747 6.2118048667907715 0.8055082559585571
v 0.12739211320877075 5.4527153968811035 -0.12876462936401367
v 0.14174729585647583 6.044015884399414 0.42472919821739197
v 0.9106389284133911 4.613083362579346 0.1781611442565918
v 0.42400431632995605 6.090135097503662 0.6733174920082092
v 0.34704726934432983 5.722015857696533 -0.5818382501602173
v 0.9892110228538513 5.333525657653809 -0.7420693635940552
v 0.9674083590507507 4.430326461791992 -0.20444871485233307
v 0.6867715716362 4.662461757659912 -1.3289897441864014
v 0.24858753383159637 5.618297576904297 -0.30918896198272705
v 0.21440289914608002 4.759528636932373 -1.277371883392334
v 0.8048495650291443 5.593446254730225 0.9626760482788086
v 0.38204696774482727 5.656124114990234 0.5832691192626953
v 0.11728768795728683 5.431761741638184 -0.09143152832984924
v 0.391702800989151 5.906404972076416 0.3169936537742615
v 0.47779980301856995 4.59385347366333 -1.5454281568527222
v 0.34107598662376404 5.490457534790039 -1.0473201274871826
v 0.3617151379585266 4.830738544464111 0.6929290890693665
v 0.4109887182712555 6.374050140380859 0.04551367089152336
v -0.0369955375790596 4.181624889373779 -0.01986362598836422
v 1.0196642875671387 4.742069244384766 -0.23418256640434265
v 0.4499977231025696 5.86855411529541 0.3030542731285095
v 0.3908126652240753 5.6432576179504395 0.6431804299354553
v 0.5499430298805237 4.410045146942139 0.3181636333465576
v 0.882997989654541 4.164000034332275 0.3457240164279938
v 0.33911576867103577 6.126980781555176 0.6888075470924377
v 0.9218198657035828 5.45457649230957 -0.10036790370941162
v 0.1726280301809311 4.431793212890625 -1.284851312637329
v 0.35939741134643555 4.278314113616943 0.49424371123313904
v 1.2111189365386963 4.683199882507324 -0.4596250653266907
v 0.14968277513980865 6.521378040313721 -0.11986585706472397
v 0.6608477830886841 4.1425700187683105 0.4207923710346222
v -0.05008440092206001 5.252843379974365 -0.30759650468826294
v 0.09509531408548355 6.145451068878174 0.7889683246612549
v -0.14573541283607483 4.4369120597839355 -0.673090398311615
v 0.11099997907876968 5.511351108551025 -0.19477632641792297
v 0.1565493494272232 5.543156147003174 -0.22656375169754028
v 0.8100038170814514 5.803654670715332 0.1148451641201973
v 1.1084589958190918 4.845856189727783 0.036316487938165665
v 0.16147512197494507 4.683814525604248 -1.2571568489074707
v 0.4706660807132721 6.311469078063965 0.0879836231470108
v 0.20697323977947235 4.795912265777588 0.5285343527793884
v 0.4733070135116577 6.120449066162109 -0.04159067943692207
v 0.9976668357849121 4.346757411956787 -0.7729390263557434
v 0.49128204584121704 6.060720920562744 0.6634281277656555
v 1.0837349891662598 4.98435115814209 -0.19288194179534912
v 1.0965486764907837 4.283038139343262 -0.14126914739608765
v 0.930799663066864 6.0077362060546875 0.581260621547699
v 0.1762736290693283 5.545910835266113 -0.2460913509130478
v 1.001523733139038 5.32357120513916 -0.7254286408424377
v 0.6349963545799255 5.595338821411133 -0.12464415282011032
v 1.064090609550476 4.8858418464660645 -0.19653946161270142
v 1.0174493789672852 4.7014055252075195 0.11786828190088272
v 0.4748995900154114 6.12018346786499 -0.03946727514266968
v -0.08954359591007233 6.180155277252197 0.4897679090499878
v 0.5292815566062927 4.13100004196167 0.47279101610183716
v -0.1394769251346588 6.342345237731934 0.7975736260414124
v 0.5472627878189087 6.153225898742676 0.17052537202835083
v 0.1878490000963211 5.630154132843018 -0.5211533308029175
v -0.04506334289908409 5.249375820159912 -0.28862813115119934
v 0.10251422226428986 5.48820161819458 -0.16533657908439636
v 0.8276486396789551 5.594127178192139 0.9566181898117065
v 0.13477374613285065 5.41267728805542 -0.004542655777186155
v 0.9895527958869934 5.341184139251709 -0.09068949520587921
v 0.12092501670122147 5.4213457107543945 -0.04546474665403366
v 0.1342376321554184 4.726608753204346 -1.2706177234649658
v 1.1550543308258057 4.950004577636719 0.2549956440925598
v 0.26992735266685486 6.164714813232422 0.7068573236465454
v 0.4243568778038025 5.377714157104492 0.7097141742706299
v 0.18891756236553192 6.281896591186523 0.05341755971312523
v 0.5559488534927368 5.850149631500244 0.22720088064670563
v 0.23906466364860535 6.175217151641846 0.7134058475494385
v 0.004793187603354454 4.236936092376709 -0.7504849433898926
v 0.9632390737533569 4.764594078063965 -1.059623122215271
v 0.16481436789035797 4.789133071899414 0.4502128064632416
v 0.9195058941841125 5.770477294921875 0.1209607943892479
v -0.4145306348800659 6.1475090980529785 0.6562346816062927
v 0.15652313828468323 4.750833988189697 -1.2860357761383057
v 0.2727869749069214 6.0369873046875 0.7247410416603088
v 1.0927726030349731 4.3115010261535645 -0.15786407887935638
v 0.9955000281333923 4.614253997802734 -0.24331851303577423
v 1.0187729597091675 5.784723281860352 0.3429298996925354
v 0.5501419901847839 4.263901233673096 -1.0996522903442383
v 1.0439348220825195 5.3827338218688965 0.2580597996711731
v 0.3517526090145111 4.260371685028076 0.5039008259773254
v 0.3140107989311218 5.585323810577393 0.31936323642730713
v 0.43057119846343994 5.640261173248291 -0.9132965803146362
v 0.5764943361282349 4.560656547546387 -1.514081358909607
v 0.8013694882392883 6.036853313446045 0.5540027022361755
v 0.5988572835922241 5.083193778991699 -1.3017754554748535
v 1.0624041557312012 5.879056930541992 0.3397688567638397
v 1.0890686511993408 4.147534370422363 -0.15260306000709534
v 0.249749556183815 5.6022491455078125 -0.2912505865097046
v 0.7050670981407166 5.311249256134033 0.8335000276565552
v 0.9840971231460571 4.4472126960754395 -0.2505970299243927
v -0.2507517337799072 6.2776031494140625 0.5261946320533752
v 0.98853600025177 4.4089460372924805 -0.17151708900928497
v -0.13452397286891937 4.369357585906982 -0.4328591525554657
v 1.0650194883346558 5.238038063049316 -0.6846357583999634
v -0.26303938031196594 4.677145957946777 -0.42138195037841797
v 0.13873417675495148 4.7248735427856445 -1.2751407623291016
v -0.20358768105506897 5.1047749519348145 -0.22741492092609406
v 0.8939602375030518 5.973316192626953 0.2827655076980591
v 1.0107417106628418 5.783279895782471 0.33840101957321167
v 0.30560731887817383 4.619669437408447 -1.49750816822052
v 0.18796801567077637 5.165496826171875 0.5139713287353516
v 0.1394256055355072 5.510210990905762 -0.20137597620487213
v 0.7670496106147766 5.305562973022461 0.8318769931793213
v -0.15608645975589752 5.074691295623779 -0.8937510251998901
v 0.12143030017614365 4.703597545623779 -1.266418695449829
v 0.05605686828494072 5.302947521209717 0.07887796312570572
v 0.3394075036048889 4.211284637451172 0.5125123858451843
v -0.026599915698170662 4.183022975921631 0.00710790790617466
v -0.04974840208888054 5.25258207321167 -0.3063274025917053
v 0.7304050326347351 4.6357011795043945 0.5097485780715942
v 0.13660958409309387 4.729360580444336 -1.2511041164398193
v 0.059659067541360855 5.213436126708984 -1.0524249076843262
v 0.36945995688438416 5.414001941680908 0.6445725560188293
v 1.1109111309051514 4.15100622177124 -0.1943226009607315
v 0.17291085422039032 5.419628620147705 0.10175264626741409
v 1.074280858039856 4.142522811889648 -0.1333961933851242
v 0.8868778347969055 5.597992420196533 0.9342687726020813
v 0.4559982120990753 6.328183650970459 0.07502129673957825
v 0.25309404730796814 4.816999912261963 -1.3333927392959595
v 0.7055773138999939 4.612454891204834 -1.3120818138122559
v 0.0697229877114296 4.477544784545898 -0.03698016330599785
v 1.1500227451324463 5.13386344909668 0.19376161694526672
v 0.19128459692001343 5.548978805541992 -0.27554377913475037
v 0.8923193216323853 5.907893657684326 0.2761596441268921
v -0.01588161662220955 4.899913787841797 0.04323537275195122
v 0.21172372996807098 5.586999893188477 -0.30716782808303833
v 1.0816928148269653 4.968267440795898 -0.189697265625
v 1.0540413856506348 5.2291178703308105 -0.6183245182037354
v 0.9711277484893799 5.364338397979736 -0.09496637433767319
v -0.03632461652159691 5.114363670349121 0.008041138760745525
v 0.16756153106689453 5.553255081176758 -0.23990826308727264
v 0.035584114491939545 6.528947830200195 -0.19799579679965973
v 0.06429965794086456 4.372926712036133 -0.9280367493629456
v 1.1278525590896606 4.591376781463623 -0.8153770565986633
v 0.16487108170986176 4.334450721740723 0.18486197292804718
v 0.8031156659126282 4.396080017089844 -1.0957801342010498
v 0.12422322481870651 5.465748310089111 -0.11295362561941147
v 0.40075820684432983 5.91762113571167 0.47349223494529724
v 0.17695249617099762 5.164325714111328 0.5037197470664978
v 0.8043608069419861 5.30293607711792 0.8226813077926636
v 0.4365256130695343 6.126747131347656 -0.08497259765863419
v 0.16271620988845825 5.360540390014648 0.1426081359386444
v -0.035977233201265335 4.4317946434021 -0.8943349719047546
v 0.29019954800605774 6.158627510070801 0.703772783279419
v -0.06731007248163223 4.190361976623535 -0.17960208654403687
v 0.1398095190525055 4.729653358459473 -1.2480753660202026
v 1.052986979484558 5.212123394012451 -0.514980673789978
v 0.5191522240638733 6.059108734130859 0.5655003190040588
v -0.11129416525363922 5.234882354736328 -0.6753382682800293
v 1.291802167892456 5.485166549682617 0.6451566815376282
v 0.13675546646118164 5.442310810089111 -0.09622249752283096
v -0.10431502014398575 5.253843784332275 -0.6312054991722107
v 0.7932307720184326 5.616330146789551 0.09827859699726105
v 0.22650578618049622 6.223090648651123 0.09810823947191238
v 0.5626993179321289 4.408288478851318 0.3076542317867279
v 0.11419614404439926 4.624063491821289 0.005727825686335564
v 0.11564422398805618 4.615456581115723 -1.1862163543701172
v 0.1129070445895195 5.417543411254883 -0.0009070508531294763
v 0.7732977867126465 5.592719554901123 0.9685602784156799
v 0.9431486129760742 5.604499816894531 0.9009008407592773
v 0.34825602173805237 5.443804740905762 0.5724632740020752
v 0.4665905237197876 6.316320896148682 0.08429603278636932
v 0.28613534569740295 5.493076324462891 -1.0234853029251099
v 0.17977850139141083 6.2186479568481445 -0.2571476995944977
v 0.11370740085840225 5.43200159072876 -0.06814393401145935
v 0.12067000567913055 4.343848705291748 -0.9202889204025269
v -0.29076582193374634 6.449938774108887 0.7658976912498474
v 0.8465710282325745 4.225227355957031 -0.9156692028045654
v 0.6863098740577698 4.663276672363281 -1.3292070627212524
v 1.0345975160598755 4.397548675537109 -0.5300458669662476
v 0.1498488336801529 5.5418620109558105 -0.25374025106430054
v 0.29863548278808594 6.156111717224121 0.7018940448760986
v 1.0006239414215088 6.002927780151367 0.4505782127380371
v 1.150032639503479 5.134180068969727 0.19431094825267792
v 1.0079514980316162 4.855451583862305 0.5150274634361267
v 0.4310278296470642 4.418499946594238 0.3892943263053894
v 0.5501245856285095 4.533255577087402 0.282681941986084
v 0.23302991688251495 4.857687950134277 -1.330294132232666
v 0.20626407861709595 5.559663772583008 -0.28333401679992676
v 0.36173200607299805 5.676119327545166 0.5073744654655457
v 0.10563444346189499 4.583595275878906 -1.1678264141082764
v 1.2131866216659546 5.338794231414795 0.549324095249176
v 0.3466571271419525 5.937114238739014 0.41809430718421936
v 0.43891775608062744 5.749298095703125 -0.6288745999336243
v 0.1389494389295578 5.417016983032227 -0.01717972755432129
v 0.7489450573921204 5.677669525146484 -0.8175641298294067
v 0.1456296443939209 4.663720607757568 -1.2461906671524048
v 0.3802500069141388 5.070095539093018 -1.2675514221191406
v 0.4881804883480072 4.416170597076416 0.3675234615802765
v 0.039844345301389694 6.256662368774414 0.7805778384208679
v -0.06247097998857498 6.163112163543701 0.4832041263580322
v 0.6122572422027588 6.000911235809326 0.1510697305202484
v 0.25391054153442383 5.606759071350098 -0.3099316358566284
v 0.11453128606081009 5.4456787109375 -0.06161368265748024
v 1.0434662103652954 4.7229838371276855 0.09330952912569046
v 0.6290809512138367 5.3831562995910645 -1.1807109117507935
v 0.0203426331281662 4.398771286010742 -0.916059136390686
v 0.8445866107940674 4.162477016448975 0.34673845767974854
v 0.8477842211723328 4.5743536949157715 0.19907699525356293
v -0.048045750707387924 4.20404577255249 -0.5354644060134888
v 0.23643286526203156 5.587966442108154 -0.30536699295043945
v 0.09500561654567719 5.421710968017578 0.031301017850637436
v -0.23261699080467224 4.976841449737549 -0.1031411662697792
v 0.8853009939193726 5.359550476074219 -0.9486472010612488
v 0.16184602677822113 5.532859802246094 -0.23875698447227478
v 0.3027621805667877 5.556724548339844 -0.057533588260412216
v 1.0892269611358643 4.3325934410095215 -0.17036516964435577
v 0.11701012402772903 4.690304756164551 -1.2399797439575195
v 0.1404304802417755 5.434708595275879 -0.02116207219660282
v 0.27671903371810913 4.437795639038086 -1.340699553489685
v 0.7748759388923645 4.153708457946777 0.3358752429485321
v 0.11471614986658096 5.479125499725342 -0.1879861205816269
v 0.1487075388431549 4.664707660675049 -1.2629356384277344
v 0.6693673729896545 5.0764241218566895 -1.265480637550354
v 0.1391536295413971 5.5109381675720215 -0.2075461596250534
v 0.6078398823738098 5.595315933227539 0.9198142290115356
v -0.004927860572934151 5.253811836242676 -0.9548763036727905
v -0.23848339915275574 6.2701897621154785 0.5235461592674255
v 0.371578186750412 4.41860818862915 -1.3373106718063354
v 0.13458243012428284 5.4132537841796875 0.004657316952943802
v -0.032484814524650574 5.235710144042969 -0.23311592638492584
v 0.14947986602783203 5.553159713745117 -0.25006037950515747
v 0.882834255695343 5.864860534667969 0.8861663341522217
v -0.26980432868003845 4.672586917877197 -0.39378321170806885
v 0.12418455630540848 5.453499794006348 -0.06889047473669052
v 0.7728312015533447 4.247500896453857 -0.9976686835289001
v 1.150610327720642 5.705796718597412 0.20854249596595764
v 0.8917171955108643 5.298752784729004 0.7730187773704529
v -0.2021188735961914 5.105372905731201 -0.20917244255542755
v 0.9692309498786926 5.487399101257324 0.14345070719718933
v -0.004970397334545851 4.937849998474121 0.04452952370047569
v 0.2894582748413086 6.031347274780273 0.7204778790473938
v 0.1606600433588028 4.248875141143799 -0.8774285316467285
v 0.3504684567451477 4.145815372467041 0.4517722725868225
v 0.5785451531410217 5.600705623626709 0.8981772065162659
v 0.2417079508304596 4.802157402038574 0.59855055809021
v 1.1172922849655151 4.869753360748291 0.03099101409316063
v 1.1919536590576172 4.712903022766113 -0.6651321053504944
v 0.3256393373012543 4.841819763183594 -1.318483591079712
v 0.844533383846283 4.2258758544921875 -0.9179847836494446
v 0.111358642578125 5.438526630401611 -0.10489849746227264
v 0.9721279740333557 4.4839067459106445 -0.23537208139896393
v 0.748086154460907 5.634753227233887 0.09500004351139069
v -0.023790663108229637 5.223165988922119 -0.19566358625888824
v 0.2030673772096634 4.776310920715332 -1.2671319246292114
v 0.23960259556770325 5.964433193206787 0.7101996541023254
v 0.4434911012649536 6.125943183898926 -0.0774523988366127
v 0.18953177332878113 6.2111592292785645 -0.25092723965644836
v 0.908500075340271 5.7956037521362305 0.8560887575149536
v 0.058402836322784424 5.04057502746582 -1.0847169160842896
v 1.0282788276672363 4.191835880279541 -0.6397701501846313
v -0.09481600672006607 4.448158264160156 -0.8430259823799133
v 0.29770320653915405 4.143685817718506 0.4154598116874695
v 0.6425517797470093 4.732269287109375 -1.3483210802078247
v 0.16079829633235931 4.68265438079834 -1.2588329315185547
v 0.44486215710639954 4.255380630493164 -1.0961103439331055
v 0.10053303837776184 6.385652542114258 -0.06401464343070984
v 0.5003625750541687 5.451612949371338 -1.1382739543914795
v 1.0490946769714355 5.221215724945068 -0.5588907599449158
v 1.2556421756744385 4.884834289550781 -0.5722867250442505
v 1.075959324836731 5.3254570960998535 0.36362770199775696
v 0.23260219395160675 5.584403991699219 -0.3002946972846985
v 1.0086034536361694 4.712810516357422 -0.23835869133472443
v -0.007707789074629545 4.969605445861816 0.0432920902967453
v 1.003699779510498 5.326967716217041 -0.22719986736774445
v 1.0848606824874878 4.221644401550293 -0.12828361988067627
v 0.25845369696617126 5.623866081237793 -0.290548712015152
v 0.4028427302837372 5.908395767211914 0.4916307032108307
v 0.16732393205165863 5.394565582275391 0.11802833527326584
v 0.1328117847442627 4.250751972198486 -0.8730800151824951
v 1.0547211170196533 5.209001541137695 -0.5042282342910767
v 0.6825299263000488 5.59153413772583 0.9603090286254883
v 0.1553875356912613 4.249993801116943 -0.876789391040802
v -0.21573740243911743 6.256664752960205 0.5179620385169983
v 0.3790737986564636 5.59479284286499 -0.09808552265167236
v 0.9809726476669312 5.398403167724609 -0.22666966915130615
v 0.46303030848503113 4.417500019073486 0.38037535548210144
v 1.151068091392517 5.139806747436523 0.20407915115356445
v 0.24930442869663239 5.597065448760986 -0.30097806453704834
v 1.138448715209961 4.144670009613037 -0.4497981071472168
v 0.8298497796058655 4.230252265930176 -0.9340792298316956
v 0.5346179604530334 4.324544906616211 0.5019549131393433
v 0.19857782125473022 4.241036891937256 -0.8887089490890503
v 0.5142785310745239 4.8805928230285645 0.7395371794700623
v 0.2540700435638428 4.854053020477295 -1.3069607019424438
v 0.29050880670547485 4.806844234466553 -1.2863426208496094
v 0.7171441316604614 4.237076282501221 0.3084280788898468
v 0.3542763590812683 5.679432392120361 0.48818716406822205
v 0.8689503073692322 5.970654010772705 0.27709007263183594
v 0.27646973729133606 4.804561138153076 0.6295821666717529
v -0.1948547512292862 4.53664493560791 -0.7045471668243408
v 0.16412603855133057 4.442474842071533 0.04265081509947777
v 1.1512761116027832 5.140742301940918 0.20584635436534882
v 1.0478644371032715 5.981234073638916 0.47126591205596924
v 0.09299995005130768 4.502994537353516 -1.1034451723098755
v 0.20308327674865723 5.569094657897949 -0.2706206738948822
v 0.2010526806116104 4.756467819213867 -1.3054932355880737
v 0.9513908624649048 5.749108791351318 0.8444676399230957
v 0.5424191951751709 6.112702369689941 0.35591909289360046
v 1.053279995918274 5.979568004608154 0.472932368516922
v 0.06412962079048157 6.088894367218018 0.4508366584777832
v 0.24720905721187592 5.520225524902344 -0.00019251907360740006
v 0.26988211274147034 4.8339056968688965 -1.313948154449463
v 0.5862879157066345 5.618202209472656 -0.9750535488128662
v 0.15395158529281616 5.534472465515137 -0.2512909471988678
v 0.9978258013725281 4.386936187744141 -0.14897948503494263
v 0.4781244099140167 4.261713027954102 -1.1031066179275513
v 0.9899467825889587 5.378676891326904 -0.22625890374183655
v 0.8939499258995056 5.857114315032959 0.8836190700531006
v 0.5320429801940918 4.2648539543151855 -1.1024165153503418
v 0.6962791681289673 5.868515968322754 0.8490211963653564
v 0.3681054413318634 4.615074634552002 -1.5212018489837646
v 0.19150704145431519 4.806629180908203 -1.3107223510742188
v 1.156700849533081 4.237771034240723 -0.2375352382659912
v -0.20595276355743408 4.729976177215576 -0.7909014225006104
v 1.1190029382705688 4.756300926208496 -0.8098933696746826
v 0.9236358404159546 4.7904744148254395 -1.1134376525878906
v 0.012437238357961178 5.167019844055176 -0.10694563388824463
v 0.12275656312704086 5.48478364944458 -0.1928378939628601
v 0.12668906152248383 5.415121555328369 -0.027405310422182083
v 0.1628464013338089 4.737640857696533 -1.2427868843078613
v 0.15802545845508575 4.677900791168213 -1.2656989097595215
v 0.1100325956940651 5.446788311004639 -0.08793491870164871
v 0.9910750985145569 5.3749165534973145 -0.22607092559337616
v 0.13026612997055054 4.250990867614746 -0.8726822733879089
v -0.049994923174381256 6.155868053436279 0.4807894229888916
v 0.8235122561454773 5.30161714553833 0.8141692280769348
v 0.20792698860168457 5.562155246734619 -0.2873835861682892
v 0.08481935411691666 5.214550495147705 0.14178577065467834
v 1.0781809091567993 4.374865531921387 -0.1982061266899109
v 0.20268358290195465 4.803652763366699 -1.3216835260391235
v -0.30661967396736145 4.927016258239746 -0.36998850107192993
v 0.6665388941764832 4.280681133270264 -1.0815504789352417
v 0.16856619715690613 4.706770420074463 -1.2814806699752808
v 0.1568303406238556 4.7030839920043945 -1.2848151922225952
v 0.07368417084217072 5.5443291664123535 -0.59311842918396
v 0.9933012127876282 5.747166633605957 0.13133352994918823
v 0.6123687624931335 5.613326549530029 -0.9885212779045105
v 0.1598179042339325 4.330590724945068 0.1758630871772766
v -0.13789446651935577 4.411655902862549 -0.5412565469741821
v 1.0062578916549683 4.327282905578613 -0.10793579369783401
v 1.1952438354492188 5.328871726989746 0.517203688621521
v -0.3018971383571625 4.921191692352295 -0.41508445143699646
v 0.20982182025909424 4.793457984924316 -1.3246992826461792
v -0.023419968783855438 4.236000061035156 -0.7094722986221313
v 0.7680930495262146 4.152899265289307 0.33369770646095276
v 1.0507301092147827 5.2165398597717285 -0.5321590900421143
v 0.2660056948661804 4.225831031799316 -0.9163932800292969
v 0.1617569774389267 4.6821441650390625 -1.2613240480422974
v 1.1656451225280762 4.792664527893066 -0.7353354096412659
v -0.044535502791404724 4.415092468261719 -0.15348923206329346
v 0.053665466606616974 5.526232719421387 -0.6285707354545593
v 0.190871462225914 4.659855842590332 -1.4103715419769287
v 0.49933159351348877 4.8332343101501465 -1.357799768447876
v 0.4262104332447052 4.828510761260986 -1.546148657798767
v 0.24634972214698792 5.612157344818115 -0.309602826833725
v 1.2631057500839233 5.5639824867248535 0.719491183757782
v 1.065148115158081 5.237924098968506 -0.6851643919944763
v 0.9764295816421509 5.48054313659668 0.1485925018787384
v 0.32210373878479004 6.443260669708252 -0.018906548619270325
v 0.9767687916755676 4.444880962371826 -0.24326889216899872
v 0.4540185332298279 5.072999954223633 -1.288307547569275
v 0.06596149504184723 5.537252902984619 -0.605640172958374
v 0.9473421573638916 4.20263147354126 -0.7784867286682129
v 0.07121875882148743 5.542017459869385 -0.5969707369804382
v -0.08436334133148193 4.391539573669434 -0.21288152039051056
v 0.40980231761932373 4.317840099334717 -1.270281434059143
v 0.26422935724258423 4.841128826141357 -1.3036558628082275
v 0.784223735332489 6.042543888092041 0.5500195026397705
v 0.2960786521434784 6.029117107391357 0.7187912464141846
v 0.21663500368595123 4.8434600830078125 -1.3248496055603027
v 0.08047565817832947 4.249043941497803 -0.8551456332206726
v 0.5188103914260864 6.052457332611084 0.6077232360839844
v 0.11346378177404404 4.673631191253662 -1.2653099298477173
v 0.09133274108171463 4.360801696777344 -0.9261826276779175
v -0.40000444650650024 6.46369743347168 0.6480923295021057
v -0.10894712805747986 5.242823123931885 -0.6583008766174316
v 0.862500011920929 4.84876012802124 -1.1539220809936523
v 0.1255820393562317 5.4534783363342285 -0.06910788267850876
v 0.07001838088035583 5.259679794311523 0.10504903644323349
v 0.592212975025177 5.7816481590271 0.13770374655723572
v 1.0621800422668457 5.744080066680908 0.37080007791519165
v 0.16472692787647247 4.4590840339660645 -1.3158655166625977
v 1.1191556453704834 4.877082347869873 0.029229391366243362
v 0.10970701277256012 5.013999938964844 0.38948747515678406
v -0.05149703100323677 5.253942012786865 -0.31293338537216187
v -0.3869990408420563 6.391430854797363 0.5458633899688721
v 0.7086271047592163 4.303012847900391 0.28306886553764343
v 0.7083310484886169 4.601404666900635 -1.307753324508667
v 0.13682129979133606 5.432678699493408 0.0008928130264393985
v 0.14710424840450287 4.742086410522461 -1.2536871433258057
v 0.12183482944965363 4.688624858856201 -1.2768348455429077
v 0.05387277901172638 5.309772491455078 0.07396389544010162
v 1.0540534257888794 4.37919282913208 0.031213795766234398
v 0.15443024039268494 4.713089942932129 -1.2844854593276978
v 0.38151127099990845 5.634244918823242 0.25393566489219666
v -0.09030356258153915 5.272497177124023 -0.5438210368156433
v 0.9298200011253357 4.206222057342529 -0.8049852848052979
v 0.5110966563224792 5.717400550842285 -0.38159942626953125
v 0.5069712400436401 6.260051727294922 0.11930851638317108
v 0.10492066293954849 5.44107723236084 0.036691587418317795
v 0.8203058838844299 5.6509528160095215 -0.6483737230300903
v 0.08753203600645065 5.175564289093018 0.19794611632823944
v -0.042128950357437134 4.231167316436768 -0.6690768003463745
v 1.0040677785873413 5.324147701263428 -0.227567657828331
v 0.08139890432357788 4.184000015258789 0.13828958570957184
v 0.17917868494987488 4.345508575439453 0.20796138048171997
v 1.0414689779281616 4.155336856842041 0.267306387424469
v 0.758800745010376 6.0509138107299805 0.5435859560966492
v 0.8633092641830444 4.163600444793701 0.3473002314567566
v -0.01445319689810276 5.006494998931885 0.036683421581983566
v 0.15999406576156616 4.500696182250977 -1.3461008071899414
v 1.0760968923568726 4.1962971687316895 0.25989770889282227
v -0.04251747578382492 5.2470173835754395 -0.2780740559101105
v 0.09243128448724747 5.218348979949951 -1.1067460775375366
v 1.0408270359039307 4.718365669250488 0.09616336226463318
v 0.7212600708007812 4.63491153717041 0.5141199827194214
v 1.0075037479400635 4.85500431060791 0.515280544757843
v 0.6377457976341248 4.649349689483643 0.5664593577384949
v -0.12466102838516235 5.195678234100342 -0.741749107837677
v 0.11220884323120117 4.606536865234375 -1.181768536567688
v -0.02839881181716919 6.211728096008301 0.8054747581481934
v -0.3816192150115967 6.111695766448975 0.6671915650367737
v 0.24536579847335815 5.597843170166016 -0.2929404377937317
v 0.268328994512558 5.609509468078613 -0.3038484454154968
v 1.1023184061050415 5.2885894775390625 0.4520723819732666
v -0.037976138293743134 4.232999801635742 -0.680853545665741
v 0.23368172347545624 5.584837913513184 -0.3001948893070221
v 0.8732048869132996 4.217990875244141 -0.885455846786499
v 1.0950541496276855 4.160553932189941 0.1464652419090271
v 0.7869274020195007 4.908506393432617 0.7490301728248596
v 1.0115795135498047 4.285556316375732 -0.09045446664094925
v 1.1481809616088867 5.706606388092041 0.20638321340084076
v 1.1879408359527588 4.857789993286133 -0.7373796701431274
v 0.25294819474220276 5.523669242858887 -0.008227457292377949
v -0.21526455879211426 6.006100654602051 0.7008192539215088
v 0.210936039686203 4.7604570388793945 -1.3057714700698853
v 0.10091082006692886 5.473440170288086 -0.14779704809188843
v -0.43870678544044495 6.403586387634277 0.6742350459098816
v 0.07723738998174667 6.400112628936768 -0.10345009714365005
v 0.970350444316864 4.163674354553223 0.31770816445350647
v 0.49094173312187195 6.0612993240356445 0.6633942127227783
v 0.810187041759491 5.835723400115967 0.2633958160877228
v -0.0147538548335433 4.437817096710205 -0.11378201842308044
v 0.05526295676827431 6.251210689544678 0.7733158469200134
v 1.047687292098999 4.405874729156494 -0.47487643361091614
v 1.2125376462936401 4.705127716064453 -0.5056605935096741
v 1.1244250535964966 5.084074974060059 0.09052358567714691
v 0.815172016620636 5.302135467529297 0.8186770081520081
v 0.8836876153945923 5.358945369720459 -0.9528826475143433
v 1.048897624015808 5.369834899902344 0.2786177396774292
v -0.09264823794364929 4.447073936462402 -0.84627765417099
v 0.6322697401046753 5.7049407958984375 -0.39961835741996765
v -0.2566380202770233 6.022112846374512 0.6901059746742249
v 1.2091405391693115 5.576737880706787 0.7287293672561646
v -0.04654600843787193 4.227818012237549 -0.6524074077606201
v 0.02094169147312641 4.239308834075928 -0.780265748500824
v -0.33237355947494507 6.07090425491333 0.6745100617408752
v 0.6561777591705322 4.141933441162109 0.42418888211250305
v 0.23784194886684418 4.858386039733887 -1.3027265071868896
v 1.210160732269287 4.6810102462768555 -0.45688769221305847
v 0.14834973216056824 4.664349555969238 -1.2637563943862915
v 0.1209721714258194 5.471986293792725 -0.1770208775997162
v 0.8648017048835754 5.87393045425415 0.8889999985694885
v 1.131339192390442 4.973297595977783 -0.8642752170562744
v 0.24582715332508087 5.666674613952637 -0.5362830758094788
v 0.6575937271118164 5.3639116287231445 -1.1900221109390259
v 0.9693693518638611 5.421021938323975 -0.22700007259845734
v 0.90312260389328 5.833031177520752 0.27080729603767395
v 1.1508671045303345 4.218997001647949 -0.23123699426651
v 1.1896352767944336 4.716580867767334 -0.6429319977760315
v -0.3101418614387512 6.054810523986816 0.6758521199226379
v 0.07371736317873001 4.247735500335693 -0.8507853746414185
v 0.16850002110004425 4.404765605926514 0.098709337413311
v 0.10580673813819885 5.433777332305908 0.013953750021755695
v -0.46375009417533875 6.268248558044434 0.656999945640564
v 0.41809216141700745 4.411726951599121 -1.3435912132263184
v 0.11977899074554443 4.703179836273193 -1.2642790079116821
v 0.541208803653717 5.712344169616699 -0.38619500398635864
v 0.2577704191207886 4.31908655166626 -1.1074490547180176
v 1.0184694528579712 4.3544697761535645 -0.7083001732826233
v 0.9983117580413818 4.3838582038879395 -0.14671149849891663
v 1.2079187631607056 5.362370491027832 0.6452099084854126
v 0.12503786385059357 5.463549613952637 -0.1490379124879837
v 1.116132378578186 4.753764629364014 -0.8217297196388245
v 0.14972476661205292 4.709486961364746 -1.2323908805847168
v 0.5040310621261597 6.040090084075928 0.5238845348358154
v 1.0741080045700073 5.147333145141602 -0.3629210591316223
v 0.11774098873138428 6.527435302734375 -0.14024053514003754
v 0.927594780921936 4.413679122924805 -0.9983013868331909
v 1.0570472478866577 5.201175689697266 -0.48020899295806885
v 0.20452459156513214 5.488875865936279 0.06244652718305588
v 0.9831937551498413 5.475096702575684 0.15390338003635406
v 0.8035723567008972 5.840448379516602 0.2611907720565796
v 0.812735378742218 5.662168979644775 -0.6775807738304138
v 0.5868481993675232 4.555081844329834 -1.5061168670654297
v 0.36190322041511536 5.946221828460693 0.7075112462043762
v 0.9541570544242859 6.001366138458252 0.5866743922233582
v 0.4403066635131836 6.3468828201293945 0.06194618344306946
v 0.14910368621349335 4.250500202178955 -0.8758321404457092
v 0.24600975215435028 4.8359270095825195 -1.2904855012893677
v 1.272730827331543 5.654207706451416 0.314621239900589
v 0.9941987991333008 5.464754104614258 0.16315147280693054
v 0.7316596508026123 4.909999847412109 0.7609735131263733
v -0.02733045257627964 5.134509563446045 -0.008782798424363136
v 0.22485791146755219 4.1548848152160645 0.3274729549884796
v 1.1333301067352295 4.2971510887146 0.2513755261898041
v 1.0018326044082642 5.334335803985596 -0.22616630792617798
v 0.8715757727622986 5.343069553375244 -0.973683774471283
v 0.4272722601890564 5.4773268699646 -1.0967624187469482
v -0.12132275104522705 5.10028076171875 -0.06224292516708374
v 1.0140975713729858 4.448830604553223 -0.2764705419540405
v 0.07913929969072342 6.243637561798096 0.7636202573776245
v 0.1214931383728981 5.975907802581787 0.7172242403030396
v 0.20672565698623657 4.81505012512207 -1.2870501279830933
v 0.7800405025482178 5.304140090942383 0.8301400542259216
v 0.08346021920442581 5.0431718826293945 -1.108600378036499
v 0.3781709671020508 5.813107013702393 0.5069656372070312
v 0.24590438604354858 6.4845733642578125 -0.06230887770652771
v 0.8324851393699646 5.826659202575684 0.8764482140541077
v 0.11431591957807541 5.42577600479126 -0.014080774039030075
v 0.2233135998249054 4.766589164733887 -1.2886360883712769
v 0.34127503633499146 5.622044563293457 -0.864416241645813
v 0.10153533518314362 5.462021827697754 -0.130420982837677
v 0.14305788278579712 4.728462219238281 -1.2453683614730835
v 0.8807772397994995 4.759983062744141 0.5898614525794983
v 0.17499203979969025 4.331031799316406 0.16397470235824585
v 0.04343569278717041 5.518326759338379 -0.654280960559845
v 1.3011497259140015 5.51072883605957 0.6721941232681274
v 0.778685986995697 5.820659160614014 0.8561239838600159
v 0.9677039384841919 5.4888529777526855 0.14236001670360565
v 0.2098943144083023 5.566361427307129 -0.27949258685112
v 1.1114741563796997 4.7512922286987305 -0.8362596035003662
v 0.13896189630031586 5.439975261688232 -0.03760124370455742
v 0.11403738707304001 6.1355180740356445 0.7834351062774658
v 0.22298146784305573 4.784745216369629 -1.3197098970413208
v 0.5990577340126038 5.782701015472412 0.13559773564338684
v 1.0705546140670776 5.97337007522583 0.47821229696273804
v 0.7640035152435303 5.659955024719238 -0.42604488134384155
v 0.49820348620414734 5.662444114685059 0.1557101160287857
v 0.6740919351577759 4.41026496887207 0.2359568029642105
v 0.6735198497772217 4.902742862701416 0.7609513998031616
v 0.9595398902893066 4.1642842292785645 0.32319584488868713
v 0.4822840094566345 5.748946189880371 -0.6579055190086365
v 0.16345447301864624 4.544899940490723 -1.3704270124435425
v 1.3031061887741089 5.529271125793457 0.6934524178504944
v 0.18015971779823303 4.424302101135254 -1.2649073600769043
v 0.7956674098968506 5.6694440841674805 -0.7199011445045471
v 0.25189733505249023 5.6161603927612305 -0.2889338433742523
v 0.3287285268306732 4.820154190063477 0.6723088622093201
v 1.0541917085647583 4.379907131195068 0.03176677227020264
v 1.08866286277771 4.336917877197266 -0.17318569123744965
v 1.333702564239502 5.559932231903076 0.5537569522857666
v 0.8151974081993103 4.5501017570495605 0.20996619760990143
v 0.7375791668891907 5.5471367835998535 -1.0180000066757202
v 0.04376589134335518 4.471229076385498 -0.05454140529036522
v -0.1395125836133957 4.4180755615234375 -0.5588393211364746
v 0.4587274491786957 5.648063659667969 0.19730892777442932
v 0.5634207129478455 5.7720160484313965 0.1509840190410614
v 0.16723541915416718 5.535619258880615 -0.24008722603321075
v 0.4268796443939209 4.606304168701172 -1.540295124053955
v 0.5075233578681946 4.214658260345459 0.5130527019500732
v -0.21774716675281525 4.730542182922363 -0.7164328694343567
v 0.5350349545478821 4.412124156951904 0.33124667406082153
v 0.7604796290397644 5.100433826446533 0.7766803503036499
v 0.9963954091072083 5.865545749664307 0.31784307956695557
v 0.12733754515647888 5.49701452255249 -0.2064475119113922
v 0.09400718659162521 4.183525562286377 0.14878413081169128
v 0.2458164095878601 6.192505359649658 0.12547463178634644
v 0.6224226951599121 5.9118828773498535 0.1974036693572998
v 0.13827991485595703 5.538539886474609 -0.2159602791070938
v -0.17759652435779572 4.562952041625977 -0.16465921700000763
v 0.5663849711418152 5.064108371734619 0.8112949728965759
v 1.087349534034729 4.167306423187256 -0.5446475148200989
v 0.2233022153377533 4.7916998863220215 -1.3260668516159058
v 0.6767058372497559 5.314852237701416 0.8335000276565552
v -0.03544885292649269 4.203499794006348 -0.38451653718948364
v 0.3709860146045685 5.63117790222168 0.2624660134315491
v 0.0832889974117279 4.249588489532471 -0.8569605946540833
v 0.5181007981300354 6.142655372619629 0.33210086822509766
v 1.0471256971359253 4.899390697479248 0.49811479449272156
v 1.0104628801345825 5.979369163513184 0.5979118347167969
v 0.12441796809434891 4.644504547119141 -1.2003358602523804
v -0.30475032329559326 4.942415714263916 -0.28475427627563477
v -0.14960046112537384 4.518867015838623 -0.8990644812583923
v 1.0642396211624146 4.755135536193848 0.07207616418600082
v -0.12248370051383972 5.200032711029053 -0.7349992990493774
v 0.832107663154602 5.737800598144531 0.827002227306366
v 0.3108946681022644 6.080184459686279 0.20327609777450562
v 1.0705000162124634 5.219416618347168 -0.7318681478500366
v 0.8801499605178833 4.595872402191162 0.18672220408916473
v 0.603398859500885 5.40110445022583 -1.1748355627059937
v 1.0738637447357178 5.327762126922607 0.35834625363349915
v 0.9745725393295288 5.8944807052612305 0.3103463053703308
v 0.36447250843048096 5.817422866821289 0.4909505546092987
v 0.157970130443573 6.236030101776123 -0.2739757001399994
v 0.4583570659160614 5.62497615814209 0.7726427912712097
v 0.12439831346273422 5.473475933074951 -0.13851220905780792
v 0.11422901600599289 4.688297748565674 -1.268499493598938
v 0.4056382179260254 5.598267078399658 -0.10596771538257599
v 0.11533336341381073 5.459421634674072 -0.10123518109321594
v -0.04326348006725311 4.200490951538086 -0.4781532883644104
v 1.040561318397522 5.391761779785156 0.2439146190881729
v 0.18703284859657288 4.765510559082031 -1.3091957569122314
v 0.2293369472026825 6.0562849044799805 0.740378201007843
v 0.6770007610321045 6.052899360656738 0.3444983959197998
v 0.9322237968444824 5.470048427581787 -0.2288186401128769
v 1.1552201509475708 5.149720191955566 0.22379299998283386
v 0.735905647277832 4.354620456695557 -1.104778528213501
v 0.21079210937023163 6.188088893890381 0.7209026217460632
v -0.3964897692203522 6.126838684082031 0.6622785925865173
v 0.5770531296730042 5.06523323059082 0.81322181224823
v -0.3797697126865387 6.383215427398682 0.5438916683197021
v -0.17285390198230743 4.983454704284668 -0.07179973274469376
v 0.17360325157642365 5.539234638214111 -0.25212404131889343
v 0.7752639651298523 5.895126819610596 0.2530965507030487
v 0.02324512228369713 4.239452838897705 -0.784584641456604
v 0.20304320752620697 5.165500164031982 0.5346083045005798
v 0.19735457003116608 5.55670166015625 -0.2651529908180237
v 1.1620428562164307 5.115748405456543 0.15165987610816956
v 0.9235344529151917 4.784310340881348 0.5675517320632935
v -0.30586928129196167 4.939805030822754 -0.2993002235889435
v 0.6980577707290649 5.688540458679199 -0.8679450750350952
v -0.20352420210838318 5.104816913604736 -0.2266322821378708
v 0.20262901484966278 6.191492557525635 0.7228857278823853
v 1.3066165447235107 5.642662048339844 0.34848394989967346
v 0.249214306473732 4.83554744720459 -1.3449047803878784
v 0.19652047753334045 4.75526762008667 -1.308366298675537
v 0.5645368099212646 5.853013515472412 0.22147990763187408
v 0.3573770225048065 5.701875686645508 0.41824576258659363
v 0.31381046772003174 5.464784145355225 0.5831491947174072
v 1.0217353105545044 5.287570476531982 0.6872293949127197
v 1.0858917236328125 4.145946025848389 -0.14783765375614166
v -0.056157708168029785 4.437483310699463 -0.8840330243110657
v 0.6445325613021851 5.672265529632568 0.10785968601703644
v 0.8238497376441956 4.160264015197754 0.34606602787971497
v 0.21080757677555084 4.8314127922058105 -1.3222204446792603
v 0.6239209175109863 5.594169616699219 0.9310407042503357
v 0.3084886372089386 4.407749652862549 0.34848782420158386
v 1.1956838369369507 5.577119827270508 0.7303801774978638
v 0.4111473858356476 5.909618377685547 0.4702059328556061
v -0.15428143739700317 5.995211124420166 0.7117890119552612
v 1.1042011976242065 4.836262226104736 0.038399502635002136
v 0.04094643518328667 6.401930332183838 -0.15754805505275726
v 0.35031023621559143 6.004410743713379 0.24799728393554688
v 0.07009217888116837 5.259397029876709 0.10524582117795944
v 0.9902421832084656 5.442841053009033 -0.5264999866485596
v 0.16279418766498566 4.737845420837402 -1.2428189516067505
v 0.1360807716846466 4.355671405792236 -1.0111699104309082
v 0.1483490914106369 5.543812274932861 -0.22262759506702423
v -0.11543334275484085 6.1956868171691895 0.4953060746192932
v -0.04388176649808884 4.204023838043213 -0.31464076042175293
v 0.21593239903450012 4.792661190032959 -1.3253192901611328
v 0.35617420077323914 5.70084810256958 0.421249121427536
v 0.5277141332626343 5.6275739669799805 -0.948009729385376
v 0.09511915594339371 5.977243423461914 0.719486653804779
v 1.0509427785873413 4.903360366821289 0.4967404901981354
v 1.2691307067871094 4.860335826873779 -0.5409770011901855
v 1.0898300409317017 5.103010177612305 -0.2868503928184509
v 0.6898153424263 4.6334710121154785 0.5310339331626892
v 0.8482076525688171 5.5912957191467285 0.1010000929236412
v 0.1758410632610321 5.566102027893066 -0.2661033868789673
v -0.2432839423418045 4.701061725616455 -0.5109695196151733
v 0.3709661364555359 5.672213554382324 0.529665470123291
v 0.7721055150032043 5.656515121459961 -0.42881008982658386
v 0.40752100944519043 6.09475564956665 0.6750426292419434
v 0.9930288195610046 5.011528491973877 0.6576285362243652
v 1.2492949962615967 5.786263942718506 0.5362058281898499
v 0.9959919452667236 5.33258581161499 -0.08885246515274048
v 1.0570560693740845 5.109889030456543 -0.9560832977294922
v 1.1120200157165527 4.23720121383667 0.26973164081573486
v 0.7147100567817688 5.682392597198486 -0.8566449284553528
v 0.04009269177913666 5.380193710327148 -0.2637619376182556
v -0.18299171328544617 4.98199987411499 -0.0760226920247078
v 0.3892504870891571 4.328250408172607 0.4505728483200073
v 0.10763292014598846 5.414628982543945 0.008288410492241383
v 0.3819235563278198 5.070145130157471 -1.2680928707122803
v 0.51701420545578 6.052566051483154 0.5466511845588684
v 1.2627043724060059 5.564190864562988 0.7195951342582703
v 0.36950892210006714 5.672796249389648 0.5260223150253296
v 0.12537655234336853 5.453499794006348 -0.06898973137140274
v 0.550703763961792 5.433183193206787 -1.1636018753051758
v 0.8678261041641235 4.837920665740967 -1.144740343093872
v 0.19649995863437653 5.581959247589111 -0.2814987003803253
v 0.12204471975564957 5.0529561042785645 -1.1592211723327637
v 0.7545596957206726 5.886536598205566 0.8841458559036255
v 0.9888260364532471 4.5455756187438965 -0.2411087453365326
v 0.034694064408540726 4.467706680297852 -0.061586182564496994
v 0.5209999680519104 6.058470726013184 0.5914290547370911
v 1.1787348985671997 4.914896488189697 -0.7875623106956482
v 0.2289532572031021 4.1538166999816895 0.33263665437698364
v 0.7049021124839783 4.615347862243652 -1.3132392168045044
v 0.12011498957872391 5.470770835876465 -0.1740574836730957
v 0.1522311121225357 4.6894378662109375 -1.2330691814422607
v 0.2166249006986618 4.763299942016602 -1.2849252223968506
v -0.20479579269886017 5.103306293487549 -0.24762052297592163
v 0.14095553755760193 6.345180511474609 -0.003498571226373315
v 0.42476117610931396 6.08992862701416 0.6732143759727478
v 0.927435576915741 5.767150402069092 0.12199070304632187
v 0.37476587295532227 4.834728717803955 0.6998088955879211
v 0.22600683569908142 4.855971813201904 -1.313288927078247
v 1.1513104438781738 4.568767070770264 -0.7657381296157837
v 0.45271924138069153 5.9227190017700195 0.3436712920665741
v 0.4937639832496643 5.748154163360596 -0.6638434529304504
v 0.36622896790504456 4.830674648284912 -1.5420873165130615
v 0.1159583106637001 5.430992126464844 -0.017394131049513817
v 0.6304008960723877 5.321586608886719 0.8324421644210815
v 0.5344564318656921 6.200751304626465 0.14915451407432556
v 1.2067346572875977 5.832228183746338 0.523086428642273
v 0.5532181262969971 5.849239349365234 0.22902116179466248
v 1.0802721977233887 4.787957668304443 0.056434232741594315
v 1.095500111579895 4.161273956298828 0.13534487783908844
v 0.23260143399238586 5.512213230133057 0.021772567182779312
v 1.0087448358535767 4.8564019203186035 0.5146080851554871
v 0.01796734146773815 6.266512870788574 0.7905200719833374
v 0.21392285823822021 4.756117343902588 -1.278278112411499
v 0.08085623383522034 4.249117374420166 -0.8553911447525024
v 0.8156120181083679 6.032466411590576 0.5571927428245544
v 0.7269425988197327 5.6810808181762695 -0.8435049057006836
v 0.2622987627983093 4.817305088043213 -1.3165881633758545
v 0.07967906445264816 6.39906644821167 -0.09926452487707138
v 0.3299115002155304 6.044177055358887 0.22227220237255096
v 1.0743685960769653 4.166396617889404 0.00739943515509367
v 0.816389262676239 5.63736629486084 -0.4517918527126312
v 0.0955202504992485 4.458258628845215 -1.0700592994689941
v 0.34883037209510803 4.852863311767578 -1.3309528827667236
v 0.46675077080726624 5.945064544677734 0.7144999504089355
v 0.04783674702048302 6.361430644989014 -0.3422675132751465
v -0.2303844541311264 6.419493198394775 0.7918025851249695
v 0.4922558665275574 5.4544148445129395 -1.1327223777770996
v 0.14063499867916107 5.4245147705078125 -0.020507263019680977
v 1.0374315977096558 4.435676574707031 -0.32347121834754944
v -0.016416655853390694 6.516812801361084 -0.24299992620944977
v -0.11513139307498932 5.219751834869385 -0.7029379606246948
v 0.8209739923477173 5.593481063842773 0.9585559964179993
v 0.31045350432395935 4.407819747924805 0.3505929708480835
v 0.3281737267971039 5.456949234008789 0.5582542419433594
v 0.6736788153648376 4.2813720703125 -1.076022744178772
v 0.5610442757606506 4.800240993499756 -1.3578376770019531
v 0.11700722575187683 5.410656929016113 0.020310204476118088
v 0.16350002586841583 4.1732258796691895 0.17127083241939545
v 1.0224814414978027 4.872396469116211 0.5077168941497803
v 0.16993403434753418 4.759949207305908 -1.2561371326446533
v 1.0017043352127075 4.44589900970459 -0.26270240545272827
v 0.1176842674612999 5.505557060241699 -0.1755574345588684
v 0.10668335855007172 5.479893684387207 -0.1440134197473526
v -0.03823232650756836 4.181727886199951 -0.023058610036969185
v 0.2749283015727997 5.687219619750977 -0.5502142310142517
v 0.10010992735624313 5.480141639709473 -0.17440293729305267
v 0.14413419365882874 4.714452743530273 -1.2834255695343018
v 0.23166197538375854 5.511684894561768 0.023299379274249077
v 1.2226715087890625 5.343451499938965 0.5683311820030212
v 0.21493439376354218 4.764842987060547 -1.2758839130401611
v 1.1037967205047607 4.856444835662842 0.29885169863700867
v -0.09225165843963623 4.5917649269104 -0.0912880152463913
v 0.25079676508903503 5.600500106811523 -0.3057033121585846
v -0.05473734438419342 4.408174991607666 -0.16763228178024292
v 0.8091000318527222 5.593276023864746 0.9616560339927673
v -0.09184272587299347 5.985322952270508 0.7169191837310791
v 0.825271487236023 5.737500190734863 0.8256115913391113
v 1.0147182941436768 5.28944206237793 0.6933108568191528
v 0.3592226505279541 4.277912139892578 0.4944882094860077
v 0.5721586346626282 4.418337345123291 -1.3724592924118042
v 1.0698972940444946 5.226617336273193 -0.7177656888961792
v 0.2418772429227829 5.517146110534668 0.007476989179849625
v 0.4002659022808075 4.316568851470947 -1.2645596265792847
v 0.1955718845129013 4.242103576660156 -0.8868666291236877
v 0.9763421416282654 5.408763408660889 -0.22700007259845734
v -0.18634267151355743 4.862286567687988 -0.7149160504341125
v 0.7104718685150146 5.781363010406494 0.8141698241233826
v 0.2842191457748413 6.033093452453613 0.7218749523162842
v 1.1231651306152344 5.100279808044434 0.12009157985448837
v 0.1823129802942276 6.085422992706299 0.7657254338264465
v 1.0047119855880737 4.651622772216797 0.158033087849617
v 0.17599594593048096 4.6164774894714355 -1.394493818283081
v 1.0336065292358398 4.766828536987305 0.3375578224658966
v 0.2593182921409607 5.622615814208984 -0.2888472378253937
v -0.021211279556155205 5.219479084014893 -0.1857280284166336
v 0.7214239835739136 5.096751689910889 0.7961224317550659
v 0.33123454451560974 4.82121467590332 0.6744292378425598
v 0.35400480031967163 4.8281683921813965 0.6883029341697693
v 0.8999400734901428 4.808363437652588 -1.1288632154464722
v -0.18838271498680115 4.840145111083984 -0.6578450202941895
v 0.1796589493751526 4.740869045257568 -1.3008862733840942
v 1.0905981063842773 5.0998687744140625 -0.28229251503944397
v 0.27703580260276794 4.80488920211792 0.6305057406425476
v 0.49966177344322205 4.875891208648682 0.7374275326728821
v 0.7211251854896545 5.879260540008545 0.8658913373947144
v -0.3769676685333252 6.465909957885742 0.6818929314613342
v 1.1523160934448242 4.144061088562012 -0.33829420804977417
v 0.10506115853786469 5.425234317779541 0.007683658041059971
v 0.934275209903717 6.035900115966797 0.40641260147094727
v 0.5429070591926575 5.333579063415527 0.8068414926528931
v 0.24396799504756927 6.172878265380859 0.7123269438743591
v 0.9878861308097839 5.0063862800598145 0.660956084728241
v 0.5189417004585266 6.053178787231445 0.6054928302764893
v 0.913470447063446 5.365542888641357 -0.8899598121643066
v 0.2184557020664215 5.57725715637207 -0.3046262562274933
v 0.30455324053764343 4.218782424926758 -0.9494062066078186
v -0.4251955449581146 6.161923408508301 0.652012825012207
v 0.5615922808647156 4.79990816116333 -1.3578181266784668
v 0.49285995960235596 4.415894031524658 0.3643815517425537
v 0.5664973258972168 6.081843852996826 0.08781197667121887
v 0.9336972832679749 6.036109924316406 0.4060712158679962
v 0.9970173835754395 6.005089282989502 0.44841036200523376
v 0.1289622038602829 5.593517780303955 -0.5293891429901123
v 0.056668709963560104 4.81298828125 0.047831278294324875
v 0.9835965633392334 4.356754302978516 -0.8160608410835266
v 0.667603611946106 6.058359146118164 0.36160117387771606
v 0.10095313936471939 6.067467212677002 0.4372197389602661
v 0.2124759554862976 5.583707332611084 -0.30681732296943665
v 0.9136878252029419 4.797734260559082 -1.1199404001235962
v 0.5746955871582031 5.856707572937012 0.2159387469291687
v 0.08664242178201675 5.042747497558594 -1.1139039993286133
v 0.3039354979991913 5.144622325897217 0.6392837762832642
v 0.17257152497768402 5.418214797973633 0.10271380841732025
v 0.8625679016113281 5.808331489562988 0.2688538432121277
v 0.1993091106414795 4.817608833312988 -1.3170912265777588
v 0.12621396780014038 5.4463300704956055 -0.036839451640844345
v 1.0105550289154053 5.699972152709961 0.8242893218994141
v -0.062258295714855194 4.184274673461914 -0.1501331329345703
v 0.6598550081253052 5.361783504486084 -1.190554141998291
v 0.8854621052742004 5.9019622802734375 0.2717441916465759
v 0.7291813492774963 4.350797176361084 -1.1045001745224
v 0.07688098400831223 5.00408935546875 0.32548853754997253
v 0.9925181269645691 4.347992897033691 -0.7884314060211182
v 0.6271141767501831 4.138193607330322 0.44283804297447205
v 1.0075939893722534 5.310082912445068 -0.22907643020153046
v 0.3005921542644501 5.962503433227539 0.3864007592201233
v 0.316607803106308 5.464037895202637 0.5784869194030762
v 1.1110566854476929 4.850706100463867 0.0352773480117321
v 1.270269513130188 4.856729507446289 -0.5364213585853577
v 0.9627580642700195 5.349051475524902 -0.7840006947517395
v 0.1454867720603943 5.551878452301025 -0.2383255958557129
v 1.2592384815216064 5.659300804138184 0.3032989501953125
v 0.105829618871212 5.430794715881348 0.009433681145310402
v -0.12441729754209518 4.368082523345947 -0.3130534589290619
v -0.23802688717842102 5.08812141418457 -0.5143508911132812
v 0.18839885294437408 4.352424144744873 0.22102339565753937
v 0.7595769166946411 5.629854679107666 0.09521466493606567
v 0.9744653701782227 4.822412014007568 0.5359009504318237
v 1.023983359336853 4.36644983291626 -0.6437515020370483
v 0.48795878887176514 4.872129440307617 0.7349197864532471
v 1.0903319120407104 5.279334545135498 0.13366833329200745
v 0.32656291127204895 5.457370281219482 0.5620393753051758
v 0.14746516942977905 4.697199821472168 -1.2342946529388428
v 0.5657142996788025 6.0815324783325195 0.37821435928344727
v 0.9362114667892456 4.460306167602539 0.2155947983264923
v 0.1617458164691925 4.477090835571289 -1.3311482667922974
v 0.6550185084342957 4.714306354522705 -1.3428250551223755
v 0.15863880515098572 5.555850505828857 -0.23785081505775452
v 1.0365924835205078 4.781185150146484 -0.22598864138126373
v 0.9617283940315247 4.7718963623046875 -1.0651628971099854
v 0.2414587438106537 4.150465965270996 0.34883198142051697
v 1.1864656209945679 4.848776340484619 -0.7321381568908691
v -0.3511756658554077 6.085180282592773 0.6724027395248413
v 0.7752405405044556 5.894496440887451 0.2533532679080963
v 0.707446813583374 5.8001813888549805 0.11463677883148193
v 0.4938604533672333 6.280756950378418 0.10866938531398773
v 0.1453038454055786 4.7438178062438965 -1.2707033157348633
v 0.872474193572998 5.971076965332031 0.2777949273586273
v 0.5978738069534302 4.52400016784668 0.26681315898895264
v 0.6944069266319275 5.959877014160156 0.2313770055770874
v 0.7263404130935669 4.348989009857178 -1.1045001745224
v 0.5346671938896179 6.200072765350342 0.1494821310043335
v 0.6805785894393921 4.634232521057129 0.5362599492073059
v 0.4540535509586334 4.55319881439209 0.3064247667789459
v -0.1470668464899063 4.518022537231445 -0.9121548533439636
v 0.34760087728500366 6.119779109954834 0.6844795346260071
v -0.13400804996490479 4.361999988555908 -0.3867637813091278
v 0.33095794916152954 5.136541843414307 0.655083179473877
v 0.15309752523899078 6.11014461517334 0.7779192924499512
v 0.45970040559768677 5.624677658081055 0.7744338512420654
v -0.13474030792713165 4.365045547485352 -0.4094228744506836
v 0.3660794496536255 6.411499500274658 0.014895143918693066
v 0.6072604656219482 5.705808162689209 -0.3962680697441101
v 1.1296446323394775 4.279187202453613 0.26067453622817993
v -0.13347719609737396 4.362834930419922 -0.39931729435920715
v 0.22836236655712128 5.593780517578125 -0.311341792345047
v 0.45687299966812134 5.922364711761475 0.7141414284706116
v -0.003087178571149707 6.423840045928955 -0.3349982500076294
v 0.38506773114204407 6.348685264587402 0.18073247373104095
v 1.149856686592102 4.569857597351074 -0.7685244083404541
v 1.0231502056121826 5.287193298339844 0.6860031485557556
v -0.03193215653300285 6.4987101554870605 -0.27372413873672485
v 0.07487595081329346 5.545446395874023 -0.591256320476532
v -0.4070664048194885 6.43143367767334 0.6908669471740723
v 0.31146320700645447 5.9551920890808105 0.7055960297584534
v 0.05351733788847923 6.354172229766846 -0.34068968892097473
v 0.8864755034446716 4.599854946136475 0.1843794584274292
v 0.2585946321487427 5.962253570556641 0.7085652351379395
v 0.014472880400717258 6.267871856689453 0.7926554679870605
v -0.038413964211940765 5.9809770584106445 0.7197848558425903
v 0.3083137571811676 4.431004524230957 -1.3387787342071533
v 0.5750212669372559 5.32766056060791 0.8231765031814575
v 0.23411095142364502 5.587263584136963 -0.3043890595436096
v 0.9678895473480225 5.293946266174316 0.724933922290802
v 0.10217553377151489 5.417613983154297 0.03273502364754677
v 0.5025267601013184 5.343633651733398 0.7724045515060425
v 0.11195555329322815 5.4566497802734375 -0.09705003350973129
v 0.08966983109712601 5.193689346313477 0.16530129313468933
v 0.1848040670156479 4.736834526062012 -1.297456979751587
v 0.940464973449707 5.79171895980835 0.2859351336956024
v 1.1550655364990234 4.77815055847168 -0.7493779063224792
v 0.32799971103668213 4.426692008972168 -1.3378846645355225
v 0.13734163343906403 5.44411563873291 -0.049085311591625214
v -0.45803210139274597 6.334188461303711 0.6614680290222168
v 0.12493109703063965 4.6463518142700195 -1.201362133026123
v 0.40702345967292786 6.129662990570068 -0.11639223247766495
v 0.8177042603492737 4.403602123260498 -1.0881673097610474
v -0.30197060108184814 4.921411991119385 -0.41288286447525024
v 0.2277514934539795 4.154129981994629 0.33112144470214844
v 0.3481135666370392 6.424310207366943 0.10884275287389755
v 0.5730166435241699 5.328245162963867 0.8222576379776001
v 0.5390471816062927 5.754476547241211 0.1956394612789154
v 0.1719028651714325 5.560899257659912 -0.27200356125831604
v 0.23923727869987488 5.614439964294434 -0.30747920274734497
v -0.22337296605110168 5.090361595153809 -0.44603437185287476
v 0.026364807039499283 6.3997483253479 -0.1758251190185547
v 1.038084864616394 5.906655788421631 0.3188914656639099
v 0.05195561423897743 4.840625286102295 0.052225884050130844
v 1.025542140007019 5.297224044799805 -0.6892615556716919
v 1.3032013177871704 5.519580841064453 0.6823570132255554
v 0.4368521571159363 5.882687568664551 0.6946778297424316
v 0.04352807253599167 4.243720531463623 -0.822409987449646
v 0.9441527724266052 5.756773471832275 0.8501997590065002
v 0.23036009073257446 4.153449535369873 0.33441051840782166
v 0.08930665999650955 5.198476314544678 0.15912744402885437
v 1.1160874366760254 4.151462554931641 -0.20698760449886322
v 0.971386194229126 5.48534631729126 0.1449902057647705
v -0.04394954815506935 4.200033664703369 -0.4859280586242676
v 0.4296927750110626 4.323441982269287 -1.28197181224823
v 0.16492779552936554 5.553862571716309 -0.23889534175395966
v 0.8821807503700256 5.358100891113281 -0.9564389586448669
v 1.0907269716262817 4.3231377601623535 -0.16470541059970856
v 0.18312279880046844 5.5463457107543945 -0.2747538387775421
v -0.3448464870452881 6.466461181640625 0.7191343307495117
v 0.46558231115341187 5.623266696929932 0.7822376489639282
v 1.0703861713409424 4.174818515777588 -0.5738868713378906
v -0.2595820724964142 4.972028732299805 -0.13118106126785278
v 0.22136227786540985 4.808277606964111 -1.2810462713241577
v 1.1251585483551025 5.713094234466553 0.1883111149072647
v 0.19923177361488342 4.764307975769043 -1.3112574815750122
v 1.0883090496063232 5.0165181159973145 -0.20254552364349365
v 0.2153824269771576 4.7927327156066895 -1.3252633810043335
v 0.1441202312707901 4.7026472091674805 -1.2351548671722412
v 1.0520967245101929 4.1540093421936035 0.2578941881656647
v 1.096577525138855 5.961103916168213 0.48725178837776184
v -0.3021502196788788 4.922251224517822 -0.4059900641441345
v 1.1203956604003906 4.255274772644043 0.2675274610519409
v 1.0023658275604248 4.6507792472839355 0.15866534411907196
v 0.2547852098941803 4.816999912261963 -1.3307149410247803
v 0.3837583065032959 5.486373424530029 -1.0708285570144653
v 0.31600111722946167 4.601673126220703 0.29530462622642517
v 0.5620694756507874 5.770157814025879 0.15284210443496704
v 1.1234054565429688 5.017277717590332 0.42975303530693054
v 1.1149266958236694 4.243473529815674 0.2689666152000427
v 1.039365530014038 4.789010524749756 -0.2232201099395752
v 0.7524054050445557 5.75330924987793 0.8188809156417847
v 1.1811755895614624 4.909571647644043 -0.7811282873153687
v -0.11922437697649002 4.372581481933594 -0.2913264036178589
v 1.0630892515182495 4.179146766662598 -0.585557222366333
v 0.3362085521221161 4.42521858215332 -1.3376741409301758
v 1.0367989540100098 4.398742198944092 -0.5225464105606079
v 1.265393614768982 4.837651252746582 -0.5111054182052612
v 0.9639866948127747 5.823997974395752 0.2974933385848999
v 0.1613321453332901 4.715435028076172 -1.2886595726013184
v 0.09031980484724045 6.314173221588135 -0.32707932591438293
v 0.777156412601471 6.044980525970459 0.548313558101654
v 1.1531453132629395 4.31606388092041 -0.26728197932243347
v 0.10628967732191086 4.587307929992676 -1.1702287197113037
v 0.36386916041374207 5.592602729797363 -0.09230782836675644
v -0.1933864802122116 5.105917453765869 -0.1553245484828949
v 0.39280080795288086 6.098374843597412 0.675675094127655
v 0.8422576189041138 5.801095962524414 0.8649192452430725
v 0.07550283521413803 5.005122661590576 0.313773512840271
v 0.5568816661834717 5.763024806976318 0.15997517108917236
v 0.35853058099746704 6.138379096984863 -0.1502583771944046
v 0.517503559589386 6.054850101470947 0.5518713593482971
v 0.9056457877159119 5.297697067260742 0.7651243209838867
v 0.10581973195075989 5.469402313232422 -0.1701125204563141
v -0.04483970254659653 5.2492265701293945 -0.2877836227416992
v 0.1294335424900055 5.460769176483154 -0.13383209705352783
v 0.7308130264282227 5.591653347015381 0.9696926474571228
v 0.21000829339027405 5.593787670135498 -0.29141879081726074
v 0.20889416337013245 5.563000202178955 -0.2924882173538208
v 0.46594902873039246 5.636409759521484 -0.9254980087280273
v 0.4569464921951294 5.647546768188477 0.19866515696048737
v 0.11694137752056122 5.410650730133057 0.020330827683210373
v 0.02591419778764248 5.979499816894531 0.7249298691749573
v 1.1552886962890625 4.230443000793457 -0.23366868495941162
v 0.5783423185348511 5.619509220123291 -0.9709720611572266
v 0.14234377443790436 5.431729793548584 -0.02411472611129284
v 0.11396971344947815 5.431135177612305 -0.03888701647520065
v 0.22691890597343445 5.06113862991333 -1.2116118669509888
v 0.9724343419075012 5.783413410186768 0.31093430519104004
v 0.12473538517951965 5.446432113647461 -0.03890656679868698
v 0.12737105786800385 5.451920032501221 -0.12959711253643036
v 0.5127456784248352 5.983149528503418 0.3799152076244354
v 0.9301100373268127 5.362120151519775 -0.8474897146224976
v 0.12424878776073456 6.230381488800049 0.7444767951965332
v 0.819246768951416 4.423211097717285 0.2773682773113251
v 0.1412992626428604 5.433752059936523 -0.04083146154880524
v 0.9401508569717407 5.41771125793457 -0.10148674994707108
v 0.17796745896339417 4.729340553283691 -1.2923710346221924
v 0.10729219019412994 5.472621917724609 -0.17908434569835663
v -0.014460716396570206 6.518128871917725 -0.2408580482006073
v 0.44931113719940186 6.125271797180176 -0.07096059620380402
v 0.7759512066841125 5.799485206604004 0.855880618095398
v 0.12458918988704681 5.446406841278076 -0.039059095084667206
v 0.13250017166137695 5.455862998962402 -0.1079544872045517
v 0.28009846806526184 4.3138427734375 -1.1389133930206299
v 0.1301095187664032 5.452286720275879 -0.07506518065929413
v 0.03199996426701546 5.327284336090088 -0.23277734220027924
v -0.024737749248743057 4.610259056091309 -0.0792926475405693
v 0.5392467379570007 5.7543768882751465 0.19728507101535797
v 1.0850985050201416 5.315716743469238 0.38419702649116516
v 0.45720362663269043 4.861067771911621 0.728197455406189
v 0.6686500310897827 5.59361457824707 -1.009596347808838
v 0.12292736023664474 5.411211967468262 0.018460284918546677
v 1.1105387210845947 5.245631217956543 0.11890291422605515
v 0.8125777244567871 5.593136787414551 0.9608213901519775
v 0.6428226828575134 5.672215461730957 0.10750757157802582
v 0.3515019118785858 5.439497470855713 0.584173321723938
v 0.07101176679134369 4.477802276611328 -0.036142319440841675
v -0.3663409948348999 6.368917942047119 0.5417302250862122
v 0.644838273525238 5.672274589538574 0.10792262852191925
v -0.18688125908374786 4.5291547775268555 -0.8115466833114624
v 1.1671175956726074 5.113999843597412 0.1369123011827469
v 1.0653834342956543 5.237714767456055 -0.6861317753791809
v 1.1086540222167969 4.846220970153809 0.03623829036951065
v -0.30155929923057556 4.920178413391113 -0.42521917819976807
v 0.9654043912887573 6.022997856140137 0.4270029664039612
v 0.8686274290084839 5.337782382965088 -0.9789542555809021
v 0.19299153983592987 4.719298362731934 0.243521049618721
v 0.1837208867073059 5.560094356536865 -0.2543078362941742
v 1.0141085386276245 4.266676902770996 -0.08252286911010742
v 0.5087498426437378 4.222936153411865 0.5158120393753052
v 0.3822201192378998 6.133387565612793 -0.13639245927333832
v 0.44586071372032166 6.340735912322998 0.06605957448482513
v 0.11067547649145126 5.448278427124023 -0.13123734295368195
v 0.14561867713928223 4.708024978637695 -1.234214425086975
v 1.0509684085845947 5.364955425262451 0.2868359386920929
v 0.4137938916683197 5.638819694519043 -0.9091386198997498
v 0.5131093859672546 5.629486083984375 -0.9420410394668579
v 0.3959926962852478 5.920001029968262 0.4634877145290375
v 1.0921844244003296 5.028563499450684 -0.9179517030715942
v 0.08083023875951767 6.530470371246338 -0.16390687227249146
v 0.21091240644454956 5.590450286865234 -0.30763745307922363
v 1.0099506378173828 4.69620418548584 0.12450703233480453
v -0.1421164572238922 5.145940780639648 -0.8142222166061401
v 0.2580414414405823 4.3190155029296875 -1.1078197956085205
v 0.19584278762340546 5.55472993850708 -0.2656131386756897
v 0.6233475208282471 5.594248294830322 0.9306756854057312
v 0.9150301218032837 4.209020614624023 -0.8272049427032471
v 0.24705512821674347 4.8613433837890625 -1.3109747171401978
v 1.0509001016616821 5.225800037384033 -0.593601405620575
v 0.16657491028308868 5.540702819824219 -0.23549561202526093
v 0.12548214197158813 6.053260803222656 0.42950642108917236
v 0.35823237895965576 4.311478614807129 -1.2277109622955322
v 0.9521948099136353 4.804225444793701 0.5503172874450684
v -0.14313949644565582 4.45318603515625 -0.729453444480896
v -0.0650092214345932 4.188258171081543 -0.1700366884469986
v 0.3334941267967224 4.222998142242432 -0.9874904751777649
v -0.1950163096189499 4.536483287811279 -0.7061630487442017
v 0.3516807556152344 6.001963138580322 0.24956363439559937
v 0.23340630531311035 4.328834056854248 -1.0724984407424927
v 0.2299490123987198 4.8003249168396 0.5769734382629395
v 0.9807092547416687 5.339263916015625 -0.7566333413124084
v 0.201679989695549 5.582233428955078 -0.27858665585517883
v 0.16370625793933868 5.972891330718994 0.7152972221374512
v 0.24013151228427887 4.801943302154541 0.596706211566925
v 0.38133811950683594 5.994683265686035 0.7028064131736755
v 0.1376727968454361 5.446327209472656 -0.07181476801633835
v 0.8037698268890381 5.840307235717773 0.26125672459602356
v 0.12103866040706635 6.526950359344482 -0.138300821185112
v 0.16290031373500824 4.752864360809326 -1.2948180437088013
v 0.033724527806043625 5.352296829223633 -0.25012290477752686
v 0.1391146332025528 5.510168075561523 -0.21738526225090027
v 0.1900015026330948 4.353626251220703 0.223293736577034
v 0.5718991160392761 5.67260217666626 0.10244891792535782
v 0.4544844925403595 5.750398635864258 -0.6398593783378601
v 0.9847334623336792 4.196891784667969 -0.7141412496566772
v -0.2655400037765503 4.674872398376465 -0.41387999057769775
v 0.12438230961561203 5.473448276519775 -0.1663089096546173
v -0.20343632996082306 4.833499908447266 -0.5958242416381836
v -0.09416968375444412 4.4478349685668945 -0.8439955115318298
v 0.6703104972839355 4.432884216308594 0.22552627325057983
v 0.2219097763299942 4.846364974975586 -1.3034597635269165
v 1.1656960248947144 4.560551643371582 -0.7159632444381714
v 1.04753839969635 4.405576705932617 -0.47616660594940186
v 0.15295089781284332 4.684473991394043 -1.272181749343872
v 0.10896122455596924 5.4500732421875 -0.08869413286447525
v 0.381806343793869 4.856207370758057 -1.3465460538864136
v -0.08778304606676102 6.303051948547363 0.7930447459220886
v 0.0764947161078453 4.741215705871582 0.03340422362089157
v 0.49687066674232483 5.719379901885986 -0.38009002804756165
v 1.0723605155944824 5.935877799987793 0.6105482578277588
v 0.9306733012199402 4.460701942443848 0.22152867913246155
v 0.8308384418487549 4.743937015533447 0.6146253347396851
v 0.41466277837753296 5.918406963348389 0.47030624747276306
v 0.6450786590576172 4.6461615562438965 0.5610904693603516
v 0.18224294483661652 4.731142520904541 -1.2926514148712158
v 0.6104556918144226 4.75978422164917 -1.5266530513763428
v 0.18351131677627563 4.7369842529296875 -1.2972697019577026
v 0.19724929332733154 4.752326965332031 -1.2580851316452026
v 0.7279636859893799 5.568862438201904 -0.12599995732307434
v 0.8083609938621521 4.905237197875977 0.7375926971435547
v 0.03190919756889343 4.185438632965088 0.09634790569543839
v -0.23580746352672577 4.717192649841309 -0.562781035900116
v 0.14758342504501343 4.740569114685059 -1.2522495985031128
v 0.44440287351608276 4.8568010330200195 0.7252106666564941
v 0.2479575276374817 5.611732006072998 -0.3100757896900177
v 0.4278586208820343 4.418499946594238 0.3897596597671509
v -0.027762802317738533 6.211364269256592 0.8053157329559326
v -0.15415802597999573 4.520512104034424 -0.8875500559806824
v 0.6819962859153748 5.074824333190918 -1.245831847190857
v 0.9876605868339539 5.748421669006348 0.13053929805755615
v 0.5147386789321899 6.039259910583496 0.6364359855651855
v 0.89337158203125 4.415999889373779 -1.0309027433395386
v 0.17902712523937225 4.780273914337158 -1.3048484325408936
v 0.32166817784309387 5.488214015960693 0.4968867897987366
v -0.2278779000043869 4.724587440490723 -0.6196980476379395
v 0.13185696303844452 5.537143230438232 -0.22754618525505066
v 0.2449900507926941 6.17912483215332 -0.21640606224536896
v -0.06908372789621353 5.267729759216309 -0.392461359500885
v 0.11364402621984482 5.4108076095581055 0.015913449227809906
v -0.05412335321307182 4.182395935058594 -0.08223993331193924
v 0.15541385114192963 5.53441858291626 -0.2525023818016052
v 1.0631096363067627 5.8142924308776855 0.35539036989212036
v 1.1953544616699219 5.328927040100098 0.5173935890197754
v 0.041408322751522064 6.5296125411987305 -0.19337326288223267
v -0.02080761082470417 5.980103969573975 0.7212920784950256
v 0.6514991521835327 5.5927276611328125 0.9467722177505493
v 0.38166144490242004 5.815288066864014 0.49605798721313477
v 0.4960066080093384 6.170340061187744 0.31017979979515076
v 0.11398325115442276 4.671567440032959 -1.2466548681259155
v 0.3506038188934326 4.227617263793945 -1.0117210149765015
v 0.5235158801078796 6.135855197906494 0.3373900353908539
v 0.03192659839987755 6.3799309730529785 -0.34299999475479126
v 0.18517057597637177 5.55211067199707 -0.281057208776474
v 0.4707674980163574 4.8241682052612305 -1.5515544414520264
v 0.6065906286239624 5.082751750946045 -1.3000078201293945
v 0.5962928533554077 4.1352996826171875 0.4545023441314697
v 0.5496113300323486 6.144023895263672 0.17311130464076996
v 0.22987811267375946 4.843442916870117 -1.2946606874465942
v 0.7811338305473328 5.674432754516602 -0.7540121674537659
v 0.5188611149787903 4.538206100463867 0.2936100363731384
v 0.5463686585426331 6.107699871063232 0.35986876487731934
v 1.1726895570755005 5.349081039428711 0.6613376140594482
v 1.1821569204330444 5.576052188873291 0.7314480543136597
v 0.24115991592407227 4.828729152679443 -1.2907525300979614
v -0.05174258351325989 4.4101715087890625 -0.16343961656093597
v 1.1270850896835327 4.760491371154785 -0.7934277653694153
v 0.21018734574317932 4.367559909820557 0.2509673535823822
v 0.385447233915329 6.0999064445495605 0.6759814023971558
v -0.20271718502044678 5.105355262756348 -0.21667803823947906
v -0.30722883343696594 4.936223030090332 -0.3153361678123474
v -0.3285546898841858 6.333657741546631 0.5354315638542175
v 0.6758720874786377 5.314974784851074 0.8335000276565552
v 1.096193552017212 5.0795793533325195 -0.2547890543937683
v 0.1606990396976471 4.756645202636719 -1.2577491998672485
v 0.1313801407814026 6.049618244171143 0.42742469906806946
v 0.6994816660881042 6.065228462219238 0.5262367129325867
v 0.22610384225845337 4.785525798797607 -1.318044662475586
v 0.2895472049713135 6.031317710876465 0.7204540371894836
v 0.6577842831611633 6.058743476867676 0.3771790862083435
v 0.07485135644674301 5.0053510665893555 0.307270348072052
v 1.0223157405853271 5.301882743835449 -0.694976806640625
v 0.6852020025253296 5.938674449920654 0.21182319521903992
v 0.8469753861427307 4.57380485534668 0.19936594367027283
v 0.4291588068008423 6.261861801147461 0.24765892326831818
v 0.16766755282878876 4.716040134429932 -1.2396246194839478
v 1.0805413722991943 5.134037017822266 -0.3401746451854706
v 0.9896765351295471 5.8824286460876465 0.31508830189704895
v 0.07028703391551971 5.541143894195557 -0.5984265208244324
v 0.11856476217508316 4.686885833740234 -1.2722301483154297
v 0.8154846429824829 5.836564540863037 0.8790805339813232
v 0.6798110008239746 4.374382019042969 0.2472163736820221
v 0.8272672891616821 5.301395893096924 0.8119602799415588
v 0.06472878158092499 4.777662754058838 0.04073258116841316
v 0.10436854511499405 4.422407627105713 -1.0517761707305908
v 0.5950610041618347 6.030999660491943 0.4128745198249817
v 0.16854996979236603 4.71526575088501 -1.2392770051956177
v 0.7020611763000488 5.871809005737305 0.8529478907585144
v -0.0038456437177956104 5.252864837646484 -0.956770122051239
v 0.5054566860198975 4.817588806152344 -1.5525000095367432
v -0.1916593313217163 4.537499904632568 -0.6800835728645325
v 1.0731319189071655 4.772858142852783 0.06296233832836151
v 0.1210046112537384 5.435182094573975 0.007264949847012758
v 0.4629940092563629 5.934391498565674 0.35279521346092224
v 1.0034606456756592 4.195307731628418 -0.6809245347976685
v 0.4690468907356262 4.5490641593933105 0.30565202236175537
v 0.3281077742576599 5.952415943145752 0.7055000066757202
v 1.1892272233963013 5.853358268737793 0.5179489254951477
v 1.1201759576797485 4.364850044250488 0.19843335449695587
v 1.0881717205047607 5.312889099121094 0.39071008563041687
v 0.0956607535481453 5.422624588012695 0.023446323350071907
v 0.11057934165000916 5.416079521179199 0.03529968857765198
v 0.3806003928184509 5.634379863739014 -0.8933603763580322
v 0.44691145420074463 5.370868682861328 0.7227626442909241
v 0.1477825790643692 4.663782596588135 -1.2650575637817383
v 1.0861213207244873 4.225793838500977 -0.12300004065036774
v 0.6905698180198669 5.584132194519043 -0.12834441661834717
v 1.1673810482025146 5.883296489715576 0.5138527154922485
v 0.96100914478302 5.349829196929932 -0.7868186831474304
v 1.0698469877243042 5.2269182205200195 -0.7171632051467896
v 0.5326775908470154 4.3196940422058105 0.5068058371543884
v -0.3345080018043518 6.072487831115723 0.6742769479751587
v 0.1307331770658493 5.518740177154541 -0.19337627291679382
v -0.18271823227405548 4.941330432891846 -0.8168303966522217
v -0.03591503947973251 4.203084945678711 -0.3930564224720001
v 0.4303869903087616 6.259740829467773 0.24888691306114197
v 0.24655596911907196 4.833705425262451 -1.291541576385498
v -0.450954794883728 6.372718334197998 0.6675075888633728
v 0.13118045032024384 4.722411155700684 -1.257836103439331
v 1.0274549722671509 5.421948432922363 0.2050667256116867
v 0.11892342567443848 4.6848835945129395 -1.236153244972229
v 1.3335000276565552 5.584507465362549 0.5321886539459229
v 1.1359212398529053 4.968578815460205 -0.858318567276001
v 0.5088426470756531 4.5851826667785645 -1.5449999570846558
v -0.046822067350149155 4.6039137840271 -0.08279312402009964
v 0.5395945906639099 6.001396656036377 0.38969820737838745
v -0.15133705735206604 5.1083149909973145 -0.8581850528717041
v 0.770972490310669 5.305310249328613 0.8313100337982178
v 1.3346675634384155 5.566380977630615 0.5484512448310852
v 0.5119660496711731 5.8464484214782715 0.25928694009780884
v 0.5721139311790466 4.792384624481201 -1.5441479682922363
v 0.6450054049491882 5.372496128082275 -1.1860017776489258
v 1.0682989358901978 5.677263259887695 0.8077633380889893
v -0.14063669741153717 4.422910213470459 -0.5781551599502563
v 1.037939190864563 4.784415245056152 -0.2249632477760315
v 0.22575463354587555 4.82810115814209 -1.336754560470581
v 0.4699571430683136 4.260526657104492 -1.101918339729309
v -0.23584075272083282 6.421898365020752 0.7907344698905945
v 0.3954012393951416 5.929628849029541 0.29950910806655884
v 0.12616261839866638 5.4760284423828125 -0.1477358192205429
v 0.07158515602350235 4.36935567855835 -0.9278898239135742
v 1.0230838060379028 4.1927361488342285 -0.6486057639122009
v 0.35639244318008423 5.678492069244385 0.4943004250526428
v 0.18943896889686584 4.7230377197265625 0.24127733707427979
v 0.1423095166683197 6.3434882164001465 -0.0016370505327358842
v 1.1173837184906006 4.630702972412109 -0.838514506816864
v 0.37303873896598816 6.381832599639893 0.15547487139701843
v 0.4673589766025543 5.597431659698486 -0.11550003290176392
v 0.6156533360481262 5.705528259277344 -0.3973871171474457
v 0.2185155302286148 5.061393737792969 -1.2090651988983154
v -0.09199375659227371 5.270677089691162 -0.5575832724571228
v 0.9907606244087219 4.446541786193848 0.15339572727680206
v 0.5011585354804993 5.986978530883789 0.6932013034820557
v 0.11071372032165527 5.42025899887085 0.0012863855808973312
v 0.7752416133880615 5.830421447753906 0.8607585430145264
v -0.14186500012874603 5.147120952606201 -0.8126628398895264
v 0.15369626879692078 6.037837505340576 0.4219832122325897
v 0.9892746210098267 4.547744274139404 -0.24125827848911285
v 0.10419216752052307 5.420181751251221 0.008720653131604195
v 0.13313671946525574 4.558348655700684 -0.0030863084830343723
v -0.003562602214515209 6.198090553283691 0.7997361421585083
v 0.3605300188064575 4.830343723297119 0.692218005657196
v 0.18270161747932434 4.765867710113525 -1.2560572624206543
v 0.6236369013786316 4.7278151512146 -1.5070165395736694
v -0.2395569235086441 5.087906837463379 -0.5208773016929626
v -0.4610007703304291 6.308991432189941 0.658499002456665
v 0.053923048079013824 5.5264387130737305 -0.6277464032173157
v 0.09612983465194702 5.221879482269287 -1.1143196821212769
v 0.048620667308568954 4.184754848480225 0.11163987219333649
v 0.4798430800437927 6.299504280090332 0.09653545171022415
v 1.093321681022644 4.951539993286133 0.4782688021659851
v 0.0789470225572586 5.006596088409424 0.3342878520488739
v 0.0629325732588768 4.785360813140869 0.042272068560123444
v 1.0162667036056519 5.438166618347168 0.18680019676685333
v 1.0788769721984863 4.373195171356201 -0.19688361883163452
v 0.20737884938716888 4.705643177032471 0.2537898123264313
v 0.0788290798664093 5.158745288848877 0.2452641874551773
v 0.9754593968391418 4.197471618652344 -0.7316386103630066
v 1.1401033401489258 4.766838550567627 -0.7719186544418335
v 0.18235230445861816 4.635782241821289 -1.4010777473449707
v 0.011960417963564396 4.2376532554626465 -0.7626515626907349
v 0.10375466197729111 6.382880210876465 -0.05853062495589256
v 0.0440295971930027 4.184924602508545 0.10772885382175446
v 0.12693364918231964 5.449951648712158 -0.12879513204097748
v 0.3063071370124817 6.0885491371154785 0.19880716502666473
v 1.0877981185913086 5.0098748207092285 -0.19999030232429504
v -0.18258267641067505 4.560458660125732 -0.1728864312171936
v 0.32264941930770874 5.46100378036499 0.5684688687324524
v 0.2236444354057312 4.765100479125977 -1.291944146156311
v 1.0018333196640015 4.160713195800781 0.29768237471580505
v 0.09299995005130768 4.494246959686279 -1.0961366891860962
v 0.4343539774417877 5.749021530151367 -0.6252788305282593
v 1.2099403142929077 4.714305877685547 -0.536090075969696
v 0.995128333568573 4.161324501037598 0.30208536982536316
v 0.6443589925765991 4.140059947967529 0.433124840259552
v -0.462502658367157 6.2924580574035645 0.656501293182373
v 0.9568643569946289 5.441415786743164 -0.22728495299816132
v 0.16413313150405884 4.549321174621582 -1.3728104829788208
v -0.04789289832115173 6.223280429840088 0.8098064064979553
v -0.04200682044029236 4.416877746582031 -0.1500680297613144
v 0.8121581673622131 5.885244846343994 0.8916862607002258
v 0.43803179264068604 5.633059978485107 0.7445476651191711
v 1.1447707414627075 4.959320545196533 -0.846593976020813
v -0.19678673148155212 4.534639835357666 -0.7368142008781433
v 0.47948795557022095 5.4587907791137695 -1.124993920326233
v -0.15637969970703125 5.066026210784912 -0.9039928317070007
v 1.0140573978424072 4.268010139465332 -0.0829843282699585
v 0.17773307859897614 4.285004615783691 0.19449783861637115
v 1.0560251474380493 5.354259014129639 0.3047192096710205
v 0.14376972615718842 5.518093109130859 -0.20593063533306122
v 0.88844895362854 4.214406490325928 -0.8659201860427856
v -0.4590107798576355 6.327728748321533 0.6604892015457153
v -0.03213850408792496 6.482245922088623 -0.2911038398742676
v -0.1071200892329216 5.987415790557861 0.7165000438690186
v 0.16664764285087585 4.762955665588379 0.22184813022613525
v 0.8998231887817383 4.415999889373779 -1.0258597135543823
v 1.1164973974227905 4.1514997482299805 -0.20799344778060913
v -0.10025018453598022 5.986482620239258 0.7166293859481812
v 0.9677039384841919 4.3874287605285645 -0.9007152915000916
v 0.04516272991895676 6.364504337310791 -0.3425835371017456
v 1.0436445474624634 4.402327060699463 -0.49774864315986633
v 0.3792673647403717 6.401524066925049 0.024975713342428207
v -0.011624179780483246 4.44033670425415 -0.10972555726766586
v 0.7089589834213257 4.435855865478516 -1.2220479249954224
v 1.062290072441101 5.171629905700684 -0.4083440899848938
v 0.7217442989349365 4.543844699859619 -1.281688928604126
v 0.11512325704097748 5.447140216827393 -0.06686804443597794
v 0.3662908375263214 5.8188371658325195 0.49054646492004395
v 0.09246727079153061 5.4300761222839355 0.024510817602276802
v 0.2929341495037079 4.143515586853027 0.41137221455574036
v 0.20809166133403778 4.704972267150879 0.25433483719825745
v 0.10753366351127625 5.450377941131592 -0.10659480839967728
v 0.6962819695472717 5.312277317047119 0.8335000276565552
v 1.096339225769043 5.077760219573975 -0.2527513802051544
v 1.2671482563018799 4.868138790130615 -0.5511946082115173
v 0.20314869284629822 6.504956245422363 -0.08803524821996689
v 0.9375116229057312 5.791847229003906 0.28413742780685425
v -0.30292007327079773 6.4560112953186035 0.7564833164215088
v 0.13575412333011627 5.54218864440918 -0.22634419798851013
v -0.3771030008792877 6.465918064117432 0.6817256212234497
v 0.12012465298175812 5.414254665374756 0.027851242572069168
v 0.4039165675640106 4.41341495513916 -1.3405535221099854
v 1.0335392951965332 4.397019386291504 -0.5336177945137024
v 0.4207676649093628 4.5648908615112305 0.3070099651813507
v -0.203000009059906 5.093156814575195 -0.3655661940574646
v 0.20556019246578217 4.276939392089844 -0.883702278137207
v 0.5419678092002869 6.1765031814575195 0.16077971458435059
v -0.022325614467263222 4.236000061035156 -0.710992157459259
v 0.7997574210166931 5.532847881317139 -0.11213920265436172
v 0.8453927040100098 5.509864330291748 -0.10205841809511185
v 1.2927947044372559 5.492718696594238 0.6540893912315369
v 0.14021983742713928 5.010295867919922 0.42382195591926575
v 0.3568423092365265 6.138814926147461 -0.15112973749637604
v 1.1594021320343018 5.153902053833008 0.23743462562561035
v 0.13212916254997253 5.411501884460449 -0.002877706428989768
v 0.675385057926178 4.145846366882324 0.40664052963256836
v -0.05469684675335884 4.203499794006348 -0.2814093232154846
v 0.49005749821662903 5.618052005767822 0.8100055456161499
v 0.34690967202186584 4.826409339904785 0.6848185658454895
v 1.1519713401794434 5.126543045043945 0.1809101402759552
v 0.2986070215702057 4.618869304656982 -1.4951081275939941
v 0.40286290645599365 5.597929000854492 -0.10531118512153625
v 0.9573058485984802 4.977505207061768 0.6755977272987366
v 0.6112514138221741 4.758272647857666 -1.5256983041763306
v 0.2186577469110489 4.778176307678223 -1.272993803024292
v -0.1353968381881714 5.101561546325684 -0.07327369600534439
v 0.2166212499141693 4.829592227935791 -1.327621340751648
v 1.33283531665802 5.557546615600586 0.5556002259254456
v 1.0829788446426392 4.362584590911865 -0.18885082006454468
v 1.1419689655303955 4.962471961975098 -0.8507964611053467
v 0.3737744092941284 6.379676342010498 0.15717075765132904
v -0.05240931361913681 4.182718276977539 -0.07151959091424942
v 1.02046799659729 4.157904148101807 0.2843724489212036
v 0.783545970916748 5.744553565979004 0.8231199979782104
v 0.9992846846580505 4.6949615478515625 -1.0005923509597778
v 0.9646086692810059 4.983855247497559 0.6727400422096252
v 0.7426425218582153 5.677977561950684 -0.8249692320823669
v 0.38483870029449463 5.9228105545043945 0.4469131827354431
v 0.7378743290901184 5.0990376472473145 0.7889283895492554
v 0.14386415481567383 5.515230178833008 -0.20899993181228638
v 0.11006900668144226 5.441080570220947 -0.0828569307923317
v 0.2980770170688629 4.310592174530029 -1.1652079820632935
v -0.23384828865528107 4.719132423400879 -0.5802586078643799
v 0.9518755674362183 5.502982139587402 0.13215376436710358
v 0.2559037506580353 4.319578170776367 -1.1048945188522339
v 0.42715635895729065 4.322296619415283 -1.2800081968307495
v 0.16517603397369385 4.705205917358398 -1.2801473140716553
v 0.9519045352935791 5.502954483032227 0.13217094540596008
v 0.39089182019233704 5.937180519104004 0.2951507866382599
v 0.12754184007644653 5.441950798034668 -0.11667731404304504
v -0.19578777253627777 5.105660915374756 -0.16545581817626953
