v -2.5617780685424805 1.842694640159607 -0.8714855313301086
v -2.338292360305786 3.109752655029297 -0.8838201761245728
v -2.155207633972168 2.4231514930725098 -0.966813325881958
v -2.31911301612854 2.446122646331787 -0.4885628819465637
v -2.2735722064971924 3.023853063583374 -0.3951403498649597
v -2.6066956520080566 1.848483681678772 -0.7905921339988708
v -2.03393816947937 1.884979486465454 -0.6942770481109619
v -2.25791072845459 3.082089424133301 -0.4733226001262665
v -2.0147273540496826 1.6792726516723633 -0.6935911178588867
v -2.4009757041931152 2.467282772064209 -0.3606390357017517
v -2.7131567001342773 1.8574999570846558 0.23503325879573822
v -2.094914197921753 1.8597155809402466 0.3634665906429291
v -2.091442584991455 1.8605191707611084 -0.006655744276940823
v -2.4903669357299805 2.0965113639831543 -1.0345878601074219
v -2.0601253509521484 1.8256874084472656 -0.640654444694519
v -2.2544736862182617 1.818177580833435 -1.085953950881958
v -2.246500015258789 2.6533548831939697 -0.9566182494163513
v -2.341325283050537 1.8862282037734985 0.15004368126392365
v -2.1248855590820312 2.1796984672546387 -1.0827043056488037
v -2.231475591659546 2.245562791824341 0.2049199491739273
v -2.18969464302063 2.624805212020874 -0.2909866273403168
v -2.0749852657318115 1.8267426490783691 -0.4824923872947693
v -2.4478700160980225 2.2093191146850586 0.3650706708431244
v -2.346834897994995 2.468670129776001 -1.288665533065796
v -2.173916816711426 2.822542190551758 -1.1035206317901611
v -2.1260528564453125 2.175574779510498 -0.7910813689231873
v -2.354605197906494 2.544675350189209 -0.1056140586733818
v -2.318352699279785 1.9022947549819946 -0.09174271672964096
v -2.484902858734131 2.2309694290161133 0.22725503146648407
v -2.239018440246582 1.8758074045181274 -0.49673619866371155
v -2.526843309402466 1.8381119966506958 -0.9769256114959717
v -2.5142476558685303 2.172325611114502 -0.6946054697036743
v -2.165371894836426 2.4602437019348145 -1.2621841430664062
v -2.3144736289978027 2.445194721221924 -0.48871755599975586
v -2.650529146194458 1.8645000457763672 -0.4024446904659271
v -2.6952855587005615 1.7232145071029663 -0.177933469414711
v -2.4299614429473877 2.252462148666382 -1.106789231300354
v -2.22877836227417 2.4035444259643555 -0.9782721996307373
v -2.2879388332366943 2.7680611610412598 -0.7860242128372192
v -2.0127804279327393 2.4368021488189697 -1.0786707401275635
v -2.2695000171661377 2.4737603664398193 -0.026268942281603813
v -2.4600718021392822 1.7015000581741333 -0.3530000150203705
v -2.1487457752227783 2.842501640319824 -0.7643372416496277
v -2.6159234046936035 1.8460981845855713 -0.7670889496803284
v -2.6943628787994385 1.8793913125991821 0.41393983364105225
v -2.2031707763671875 2.601158380508423 -0.3460882008075714
v -2.2413508892059326 2.208324432373047 -0.7903165221214294
v -2.621326446533203 1.7128844261169434 -0.9774256944656372
v -2.1221578121185303 2.170315742492676 -1.0650839805603027
v -2.3815572261810303 1.969252109527588 -0.4443286657333374
v -1.9639358520507812 2.5643715858459473 -0.7620097994804382
v -2.3970000743865967 3.0510053634643555 -0.7635218501091003
v -2.024000644683838 2.502002239227295 -0.6294978857040405
v -2.706279754638672 1.8593171834945679 0.3449779450893402
v -2.3084444999694824 1.9038888216018677 -0.003723082598298788
v -2.0964620113372803 2.4787309169769287 -0.8815773129463196
v -2.3348312377929688 1.7174900770187378 0.08449000865221024
v -1.9955912828445435 2.435727596282959 -1.0485467910766602
v -2.257488489151001 2.3010458946228027 -1.0545037984848022
v -2.623753547668457 2.617112398147583 -0.6070502996444702
v -1.9716778993606567 2.6035032272338867 -0.5686715841293335
v -2.456246852874756 1.8985815048217773 0.1368325799703598
v -2.101487159729004 1.715499997138977 0.03552147001028061
v -2.5945560932159424 1.9471043348312378 0.4515093266963959
v -2.187734603881836 2.628162384033203 -1.21394944190979
v -2.221430540084839 2.5708367824554443 -0.40861693024635315
v -2.499005079269409 2.3241031169891357 -0.08952576667070389
v -2.5081405639648438 2.1103005409240723 -0.9473947882652283
v -2.4290363788604736 2.533719301223755 -0.18947693705558777
v -2.1368393898010254 1.7121520042419434 0.0808480754494667
v -2.282749891281128 2.7780003547668457 -0.7472496032714844
v -2.3233907222747803 2.2204678058624268 0.3444850742816925
v -2.239609718322754 3.073164701461792 -0.572821319103241
v -2.362908363342285 2.978210926055908 -0.9602017402648926
v -2.10015869140625 2.6131327152252197 -0.4777085483074188
v -2.486325263977051 2.4291505813598633 -0.32763904333114624
v -2.42549991607666 2.3963725566864014 0.15373347699642181
v -2.3448104858398438 1.689569115638733 0.15275795757770538
v -2.505589008331299 2.3159449100494385 -0.26277515292167664
v -2.098975658416748 2.6116116046905518 -0.4804128408432007
v -2.4090781211853027 1.713922142982483 -0.6340696215629578
v -2.5008652210235596 1.867788314819336 -0.11272824555635452
v -1.9607036113739014 2.563197612762451 -0.6967340707778931
v -2.31628680229187 2.801389694213867 -0.4749264419078827
v -2.50600004196167 2.306344985961914 -0.3018617331981659
v -2.663482427597046 1.7080997228622437 0.2104196697473526
v -2.50070858001709 1.8677361011505127 -0.11105798184871674
v -2.3894665241241455 2.6155660152435303 -0.369668185710907
v -2.631424903869629 1.844962477684021 -0.6925506591796875
v -2.403639078140259 1.6984628438949585 0.3198932707309723
v -2.3314194679260254 2.1559436321258545 0.0221931841224432
v -2.388908863067627 1.857985019683838 -1.1241415739059448
v -2.2830710411071777 2.777358055114746 -0.7488549947738647
v -2.4067962169647217 2.40242338180542 -1.2504363059997559
v -2.466068983078003 2.491956949234009 -0.9345430731773376
v -2.4609620571136475 2.0649921894073486 0.47450384497642517
v -2.3082504272460938 1.902999997138977 -0.014801238663494587
v -2.632800817489624 2.4802987575531006 -0.721904456615448
v -2.2499070167541504 2.067553997039795 -1.2928884029388428
v -2.336926221847534 2.445526361465454 -1.295742154121399
v -2.0698869228363037 1.865975022315979 0.11383841186761856
v -2.635380983352661 1.8472857475280762 -0.6649041175842285
v -1.8844102621078491 2.4709925651550293 -0.6939631104469299
v -2.0684311389923096 2.0042898654937744 -1.1285761594772339
v -2.1242167949676514 1.7095309495925903 0.31775736808776855
v -2.641339063644409 1.8571780920028687 -0.5523632764816284
v -2.114347457885742 2.072194814682007 -1.1865322589874268
v -2.107224702835083 2.6242082118988037 -0.4599378705024719
v -2.5181071758270264 2.126058578491211 0.3624291718006134
v -2.187133312225342 3.0207529067993164 -0.4508628249168396
v -2.5857040882110596 2.5888419151306152 -0.4378855526447296
v -1.9762742519378662 2.565610647201538 -0.8254289627075195
v -2.5058388710021973 2.309967041015625 -0.28748711943626404
v -2.1754631996154785 2.875352621078491 -1.08246648311615
v -2.414163589477539 1.6930557489395142 -1.194834589958191
v -2.5 2.27695369720459 -0.39051109552383423
v -2.34906268119812 1.906686782836914 0.17782779037952423
v -2.141767978668213 2.4256820678710938 -0.9615892767906189
v -2.3518588542938232 1.7074999809265137 -0.13856197893619537
v -2.308175563812256 1.9037836790084839 -0.0001209280380862765
v -2.1779677867889404 2.373532295227051 -0.08281301707029343
v -2.2149250507354736 1.8902698755264282 0.2882254123687744
v -2.5483145713806152 2.137927532196045 -0.5851792097091675
v -2.610807418823242 1.848141074180603 -0.7820264101028442
v -2.2382428646087646 3.0713162422180176 -0.5787717700004578
v -2.0971169471740723 2.052507162094116 -0.5446683168411255
v -2.4625589847564697 2.0484700202941895 0.4822356700897217
v -1.9851679801940918 2.5689268112182617 -0.85643070936203
v -2.435091972351074 1.6820672750473022 -0.4924057126045227
v -2.2407662868499756 2.383934497833252 -1.0463770627975464
v -2.0722672939300537 1.709011435508728 -0.18736281991004944
v -2.26792311668396 1.6935769319534302 0.3938461244106293
v -2.303513288497925 2.3218955993652344 -1.3116711378097534
v -2.3220443725585938 1.695737600326538 0.3623058795928955
v -2.500886917114258 2.28566312789917 -0.5152080059051514
v -2.375499963760376 2.087284803390503 -0.3631337881088257
v -2.2429072856903076 2.4536242485046387 -0.4416886568069458
v -2.4571399688720703 1.8890454769134521 0.6067266464233398
v -2.4035966396331787 2.648078680038452 -0.30363187193870544
v -2.2694284915924072 2.4694278240203857 -0.017497200518846512
v -2.1757373809814453 2.4893481731414795 -1.2499066591262817
v -2.309499979019165 1.903437614440918 0.02843666635453701
v -2.4965994358062744 2.328054904937744 -0.4739452302455902
v -2.6323187351226807 1.7135000228881836 -0.9460262656211853
v -2.460886001586914 2.0659799575805664 0.4740099608898163
v -2.2709951400756836 1.894376277923584 0.18482163548469543
v -2.3475000858306885 1.7056334018707275 -0.06776774674654007
v -2.7137515544891357 1.7105000019073486 -0.02795455791056156
v -2.256782054901123 3.083108901977539 -0.4816898703575134
v -2.0550920963287354 1.6979079246520996 -0.40940189361572266
v -1.9669746160507202 2.565500020980835 -0.7843482494354248
v -2.287686347961426 2.789839506149292 -0.8559414744377136
v -2.1623246669769287 1.8645111322402954 0.5442910194396973
v -2.4862656593322754 1.7023040056228638 0.28322502970695496
v -1.9999158382415771 2.6649057865142822 -0.4860299229621887
v -2.5786917209625244 2.486945152282715 -0.957897424697876
v -2.5686187744140625 1.8490792512893677 -0.7596889138221741
v -2.448683977127075 2.106228828430176 -1.2053251266479492
v -2.341642141342163 3.04028582572937 -0.45192673802375793
v -2.303334951400757 1.874500036239624 0.5960699319839478
v -2.1852047443389893 2.671771287918091 -0.27629706263542175
v -2.0921242237091064 1.7084330320358276 -0.3089650273323059
v -2.1489675045013428 2.2254083156585693 -1.2561945915222168
v -2.031226396560669 1.7006349563598633 -0.5695548057556152
v -2.6075193881988525 2.5903658866882324 -0.8244244456291199
v -2.0831830501556396 1.7085793018341064 -0.11148153245449066
v -2.300968647003174 1.6944528818130493 -1.1839147806167603
v -2.3807144165039062 1.9630722999572754 -0.44685685634613037
v -2.0572621822357178 1.8265001773834229 -0.6664025783538818
v -2.2939999103546143 1.898371696472168 -0.3565259277820587
v -2.5744292736053467 1.9114048480987549 0.3593585193157196
v -2.694896697998047 1.715870976448059 0.34785187244415283
v -2.2525477409362793 2.6658804416656494 -0.11190441995859146
v -2.4469945430755615 1.7015000581741333 -0.3530000150203705
v -2.2694032192230225 2.469226121902466 -0.016791395843029022
v -2.7149016857147217 1.7123037576675415 0.005655096843838692
v -2.376920223236084 1.9761401414871216 -1.2347733974456787
v -2.1923742294311523 2.6546993255615234 -0.2913532257080078
v -2.280947208404541 1.691631555557251 -1.2083420753479004
v -2.3468451499938965 1.8935768604278564 -0.4589231312274933
v -2.282935857772827 1.6918123960494995 -1.208583116531372
v -2.285956621170044 2.797910451889038 -0.46964946389198303
v -2.4188735485076904 2.470198631286621 0.03904835507273674
v -2.0956497192382812 1.716074824333191 0.006334988866001368
v -2.0291643142700195 1.8817970752716064 -0.7192489504814148
v -2.4165101051330566 2.3337574005126953 -1.1407828330993652
v -2.6483395099639893 1.8645000457763672 -0.43270936608314514
v -2.4015979766845703 2.9300968647003174 -0.8257931470870972
v -2.2582457065582275 1.881553053855896 -0.4843938946723938
v -2.2508156299591064 2.201092004776001 -0.8431181907653809
v -2.1979541778564453 2.9691314697265625 -1.027001976966858
v -2.5034241676330566 2.3267276287078857 -0.134397953748703
v -2.0757501125335693 2.609306812286377 -0.9648295044898987
v -2.3539958000183105 2.4836342334747314 -1.2837885618209839
v -2.0865232944488525 1.8618953227996826 0.024440838024020195
v -2.3307063579559326 2.327995538711548 -0.6243394017219543
v -2.186269760131836 2.729252815246582 -1.1540786027908325
v -2.556793212890625 2.0332038402557373 -0.6214340925216675
v -2.387054681777954 2.3228518962860107 -1.2660000324249268
v -2.3113532066345215 1.9160000085830688 -0.24193702638149261
v -2.373208522796631 2.1234970092773438 -0.3172544538974762
v -2.4786880016326904 1.7424999475479126 0.5374394655227661
v -2.0985031127929688 2.0190000534057617 -0.6944088339805603
v -2.48547101020813 1.6916593313217163 -1.154086947441101
v -2.3081767559051514 1.9033534526824951 -0.009611515328288078
v -2.254690170288086 2.311583995819092 -1.0553274154663086
v -2.68866229057312 1.8620675802230835 -0.02055365964770317
v -2.117105007171631 2.775705337524414 -0.408096581697464
v -2.347238540649414 2.7501604557037354 -1.1242694854736328
v -2.516648054122925 1.906630039215088 -1.0693590641021729
v -2.7170000076293945 1.7183469533920288 0.09947469085454941
v -2.6775267124176025 1.8623054027557373 -0.06956131756305695
v -2.5514376163482666 1.8779019117355347 -0.624571681022644
v -2.135188341140747 3.0102527141571045 -0.644080400466919
v -2.220353126525879 3.180265426635742 -0.7952319979667664
v -2.500023365020752 2.1036596298217773 -0.9899516701698303
v -2.308286190032959 1.9038574695587158 -0.0009322092519141734
v -2.2475638389587402 2.339292287826538 -1.05649995803833
v -2.501267433166504 1.9657734632492065 -1.141703486442566
v -2.110780954360962 1.6722134351730347 -1.1652107238769531
v -2.1235342025756836 1.86278235912323 0.4320681393146515
v -2.3508663177490234 1.878894329071045 0.598209798336029
v -2.472221851348877 2.659926176071167 -1.071532130241394
v -2.5484275817871094 2.137362003326416 -0.5856035351753235
v -2.320192813873291 1.905578851699829 -0.11574508994817734
v -2.5621886253356934 2.641162395477295 -0.9992268681526184
v -2.422422409057617 2.527400493621826 -0.21478775143623352
v -2.062999963760376 1.6960437297821045 -0.3307587206363678
v -2.242008924484253 2.712458610534668 -0.1344793289899826
v -2.5612494945526123 2.7072503566741943 -0.46851110458374023
v -2.6330292224884033 1.7253193855285645 0.12918062508106232
v -2.4396400451660156 1.7305443286895752 -0.8629876375198364
v -2.2460057735443115 2.6934707164764404 -0.12488475441932678
v -2.2226948738098145 3.1425843238830566 -0.8939415216445923
v -2.4329261779785156 1.730362892150879 -0.86085444688797
v -1.9894776344299316 2.5710277557373047 -0.8691384196281433
v -2.6087136268615723 2.463547468185425 -0.8908594846725464
v -2.6369245052337646 1.735126256942749 0.4513886570930481
v -2.2288668155670166 2.214583396911621 -0.7648165822029114
v -2.3706657886505127 1.7070000171661377 -0.22854651510715485
v -2.61548113822937 2.6292166709899902 -0.5482943058013916
v -2.1860883235931396 2.730764865875244 -1.1533528566360474
v -2.5098862648010254 2.492793321609497 -0.9072871804237366
v -2.686379909515381 1.7168798446655273 -0.7718019485473633
v -2.2065391540527344 1.88503897190094 0.32468801736831665
v -2.658635139465332 1.8576823472976685 -0.2513764500617981
v -2.3790996074676514 2.60003924369812 -0.41254153847694397
v -2.549121856689453 1.8795558214187622 -0.6166318655014038
v -2.1139605045318604 2.125005006790161 -0.5087376236915588
v -2.34946346282959 1.7071423530578613 -0.11684589087963104
v -2.2255001068115234 3.1594412326812744 -0.8579351902008057
v -2.3883321285247803 1.7060556411743164 -0.27249765396118164
v -2.5618093013763428 2.0213429927825928 0.4284047484397888
v -2.2932231426239014 2.345330238342285 0.20578241348266602
v -2.48384165763855 2.154965877532959 -0.9276739954948425
v -2.518944263458252 2.7707226276397705 -0.4084811806678772
v -2.521941900253296 2.217968702316284 -0.5126206874847412
v -2.104917526245117 3.043205976486206 -0.6992315053939819
v -2.5257740020751953 2.493886947631836 -0.8410334587097168
v -2.062999963760376 1.6956605911254883 -0.33433428406715393
v -2.344325304031372 1.8866032361984253 0.14929363131523132
v -2.254697799682617 2.09578013420105 -1.3030933141708374
v -2.1061201095581055 2.059175491333008 -1.1776293516159058
v -2.3241217136383057 2.5525262355804443 -0.49696084856987
v -2.090022087097168 2.1349191665649414 -0.9362499117851257
v -2.072183847427368 2.431835174560547 -1.1458041667938232
v -2.1760289669036865 2.775662422180176 -1.120827317237854
v -2.427969455718994 2.4360127449035645 0.10117021203041077
v -2.486264705657959 2.4290294647216797 -0.3279290497303009
v -2.2489662170410156 2.680553913116455 -0.11848627775907516
v -2.024386405944824 1.8745152950286865 -0.7653774619102478
v -2.1163175106048584 2.1454710960388184 -0.49760574102401733
v -2.5590121746063232 2.529914617538452 -1.0982929468154907
v -2.5666732788085938 2.499720335006714 -1.013420581817627
v -2.1000475883483887 2.6921777725219727 -0.344452440738678
v -2.6365084648132324 2.4660086631774902 -0.7949513792991638
v -2.0591938495635986 1.8670612573623657 0.24660231173038483
v -2.071502447128296 1.6653337478637695 -1.1287529468536377
v -2.6495070457458496 1.8645000457763672 -0.41317611932754517
v -2.6548714637756348 1.8623853921890259 -0.3098403513431549
v -2.5446386337280273 2.1476633548736572 -0.5777573585510254
v -2.4850246906280518 1.7241771221160889 0.10688599199056625
v -2.191147804260254 1.8825000524520874 0.39864102005958557
v -2.0675833225250244 2.6029961109161377 -0.9592612385749817
v -2.496835231781006 2.523658514022827 -1.1681647300720215
v -2.483581304550171 2.239593267440796 0.21127288043498993
v -2.1519999504089355 1.8708683252334595 0.4858158826828003
v -2.1112148761749268 1.8556113243103027 -1.0652692317962646
v -2.4672181606292725 2.4922873973846436 -0.9345478415489197
v -2.0708634853363037 1.8252158164978027 -0.5475918054580688
v -2.1139864921569824 1.6727476119995117 -1.1676146984100342
v -2.6692280769348145 1.8604093790054321 -0.1154039055109024
v -1.9767429828643799 2.613144874572754 -0.5530509352684021
v -2.192570686340332 1.9157837629318237 -1.1727838516235352
v -2.4347031116485596 2.241792917251587 -1.0943418741226196
v -2.265960931777954 1.7229951620101929 0.5753639936447144
v -2.684537172317505 1.8624999523162842 -0.03913620859384537
v -2.390385389328003 3.034303665161133 -0.7084518074989319
v -2.1881070137023926 2.9078216552734375 -1.060540795326233
v -2.256469249725342 1.8746931552886963 0.5959631204605103
v -2.3951528072357178 2.549673080444336 -1.2358269691467285
v -2.2048001289367676 1.7127875089645386 -0.7743625640869141
v -2.326200246810913 2.1167008876800537 0.08539818227291107
v -2.069251775741577 1.8638496398925781 0.2966805696487427
v -2.384331226348877 1.722000002861023 -0.8261198997497559
v -2.5584537982940674 1.8617290258407593 -0.6729493737220764
v -2.0710833072662354 1.7082916498184204 -0.19579188525676727
v -2.2470734119415283 2.1661510467529297 0.30388587713241577
v -2.2566397190093994 2.121163845062256 -1.3140586614608765
v -2.5532751083374023 2.035756826400757 0.42362964153289795
v -2.2769999504089355 2.8655762672424316 -0.5814047455787659
v -2.0846407413482666 2.678468942642212 -0.3593592047691345
v -2.2498745918273926 2.201625347137451 -0.8359962701797485
v -2.504915475845337 2.19998836517334 0.2897462844848633
v -1.9782382249832153 2.615574359893799 -0.5487528443336487
v -2.029186248779297 1.8818234205245972 -0.7191086411476135
v -2.028977394104004 2.58613657951355 -0.9302048087120056
v -2.3550119400024414 1.708304762840271 -0.1648034155368805
v -2.19984769821167 2.4692578315734863 -0.39501383900642395
v -2.2480874061584473 2.6838185787200928 -0.11999313533306122
v -2.2858965396881104 2.7935116291046143 -0.8635231852531433
v -2.518632173538208 2.5196807384490967 -1.1591548919677734
v -1.9614907503128052 2.5861542224884033 -0.6112918257713318
v -2.481630802154541 1.8768690824508667 -0.29520726203918457
v -2.4502570629119873 1.7414660453796387 0.5492039322853088
v -2.5752477645874023 2.4878129959106445 -0.969070315361023
v -2.1026663780212402 3.0817995071411133 -0.7903652787208557
v -2.4210124015808105 2.581012487411499 -1.2135694026947021
v -2.48189377784729 1.8766064643859863 -0.29328081011772156
v -2.4131622314453125 2.1977219581604004 -1.2458375692367554
v -2.3013226985931396 1.8899366855621338 -0.46562665700912476
v -2.6851396560668945 1.7152795791625977 -0.7965264916419983
v -2.3489561080932617 1.7068040370941162 -0.11008048057556152
v -2.147067070007324 2.268012046813965 -0.3584481477737427
v -2.561314821243286 2.620640993118286 -0.40508559346199036
v -2.1142749786376953 2.072050094604492 -1.1864525079727173
v -2.2544033527374268 2.199596881866455 -0.8725493550300598
v -2.453432321548462 2.1543524265289307 0.41271522641181946
v -2.3412246704101562 2.8589694499969482 -1.0552549362182617
v -2.237795829772949 2.4018380641937256 -0.9773380160331726
v -2.122490644454956 2.1709814071655273 -1.066948413848877
v -2.4233312606811523 2.4681787490844727 -0.4174269735813141
v -2.052633285522461 1.9601337909698486 -1.0784004926681519
v -2.3395845890045166 2.8341150283813477 -1.0759772062301636
v -2.5169739723205566 2.180553436279297 -0.6725507974624634
v -2.123340368270874 2.174436092376709 -0.7936597466468811
v -2.526604175567627 2.5396926403045654 -0.639620304107666
v -2.5032927989959717 1.6928423643112183 -1.140405535697937
v -2.7046258449554443 1.8554999828338623 0.1473972350358963
v -2.516918420791626 2.6845862865448 -0.3344501554965973
v -2.5150797367095947 2.12273907661438 -0.8857244253158569
v -2.077681541442871 1.6663635969161987 -1.1357040405273438
v -2.455296516418457 1.8897161483764648 -0.4123942255973816
v -2.6956558227539062 1.716874361038208 0.34044238924980164
v -2.064892530441284 2.4338438510894775 -1.138892650604248
v -2.4603569507598877 1.731116771697998 -0.869168758392334
v -2.3722662925720215 2.177701234817505 -0.2001630663871765
v -2.059283971786499 2.4350504875183105 -1.1334360837936401
v -1.966625690460205 2.565500020980835 -0.7822542786598206
v -2.484184741973877 2.2365756034851074 0.21700631082057953
v -2.6606006622314453 1.8574999570846558 -0.22879096865653992
v -2.353435754776001 1.7174839973449707 -1.0012811422348022
v -2.286308526992798 2.79213809967041 -0.8607760071754456
v -2.372999906539917 2.157475471496582 -0.25355181097984314
v -2.075606346130371 2.1328213214874268 -0.902855634689331
v -2.1952407360076904 1.85935640335083 -0.5336020588874817
v -2.3279855251312256 2.0134050846099854 0.16947084665298462
v -2.717027425765991 1.7199726104736328 0.13353893160820007
v -2.5695059299468994 1.8554999828338623 -0.8568390607833862
v -2.507294178009033 2.1967058181762695 0.2953006327152252
v -1.9808951616287231 2.4310812950134277 -1.0113712549209595
v -2.2300868034362793 1.8722121715545654 -0.5034631490707397
v -2.436079978942871 2.2876644134521484 0.29769057035446167
v -2.2884318828582764 2.5795507431030273 -0.9356017708778381
v -2.2226648330688477 3.1701295375823975 -0.8305702209472656
v -2.669893264770508 1.8604999780654907 -0.11048554629087448
v -2.1414177417755127 2.7103424072265625 -0.2914520800113678
v -2.4636378288269043 2.035888671875 0.4871893525123596
v -2.039461851119995 1.7060095071792603 -0.4907188415527344
v -2.3074162006378174 2.293210029602051 0.277893990278244
v -2.087390661239624 1.8545559644699097 -0.19649042189121246
v -2.487140417098999 2.085172653198242 -1.0909035205841064
v -2.2667315006256104 3.1249256134033203 -0.6472727060317993
v -2.3954999446868896 2.646813154220581 -0.13169851899147034
v -2.372743844985962 2.1345739364624023 -0.29837679862976074
v -2.647726058959961 1.7135000228881836 -0.9173545241355896
v -2.238553047180176 2.3923144340515137 -1.040158987045288
v -2.1023471355438232 2.8859143257141113 -0.8315668702125549
v -2.6176767349243164 2.4998233318328857 -0.6580299735069275
v -2.4264163970947266 2.3490076065063477 0.21590633690357208
v -2.183990001678467 2.5017175674438477 -0.2601391077041626
v -2.4313881397247314 2.4707961082458496 -0.40307050943374634
v -2.1379034519195557 1.7134517431259155 0.1525409072637558
v -2.1579601764678955 2.218672275543213 -0.7195754051208496
v -2.2073493003845215 1.9557536840438843 -1.2195137739181519
v -2.698798418045044 1.8746315240859985 0.4056225121021271
v -2.2315568923950195 2.5553863048553467 -0.430752694606781
v -2.2499911785125732 2.6701290607452393 -0.9599999785423279
v -2.5619707107543945 2.6412057876586914 -0.9994556903839111
v -2.0800302028656006 2.0134217739105225 -0.8097403645515442
v -2.131937265396118 2.708484172821045 -0.3027724027633667
v -2.2663354873657227 3.0074727535247803 -1.0254383087158203
v -2.709005117416382 1.7075148820877075 -0.4623057544231415
v -2.375908136367798 2.864034652709961 -0.3860229551792145
v -2.5247962474823 1.9111778736114502 0.20777074992656708
v -2.1835498809814453 2.366450309753418 -0.03957577049732208
v -2.2098658084869385 3.028212547302246 -0.4259529411792755
v -2.4281249046325684 2.154458522796631 -1.2322916984558105
v -2.3042995929718018 1.9111396074295044 -0.29480186104774475
v -2.2421674728393555 3.076556444168091 -0.5611070990562439
v -2.348644733428955 1.693144679069519 0.13213209807872772
v -2.4120962619781494 2.4759490489959717 -0.3460056781768799
v -2.148132085800171 2.5336058139801025 -0.9331845045089722
v -2.1539106369018555 2.84043550491333 -0.759516716003418
v -2.069023847579956 1.707309603691101 -0.2068801075220108
v -2.529461145401001 1.8383301496505737 -0.9719080328941345
v -2.486697196960449 2.2531368732452393 0.18842296302318573
v -2.157362222671509 3.0034470558166504 -0.9840964078903198
v -2.3045105934143066 2.7976701259613037 -0.4726686179637909
v -2.498262405395508 1.874000072479248 -0.1635695844888687
v -2.148332357406616 2.2713863849639893 -0.3527539074420929
v -2.6622307300567627 1.8572309017181396 -0.20668764412403107
v -2.380513906478882 2.7030365467071533 -1.1244174242019653
v -1.991387963294983 1.691193699836731 0.10152789950370789
v -2.369835138320923 1.901070475578308 -1.180446982383728
v -2.0343732833862305 2.435420513153076 -1.108742356300354
v -2.571432590484619 2.490567445755005 -0.9839505553245544
v -2.113166093826294 2.115079164505005 -0.5135020017623901
v -2.238091230392456 1.7199559211730957 0.5675598382949829
v -2.522028684616089 1.8830294609069824 0.5955885648727417
v -2.138885498046875 2.2098641395568848 -0.44360485672950745
v -2.7164180278778076 1.7164181470870972 0.06819026917219162
v -2.708016872406006 1.8599658012390137 0.32737603783607483
v -2.114168405532837 1.6976585388183594 0.41668298840522766
v -2.15592360496521 2.7078845500946045 -0.2793843746185303
v -2.4588847160339355 1.8869847059249878 -0.3998386859893799
v -2.176523447036743 2.793015480041504 -1.1138594150543213
v -2.716458320617676 1.7200000286102295 0.14370809495449066
v -2.2469518184661865 2.0701565742492676 0.385921835899353
v -2.403437852859497 2.476116180419922 -0.9409999847412109
v -2.2773427963256836 3.003817319869995 -0.38347160816192627
v -2.2607357501983643 1.8748713731765747 0.596500039100647
v -2.580298900604248 2.4864859580993652 -0.9528460502624512
v -2.5384137630462646 2.549461841583252 -1.128821849822998
v -2.4322433471679688 1.686516284942627 -0.5045377612113953
v -2.5145492553710938 2.2299916744232178 -0.4951971471309662
v -2.13750958442688 1.7155190706253052 0.26074302196502686
v -2.3996005058288574 2.466320276260376 -0.3628392219543457
v -2.119025468826294 1.8524178266525269 -1.0767300128936768
v -2.156862258911133 1.7125948667526245 0.08059486746788025
v -2.481940984725952 2.716163396835327 -0.3028418719768524
v -2.503171682357788 2.3274850845336914 -0.14070960879325867
v -2.5290000438690186 2.5212204456329346 -0.7068282961845398
v -2.1067328453063965 2.341320753097534 -1.1728626489639282
v -2.317420244216919 1.9152898788452148 -0.1960076242685318
v -2.558689832687378 1.8419225215911865 -0.8765039443969727
v -2.37212872505188 1.7070000171661377 -0.23337425291538239
v -2.115217685699463 2.494476556777954 -0.9052175879478455
v -2.314532518386841 1.716403603553772 0.08340372890233994
v -1.9489339590072632 2.5297157764434814 -0.5268935561180115
v -2.301785707473755 2.4428257942199707 -0.48832568526268005
v -2.2037017345428467 1.883567214012146 0.33985722064971924
v -2.582350730895996 1.9376944303512573 -0.6653282046318054
v -2.2753818035125732 2.8844640254974365 -0.6508995890617371
v -2.028249740600586 1.880582571029663 -0.7260042428970337
v -2.030005693435669 1.882806658744812 -0.7138639092445374
v -2.610774040222168 2.5786654949188232 -0.7316813468933105
v -2.171722650527954 2.857191324234009 -1.0906212329864502
v -2.444891929626465 2.23260498046875 0.3466551601886749
v -2.559596300125122 1.9105000495910645 0.31730857491493225
v -2.5031168460845947 2.2892754077911377 -0.3587900698184967
v -2.0597078800201416 2.4761946201324463 -0.8057703971862793
v -2.308528423309326 1.8856921195983887 0.16111572086811066
v -2.4957940578460693 2.354379415512085 -0.44523850083351135
v -2.6310195922851562 1.713456392288208 -0.9488539695739746
v -2.5313315391540527 2.5226173400878906 -1.1499031782150269
v -2.1884851455688477 2.659856081008911 -1.1963069438934326
v -2.5170488357543945 1.9087352752685547 0.19451922178268433
v -2.5312857627868652 2.753234386444092 -0.4272654354572296
v -2.0545313358306885 1.7067309617996216 0.08590343594551086
v -2.078836441040039 1.7096658945083618 -0.1384817659854889
v -2.4917423725128174 2.4408516883850098 -0.3029060959815979
v -2.4683637619018555 1.8925515413284302 -0.4968636929988861
v -2.693080425262451 1.7136003971099854 0.3628370463848114
v -2.5177879333496094 2.1278672218322754 0.3611525893211365
v -2.2632834911346436 1.712499976158142 -0.329518586397171
v -2.2785000801086426 2.851473093032837 -0.6758952140808105
v -2.240095376968384 2.0275142192840576 -1.2739187479019165
v -2.548673391342163 2.725774049758911 -0.4531049430370331
v -2.3821215629577637 2.049553394317627 -0.39683833718299866
v -2.138179302215576 1.7140380144119263 0.1552419811487198
v -2.4956271648406982 2.351043701171875 -0.4490748643875122
v -2.487260341644287 2.42152738571167 -0.3448495864868164
v -2.181044816970825 2.586268186569214 -1.2314329147338867
v -2.2113840579986572 1.9647681713104248 -1.2275995016098022
v -2.248643159866333 2.525676965713501 -0.11437193304300308
v -2.2900617122650146 2.766061544418335 -0.8088697195053101
v -2.120642900466919 1.708510160446167 -0.31234005093574524
v -2.372999906539917 2.131040334701538 -0.30433568358421326
v -1.9555455446243286 2.4230000972747803 -0.9461706280708313
v -1.9569998979568481 2.570765972137451 -0.6607597470283508
v -2.193504571914673 2.9270365238189697 -1.0476454496383667
v -2.6863043308258057 1.7173917293548584 -0.7633405923843384
v -2.221942663192749 1.6849250793457031 -1.2009251117706299
v -2.401564836502075 1.890344500541687 0.6104534268379211
v -2.529790163040161 2.755371332168579 -0.4251287877559662
v -2.6291892528533936 1.8496021032333374 -0.7498063445091248
v -2.396451234817505 3.0523293018341064 -0.7689270377159119
v -2.432612657546997 1.685629963874817 -0.5024698972702026
v -1.9855796098709106 1.6740398406982422 -0.7536368370056152
v -2.6221349239349365 2.4950928688049316 -0.6724938750267029
v -2.6241071224212646 2.601928234100342 -0.6573224067687988
v -2.1865432262420654 2.7269723415374756 -1.1551731824874878
v -2.1765081882476807 2.806450843811035 -1.1098933219909668
v -2.49263334274292 2.4037835597991943 -0.3792995810508728
v -2.6262388229370117 2.4896655082702637 -0.6900989413261414
v -2.4951658248901367 2.3214986324310303 -0.06848857551813126
v -2.097907304763794 2.6104073524475098 -0.48253729939460754
v -2.3564085960388184 1.695000171661377 -1.2083091735839844
v -2.5205156803131104 1.8331495523452759 -0.9370434284210205
v -2.500791072845459 2.1042184829711914 -0.9862263202667236
v -2.0565474033355713 2.716890335083008 -0.4430287182331085
v -2.5278282165527344 2.49582839012146 -0.8172475099563599
v -2.0574820041656494 1.868499994277954 0.19601814448833466
v -2.527165412902832 2.494830846786499 -0.8281866312026978
v -2.242064952850342 2.401304244995117 -0.9768043756484985
v -2.347369432449341 1.7051305770874023 -0.035179171711206436
v -2.35703444480896 2.549314022064209 -0.4965580999851227
v -2.066546678543091 2.016476631164551 -0.8746078610420227
v -2.0561113357543945 1.8853716850280762 -0.6463244557380676
v -2.3970000743865967 3.0495059490203857 -0.7575238943099976
v -2.178610324859619 3.0177178382873535 -0.4654098451137543
v -2.080744504928589 1.8521630764007568 -0.23299165070056915
v -2.1485464572906494 2.1988003253936768 -1.2506037950515747
v -2.6836352348327637 1.713405728340149 -0.6755977272987366
v -2.2467689514160156 2.8079922199249268 -0.6928001642227173
v -2.2234814167022705 1.8694913387298584 -0.5085172653198242
v -2.1323845386505127 2.664548873901367 -0.4179922342300415
v -2.5192432403564453 2.5512592792510986 -0.6139812469482422
v -2.4020745754241943 2.6419546604156494 -0.3131648898124695
v -2.249087333679199 3.082736015319824 -0.6044905781745911
v -2.3523659706115723 1.7172164916992188 -1.0059611797332764
v -2.1042349338531494 2.287113904953003 -1.1554597616195679
v -2.501138687133789 1.8701673746109009 -0.12816932797431946
v -2.066816806793213 2.424628973007202 -0.9413439631462097
v -2.3833234310150146 2.604823350906372 -0.3994333744049072
v -2.7114999294281006 1.859605073928833 0.31064680218696594
v -2.22520112991333 3.162144660949707 -0.8516126275062561
v -2.415593385696411 2.300614356994629 -1.1405162811279297
v -2.1325314044952393 1.668637990951538 0.4732239246368408
v -2.2355403900146484 2.034698963165283 0.41624823212623596
v -2.372596025466919 1.8111735582351685 -1.0744460821151733
v -2.1819403171539307 2.2796432971954346 -0.5930153131484985
v -2.3926401138305664 2.6763391494750977 -0.1416296660900116
v -2.6827433109283447 1.7131624221801758 -0.8303218483924866
v -2.319063186645508 2.3027355670928955 -0.6614828705787659
v -2.4952478408813477 2.273495674133301 0.14301250874996185
v -2.3588035106658936 2.197535514831543 -0.10489174723625183
v -2.302509069442749 1.69638192653656 -1.174553632736206
v -2.2303688526153564 2.811846971511841 -0.702662467956543
v -2.525662899017334 1.8347907066345215 -0.9283603429794312
v -2.5003018379211426 1.9562853574752808 -1.136078119277954
v -2.321500062942505 1.9094014167785645 -0.1417115330696106
v -2.484477996826172 2.1646697521209717 -0.9405595660209656
v -2.1849112510681152 1.8559763431549072 -0.5430768728256226
v -2.2796525955200195 2.4009006023406982 0.13192561268806458
v -2.5413978099823 1.8843231201171875 -0.59397292137146
v -2.0902414321899414 1.7122241258621216 -0.05074173957109451
v -2.5490200519561768 1.8796285390853882 -0.6162827014923096
v -2.0055673122406006 2.6735897064208984 -0.4755015969276428
v -2.383791446685791 2.0295472145080566 -0.41041338443756104
v -2.11708927154541 1.7088178396224976 0.34732481837272644
v -2.5000131130218506 1.8721085786819458 -0.15178611874580383
v -2.453204393386841 2.158912181854248 0.40838366746902466
v -2.503005266189575 2.3284921646118164 -0.1690625250339508
v -2.179155111312866 1.7130813598632812 0.0809999331831932
v -2.3315374851226807 2.807309150695801 -0.4778642952442169
v -2.037443161010742 2.5403859615325928 -0.5831708312034607
v -2.3636457920074463 3.027547836303711 -0.5080500841140747
v -2.2569949626922607 2.4455976486206055 -0.45967039465904236
v -2.0380914211273193 2.026580810546875 -0.9378276467323303
v -2.5746636390686035 1.9913830757141113 0.4377477467060089
v -2.1235408782958984 2.4262330532073975 -0.9563354849815369
v -2.0023038387298584 1.7064050436019897 -0.2637658715248108
v -2.517676591873169 2.2059261798858643 -0.6170595288276672
v -2.699944496154785 1.725000023841858 -0.27314749360084534
v -2.1860008239746094 1.6804375648498535 -1.195547103881836
v -2.3948872089385986 2.2530264854431152 -1.2620563507080078
v -2.2779085636138916 2.8545947074890137 -0.5743201971054077
v -2.5780842304229736 1.8458168506622314 -0.8446484804153442
v -2.1470000743865967 2.26824951171875 -1.254660725593567
v -2.249850034713745 1.7133041620254517 -0.32608744502067566
v -2.1623332500457764 2.836117744445801 -0.7520294785499573
v -2.182574987411499 2.3675103187561035 -0.04439162835478783
v -2.0608043670654297 2.4224538803100586 -0.9383734464645386
v -2.3269386291503906 2.4174623489379883 -1.302707552909851
v -2.096595525741577 1.7164522409439087 0.013048732653260231
v -2.527975559234619 2.4959757328033447 -0.8148916959762573
v -2.1385698318481445 1.7173603773117065 0.1749642789363861
v -2.2605130672454834 2.805790901184082 -0.4651140570640564
v -2.6101577281951904 2.5080738067626953 -0.6279836893081665
v -2.429882764816284 2.690901517868042 -0.41756901144981384
v -2.0932435989379883 1.8597564697265625 -0.02701832540333271
v -2.55338454246521 1.8742693662643433 -0.6366533041000366
v -2.0681545734405518 2.015781879425049 -0.8667279481887817
v -2.289799928665161 2.358400583267212 0.18599869310855865
v -2.5528202056884766 1.9105000495910645 0.2936207950115204
v -2.341893434524536 2.8663268089294434 -1.048566460609436
v -2.1123733520507812 2.770735263824463 -0.4115736186504364
v -2.312479257583618 1.7091625928878784 -0.34151217341423035
v -2.2667593955993652 1.8949999809265137 0.1918211132287979
v -2.1937942504882812 2.9293534755706787 -1.04629385471344
v -2.5161845684051514 2.1503658294677734 0.34463414549827576
v -2.0888671875 1.7092890739440918 -0.076563261449337
v -2.2665348052978516 3.1241395473480225 -0.6461917757987976
v -2.2353317737579346 1.7152130603790283 0.0809999331831932
v -2.063408851623535 1.8656558990478516 0.2751351594924927
v -2.260976791381836 3.0756163597106934 -0.4492092430591583
v -2.3262734413146973 2.8042893409729004 -0.4768593907356262
v -2.5020477771759033 2.786404609680176 -0.39497843384742737
v -2.4460105895996094 2.604909658432007 -1.2014946937561035
v -2.623112440109253 1.7089349031448364 0.22484610974788666
v -2.142932653427124 2.386235475540161 -1.2821394205093384
v -2.303194522857666 2.2581946849823 -0.7423757314682007
v -2.053410530090332 1.93043851852417 -1.048349142074585
v -2.6535000801086426 1.8650000095367432 -0.3519408106803894
v -2.6128411293029785 2.538738250732422 -0.5150632858276367
v -2.7135567665100098 1.8574999570846558 0.23810160160064697
v -2.339909791946411 1.7128899097442627 -1.0598604679107666
v -2.5021305084228516 2.276848077774048 -0.5236518383026123
v -2.1429998874664307 2.3668713569641113 -1.2846026420593262
v -2.2793021202087402 1.8866440057754517 -0.4739859998226166
v -2.3081862926483154 2.4121410846710205 -0.9682863354682922
v -2.1603784561157227 2.224987030029297 -0.7101748585700989
v -2.3389484882354736 2.9076287746429443 -0.37901028990745544
v -2.4891960620880127 1.8746013641357422 -0.22843840718269348
v -2.3321657180786133 1.8928093910217285 -0.4601905643939972
v -2.3015661239624023 2.3149752616882324 0.25233030319213867
v -2.190307140350342 2.4735963344573975 -0.37749865651130676
v -2.037747383117676 1.8339999914169312 -0.8761215209960938
v -2.175921678543091 1.8536843061447144 -0.5507627129554749
v -2.4365830421447754 2.2847723960876465 0.300456702709198
v -2.5174362659454346 1.7292375564575195 -0.8864308595657349
v -2.571376323699951 1.9110000133514404 0.3526289165019989
v -2.3211891651153564 1.8868403434753418 0.15471014380455017
v -2.024343252182007 2.4932892322540283 -0.6903724074363708
v -2.356461524963379 2.822681427001953 -0.48482051491737366
v -2.588249921798706 1.9590001106262207 0.4468958377838135
v -2.3726413249969482 2.1497721672058105 -0.2705315947532654
v -2.6477510929107666 1.7039999961853027 -0.3544999361038208
v -2.237830638885498 2.2098584175109863 -0.7813028693199158
v -2.654996633529663 1.862009882926941 -0.30658581852912903
v -2.4093456268310547 2.497549295425415 -0.2970742881298065
v -2.2403831481933594 1.715448021888733 0.0809999331831932
v -2.5018465518951416 2.283560037612915 -0.37336012721061707
v -2.450848340988159 2.1797120571136475 0.38922223448753357
v -2.3490874767303467 1.7163232564926147 -1.0203264951705933
v -2.3066177368164062 2.2968759536743164 0.27389469742774963
v -2.536689519882202 1.8862025737762451 -0.5804465413093567
v -2.5164999961853027 2.139836311340332 0.3527144193649292
v -2.378513813018799 1.9495693445205688 -0.4518749713897705
v -2.6775875091552734 1.7122390270233154 -0.8551280498504639
v -2.1614785194396973 2.8172595500946045 -0.38870811462402344
v -2.020883560180664 1.8673080205917358 -0.885871410369873
v -2.481804609298706 2.6369118690490723 -0.48108813166618347
v -2.2907238006591797 2.254652261734009 -1.2977577447891235
v -2.1784262657165527 2.9978413581848145 -0.5792433023452759
v -2.5078911781311035 2.5681960582733154 -0.5791298747062683
v -2.0674281120300293 1.864401936531067 0.29048049449920654
v -2.581259250640869 1.931800127029419 -0.6677296161651611
v -2.382880449295044 1.8690040111541748 -1.1416234970092773
v -2.54616379737854 1.9125672578811646 0.2665584981441498
v -2.64107346534729 1.8566471338272095 -0.5587350726127625
v -2.4187045097351074 1.6971378326416016 -0.3285079300403595
v -2.429973602294922 2.3201680183410645 0.25627875328063965
v -2.327958106994629 2.420860528945923 -1.302027940750122
v -2.4789674282073975 1.8787661790847778 -0.3115454614162445
v -2.2765650749206543 2.813234567642212 -0.706525444984436
v -2.6405029296875 1.8555058240890503 -0.5729270577430725
v -2.4840354919433594 1.7311655282974243 -0.876678466796875
v -2.0231773853302 1.7105456590652466 -0.28897449374198914
v -2.3732008934020996 2.171107053756714 -0.2191835194826126
v -2.1237823963165283 2.7064130306243896 -0.3138045072555542
v -2.076029062271118 1.7100000381469727 -0.1587589979171753
v -2.150355339050293 3.0001440048217773 -0.6303587555885315
v -2.3530185222625732 3.0359907150268555 -0.4760418236255646
v -2.3560473918914795 3.0343453884124756 -0.4835110604763031
v -2.36153244972229 3.0077879428863525 -0.5573236346244812
v -2.4535272121429443 2.478632688522339 -1.208078145980835
v -2.3264272212982178 3.0423810482025146 -0.42199763655662537
v -2.3253302574157715 1.695861577987671 0.3605080246925354
v -2.4057016372680664 2.537916421890259 -0.9033541083335876
v -2.030698537826538 1.8836381435394287 -0.7094295024871826
v -2.6021974086761475 1.7406580448150635 0.48108768463134766
v -2.242388963699341 2.0494003295898438 0.40048858523368835
v -2.2691612243652344 2.490032434463501 -0.040169332176446915
v -2.180363416671753 2.828341245651245 -0.7362048625946045
v -2.4399068355560303 1.7016698122024536 -0.3530000150203705
v -2.1660356521606445 2.820772886276245 -0.38925257325172424
v -2.113290309906006 1.69991934299469 0.40884947776794434
v -2.1782143115997314 2.3743929862976074 -0.11642910540103912
v -2.418830633163452 1.8179994821548462 -1.0620008707046509
v -2.0708961486816406 2.586946487426758 -0.5207547545433044
v -2.4656357765197754 2.4933316707611084 -1.1975603103637695
v -2.3475000858306885 1.7055590152740479 -0.06650370359420776
v -2.219461441040039 2.275942087173462 0.1653464287519455
v -2.2201902866363525 1.6847437620162964 -1.2007439136505127
v -2.334879159927368 2.338667869567871 -0.6085435152053833
v -2.109650135040283 1.7081040143966675 -0.31147974729537964
v -2.209510326385498 2.5902211666107178 -0.37281525135040283
v -2.0319700241088867 1.701469898223877 -0.56292724609375
v -2.31857967376709 1.8749510049819946 0.5950980186462402
v -2.1044886112213135 2.0798428058624268 -0.5285167694091797
v -2.480635166168213 1.8778648376464844 -0.30250829458236694
v -2.142815113067627 1.8451858758926392 -1.0874388217926025
v -2.35109806060791 2.5696449279785156 -0.9224673509597778
v -2.2767062187194824 1.718658685684204 -0.8042537569999695
v -2.6650073528289795 1.8583357334136963 -0.15293362736701965
v -2.549593687057495 2.131531238555908 -0.5899764895439148
v -2.0125603675842285 1.6684898138046265 -0.9333319067955017
v -2.268601179122925 2.4373362064361572 -0.48175638914108276
v -2.3619210720062256 3.0915591716766357 -0.8686792254447937
v -2.448476552963257 2.2057998180389404 -1.046834945678711
v -2.0862157344818115 1.8619568347930908 0.02653300203382969
v -2.320186138153076 2.0591418743133545 0.1417549103498459
v -2.466153860092163 2.7255001068115234 -0.2867070436477661
v -2.3259479999542236 1.7070218324661255 -1.1075817346572876
v -2.254467487335205 2.1995325088500977 -0.8735122084617615
v -2.582958221435547 2.592339515686035 -0.4341605007648468
v -2.1130759716033936 2.426811695098877 -0.953752875328064
v -2.5215723514556885 1.9103493690490723 0.20244599878787994
v -2.3057546615600586 1.6951229572296143 0.37121906876564026
v -2.6455514430999756 1.8625516891479492 -0.4724060893058777
v -2.3954999446868896 2.9059929847717285 -0.398245245218277
v -2.093348264694214 2.907733678817749 -0.8656763434410095
v -2.638400077819824 2.470900058746338 -0.7678994536399841
v -2.134026050567627 1.666533350944519 0.48527777194976807
v -2.429500102996826 2.5364999771118164 -0.1674843579530716
v -2.4197614192962646 2.6733429431915283 -1.1083431243896484
v -2.5156257152557373 2.1243770122528076 -0.8769892454147339
v -2.144321918487549 2.5293219089508057 -0.931400716304779
v -2.0539510250091553 2.6535115242004395 -0.389458566904068
v -2.5005011558532715 1.8714988231658936 -0.14846010506153107
v -2.450223684310913 1.7225874662399292 0.1012185737490654
v -2.152333974838257 2.677346706390381 -0.4108844995498657
v -2.5031657218933105 2.3264999389648438 -0.12848888337612152
v -2.277360439300537 2.8888988494873047 -0.6001194715499878
v -2.144437313079834 2.2607245445251465 -0.37090063095092773
v -2.0387465953826904 1.8339999914169312 -0.8738154172897339
v -2.35992431640625 1.8873517513275146 0.14594484865665436
v -2.3951191902160645 3.053422451019287 -0.7756250500679016
v -2.14060378074646 2.2165884971618652 -0.43570399284362793
v -2.49399995803833 2.315507411956787 -0.033049702644348145
v -2.505474328994751 2.324551820755005 -0.216826930642128
v -2.7124924659729004 1.7189980745315552 0.1880761682987213
v -2.474870443344116 1.7015000581741333 -0.3530000150203705
v -2.369999885559082 2.1914000511169434 -0.14894935488700867
v -2.246753215789795 2.0678155422210693 0.38733887672424316
v -2.1143195629119873 2.1344475746154785 -0.5040261745452881
v -2.6942505836486816 1.7150633335113525 0.3531820476055145
v -2.6160242557525635 1.7093493938446045 -1.0040538311004639
v -2.3185620307922363 2.541818857192993 -0.10349994152784348
v -2.3205926418304443 2.054866075515747 0.14487111568450928
v -2.355184316635132 2.9826784133911133 -0.9683156609535217
v -2.50419545173645 2.201308250427246 0.28758662939071655
v -2.0922553539276123 1.7147552967071533 -0.02219570055603981
v -2.2086856365203857 1.8268834352493286 -1.0897945165634155
v -2.0531554222106934 1.9331159591674805 -1.0507715940475464
v -2.565000057220459 2.520449161529541 -1.057791829109192
v -2.3720366954803467 2.5482141971588135 -0.48924922943115234
v -2.6072328090667725 2.580698251724243 -0.7841076850891113
v -2.3185641765594482 2.3018620014190674 -0.6626058220863342
v -2.496000051498413 2.3781754970550537 -0.41740575432777405
v -2.3223049640655518 2.422978639602661 -0.9663422107696533
v -2.37808895111084 1.7353051900863647 0.5756211876869202
v -2.5130343437194824 2.1833112239837646 0.31089574098587036
v -2.1978206634521484 1.8819999694824219 0.3657170534133911
v -2.565000057220459 2.516900062561035 -1.0487502813339233
v -2.25451922416687 2.922215461730957 -0.38306868076324463
v -2.084275722503662 1.7085000276565552 -0.10593131184577942
v -2.535752773284912 1.9140632152557373 0.23375847935676575
v -2.427611827850342 2.430288791656494 0.10904021561145782
v -2.514796733856201 2.122025728225708 -0.8893036842346191
v -2.5385353565216064 1.7257355451583862 0.11467742919921875
v -2.2695000171661377 2.471484422683716 -0.022172095254063606
v -2.0130317211151123 1.6778595447540283 -0.7003740668296814
v -2.313645124435425 1.72910737991333 0.5825716257095337
v -2.7138214111328125 1.7105000019073486 -0.025855956599116325
v -2.25581955909729 1.8178832530975342 -1.0859118700027466
v -2.3254661560058594 1.7227110862731934 -0.824344277381897
v -2.41886305809021 2.351825475692749 -1.1389340162277222
v -2.302777051925659 2.310702323913574 0.2577638328075409
v -2.378607988357544 1.983735203742981 -1.2384836673736572
v -1.9855550527572632 1.6738899946212769 -0.7515143156051636
v -2.2894067764282227 2.7662203311920166 -0.7963982820510864
v -2.1202690601348877 1.7025904655456543 -0.7427941560745239
v -2.251467227935791 2.921992063522339 -0.38350337743759155
v -2.3686864376068115 2.0260567665100098 0.5273501873016357
v -2.339284658432007 2.8259689807891846 -1.0818079710006714
v -2.0236780643463135 1.6937226057052612 -0.6202977299690247
v -2.4273078441619873 2.425424814224243 0.11572837829589844
v -2.640500068664551 1.855364203453064 -0.5882585644721985
v -2.3904082775115967 2.552004814147949 -0.45587584376335144
v -2.265613555908203 3.1461856365203857 -0.6791649460792542
v -2.1851587295532227 2.7744503021240234 -1.1292346715927124
v -2.3193697929382324 1.7085318565368652 -0.34278035163879395
v -2.4644789695739746 2.0832724571228027 -1.1812783479690552
v -2.510179281234741 2.2574431896209717 0.07777378708124161
v -2.212911605834961 2.4650959968566895 -0.41291171312332153
v -2.634638786315918 1.7135000228881836 -0.9418500661849976
v -2.1795871257781982 1.6797990798950195 -1.1940960884094238
v -2.369697332382202 2.545185089111328 -0.10928752273321152
v -2.0263173580169678 1.6964904069900513 -0.6035865545272827
v -2.671614646911621 1.712499976158142 -0.8714717626571655
v -2.1760122776031494 2.830142021179199 -0.7400186061859131
v -2.3672916889190674 1.7343302965164185 0.5779246091842651
v -2.4493813514709473 2.1049888134002686 -1.2042402029037476
v -2.387479543685913 2.908634662628174 -0.7816141843795776
v -2.3945000171661377 2.8886144161224365 -0.4324626624584198
v -2.1470000743865967 2.26503849029541 -1.2548900842666626
v -2.150137186050415 2.5360565185546875 -0.9342984557151794
v -2.0320122241973877 1.8843374252319336 -0.7029447555541992
v -2.2890264987945557 2.787902593612671 -0.8518493175506592
v -2.1818153858184814 2.4998152256011963 -0.2687205374240875
v -2.361513376235962 2.5490782260894775 -0.4972653090953827
v -2.3879241943359375 2.539790153503418 -1.24505615234375
v -2.705249071121216 1.8552509546279907 0.16172809898853302
v -2.0613415241241455 2.0182018280029297 -0.8932735323905945
v -2.4081549644470215 1.69866943359375 0.3178136646747589
v -2.2827248573303223 1.8938188552856445 0.16882215440273285
v -2.502168655395508 2.786162853240967 -0.39515429735183716
v -2.703540563583374 1.7081396579742432 -0.5224140286445618
v -2.51213002204895 2.1153464317321777 -0.918614387512207
v -2.6381876468658447 2.4717495441436768 -0.7634395956993103
v -2.3493638038635254 2.7401416301727295 -1.1273056268692017
v -2.0686533451080322 1.7084542512893677 -0.30443984270095825
v -2.5084168910980225 1.7298388481140137 -0.883725106716156
v -2.049682378768921 1.8315529823303223 -0.8371410369873047
v -2.3467342853546143 2.858712911605835 -0.716351330280304
v -2.105055570602417 2.390042543411255 -1.1824584007263184
v -2.272735357284546 2.9116077423095703 -0.6127257347106934
v -2.3786280155181885 1.8780404329299927 -1.154319405555725
v -2.55619740486145 2.6424777507781982 -1.0058891773223877
v -2.709439516067505 1.7178032398223877 -0.3817565143108368
v -2.2527213096618652 1.71578049659729 0.08128053694963455
v -2.5547709465026855 2.6428020000457764 -1.0075103044509888
v -2.1838390827178955 1.855690360069275 -0.5440059900283813
v -2.4750521183013916 1.7314378023147583 -0.8736839890480042
v -2.5350430011749268 2.523453950881958 -1.1465940475463867
v -2.6954338550567627 1.7239340543746948 -0.2016897201538086
v -2.476749897003174 1.7015000581741333 -0.3530000150203705
v -2.524785280227661 1.8875316381454468 -1.034359097480774
v -2.661674976348877 1.8571624755859375 -0.2158992737531662
v -2.674875020980835 1.7077594995498657 -0.35312017798423767
v -2.5474839210510254 1.8798049688339233 0.5863386392593384
v -2.36053204536438 3.0309677124023438 -0.4975157082080841
v -2.3998589515686035 2.92739200592041 -0.8196101188659668
v -2.440175771713257 2.263607978820801 0.3210473954677582
v -2.3970460891723633 3.0531816482543945 -0.7806833982467651
v -2.0196282863616943 1.868371605873108 -0.8665543794631958
v -2.5679118633270264 1.9110000133514404 0.3422359526157379
v -2.7096457481384277 1.718500018119812 0.21654248237609863
v -2.4798314571380615 2.8027431964874268 -0.38585081696510315
v -2.517953395843506 2.1439177989959717 -0.7860146164894104
v -2.285426378250122 2.8031840324401855 -0.5100518465042114
v -2.3914389610290527 2.544560194015503 -1.240788221359253
v -2.249743938446045 2.331942081451416 -1.0564186573028564
v -2.3886475563049316 2.281403064727783 -1.2648521661758423
v -2.1053359508514404 2.3179073333740234 -1.1653597354888916
v -1.922183871269226 2.426377534866333 -0.8376326560974121
v -2.278167486190796 2.8527445793151855 -0.5732467770576477
v -2.4084999561309814 2.5093235969543457 -0.26961302757263184
v -2.272665500640869 3.028838872909546 -0.39850449562072754
v -2.0422465801239014 1.6633933782577515 -1.0708125829696655
v -2.703984498977661 1.7191288471221924 0.2706393599510193
v -2.2108638286590576 2.304543972015381 0.11423060297966003
v -2.600733518600464 2.5623466968536377 -0.4702598750591278
v -2.457285165786743 2.4898009300231934 -0.9060429930686951
v -2.2061755657196045 3.0182435512542725 -1.004742980003357
v -2.6968867778778076 1.7094999551773071 -0.566989004611969
v -2.3663103580474854 1.70492684841156 -0.3503596782684326
v -2.3652379512786865 3.02504825592041 -0.51654452085495
v -2.222451686859131 1.7146382331848145 -0.7813376784324646
v -2.3369572162628174 1.9642845392227173 0.18541453778743744
v -2.5033178329467773 1.7031961679458618 0.2757872939109802
v -2.382232427597046 2.7665107250213623 -0.18512672185897827
v -2.08760142326355 2.6809639930725098 -0.3564671576023102
v -2.027571678161621 1.8356952667236328 -0.897270917892456
v -2.1126604080200195 2.1554930210113525 -1.0206443071365356
v -2.286109447479248 2.2305471897125244 -1.291145920753479
v -2.0273425579071045 1.7103546857833862 -0.29095327854156494
v -1.983214020729065 2.567873001098633 -0.8496736288070679
v -2.6132102012634277 2.5802009105682373 -0.7204676866531372
v -2.0472328662872314 2.591116189956665 -0.9445297718048096
v -2.080430269241333 2.013488292694092 -0.8074056506156921
v -2.614851951599121 2.5847737789154053 -0.7067877054214478
v -2.3282835483551025 2.1952993869781494 0.3634878695011139
v -2.422657012939453 2.5276570320129395 -0.21387149393558502
v -2.380608081817627 2.8630385398864746 -0.46111351251602173
v -2.6060612201690674 2.598254442214966 -0.8545792102813721
v -2.204406976699829 3.027172803878784 -0.42985203862190247
v -2.302246332168579 1.696184754371643 -1.1765910387039185
v -2.6450295448303223 1.7135000228881836 -0.9223431348800659
v -2.0971150398254395 2.1396632194519043 -0.9605563282966614
v -2.3157386779785156 1.6946316957473755 -1.2111841440200806
v -2.496000051498413 2.3674240112304688 -0.43068355321884155
v -2.0642099380493164 1.8244999647140503 -0.607162356376648
v -2.1763672828674316 2.783449411392212 -1.1187957525253296
v -2.494096517562866 2.650678873062134 -1.0444309711456299
v -2.2230677604675293 2.5480756759643555 -0.49141615629196167
v -2.4385387897491455 1.8205077648162842 -1.0544828176498413
v -2.6170363426208496 2.5004639625549316 -0.656108558177948
v -2.0946297645568848 1.7155648469924927 -0.0010593072511255741
v -2.0032753944396973 2.6705336570739746 -0.478863000869751
v -2.4747769832611084 1.881361484527588 -0.3326149880886078
v -2.445237874984741 2.6042141914367676 -1.201880931854248
v -2.558854103088379 2.7096457481384277 -0.46709561347961426
v -2.4047906398773193 2.538910150527954 -0.9036025404930115
v -2.5055806636810303 2.311516523361206 -0.2802564203739166
v -2.58009672164917 2.5960183143615723 -0.430481493473053
v -2.466285228729248 2.7255001068115234 -0.2868182957172394
v -2.551481246948242 2.125056743621826 -0.5939684510231018
v -2.5183794498443604 2.491499900817871 -0.8871714472770691
v -2.573068141937256 2.489145517349243 -0.9769415259361267
v -2.5253171920776367 2.541944980621338 -0.6335065960884094
v -2.347611665725708 2.1876394748687744 -0.05150185152888298
v -2.0508720874786377 1.8303375244140625 -0.8279436826705933
v -2.2760655879974365 3.0104594230651855 -0.38730353116989136
v -2.6469056606292725 1.7135000228881836 -0.9187901616096497
v -2.1378002166748047 1.71340012550354 0.15205149352550507
v -2.1824612617492676 1.7099422216415405 -0.7658267617225647
v -2.652777910232544 1.7240451574325562 0.1304549127817154
v -2.3682010173797607 1.9348316192626953 -1.2084298133850098
v -2.286407947540283 2.5796473026275635 -0.935794472694397
v -2.017796039581299 2.4362449645996094 -1.0861939191818237
v -1.9605194330215454 2.5845389366149902 -0.6162872910499573
v -2.024878978729248 1.8650692701339722 -0.9104290008544922
v -2.413614273071289 2.8475537300109863 -0.37894394993782043
v -2.3083667755126953 1.903733491897583 -0.005431312136352062
v -2.7086844444274902 1.7212622165679932 -0.35445520281791687
v -2.2351505756378174 2.0340962409973145 0.41692185401916504
v -2.7004542350769043 1.7091363668441772 -0.5454562306404114
v -2.3281853199005127 2.4216179847717285 -1.301876425743103
v -2.1933705806732178 2.506185293197632 -0.23557405173778534
v -1.9902732372283936 1.6708906888961792 -0.6935790777206421
v -2.2641143798828125 1.8746211528778076 0.596500039100647
v -2.4569931030273438 2.109666347503662 0.4488891363143921
v -2.5305540561676025 2.0805752277374268 0.3984498977661133
v -2.328766107559204 1.6790271997451782 0.2089131474494934
v -2.6005001068115234 1.9054672718048096 0.44809815287590027
v -2.0200610160827637 1.870707392692566 -0.8068279027938843
v -2.1560752391815186 2.438225746154785 -1.2718186378479004
v -2.504915714263916 2.57327938079834 -0.5693441033363342
v -2.592855453491211 1.9132860898971558 0.4089944064617157
v -2.3312597274780273 2.991886615753174 -0.9889179468154907
v -2.372499942779541 2.1463510990142822 -0.27740678191185
v -2.059960126876831 1.9711999893188477 -0.5989199876785278
v -2.37296199798584 2.157803773880005 -0.25274068117141724
v -2.4560611248016357 2.1263267993927 0.43727007508277893
v -2.233748435974121 2.008821725845337 -1.262197494506836
v -2.472513198852539 2.076115131378174 -1.1701061725616455
v -2.494788408279419 2.2725765705108643 0.14577004313468933
v -2.126147508621216 1.6767868995666504 0.4607950747013092
v -2.3504526615142822 1.8095650672912598 -1.077804684638977
v -2.079524040222168 1.8325480222702026 -0.39206820726394653
v -2.4205551147460938 1.7011054754257202 -0.558027446269989
v -2.369699001312256 1.7071455717086792 -0.2252330631017685
v -2.0744540691375732 2.425834894180298 -0.9445595145225525
v -2.042011022567749 2.02506160736084 -0.9326117634773254
v -2.506983995437622 2.109070062637329 -0.9559237360954285
v -2.3078277111053467 1.69923996925354 -1.1532564163208008
v -2.1818289756774902 1.7118607759475708 -0.3157868981361389
v -2.5834121704101562 1.965043067932129 -0.6535529494285583
v -2.2016541957855225 2.8197853565216064 -0.7200605869293213
v -2.7054591178894043 1.7187602519989014 0.25688982009887695
v -2.513606548309326 2.119248628616333 -0.9027918577194214
v -2.710052490234375 1.718500018119812 0.21247419714927673
v -2.6717779636383057 1.8606555461883545 -0.09826581925153732
v -2.3857383728027344 3.0101165771484375 -0.6598549485206604
v -2.1133265495300293 2.07015323638916 -1.1854091882705688
v -2.240201234817505 2.2088422775268555 -0.7870606184005737
v -2.261802911758423 1.6933320760726929 0.3975182771682739
v -2.496000051498413 2.358820915222168 -0.44014689326286316
v -2.0572216510772705 1.8265001773834229 -0.6667269468307495
v -2.191699981689453 2.472935199737549 -0.38018810749053955
v -2.1026344299316406 1.7096277475357056 0.4422643482685089
v -2.1968319416046143 1.931878924369812 0.478261798620224
v -2.0268678665161133 1.864688754081726 -0.9197162389755249
v -2.360182285308838 1.8873701095581055 0.145889550447464
v -2.0186872482299805 1.8696259260177612 -0.8394845128059387
v -2.2017815113067627 2.5084004402160645 -0.2199173867702484
v -2.6060032844543457 2.5984861850738525 -0.8554483652114868
v -2.6844754219055176 1.7159262895584106 -0.7032143473625183
v -2.2578725814819336 3.094797134399414 -0.6135228276252747
v -2.31628155708313 1.9164999723434448 -0.2119559347629547
v -2.3116321563720703 2.4446263313293457 -0.48881229758262634
v -2.1840856075286865 2.3704142570495605 -0.1508587896823883
v -2.3840625286102295 2.744781732559204 -0.16668760776519775
v -1.9424940347671509 2.5090999603271484 -0.5511530041694641
v -2.2080764770507812 2.5103676319122314 -0.20968832075595856
v -2.6413674354553223 1.8572347164154053 -0.5516836047172546
v -2.3132119178771973 1.9015253782272339 -0.04543234407901764
v -2.5013790130615234 2.6433608531951904 -1.0324413776397705
v -2.6005001068115234 1.9058297872543335 0.44701072573661804
v -2.466958522796631 1.6909123659133911 -1.166752815246582
v -2.466656446456909 1.7015000581741333 -0.3530000150203705
v -2.6255409717559814 1.7130000591278076 -0.9643769860267639
v -2.2780725955963135 2.838731527328491 -0.685985803604126
v -2.499917984008789 2.2652392387390137 -0.421028733253479
v -2.4110209941864014 2.4822182655334473 0.016698425635695457
v -2.0315487384796143 2.4356772899627686 -1.1055325269699097
v -2.439908981323242 2.3991575241088867 -1.1371607780456543
v -2.405592679977417 1.7019767761230469 -0.30579304695129395
v -2.0477685928344727 2.4819233417510986 -0.7761142253875732
v -2.471830129623413 2.8094213008880615 -0.38330820202827454
v -2.1506550312042236 2.3171706199645996 -1.251655101776123
v -2.349801778793335 2.1903021335601807 -0.061147432774305344
v -2.0912437438964844 1.8605854511260986 -0.005462509114295244
v -2.1219980716705322 2.169996500015259 -1.06419038772583
v -2.453559398651123 2.1523773670196533 0.414592981338501
v -2.7142059803009033 1.8587939739227295 0.2923792004585266
v -2.425049066543579 2.366647720336914 -1.1378834247589111
v -2.4201371669769287 2.277860164642334 -1.1314072608947754
v -2.5838463306427 2.6829559803009033 -0.48332422971725464
v -2.514526605606079 2.159130334854126 -0.7326359748840332
v -2.2152750492095947 2.2869033813476562 0.14828261733055115
v -2.571636438369751 1.7069424390792847 0.24712423980236053
v -2.4704372882843018 1.7015000581741333 -0.3530000150203705
v -2.2708585262298584 1.8741215467453003 0.596500039100647
v -2.517162799835205 2.1296393871307373 -0.8478025794029236
v -2.308729648590088 1.903499960899353 0.0202943067997694
v -2.6022183895111084 2.5581886768341064 -0.47827908396720886
v -2.709275007247925 1.718625783920288 -0.37566903233528137
v -2.3640804290771484 2.548906087875366 -0.49651336669921875
v -2.5290212631225586 1.7008380889892578 -0.3539999723434448
v -2.0565409660339355 1.8265001773834229 -0.6721715927124023
v -2.046477794647217 1.8869091272354126 -0.6608629822731018
v -2.5207736492156982 2.10793399810791 0.37505677342414856
v -2.494324207305908 2.319446086883545 -0.05558169633150101
v -2.3243331909179688 1.7080000638961792 -0.34366658329963684
v -2.491658926010132 1.874500036239624 -0.20876842737197876
v -2.0659091472625732 1.7080605030059814 0.08393935859203339
v -2.5384719371795654 2.7426154613494873 -0.43788447976112366
v -2.515500068664551 2.156346082687378 0.3387428820133209
v -2.274883985519409 2.787651777267456 -0.929071307182312
v -2.060915946960449 1.866056203842163 0.26454639434814453
v -2.138000011444092 1.7167770862579346 0.2444518804550171
v -2.0660672187805176 1.8824832439422607 -0.6351263523101807
v -2.3420259952545166 2.8133468627929688 -0.48034095764160156
v -2.1253387928009033 1.7141398191452026 0.4820377826690674
v -2.0608599185943604 1.7032802104949951 -0.28741681575775146
v -2.2198872566223145 1.9808765649795532 -1.2417339086532593
v -2.350712776184082 1.7046436071395874 0.01511811837553978
v -2.071662425994873 2.425394296646118 -0.9433842301368713
v -1.9614078998565674 2.562592029571533 -0.7041234970092773
v -2.1272976398468018 1.7118237018585205 0.08105868846178055
v -2.0949149131774902 2.4779574871063232 -0.8796436190605164
v -1.914829969406128 2.480524778366089 -0.6165838837623596
v -2.2847907543182373 2.551286458969116 -0.4973091185092926
v -2.120175838470459 2.5001258850097656 -0.9119886159896851
v -2.2198944091796875 2.5769824981689453 -0.9375
v -2.09855055809021 2.0190000534057617 -0.6930833458900452
v -2.1274285316467285 2.507678508758545 -0.9198571443557739
v -2.0840766429901123 1.8619999885559082 0.03992483764886856
v -2.057990074157715 1.6637494564056396 -1.107234239578247
v -2.3367042541503906 1.886599063873291 0.15069963037967682
v -1.9922443628311157 1.6765977144241333 -0.7989168763160706
v -2.393000841140747 2.261829376220703 -1.2629995346069336
v -2.497441291809082 2.209646701812744 0.26961809396743774
v -2.2361066341400146 3.0697903633117676 -0.5851802229881287
v -2.5490944385528564 1.7260655164718628 0.11626186221837997
v -2.2795779705047607 2.5507752895355225 -0.49806198477745056
v -2.5280001163482666 2.509167194366455 -0.7569653391838074
v -2.714744806289673 1.7119895219802856 0.001098882406949997
v -2.4906513690948486 2.598121404647827 -0.5279541611671448
v -2.38606595993042 2.5526373386383057 -0.9088984131813049
v -2.023340940475464 1.6661931276321411 -0.9918185472488403
v -2.215650796890259 1.8695250749588013 0.5830753445625305
v -2.358217239379883 1.7174334526062012 0.08565006405115128
v -2.1913607120513916 2.6403353214263916 -0.3065949082374573
v -2.341110944747925 2.9064178466796875 -0.37857773900032043
v -2.372735023498535 2.15061616897583 -0.2685624063014984
v -2.134990692138672 1.8714145421981812 0.4598289728164673
v -2.5119290351867676 2.2347121238708496 -0.5715622305870056
v -2.3608601093292236 2.1970932483673096 -0.11453419178724289
v -2.3542346954345703 2.99973464012146 -0.5667626261711121
v -2.048806667327881 1.8316988945007324 -0.8416649103164673
v -2.55602765083313 1.7062281370162964 0.25407832860946655
v -2.138610363006592 1.7172791957855225 0.1740717887878418
v -2.1065731048583984 1.700753092765808 -0.7376087307929993
v -2.5497934818267822 1.7060391902923584 0.25691211223602295
v -2.4980523586273193 2.32353138923645 -0.0847625657916069
v -2.423025131225586 2.268449544906616 -1.1241868734359741
v -2.161259174346924 2.836686372756958 -0.7529772520065308
v -2.4354805946350098 2.713207483291626 -0.26827338337898254
v -2.0188915729522705 1.6853374242782593 -0.6587463021278381
v -2.223428249359131 2.5159761905670166 -0.1861053705215454
v -2.050168752670288 1.8535547256469727 -0.9792266488075256
v -2.5280001163482666 2.49777889251709 -0.8032678365707397
v -2.346022605895996 1.7150096893310547 -1.0338995456695557
v -2.51882266998291 1.90949547290802 0.19781352579593658
v -2.440869092941284 2.2257697582244873 -1.0755236148834229
v -2.0460634231567383 2.4353716373443604 -1.1214350461959839
v -1.9837646484375 2.5821049213409424 -0.45587393641471863
v -2.5191900730133057 1.9002748727798462 -1.0583431720733643
v -2.2466516494750977 2.077359437942505 0.3823203444480896
v -2.4944262504577637 2.2138607501983643 0.26051607728004456
v -2.5513086318969727 1.741434931755066 0.5097155570983887
v -2.395108461380005 2.5456955432891846 -0.9055652022361755
v -2.6677582263946533 1.8599194288253784 -0.12593355774879456
v -2.0993764400482178 3.0538885593414307 -0.7198238372802734
v -2.4260997772216797 2.5389726161956787 -0.15734508633613586
v -2.2427978515625 2.374628782272339 -1.050989031791687
v -2.5619781017303467 2.0260026454925537 -0.6251786947250366
v -2.3470921516418457 1.705407738685608 -0.044049616903066635
v -2.567007541656494 2.4982166290283203 -1.0094107389450073
v -2.191291093826294 1.831762671470642 -1.0904736518859863
v -2.331456422805786 2.0001537799835205 0.17641253769397736
v -2.107602834701538 2.089054822921753 -0.5237739682197571
v -2.3182148933410645 2.386850357055664 -1.307765007019043
v -2.225717782974243 3.1843960285186768 -0.7717620730400085
v -2.2398126125335693 2.7227084636688232 -0.13923972845077515
v -2.093104600906372 1.8598953485488892 -0.02472659945487976
v -2.7113659381866455 1.859038233757019 0.31738266348838806
v -2.062840461730957 1.695000171661377 -0.3424941301345825
v -2.3334178924560547 2.436246871948242 -1.2982876300811768
v -2.3300013542175293 3.11444354057312 -0.8866661787033081
v -2.3919785022735596 1.7216901779174805 -0.7675520777702332
v -2.1328046321868896 2.853095769882202 -0.7825937867164612
v -2.2915000915527344 2.776393413543701 -0.8345898389816284
v -2.078707218170166 2.593606472015381 -0.5113904476165771
v -2.2011287212371826 2.5563712120056152 -0.444021075963974
v -2.402566432952881 2.3905763626098633 -1.2539336681365967
v -2.051340341567993 1.8297131061553955 -0.823885440826416
v -2.2457804679870605 2.0480902194976807 -1.2851853370666504
v -2.391489267349243 3.040351152420044 -0.7231914401054382
v -2.4798173904418945 1.8924304246902466 -0.5057348012924194
v -2.0728719234466553 1.7094144821166992 -0.18252582848072052
v -2.5040283203125 2.1066465377807617 -0.9720633029937744
v -2.5281314849853516 1.8886229991912842 -0.5622655749320984
v -2.5113487243652344 1.9061743021011353 0.18644139170646667
v -2.1548891067504883 2.708076000213623 -0.2800738513469696
v -2.5782947540283203 1.9126324653625488 0.3697221279144287
v -2.2200257778167725 1.9958815574645996 0.4596441090106964
v -2.2514681816101074 2.134307861328125 0.33875611424446106
v -2.1424357891082764 2.527435779571533 -0.9307270646095276
v -2.3213701248168945 2.074791431427002 0.130728080868721
v -1.9840006828308105 2.432375431060791 -1.018876314163208
v -2.1728341579437256 1.8530668020248413 -0.5532326698303223
v -2.3165950775146484 1.9163095951080322 -0.20849986374378204
v -2.5274858474731445 1.7419999837875366 0.5196713209152222
v -2.0941977500915527 1.8588682413101196 -0.04160768538713455
v -2.4157471656799316 2.3304879665374756 -1.141000747680664
v -2.571674346923828 1.8722401857376099 -0.6940645575523376
v -2.066884756088257 2.7257587909698486 -0.43843355774879456
v -2.1900622844696045 2.6466989517211914 -0.30222654342651367
v -2.530022144317627 2.545825242996216 -1.1358497142791748
v -2.565093517303467 2.703406572341919 -0.47078245878219604
v -2.1881914138793945 2.6613221168518066 -0.2864731550216675
v -2.3238046169281006 2.407054901123047 -1.3047173023223877
v -2.2414093017578125 2.0465970039367676 0.40305066108703613
v -2.26336407661438 2.2055459022521973 -0.9600480794906616
v -2.1521990299224854 2.281097650527954 -0.33365538716316223
v -2.0982375144958496 2.4271507263183594 -0.950896680355072
v -2.2218031883239746 3.1830849647521973 -0.7844418287277222
v -2.7107279300689697 1.7185570001602173 0.20572149753570557
v -2.018223762512207 1.684335470199585 -0.6664279103279114
v -2.3722152709960938 2.545032501220703 -0.10966897755861282
v -2.2677547931671143 2.7675392627716064 -0.9441127181053162
v -2.3810513019561768 3.006843090057373 -0.6521865129470825
v -2.3481125831604004 1.7053062915802002 -0.020588653162121773
v -2.079118251800537 1.7095954418182373 -0.13679152727127075
v -2.4316656589508057 2.470888376235962 -0.40258505940437317
v -2.5882885456085205 2.6282596588134766 -0.955552875995636
v -2.138650417327881 1.7171990871429443 0.17319002747535706
v -2.331101894378662 2.002753257751465 0.17570360004901886
v -2.5102171897888184 2.2424569129943848 -0.5617387294769287
v -2.426365852355957 2.2613351345062256 -1.1158350706100464
v -2.7144999504089355 1.8582295179367065 0.25777965784072876
v -2.5796356201171875 1.7265000343322754 0.12122710049152374
v -2.662548542022705 1.8574999570846558 -0.19923706352710724
v -2.1724531650543213 2.249696731567383 -0.6542002558708191
v -2.3833606243133545 1.8902558088302612 0.14124420285224915
v -1.9776723384857178 2.429669141769409 -1.0035135746002197
v -2.2802727222442627 2.7853636741638184 -0.7346136569976807
v -2.2341816425323486 2.546984910964966 -0.4403027892112732
v -2.3703768253326416 2.187238931655884 -0.16692166030406952
v -2.2092061042785645 1.9608536958694458 0.47611749172210693
v -2.5458567142486572 1.6953116655349731 -1.0982733964920044
v -2.492055892944336 1.8200372457504272 -0.9938451647758484
v -2.005152463912964 1.6710389852523804 -0.8934145569801331
v -2.3013222217559814 2.3115899562835693 -1.3110206127166748
v -2.276235818862915 1.715999960899353 0.08186832070350647
v -2.6393144130706787 1.7248866558074951 0.12961341440677643
v -2.1059999465942383 2.259538412094116 -1.145054817199707
v -2.5246715545654297 2.761827230453491 -0.4180068373680115
v -2.225247383117676 3.1618895530700684 -0.8522154092788696
v -2.1521551609039307 2.807770013809204 -0.3884865939617157
v -2.3476877212524414 2.380094528198242 -0.5373426079750061
v -2.50600004196167 2.3077359199523926 -0.29669514298439026
v -2.416924476623535 2.704493522644043 -0.4067326784133911
v -2.649313449859619 1.8645000457763672 -0.4152078926563263
v -2.0221495628356934 1.6918118000030518 -0.6296034455299377
v -2.222383737564087 3.170703649520874 -0.8287727236747742
v -2.4172933101654053 2.472681999206543 0.0334048755466938
v -2.2727339267730713 2.9116101264953613 -0.6127151846885681
v -2.50616455078125 1.8846564292907715 0.5989274382591248
v -2.0877256393432617 2.1338629722595215 -0.9292865991592407
v -2.341742753982544 1.6876517534255981 0.16502918303012848
v -2.346693515777588 2.858663320541382 -0.7162901163101196
v -2.100102424621582 3.0771844387054443 -0.776074230670929
v -2.0509724617004395 1.8302034139633179 -0.8270716071128845
v -2.171168804168701 2.8511435985565186 -1.0931750535964966
v -2.0531258583068848 1.933428406715393 -1.0510542392730713
v -2.414144277572632 1.72091805934906 0.094254270195961
v -2.3951356410980225 2.6160242557525635 -0.12427105009555817
v -2.125356435775757 2.42612624168396 -0.9568694829940796
v -2.1839630603790283 2.2906243801116943 -0.5770819783210754
v -2.3400473594665527 3.04067325592041 -0.4486810266971588
v -2.2414257526397705 2.198881149291992 0.2653961479663849
v -2.312070846557617 1.7010711431503296 -1.1421445608139038
v -2.711815118789673 1.8570433855056763 0.22452126443386078
v -2.3968629837036133 2.36989688873291 -1.259109616279602
v -2.1929023265838623 1.9165303707122803 -1.1735303401947021
v -2.0467774868011475 2.7088634967803955 -0.44548237323760986
v -2.302699327468872 1.9094324111938477 -0.30360496044158936
v -2.0292623043060303 1.6984467506408691 -0.5859789252281189
v -2.7148005962371826 1.8588006496429443 0.270313024520874
v -1.8832260370254517 2.4642298221588135 -0.7147145867347717
v -2.1713578701019287 2.9997007846832275 -0.5600540041923523
v -2.1939916610717773 1.8819999694824219 0.38240566849708557
v -2.4493274688720703 2.473592758178711 -1.2114380598068237
v -2.390129804611206 2.273045778274536 -1.2641234397888184
v -2.157759666442871 2.4427754878997803 -1.269862413406372
v -2.437819004058838 2.2776660919189453 0.3074137270450592
v -2.388519525527954 1.8856855630874634 0.6090556979179382
v -2.2699105739593506 3.0494000911712646 -0.414973646402359
v -2.5192384719848633 2.200850248336792 -0.6264302730560303
v -2.180898904800415 2.5852930545806885 -1.2317019701004028
v -2.257476568222046 3.0825235843658447 -0.47650599479675293
v -1.9783353805541992 2.5763351917266846 -0.46286913752555847
v -2.359569549560547 2.056424140930176 0.4998415410518646
v -2.139829158782959 1.716921091079712 0.5057372450828552
v -2.5310332775115967 1.8818289041519165 0.5919865965843201
v -1.9057791233062744 2.438720941543579 -0.7925258278846741
v -2.577369451522827 2.4872827529907227 -0.9621744751930237
v -2.0552494525909424 1.977279782295227 -1.0985606908798218
v -2.4204399585723877 2.4678399562835693 0.04417997598648071
v -2.0646421909332275 1.7065000534057617 -0.2283182442188263
v -2.6718862056732178 1.8606772422790527 -0.09774652868509293
v -2.382134437561035 2.6036343574523926 -0.4028300940990448
v -2.503319501876831 2.3270411491394043 -0.13701055943965912
v -2.5459704399108887 2.730407953262329 -0.44924330711364746
v -2.3084192276000977 1.9034730195999146 0.017487091943621635
v -2.071258068084717 2.014810562133789 -0.8519679307937622
v -2.211045742034912 2.3033604621887207 0.11686994880437851
v -1.975014328956604 2.6103358268737793 -0.5580211281776428
v -2.327239751815796 2.017861843109131 0.167589470744133
v -2.697375774383545 1.7241878509521484 -0.24369923770427704
v -2.561462640762329 1.8547388315200806 -0.9325894713401794
v -2.350722551345825 1.7074999809265137 -0.129660502076149
v -2.097743034362793 3.069918632507324 -0.7573916912078857
v -2.258223533630371 2.2019999027252197 -0.9340645670890808
v -2.128863573074341 1.865363597869873 0.44344669580459595
v -2.222557783126831 1.8938895463943481 0.26487916707992554
v -2.311002016067505 1.9160000085830688 -0.24895960092544556
v -2.303605318069458 2.258605480194092 -0.7442242503166199
v -2.108604907989502 3.091191291809082 -0.8188327550888062
v -2.2676563262939453 2.4637608528137207 0.006591495592147112
v -2.0215001106262207 2.4934818744659424 -0.6739097833633423
v -2.6178624629974365 2.6231377124786377 -0.5749327540397644
v -2.391143798828125 2.6187872886657715 -0.36128169298171997
v -2.7129647731781006 1.7103216648101807 -0.040495168417692184
v -2.34812331199646 1.717102289199829 0.0848977118730545
v -2.3271982669830322 1.7075661420822144 -1.1043609380722046
v -2.5784199237823486 1.6978336572647095 -1.057161808013916
v -2.407931327819824 2.4053239822387695 -1.2495534420013428
v -2.2742862701416016 2.4240148067474365 0.1047717034816742
v -2.528151035308838 1.8843430280685425 -1.026197910308838
v -2.6990554332733154 1.8675223588943481 0.38820019364356995
v -2.4703269004821777 1.7314189672470093 -0.8721899390220642
v -2.436744213104248 1.7304660081863403 -0.8620926737785339
v -2.414299488067627 1.738480567932129 0.5635710954666138
v -2.28456711769104 1.888006329536438 -0.4714743196964264
v -2.3945884704589844 2.6618940830230713 -0.1361459642648697
v -2.1194090843200684 1.8523579835891724 -1.0768977403640747
v -2.092365264892578 1.6983287334442139 -0.7321574687957764
v -2.574063777923584 1.900644302368164 0.024577178061008453
v -2.197316884994507 3.024526834487915 -0.43730154633522034
v -2.3517658710479736 1.7074999809265137 -0.1378334015607834
v -2.2821755409240723 2.8139736652374268 -0.5307981371879578
v -2.569999933242798 1.8554702997207642 -0.8426674604415894
v -2.26092791557312 2.2036185264587402 -0.947020947933197
v -2.275411367416382 3.0138611793518066 -0.3892660140991211
v -2.0774314403533936 1.8497941493988037 -0.2613036334514618
v -2.3390283584594727 3.040858507156372 -0.4467359483242035
v -2.6000046730041504 1.7005252838134766 -1.0309698581695557
v -2.3720409870147705 3.0837671756744385 -0.8618060350418091
v -2.3369154930114746 1.8931485414505005 -0.4597029685974121
v -2.224414348602295 3.1661922931671143 -0.8419440388679504
v -2.2576465606689453 1.8174835443496704 -1.0858547687530518
v -2.215500593185425 1.6902222633361816 0.42766642570495605
v -2.260925769805908 2.6303162574768066 -0.10033371299505234
v -2.406041145324707 1.71695876121521 -0.6557061076164246
v -2.1560213565826416 2.2126433849334717 -0.7277556657791138
v -2.4802396297454834 1.8781301975250244 -0.30486735701560974
v -2.252617359161377 3.128988027572632 -0.9045119881629944
v -2.341487407684326 2.7658677101135254 -1.1178098917007446
v -2.0971426963806152 2.895761728286743 -0.8470953702926636
v -2.579481363296509 2.687113046646118 -0.48103776574134827
v -2.160503387451172 2.4223151206970215 -0.9687644243240356
v -2.705479145050049 1.7139166593551636 -0.09712523221969604
v -2.426304817199707 2.4427270889282227 -1.2331559658050537
v -2.5458738803863525 1.7412259578704834 0.5120149254798889
v -2.4232521057128906 2.4633073806762695 0.05394836515188217
v -1.9373066425323486 2.4962668418884277 -0.569273054599762
v -2.232135772705078 1.7135345935821533 -0.3222925066947937
v -2.186950922012329 2.723574638366699 -1.1568042039871216
v -2.220712184906006 3.0788075923919678 -0.966873049736023
v -2.2602906227111816 2.633873462677002 -0.10147726535797119
v -2.340123176574707 2.1313588619232178 0.42081648111343384
v -2.3914129734039307 3.0401790142059326 -0.7227709293365479
v -2.233964681625366 2.7452645301818848 -0.15329033136367798
v -1.98981511592865 2.571148157119751 -0.8697412014007568
v -2.18312406539917 3.10290789604187 -0.9473479986190796
v -2.352786064147949 1.7028206586837769 0.050972457975149155
v -2.335987091064453 1.9735890626907349 0.18381641805171967
v -2.414830446243286 2.516829252243042 -0.24551211297512054
v -1.9618198871612549 2.5621800422668457 -0.7087924480438232
v -2.394192934036255 2.2562665939331055 -1.2624034881591797
v -2.201012372970581 1.861136555671692 -0.5285900831222534
v -2.30956768989563 1.9009321928024292 0.05042296275496483
v -2.0953593254089355 2.138126850128174 -0.9539721608161926
v -2.5179998874664307 2.1410021781921387 -0.7974913120269775
v -2.0572350025177 1.86826491355896 0.20805233716964722
v -2.062098503112793 1.695000171661377 -0.3517693281173706
v -2.3056607246398926 1.698254942893982 -1.158772349357605
v -2.3319528102874756 1.7173207998275757 0.08432082086801529
v -2.1314287185668945 1.6750209331512451 -1.1770840883255005
v -1.9923207759857178 1.6766283512115479 -0.7993602752685547
v -2.515502691268921 1.909493088722229 -1.0744878053665161
v -2.2831878662109375 1.8937031030654907 0.1680699586868286
v -2.340280294418335 1.7173399925231934 0.08466002345085144
v -2.3592774868011475 2.4940345287323 -1.2792223691940308
v -2.2107372283935547 2.901425361633301 -0.3920050859451294
v -1.9933571815490723 1.6698285341262817 -0.6768558025360107
v -2.1784703731536865 2.374264717102051 -0.11873485893011093
v -2.4406867027282715 2.6004369258880615 -1.2036879062652588
v -2.3136351108551025 1.8984549045562744 0.09881163388490677
v -2.5077764987945557 2.532102584838867 -1.1572235822677612
v -2.5002334117889404 1.8675777912139893 -0.10599056631326675
v -2.3032312393188477 2.3205790519714355 -1.3115770816802979
v -2.080991506576538 1.835973858833313 -0.3577970564365387
v -2.0707082748413086 1.7083804607391357 0.08361946791410446
v -2.2414753437042236 2.1984589099884033 0.2659674286842346
v -2.304793357849121 2.3034443855285645 0.266231507062912
v -2.2114052772521973 2.298325300216675 0.12766006588935852
v -2.5281217098236084 2.535649538040161 -0.6518082022666931
v -2.554053544998169 1.7010191679000854 -0.3545190989971161
v -2.3826372623443604 2.6041369438171387 -0.40139415860176086
v -2.0704550743103027 1.707977533340454 -0.19924762845039368
v -2.571000099182129 1.8534616231918335 -0.8011414408683777
v -2.2481982707977295 1.692482829093933 0.40599125623703003
v -2.3155882358551025 2.417789936065674 -0.968000054359436
v -2.3604612350463867 2.9941892623901367 -0.6278155446052551
v -2.7131214141845703 1.710373878479004 -0.03903205320239067
v -2.309300184249878 1.9149999618530273 -0.2638043165206909
v -2.3463683128356934 1.732519507408142 0.5809805393218994
v -2.4964327812194824 2.330277681350708 -0.4715878665447235
v -2.150756359100342 2.277515411376953 -0.3412177264690399
v -2.144988536834717 2.425384998321533 -0.9627012014389038
v -2.27657151222229 2.813361406326294 -0.7064252495765686
v -2.2207415103912354 2.001844644546509 0.4543967545032501
v -2.3954646587371826 2.6245803833007812 -0.12492931634187698
v -2.116408348083496 2.6510000228881836 -0.9869160056114197
v -2.310371160507202 1.7092986106872559 -0.3411041498184204
v -2.4398930072784424 1.7305511236190796 -0.863062858581543
v -2.235689163208008 2.7392704486846924 -0.14951369166374207
v -2.505542755126953 2.320286989212036 -0.2415224015712738
v -2.149355888366699 2.30546498298645 -1.2518813610076904
v -2.505666971206665 2.3196656703948975 -0.244504913687706
v -2.3425984382629395 2.360994577407837 -0.5708086490631104
v -2.3855559825897217 2.730107069015503 -0.15959009528160095
v -2.559734582901001 1.8542203903198242 -0.9367367625236511
v -2.6305575370788574 1.8445285558700562 -0.7046972513198853
v -2.472702741622925 1.8823987245559692 -0.34298667311668396
v -2.0469119548797607 1.8320438861846924 -0.8512855768203735
v -2.4920496940612793 1.874500036239624 -0.20573969185352325
v -2.0457546710968018 2.482581853866577 -0.7705546021461487
v -2.4437930583953857 2.1160759925842285 -1.2130311727523804
v -2.1055524349212646 2.3859431743621826 -1.1820857524871826
v -2.123978614807129 1.6741445064544678 -1.173578143119812
v -2.706310272216797 1.7235949039459229 -0.3294345736503601
v -2.4666993618011475 2.4503560066223145 -1.1274003982543945
v -2.2401702404022217 2.2091379165649414 0.25137293338775635
v -2.307082176208496 2.3392717838287354 -1.3121392726898193
v -2.397099256515503 2.8553640842437744 -0.3810637593269348
v -2.0949816703796387 2.137796401977539 -0.952556312084198
v -2.5125858783721924 2.2327420711517334 -0.5740794539451599
v -2.316929817199707 2.8015763759613037 -0.4750508964061737
v -2.0484046936035156 1.8294999599456787 -0.752142071723938
v -2.1780965328216553 2.88232159614563 -1.0781458616256714
v -2.308764696121216 2.553420066833496 -0.49557968974113464
v -2.2808663845062256 2.923447608947754 -0.3799999952316284
v -2.611712694168091 1.7011843919754028 -1.0187872648239136
v -2.105191469192505 2.313859462738037 -1.1639139652252197
v -2.2000489234924316 2.3359880447387695 -0.5084632039070129
v -2.350799322128296 1.7074999809265137 -0.13026215136051178
v -2.272002935409546 2.434818983078003 0.08986212313175201
v -2.3864176273345947 2.459460496902466 -0.4639674425125122
v -2.051292896270752 2.48085355758667 -0.7842321395874023
v -2.4572932720184326 2.8185653686523438 -0.3804020881652832
v -2.181969165802002 2.2798163890838623 -0.5927653312683105
v -2.5261178016662598 1.8856139183044434 -1.0302646160125732
v -2.1053178310394287 2.270319700241089 -1.1495006084442139
v -2.3785150051116943 2.5992209911346436 -0.414646178483963
v -2.073734760284424 1.709744930267334 -0.17586754262447357
v -2.0659213066101074 1.693833827972412 -0.7200859785079956
v -2.6414999961853027 1.8575903177261353 -0.5462404489517212
v -2.281235694885254 2.393498182296753 0.14029641449451447
v -2.178499937057495 2.545483350753784 -1.2405213117599487
v -2.310541868209839 2.2850840091705322 -0.6858881711959839
v -1.95954167842865 2.4234538078308105 -0.9598522186279297
v -2.6568098068237305 1.730597734451294 0.4267362952232361
v -2.2610604763031006 1.7175495624542236 -0.7974805235862732
v -2.630380630493164 1.7133982181549072 -0.9506546258926392
v -2.668926239013672 1.8603087663650513 -0.11751587688922882
v -2.2695000171661377 2.473315477371216 -0.02546822465956211
v -2.515552520751953 1.8371260166168213 -0.9959962368011475
v -2.5285000801086426 2.5326104164123535 -0.6608504056930542
v -2.3963782787323 2.891817092895508 -0.42542630434036255
v -2.28056263923645 2.7846875190734863 -0.7355312705039978
v -2.1487841606140137 2.205456018447876 -1.25369393825531
v -2.0072474479675293 1.6701263189315796 -0.9053617715835571
v -2.3740458488464355 1.894984245300293 -0.4578280448913574
v -2.265246629714966 2.5789999961853027 -0.9364999532699585
v -2.231762170791626 2.0277860164642334 0.42420586943626404
v -2.5358102321624756 2.0699198246002197 0.4063233733177185
v -2.0707247257232666 1.6945374011993408 -0.7225226759910583
v -2.0525031089782715 2.5937514305114746 -0.9493210315704346
v -2.0932185649871826 1.709455132484436 0.4335390031337738
v -2.0764999389648438 1.8274180889129639 -0.4513106346130371
v -2.0666165351867676 2.472330093383789 -0.8260732889175415
v -2.716869831085205 1.7172398567199707 0.0813383087515831
v -2.1852200031280518 1.856073260307312 -0.5427945256233215
v -2.360534191131592 2.197310447692871 -0.11344742029905319
v -2.6091599464416504 1.8482784032821655 -0.7854583859443665
v -2.476757049560547 1.7313860654830933 -0.8742523193359375
v -1.9972251653671265 1.6763874292373657 -0.8348814845085144
v -2.1753592491149902 3.0155794620513916 -0.4739416539669037
v -2.1180624961853027 1.6573413610458374 0.492279052734375
v -2.556082248687744 1.8677533864974976 -0.6555459499359131
v -2.0098659992218018 1.6728464365005493 -0.7338500618934631
v -2.369999885559082 2.191209077835083 -0.14980916678905487
v -2.182715654373169 1.7131603956222534 0.0809999331831932
v -2.3058712482452393 2.996840715408325 -1.007777452468872
v -2.2379462718963623 2.221637487411499 0.23425498604774475
v -2.1251277923583984 2.0939650535583496 -1.1991006135940552
v -2.2700307369232178 3.0057222843170166 -1.0250493288040161
v -2.052400588989258 2.593700408935547 -0.9492277503013611
v -2.195037841796875 1.7134342193603516 0.0809999331831932
v -2.150602102279663 2.536594867706299 -0.934514582157135
v -2.244709014892578 2.177842140197754 0.29176995158195496
v -2.3642356395721436 1.7079998254776 -0.20577237010002136
v -2.402528762817383 2.9498324394226074 -0.8894688487052917
v -2.045030355453491 1.8329848051071167 -0.8574007749557495
v -2.1868104934692383 2.9952871799468994 -0.593178391456604
v -2.4276113510131836 2.5879571437835693 -1.2100987434387207
v -2.3803982734680176 2.549224615097046 -0.48012852668762207
v -2.4516704082489014 2.6635677814483643 -1.0871942043304443
v -2.686502456665039 1.7100000381469727 -0.621477484703064
v -2.0342891216278076 1.7033594846725464 -0.5428267121315002
v -2.1925735473632812 1.9209117889404297 0.47638240456581116
v -2.4978981018066406 2.1021413803100586 -1.0008816719055176
v -1.9813286066055298 2.567034959793091 -0.8442270159721375
v -2.3171944618225098 1.9010210037231445 -0.08034087717533112
v -2.419604539871216 1.696786642074585 -0.32985350489616394
v -2.4243202209472656 2.1641814708709717 -1.2352508306503296
v -2.1579179763793945 1.6772295236587524 0.4701899290084839
v -2.167745590209961 3.008802652359009 -0.5014694333076477
v -2.6022260189056396 2.558166742324829 -0.4783209264278412
v -2.6862034797668457 1.7175930738449097 -0.759918212890625
v -2.009775400161743 1.6728100776672363 -0.7333423495292664
v -2.505613088607788 1.982511281967163 -1.1472992897033691
v -2.2821969985961914 2.579847812652588 -0.9361954927444458
v -2.2542033195495605 2.0920727252960205 -1.3018327951431274
v -2.4023492336273193 1.7183690071105957 -0.6865741014480591
v -2.34745192527771 2.5502331256866455 -0.49691635370254517
v -2.3529999256134033 1.7017319202423096 0.06870972365140915
v -2.2465741634368896 2.3450546264648438 -1.05649995803833
v -2.237670660018921 1.6914557218551636 0.412924200296402
v -2.399567127227783 1.8932133913040161 0.1372864991426468
v -2.341944694519043 1.9316471815109253 0.18627765774726868
v -2.0674283504486084 1.8821430206298828 -0.6336290240287781
v -2.5500242710113525 1.725746989250183 -0.8925663232803345
v -2.255000114440918 2.1999378204345703 -0.9045052528381348
v -2.5681564807891846 2.5587005615234375 -1.1038435697555542
v -2.3607966899871826 1.7194490432739258 -0.9649914503097534
v -2.367513656616211 2.4554433822631836 -0.4766513407230377
v -2.1762428283691406 2.7805838584899902 -1.119543433189392
v -2.671316146850586 1.7268420457839966 0.3912619352340698
v -2.3594305515289307 1.7081068754196167 -0.18550801277160645
v -2.4957363605499268 1.8740527629852295 -0.18018855154514313
v -2.307546377182007 1.6941498517990112 -1.2114250659942627
v -2.163400650024414 2.30928111076355 -0.269477516412735
v -2.282240390777588 1.715999960899353 0.08203998953104019
v -2.5 2.2764668464660645 -0.3916798233985901
v -2.629495859146118 1.8454840183258057 -0.7303880453109741
v -2.2002971172332764 1.9373911619186401 -1.1981568336486816
v -2.1364850997924805 2.5193896293640137 -0.9269852638244629
v -2.144291877746582 2.672395944595337 -0.413247674703598
v -2.7117178440093994 1.856978416442871 0.22374151647090912
v -2.508626699447632 1.904813289642334 0.1820182204246521
v -2.250066041946411 2.670452833175659 -0.9599999785423279
v -2.021890878677368 1.866776704788208 -0.8963420391082764
v -2.643404006958008 1.8604038953781128 -0.49824947118759155
v -2.323134422302246 2.095806837081909 0.11173799633979797
v -2.193244695663452 1.7126291990280151 -0.3163873851299286
v -2.1873278617858887 1.8822070360183716 0.4241887032985687
v -1.97724187374115 2.565748691558838 -0.8297136425971985
v -2.1939733028411865 2.6198644638061523 -0.3028658330440521
v -2.573394536972046 1.8795517683029175 -0.6897636651992798
v -2.438866138458252 2.6855053901672363 -0.4243687689304352
v -2.430795431137085 2.2505855560302734 -1.104599952697754
v -2.141803741455078 2.223388195037842 -0.4265039265155792
v -2.1595230102539062 3.0048136711120605 -0.985866129398346
v -2.224123239517212 1.8697565793991089 -0.5080233812332153
v -2.310500383377075 1.9002498388290405 0.06475383788347244
v -2.0704309940338135 1.6944884061813354 -0.7223840355873108
v -2.5050220489501953 2.325455904006958 -0.20507201552391052
v -2.2736949920654297 2.5334389209747314 -0.10543661564588547
v -2.1283981800079346 1.7146283388137817 0.48734715580940247
v -2.2705464363098145 3.047067642211914 -0.4128006100654602
v -2.1236701011657715 2.656885862350464 -0.4250684678554535
v -2.6394999027252197 1.8518476486206055 -0.6299500465393066
v -2.359693765640259 1.708080530166626 -0.18661309778690338
v -2.400470495223999 2.802260398864746 -0.21832552552223206
v -2.1464171409606934 2.9973061084747314 -0.9758754968643188
v -2.629041910171509 1.8436681032180786 -0.7176766395568848
v -2.2744929790496826 2.423032760620117 0.10596048831939697
v -2.2756500244140625 2.789950370788574 -0.9266195893287659
v -2.3246896266937256 1.8861982822418213 0.15403735637664795
v -2.162670612335205 2.7021572589874268 -0.27417221665382385
v -2.0027999877929688 1.7070664167404175 -0.26583245396614075
v -2.251478433609009 2.6707992553710938 -0.11404313147068024
v -2.532353639602661 1.7255423069000244 0.11371148377656937
v -2.25055193901062 3.0859315395355225 -0.6066209077835083
v -2.494448661804199 2.3952558040618896 -0.3926076292991638
v -2.484657049179077 1.6916067600250244 -1.154717206954956
v -2.3133695125579834 1.8747713565826416 0.5954573750495911
v -2.3503026962280273 2.190803050994873 -0.0630507618188858
v -2.0010783672332764 1.7050782442092896 -0.2606564164161682
v -2.113158941268921 3.0321457386016846 -0.6789868474006653
v -2.0680181980133057 2.603332281112671 -0.9595577716827393
v -2.7149999141693115 1.71257483959198 0.009586055763065815
v -2.349181652069092 2.1896023750305176 -0.05856800451874733
v -2.34144926071167 2.125253677368164 0.42708340287208557
v -2.526024103164673 2.4940121173858643 -0.8388077616691589
v -2.2584586143493652 2.1430470943450928 -1.3259199857711792
v -2.5357277393341064 2.5482678413391113 -1.1310601234436035
v -2.488964319229126 2.2220711708068848 0.24327167868614197
v -2.103860855102539 2.2784783840179443 -1.1527057886123657
v -2.0842514038085938 2.62259578704834 -0.9721885919570923
v -2.1162102222442627 1.7114654779434204 0.4640134572982788
v -2.4096767902374268 2.5110297203063965 -0.2643221318721771
v -2.361133098602295 2.0515103340148926 0.5043992400169373
v -2.4685864448547363 2.662515163421631 -0.45158645510673523
v -2.569999933242798 1.8553764820098877 -0.8400412797927856
v -2.577449083328247 1.9124795198440552 0.36784666776657104
v -2.069573163986206 1.8637853860855103 0.2976120114326477
v -2.5764529705047607 2.48751163482666 -0.9651530385017395
v -2.487305164337158 1.8747683763504028 -0.24717891216278076
v -2.197744369506836 2.350255250930786 0.010459234938025475
v -2.2646799087524414 2.2076330184936523 -0.9678990840911865
v -2.3198728561401367 1.9048728942871094 -0.11073775589466095
v -2.042832612991333 1.8339999914169312 -0.8643863201141357
v -2.717111110687256 1.7198889255523682 0.13061155378818512
v -2.4574601650238037 2.1037464141845703 0.4526822566986084
v -2.0358529090881348 1.7047059535980225 -0.5195289850234985
v -2.0231778621673584 1.8660413026809692 -0.9024091362953186
v -2.267138957977295 2.7626116275787354 -0.9456526637077332
v -2.267606019973755 2.4628639221191406 0.011180557310581207
v -2.430800676345825 2.315462827682495 0.26343899965286255
v -2.0993478298187256 2.41255784034729 -1.1768478155136108
v -2.525899648666382 2.4939498901367188 -0.839902937412262
v -2.319434404373169 1.704139232635498 -1.1234921216964722
v -2.621879816055298 2.595935344696045 -0.673073410987854
v -2.056457042694092 1.9041482210159302 -1.0243006944656372
v -2.553173303604126 2.0359139442443848 0.4235647916793823
v -2.5713040828704834 2.4906957149505615 -0.9846183657646179
v -2.5189743041992188 1.900814175605774 -1.059277892112732
v -2.0421366691589355 1.6634089946746826 -1.07054603099823
v -2.4445199966430664 2.5044798851013184 -0.906000018119812
v -2.502906084060669 1.8849618434906006 0.5994365215301514
v -2.607060670852661 2.58018159866333 -0.7814382910728455
v -2.39635968208313 2.6291491985321045 -0.3371662497520447
v -2.0658204555511475 2.0168397426605225 -0.8781183362007141
v -2.5045676231384277 2.5737433433532715 -0.5683581233024597
v -2.185347080230713 2.61020565032959 -1.2228667736053467
v -2.700089931488037 1.8660738468170166 0.3844757080078125
v -2.2222936153411865 3.141380548477173 -0.8971520066261292
v -2.160680055618286 1.8779637813568115 0.48119381070137024
v -2.5348927974700928 2.176952600479126 -0.5534164309501648
v -2.557037115097046 1.7263137102127075 0.11725471168756485
v -2.382766008377075 1.9793944358825684 -0.4403187930583954
v -2.1654610633850098 1.8833093643188477 0.4795953333377838
v -2.376861810684204 2.5484724044799805 -0.48463812470436096
v -2.1979267597198486 2.36771821975708 -0.4718501567840576
v -2.6284611225128174 1.7132238149642944 -0.9560638070106506
v -2.3795506954193115 1.9554883241653442 -0.4497148096561432
v -2.341456890106201 2.3562841415405273 -0.5786170959472656
v -2.0709471702575684 1.8252367973327637 -0.5469213128089905
v -2.1640000343322754 2.3244848251342773 -0.2415275126695633
v -2.3754165172576904 1.8860247135162354 -1.1637510061264038
v -2.274627208709717 1.7184746265411377 -0.8033390045166016
v -2.7144999504089355 1.8583626747131348 0.26084092259407043
v -2.212808847427368 1.713533878326416 -0.31856769323349
v -2.0555529594421387 1.8519841432571411 -0.9906163215637207
v -2.6298272609710693 1.7133479118347168 -0.9522140622138977
v -2.2149057388305664 1.9717439413070679 -1.2355071306228638
v -2.2009315490722656 2.5604515075683594 -0.42841988801956177
v -2.5685620307922363 2.639887571334839 -0.9925346374511719
v -2.5043578147888184 2.265996217727661 -0.5347184538841248
v -2.2201385498046875 3.1772541999816895 -0.8068755269050598
v -2.111903667449951 2.6346144676208496 -0.44738560914993286
v -2.517548084259033 2.206343650817871 -0.6162887811660767
v -2.501906156539917 1.9403008222579956 -1.1218570470809937
v -2.2608656883239746 3.1544883251190186 -0.6926591396331787
v -2.089991569519043 1.7114671468734741 -0.05772998183965683
v -2.0954244136810303 1.8580503463745117 -0.05469415709376335
v -2.1452505588531494 1.717296838760376 0.5131567716598511
v -2.2440481185913086 2.055373430252075 0.39617466926574707
v -2.4235146045684814 2.4773905277252197 -0.9416952133178711
v -2.57035493850708 1.8546448945999146 -0.82026606798172
v -2.383258819580078 1.9543464183807373 0.5777295231819153
v -1.9904613494873047 1.676192283630371 -0.7885762453079224
v -2.321500062942505 2.0774316787719727 0.127762570977211
v -2.163546323776245 2.310238838195801 -0.26761478185653687
v -2.4095685482025146 2.496936559677124 -0.2984112799167633
v -2.0979607105255127 1.8554999828338623 -0.10820933431386948
v -2.2385525703430176 3.1812984943389893 -0.7447458505630493
v -2.3649609088897705 2.977022647857666 -0.9580410718917847
v -2.0626702308654785 1.8502287864685059 -1.0058401823043823
v -2.504499912261963 2.295266628265381 -0.34026217460632324
v -2.3193023204803467 3.1206252574920654 -0.8903574347496033
v -1.9432555437088013 2.512336015701294 -0.5475361943244934
v -2.082416296005249 2.0134999752044678 -0.7907112240791321
v -2.5138866901397705 2.5363595485687256 -1.1508079767227173
v -2.6623029708862305 1.8573030233383179 -0.20503009855747223
v -2.181472063064575 2.6785123348236084 -0.2736770212650299
v -2.5179998874664307 2.1374289989471436 -0.812042236328125
v -2.129560708999634 1.8507717847824097 -1.0813391208648682
v -2.4784255027770996 1.7014555931091309 -0.3530445992946625
v -2.1477696895599365 3.1047112941741943 -0.9161452054977417
v -2.7149999141693115 1.7143633365631104 0.03595013543963432
v -1.9033417701721191 2.4411580562591553 -0.7861888408660889
v -2.513223171234131 2.2329092025756836 -0.48989245295524597
v -2.2690482139587402 2.4519710540771484 0.05399094894528389
v -2.203627109527588 3.027024269104004 -0.4304092228412628
v -2.6191604137420654 2.621839761734009 -0.5818553566932678
v -2.657480478286743 1.7135000228881836 -0.900333821773529
v -2.127046823501587 1.71442449092865 0.485168993473053
v -2.379584789276123 1.9557043313980103 -0.44963526725769043
v -2.3041305541992188 2.2620222568511963 -0.7311290502548218
v -2.0014145374298096 2.5989246368408203 -0.4360954463481903
v -2.057638168334961 1.868499994277954 0.19440631568431854
v -2.4017815589904785 2.8532357215881348 -0.38049617409706116
v -2.2491838932037354 2.1550686359405518 0.3161153197288513
v -2.340533494949341 2.450141191482544 -0.48612433671951294
v -2.2807259559631348 2.395800828933716 0.13756215572357178
v -2.272620916366577 2.4319252967834473 0.09519561380147934
v -2.2818188667297363 2.439485788345337 -0.48579156398773193
v -2.11767840385437 2.162517547607422 -1.0433266162872314
v -2.374880790710449 2.890841245651245 -0.7570413947105408
v -2.039863109588623 1.8339999914169312 -0.8712387681007385
v -2.2163681983947754 1.9852362871170044 0.4669798016548157
v -2.2567050457000732 2.445992946624756 -0.45901161432266235
v -2.0770134925842285 1.709874153137207 0.4205101430416107
v -2.177180051803589 2.3746399879455566 -0.10027974098920822
v -2.0937931537628174 2.906754732131958 -0.8639854788780212
v -2.6522672176361084 1.7135000228881836 -0.909407377243042
v -2.571000099182129 1.8522156476974487 -0.7895124554634094
v -2.4073598384857178 1.7378090620040894 0.5660335421562195
v -2.261446952819824 2.740872383117676 -0.9515531659126282
v -2.4979195594787598 2.311107635498047 -0.4913119077682495
v -2.3709585666656494 2.8858842849731445 -0.7505865693092346
v -2.0585873126983643 1.6952064037322998 -0.3850947320461273
v -2.3539769649505615 1.7078908681869507 -0.15590226650238037
v -2.110595464706421 3.0934665203094482 -0.8265113830566406
v -2.2717397212982178 2.2436037063598633 -1.0310622453689575
v -2.2710366249084473 2.8015034198760986 -0.4674525856971741
v -2.5103986263275146 1.7037551403045654 0.272805780172348
v -2.1915271282196045 1.9174233675003052 0.47568467259407043
v -2.5806541442871094 1.9130257368087769 0.374808669090271
v -2.347482681274414 1.7055000066757202 -0.06485390663146973
v -2.247837781906128 3.0800092220306396 -0.6026729345321655
v -2.2217884063720703 2.813302993774414 -0.7076269388198853
v -2.200979232788086 2.605201244354248 -0.33540669083595276
v -2.2760846614837646 2.416977882385254 0.11328991502523422
v -2.4204084873199463 2.1748769283294678 -1.2386425733566284
v -2.3713905811309814 2.180656671524048 -0.1900922805070877
v -2.4296200275421143 2.3224072456359863 0.2533324062824249
v -2.3886172771453857 2.705972671508789 -0.1506478488445282
v -2.394972801208496 2.5457634925842285 -0.9055878520011902
v -2.5397534370422363 2.654569149017334 -0.3626081347465515
v -2.4108405113220215 1.7006648778915405 -0.31530457735061646
v -2.5199391841888428 2.5200541019439697 -1.1580967903137207
v -2.4721035957336426 1.8880618810653687 0.6046236157417297
v -2.546283006668091 1.9125434160232544 0.26689210534095764
v -2.14901065826416 3.001060962677002 -0.6315813064575195
v -2.5555856227874756 1.8692429065704346 -0.6512429118156433
v -2.575045108795166 2.559000015258789 -1.097764015197754
v -2.0374584197998047 2.4351401329040527 -1.1122480630874634
v -2.0691847801208496 1.8247283697128296 -0.5626502633094788
v -2.177813768386841 2.3745930194854736 -0.11282563209533691
v -2.258390426635742 1.8961026668548584 0.20652057230472565
v -2.5033278465270996 2.327672243118286 -0.15253962576389313
v -2.6286935806274414 2.4862289428710938 -0.7013903260231018
v -2.409770965576172 1.7132291793823242 -0.6291319131851196
v -2.3865442276000977 1.8619263172149658 -1.130710482597351
v -2.6702466011047363 1.7273768186569214 0.3971445858478546
v -2.1670141220092773 3.0027148723602295 -0.5322102904319763
v -2.2420883178710938 2.6471176147460938 -0.9511077404022217
v -2.185175895690918 1.8815586566925049 0.4336788058280945
v -2.070288896560669 1.7078944444656372 -0.20016157627105713
v -2.2664999961853027 3.062211751937866 -0.4279344379901886
v -2.23810076713562 2.396091938018799 -1.0360089540481567
v -2.187999963760376 2.674778938293457 -1.1876775026321411
v -2.3732810020446777 2.174267053604126 -0.21108970046043396
v -2.255000114440918 2.1995737552642822 -0.8986800312995911
v -2.515134811401367 2.1752827167510986 -0.6860302090644836
v -2.311880350112915 1.9160950183868408 -0.2372887134552002
v -2.5430984497070312 1.7411192655563354 0.5131891369819641
v -2.4129042625427246 1.6989725828170776 0.31569162011146545
v -2.481726884841919 1.8767733573913574 -0.29450443387031555
v -2.6153390407562256 1.846422791481018 -0.7690364122390747
v -2.247799873352051 2.4509143829345703 -0.4468213617801666
v -2.3712775707244873 3.001051187515259 -0.6396278738975525
v -2.5420899391174316 1.838133454322815 -0.9035096764564514
v -2.5013320446014404 1.9663232564926147 -1.141994595527649
v -2.067835569381714 1.706834316253662 -0.21282202005386353
v -2.234239101409912 1.8975796699523926 0.24554112553596497
v -1.9231178760528564 2.48307466506958 -0.6005513668060303
v -2.115767002105713 2.1596503257751465 -1.0343340635299683
v -2.223496198654175 3.1453194618225098 -0.8875302076339722
v -2.609304904937744 1.7260000705718994 0.12666837871074677
v -2.105058431625366 2.310137987136841 -1.162584900856018
v -2.040356397628784 2.485595703125 -0.7545689344406128
v -2.2603931427001953 2.2032620906829834 -0.9447035789489746
v -2.4141201972961426 2.5739681720733643 -1.216879963874817
v -2.0841641426086426 1.9810912609100342 -0.5934453010559082
v -2.4032020568847656 1.6937865018844604 -1.1992192268371582
v -2.3985812664031982 2.3761472702026367 -1.2576446533203125
v -2.6433112621307373 1.8603112697601318 -0.49945369362831116
v -2.3080296516418457 1.9030591249465942 -0.012849872000515461
v -2.0686111450195312 2.666872501373291 -0.37473204731941223
v -2.604651927947998 1.9365686178207397 0.45613718032836914
v -2.1192679405212402 2.156705141067505 -0.49040788412094116
v -2.41999888420105 2.526001214981079 -0.902999997138977
v -2.252230167388916 1.8966012001037598 0.21647216379642487
v -2.1826517581939697 2.9970200061798096 -0.5852073431015015
v -2.5692458152770996 2.006011962890625 0.4334964156150818
v -2.2447354793548584 3.078735589981079 -0.5495865941047668
v -2.450134754180908 1.7225810289382935 0.10120256245136261
v -2.4104413986206055 2.5116987228393555 -0.2619326710700989
v -2.569878101348877 1.8554999828338623 -0.8467895984649658
v -2.5426254272460938 2.644361972808838 -1.0203746557235718
v -2.6384999752044678 2.4699161052703857 -0.7731524705886841
v -2.039522886276245 1.6637471914291382 -1.0605976581573486
v -2.259768486022949 3.1568284034729004 -0.6963037848472595
v -2.7095000743865967 1.7169337272644043 -0.38853052258491516
v -2.2736194133758545 3.004660129547119 -1.0239200592041016
v -2.417976140975952 2.344190835952759 -1.139785647392273
v -2.1849093437194824 2.773630380630493 -1.1298761367797852
v -2.7080941200256348 1.7223044633865356 -0.34454983472824097
v -2.667687177658081 1.8598957061767578 -0.12650318443775177
v -2.3012068271636963 2.5393011569976807 -0.10320018976926804
v -1.999611735343933 1.6708835363388062 -0.6563931107521057
v -2.1481070518493652 2.248322010040283 -1.2570356130599976
v -2.1827518939971924 1.8802506923675537 0.44574105739593506
v -2.2580227851867676 3.081977367401123 -0.47250083088874817
v -2.219453811645508 2.5486621856689453 -0.48821863532066345
v -2.255000114440918 2.199617862701416 -0.8993832468986511
v -2.307462453842163 2.2929561138153076 0.27815958857536316
v -2.093151807785034 2.1363418102264404 -0.9459242820739746
v -2.2727394104003906 2.237795829772949 -1.0270353555679321
v -2.1422367095947266 2.2455251216888428 -0.39308062195777893
v -2.138000011444092 1.7175480127334595 0.22229936718940735
v -2.2788779735565186 2.847414970397949 -0.5700491070747375
v -2.069211006164551 1.865824818611145 0.11586637049913406
v -2.017892360687256 2.5829784870147705 -0.9186530709266663
v -2.6238584518432617 2.4929981231689453 -0.6791490316390991
v -2.003877639770508 2.600818157196045 -0.434041827917099
v -2.350243091583252 1.7048784494400024 0.007134055253118277
v -2.3820433616638184 2.764005184173584 -0.1828511655330658
v -2.1458091735839844 2.4008398056030273 -1.2798969745635986
v -2.351522445678711 1.704238772392273 0.02940228022634983
v -2.571000099182129 1.8522741794586182 -0.7900589108467102
v -2.2155489921569824 2.513319492340088 -0.1977219581604004
v -2.1411995887756348 1.7172865867614746 0.5081124901771545
v -1.9134424924850464 2.480097532272339 -0.6194657683372498
v -2.4144444465637207 2.465651750564575 -0.4315778613090515
v -2.507446527481079 2.2646067142486572 0.06707197427749634
v -2.2688560485839844 2.454083204269409 0.04832617565989494
v -2.585357904434204 1.9135000705718994 0.3853309154510498
v -2.022434711456299 2.4906957149505615 -0.6601522564888
v -2.2243540287017822 3.1009914875030518 -0.9468540549278259
v -2.224738836288452 3.0995073318481445 -0.9472388029098511
v -1.987569808959961 2.570261001586914 -0.8649704456329346
v -2.008122444152832 1.6696888208389282 -0.9098819494247437
v -2.0982439517974854 2.8939266204833984 -0.8439754247665405
v -2.322435140609741 2.402535915374756 -1.3055388927459717
v -2.3388102054595947 1.950075626373291 0.18737350404262543
v -2.101482629776001 1.8559825420379639 -1.0538824796676636
v -2.2497329711914062 3.082366466522217 -0.5241573452949524
v -2.456012010574341 1.7418628931045532 0.5468225479125977
v -2.457780361175537 1.88875150680542 -0.4040350615978241
v -2.2238681316375732 1.8943859338760376 0.26193907856941223
v -1.9839009046554565 2.4323337078094482 -1.0186355113983154
v -2.096081495285034 2.60858154296875 -0.4857323169708252
v -2.0455727577209473 2.0233993530273438 -0.9257257580757141
v -2.02177357673645 1.6913418769836426 -0.6318592429161072
v -2.2210793495178223 3.1188652515411377 -0.9349151849746704
v -2.4295907020568848 2.3225929737091064 0.253088116645813
v -2.3354763984680176 2.166562080383301 -0.0004051653086207807
v -2.3491735458374023 1.717070460319519 0.08492957055568695
v -2.175541877746582 2.487004280090332 -1.2503949403762817
v -2.110008478164673 2.6510000228881836 -0.9864237308502197
v -2.262826919555664 2.2823078632354736 -1.049788475036621
v -2.5266284942626953 1.7253750562667847 0.11287543922662735
v -2.0969998836517334 2.166508913040161 -0.8377631306648254
v -2.457716941833496 1.7310367822647095 -0.8683687448501587
v -2.428995132446289 2.326364040374756 0.2481263279914856
v -2.6861929893493652 1.8999989032745361 0.4410754144191742
v -2.0553624629974365 1.6908419132232666 -0.7135817408561707
v -2.4544975757598877 2.1425251960754395 0.42397594451904297
v -1.9670406579971313 2.5960581302642822 -0.5848548412322998
v -2.452885150909424 2.1638810634613037 0.4036957323551178
v -2.5246658325195312 2.4931657314300537 -0.8533475995063782
v -2.178832530975342 2.3740837574005127 -0.12199319154024124
v -2.4739644527435303 2.462937116622925 -1.1235191822052002
v -2.3936076164245605 2.3557815551757812 -1.2617436647415161
v -2.392069101333618 2.7922818660736084 -0.2084255814552307
v -2.049129009246826 2.481534481048584 -0.7792235016822815
v -2.076192855834961 2.0134358406066895 -0.8308192491531372
v -2.232762098312378 2.55297589302063 -0.4334646761417389
v -2.534940481185913 1.9140000343322754 0.2316945493221283
v -2.4037959575653076 2.9340920448303223 -0.8374239802360535
v -2.702577829360962 1.8554999828338623 0.12722347676753998
v -2.10813045501709 3.090649127960205 -0.8170031309127808
v -2.177365779876709 2.259963035583496 -0.6267900466918945
v -2.6386215686798096 1.724929928779602 0.12957017123699188
v -2.170011520385742 1.7108759880065918 -0.3154173195362091
v -2.688760280609131 1.719809889793396 0.12864796817302704
v -2.2651188373565674 2.208364486694336 -0.9700931310653687
v -2.037405252456665 1.7064054012298584 -0.5028836727142334
v -2.447587251663208 2.471492052078247 -1.2129127979278564
v -2.122215509414673 2.17043137550354 -1.065407633781433
v -2.1470956802368164 3.104964017868042 -0.9149234294891357
v -2.571000099182129 1.8531882762908936 -0.7985906600952148
v -2.593228578567505 2.577826499938965 -0.45075395703315735
v -2.121755599975586 2.7805771827697754 -0.4049963057041168
v -2.35044527053833 2.989161968231201 -0.617445170879364
v -2.3628084659576416 3.0285043716430664 -0.5052996277809143
v -2.6586737632751465 1.7301836013793945 0.42414745688438416
v -2.661679267883301 1.8571603298187256 -0.21584761142730713
v -2.176485538482666 2.498326301574707 -1.2480361461639404
v -2.4249396324157715 2.264620780944824 -1.1194008588790894
v -2.0850913524627686 2.678840160369873 -0.35890859365463257
v -2.6987287998199463 1.7094999551773071 -0.5574094653129578
v -2.3841044902801514 1.99277663230896 -0.4330594539642334
v -2.021926164627075 1.666429042816162 -0.9842728972434998
v -2.1398463249206543 2.670173168182373 -0.41497647762298584
v -2.018704891204834 1.8695905208587646 -0.84005206823349
v -2.2572543621063232 2.3019824028015137 -1.054581880569458
v -2.4083378314971924 1.8897078037261963 0.61129230260849
v -2.142449140548706 2.2325849533081055 -0.4133216440677643
v -2.405039072036743 2.9374771118164062 -0.8475719690322876
v -2.0242183208465576 1.6943976879119873 -0.6166523694992065
v -2.5874314308166504 1.897477388381958 0.008568446151912212
v -2.3207125663757324 2.065194845199585 0.13964970409870148
v -2.6483206748962402 1.8645000457763672 -0.4330863654613495
v -2.4869768619537354 2.085639476776123 -1.0887333154678345
v -2.5031726360321045 2.3278274536132812 -0.14897014200687408
v -2.32430362701416 1.891686201095581 -0.46131375432014465
v -2.216036081314087 2.5763394832611084 -0.9375
v -2.3583920001983643 1.7082107067108154 -0.1811460703611374
v -2.3202245235443115 1.7222118377685547 -0.8223474025726318
v -2.2816624641418457 2.781850576400757 -0.7397176623344421
v -2.0968480110168457 2.42724347114563 -0.9505261182785034
v -2.446117639541626 2.2241766452789307 0.3533969521522522
v -2.3644208908081055 2.1955196857452393 -0.12912453711032867
v -2.3550944328308105 2.5447163581848145 -0.10575667023658752
v -2.0896687507629395 1.9853063821792603 -0.5906186699867249
v -2.696298360824585 1.7218023538589478 -0.15792742371559143
v -2.3928840160369873 1.7215770483016968 -0.7600834369659424
v -2.5134732723236084 1.729501724243164 -0.8852419853210449
v -2.09635591506958 2.0183873176574707 -0.7046079039573669
v -2.0138063430786133 2.436688184738159 -1.080209493637085
v -2.225087881088257 3.1528208255767822 -0.8721517324447632
v -2.3297793865203857 2.806220531463623 -0.477529376745224
v -2.503061532974243 2.3264999389648438 -0.12723705172538757
v -2.414370059967041 1.702014446258545 -0.3530000150203705
v -2.527513027191162 2.5024473667144775 -0.7817108631134033
v -2.598827600479126 2.566344738006592 -0.4649862051010132
v -2.052839756011963 1.961887240409851 -1.080566644668579
v -2.1133155822753906 2.6389575004577637 -0.44255325198173523
v -2.6551826000213623 1.8614518642425537 -0.30211445689201355
v -2.2303597927093506 2.248431444168091 0.20125408470630646
v -2.3405895233154297 2.352973699569702 -0.5842450261116028
v -2.19907546043396 2.32841157913208 -0.5167048573493958
v -2.494580030441284 2.707679033279419 -0.315615713596344
v -2.144660711288452 2.26134991645813 -0.36982855200767517
v -2.1729700565338135 2.4794723987579346 -1.2538732290267944
v -2.400451421737671 2.5565857887268066 -0.41637685894966125
v -2.100144863128662 1.85905921459198 0.37545061111450195
v -2.281167984008789 2.3937861919403076 0.13992370665073395
v -2.091883420944214 1.8603721857070923 -0.011089317500591278
v -2.1438634395599365 1.8846681118011475 0.48393383622169495
v -2.4867794513702393 2.0868239402770996 -1.0822184085845947
v -2.3048017024993896 2.264706611633301 -0.7240825891494751
v -2.098116636276245 3.0709457397460938 -0.759912371635437
v -2.2731006145477295 2.2362313270568848 -1.0258318185806274
v -2.4195306301116943 1.7022438049316406 -0.5637187957763672
v -2.0746278762817383 1.7100000381469727 -0.1690625250339508
v -2.571000099182129 1.8527851104736328 -0.7948284149169922
v -2.072775363922119 2.470489978790283 -0.843826413154602
v -2.239506483078003 2.2131316661834717 0.24588148295879364
v -2.033726215362549 2.69882869720459 -0.44915392994880676
v -2.0949323177337646 1.8551418781280518 -0.14996695518493652
v -2.3127756118774414 2.415379047393799 -0.968000054359436
v -2.2806713581085205 2.534834384918213 -0.10459942370653152
v -2.561549186706543 1.8426374197006226 -0.8718575835227966
v -2.7095000743865967 1.715247631072998 -0.402018666267395
v -2.5385000705718994 1.837499976158142 -0.9090000987052917
v -2.0255343914031982 2.506296396255493 -0.625203549861908
v -2.01572322845459 2.6099514961242676 -0.4251843988895416
v -2.0539064407348633 1.6635226011276245 -1.100655198097229
v -2.2844011783599854 2.8059439659118652 -0.5178387761116028
v -2.6692888736724854 1.8604296445846558 -0.11497804522514343
v -2.200920820236206 2.3447093963623047 -0.49886953830718994
v -2.13649582862854 2.1254873275756836 -1.2167426347732544
v -2.212080478668213 2.847167491912842 -0.4288652241230011
v -2.2531983852386475 3.0840001106262207 -0.5045081377029419
v -2.488776683807373 2.4167449474334717 -0.3566376566886902
v -2.484959363937378 2.7961909770965576 -0.38869962096214294
v -2.5096487998962402 2.565361976623535 -0.5847760438919067
v -2.343076229095459 2.8757517337799072 -1.0388892889022827
v -2.713881492614746 1.719460368156433 0.17142237722873688
v -2.3475000858306885 1.7058817148208618 -0.07198888808488846
v -2.1294820308685303 1.7105662822723389 0.29998791217803955
v -1.9172106981277466 2.4812569618225098 -0.6116392612457275
v -2.3306989669799805 2.448051691055298 -0.48811203241348267
v -2.405909538269043 2.9406683444976807 -0.8565654158592224
v -2.4981303215026855 2.583991289138794 -0.5493913292884827
v -2.5249416828155518 1.9112650156021118 0.20814873278141022
v -2.7077298164367676 1.706590175628662 -0.48274147510528564
v -2.3305351734161377 1.8763169050216675 0.5959876775741577
v -2.1447503566741943 1.7054429054260254 -0.7520644664764404
v -2.082014799118042 1.6964191198349 -0.7278541922569275
v -2.7051448822021484 1.855354905128479 0.1593361794948578
v -2.321427345275879 2.0757641792297363 0.12952660024166107
v -2.243311643600464 2.4533934593200684 -0.4421120584011078
v -2.3179101943969727 1.915044903755188 -0.19135302305221558
v -2.3377537727355957 3.041090250015259 -0.444302499294281
v -2.270075798034668 2.479031562805176 -0.034835509955883026
v -2.3473942279815674 2.7494266033172607 -1.1244919300079346
v -2.362988233566284 2.5642037391662598 -0.9172036051750183
v -2.705082654953003 1.7073544263839722 -0.5081305503845215
v -2.216491460800171 1.6902663707733154 0.42700567841529846
v -2.3529999256134033 1.702055811882019 0.06271878629922867
v -2.0610785484313965 1.7028034925460815 -0.29152143001556396
v -2.25373911857605 2.5493323802948 -0.5016646385192871
v -2.610041618347168 2.578390598297119 -0.7347034811973572
v -1.9446240663528442 2.422013759613037 -0.9093996286392212
v -2.0820350646972656 1.8530232906341553 -0.22503399848937988
v -2.483097791671753 2.6564481258392334 -1.0590709447860718
v -2.3519673347473145 1.6979674100875854 0.10120239853858948
v -2.395296096801758 2.6530468463897705 -0.13331498205661774
v -2.4970827102661133 2.287856101989746 0.0326005257666111
v -2.2090299129486084 1.960465908050537 0.47618797421455383
v -2.0227317810058594 1.7028536796569824 0.09267082810401917
v -2.7151052951812744 1.7147105932235718 0.04126349091529846
v -2.492689371109009 2.6521737575531006 -1.046805500984192
v -2.171121120452881 2.851665735244751 -1.0929851531982422
v -2.5885555744171143 1.8920729160308838 -0.01370836142450571
v -2.1514804363250732 1.8487277030944824 -0.570475161075592
v -2.244859457015991 2.35418438911438 -1.0558596849441528
v -2.136361837387085 1.7044837474822998 -0.7489472031593323
v -2.5121889114379883 2.1155035495758057 -0.9179856777191162
v -2.1885437965393066 1.8323556184768677 -1.0905592441558838
v -2.282855749130249 1.691805124282837 -1.2085734605789185
v -2.255960702896118 2.20123028755188 -0.9174153208732605
v -2.3683154582977295 2.8668816089630127 -0.38792118430137634
v -2.1385974884033203 1.8747438192367554 0.4664875864982605
v -2.347008228302002 1.7055000066757202 -0.04731157794594765
v -1.9895048141479492 1.6894047260284424 0.10199882835149765
v -2.3265490531921387 1.8920069932937622 -0.4609930217266083
v -2.517617702484131 2.1469407081604004 -0.7752661108970642
v -2.6952598094940186 1.8606200218200684 0.025059159845113754
v -2.711294412612915 1.7102352380752563 -0.056790612637996674
v -2.0808746814727783 1.8366265296936035 -0.35273855924606323
v -2.3479223251342773 1.7065000534057617 -0.09157897531986237
v -2.607363224029541 2.591595411300659 -0.8292446136474609
v -2.208688735961914 1.8686115741729736 0.5794463157653809
v -2.657111167907715 1.7050278186798096 -0.3541574478149414
v -2.17109751701355 2.2467148303985596 -0.6628752946853638
v -2.176518201828003 2.7928967475891113 -1.113891839981079
v -2.509721040725708 1.724892020225525 0.1104600802063942
v -2.513902187347412 1.7420213222503662 0.5241920351982117
v -2.5328354835510254 2.1829867362976074 -0.5480679273605347
v -2.271623134613037 2.216123342514038 -0.9997272491455078
v -2.1680240631103516 1.8647077083587646 0.5494008660316467
v -2.7149999141693115 1.7130777835845947 0.01687718741595745
v -2.1037697792053223 2.017075777053833 -0.653109610080719
v -2.32456636428833 2.0300819873809814 0.1609179824590683
v -2.5244998931884766 1.9110000133514404 0.20699991285800934
v -2.1736972332000732 2.828096628189087 -0.39039942622184753
v -2.573089122772217 1.697272539138794 -1.064456820487976
v -2.629025936126709 1.8436036109924316 -0.7172253131866455
v -2.390385627746582 3.034301519393921 -0.7084462642669678
v -2.1151816844940186 1.7110698223114014 0.4618770480155945
v -2.169393539428711 2.55769419670105 -0.9376994967460632
v -2.0766122341156006 1.8296122550964355 -0.4241465926170349
v -2.334481716156006 2.1587307453155518 0.3950284719467163
v -2.552021026611328 1.8793696165084839 0.5849131941795349
v -2.2553534507751465 2.101680040359497 -1.3050600290298462
v -2.708928346633911 1.7202870845794678 -0.3629876971244812
v -2.505500078201294 2.313369035720825 -0.2729146182537079
v -2.3212363719940186 1.9079726934432983 -0.13133572041988373
v -2.057396173477173 1.868499994277954 0.19690701365470886
v -2.113276243209839 3.096022605895996 -0.8371051549911499
v -2.0764999389648438 1.8292720317840576 -0.42843151092529297
v -2.0561587810516357 1.6914935111999512 -0.7141609787940979
v -2.412724256515503 1.8891595602035522 0.6118404269218445
v -2.406461238861084 1.8899422883987427 0.611057698726654
v -2.1200156211853027 2.1660313606262207 -1.0530884265899658
v -2.100381374359131 3.077686309814453 -0.777635395526886
v -2.453572988510132 1.7309207916259766 -0.8671297430992126
v -2.114373207092285 1.7109808921813965 0.08133979141712189
v -2.167032480239868 3.007197856903076 -0.5066400766372681
v -2.3633546829223633 2.7211737632751465 -1.128499984741211
v -2.2948572635650635 1.9000717401504517 -0.3469983637332916
v -2.0789873600006104 1.708127498626709 -0.3065209686756134
v -2.4370017051696777 2.478889226913452 -0.9424445033073425
v -2.2085325717926025 2.8059349060058594 -0.20868077874183655
v -2.400528907775879 1.7194193601608276 -0.7014514803886414
v -2.5186853408813477 2.1867411136627197 -0.6575421690940857
v -2.2665109634399414 2.5789999961853027 -0.9364999532699585
v -2.372499942779541 2.1484198570251465 -0.27364566922187805
v -2.3847265243530273 1.6945385932922363 -1.2037700414657593
v -2.028815984725952 1.7102906703948975 -0.29159387946128845
v -2.3235232830047607 2.4061272144317627 -1.304885983467102
v -2.3529999256134033 1.7017351388931274 0.06865211576223373
v -2.15124249458313 1.7171863317489624 0.5199288129806519
v -2.304765224456787 2.264561176300049 -0.7244646549224854
v -2.703270673751831 1.724909782409668 -0.30179572105407715
v -2.6661014556884766 1.7280998229980469 0.40719670057296753
v -2.118715286254883 1.7089999914169312 0.34040045738220215
v -2.2966175079345703 2.289548873901367 -1.3071372509002686
v -2.479630470275879 1.6913751363754272 -1.158246397972107
v -2.3525137901306152 1.6985137462615967 0.09501058608293533
v -2.473316192626953 1.7424999475479126 0.5396621823310852
v -2.0627927780151367 1.695000171661377 -0.343090683221817
v -2.055777072906494 2.0199074745178223 -0.9106067419052124
v -2.564579486846924 2.524700880050659 -1.0705230236053467
v -2.105103015899658 3.0427420139312744 -0.6983346343040466
v -2.254011631011963 2.19998836517334 -0.866675078868866
v -2.332568645477295 1.9921702146530151 0.17860984802246094
v -2.1604537963867188 2.422322988510132 -0.9687461256980896
v -2.231907606124878 2.2439510822296143 0.20687495172023773
v -2.3923087120056152 2.350369930267334 -1.2628259658813477
v -2.0258400440216064 2.5071520805358887 -0.6243479251861572
v -2.2801127433776855 1.71897554397583 -0.805759072303772
v -2.0039803981781006 1.6715155839920044 -0.8863748908042908
v -2.3577988147735596 1.7082700729370117 -0.17865528166294098
v -2.529726028442383 2.755462884902954 -0.4250369966030121
v -2.3175880908966064 1.7164885997772217 0.0834885761141777
v -2.3594703674316406 2.5450809001922607 -0.10703293234109879
v -2.3580050468444824 1.7174197435379028 0.0856294333934784
v -2.0255091190338135 2.436000108718872 -1.0977637767791748
v -2.1070001125335693 2.365053653717041 -1.1798816919326782
v -2.496000051498413 2.3809452056884766 -0.4138755798339844
v -2.4552950859069824 1.70115327835083 0.296620637178421
v -2.1907289028167725 2.3063900470733643 -0.5505164861679077
v -2.0945677757263184 2.0355794429779053 -0.5548387765884399
v -2.555217981338501 1.706203579902649 0.254446417093277
v -2.1378090381622314 1.7161179780960083 0.252657949924469
v -2.5702428817749023 2.558920383453369 -1.1017571687698364
v -2.3508238792419434 1.897881031036377 0.17298468947410583
v -2.218843460083008 2.5768072605133057 -0.9375
v -2.046295404434204 2.4824016094207764 -0.7720870971679688
v -2.5137152671813965 2.1643457412719727 -0.7164626717567444
v -2.0933051109313965 1.715499997138977 -0.011957545764744282
v -2.2693519592285156 2.4486281871795654 0.06341138482093811
v -2.061218738555908 1.991796612739563 -1.1152031421661377
v -2.1127068996429443 1.707414150238037 0.3707824647426605
v -2.3181328773498535 1.9027345180511475 -0.09657937288284302
v -2.4121158123016357 1.7111488580703735 -0.6118968725204468
v -2.01200008392334 1.6767597198486328 -0.7109882831573486
v -2.274980306625366 2.225559711456299 -1.0140929222106934
v -2.504056453704834 1.724730134010315 0.10965094715356827
v -2.525233507156372 1.6939548254013062 -1.1207664012908936
v -2.4994654655456543 2.3243792057037354 -0.09182805567979813
v -2.390195369720459 3.0356335639953613 -0.7116817235946655
v -2.0389742851257324 1.7061314582824707 -0.49352210760116577
v -2.039069175720215 1.7099188566207886 -0.295716792345047
v -2.196643590927124 2.951009750366211 -1.034210443496704
v -2.209765672683716 2.5110061168670654 -0.2069750279188156
v -2.214714288711548 2.4644689559936523 -0.41471409797668457
v -2.0621156692504883 1.7002109289169312 -0.30488765239715576
v -2.6760711669921875 1.7124285697937012 -0.8615719079971313
v -2.0944597721099854 2.1373398303985596 -0.9505994319915771
v -2.711575508117676 1.8599698543548584 0.3061978816986084
v -2.345672369003296 2.8934829235076904 -1.0189478397369385
v -2.014943838119507 1.6680927276611328 -0.9464403986930847
v -2.3732481002807617 2.123023271560669 -0.3179648816585541
v -2.2858989238739014 2.793503761291504 -0.8635074496269226
v -2.464599609375 1.7422274351119995 0.5432690978050232
v -2.199622631072998 2.4090492725372314 -0.9771803021430969
v -2.5809128284454346 1.98358952999115 -0.6457380056381226
v -2.316694974899292 3.0437681674957275 -0.40120044350624084
v -2.44104266166687 2.6840929985046387 -0.425952285528183
v -2.130267381668091 2.6629960536956787 -0.4196859300136566
v -2.1028966903686523 2.616994619369507 -0.47110888361930847
v -2.517181396484375 2.2106409072875977 -0.6080372333526611
v -2.096235513687134 2.6380715370178223 -0.98050856590271
v -2.442634344100952 2.2198851108551025 -1.0684623718261719
v -2.04510498046875 1.8329474925994873 -0.8571590781211853
v -2.029191017150879 1.6654760837554932 -1.0168358087539673
v -2.3446543216705322 1.7146155834197998 -1.0399590730667114
v -2.199488639831543 1.6821364164352417 -1.1976704597473145
v -2.689512252807617 1.7196218967437744 0.12849760055541992
v -2.5740416049957275 1.8897494077682495 -0.6852813959121704
v -2.052000045776367 1.829732060432434 -0.7984976172447205
v -2.5 2.2747962474823 -0.3956891894340515
v -2.4429805278778076 1.7409653663635254 0.5522077083587646
v -2.4725332260131836 1.6911122798919678 -1.162977933883667
v -2.2225420475006104 2.5774238109588623 -0.9375
v -2.328657865524292 2.4231925010681152 -1.3015614748001099
v -2.0965123176574707 2.4787564277648926 -0.881640613079071
v -2.602142572402954 1.8488352298736572 -0.8003851175308228
v -2.717154026031494 1.7198458909988403 0.12910617887973785
v -2.696485757827759 1.8600071668624878 0.036849889904260635
v -2.1270077228546143 1.7094999551773071 0.11124280840158463
v -2.2647690773010254 3.0082147121429443 -1.025603175163269
v -1.9727811813354492 2.5651116371154785 -0.8111249804496765
v -2.123755693435669 1.7087324857711792 -0.31248828768730164
v -2.0783803462982178 2.613467216491699 -0.9671819806098938
v -2.3790242671966553 1.7184146642684937 0.088158518075943
v -2.4883298873901367 2.41823410987854 -0.3529145121574402
v -2.272031784057617 3.0050876140594482 -1.0244697332382202
v -2.0887019634246826 1.861432671546936 0.009787926450371742
v -2.281384229660034 2.8024637699127197 -0.9021009206771851
v -2.1666088104248047 3.006244421005249 -0.5097121596336365
v -2.161322832107544 2.2270328998565674 -0.7068696618080139
v -2.185091257095337 2.608875036239624 -1.2234807014465332
v -2.0242912769317627 2.5028162002563477 -0.6286839246749878
v -2.6176021099090576 1.7104014158248901 -0.9966903328895569
v -2.5679612159729004 1.8489999771118164 -0.7549986243247986
v -2.0890085697174072 2.014169454574585 -0.754287838935852
v -2.119457244873047 2.0822365283966064 -1.1923131942749023
v -2.1031134128570557 2.7609808444976807 -0.4188561737537384
v -2.5766842365264893 1.9038294553756714 -0.6794339418411255
v -2.2345986366271973 1.7151789665222168 0.0809999331831932
v -2.180224895477295 2.5805740356445312 -1.2330502271652222
v -2.587728261947632 1.9138456583023071 0.39114752411842346
v -2.1673102378845215 3.001974105834961 -0.5366549491882324
v -2.026601791381836 1.8778361082077026 -0.7424836158752441
v -2.3193020820617676 2.2389895915985107 0.32970836758613586
v -2.4349803924560547 2.38903546333313 -1.1375000476837158
v -2.471484661102295 1.6910735368728638 -1.1636769771575928
v -2.3945000171661377 2.88812518119812 -0.4330495595932007
v -1.9507410526275635 2.5339057445526123 -0.5216707587242126
v -2.1874074935913086 2.7197704315185547 -1.1586302518844604
v -2.117940902709961 2.776581048965454 -0.40753933787345886
v -2.4939568042755127 2.298401355743408 0.014240647666156292
v -2.259535074234009 1.8819454908370972 -0.4836091101169586
v -2.2844738960266113 2.7745518684387207 -0.7558700442314148
v -2.118683338165283 1.8608264923095703 0.42048901319503784
v -2.5108981132507324 1.7037945985794067 0.27259549498558044
v -2.1769378185272217 2.802131175994873 -1.1113731861114502
v -2.4284794330596924 2.3296847343444824 0.24373336136341095
v -2.0463712215423584 1.8323142528533936 -0.8530431389808655
v -2.1179637908935547 1.7121399641036987 0.4676557183265686
v -2.4446380138397217 2.114132881164551 -1.211679458618164
v -2.515765905380249 2.153505325317383 0.3414946496486664
v -2.241178274154663 2.7163352966308594 -0.13628065586090088
v -2.3088109493255615 2.348491668701172 -1.3115630149841309
v -2.0270190238952637 1.7046003341674805 0.0917179211974144
v -2.571000099182129 1.8522511720657349 -0.7898443341255188
v -2.5131940841674805 2.1828954219818115 0.31134355068206787
v -1.930970311164856 2.4230034351348877 -0.8664077520370483
v -2.6971595287323 1.7184945344924927 0.32688993215560913
v -2.4093728065490723 1.7010318040847778 -0.31264427304267883
v -2.5916149616241455 2.6254465579986572 -0.9472169876098633
v -2.029479742050171 2.491703987121582 -0.7103274464607239
v -2.6394684314727783 1.7085981369018555 0.21877528727054596
v -2.3725225925445557 1.893873929977417 -1.1722928285598755
v -2.2785000801086426 2.8495380878448486 -0.6773464679718018
v -2.0916552543640137 2.1356616020202637 -0.9412983059883118
v -2.3532700538635254 1.7076079845428467 -0.14982286095619202
v -2.7012312412261963 1.8622111082077026 0.36845988035202026
v -2.1678245067596436 1.6798778772354126 0.46241599321365356
v -2.2877743244171143 3.130359172821045 -0.8963592052459717
v -2.0627260208129883 1.695000171661377 -0.34392425417900085
v -2.405120372772217 2.491431713104248 0.000326555862557143
v -2.238278865814209 2.2197535037994385 0.23680388927459717
v -1.8908015489578247 2.4533896446228027 -0.7509045004844666
v -2.0908634662628174 2.0147879123687744 -0.7443944215774536
v -2.321500062942505 1.9105490446090698 -0.14965730905532837
v -2.6481094360351562 1.8645000457763672 -0.437312513589859
v -2.2341835498809814 3.066060781478882 -0.5925819873809814
v -2.0347001552581787 2.5342507362365723 -0.592373788356781
v -2.708172559738159 1.718500018119812 0.23110955953598022
v -2.023552656173706 1.8736646175384521 -0.7730774879455566
v -2.118849277496338 1.6859521865844727 0.44282177090644836
v -2.221299409866333 3.135793685913086 -0.9091110229492188
v -2.3567330837249756 1.7335180044174194 0.5799552202224731
v -2.0154876708984375 1.6680021286010742 -0.949431300163269
v -2.1889188289642334 1.7124515771865845 -0.3159838020801544
v -2.5048720836639404 1.8910897970199585 -0.5311924815177917
v -2.466292142868042 1.7015000581741333 -0.3530000150203705
v -2.293483018875122 1.8960000276565552 -0.39178669452667236
v -2.583306312561035 2.632042169570923 -0.9667572975158691
v -1.993787169456482 1.6697425842285156 -0.6742762327194214
v -2.516840934753418 2.226607084274292 -0.5001294016838074
v -2.30570650100708 1.9122653007507324 -0.28917357325553894
v -2.579920768737793 1.9243133068084717 -0.6707640886306763
v -2.4031763076782227 1.7180588245391846 -0.679648220539093
v -2.0917463302612305 1.6982089281082153 -0.7319179773330688
v -2.4534332752227783 2.1543357372283936 0.41273126006126404
v -2.5416407585144043 1.726794958114624 -0.8912563920021057
v -2.2122020721435547 2.9028170108795166 -0.3914191722869873
v -2.662153482437134 1.729004979133606 0.4163663983345032
v -2.5058162212371826 2.696183681488037 -0.3265593647956848
v -1.9888317584991455 1.688765048980713 0.1021670252084732
v -2.0382726192474365 2.5420451164245605 -0.5806821584701538
v -2.2924163341522217 2.4032695293426514 -0.9699755311012268
v -2.3954999446868896 2.9042294025421143 -0.4060564935207367
v -2.060483932495117 1.867774248123169 0.16324205696582794
v -2.4903767108917236 1.8858082294464111 0.6023287177085876
v -2.1616218090057373 2.9934518337249756 -0.6226269602775574
v -2.4573705196380615 2.727252960205078 -0.2785782217979431
v -2.2945733070373535 1.8997166156768799 -0.3484898507595062
v -2.2952346801757812 2.338428497314453 0.21740856766700745
v -2.1611785888671875 2.2267208099365234 -0.7073740363121033
v -2.7108683586120605 1.8591804504394531 0.31880420446395874
v -2.514815330505371 2.1578316688537598 -0.7368201613426208
v -2.4105265140533447 1.6988208293914795 0.31675413250923157
v -2.1795339584350586 3.01804780960083 -0.4637607932090759
v -2.06886887550354 1.8246229887008667 -0.5658107399940491
v -2.357184648513794 1.7185461521148682 -0.9826005101203918
v -2.0302889347076416 2.6966805458068848 -0.45108747482299805
v -1.967996597290039 2.564358711242676 -0.4799163341522217
v -2.228628158569336 1.8716115951538086 -0.5045785307884216
v -2.4817676544189453 2.178732395172119 -0.9641971588134766
v -2.4101340770721436 1.8161360025405884 -1.0647962093353271
v -2.4165897369384766 1.7058004140853882 -0.5809820294380188
v -2.6964211463928223 1.721618413925171 -0.15584218502044678
v -2.615129232406616 1.7380000352859497 0.47109660506248474
v -1.9368276596069336 2.4950692653656006 -0.5711890459060669
v -2.254700183868408 1.8804739713668823 -0.48655202984809875
v -2.268890857696533 2.549978256225586 -0.5000870227813721
v -2.663738489151001 1.7284632921218872 0.4124681353569031
v -2.435370445251465 2.291647434234619 0.2936582863330841
v -2.7039058208465576 1.7151752710342407 -0.10656465590000153
v -2.6002442836761475 1.907383680343628 0.4420931935310364
v -2.0903408527374268 1.7125228643417358 -0.047954168170690536
v -1.8855822086334229 2.4596190452575684 -0.732127845287323
v -2.3412089347839355 2.177417755126953 -0.025387508794665337
v -2.1082212924957275 1.8585000038146973 0.3951968550682068
v -2.048785924911499 1.8285715579986572 -0.7192131876945496
v -2.528017997741699 1.9128392934799194 0.21570561826229095
v -2.3071494102478027 1.9132663011550903 -0.2799540162086487
v -2.517155408859253 2.129589080810547 -0.8480550646781921
v -2.4724438190460205 1.7424979209899902 0.5400233268737793
v -2.060237169265747 1.8256313800811768 -0.6397872567176819
v -2.3276970386505127 2.1321818828582764 0.061128903180360794
v -2.4847638607025146 2.620856761932373 -0.4988190233707428
v -2.3805058002471924 2.5492515563964844 -0.4799044728279114
v -2.302663564682007 1.7097958326339722 -0.33961230516433716
v -2.4186019897460938 1.7020000219345093 -0.3530000150203705
v -2.42549991607666 2.392731189727783 0.1583583503961563
v -2.4299204349517822 1.896332859992981 0.1330835223197937
v -2.359614133834839 1.7191534042358398 -0.9707568883895874
v -2.2785000801086426 2.85141921043396 -0.6759357452392578
v -2.516207218170166 2.1261215209960938 -0.8673743605613708
v -2.294973134994507 2.9986536502838135 -1.0142854452133179
v -2.5157697200775146 1.7007256746292114 -0.3539999723434448
v -2.5048298835754395 1.980232834815979 -1.1468008756637573
v -2.2922580242156982 2.263397455215454 -1.3003647327423096
v -2.654249429702759 1.863750696182251 -0.32225748896598816
v -2.1470000743865967 2.2761735916137695 -1.2540946006774902
v -2.1384005546569824 1.7176986932754517 0.17858591675758362
v -2.31654691696167 2.3797008991241455 -1.3084800243377686
v -2.3893494606018066 2.615361452102661 -0.3702529966831207
v -2.4686357975006104 2.4965193271636963 -1.1947475671768188
v -2.034147262573242 2.4891765117645264 -0.7303246855735779
v -2.1792490482330322 1.9005944728851318 0.4768075942993164
v -2.4370620250701904 2.2820184230804443 0.3030909299850464
v -2.0827009677886963 2.6204638481140137 -0.9710257053375244
v -1.99441659450531 1.66961669921875 -0.670500636100769
v -2.130128860473633 3.1046855449676514 -0.8868747353553772
v -2.6310455799102783 1.8447728157043457 -0.6978611350059509
v -2.36299204826355 2.1958770751953125 -0.12233668565750122
v -2.0221734046936035 2.4914798736572266 -0.6627660989761353
v -1.970183253288269 2.567340850830078 -0.47534388303756714
v -2.1817753314971924 2.368469476699829 -0.04982762411236763
v -2.4332242012023926 1.7403149604797363 0.5561103224754333
v -2.1615161895751953 2.836550235748291 -0.7527506351470947
v -2.5229732990264893 2.100363254547119 0.3809201121330261
v -2.0847764015197754 1.8619999885559082 0.03558650240302086
v -2.095275640487671 2.0453896522521973 -0.5490237474441528
v -1.9479237794876099 2.5275511741638184 -0.5296353101730347
v -2.2360353469848633 2.811589479446411 -0.6995716094970703
v -2.208801746368408 1.8633006811141968 -0.5222482085227966
v -2.3677480220794678 1.697264313697815 0.33737602829933167
v -2.224531650543213 3.1492056846618652 -0.8791040182113647
v -2.3033945560455322 2.4098711013793945 -0.969042956829071
v -2.604248523712158 2.6036314964294434 -0.8751493692398071
v -2.199108839035034 2.3286681175231934 -0.5164260864257812
v -2.4834110736846924 2.6294150352478027 -0.48952552676200867
v -2.5267975330352783 2.494398593902588 -0.83262038230896
v -2.316499948501587 1.900532841682434 -0.07524672150611877
v -2.4851343631744385 2.2297310829162598 0.2294842004776001
v -2.383200168609619 2.8672432899475098 -0.4572566747665405
v -2.155927896499634 1.6779652833938599 -1.1870508193969727
v -2.2381398677825928 2.3957393169403076 -1.0364009141921997
v -2.1012778282165527 2.0693819522857666 -0.534126341342926
v -2.316448926925659 3.0438501834869385 -0.4004219174385071
v -2.0857112407684326 1.873913049697876 -0.6157141923904419
v -1.9901502132415771 2.57126784324646 -0.8703396320343018
v -2.0764999389648438 1.8288731575012207 -0.43268582224845886
v -2.1882598400115967 2.6897361278533936 -1.177342414855957
v -2.6640000343322754 1.7132142782211304 -0.887928307056427
v -2.3701510429382324 2.019954204559326 0.5327203273773193
v -2.2823326587677 2.779169797897339 -0.7447444200515747
v -2.2505884170532227 3.082853078842163 -0.5194697380065918
v -2.2664999961853027 3.064389944076538 -0.4299846589565277
v -2.6375632286071777 1.6985803842544556 -0.9972760081291199
v -2.18000864982605 2.4980084896087646 -0.27646344900131226
v -2.4933278560638428 2.301720380783081 0.007543244864791632
v -2.5560195446014404 1.7010868787765503 -0.3545869290828705
v -2.278367280960083 2.8437423706054688 -0.6818591952323914
v -2.516960859298706 2.5192031860351562 -1.1605077981948853
v -2.4066381454467773 1.894585132598877 0.13591483235359192
v -2.2831289768218994 2.811112880706787 -0.526983916759491
v -2.4887211322784424 1.7242858409881592 0.10742954164743423
v -2.6837730407714844 1.7138487100601196 -0.8189966678619385
v -2.2361533641815186 1.8746613264083862 -0.49888506531715393
v -2.1724038124084473 3.013427972793579 -0.48233598470687866
v -2.2369558811187744 1.7158806324005127 -0.7872838973999023
v -2.06307053565979 1.8657042980194092 0.273781955242157
v -2.7061548233032227 1.7133064270019531 -0.09283857047557831
v -2.0614683628082275 1.9924204349517822 -1.1159100532531738
v -2.1130521297454834 1.7080103158950806 0.36770737171173096
v -2.324180841445923 1.7225886583328247 -0.8238546252250671
v -2.4114670753479004 1.7023370265960693 -0.3530000150203705
v -2.63051700592041 1.7134106159210205 -0.9502702951431274
v -2.2970054149627686 2.3304810523986816 0.23152321577072144
v -2.0621373653411865 1.8248406648635864 -0.6250613331794739
v -2.1563150882720947 2.6793172359466553 -0.4099552631378174
v -2.52734375 2.495187520980835 -0.8251572847366333
v -2.706864356994629 1.72322678565979 -0.334096759557724
v -2.593940496444702 1.7084614038467407 0.23725087940692902
v -2.5290000438690186 2.527665853500366 -0.681335985660553
v -1.8959242105484009 2.447291851043701 -0.7675565481185913
v -2.6136634349823 1.937532663345337 0.4583267271518707
v -2.470405340194702 1.883047342300415 -0.35549724102020264
v -2.1121935844421387 2.110044002532959 -0.5155749320983887
v -2.390643835067749 2.9590494632720947 -0.922454833984375
v -2.2474284172058105 3.0791168212890625 -0.6020779013633728
v -2.245382308959961 2.0462589263916016 -1.284070611000061
v -2.240008592605591 1.6867104768753052 -1.2023069858551025
v -2.6135995388031006 2.464336395263672 -0.8766917586326599
v -2.177582025527954 2.493828058242798 -0.29718783497810364
v -2.3902394771575928 1.721907615661621 -0.7819000482559204
v -2.061572790145874 1.6639484167099 -1.1130062341690063
v -2.143369197845459 2.38849139213562 -1.2817755937576294
v -2.379338026046753 1.7067441940307617 -0.25268787145614624
v -2.3629488945007324 1.7197436094284058 -0.9544991850852966
v -2.1387367248535156 3.007946252822876 -0.6408868432044983
v -2.3214502334594727 1.9120330810546875 -0.15836532413959503
v -1.9801077842712402 2.5781869888305664 -0.46057558059692383
v -2.2457401752471924 1.8733928203582764 0.5936874151229858
v -2.3972718715667725 2.3714709281921387 -1.2587668895721436
v -2.0559139251708984 1.6970860958099365 -0.40405982732772827
v -2.488165855407715 2.7945806980133057 -0.38955157995224
v -2.3981494903564453 3.053043842315674 -0.7835798263549805
v -2.591318368911743 1.8481882810592651 -0.8213629126548767
v -2.3432302474975586 1.893423080444336 -0.4591538906097412
v -2.205155849456787 1.9506397247314453 -1.214795470237732
v -1.940142273902893 2.5029749870300293 -0.5590732097625732
v -2.324075222015381 1.7061705589294434 -1.1121790409088135
v -2.265256881713867 2.6137804985046387 -0.09639714658260345
v -2.6149418354034424 2.502901315689087 -0.648452877998352
v -2.1017932891845703 2.0190000534057617 -0.6686282753944397
v -2.316499948501587 1.9005441665649414 -0.07498493045568466
v -2.2173001766204834 2.788949728012085 -0.18967467546463013
v -2.162238836288452 2.818182945251465 -0.3889254331588745
v -2.53835391998291 2.1673309803009033 -0.5618844628334045
v -2.200521230697632 2.5080065727233887 -0.22196565568447113
v -2.503035545349121 2.3278932571411133 -0.1441100537776947
v -2.2035326957702637 3.0074589252471924 -1.0110903978347778
v -2.089784860610962 2.4271938800811768 -0.9487345218658447
v -2.399733304977417 1.7035000324249268 -0.3529590964317322
v -1.9772934913635254 2.565756320953369 -0.829942524433136
v -2.4257521629333496 2.3612093925476074 0.19905529916286469
v -2.6401383876800537 1.8542765378952026 -0.605320394039154
v -2.128230333328247 1.6737781763076782 0.46496108174324036
v -2.4263055324554443 2.351003408432007 0.2131342738866806
v -2.665024518966675 1.8583415746688843 -0.1527778059244156
v -2.2729332447052 3.0273678302764893 -0.39730092883110046
v -2.5942044258117676 2.673334836959839 -0.48846739530563354
v -2.123798131942749 1.6790183782577515 0.45591285824775696
v -2.090212106704712 1.7121362686157227 -0.051561933010816574
v -2.350931167602539 1.8095810413360596 -1.0777567625045776
v -2.017314910888672 1.667697548866272 -0.9591795802116394
v -2.3798611164093018 2.9670310020446777 -0.9402465224266052
v -2.2137584686279297 1.718778371810913 0.5601135492324829
v -2.45491361618042 2.1383633613586426 0.4275158643722534
v -2.4277737140655518 2.588137626647949 -1.209999442100525
v -2.3237929344177246 2.3128445148468018 -0.6468454003334045
v -2.385019302368164 2.871400833129883 -0.4530990719795227
v -2.1857380867004395 2.4758808612823486 -0.36561936140060425
v -2.135089159011841 1.7117410898208618 0.13955380022525787
v -2.138000011444092 1.7174999713897705 0.2295423001050949
v -2.5296075344085693 2.082784652709961 0.39664989709854126
v -2.2473714351654053 2.340271472930908 -1.05649995803833
v -2.027346134185791 2.436000108718872 -1.1005189418792725
v -2.299393653869629 2.7966506481170654 -0.4717489778995514
v -2.5216355323791504 1.8380000591278076 -0.9861984252929688
v -2.17775297164917 2.494511842727661 -0.294452428817749
v -2.212287187576294 1.9665746688842773 -1.229744791984558
v -2.1779770851135254 2.3735227584838867 -0.08264993131160736
v -2.4133851528167725 2.4829020500183105 -0.3304089307785034
v -2.569999933242798 1.855088472366333 -0.8319768905639648
v -2.316499948501587 1.900678038597107 -0.0719066858291626
v -2.630702018737793 1.8446009159088135 -0.7026710510253906
v -2.612691879272461 2.5055696964263916 -0.64002925157547
v -2.71354079246521 1.7105000019073486 -0.03427297994494438
v -2.2775185108184814 2.4110372066497803 0.12035160511732101
v -2.1181113719940186 1.657371163368225 0.4922597408294678
v -2.3931329250335693 2.2612130641937256 -1.262933611869812
v -2.5285000801086426 2.5325214862823486 -0.6612722873687744
v -2.2156598567962646 3.066807270050049 -0.9751843810081482
v -2.099865436553955 3.076551675796509 -0.774334728717804
v -2.615229368209839 2.6298882961273193 -0.5455242395401001
v -2.2740085124969482 1.814192295074463 -1.0848537683486938
v -2.709927797317505 1.7124325037002563 -0.42154461145401
v -2.1001346111297607 2.1678359508514404 -0.8194848299026489
v -2.468669891357422 2.1883575916290283 -0.9952885508537292
v -2.48152756690979 2.6382052898406982 -0.47979462146759033
v -2.090517044067383 2.01467227935791 -0.7462425231933594
v -2.2280611991882324 2.2543420791625977 0.19370165467262268
v -2.666473865509033 1.7076842784881592 0.20992101728916168
v -2.1045870780944824 3.085256814956665 -0.8003531098365784
v -2.675743818283081 1.7124695777893066 -0.8629636168479919
v -1.9508031606674194 2.4227004051208496 -0.9295104146003723
v -2.7095000743865967 1.7160290479660034 -0.3957672417163849
v -2.3315064907073975 2.4312477111816406 -1.2996108531951904
v -2.516615152359009 2.1795666217803955 -0.6749725341796875
v -2.248664140701294 1.878753662109375 -0.49029117822647095
v -2.4597933292388916 1.6906652450561523 -1.171694278717041
v -2.4511711597442627 2.7224178314208984 -0.284056156873703
v -2.400350332260132 2.5430748462677 -0.9046916365623474
v -2.358598232269287 1.8940001726150513 -0.458331823348999
v -2.2392518520355225 3.1808321475982666 -0.743580162525177
v -2.47227144241333 2.809192419052124 -0.38337355852127075
v -2.191474437713623 2.643256664276123 -0.3048587739467621
v -2.2756128311157227 2.3996875286102295 -0.9717249870300293
v -2.27687668800354 2.819157123565674 -0.701849639415741
v -2.5402231216430664 1.8378040790557861 -0.9063647985458374
v -2.4089548587799072 2.4989511966705322 -0.2939625084400177
v -2.069387197494507 2.6674203872680664 -0.3740929365158081
v -2.530433416366577 2.522458791732788 -1.1504842042922974
v -1.9959646463394165 1.669789433479309 -0.6647813320159912
v -2.3908822536468506 2.9588825702667236 -0.9218826293945312
v -2.1972646713256836 2.959704637527466 -1.030794620513916
v -2.2960872650146484 1.6930780410766602 -1.210270643234253
v -2.028748035430908 2.515991687774658 -0.6152604222297668
v -2.1906092166900635 1.9113705158233643 -1.1683706045150757
v -2.7046926021575928 1.7244036197662354 -0.31608912348747253
v -2.202648401260376 2.508671283721924 -0.21850907802581787
v -2.0479838848114014 2.591491937637329 -0.9452126622200012
v -2.2074947357177734 2.3285367488861084 0.05842386186122894
v -2.388842821121216 2.8588974475860596 -0.3827074468135834
v -2.5033392906188965 2.3276607990264893 -0.15280388295650482
v -2.671363115310669 1.8605725765228271 -0.10025680065155029
v -1.9312394857406616 2.488715648651123 -0.5835450291633606
v -2.4209728240966797 2.4347479343414307 -1.2375930547714233
v -2.2035164833068848 2.819099187850952 -0.7188844084739685
v -2.1112289428710938 2.4909112453460693 -0.9004344344139099
v -2.372999906539917 2.126993179321289 -0.3116939961910248
v -2.460747480392456 1.7420947551727295 0.5448631048202515
v -2.1922528743743896 1.8821237087249756 0.38997790217399597
v -2.4872524738311768 2.25563645362854 0.1838533878326416
v -2.1448843479156494 2.162074565887451 -1.2354092597961426
v -2.381901979446411 2.900402784347534 -0.7694034576416016
v -2.4125149250030518 2.477903366088867 -0.3416782319545746
v -2.2750542163848877 2.886211633682251 -0.6496980786323547
v -2.2276124954223633 2.9140102863311768 -0.38704073429107666
v -2.2466254234313965 2.34474778175354 -1.05649995803833
v -1.9946950674057007 1.6774349212646484 -0.8138207793235779
v -2.2915000915527344 2.7761006355285645 -0.8341509103775024
v -2.3887438774108887 2.280200958251953 -1.2647560834884644
v -2.52449893951416 1.8344998359680176 -0.9302515387535095
v -2.0718166828155518 2.4708733558654785 -0.8409497737884521
v -2.2451908588409424 2.651254653930664 -0.9548998475074768
v -2.4582622051239014 2.615133047103882 -1.1961216926574707
v -2.5905823707580566 1.7193065881729126 -0.8952695727348328
v -2.372894763946533 2.1583411693573 -0.25139692425727844
v -2.205158233642578 2.896125316619873 -0.3942367136478424
v -2.086012601852417 1.9821181297302246 -0.5928291082382202
v -2.0665297508239746 2.424583673477173 -0.9412230253219604
v -2.0696072578430176 1.8248690366744995 -0.5584269165992737
v -2.2589199542999268 2.5496222972869873 -0.5015114545822144
v -2.630124568939209 1.8442497253417969 -0.7082529664039612
v -2.696500062942505 1.8590737581253052 0.04765140265226364
v -2.4365100860595703 2.3920984268188477 -1.1374223232269287
v -2.504499912261963 2.2973310947418213 -0.3328888416290283
v -2.577483654022217 2.6890199184417725 -0.4799869954586029
v -2.6342735290527344 2.464329957962036 -0.8098022937774658
v -2.1350860595703125 1.7117384672164917 0.13953976333141327
v -2.320984363555908 2.231234550476074 0.3359452486038208
v -2.098825693130493 3.0565905570983887 -0.7260522246360779
v -2.356618881225586 2.0658979415893555 0.4910387694835663
v -2.0807979106903076 1.7096376419067383 0.4233485460281372
v -2.0434625148773193 2.639988660812378 -0.3996270000934601
v -2.622164487838745 2.6191132068634033 -0.5970441699028015
v -2.0249462127685547 2.5046494007110596 -0.6268506050109863
v -2.0018343925476074 1.6732324361801147 -0.8726397752761841
v -2.2419230937957764 1.686895728111267 -1.2024304866790771
v -2.2038891315460205 2.509058952331543 -0.2164926826953888
v -2.5044257640838623 2.2657108306884766 -0.5350446105003357
v -2.513765573501587 2.536276340484619 -1.1509367227554321
v -2.5561578273773193 1.8412895202636719 -0.8806185126304626
v -2.2239553928375244 1.8709092140197754 0.5872277021408081
v -2.5626485347747803 1.852257490158081 -0.707455575466156
v -2.4749276638031006 1.7020339965820312 0.28835415840148926
v -2.3978219032287598 2.631614923477173 -0.33147722482681274
v -2.5602498054504395 1.854374885559082 -0.9355003237724304
v -2.4129297733306885 1.729494571685791 -0.8543099164962769
v -2.1170713901519775 1.7082550525665283 -0.3121700584888458
v -2.275944471359253 3.0110886096954346 -0.38766658306121826
v -2.403228998184204 1.8390239477157593 -1.0815659761428833
v -2.5139527320861816 2.171027421951294 -0.6982284784317017
v -2.50289249420166 2.2739174365997314 0.05437372997403145
v -2.708681344985962 1.721274495124817 -0.3543480932712555
v -2.1269586086273193 2.7072396278381348 -0.30930885672569275
v -2.496000051498413 2.3751018047332764 -0.421247661113739
v -2.2578248977661133 3.0821750164031982 -0.47395116090774536
v -2.371915817260742 2.5156376361846924 -1.2674180269241333
v -2.1049604415893555 3.0859289169311523 -0.8022946715354919
v -2.340810537338257 2.1283345222473145 0.4237034320831299
v -2.1644861698150635 1.678871512413025 0.46499013900756836
v -2.2450826168060303 1.7205774784088135 0.5695400834083557
v -2.321500062942505 2.085357904434204 0.12340311706066132
v -2.3494656085968018 1.707143783569336 -0.11687526851892471
v -2.5014748573303223 1.8679916858673096 -0.11923269182443619
v -2.3554446697235107 2.9909799098968506 -0.6224445700645447
v -2.3842034339904785 2.743162155151367 -0.16598345339298248
v -2.2803397178649902 2.9833011627197266 -0.3746270537376404
v -2.4487664699554443 2.8252480030059814 -0.37843066453933716
v -2.1038711071014404 1.700387954711914 -0.736586332321167
v -2.3051960468292236 2.410724639892578 -0.9687585234642029
v -2.0983712673187256 2.0579423904418945 -0.5411145687103271
v -2.1964612007141113 2.948728084564209 -1.0351552963256836
v -2.6686906814575195 1.7125442028045654 -0.8772069215774536
v -2.490436553955078 1.6919797658920288 -1.1502426862716675
v -2.286353349685669 1.6921230554580688 -1.208997368812561
v -2.1881542205810547 1.8658965826034546 0.5655163526535034
v -2.1668787002563477 3.1038284301757812 -0.936199963092804
v -2.1354143619537354 1.6659950017929077 0.4785100519657135
v -2.475128173828125 2.07403302192688 -1.166549563407898
v -2.453758955001831 2.675766944885254 -0.43675899505615234
v -2.5142531394958496 2.1603610515594482 -0.7286698818206787
v -2.2319674491882324 2.028402090072632 0.42345303297042847
v -2.20592999458313 2.336354970932007 0.04207609221339226
v -2.392524242401123 1.7365202903747559 0.5713983774185181
v -2.7099907398223877 1.7120554447174072 -0.424121230840683
v -2.5179998874664307 2.1402199268341064 -0.8006200194358826
v -2.210064172744751 2.588698625564575 -0.3762759566307068
v -2.3167901039123535 1.915919542312622 -0.20440499484539032
v -2.5660111904144287 1.7265000343322754 0.11858280003070831
v -2.255000114440918 2.199047565460205 -0.8898080587387085
v -2.0600662231445312 1.8684003353118896 0.16950303316116333
v -2.215737819671631 1.9839755296707153 0.46768030524253845
v -2.6137304306030273 2.4643008708953857 -0.8764062523841858
v -2.7097034454345703 1.7102208137512207 -0.4354720711708069
v -2.0065243244171143 1.670487880706787 -0.9016250967979431
v -2.177879810333252 2.37362003326416 -0.0843510627746582
v -2.10760498046875 2.089067220687866 -0.523768961429596
v -2.18215274810791 2.280968189239502 -0.5911241769790649
v -2.3904876708984375 3.0333757400512695 -0.7062639594078064
v -2.3079137802124023 1.7094571590423584 -0.340628445148468
v -2.3436267375946045 2.9864509105682373 -0.6085025072097778
v -2.3414249420166016 2.8758583068847656 -0.3963584303855896
v -2.5439188480377197 1.7265101671218872 -0.8916123509407043
v -2.3732972145080566 2.1224329471588135 -0.3188502788543701
v -2.277498722076416 2.8799872398376465 -0.5934880971908569
v -2.459580183029175 1.701352596282959 0.2948267459869385
v -2.2219417095184326 3.1714773178100586 -0.8260097503662109
v -2.5146772861480713 1.911556601524353 -1.0782020092010498
v -2.522130012512207 1.7009376287460327 -0.3539999723434448
v -2.583285331726074 1.968829870223999 -0.6519423127174377
v -2.1993682384490967 2.4091198444366455 -0.9771519899368286
v -2.5622761249542236 2.5283358097076416 -1.0849553346633911
v -2.506929636001587 2.695070266723633 -0.32780376076698303
v -2.2466213703155518 2.548654556274414 -0.5003088116645813
v -2.418764352798462 2.470370054244995 0.03865897282958031
v -1.9617494344711304 2.5864992141723633 -0.6101273894309998
v -2.339434862136841 2.83017635345459 -1.0788025856018066
v -2.5274999141693115 2.504404306411743 -0.7754068970680237
v -2.089885711669922 1.711043119430542 -0.06069796532392502
v -2.2445878982543945 1.8776811361312866 -0.4928654730319977
v -2.7034759521484375 1.7081828117370605 -0.523082971572876
v -2.3932337760925293 2.597268581390381 -0.11949992179870605
v -2.082008123397827 1.7095619440078735 0.42425623536109924
v -2.316499948501587 1.9008246660232544 -0.0685349628329277
v -2.4969100952148438 1.901170015335083 0.0790398120880127
v -2.42549991607666 2.3827576637268066 0.17142783105373383
v -2.049097776412964 2.6475818157196045 -0.3937249481678009
v -2.2496635913848877 3.0839931964874268 -0.6053286194801331
v -2.0566375255584717 1.8265001773834229 -0.6713987588882446
v -2.1729061603546143 2.831421136856079 -0.7427592277526855
v -2.0633816719055176 1.664125919342041 -1.1160117387771606
v -2.1118404865264893 2.7011702060699463 -0.32999083399772644
v -2.5013370513916016 2.494568347930908 -0.9195262789726257
v -1.9896774291992188 1.6760355234146118 -0.7840291261672974
v -2.343749523162842 1.8090546131134033 -1.0785937309265137
v -2.2230734825134277 3.1059305667877197 -0.945573627948761
v -2.508302927017212 2.2628941535949707 0.0691271647810936
v -2.057111978530884 1.867477536201477 0.23369477689266205
v -2.114156484603882 3.0305497646331787 -0.6763933300971985
v -2.42549991607666 2.381863594055176 0.1725456267595291
v -2.3473029136657715 1.7051972150802612 -0.03730880469083786
v -2.497882843017578 2.646655797958374 -1.038041591644287
v -2.1865923404693604 2.9032773971557617 -1.0640028715133667
v -2.4153711795806885 2.304502487182617 -1.1410717964172363
v -2.4471399784088135 2.2170207500457764 0.3590194880962372
v -2.2167105674743652 1.7143504619598389 0.0809999331831932
v -2.3789775371551514 1.8851240873336792 0.6056166291236877
v -2.2939999103546143 1.8980228900909424 -0.35931622982025146
v -2.5280001163482666 2.5084025859832764 -0.7598894834518433
v -2.2490880489349365 3.0820441246032715 -0.5269519090652466
v -2.198911190032959 2.3490889072418213 0.013842351734638214
v -2.108417510986328 1.8585000038146973 0.3957037627696991
v -2.2795844078063965 2.8432862758636475 -0.5674548149108887
v -2.068990468978882 1.824663519859314 -0.5645944476127625
v -2.1738500595092773 1.8649086952209473 0.554624080657959
v -2.2519338130950928 2.322453260421753 -1.055999994277954
v -2.6850571632385254 1.7175571918487549 -0.7223851084709167
v -2.284266710281372 3.0017764568328857 -1.0200845003128052
v -2.569999933242798 1.8554404973983765 -0.8418333530426025
v -2.1419997215270996 2.146497964859009 -1.226999044418335
v -2.6957509517669678 1.7239999771118164 -0.21227715909481049
v -2.2548673152923584 1.712886095046997 -0.3273419141769409
v -2.060480833053589 1.7040764093399048 -0.2789461314678192
v -2.1123030185699463 1.8589671850204468 0.4048067629337311
v -2.2293708324432373 1.999490737915039 -1.2553688287734985
v -2.2843832969665527 2.2224552631378174 -1.288844347000122
v -2.1866860389709473 2.7257847785949707 -1.1557432413101196
v -2.499805450439453 1.7424999475479126 0.5287829041481018
v -2.42934250831604 1.6909916400909424 -0.5181296467781067
v -2.569999933242798 1.8553762435913086 -0.8400369882583618
v -1.9963746070861816 2.658046007156372 -0.49517297744750977
v -1.8936914205551147 2.4754395484924316 -0.6641170978546143
v -2.0503594875335693 1.831020712852478 -0.8323838710784912
v -2.2726359367370605 2.431854486465454 0.09528111666440964
v -2.4177122116088867 1.6976009607315063 -0.32685384154319763
v -2.1539151668548584 1.7125307321548462 0.08053082227706909
v -2.3088834285736084 2.2802083492279053 -0.6955248713493347
v -1.9874844551086426 1.6716718673706055 -0.7146397233009338
v -2.2779946327209473 2.8374125957489014 -0.6870710253715515
v -2.6086089611053467 2.463524341583252 -0.8911727666854858
v -2.156435012817383 2.360175132751465 -1.2545000314712524
v -2.0681419372558594 1.7069568634033203 -0.21129007637500763
v -2.49399995803833 2.316695213317871 -0.041067108511924744
v -2.1742539405822754 2.8705155849456787 -1.0846431255340576
v -2.111798048019409 3.0342185497283936 -0.6824037432670593
v -2.133661985397339 2.516329050064087 -0.9253309965133667
v -2.367947578430176 1.8941888809204102 -0.45756295323371887
v -2.2247157096862793 2.7717111110687256 -0.17315837740898132
v -2.3473362922668457 2.7497005462646484 -1.1244089603424072
v -2.2385830879211426 2.7281086444854736 -0.14207236468791962
v -2.3784961700439453 2.0717642307281494 -0.37873587012290955
v -2.05184268951416 2.480578660964966 -0.7856063842773438
v -2.28609037399292 2.792865514755249 -0.8622312545776367
v -2.583240032196045 2.4857521057128906 -0.9437799453735352
v -2.425240993499756 1.6947972774505615 -0.3378106653690338
v -2.1438283920288086 2.8456225395202637 -0.7696959972381592
v -2.512087821960449 2.115233898162842 -0.919064998626709
v -1.99551260471344 2.5732991695404053 -0.880153477191925
v -2.283862352371216 2.3825502395629883 0.15495890378952026
v -2.3147876262664795 2.372864246368408 -1.3093562126159668
v -2.263038158416748 2.5304362773895264 -0.10806374996900558
v -2.0888142585754395 2.4271013736724854 -0.9485033750534058
v -2.594558000564575 1.7085000276565552 0.2369765341281891
v -2.215367078781128 1.6902164220809937 0.427755206823349
v -2.4122321605682373 2.543997287750244 -0.13382336497306824
v -2.1131253242492676 2.2285609245300293 -1.130249261856079
v -2.2159950733184814 2.513498067855835 -0.19700805842876434
v -2.5846405029296875 1.7020000219345093 -0.35499992966651917
v -2.203359365463257 1.946148157119751 -1.2085074186325073
v -2.2253406047821045 2.577630043029785 -0.9373699426651001
v -2.0969998836517334 2.1667447090148926 -0.8313949108123779
v -2.351860284805298 1.7040698528289795 0.035484328866004944
v -2.5237064361572266 2.492603302001953 -0.8631419539451599
v -2.3954999446868896 2.904543876647949 -0.404662549495697
v -2.314007520675659 2.4164350032806396 -0.968000054359436
v -2.172121524810791 2.9993538856506348 -0.5622062683105469
v -2.009634017944336 2.6790120601654053 -0.4695367217063904
v -2.3455216884613037 2.8924787044525146 -1.0203036069869995
v -2.4018495082855225 2.930488348007202 -0.826687753200531
v -2.382838249206543 1.8852849006652832 0.6070643663406372
v -2.381119966506958 2.8635759353637695 -0.4607039988040924
v -2.508469820022583 2.532611131668091 -1.1565301418304443
v -2.157386541366577 2.995823383331299 -0.6251680254936218
v -2.496981620788574 2.585829257965088 -0.546048641204834
v -2.608083963394165 2.5767784118652344 -0.7463294267654419
v -2.6292858123779297 1.8436905145645142 -0.7144036293029785
v -2.1426608562469482 2.187882423400879 -0.7681217789649963
v -2.183387279510498 2.371112585067749 -0.14725086092948914
v -2.54768443107605 1.911710500717163 0.27302664518356323
v -2.15202260017395 1.712489366531372 0.0805106833577156
v -2.484203577041626 2.148092746734619 -0.9155742526054382
v -2.280296802520752 2.3978402614593506 0.13530807197093964
v -2.3420193195343018 2.459038734436035 -1.2916754484176636
v -2.2802646160125732 2.192577600479126 -1.2805193662643433
v -2.2386765480041504 2.217559337615967 0.2397933304309845
v -2.0572924613952637 2.5727508068084717 -0.5385199189186096
v -2.281944751739502 2.9232938289642334 -0.3799999952316284
v -2.0658047199249268 1.8244999647140503 -0.5931664705276489
v -1.9238113164901733 2.425292491912842 -0.8432389497756958
v -2.052500009536743 1.946105718612671 -1.0637483596801758
v -2.09885835647583 2.141056537628174 -0.9672821760177612
v -2.515443801879883 2.165844202041626 0.33009958267211914
v -2.0858311653137207 2.4268174171447754 -0.9477931261062622
v -2.114426851272583 2.493901491165161 -0.9044269323348999
v -2.384488821029663 2.017202377319336 -0.4183650314807892
v -2.4033010005950928 2.9491705894470215 -0.8867110013961792
v -2.3051371574401855 2.996958017349243 -1.0082178115844727
v -2.0220532417297363 1.691691279411316 -0.630181610584259
v -2.190211057662964 2.6471755504608154 -0.30157139897346497
v -1.955713152885437 2.5446887016296387 -0.50808185338974
v -2.053363084793091 1.9663362503051758 -1.0860623121261597
v -2.250372886657715 2.329216718673706 -1.0562089681625366
v -2.2135367393493652 2.5827760696411133 -0.38777270913124084
v -2.387047290802002 2.2999818325042725 -1.2654999494552612
v -2.347872734069824 2.9026312828063965 -0.37722548842430115
v -2.025991201400757 2.584731101989746 -0.9261645078659058
v -2.270179510116577 2.47975754737854 -0.03597608953714371
v -2.3281373977661133 2.5428566932678223 -0.10385680943727493
v -2.1887595653533936 2.6604223251342773 -0.287136048078537
v -2.3962862491607666 1.7211904525756836 -0.7345675826072693
v -2.4451303482055664 2.213196277618408 -1.0590226650238037
v -2.5696306228637695 2.4923696517944336 -0.9933212399482727
v -2.5203030109405518 1.6937787532806396 -1.125697135925293
v -2.714747190475464 1.7119946479797363 0.0011725001968443394
v -2.445014715194702 2.2317755222320557 0.34733107686042786
v -2.3956234455108643 2.6273088455200195 -0.34066328406333923
v -2.5428524017333984 1.7258703708648682 0.11535187065601349
v -2.053877353668213 1.9705191850662231 -1.0908966064453125
v -2.483823776245117 2.1546785831451416 -0.9272968173027039
v -2.4876327514648438 2.257347583770752 0.18062113225460052
v -2.2816355228424072 2.818146228790283 -0.5366047620773315
v -2.3151450157165527 2.553145170211792 -0.4960322082042694
v -2.21864914894104 3.074493646621704 -0.9698739647865295
v -2.0727555751800537 1.7093369960784912 -0.18345661461353302
v -1.931961178779602 2.4893651008605957 -0.5821738243103027
v -2.630627393722534 1.7134207487106323 -0.9499592185020447
v -2.174696683883667 2.4842686653137207 -1.2515710592269897
v -2.276394844055176 2.5803563594818115 -0.09362442791461945
v -2.262363910675049 2.5497450828552246 -0.5010194778442383
v -2.3746535778045654 1.7070000171661377 -0.24170710146427155
v -2.427191972732544 1.8909988403320312 0.610400915145874
v -2.3951425552368164 2.8899638652801514 -0.42975085973739624
v -2.3177359104156494 2.4195518493652344 -0.9677700400352478
v -2.27819561958313 2.7964775562286377 -0.9185450673103333
v -1.973388671875 2.5713884830474854 -0.46933799982070923
v -2.429494619369507 2.3232011795043945 0.252287894487381
v -2.673595905303955 1.7076611518859863 -0.35316938161849976
v -2.6922733783721924 1.8615000247955322 0.005506541114300489
v -2.1847777366638184 1.8813518285751343 0.43568530678749084
v -2.6114799976348877 2.5070159435272217 -0.6353881359100342
v -2.044935464859009 2.4828548431396484 -0.7682336568832397
v -2.716353416442871 1.7200000286102295 0.14549174904823303
v -2.5107920169830322 2.5342319011688232 -1.154096007347107
v -2.4986724853515625 2.3047914505004883 -0.497484415769577
v -2.5031533241271973 2.203218936920166 0.2844596803188324
v -2.4146430492401123 2.4657046794891357 -0.4312995672225952
v -2.2797164916992188 1.7249394655227661 0.5782992839813232
v -2.214779853820801 2.4644460678100586 -0.41477978229522705
v -2.3529999256134033 1.7020738124847412 0.06238601729273796
v -2.1272153854370117 1.6752443313598633 0.46293097734451294
v -2.2411248683929443 3.179598331451416 -0.7402501106262207
v -2.3414580821990967 2.7667155265808105 -1.1173713207244873
v -2.4342002868652344 2.297498941421509 0.2860512137413025
v -2.3110485076904297 1.9027256965637207 -0.03006603568792343
v -2.1694371700286865 2.8229594230651855 -0.38949546217918396
v -2.2816100120544434 2.8183999061584473 -0.5369598269462585
v -2.503258228302002 2.251587390899658 -0.45384177565574646
v -2.699296236038208 1.709425926208496 -0.5538524389266968
v -1.9911999702453613 2.434425115585327 -1.0367501974105835
v -2.417553424835205 2.5409164428710938 -0.13942459225654602
v -2.7084336280822754 1.7069337368011475 -0.47212690114974976
v -2.0393741130828857 1.8587985038757324 -0.955834686756134
v -2.5479793548583984 2.64408016204834 -1.0150206089019775
v -2.3270246982574463 2.3192601203918457 -0.6372936964035034
v -2.177645444869995 2.4853498935699463 -0.32966384291648865
v -2.3825252056121826 1.7185732126235962 0.08868308365345001
v -2.546609878540039 1.8516960144042969 -0.9593459963798523
v -2.167788505554199 1.8519796133041382 -0.5573214292526245
v -2.3468120098114014 2.186295986175537 -0.047731827944517136
v -2.512453556060791 2.1162092685699463 -0.9151630401611328
v -2.5344398021698 1.8867651224136353 -0.5761343836784363
v -2.2198328971862793 1.6847068071365356 -1.2007068395614624
v -2.073683023452759 2.5893192291259766 -0.517453134059906
v -2.4845194816589355 1.8288427591323853 -1.0288604497909546
v -2.0461843013763428 2.5905919075012207 -0.9435765147209167
v -2.4003751277923584 1.7195155620574951 -0.7027021050453186
v -2.303421974182129 1.7097469568252563 -0.33975905179977417
v -1.9777288436889648 2.5658185482025146 -0.8318703770637512
v -2.199082136154175 2.8909850120544434 -0.3978109061717987
v -2.5820932388305664 1.9363032579421997 -0.6658949851989746
v -2.197761297225952 2.966526985168457 -1.0280630588531494
v -2.6551949977874756 1.861414909362793 -0.30181899666786194
v -2.0818357467651367 2.676158905029297 -0.36216428875923157
v -2.0486598014831543 1.8294999599456787 -0.7544375658035278
v -2.4608328342437744 2.0666720867156982 0.47366398572921753
v -2.023488759994507 2.5840978622436523 -0.9236899018287659
v -2.5591957569122314 2.62357497215271 -0.4016624689102173
v -2.694709300994873 1.8783115148544312 0.41216492652893066
v -2.1037533283233643 2.279080629348755 -1.1529425382614136
v -2.5598337650299072 1.724465012550354 -0.8936783671379089
v -2.607133150100708 2.58039927482605 -0.7825630307197571
v -2.4026708602905273 1.839661717414856 -1.0833197832107544
v -2.5658934116363525 1.8784606456756592 0.5808950662612915
v -2.3362889289855957 1.7237417697906494 -0.8284672498703003
v -2.7011194229125977 1.8559402227401733 0.1094328984618187
v -2.447591781616211 2.1081702709198 -1.2070239782333374
v -2.460784673690796 2.0672976970672607 0.47335121035575867
v -2.0963077545166016 1.8595994710922241 0.3667178153991699
v -2.673039197921753 1.7261536121368408 0.38195687532424927
v -2.1911768913269043 1.9126477241516113 -1.1696478128433228
v -2.391587257385254 2.586566686630249 -0.11949992179870605
v -2.6528666019439697 1.8645000457763672 -0.3769693970680237
v -2.1864173412323 2.616504430770874 -1.2199771404266357
v -2.3385519981384277 2.793402671813965 -1.1031169891357422
v -2.661236524581909 1.8573817014694214 -0.22116130590438843
v -2.387171506881714 2.298614025115967 -1.2654999494552612
v -2.359367847442627 1.7190918922424316 -0.9719576239585876
v -2.412249803543091 2.5439870357513428 -0.13384202122688293
v -2.2935564517974854 2.4415090084075928 -0.48700907826423645
v -2.2126803398132324 2.575780153274536 -0.9375
v -2.4838054180145264 2.1543853282928467 -0.9269121289253235
v -2.2112624645233154 2.300323724746704 0.12337769567966461
v -2.0530331134796143 1.934401035308838 -1.0519342422485352
v -2.176345109939575 3.01629638671875 -0.4711635112762451
v -2.1796557903289795 2.268256187438965 -0.6107761859893799
v -2.549184799194336 2.133575916290283 -0.5884429216384888
v -2.333364725112915 2.165311574935913 0.3891649842262268
v -2.339843988418579 2.1325864791870117 0.41964489221572876
v -2.454338550567627 2.8209290504455566 -0.37957480549812317
v -2.640444278717041 1.8548885583877563 -0.5982816219329834
v -2.107998847961426 2.966691493988037 -0.9404988288879395
v -2.0970401763916016 1.8554999828338623 -0.12477432936429977
v -2.6041669845581055 2.5529990196228027 -0.48666805028915405
v -2.01951265335083 1.8703417778015137 -0.8128607869148254
v -2.0188090801239014 1.8700000047683716 -0.824234127998352
v -2.0972301959991455 3.064309597015381 -0.7440715432167053
v -2.615234136581421 1.708734154701233 -1.008427619934082
v -2.5074727535247803 1.7035242319107056 0.27403780817985535
v -2.171616315841675 2.5597317218780518 -0.9378846883773804
v -1.9795171022415161 2.566229820251465 -0.8389937877655029
v -2.1782169342041016 2.535011053085327 -1.2418488264083862
v -2.5197088718414307 1.8380000591278076 -0.9895378351211548
v -2.2907564640045166 2.781346321105957 -0.8418335914611816
v -2.405412435531616 2.938845634460449 -0.8514289259910583
v -2.5748822689056396 2.4879045486450195 -0.9702579379081726
v -2.3724441528320312 3.083444833755493 -0.8615372180938721
v -2.4323525428771973 2.3841552734375 -1.1375000476837158
v -2.2417960166931152 1.71621835231781 -0.7893100380897522
v -2.281740188598633 2.2053823471069336 -1.2840907573699951
v -2.5044586658477783 1.7032861709594727 0.27530696988105774
v -2.6078898906707764 2.5877702236175537 -0.8133015632629395
v -2.2003109455108643 1.712226390838623 -0.7726790904998779
v -2.3391900062561035 3.0408291816711426 -0.4470444321632385
v -2.23461651802063 2.9173600673675537 -0.3855181336402893
v -2.4049036502838135 2.9369800090789795 -0.8461710214614868
v -2.122816562652588 1.6602277755737305 0.4904113709926605
v -2.0909533500671387 1.87175452709198 -0.6086220145225525
v -1.9871373176574707 2.5856375694274902 -0.451781302690506
v -2.693270206451416 1.713837742805481 0.3612707555294037
v -2.179873466491699 2.9976806640625 -0.5810120701789856
v -2.057037591934204 1.867537498474121 0.23172128200531006
v -2.589512825012207 1.8479304313659668 -0.8249742984771729
v -2.494335412979126 2.3195130825042725 -0.055893994867801666
v -2.0473685264587402 2.482043981552124 -0.7751278877258301
v -2.5435354709625244 2.7345821857452393 -0.44576478004455566
v -2.1849801540374756 1.8814868927001953 0.43460512161254883
v -2.1485607624053955 1.7124124765396118 0.08058760315179825
v -2.701610565185547 1.7173893451690674 -0.11876143515110016
v -2.3961894512176514 3.0484864711761475 -0.7532439231872559
v -2.329028606414795 1.7230503559112549 -0.8257012963294983
v -2.1510183811187744 2.8070120811462402 -0.3889918625354767
v -2.2991344928741455 1.9064531326293945 -0.31668731570243835
v -2.6833271980285645 1.7052509784698486 0.20558547973632812
v -2.275513172149658 2.789539337158203 -0.9270580410957336
v -2.209724187850952 2.575287342071533 -0.9375
v -2.29845929145813 1.9058983325958252 -0.3189678192138672
v -2.3938534259796143 2.3568062782287598 -1.2615387439727783
v -2.4413673877716064 2.121655225753784 -1.2169123888015747
v -2.4812190532684326 1.8772810697555542 -0.2982279062271118
v -2.185035228729248 2.7365167140960693 -1.1504915952682495
v -2.3846991062164307 2.9636647701263428 -0.9330871105194092
v -2.6622819900512695 1.8572821617126465 -0.2055092751979828
v -2.42549991607666 2.3969316482543945 0.15305639803409576
v -2.5136735439300537 2.1647632122039795 -0.7152101993560791
v -2.564918041229248 1.8485820293426514 -0.7295082211494446
v -2.2466413974761963 2.052051067352295 -1.2875962257385254
v -2.499763250350952 2.271106004714966 -0.4052088260650635
v -2.5656328201293945 1.8487110137939453 -0.7365401983261108
v -2.285813331604004 2.7714157104492188 -0.7698792219161987
v -2.2507011890411377 2.2011492252349854 -0.8422597646713257
v -2.49399995803833 2.316321611404419 -0.03854478895664215
v -2.570674180984497 2.6085848808288574 -0.4183669984340668
v -2.356796979904175 1.708370327949524 -0.1744476854801178
v -2.2451484203338623 2.69775652885437 -0.12711341679096222
v -2.7083611488342285 1.859277606010437 0.3349464535713196
v -2.2681198120117188 2.459900379180908 0.02659655176103115
v -2.4977471828460693 1.8996236324310303 0.16742242872714996
v -2.353707790374756 2.1942076683044434 -0.07761140912771225
v -2.104886531829834 2.6963093280792236 -0.33884361386299133
v -2.0956342220306396 2.024015188217163 -0.5617784857749939
v -2.2818424701690674 2.970651865005493 -0.37010321021080017
v -2.5112764835357666 2.1141316890716553 -0.9244866371154785
v -2.140312910079956 2.138401746749878 -1.223625659942627
v -2.0497875213623047 1.829595923423767 -0.7646841406822205
v -2.133674383163452 1.8501290082931519 -1.0831388235092163
v -2.6437430381774902 1.8607429265975952 -0.4940841495990753
v -2.702544927597046 1.7086138725280762 -0.5310730338096619
v -2.258033037185669 1.8748828172683716 0.5962948799133301
v -2.484687328338623 2.621187925338745 -0.49843692779541016
v -2.4134511947631836 2.4826714992523193 -0.3310348689556122
v -2.280278205871582 2.39792799949646 0.1352110058069229
v -2.4943034648895264 2.319321870803833 -0.05500166863203049
v -2.2900168895721436 2.250694513320923 -1.2966269254684448
v -2.1100926399230957 2.152604341506958 -1.0113362073898315
v -2.1146371364593506 1.8593562841415405 0.4100590646266937
v -2.597684383392334 1.7020753622055054 -0.35499992966651917
v -1.9881447553634644 2.6374435424804688 -0.5217387676239014
v -2.2227048873901367 3.034691572189331 -0.41965192556381226
v -2.4165234565734863 2.3338146209716797 -1.14077889919281
v -2.629965305328369 2.4629900455474854 -0.8325991630554199
v -2.305278778076172 1.8849557638168335 0.16313278675079346
v -2.3529183864593506 2.983959197998047 -0.970581591129303
v -2.3099112510681152 1.900588870048523 0.05763569101691246
v -2.1826863288879395 2.6885814666748047 -0.4065000116825104
v -2.549994945526123 2.637007474899292 -0.3870634436607361
v -2.356027841567993 1.7084472179412842 -0.1712169200181961
v -2.0406484603881836 2.485400915145874 -0.7554451823234558
v -2.1325318813323975 2.515279769897461 -0.924765944480896
v -2.6551995277404785 1.8614009618759155 -0.30170807242393494
v -2.7087879180908203 1.7072877883911133 -0.46610698103904724
v -2.5031027793884277 1.742406964302063 0.5276632905006409
v -2.2302656173706055 2.248674154281616 0.20094409584999084
v -2.051633834838867 1.8296337127685547 -0.8180890679359436
v -2.2950615882873535 2.7970566749572754 -0.47107213735580444
v -2.033508777618408 1.7028391361236572 -0.549590528011322
v -2.07692813873291 1.6955713033676147 -0.7254521250724792
v -2.6247897148132324 2.6139206886291504 -0.6198173761367798
v -2.3103878498077393 1.902999997138977 -0.02591719478368759
v -1.896820068359375 2.4462599754333496 -0.7702734470367432
v -2.5207793712615967 1.8831961154937744 0.5960882306098938
v -2.429245710372925 1.730263352394104 -0.8596607446670532
v -2.4843597412109375 2.2357003688812256 0.21866898238658905
v -2.2027547359466553 1.682586908340454 -1.1982336044311523
v -2.038426399230957 2.6328539848327637 -0.4057169556617737
v -2.703150510787964 1.708399772644043 -0.5264462232589722
v -2.0978989601135254 1.8557021617889404 -0.10365774482488632
v -2.3443474769592285 1.7145278453826904 -1.041318655014038
v -2.0187368392944336 1.8700000047683716 -0.8263951539993286
v -2.5000903606414795 2.1037075519561768 -0.9896066188812256
v -2.3447277545928955 2.10929274559021 0.44550320506095886
v -2.268523931503296 1.88410484790802 -0.47901418805122375
v -2.168915271759033 3.103614091873169 -0.9377006888389587
v -2.1924853324890137 2.4725656509399414 -0.3816203474998474
v -2.5014824867248535 1.8681049346923828 -0.11992000788450241
v -2.552826166152954 2.7186548709869385 -0.4594413638114929
v -2.2518959045410156 2.1368746757507324 0.33533385396003723
v -2.6305203437805176 1.8445100784301758 -0.7052159309387207
v -2.1686508655548096 2.4678332805633545 -1.2591428756713867
v -2.443406343460083 2.2426095008850098 0.33848440647125244
v -2.3741915225982666 2.5191268920898438 -1.2642319202423096
v -2.6608362197875977 1.8574999570846558 -0.2259664237499237
v -2.207764148712158 2.3273561000823975 0.060875698924064636
v -2.4868264198303223 2.4224817752838135 -0.34276682138442993
v -2.2892394065856934 1.7198246717453003 -0.8097918629646301
v -2.373514413833618 1.7348763942718506 0.5766217708587646
v -2.179903507232666 2.9976773262023926 -0.5810486674308777
v -2.693333864212036 1.885249137878418 0.42331141233444214
v -2.24306058883667 1.7203683853149414 0.5689821839332581
v -2.1736385822296143 1.890195608139038 0.4761521518230438
v -1.8944729566574097 2.4758739471435547 -0.6625539660453796
v -2.5765228271484375 1.912109136581421 0.36506834626197815
v -2.4550859928131104 2.4805033206939697 -1.2068313360214233
v -1.9563544988632202 2.4230000972747803 -0.9492043852806091
v -2.203450918197632 2.574190139770508 -0.9376549124717712
v -2.2534546852111816 2.0872061252593994 -1.3001482486724854
v -2.7061984539031982 1.8546322584152222 0.18158641457557678
v -2.419276475906372 2.4769575595855713 -0.9414574503898621
v -2.4780306816101074 2.657989740371704 -1.064893364906311
v -2.380652904510498 1.9828710556030273 0.5634163022041321
v -2.2433016300201416 1.8730971813201904 0.5931701064109802
v -2.1839091777801514 2.366091012954712 -0.038318488746881485
v -2.2664999961853027 3.0623202323913574 -0.42803677916526794
v -2.2727394104003906 3.028433322906494 -0.3981727063655853
v -2.5278196334838867 2.5012216567993164 -0.786613404750824
v -2.2203943729400635 3.128880262374878 -0.9232534766197205
v -2.3848321437835693 3.0094823837280273 -0.6583145260810852
v -2.3128373622894287 2.9956586360931396 -1.0031349658966064
v -2.5765297412872314 2.487492561340332 -0.9649035334587097
v -2.389876365661621 1.8563975095748901 -1.1214832067489624
v -2.50685715675354 1.7248101234436035 0.11005105823278427
v -2.334681749343872 2.1575801372528076 0.39607909321784973
v -2.702650785446167 1.719462275505066 0.282642662525177
v -2.320364475250244 2.8025736808776855 -0.47571566700935364
v -2.2899200916290283 2.7846264839172363 -0.8467862606048584
v -2.6846494674682617 1.7109004259109497 -0.6386560797691345
v -2.6093881130218506 2.5434701442718506 -0.5046269297599792
v -2.6844661235809326 1.7110676765441895 -0.6411177515983582
v -2.5862200260162354 2.6806952953338623 -0.48456764221191406
v -2.0744850635528564 1.7099950313568115 -0.17011496424674988
v -2.133206367492676 2.113708019256592 -1.210412859916687
v -2.329477548599243 1.6952412128448486 -1.2107588052749634
v -2.3216943740844727 2.088035821914673 0.12120530754327774
v -2.343860626220703 2.99273681640625 -0.574510395526886
v -2.3820302486419678 1.9991364479064941 -1.246914267539978
v -2.4864721298217773 2.7141036987304688 -0.30799099802970886
v -2.2730252742767334 2.9111242294311523 -0.6148526072502136
v -2.515805959701538 2.124917984008789 -0.8741035461425781
v -2.037865161895752 1.8595672845840454 -0.9518229365348816
v -2.516094446182251 2.151041269302368 0.34395870566368103
v -2.1080985069274902 2.0620670318603516 -1.1797599792480469
v -2.0805504322052 1.8346519470214844 -0.37277787923812866
v -2.177591562271118 2.4938669204711914 -0.29703250527381897
v -2.4823555946350098 2.799517869949341 -0.3872531056404114
v -2.1137754917144775 1.6989490985870361 0.41305410861968994
v -2.056878089904785 1.8265001773834229 -0.6694754362106323
v -2.5290000438690186 2.5238308906555176 -0.6948087811470032
v -2.4926564693450928 2.2164580821990967 0.2549694776535034
v -2.6478111743927 1.8645000457763672 -0.4436550438404083
v -2.426650285720825 2.4535489082336426 0.07225178927183151
v -2.5685489177703857 1.8439791202545166 -0.8610134124755859
v -2.193622589111328 2.355164051055908 -0.0030088580679148436
v -2.049386501312256 2.4180781841278076 -0.9302322864532471
v -2.2530689239501953 2.084698438644409 -1.2992801666259766
v -2.3327367305755615 2.808051347732544 -0.4780927300453186
v -2.4018123149871826 1.7031028270721436 -0.2986243665218353
v -2.4359958171844482 1.8202495574951172 -1.0555016994476318
v -2.1192452907562256 1.8523834943771362 -1.0768262147903442
v -2.335097551345825 1.8930693864822388 -0.45986104011535645
v -2.565000057220459 2.519474506378174 -1.0551862716674805
v -2.4459164142608643 2.111192464828491 -1.2096338272094727
v -2.3460679054260254 2.1849937438964844 -0.044197019189596176
v -2.372499942779541 2.1428279876708984 -0.28381234407424927
v -2.4652795791625977 1.8929626941680908 -0.4937795102596283
v -2.2202024459838867 1.9973537921905518 0.45834869146347046
v -2.1430740356445312 2.36094331741333 -1.2851482629776
v -2.2559010982513428 2.808138608932495 -0.46357426047325134
v -2.437335968017578 1.8904483318328857 0.6094741225242615
v -2.2428832054138184 3.077152729034424 -0.5580053329467773
v -2.0367891788482666 1.6641579866409302 -1.0490785837173462
v -2.5634493827819824 2.526575803756714 -1.0773284435272217
v -2.398841619491577 1.8930683135986328 0.13743175566196442
v -2.6094629764556885 1.7085000276565552 0.23092138767242432
v -2.214648723602295 3.062964677810669 -0.9778135418891907
v -2.1379151344299316 1.7185848951339722 0.18920668959617615
v -2.3717072010040283 1.7070000171661377 -0.23198361694812775
v -2.3831982612609863 1.8124197721481323 -1.072020411491394
v -2.3365228176116943 2.168236255645752 -0.00459114508703351
v -2.30836820602417 2.2879741191864014 0.283367782831192
v -2.707411289215088 1.859155535697937 0.34142136573791504
v -2.227540969848633 2.215411901473999 -0.7629938721656799
v -1.9769079685211182 2.5657010078430176 -0.8282354474067688
v -2.292282819747925 1.8960000276565552 -0.3854844570159912
v -2.436344861984253 2.2380990982055664 -1.0900321006774902
v -2.7135369777679443 1.8574999570846558 0.23794908821582794
v -2.293149709701538 2.999185562133789 -1.015273094177246
v -1.9866703748703003 2.4332926273345947 -1.025425910949707
v -2.5525193214416504 2.529346227645874 -1.1190288066864014
v -1.9431437253952026 2.5118613243103027 -0.5480667948722839
v -2.4777729511260986 1.6913063526153564 -1.15948486328125
v -2.0878071784973145 1.8616385459899902 0.015711352229118347
v -2.575019121170044 2.0039312839508057 -0.6362844109535217
v -2.163773536682129 2.3283519744873047 -0.23492881655693054
v -2.083348274230957 1.8620606660842896 0.044471148401498795
v -2.7173964977264404 1.719603419303894 0.12062478810548782
v -2.028630495071411 2.4918739795684814 -0.7072694301605225
v -2.61983323097229 2.497666835784912 -0.6644992232322693
v -1.9888813495635986 1.6712796688079834 -0.7033898830413818
v -2.4232749938964844 1.697746753692627 -0.5441027283668518
v -2.0555663108825684 2.655341863632202 -0.3875204920768738
v -2.052022695541382 1.8280863761901855 -0.6969726085662842
v -2.4344570636749268 2.2962148189544678 0.287720650434494
v -2.237860918045044 3.0710434913635254 -0.5799176692962646
v -2.268383026123047 1.7180488109588623 -0.8006426095962524
v -2.2433290481567383 3.0128562450408936 -1.026472806930542
v -1.984574794769287 2.6290433406829834 -0.5321694016456604
v -2.3721299171447754 2.9721217155456543 -0.9501194953918457
v -2.476856231689453 1.880232810974121 -0.32221871614456177
v -2.0334436893463135 2.489528179168701 -0.7269832491874695
v -2.2029428482055664 2.3408355712890625 0.03199474886059761
v -2.2495594024658203 2.1511282920837402 0.32043105363845825
v -2.376823663711548 2.078205108642578 -0.37263303995132446
v -2.097736358642578 1.7100249528884888 0.08197511732578278
v -2.5421385765075684 2.73685359954834 -0.44364655017852783
v -2.2090306282043457 2.591540575027466 -0.36981648206710815
v -2.3673243522644043 1.8878549337387085 0.14443518221378326
v -2.073016881942749 2.431581735610962 -1.1464921236038208
v -2.2176477909088135 2.5140490531921387 -0.194583460688591
v -2.5705647468566895 1.8543705940246582 -0.8145585060119629
v -2.281703472137451 2.204939365386963 -1.2839614152908325
v -2.4647133350372314 1.690834879875183 -1.1683011054992676
v -2.49135684967041 2.596358299255371 -0.5300701260566711
v -2.6031057834625244 2.555727958679199 -0.48287782073020935
v -2.3297250270843506 1.8762156963348389 0.5959118008613586
v -2.7046658992767334 1.7145673036575317 -0.10200431197881699
v -2.094066619873047 1.9923831224441528 -0.5852168202400208
v -2.430445432662964 2.317476987838745 0.260358601808548
v -2.4838030338287354 2.2384841442108154 0.2133798897266388
v -2.3954999446868896 2.9054300785064697 -0.40073835849761963
v -2.142841100692749 1.7094999551773071 -0.3136584162712097
v -2.367262601852417 1.9176703691482544 -1.195178747177124
v -2.2474024295806885 3.0812013149261475 -0.5342563390731812
v -2.3838813304901123 3.0726187229156494 -0.8527337908744812
v -2.0011065006256104 2.667022466659546 -0.4832519292831421
v -2.1611976623535156 2.4222054481506348 -0.9690201878547668
v -2.0814871788024902 1.709003210067749 -0.1220800131559372
v -2.3572967052459717 2.8707425594329834 -0.731526255607605
v -2.599745988845825 1.7408608198165894 0.48278963565826416
v -2.557379722595215 2.0293164253234863 0.42618992924690247
v -2.5190000534057617 2.1894397735595703 -0.6512603163719177
v -2.5148062705993652 2.1220479011535645 -0.8891957998275757
v -2.5192134380340576 2.770251512527466 -0.4089747965335846
v -2.083798885345459 2.013685464859009 -0.7838770747184753
v -2.6705453395843506 1.8604999780654907 -0.10548630356788635
v -2.1957173347473145 2.5068962574005127 -0.230829656124115
v -2.4160544872283936 2.4746286869049072 0.028980545699596405
v -2.4154205322265625 2.303637981414795 -1.1409482955932617
v -2.0606184005737305 1.7060790061950684 -0.2529328167438507
v -2.0350537300109863 2.5351345539093018 -0.591048002243042
v -2.001988410949707 1.6731091737747192 -0.873626172542572
v -2.4851174354553223 2.229764938354492 0.22942295670509338
v -2.4091179370880127 2.5443623065948486 -0.130192831158638
v -2.4266178607940674 2.453646421432495 0.07208920270204544
v -2.1829936504364014 2.286292791366577 -0.5835573673248291
v -2.0350661277770996 2.5886454582214355 -0.9375331401824951
v -2.3708627223968506 1.8945691585540771 -0.45768970251083374
v -2.083106279373169 1.7085983753204346 -0.11195938289165497
v -2.1315248012542725 1.6695606708526611 0.47137871384620667
v -2.635843515396118 2.465507745742798 -0.7994311451911926
v -2.5280001163482666 2.49931263923645 -0.7942496538162231
v -2.211470603942871 2.575578451156616 -0.9375
v -2.634398937225342 1.8465992212295532 -0.672209620475769
v -2.494006872177124 1.7424999475479126 0.5311452746391296
v -2.507417917251587 2.243955135345459 -0.4692983031272888
v -2.3897762298583984 1.7363166809082031 0.5724161267280579
v -2.633563995361328 1.7354463338851929 0.4549091160297394
v -2.4376795291900635 1.7406120300292969 0.5543282628059387
v -2.5582079887390137 1.8622820377349854 -0.6713517904281616
v -2.6603822708129883 1.8574999570846558 -0.2314138114452362
v -2.241366147994995 2.45450496673584 -0.4400741159915924
v -2.505500078201294 2.3207478523254395 -0.2390119582414627
v -2.3949053287506104 2.5545170307159424 -0.44200822710990906
v -2.6029977798461914 2.5560059547424316 -0.48248860239982605
v -2.5285747051239014 2.200913429260254 -0.531373918056488
v -2.5831007957458496 1.7208468914031982 -0.894829511642456
v -2.067451000213623 2.6660537719726562 -0.3756873309612274
v -2.423910140991211 2.5289101600646973 -0.20885904133319855
v -2.034414052963257 2.6274139881134033 -0.41041868925094604
v -2.3910000324249268 3.022420644760132 -0.6863410472869873
v -2.284055233001709 2.953523874282837 -0.3661225736141205
v -2.4311420917510986 2.313528060913086 0.2663984000682831
v -2.6308140754699707 2.483260154724121 -0.7111448645591736
v -2.5659847259521484 2.0137548446655273 0.4310358166694641
v -2.065661907196045 1.7065000534057617 -0.22342266142368317
v -2.0972931385040283 2.0186550617218018 -0.7001897692680359
v -2.0407025814056396 2.58941388130188 -0.9403513669967651
v -2.2096898555755615 2.3092405796051025 0.10327161848545074
v -2.326957941055298 2.123953342437744 0.07384101301431656
v -2.205305814743042 2.5973918437957764 -0.35571959614753723
v -2.589902400970459 1.847986102104187 -0.8241948485374451
v -2.258537769317627 2.2020251750946045 -0.936176598072052
v -2.1357221603393555 2.709430456161499 -0.298419713973999
v -2.5573437213897705 1.8642265796661377 -0.6657343506813049
v -2.3646187782287598 1.7050435543060303 -0.35018470883369446
v -2.4935638904571533 2.099591016769409 -1.0184810161590576
v -2.495666980743408 2.345160961151123 -0.45550602674484253
v -2.493666410446167 1.7009791135787964 -0.35352081060409546
v -2.1846277713775635 2.9961965084075928 -0.5889948010444641
v -2.396442413330078 1.7282332181930542 -0.848932683467865
v -2.3865556716918945 1.8854398727416992 0.6084585189819336
v -2.2469043731689453 2.0712926387786865 0.385353684425354
v -2.3163187503814697 1.6955214738845825 0.3654387593269348
v -2.0963058471679688 1.8595995903015137 0.3667135238647461
v -1.9681869745254517 2.5646185874938965 -0.4795181453227997
v -2.4308462142944336 1.689638376235962 -0.512114942073822
v -2.4049999713897705 2.6569631099700928 -0.2908945083618164
v -2.2573909759521484 2.301435708999634 -1.0545363426208496
v -2.5966107845306396 1.7002248764038086 -1.0348016023635864
v -2.3169729709625244 1.9155536890029907 -0.20056399703025818
v -2.342203378677368 2.9860990047454834 -0.6057148575782776
v -2.565000057220459 2.5221755504608154 -1.0627548694610596
v -2.565730571746826 1.8487435579299927 -0.7375497221946716
v -2.384186029434204 2.605825185775757 -0.39661723375320435
v -2.6293530464172363 1.8449127674102783 -0.7263893485069275
v -2.3899521827697754 1.7058730125427246 -0.2757776081562042
v -2.404381275177002 2.492466449737549 -0.001373420818708837
v -2.2587175369262695 3.1594557762145996 -0.7003322839736938
v -2.1415255069732666 1.8789902925491333 0.4742479920387268
v -2.5254950523376465 1.7253427505493164 0.1127135157585144
v -2.531085968017578 1.8361098766326904 -0.9196574687957764
v -2.246011972427368 2.3477776050567627 -1.0563373565673828
v -2.0600173473358154 1.7059301137924194 -0.26550644636154175
v -2.2477526664733887 2.057213544845581 -1.290303349494934
v -2.7126519680023193 1.719050645828247 0.1861777901649475
v -2.1089730262756348 2.488091468811035 -0.8967688083648682
v -2.703723192214966 1.7247589826583862 -0.30647143721580505
v -2.2444939613342285 2.179203748703003 0.2901216447353363
v -2.4054372310638428 1.7172110080718994 -0.6607123613357544
v -2.201927900314331 1.882714033126831 0.346895307302475
v -2.5279715061187744 2.2036283016204834 -0.5283573269844055
v -2.6109097003936768 2.578716278076172 -0.7311221957206726
v -2.100648880004883 3.0781681537628174 -0.7791339159011841
v -2.393516778945923 2.670210599899292 -0.1394498497247696
v -2.3962960243225098 2.900876998901367 -0.4132249057292938
v -2.4114935398101807 1.6988825798034668 0.31632199883461
v -2.4541497230529785 1.7010999917984009 0.2970999777317047
v -2.2727487087249756 2.4313180446624756 0.0959308072924614
v -2.6535000801086426 1.8646469116210938 -0.33402594923973083
v -2.362354278564453 2.876476526260376 -0.7387205958366394
v -2.488940954208374 2.4372637271881104 -0.3095118999481201
v -2.4998879432678223 2.2655088901519775 -0.4203092157840729
v -2.567587375640869 1.8550291061401367 -0.9112725257873535
v -2.3371922969818115 1.6851433515548706 0.18382878601551056
v -2.5145888328552246 2.1588501930236816 -0.733538806438446
v -2.4283607006073 2.3307526111602783 0.24219085276126862
v -2.2768735885620117 1.8741250038146973 0.596500039100647
v -2.5036563873291016 2.2721874713897705 0.05692427232861519
v -2.1617484092712402 1.6784641742706299 -1.188713788986206
v -2.0808725357055664 2.738642454147339 -0.43219855427742004
v -2.4560108184814453 2.481657028198242 -1.2060620784759521
v -2.219841480255127 2.2748658657073975 0.16686566174030304
v -2.0082852840423584 1.669607400894165 -0.9107242226600647
v -2.3475000858306885 1.7063543796539307 -0.08002395927906036
v -2.43086314201355 2.3151090145111084 0.26398006081581116
v -2.0581910610198975 1.868499994277954 0.1886928528547287
v -2.4323477745056152 2.5154311656951904 -0.904558002948761
v -2.2836010456085205 2.4016737937927246 -0.9708840847015381
v -2.0839760303497314 1.8619999885559082 0.040548935532569885
v -2.6358280181884766 2.465496063232422 -0.7995356917381287
v -2.505920171737671 2.3176004886627197 -0.2544974386692047
v -2.40177321434021 2.467841148376465 -0.35936275124549866
v -2.3208529949188232 2.994199275970459 -0.9973975419998169
v -2.137437343597412 1.8482993841171265 -1.084891438484192
v -2.351297616958618 1.6969941854476929 0.10943372547626495
v -2.2368991374969482 2.210200309753418 -0.779098391532898
v -2.4067587852478027 1.7162411212921143 -0.6505932211875916
v -2.100323438644409 1.867499828338623 -0.5953757762908936
v -1.9819492101669312 2.431520700454712 -1.0139189958572388
v -2.3464763164520264 2.8988423347473145 -1.0117125511169434
v -2.6329078674316406 1.725327968597412 0.12917204201221466
v -1.9420253038406372 2.421999931335449 -0.9013009071350098
v -2.006891965866089 1.6703039407730103 -0.9035255312919617
v -2.1687092781066895 1.8860445022583008 0.47822779417037964
v -2.181323766708374 2.4797122478485107 -0.3510790169239044
v -2.2910611629486084 2.2565419673919678 -1.2982977628707886
v -2.424771785736084 2.705960750579834 -0.2630630135536194
v -2.685647964477539 1.7102347612380981 -0.6296683549880981
v -2.1788368225097656 2.567429780960083 -1.2361528873443604
v -2.2815001010894775 2.8234543800354004 -0.5446513295173645
v -2.0903966426849365 1.854985237121582 -0.18103152513504028
v -2.5274999141693115 2.5045506954193115 -0.7749382257461548
v -1.8998503684997559 2.4779136180877686 -0.6521037220954895
v -2.2230775356292725 2.267200231552124 0.17787747085094452
v -2.632244348526001 2.481133222579956 -0.7188447713851929
v -2.035698890686035 1.8858494758605957 -0.6887332797050476
v -2.4844555854797363 2.622310161590576 -0.49716758728027344
v -2.4677786827087402 2.0797371864318848 -1.1768003702163696
v -2.0629210472106934 2.017850875854492 -0.8888862729072571
v -2.152526617050171 1.8711178302764893 0.4854278266429901
v -2.388158082962036 2.709340810775757 -0.15202578902244568
v -2.440469741821289 2.227085828781128 -1.0771009922027588
v -2.1270945072174072 1.7144323587417603 0.48525649309158325
v -2.3250250816345215 2.3155462741851807 -0.6424357891082764
v -2.352022647857666 1.7039661407470703 0.03837259113788605
v -2.222546339035034 1.6849875450134277 -1.2009875774383545
v -2.4274277687072754 2.3391494750976562 0.23006191849708557
v -2.4314141273498535 2.1447572708129883 -1.2290858030319214
v -2.487393379211426 2.0845818519592285 -1.0934346914291382
v -2.0809311866760254 1.8363441228866577 -0.35488471388816833
v -2.148252248764038 2.244697332382202 -1.2577605247497559
v -1.9487411975860596 2.422471046447754 -0.9226660132408142
v -2.4178240299224854 1.697548747062683 -0.32704034447669983
v -2.5244858264923096 2.5435285568237305 -0.6296003460884094
v -2.060530185699463 1.8663133382797241 0.2601747214794159
v -2.3214073181152344 1.9083144664764404 -0.1333867758512497
v -2.4640984535217285 1.8851268291473389 -0.38200774788856506
v -2.450256824493408 1.7308311462402344 -0.8661439418792725
v -2.1070001125335693 2.3709752559661865 -1.180621862411499
v -2.196542263031006 1.9261268377304077 -1.1851478815078735
v -2.5818381309509277 1.9778035879135132 -0.6481791138648987
v -2.6556289196014404 1.8602421283721924 -0.29140505194664
v -2.232064962387085 1.8730260133743286 -0.5019513368606567
v -2.3118953704833984 2.2703027725219727 0.3018133342266083
v -2.5049922466278076 2.199847459793091 0.28997671604156494
v -2.2265851497650146 2.2583401203155518 0.1890535056591034
v -2.296997308731079 1.715999960899353 0.08283773064613342
v -2.3248322010040283 2.1089837551116943 0.09801950305700302
v -2.1003353595733643 2.066150665283203 -0.5358768105506897
v -2.312635898590088 2.9956936836242676 -1.0032750368118286
v -2.4460649490356445 2.411943197250366 -1.1360619068145752
v -2.4844515323638916 2.244757652282715 0.20288754999637604
v -2.4688661098480225 1.8882850408554077 0.6050701141357422
v -2.01716685295105 1.836777687072754 -0.9148332476615906
v -2.118720531463623 2.6506242752075195 -0.43097198009490967
v -2.187999963760376 2.6724369525909424 -1.1893364191055298
v -2.4942626953125 2.3190760612487793 -0.053854648023843765
v -2.1599650382995605 2.837371587753296 -0.7541191577911377
v -2.6355979442596436 1.847448468208313 -0.6637113094329834
v -2.6226253509521484 2.5975754261016846 -0.6688986420631409
v -2.5161101818084717 2.15092396736145 0.3440760672092438
v -2.3814616203308105 2.549490451812744 -0.47791340947151184
v -2.3795387744903564 2.5490095615386963 -0.4819188117980957
v -2.561274290084839 1.701268196105957 -0.3547680079936981
v -2.061429500579834 1.8250353336334229 -0.6305473446846008
v -2.0598554611206055 1.6947861909866333 -0.3760119378566742
v -2.3161301612854004 1.6946548223495483 -1.2111725807189941
v -2.0248568058013916 2.504399299621582 -0.6271008253097534
v -2.28113055229187 3.002638101577759 -1.021320104598999
v -2.686007499694824 1.7165074348449707 -0.7773879170417786
v -2.7051079273223877 1.7188479900360107 0.26022425293922424
v -2.2582085132598877 1.8749040365219116 0.5963320136070251
v -2.517399787902832 2.1817245483398438 -0.6696757674217224
v -2.114039182662964 1.7124853134155273 0.0726124569773674
v -2.056584596633911 1.6918418407440186 -0.7144705057144165
v -2.0532925128936768 1.8525519371032715 -0.9858088493347168
v -2.281562328338623 2.976252555847168 -0.37206339836120605
v -2.586794376373291 1.8917427062988281 -0.015029354952275753
v -2.2972006797790527 2.292269706726074 -1.3078174591064453
v -1.9708157777786255 2.6016712188720703 -0.5714734196662903
v -2.1248416900634766 2.7067105770111084 -0.31230786442756653
v -2.134521484375 2.4260001182556152 -0.9593477249145508
v -2.3528945446014404 1.7026581764221191 0.05276041105389595
v -2.6125333309173584 2.5057599544525146 -0.639426589012146
v -2.3473222255706787 1.705177903175354 -0.03669179975986481
v -2.0741541385650635 1.7098846435546875 -0.1726519614458084
v -2.309499979019165 1.902133584022522 0.03756527230143547
v -2.3420333862304688 1.6962554454803467 0.35108888149261475
v -2.4175658226013184 1.738828420639038 0.5622954964637756
v -2.3931326866149902 2.6917898654937744 -1.1201353073120117
v -2.163849115371704 2.551776170730591 -0.9372135400772095
v -2.6290154457092285 1.8435620069503784 -0.716934084892273
v -2.102297782897949 3.0811357498168945 -0.7883666753768921
v -2.606942892074585 1.936809778213501 0.4566195011138916
v -2.5258491039276123 1.838029146194458 -0.978830873966217
v -2.385132074356079 1.7035282850265503 -0.3524576425552368
v -2.3704843521118164 2.0185651779174805 0.5339425802230835
v -2.4864895343780518 2.613541841506958 -0.507773756980896
v -2.04069447517395 1.705619215965271 0.08871345221996307
v -2.0549330711364746 1.9136344194412231 -1.0323008298873901
v -2.184194564819336 2.7408881187438965 -1.148305892944336
v -2.2655041217803955 3.1479358673095703 -0.6818998456001282
v -2.3480746746063232 1.7065000534057617 -0.09485678374767303
v -2.5022659301757812 2.2854461669921875 -0.3689589202404022
v -2.3297159671783447 2.5520827770233154 -0.4976258873939514
v -2.248544931411743 2.1591625213623047 0.3116099536418915
v -2.520388126373291 1.8973685503005981 -1.0529147386550903
v -2.094935655593872 1.9973794221878052 -0.5815238952636719
v -2.0611066818237305 2.475262403488159 -0.8094513416290283
v -2.3698484897613525 1.7207120656967163 -0.9167270064353943
v -2.0313024520874023 1.8628487586975098 -0.9338066577911377
v -2.505552053451538 2.3157596588134766 -0.26370149850845337
v -2.360419988632202 2.4582529067993164 -0.9504144787788391
v -2.465062379837036 2.4480175971984863 -1.1282188892364502
v -2.663816213607788 1.8579081296920776 -0.16429667174816132
v -2.1201071739196777 1.7089999914169312 0.33437007665634155
v -1.9192229509353638 2.4818761348724365 -0.6077423095703125
v -1.9878089427947998 1.671563744544983 -0.7117193341255188
v -2.500819444656372 2.2592012882232666 -0.4362574517726898
v -2.113642692565918 2.49333119392395 -0.9036426544189453
v -2.626025438308716 2.489964485168457 -0.6891167759895325
v -2.384608268737793 2.5502769947052 -0.47135794162750244
v -2.7097437381744385 1.8560811281204224 0.20753024518489838
v -2.562106132507324 1.9105000495910645 0.32531803846359253
v -2.0872349739074707 2.0139999389648438 -0.7653484344482422
v -2.5701467990875244 1.8548532724380493 -0.8256838321685791
v -2.2200167179107666 3.127366304397583 -0.9271225929260254
v -2.67893648147583 1.7217965126037598 0.1300988644361496
v -1.9580808877944946 2.5793821811676025 -0.6317716836929321
v -2.4420883655548096 1.7306104898452759 -0.8637154698371887
v -2.513134002685547 1.8300799131393433 -0.9495490193367004
v -2.506969690322876 1.8348954916000366 -1.0081422328948975
v -2.2290823459625244 2.21445894241333 -0.7651233077049255
v -2.4124507904052734 1.7207926511764526 0.09387792646884918
v -2.2738490104675293 2.2189531326293945 -1.0037086009979248
v -2.066080093383789 1.7065000534057617 -0.22141499817371368
v -2.42549991607666 2.3873071670532227 0.1655905544757843
v -2.67094349861145 1.727028250694275 0.39331117272377014
v -2.102752685546875 1.8586245775222778 0.3813183903694153
v -2.325707197189331 2.4133572578430176 -1.3035285472869873
v -2.2476539611816406 1.6924296617507935 0.406349778175354
v -2.2095460891723633 3.037837028503418 -0.9928008317947388
v -2.355482339859009 1.696556568145752 0.34350889921188354
v -1.9569998979568481 2.5746030807495117 -0.6476119756698608
v -2.3758132457733154 1.7069791555404663 -0.24516795575618744
v -2.106294631958008 1.7144006490707397 0.05048304796218872
v -2.483459234237671 1.8924999237060547 -0.5088145732879639
v -2.3921303749084473 1.8869751691818237 0.6094425916671753
v -2.5694258213043213 2.0140559673309326 -0.6312220096588135
v -2.2437832355499268 2.4531238079071045 -0.4426064193248749
v -2.258854627609253 3.0958449840545654 -0.614374041557312
v -2.0930349826812744 2.9210801124572754 -0.8858000040054321
v -2.03253436088562 1.834991455078125 -0.8875924348831177
v -2.1826789379119873 2.8273279666900635 -0.7343233823776245
v -2.5695669651031494 1.8554999828338623 -0.873441219329834
v -2.107166290283203 1.6716110706329346 -1.1624996662139893
v -2.6147587299346924 1.7260000705718994 0.12737204134464264
v -2.182060718536377 2.2803852558135986 -0.5919525623321533
v -2.1753642559051514 2.813314437866211 -1.1073195934295654
v -2.055260419845581 1.697739601135254 -0.408307284116745
v -2.0322864055633545 2.527787208557129 -0.6009982228279114
v -2.4636266231536865 1.8857166767120361 -0.38436681032180786
v -2.193040609359741 2.3118467330932617 -0.5418471693992615
v -2.0986955165863037 2.0470216274261475 -1.170021653175354
v -2.308553695678711 1.903499960899353 0.018535898998379707
v -2.3969919681549072 2.8990211486816406 -0.41473284363746643
v -2.2992537021636963 1.710018277168274 -0.3389362096786499
v -2.3512325286865234 1.878955364227295 0.5983197093009949
v -2.364391326904297 2.8683533668518066 -0.3889022171497345
v -2.4958510398864746 2.1008615493774414 -1.009840726852417
v -2.352024555206299 2.5496788024902344 -0.496223509311676
v -2.4218997955322266 1.6995468139648438 0.31167250871658325
v -2.086411952972412 1.708300232887268 -0.30790218710899353
v -2.3243398666381836 1.707999348640442 -0.34366774559020996
v -2.695535182952881 1.7229468822479248 -0.1708986759185791
v -2.5054357051849365 2.324629068374634 -0.2158220261335373
v -2.0574700832366943 1.884744644165039 -0.6446524858474731
v -2.0914387702941895 1.71393883228302 -0.03082532249391079
v -2.43168568611145 2.450650453567505 -1.2283143997192383
v -2.489147663116455 2.0815682411193848 -1.1076298952102661
v -2.3028366565704346 1.8094221353530884 -1.0818442106246948
v -2.20523738861084 1.8841582536697388 0.33131229877471924
v -2.0912399291992188 1.7096917629241943 0.08230821043252945
v -2.059445858001709 1.987364411354065 -1.1101797819137573
v -2.634045124053955 1.8463634252548218 -0.6752757430076599
v -2.377882719039917 1.9804723262786865 -1.2369126081466675
v -2.3328397274017334 1.7173728942871094 0.08437297493219376
v -2.4248623847961426 2.6959221363067627 -0.4140389859676361
v -2.1765124797821045 2.792772054672241 -1.113925814628601
v -2.1242265701293945 1.7097216844558716 0.10284460335969925
v -2.29661226272583 2.9983222484588623 -1.013332724571228
v -2.0573110580444336 2.0193963050842285 -0.905664324760437
v -2.375119924545288 2.0007147789001465 0.5488595962524414
v -2.3672268390655518 2.7165074348449707 -1.1279139518737793
v -2.11456561088562 3.097127676010132 -0.8422624468803406
v -2.1347270011901855 1.6666252613067627 0.4772496521472931
v -2.485905408859253 2.7143611907958984 -0.3073470890522003
v -2.7099735736846924 1.856157660484314 0.20944513380527496
v -2.082707405090332 2.4265198707580566 -0.9470494389533997
v -2.3549070358276367 2.4529857635498047 -0.48227500915527344
v -2.321500062942505 1.9090856313705444 -0.13918541371822357
v -2.181929111480713 1.8799290657043457 0.4493783712387085
v -2.4733774662017822 2.501377582550049 -1.1905062198638916
v -2.300568103790283 3.1277072429656982 -0.8941552639007568
v -2.6340653896331787 2.4787213802337646 -0.7283275127410889
v -1.976459264755249 2.5744590759277344 -0.4653225243091583
v -2.3630871772766113 3.0095436573028564 -0.5547818541526794
v -2.2290964126586914 2.517998695373535 -0.1764061450958252
v -2.052500009536743 1.9401720762252808 -1.0571900606155396
v -2.6408350467681885 1.8561702966690063 -0.5646219253540039
v -2.0930230617523193 2.9216232299804688 -0.8866462111473083
v -2.214111089706421 2.7955002784729004 -0.196555957198143
v -1.952750563621521 2.5390729904174805 -0.5153552293777466
v -2.502565860748291 2.2746715545654297 -0.5258284211158752
v -2.209268808364868 1.9601682424545288 -1.223160743713379
v -2.110212564468384 2.1527390480041504 -1.0117707252502441
v -2.3303110599517822 2.1508662700653076 0.03138946369290352
v -2.2855725288391113 1.6920520067214966 -1.2089027166366577
v -2.208338737487793 2.593221426010132 -0.36595624685287476
v -2.370426654815674 1.8989636898040771 -1.1782808303833008
v -2.0130417346954346 2.607865810394287 -0.4269722104072571
v -2.6952383518218994 1.7232614755630493 -0.17934507131576538
v -2.1446890830993652 2.1605117321014404 -1.234692931175232
v -2.1791672706604004 2.4969592094421387 -0.28232893347740173
v -2.013484001159668 2.6082098484039307 -0.42667731642723083
v -2.500977039337158 1.8710229396820068 -0.13227443397045135
v -2.3084323406219482 1.902999997138977 -0.015747541561722755
v -2.1488590240478516 2.2284433841705322 -1.2568449974060059
v -2.025615692138672 2.4929537773132324 -0.6954620480537415
v -2.4767282009124756 1.7015000581741333 -0.3530000150203705
v -2.495748996734619 2.343522548675537 -0.45722630620002747
v -2.7023112773895264 1.719499945640564 0.285652756690979
v -2.4075355529785156 2.4878172874450684 0.006606351118534803
v -2.3879647254943848 1.7035000324249268 -0.3525794446468353
v -2.493927240371704 1.7024863958358765 0.2797591984272003
v -2.410165786743164 2.4644603729248047 -0.4374816417694092
v -2.375048875808716 2.857201337814331 -0.4655609726905823
v -2.384500026702881 2.0026447772979736 -0.4276793301105499
v -2.509592056274414 2.5334067344665527 -1.1553711891174316
v -2.2858848571777344 2.5360586643218994 -0.10404646396636963
v -2.482692003250122 1.876038670539856 -0.28719431161880493
v -2.5509119033813477 2.528782367706299 -1.1230024099349976
v -2.178999423980713 2.374000310897827 -0.12349608540534973
v -2.3402698040008545 1.717340350151062 0.08465968817472458
v -2.633171558380127 2.463503837585449 -0.8161384463310242
v -2.3069796562194824 1.6988544464111328 -1.1554150581359863
v -2.2630763053894043 2.2051143646240234 -0.9580345749855042
v -2.4238274097442627 2.439258575439453 -1.235137939453125
v -2.1070001125335693 2.3540449142456055 -1.1769429445266724
v -2.2971737384796143 1.715999960899353 0.08284730464220047
v -2.2720909118652344 1.715999960899353 0.0817648246884346
v -2.5959911346435547 2.6215081214904785 -0.9345256686210632
v -2.0769999027252197 1.8474611043930054 -0.2783304750919342
v -2.703291893005371 1.8599270582199097 0.35882189869880676
v -2.352078437805176 2.0818138122558594 0.47496071457862854
v -2.427093982696533 2.4522180557250977 0.07447006553411484
v -2.482358932495117 1.8989797830581665 0.08858074247837067
v -2.6213126182556152 2.4630000591278076 -0.8591243624687195
v -2.4165546894073486 2.291724920272827 -1.1386125087738037
v -2.5095365047454834 1.703687071800232 0.2731689214706421
v -2.0576517581939697 1.6956740617752075 -0.39211103320121765
v -2.3842296600341797 1.8853429555892944 0.607586145401001
v -2.487382411956787 1.8747941255569458 -0.24638132750988007
v -2.1868953704833984 2.724039077758789 -1.1565812826156616
v -2.586728096008301 1.9620437622070312 0.4462616741657257
v -2.245333194732666 2.17441725730896 0.2955828905105591
v -2.3080952167510986 1.6993614435195923 -1.1525760889053345
v -2.1047801971435547 3.085604190826416 -0.8013566732406616
v -2.284757614135742 2.7734696865081787 -0.7606363892555237
v -2.150944232940674 2.321220874786377 -1.2519444227218628
v -2.0235331058502197 2.584106683731079 -0.9237297773361206
v -2.113715171813965 2.2264719009399414 -1.12908935546875
v -2.5150065422058105 2.156980514526367 -0.739569902420044
v -2.2898552417755127 2.249788761138916 -1.2963682413101196
v -2.4833717346191406 1.8755855560302734 -0.28198328614234924
v -2.026705503463745 2.436000108718872 -1.0995582342147827
v -2.427603244781494 2.33756947517395 0.23234406113624573
v -2.2077624797821045 1.9576774835586548 0.4766950309276581
v -2.3816068172454834 1.722000002861023 -0.8462111949920654
v -2.2112929821014404 2.55043625831604 -0.48076748847961426
v -2.024726629257202 1.8651562929153442 -0.9097107648849487
v -2.0606331825256348 1.7060887813568115 -0.25280094146728516
v -2.271174669265747 1.715999960899353 0.08174188435077667
v -2.287046194076538 2.370633840560913 0.17050297558307648
v -2.2519824504852295 2.322242498397827 -1.055999994277954
v -2.423816442489624 2.4683282375335693 -0.41653135418891907
v -2.2335846424102783 1.6910570859909058 0.41561487317085266
v -2.146406888961792 2.843780755996704 -0.7667493224143982
v -2.3856468200683594 3.0100526809692383 -0.6596996188163757
v -2.0957555770874023 1.6697670221328735 -1.1543749570846558
v -2.5016963481903076 2.2828845977783203 -0.37493640184402466
v -2.522541046142578 2.102200984954834 0.3796228766441345
v -2.016204357147217 1.6678826808929443 -0.953255832195282
v -1.9971708059310913 1.6966873407363892 0.10008228570222855
v -2.3954999446868896 2.633399724960327 -0.12792585790157318
v -2.6711487770080566 1.8605296611785889 -0.10128612816333771
v -2.29012131690979 2.7661213874816895 -0.8092285990715027
v -2.483034372329712 2.175506591796875 -0.9579036831855774
v -2.5135886669158936 2.165611982345581 -0.7126644253730774
v -2.4176764488220215 1.7043040990829468 -0.5740204453468323
v -2.3910000324249268 3.021592378616333 -0.6846848726272583
v -2.057349443435669 1.8681503534317017 0.2114887684583664
v -2.1646602153778076 2.9917502403259277 -0.6208038926124573
v -2.579554557800293 2.5967154502868652 -0.42978453636169434
v -2.2855966091156006 2.375852584838867 0.16412480175495148
v -2.2785000801086426 2.858152389526367 -0.6701072454452515
v -2.4244089126586914 2.6705546379089355 -1.1055545806884766
v -2.3027775287628174 1.6965831518173218 -1.1724739074707031
v -2.262160062789917 2.6234030723571777 -0.09811164438724518
v -2.591392993927002 1.892604947090149 -0.011580212973058224
v -2.4283244609832764 2.4697747230529785 -0.4084322452545166
v -2.475745677947998 1.7424999475479126 0.5386569499969482
v -2.516035318374634 2.216618061065674 -0.5981938242912292
v -2.5194287300109863 2.550999879837036 -0.6145004630088806
v -2.160066604614258 3.104454517364502 -0.931066632270813
v -2.34110164642334 2.9864661693573 -0.600940465927124
v -2.501274347305298 1.8693528175354004 -0.12491099536418915
v -2.6751558780670166 1.8616622686386108 -0.08172129094600677
v -2.191096305847168 2.3072285652160645 -0.5491390228271484
v -2.7051243782043457 1.7142006158828735 -0.0992545410990715
v -2.3621742725372314 1.8099557161331177 -1.0766326189041138
v -2.480668306350708 2.7167418003082275 -0.3013957738876343
v -2.4284777641296387 1.6999666690826416 0.3087332546710968
v -2.042760133743286 2.024711847305298 -0.9311636686325073
v -2.47514009475708 2.0740227699279785 -1.1665343046188354
v -2.5810654163360596 2.6856043338775635 -0.48186755180358887
v -2.528717517852783 2.529912233352661 -0.6728515625
v -2.073730945587158 1.825730800628662 -0.5153818130493164
v -2.592846393585205 1.892877459526062 -0.010490141808986664
v -2.48726224899292 2.421523094177246 -0.34485864639282227
v -2.5710535049438477 2.000859498977661 0.43504008650779724
v -2.7166781425476074 1.7200000286102295 0.13997091352939606
v -2.705653190612793 1.7187117338180542 0.25504523515701294
v -2.264380931854248 2.2071352005004883 -0.9664050936698914
v -2.3377394676208496 1.8863773345947266 0.15062569081783295
v -2.4670019149780273 2.1889991760253906 -0.9984963536262512
v -2.1308722496032715 1.8673721551895142 0.44913771748542786
v -2.179837226867676 2.3709936141967773 -0.06346920132637024
v -2.306077480316162 2.3339126110076904 -1.312474250793457
v -2.4172933101654053 2.6748242378234863 -1.1098239421844482
v -2.1300652027130127 2.1054000854492188 -1.2055914402008057
v -2.2423384189605713 2.192082643508911 0.2743685841560364
v -2.056931734085083 2.717216968536377 -0.44285574555397034
v -2.045135974884033 1.6873372793197632 -0.7076242566108704
v -2.2299888134002686 1.8721718788146973 -0.5035380125045776
v -2.2097830772399902 2.8550806045532227 -0.4247809946537018
v -2.351320505142212 2.1918203830718994 -0.06691751629114151
v -2.3602328300476074 2.9940426349639893 -0.6275708675384521
v -2.166581153869629 1.864657998085022 0.5481072664260864
v -2.4979496002197266 2.584280490875244 -0.5488489866256714
v -2.5419578552246094 1.8381102085113525 -0.9037114977836609
v -2.672563076019287 1.7241876125335693 0.3346313536167145
v -2.4946980476379395 2.3207972049713135 -0.06287843734025955
v -2.5051045417785645 2.2692906856536865 0.06085556000471115
v -2.3531150817871094 2.0784075260162354 0.4782188832759857
v -2.395336389541626 2.920314073562622 -0.802725613117218
v -2.3467214107513428 2.375607490539551 -0.5448670983314514
v -2.650331735610962 1.8645000457763672 -0.4045180380344391
v -2.4706945419311523 1.8829513788223267 -0.3539304733276367
v -2.478489875793457 2.0711514949798584 -1.1622272729873657
v -2.510885000228882 2.2382278442382812 -0.5670807361602783
v -2.6622111797332764 1.8572113513946533 -0.20713992416858673
v -2.588289976119995 1.8920230865478516 -0.013907591812312603
v -2.685255289077759 1.7177554368972778 -0.7289289236068726
v -2.6153955459594727 2.6294453144073486 -0.5473507046699524
v -2.4026377201080322 2.9317753314971924 -0.8298951387405396
v -2.672899007797241 1.7242995500564575 0.33798855543136597
v -2.1130876541137695 1.672597885131836 -1.166940689086914
v -2.7059452533721924 1.8545550107955933 0.17862701416015625
v -2.583407402038574 1.8768881559371948 0.575993537902832
v -2.5280001163482666 2.5097131729125977 -0.7552181482315063
v -2.316013813018799 1.9164999723434448 -0.21374142169952393
v -2.3902785778045654 3.0312860012054443 -0.7022931575775146
v -2.422952890396118 2.6714282035827637 -1.1064282655715942
v -2.15523624420166 2.3541812896728516 -1.254245400428772
v -2.0189764499664307 1.8700000047683716 -0.8192102313041687
v -2.021630048751831 1.8669257164001465 -0.8951130509376526
v -2.384596109390259 2.7782042026519775 -0.19592706859111786
v -2.1517093181610107 2.8413162231445312 -0.7615712285041809
v -2.301486015319824 2.3152477741241455 0.25192970037460327
v -2.2755978107452393 1.6911453008651733 -1.2076936960220337
v -2.4828224182128906 1.7424999475479126 0.5357285737991333
v -2.231912612915039 2.243932008743286 0.2068980634212494
v -2.084967613220215 1.7094999551773071 0.42665690183639526
v -2.4234554767608643 2.5403637886047363 -0.15063892304897308
v -2.47767972946167 1.7014788389205933 -0.3530213236808777
v -2.177788734436035 2.508810520172119 -1.2460668087005615
v -2.225823402404785 2.2604074478149414 0.18665960431098938
v -2.434007167816162 2.243359088897705 -1.096168875694275
v -2.5229194164276123 1.693872094154358 -1.1230807304382324
v -2.3637325763702393 2.1956918239593506 -0.12585482001304626
v -2.1858816146850586 1.8817938566207886 0.4303858280181885
v -2.1166110038757324 3.0266222953796387 -0.6700113415718079
v -2.3800387382507324 2.6013541221618652 -0.4091605842113495
v -2.4000155925750732 2.801870584487915 -0.21783827245235443
v -1.9959040880203247 2.594062328338623 -0.4422541558742523
v -2.2655484676361084 2.612964391708374 -0.09628061205148697
v -2.324108600616455 1.708024024963379 -0.343626469373703
v -2.0614733695983887 1.6933655738830566 -0.7175108790397644
v -2.6971254348754883 1.7094999551773071 -0.5657476782798767
v -2.0230085849761963 1.6662485599517822 -0.9900461435317993
v -2.668813943862915 1.7276824712753296 0.4011458456516266
v -2.4526140689849854 2.1659586429595947 0.4017985165119171
v -2.1059999465942383 2.254795551300049 -1.1430481672286987
v -2.0312836170196533 1.7007113695144653 -0.5690204501152039
v -2.0670084953308105 1.8244999647140503 -0.5844141244888306
v -2.471625566482544 1.8827186822891235 -0.3488095998764038
v -2.0756075382232666 1.8784199953079224 -0.6253924369812012
v -2.001523733139038 1.673480749130249 -0.8706535696983337
v -2.3822972774505615 2.544788360595703 -0.11186496913433075
v -2.0830180644989014 1.7082213163375854 -0.3072708249092102
v -2.474545478820801 1.7314531803131104 -0.873515248298645
v -2.3793699741363525 1.9415287971496582 0.5768173933029175
v -2.7086968421936035 1.721212387084961 -0.3548916280269623
v -2.414752244949341 1.7084254026412964 -0.5930567383766174
v -2.062979221343994 1.695000171661377 -0.34075817465782166
v -2.1638495922088623 2.3150923252105713 -0.258514404296875
v -2.3871922492980957 2.319965124130249 -1.2660000324249268
v -2.35322642326355 2.990173101425171 -0.6202265024185181
v -2.0797646045684814 2.429527997970581 -1.1520664691925049
v -2.336184024810791 2.3416049480438232 -0.6039742827415466
v -1.9649430513381958 2.564971446990967 -0.7708366513252258
v -2.275216579437256 3.01487398147583 -0.3898504376411438
v -2.3906731605529785 1.698203444480896 0.3261169493198395
v -2.6317906379699707 2.4630000591278076 -0.8235466480255127
v -2.516132116317749 2.1507585048675537 0.3442414402961731
v -2.2466511726379395 2.2050657272338867 -0.8092558979988098
v -2.420396327972412 2.525603771209717 -0.902999997138977
v -2.563537836074829 2.5264368057250977 -1.0767724514007568
v -2.413043737411499 2.484097719192505 -0.3271639943122864
v -2.008633613586426 1.6694331169128418 -0.9125242233276367
v -2.4883840084075928 2.7132346630096436 -0.3101637065410614
v -2.0980169773101807 1.859413981437683 0.3706628084182739
v -2.2778067588806152 2.923410177230835 -0.380269318819046
v -2.2330362796783447 2.552330732345581 -0.4341934323310852
v -2.313765048980713 1.6954251527786255 0.36683616042137146
v -2.64909029006958 1.7039999961853027 -0.3544999361038208
v -2.7027852535247803 1.8602683544158936 0.36146634817123413
v -2.025038480758667 2.436000108718872 -1.097057580947876
v -2.7172319889068604 1.7189640998840332 0.10896164923906326
v -2.263554096221924 2.205831289291382 -0.9613796472549438
v -2.209559679031372 2.590085744857788 -0.3731233477592468
v -2.053521156311035 1.9676698446273804 -1.0876909494400024
v -2.3361527919769287 2.573948860168457 -0.9279404878616333
v -2.486050605773926 2.615297555923462 -0.5052868127822876
v -2.6173083782196045 1.7260000705718994 0.12770099937915802
v -2.390228509902954 3.027358055114746 -0.6950584650039673
v -2.111262321472168 2.7695655822753906 -0.4124508500099182
v -2.0901200771331787 1.7118604183197021 -0.05413641035556793
v -2.2006354331970215 2.5614051818847656 -0.42532530426979065
v -2.645181894302368 1.8621817827224731 -0.4768179655075073
v -2.589327573776245 1.6995311975479126 -1.0431255102157593
v -2.3918280601501465 1.7217090129852295 -0.768793523311615
v -2.2011513710021973 2.4688854217529297 -0.397341787815094
v -2.1323013305664062 1.7093429565429688 -0.3128953278064728
v -2.5486509799957275 2.1362452507019043 -0.5864409804344177
v -2.3954999446868896 2.9047064781188965 -0.4039435386657715
v -2.3387324810028076 1.6961908340454102 0.3529658317565918
v -2.320512533187866 2.233278512954712 0.33429428935050964
v -2.2101542949676514 2.5884509086608887 -0.37683916091918945
v -2.1636147499084473 2.3310506343841553 -0.23032523691654205
v -2.3217897415161133 2.0885446071624756 0.12056916207075119
v -2.3324832916259766 1.9926222562789917 0.1784665733575821
v -2.434962511062622 1.682183861732483 -0.4928200840950012
v -2.3823113441467285 2.046517848968506 -0.39892515540122986
v -2.5179405212402344 2.5531036853790283 -0.6102777719497681
v -2.4939393997192383 2.099799633026123 -1.0170619487762451
v -2.425457000732422 2.521378755569458 -0.9035571813583374
v -2.2420310974121094 2.454125165939331 -0.4407706558704376
v -2.472480297088623 1.8963700532913208 0.09647650271654129
v -2.3906896114349365 1.855096459388733 -1.1192876100540161
v -2.11427640914917 1.7109745740890503 0.08134177327156067
v -2.1171891689300537 2.495910406112671 -0.9071891903877258
v -2.650151491165161 1.708755373954773 0.2144351303577423
v -2.1715996265411377 2.4181363582611084 -0.9727907776832581
v -2.372253894805908 2.456580877304077 -0.4736174941062927
v -2.5590009689331055 1.6955000162124634 -1.0818558931350708
v -2.2910237312316895 2.7801434993743896 -0.8400962352752686
v -2.589820623397827 1.9135597944259644 0.3991636335849762
v -2.4617323875427246 1.701452612876892 0.2939260005950928
v -2.059473991394043 2.0186753273010254 -0.8986943960189819
v -2.6228315830230713 2.598029136657715 -0.6677438616752625
v -2.3962554931640625 2.5444893836975098 -0.11990432441234589
v -2.7029833793640137 1.725000023841858 -0.29886552691459656
v -2.38297700881958 2.5449395179748535 -0.11231806129217148
v -2.3432977199554443 1.7243069410324097 -0.8310348987579346
v -1.958220362663269 2.57975435256958 -0.6305161118507385
v -2.389146566390991 1.7035000324249268 -0.3526175618171692
v -2.1146695613861084 1.6728615760803223 -1.168127179145813
v -2.6838672161102295 1.7141014337539673 -0.68348228931427
v -2.2423930168151855 3.1787831783294678 -0.7377138733863831
v -2.4045650959014893 2.9357383251190186 -0.8426719307899475
v -2.1187639236450195 2.6506757736206055 -0.43091273307800293
v -2.476099967956543 1.8975332975387573 0.09315841645002365
v -2.238208770751953 2.3951210975646973 -1.0370875597000122
v -2.6397714614868164 1.8535429239273071 -0.6144420504570007
v -2.372499942779541 2.161700487136841 -0.24299871921539307
v -2.0928761959075928 2.136216402053833 -0.9450722932815552
v -2.32794451713562 2.8050849437713623 -0.47717994451522827
v -2.6625630855560303 1.8574999570846558 -0.19885990023612976
v -2.502485513687134 2.4945008754730225 -0.918512761592865
v -2.006716251373291 1.7114602327346802 -0.27845773100852966
v -2.3322277069091797 2.8789241313934326 -0.39905861020088196
v -2.672895908355713 1.7067923545837402 0.20885057747364044
v -2.240255832672119 2.2084524631500244 0.2523154616355896
v -2.1376004219055176 2.2056124210357666 -0.4484320282936096
v -2.2505948543548584 3.0828568935394287 -0.5194315314292908
v -2.2100918292999268 2.307633399963379 0.1070220023393631
v -2.110658645629883 2.426939010620117 -0.9532439708709717
v -2.3896231651306152 1.7190802097320557 0.08995059877634048
v -2.103677988052368 3.0463051795959473 -0.7052230834960938
v -2.270679473876953 2.441103219985962 0.07782809436321259
v -2.138798236846924 2.209533214569092 -0.44398796558380127
v -2.423213005065918 2.70159649848938 -0.2621277868747711
v -2.0254924297332764 2.436000108718872 -1.0977387428283691
v -2.156391143798828 2.5419702529907227 -0.9353415369987488
v -2.1050000190734863 2.298445224761963 -1.1588795185089111
v -2.22268009185791 2.268094778060913 0.17658519744873047
v -2.379316806793213 1.812031626701355 -1.0729260444641113
v -2.4335625171661377 2.3006885051727295 0.28190502524375916
v -2.1960346698760986 3.0240137577056885 -0.4387120008468628
v -2.3529999256134033 1.7017408609390259 0.06854564696550369
v -2.1787521839141846 2.565062999725342 -1.2364909648895264
v -2.167264938354492 2.2398974895477295 -0.6811848282814026
v -2.3948941230773926 2.9071924686431885 -0.3954806923866272
v -2.1248364448547363 3.103245496749878 -0.8755819201469421
v -2.110370635986328 2.4898383617401123 -0.8990399241447449
v -2.062349557876587 1.693457841873169 -0.718018114566803
v -2.3548851013183594 1.7333437204360962 0.5801562666893005
v -2.306657314300537 1.9129383563995361 -0.28339770436286926
v -2.102489709854126 1.867499828338623 -0.5911983847618103
v -2.701415777206421 1.8619803190231323 0.36762914061546326
v -1.9843050241470337 2.628436326980591 -0.5329110622406006
v -2.5076379776000977 2.253206968307495 -0.5491722822189331
v -2.1101608276367188 1.6721100807189941 -1.164745569229126
v -2.1199750900268555 1.6825746297836304 0.44788801670074463
v -2.0905661582946777 2.6835579872131348 -0.3536878526210785
v -2.4432179927825928 2.665607452392578 -1.0934040546417236
v -2.5196917057037354 1.6937568187713623 -1.1263082027435303
v -2.6258599758148193 1.701890468597412 -1.0042965412139893
v -2.4501121044158936 2.4988882541656494 -0.9065658450126648
v -2.246310234069824 3.176264762878418 -0.7298792600631714
v -2.304567337036133 2.304257869720459 0.2652825713157654
v -2.0230700969696045 1.8359953165054321 -0.905373752117157
v -2.2878036499023438 1.7196910381317139 -0.8091573715209961
v -2.555968999862671 2.6425299644470215 -1.0061489343643188
v -2.062046527862549 1.865850567817688 0.26968610286712646
v -2.3954999446868896 2.9061834812164307 -0.39740219712257385
v -2.17401123046875 2.869544267654419 -1.0850802659988403
v -2.082881212234497 1.6672908067703247 -1.1415992975234985
v -2.2338383197784424 1.8737353086471558 -0.5006214380264282
v -2.283216953277588 1.6941965818405151 0.3846503496170044
v -2.5113816261291504 2.1890926361083984 0.3051135838031769
v -2.1940507888793945 2.931406021118164 -1.0450963973999023
v -2.228508472442627 1.7152150869369507 -0.7837890982627869
v -2.3093838691711426 1.9149999618530273 -0.2655591070652008
v -2.5660042762756348 1.8552137613296509 -0.9181965589523315
v -2.475581169128418 2.5035812854766846 -1.1885963678359985
v -2.7000582218170166 1.719499945640564 0.3048135042190552
v -2.3501529693603516 1.7074999809265137 -0.12519952654838562
v -2.5144667625427246 2.230173349380493 -0.4948667883872986
v -2.299384832382202 1.7274856567382812 0.5814820528030396
v -2.2042415142059326 1.8837472200393677 0.336797297000885
v -2.5939579010009766 1.699972152709961 -1.0378338098526
v -2.4524433612823486 2.423673629760742 -1.1348932981491089
v -2.079489231109619 2.5943233966827393 -0.5103477835655212
v -2.305213212966919 2.4433741569519043 -0.4888741075992584
v -2.5482492446899414 2.1382548809051514 -0.5849337577819824
v -2.2223548889160156 3.1839678287506104 -0.7812411785125732
v -2.1409695148468018 1.6762292385101318 -1.1813701391220093
v -2.184298038482666 2.370201826095581 -0.15195728838443756
v -2.578155994415283 1.8458311557769775 -0.8445193767547607
v -2.1489126682281494 2.2090535163879395 -1.255364179611206
v -2.0869548320770264 1.8544936180114746 -0.1987258642911911
v -2.372499942779541 2.1622753143310547 -0.24156151711940765
v -2.6384999752044678 2.4691290855407715 -0.7774028182029724
v -2.240058660507202 2.386765241622925 -1.0444897413253784
v -2.333498001098633 2.1645123958587646 0.3898641765117645
v -2.3701605796813965 1.718109130859375 0.08693590015172958
v -2.351189136505127 1.7074999809265137 -0.133315309882164
v -2.4313738346099854 2.592137575149536 -1.2077994346618652
v -2.328157424926758 2.134944200515747 0.05675491690635681
v -2.713958501815796 1.8574999570846558 0.24118216335773468
v -2.3036651611328125 1.7161017656326294 0.08310183137655258
v -2.1041758060455322 2.619126081466675 -0.46769818663597107
v -2.5097124576568604 2.2388806343078613 -0.4798315167427063
v -2.0533151626586914 1.827394962310791 -0.6899232864379883
v -2.1550333499908447 1.8421595096588135 -1.089003086090088
v -2.383498430252075 2.5537784099578857 -0.9096115827560425
v -2.198302984237671 1.6819753646850586 -1.1974692344665527
v -2.5184669494628906 2.1240203380584717 0.36386802792549133
v -2.392232894897461 2.2654128074645996 -1.2633835077285767
v -2.7114999294281006 1.8597960472106934 0.30864080786705017
v -2.411208391189575 2.4146666526794434 -1.246749997138977
v -2.369424819946289 1.707195520401001 -0.22428560256958008
v -2.052500009536743 1.941411018371582 -1.058559536933899
v -2.6150243282318115 2.5849080085754395 -0.706194281578064
v -2.3824126720428467 2.544813871383667 -0.11194172501564026
v -2.18380069732666 2.2902305126190186 -0.5777539610862732
v -2.370856523513794 2.0170741081237793 0.5351883172988892
v -2.2316930294036865 3.184000015258789 -0.7581161260604858
v -2.420924663543701 2.5254745483398438 -0.22035084664821625
v -2.324597120285034 2.4246978759765625 -0.9656259417533875
v -2.4962806701660156 2.2904632091522217 0.027988191694021225
v -2.0609827041625977 1.703034520149231 -0.290118545293808
v -2.0896778106689453 1.9853203296661377 -0.5906080603599548
v -1.9595637321472168 2.582627058029175 -0.6218311190605164
v -2.050675868988037 1.7009594440460205 -0.4344858229160309
v -2.296806573867798 2.998291015625 -1.013216257095337
v -2.7165801525115967 1.7166603803634644 0.07206692546606064
v -2.178499937057495 2.5483975410461426 -1.2398179769515991
v -2.0998034477233887 1.715499997138977 0.029027754440903664
v -2.09692645072937 2.018550395965576 -0.701918363571167
v -2.3954999446868896 2.635561227798462 -0.12872640788555145
v -2.403811454772949 2.6821258068084717 -1.115312933921814
v -2.1552655696868896 2.6789467334747314 -0.4102022051811218
v -2.2827601432800293 2.7984869480133057 -0.46920785307884216
v -2.1788108348846436 2.5667076110839844 -1.2362560033798218
v -2.1901605129241943 2.35983943939209 -0.016262205317616463
v -1.9843931198120117 2.6286346912384033 -0.532668948173523
v -2.697934150695801 1.7207828760147095 -0.14410263299942017
v -2.40203595161438 1.7030229568481445 -0.29907169938087463
v -2.3776867389678955 2.706310272216797 -1.1251614093780518
v -2.515377998352051 2.1558661460876465 -0.7435314059257507
v -2.4726791381835938 1.8920105695724487 -0.5011158585548401
v -2.4715001583099365 2.6601665019989014 -1.0723567008972168
v -1.9558316469192505 2.5448861122131348 -0.5078186392784119
v -2.3211889266967773 1.8912413120269775 -0.4617587625980377
v -2.1257452964782715 2.175445318222046 -0.7913729548454285
v -2.0604100227355957 1.8255449533462524 -0.638446569442749
v -2.421072006225586 1.7392041683197021 0.5609180927276611
v -2.512143611907959 2.5618083477020264 -0.59188312292099
v -2.0616912841796875 1.9928301572799683 -1.1163476705551147
v -2.648127794265747 1.8645000457763672 -0.43694213032722473
v -2.3083317279815674 1.9036633968353271 -0.006203308701515198
v -2.3388333320617676 2.3485002517700195 -0.5919438600540161
v -2.0913987159729004 2.68428635597229 -0.3529074192047119
v -2.476595401763916 2.6511125564575195 -0.4653874933719635
v -2.156561851501465 2.2141971588134766 -0.7257289290428162
v -2.321073293685913 2.3980419635772705 -1.3063559532165527
v -2.595855236053467 1.9125362634658813 0.41856569051742554
v -2.576028347015381 1.6975818872451782 -1.0604346990585327
v -2.695131540298462 1.723631739616394 -0.19111022353172302
v -2.2367241382598877 2.401724100112915 -1.0230685472488403
v -2.164623260498047 2.421009063720703 -0.9703493118286133
v -2.3960540294647217 3.06044602394104 -0.8413501381874084
v -2.1609416007995605 2.680950164794922 -0.40886661410331726
v -2.523989677429199 2.4927449226379395 -0.860592782497406
v -2.3792948722839355 1.9414212703704834 0.5767528414726257
v -2.3211536407470703 1.7223002910614014 -0.8227013945579529
v -2.1453537940979004 2.165830135345459 -1.2371305227279663
v -2.158169984817505 2.4438419342041016 -1.2693291902542114
v -2.1769511699676514 2.4872591495513916 -0.324109822511673
v -2.338135004043579 1.7121292352676392 -1.0670835971832275
v -2.2394678592681885 2.8181798458099365 -0.45529547333717346
v -2.512160301208496 2.535172939300537 -1.1526421308517456
v -2.5659635066986084 1.9107927083969116 0.3365982472896576
v -2.270085573196411 1.8946037292480469 0.18652722239494324
v -2.0892183780670166 1.8612605333328247 0.006689542438834906
v -2.278277635574341 2.9948370456695557 -0.3791128098964691
v -2.3696200847625732 1.7206549644470215 -0.9180121421813965
v -2.3192033767700195 1.7040430307388306 -1.124050498008728
v -2.1031014919281006 2.617335796356201 -0.47056251764297485
v -2.623021125793457 2.46299409866333 -0.8549239635467529
v -2.0410542488098145 1.8339999914169312 -0.8684901595115662
v -2.6965324878692627 1.7239999771118164 -0.2295532375574112
v -2.2216427326202393 2.7790005207061768 -0.18000070750713348
v -2.321552038192749 2.0872766971588135 0.12215408682823181
v -2.606053590774536 1.7085000276565552 0.23230643570423126
v -2.4496843814849854 2.189445734024048 0.38068556785583496
v -2.194180488586426 1.6814600229263306 -1.1968251466751099
v -2.4664409160614014 2.494187116622925 -1.196805477142334
v -2.1050000190734863 2.30769681930542 -1.1617506742477417
v -2.1006696224212646 3.0517868995666504 -0.7157822251319885
v -2.427500009536743 2.448011875152588 0.08140895515680313
v -2.513798236846924 2.1694817543029785 -0.7022473216056824
v -2.630763053894043 1.8446314334869385 -0.7018182873725891
v -2.534247875213623 2.1786720752716064 -0.5519118309020996
v -2.567714214324951 1.9017101526260376 0.029785718768835068
v -2.309499979019165 1.9019368886947632 0.039162248373031616
v -1.9871548414230347 2.6348981857299805 -0.5249911546707153
v -2.0953478813171387 1.858101487159729 -0.05387676879763603
v -1.976767897605896 2.6131856441497803 -0.5529793500900269
v -2.1190528869628906 2.0814645290374756 -1.1918352842330933
v -2.2920563220977783 1.710551381111145 -0.33707019686698914
v -2.402144432067871 2.4681122303009033 -0.35887160897254944
v -2.0702521800994873 1.8658487796783447 0.11218828707933426
v -2.194337844848633 2.6189889907836914 -0.30468976497650146
v -2.0737574100494385 1.8257575035095215 -0.5145024061203003
v -2.079580783843994 1.8326616287231445 -0.3910456597805023
v -2.427513360977173 2.4437999725341797 0.08833331614732742
v -2.6703383922576904 1.7273309230804443 0.3966396450996399
v -2.322129249572754 2.0493345260620117 0.1510172039270401
v -2.321500062942505 2.081545829772949 0.12549974024295807
v -2.5356457233428955 1.7413629293441772 0.5163142681121826
v -2.6844143867492676 1.7157434225082397 -0.7012630701065063
v -2.7042551040649414 1.7148958444595337 -0.1044691875576973
v -2.456766128540039 2.490527629852295 -0.9061468243598938
v -2.3597700595855713 1.7080729007720947 -0.18693365156650543
v -2.709812641143799 1.718500018119812 0.21487388014793396
v -2.293635606765747 2.921623468399048 -0.3799999952316284
v -2.1548125743865967 2.2887346744537354 -0.31621837615966797
v -2.5216386318206787 2.5479817390441895 -0.6203467845916748
v -2.1984524726867676 1.931856632232666 -1.1918327808380127
v -2.441986083984375 2.2518396377563477 0.33067432045936584
v -2.5058438777923584 2.3187804222106934 -0.2487536072731018
v -2.425755739212036 2.441957950592041 -1.233595371246338
v -2.183659553527832 2.4776360988616943 -0.3588651120662689
v -2.3970000743865967 3.0497922897338867 -0.7586692571640015
v -2.138471841812134 2.2082934379577637 -0.4454233646392822
v -2.630303144454956 1.7255140542984009 0.12898601591587067
v -2.34267258644104 2.3612422943115234 -0.5704121589660645
v -2.0815703868865967 2.131817579269409 -0.9141407608985901
v -2.673722505569458 1.7249447107315063 0.3511172831058502
v -2.542701244354248 2.6495580673217773 -0.36968278884887695
v -2.513859510421753 2.170095682144165 -0.7006510496139526
v -2.703305244445801 1.8599237203598022 0.3587453067302704
v -2.0904245376586914 2.6310157775878906 -0.9767730236053467
v -2.4053122997283936 2.9430630207061768 -0.8660954236984253
v -2.133394241333008 3.103052854537964 -0.8976505398750305
v -2.429259777069092 2.535057783126831 -0.1832299828529358
v -2.2836084365844727 2.8095123767852783 -0.5245792269706726
v -2.3729000091552734 2.1582987308502197 -0.25150322914123535
v -2.316499948501587 1.900633692741394 -0.07292677462100983
v -2.551595687866211 1.902500033378601 0.04308297485113144
v -2.353637218475342 1.8869999647140503 0.14727260172367096
v -2.6382992267608643 1.8502322435379028 -0.646039605140686
v -1.9634469747543335 2.5633938312530518 -0.7466964721679688
v -2.308515787124634 1.903499960899353 0.018156586214900017
v -2.078511953353882 2.0193028450012207 -1.1447678804397583
v -2.170748233795166 2.8323287963867188 -0.7446578145027161
v -2.194270372390747 3.023308038711548 -0.4406525492668152
v -2.551391363143921 1.6955000162124634 -1.0912774801254272
v -2.38265061378479 1.722000002861023 -0.8385149240493774
v -2.52750301361084 2.5377426147460938 -0.6455233693122864
v -2.4493067264556885 1.7414004802703857 0.5495972633361816
v -2.3960227966308594 2.6283068656921387 -0.3387672007083893
v -2.2718474864959717 1.8847695589065552 -0.47751864790916443
v -2.317805051803589 2.9947948455810547 -0.9996790289878845
v -2.608717203140259 1.702455759048462 -0.35499992966651917
v -2.2027571201324463 2.8193790912628174 -0.7193639874458313
v -2.4949185848236084 2.2950351238250732 0.02001122571527958
v -2.1470000743865967 2.2673683166503906 -1.2547236680984497
v -2.6995279788970947 1.8569718599319458 0.09033733606338501
v -2.183500051498413 2.746210813522339 -1.1456444263458252
v -2.188246488571167 2.6655821800231934 -1.1932053565979004
v -2.214308977127075 2.5815749168395996 -0.3900039494037628
v -2.287260055541992 2.7982194423675537 -0.49503859877586365
v -2.3294942378997803 2.3247344493865967 -0.6292741298675537
v -2.615828514099121 1.7015273571014404 -1.0146714448928833
v -2.075282335281372 2.0146892070770264 -1.1399236917495728
v -2.2806761264801025 2.572093963623047 -0.09494608640670776
v -2.308382272720337 1.903764247894287 -0.005093925166875124
v -2.250563621520996 3.171415328979492 -0.7203518152236938
v -2.2379510402679443 2.4003725051879883 -1.0124214887619019
v -2.333421230316162 1.9880777597427368 0.17997409403324127
v -2.569999933242798 1.855162501335144 -0.8340492844581604
v -2.499091863632202 2.282785654067993 0.04083680734038353
v -2.39005708694458 2.6166141033172607 -0.36671462655067444
v -2.1770691871643066 2.3749654293060303 -0.1061234399676323
v -2.0298197269439697 1.6988646984100342 -0.5822177529335022
v -2.246500015258789 2.653205394744873 -0.9565684795379639
v -2.28007435798645 2.8399574756622314 -0.5649572610855103
v -2.0884206295013428 2.0332980155944824 -1.1586291790008545
v -2.4303345680236816 2.5172765254974365 -0.9042224287986755
v -2.40093994140625 2.5573995113372803 -0.414260596036911
v -2.3651158809661865 2.5454626083374023 -0.10859327018260956
v -2.261315107345581 3.1538589000701904 -0.6916252374649048
v -2.2107291221618652 2.8015873432159424 -0.20399564504623413
v -2.018789291381836 1.8694216012954712 -0.8427546620368958
v -2.353620767593384 2.4527878761291504 -0.48262131214141846
v -2.0529022216796875 1.9357753992080688 -1.0531777143478394
v -2.2367677688598633 1.6913676261901855 0.4135187566280365
v -2.2306339740753174 2.8244757652282715 -0.4490242898464203
v -2.064009189605713 2.6636240482330322 -0.3785218894481659
v -2.3908748626708984 1.8548002243041992 -1.1187878847122192
v -2.495875358581543 1.822583556175232 -0.9832353591918945
v -2.1229686737060547 2.6558837890625 -0.42566969990730286
v -2.1442465782165527 3.106032371520996 -0.9097594618797302
v -2.2695000171661377 2.4748616218566895 -0.028251174837350845
v -2.018552541732788 1.6848286390304565 -0.6626474261283875
v -2.336810350418091 1.9661204814910889 0.18512073159217834
v -2.3445675373077393 2.814664840698242 -0.4810940623283386
v -2.2692911624908447 2.4492974281311035 0.06152505427598953
v -2.5919151306152344 1.9135000705718994 0.40574514865875244
v -1.9689124822616577 2.5987322330474854 -0.578169584274292
v -2.160342216491699 2.815880060195923 -0.38838353753089905
v -2.3813834190368652 1.722000002861023 -0.8477427363395691
v -2.3411459922790527 2.9896488189697266 -0.9815756678581238
v -2.433948040008545 2.4785499572753906 -0.9422749280929565
v -2.2430765628814697 2.187899351119995 0.27953585982322693
v -2.5483341217041016 2.639683723449707 -0.3837983310222626
v -2.162677049636841 2.2303051948547363 -0.7014536261558533
v -2.200901508331299 2.3445160388946533 -0.49908247590065
v -2.4955272674560547 2.100681781768799 -1.0110636949539185
v -2.39343523979187 1.7365877628326416 0.5710609555244446
v -2.436255693435669 1.681019902229309 -0.48868197202682495
v -2.3578264713287354 2.197000026702881 -0.0981765165925026
v -2.0829179286956787 2.0135598182678223 -0.78802889585495
v -2.0793843269348145 1.8407315015792847 -0.3201494812965393
v -2.156255006790161 2.4229860305786133 -0.9671992659568787
v -1.9876848459243774 2.636260986328125 -0.5232499241828918
v -2.3360698223114014 2.435274124145508 -0.9625108242034912
v -2.1082303524017334 2.0924432277679443 -0.5223934650421143
v -1.9357194900512695 2.4927473068237305 -0.5750331878662109
v -2.4480161666870117 2.207272529602051 0.3666788637638092
v -2.3729326725006104 2.1689624786376953 -0.2244112193584442
v -2.07389497756958 1.825895071029663 -0.5099614858627319
v -2.5068936347961426 1.9260544776916504 -1.1032400131225586
v -2.6952497959136963 1.723250150680542 -0.17900291085243225
v -2.1783785820007324 2.5135297775268555 -1.245181918144226
v -2.3666062355041504 3.0212347507476807 -0.5270833969116211
v -2.36775279045105 1.9315835237503052 -1.2060776948928833
v -2.3235692977905273 3.042619228363037 -0.41687706112861633
v -2.079519748687744 1.8325393199920654 -0.39214569330215454
v -2.399378538131714 2.9524972438812256 -0.9001784324645996
v -2.6109561920166016 2.5096359252929688 -0.6029428243637085
v -2.160961151123047 2.548191547393799 -0.9367979168891907
v -2.1471822261810303 2.6738412380218506 -0.41212353110313416
v -2.1300759315490723 1.6711126565933228 0.4686517119407654
v -2.3956825733184814 1.6941542625427246 -1.2014251947402954
v -2.4528799057006836 1.7416470050811768 0.5481186509132385
v -2.444408416748047 1.7410627603530884 0.551624059677124
v -2.5783956050872803 2.559000015258789 -1.095083475112915
v -2.550309896469116 1.879480004310608 0.5854099988937378
v -2.51537823677063 2.4918744564056396 -0.8959903717041016
v -2.077244281768799 1.8302443027496338 -0.41371893882751465
v -2.2325997352600098 3.060358762741089 -0.6005015969276428
v -2.13938307762146 2.71034574508667 -0.29420962929725647
v -2.0570952892303467 1.8265001773834229 -0.6677376627922058
v -2.2562503814697266 1.7127708196640015 -0.3276875615119934
v -2.262812376022339 2.2048747539520264 -0.9564996361732483
v -2.4877631664276123 2.1442368030548096 -0.9013792276382446
v -2.479748249053955 2.802849531173706 -0.38580450415611267
v -2.117445230484009 2.078390121459961 -1.1899397373199463
v -2.2430124282836914 2.809494972229004 -0.6952418684959412
v -2.4611663818359375 2.0623362064361572 0.47583192586898804
v -2.4936790466308594 1.6921889781951904 -1.1477324962615967
v -2.4671716690063477 1.895042896270752 0.10134253650903702
v -2.3166542053222656 1.900615930557251 -0.0769648551940918
v -2.1757843494415283 2.81079363822937 -1.1082648038864136
v -2.3900701999664307 3.0281496047973633 -0.696403980255127
v -2.4903547763824463 2.080763339996338 -1.1134647130966187
v -2.5250892639160156 1.88688063621521 -1.0331437587738037
v -2.7144227027893066 1.719605565071106 0.16608954966068268
v -2.0098087787628174 2.605353593826294 -0.42915746569633484
v -2.7007029056549072 1.6985340118408203 0.2091566026210785
v -2.2611474990844727 1.8748409748077393 0.596500039100647
v -2.1438066959381104 1.717387080192566 0.5115324258804321
v -2.0868163108825684 1.6681193113327026 -1.1461557149887085
v -2.009309768676758 1.672912836074829 -0.7278648614883423
v -2.442091941833496 2.601597785949707 -1.203137993812561
v -2.380967617034912 1.964929223060608 -0.44609713554382324
v -2.6861822605133057 1.7166821956634521 -0.7747668027877808
v -2.384671449661255 2.7785205841064453 -0.1961832493543625
v -2.5097103118896484 2.2595531940460205 0.0737883597612381
v -1.887207269668579 2.4563305377960205 -0.740121603012085
v -2.1255154609680176 2.97922945022583 -0.9578685164451599
v -2.0686776638031006 1.824559211730957 -0.5677231550216675
v -2.5063235759735107 1.7422919273376465 0.5266281962394714
v -2.1118698120117188 1.7033904790878296 0.3956986367702484
v -1.9945993423461914 1.677466869354248 -0.8129265904426575
v -2.0509934425354004 1.7007054090499878 -0.4328349530696869
v -2.180910348892212 2.2734615802764893 -0.6019444465637207
v -2.293936014175415 2.3429741859436035 0.20961597561836243
v -2.7043535709381104 1.8596616983413696 0.35271739959716797
v -2.3779873847961426 1.9913206100463867 0.5567563772201538
v -2.3760571479797363 2.548311471939087 -0.48544278740882874
v -2.277560234069824 2.8807854652404785 -0.5941645503044128
v -2.493866205215454 2.099759101867676 -1.017338514328003
v -2.427610158920288 2.43026065826416 0.10907917469739914
v -2.3850340843200684 2.553096055984497 -0.9091849327087402
v -2.123417854309082 1.6740784645080566 -1.1733142137527466
v -2.556659698486328 1.706247329711914 0.25379109382629395
v -2.2559828758239746 3.164430856704712 -0.708310067653656
v -2.283297538757324 2.95867657661438 -0.3671834170818329
v -2.3644604682922363 3.010230302810669 -0.5513486862182617
v -2.404762029647827 2.4919333457946777 -0.0004976001800969243
v -2.2478220462799072 1.6876221895217896 -1.2032777070999146
v -2.361633062362671 2.9789493083953857 -0.9615440368652344
v -2.701875925064087 1.8555618524551392 0.11851314455270767
v -2.016716241836548 2.4363648891448975 -1.0845743417739868
v -2.225468397140503 1.8703104257583618 -0.5069948434829712
v -2.1913886070251465 2.307922840118408 -0.5480425953865051
v -2.07706880569458 1.70987069606781 0.4205515682697296
v -2.1376729011535645 1.7158458232879639 0.25633206963539124
v -2.373405933380127 2.1738297939300537 -0.212463840842247
v -2.0400705337524414 2.545955181121826 -0.5749742984771729
v -2.513942003250122 2.1200313568115234 -0.898990273475647
v -2.3894689083099365 2.336839199066162 -1.2650123834609985
v -2.228703498840332 2.4597654342651367 -0.42878374457359314
v -2.2018063068389893 2.998991012573242 -1.0152342319488525
v -2.6296679973602295 1.8439452648162842 -0.7116014957427979
v -2.3116137981414795 1.916028380393982 -0.23848772048950195
v -2.081214427947998 2.59590482711792 -0.5080475211143494
v -2.426851272583008 2.5202460289001465 -0.9037314057350159
v -2.3842477798461914 1.8853436708450317 0.6075928807258606
v -2.110797643661499 2.4903719425201416 -0.8997334837913513
v -2.5683398246765137 2.7000887393951416 -0.47276824712753296
v -2.3033182621002197 2.2583181858062744 -0.7429325580596924
v -2.341567039489746 2.458134174346924 -1.291958212852478
v -2.315521001815796 1.9164999723434448 -0.217026486992836
v -2.1496572494506836 2.307978630065918 -1.2517808675765991
v -2.202272653579712 1.8828864097595215 0.34560254216194153
v -2.1119117736816406 2.491765022277832 -0.901544451713562
v -1.9079968929290771 2.4366023540496826 -0.7982919812202454
v -2.4959239959716797 2.356975555419922 -0.4422532618045807
v -2.177422523498535 2.505880117416382 -1.246616244316101
v -2.1038897037506104 3.0840017795562744 -0.7967268824577332
v -2.092700719833374 1.855366826057434 -0.16729553043842316
v -2.5871574878692627 2.4851677417755127 -0.9323596954345703
v -2.2031283378601074 1.8617007732391357 -0.5268971920013428
v -2.306750774383545 1.7161874771118164 0.08318749815225601
v -2.2078421115875244 1.6893999576568604 0.4328005015850067
v -2.5205161571502686 1.8380000591278076 -0.988138735294342
v -2.280324935913086 3.1315691471099854 -0.8977764844894409
v -2.518645763397217 2.1865828037261963 -0.6579249501228333
v -2.1411514282226562 2.142427682876587 -1.2253031730651855
v -2.5286214351654053 2.5179848670959473 -0.7214389443397522
v -2.666003465652466 1.7281148433685303 0.4074154198169708
v -2.0477077960968018 1.8292921781539917 -0.7281013131141663
v -2.6355390548706055 1.7135000228881836 -0.9402297735214233
v -2.417238235473633 2.4727683067321777 0.0332084521651268
v -2.30619478225708 2.9190802574157715 -0.3799999952316284
v -1.9855707883834839 1.6738585233688354 -0.7510899305343628
v -2.179419994354248 2.2674896717071533 -0.6122502684593201
v -2.1486947536468506 2.2330446243286133 -1.2578308582305908
v -2.3533213138580322 2.998821258544922 -0.5675099492073059
v -2.482579469680786 2.177628993988037 -0.9613904356956482
v -2.513986587524414 2.1201350688934326 -0.8984870910644531
v -1.9884568452835083 1.675478458404541 -0.7756978273391724
v -1.9683120250701904 2.564789056777954 -0.47925665974617004
v -2.2054038047790527 1.7138365507125854 0.0809999331831932
v -2.6243419647216797 2.615053176879883 -0.6152874827384949
v -2.3242616653442383 2.313875675201416 -0.6451577544212341
v -2.2084219455718994 2.3245058059692383 0.06679532676935196
v -2.4703307151794434 2.8101987838745117 -0.38308602571487427
v -2.230156898498535 2.915227174758911 -0.38648760318756104
v -2.2677762508392334 2.4618418216705322 0.016290556639432907
v -2.1507575511932373 2.536738872528076 -0.9345368146896362
v -2.2943427562713623 1.8106545209884644 -1.0825772285461426
v -2.556814670562744 2.0302863121032715 0.42588210105895996
v -2.3777194023132324 1.722000002861023 -0.8711016178131104
v -1.9855259656906128 1.6739481687545776 -0.7523000836372375
v -2.40521502494812 2.938121795654297 -0.8493886590003967
v -2.2063002586364746 1.9533408880233765 -1.2175207138061523
v -2.6992709636688232 1.8572288751602173 0.08725397288799286
v -2.052900552749634 1.699259638786316 -0.42259690165519714
v -2.623551368713379 2.6178200244903564 -0.6042196750640869
v -2.023568630218506 1.8658180236816406 -0.9042516350746155
v -2.2302513122558594 2.45924973487854 -0.4300367534160614
v -2.0283255577087402 2.4919350147247314 -0.7061716914176941
v -2.3310022354125977 2.1550049781799316 0.024488044902682304
v -1.9377213716506958 2.421999931335449 -0.8879104852676392
v -2.1506261825561523 2.27720308303833 -0.34186840057373047
v -2.0788891315460205 2.593773365020752 -0.5111480951309204
v -2.0705060958862305 2.471142053604126 -0.8373019099235535
v -2.3090128898620605 1.902999997138977 -0.0187668614089489
v -2.0727672576904297 1.8255000114440918 -0.5305694937705994
v -2.4566385746002197 2.490705966949463 -0.9061722159385681
v -2.1248137950897217 1.8632745742797852 0.43462759256362915
v -2.372999906539917 2.156498432159424 -0.25561457872390747
v -2.382991075515747 2.544942617416382 -0.11232730746269226
v -2.6846203804016113 1.7208448648452759 0.1294759213924408
v -2.6292245388031006 2.485485553741455 -0.7038329839706421
v -2.590646743774414 1.8480924367904663 -0.8227061629295349
v -2.2144408226013184 1.979611873626709 0.4697110950946808
v -2.1326842308044434 1.7118419408798218 0.2891058623790741
v -2.1984682083129883 1.8819999694824219 0.36312705278396606
v -2.3360114097595215 1.8083292245864868 -1.0795609951019287
v -2.2711730003356934 2.579176187515259 -0.9364999532699585
v -2.3102502822875977 1.700312614440918 -1.1469993591308594
v -2.4189181327819824 2.3519504070281982 -1.1389241218566895
v -2.489117383956909 2.7129013538360596 -0.310996949672699
v -2.496000051498413 2.3592641353607178 -0.4396595358848572
v -2.5028631687164307 1.936835765838623 -1.117760419845581
v -2.4323995113372803 1.6861412525177002 -0.5036628842353821
v -2.3440210819244385 2.5439701080322266 -0.1047351062297821
v -2.178400993347168 1.8737207651138306 0.4735585153102875
v -2.0623819828033447 2.4230525493621826 -0.9391909837722778
v -2.346520185470581 2.9876081943511963 -0.6123605370521545
v -2.3920133113861084 2.9153828620910645 -0.793170154094696
v -2.4712746143341064 2.6595640182495117 -0.45524242520332336
v -2.080928325653076 2.131960391998291 -0.9128565192222595
v -2.3082733154296875 2.3456246852874756 -1.3117421865463257
v -2.444882392883301 2.8280444145202637 -0.3782752752304077
v -2.293468475341797 1.8971810340881348 -0.36562663316726685
v -2.2330918312072754 2.7482571601867676 -0.1551608145236969
v -2.57438588142395 2.488091230392456 -0.9719336628913879
v -2.2104554176330566 2.306178331375122 0.11041700094938278
v -2.415593147277832 2.300619125366211 -1.140516996383667
v -2.0855765342712402 1.9818757772445679 -0.5929745435714722
v -2.1011297702789307 1.855629801750183 -1.0515010356903076
v -2.2420296669006348 3.0130293369293213 -1.0250002145767212
v -2.503281831741333 2.3271541595458984 -0.13795191049575806
v -2.0218262672424316 1.6664456129074097 -0.9837393164634705
v -2.641249179840088 1.8569985628128052 -0.5545177459716797
v -2.4607744216918945 1.742095708847046 0.5448518991470337
v -2.2268784046173096 2.81203031539917 -0.7045729160308838
v -2.10953426361084 2.0994856357574463 -0.519524335861206
v -2.4710545539855957 1.7018862962722778 0.2900235950946808
v -2.4434916973114014 2.242053747177124 0.3389546573162079
v -2.5352089405059814 1.7275042533874512 -0.8901174664497375
v -2.380161762237549 3.076338052749634 -0.8558371663093567
v -2.1205813884735107 2.862786293029785 -0.7979699969291687
v -2.396437883377075 2.3680269718170166 -1.2594496011734009
v -2.3534657955169678 1.8869999647140503 0.14730677008628845
v -2.3453547954559326 1.8935147523880005 -0.45898520946502686
v -2.1962239742279053 1.8819999694824219 0.37210413813591003
v -2.527392864227295 2.495285987854004 -0.8243194818496704
v -2.3079288005828857 1.90330970287323 0.01438276655972004
v -2.516288995742798 1.8313381671905518 -0.9445910453796387
v -2.1213274002075195 2.861741542816162 -0.7967762351036072
v -2.3414371013641357 2.1253151893615723 0.42701277136802673
v -2.368356227874756 1.9359585046768188 -1.2092458009719849
v -2.5196406841278076 2.491499900817871 -0.8827576637268066
v -2.1222102642059326 2.1704206466674805 -1.0653780698776245
v -2.1562514305114746 3.104052782058716 -0.9272514581680298
v -2.259423017501831 2.7288079261779785 -0.9541537761688232
v -1.9933286905288696 2.6511778831481934 -0.5043018460273743
v -2.6194987297058105 2.589496374130249 -0.6888840794563293
v -2.282132148742676 2.2094907760620117 -1.2852641344070435
v -2.281341791152954 2.830212354660034 -0.5539499521255493
v -2.12243390083313 1.659995436668396 0.49056175351142883
v -2.0385375022888184 1.8592312335968018 -0.9537048935890198
v -2.3091254234313965 1.9149999618530273 -0.2601338326931
v -2.4450037479400635 1.821800708770752 -1.0516383647918701
v -2.4591407775878906 2.0832343101501465 0.46515634655952454
v -2.361656427383423 2.723933219909668 -1.128499984741211
v -2.3644649982452393 3.026611566543579 -0.5107418894767761
v -2.3003337383270264 2.5528762340545654 -0.49612364172935486
v -2.552408456802368 1.9105000495910645 0.29217997193336487
v -2.473484992980957 2.724853515625 -0.29306572675704956
v -2.632016181945801 1.8452579975128174 -0.688532829284668
v -2.260808229446411 2.5789999961853027 -0.9364999532699585
v -2.5792555809020996 1.9947746992111206 -0.6407668590545654
v -2.178987979888916 1.7130776643753052 0.0809999331831932
v -2.7088162899017334 1.72073495388031 -0.3590697646141052
v -2.0344972610473633 2.489001512527466 -0.731987714767456
v -2.276294469833374 2.5797150135040283 -0.9364999532699585
v -2.5937507152557373 2.6737492084503174 -0.48825034499168396
v -2.0661065578460693 2.4726359844207764 -0.8244410753250122
v -2.3839592933654785 1.722000002861023 -0.8288628458976746
v -2.605214834213257 1.848598837852478 -0.7937678098678589
v -2.4336652755737305 2.47851824760437 -0.9422591328620911
v -2.7097079753875732 1.7102471590042114 -0.4353088438510895
v -2.323274612426758 2.0966479778289795 0.11094354838132858
v -2.229161500930786 2.2515125274658203 0.1973171830177307
v -2.3706905841827393 2.5483312606811523 -0.49047818779945374
v -2.1973488330841064 3.0245394706726074 -0.43726637959480286
v -2.462268829345703 2.4440267086029053 -1.1296156644821167
v -2.3707387447357178 2.9730734825134277 -0.9516572952270508
v -2.217102527618408 2.549173355102539 -0.48607194423675537
v -2.1714446544647217 3.0127084255218506 -0.4856935143470764
v -2.698720932006836 1.7202790975570679 -0.13828814029693604
v -2.2860162258148193 2.793112277984619 -0.8627245426177979
v -2.2212209701538086 3.1345362663269043 -0.9113114476203918
v -2.0208635330200195 1.8673181533813477 -0.8855893015861511
v -2.2265102863311768 1.6907116174697876 0.4203264117240906
v -2.3760955333709717 2.597071647644043 -0.4214993119239807
v -2.534287929534912 1.8378804922103882 -0.9605656862258911
v -2.6085329055786133 2.5773773193359375 -0.7427363991737366
v -1.9927842617034912 2.434885263442993 -1.0409677028656006
v -2.283024787902832 2.9605326652526855 -0.3675655424594879
v -2.3907670974731445 2.270815372467041 -1.2639110088348389
v -2.213249921798706 1.8895999193191528 0.2932507395744324
v -2.4796483516693115 2.180851697921753 -0.9705549478530884
v -1.956368088722229 2.4230000972747803 -0.9492555856704712
v -2.031928062438965 2.490428924560547 -0.720069169998169
v -2.074251651763916 1.8262518644332886 -0.49844104051589966
v -2.251227855682373 2.675593376159668 -0.9599999785423279
v -2.2211642265319824 3.0797526836395264 -0.9662156105041504
v -2.1146507263183594 3.029758930206299 -0.6751083731651306
v -2.0959999561309814 2.006342887878418 -0.5746738910675049
v -2.0692057609558105 1.8247352838516235 -0.5624420642852783
v -2.4063260555267334 2.489743709564209 0.0030996024142950773
v -2.5046801567077637 2.1071503162384033 -0.968978762626648
v -2.503772258758545 2.641167163848877 -1.028652310371399
v -1.9649181365966797 2.559992790222168 -0.48662644624710083
v -2.0596635341644287 1.825918197631836 -0.6442321538925171
v -2.247821807861328 2.1625969409942627 0.3078138530254364
v -2.343308687210083 2.3633627891540527 -0.5670195817947388
v -2.500727891921997 2.259430170059204 -0.43575358390808105
v -2.3193440437316895 1.9136558771133423 -0.1758873462677002
v -2.0976803302764893 2.1401402950286865 -0.9627010226249695
v -2.0962586402893066 1.8552528619766235 -0.13513891398906708
v -2.353895425796509 1.7078582048416138 -0.1552022397518158
v -2.2538087368011475 1.7214802503585815 0.5719472169876099
v -2.377955198287964 1.8794705867767334 -1.1562542915344238
v -2.563185691833496 2.5269715785980225 -1.0790432691574097
v -2.3093361854553223 1.903499960899353 0.026362823322415352
v -2.2097229957580566 1.718490719795227 0.5588615536689758
v -2.1255409717559814 1.7095574140548706 0.10629523545503616
v -2.356579303741455 2.9916937351226807 -0.6236563920974731
v -2.270021438598633 1.8741835355758667 0.596500039100647
v -2.477867364883423 2.6482653617858887 -0.46860653162002563
v -2.308795690536499 1.7094002962112427 -0.34079912304878235
v -2.5989110469818115 1.9096777439117432 0.4341721832752228
v -2.30263352394104 2.5785648822784424 -0.93434739112854
v -2.173922538757324 2.5618386268615723 -0.9382516145706177
v -2.3838207721710205 2.964354991912842 -0.9345927238464355
v -2.6747546195983887 1.7065341472625732 0.2085409313440323
v -2.060298442840576 1.868052363395691 0.16602450609207153
v -2.438068151473999 2.7154242992401123 -0.26947471499443054
v -2.3958797454833984 3.0533275604248047 -0.7776217460632324
v -2.147023916244507 2.2780494689941406 -1.253880500793457
v -2.289252758026123 2.765758514404297 -0.798708438873291
v -2.7093048095703125 1.7084144353866577 -0.45061275362968445
v -2.0960888862609863 2.9410011768341064 -0.9105308055877686
v -2.4967658519744873 2.586174249649048 -0.545444905757904
v -2.1281042098999023 2.4260001182556152 -0.9576589465141296
v -2.1470000743865967 2.272693157196045 -1.2543432712554932
v -2.2410552501678467 2.20847225189209 -0.7892072796821594
v -2.165595769882202 2.6831510066986084 -0.40808725357055664
v -2.575673818588257 1.845334768295288 -0.8489872217178345
v -2.393721103668213 2.6009888648986816 -0.1201629787683487
v -1.8997178077697754 2.4440865516662598 -0.7772765755653381
v -2.186501979827881 2.6170127391815186 -1.219744086265564
v -2.124633312225342 1.8515416383743286 -1.0791834592819214
v -2.140249013900757 2.5252492427825928 -0.9299461841583252
v -2.5207619667053223 2.220721960067749 -0.5082941651344299
v -2.372999906539917 2.1554336547851562 -0.2578624188899994
v -2.372499942779541 2.162273645401001 -0.24156564474105835
v -2.670506715774536 1.7226122617721558 0.13037072122097015
v -1.9637621641159058 2.4242937564849854 -0.9716118574142456
v -2.249124526977539 2.3342201709747314 -1.05649995803833
v -2.514810085296631 1.9112248420715332 -1.0776047706604004
v -2.0491833686828613 1.8872274160385132 -0.6560884714126587
v -2.4055750370025635 2.9394421577453613 -0.8531097173690796
v -2.0591015815734863 2.659348487854004 -0.3832782208919525
v -2.1682653427124023 1.8520917892456055 -0.5569286346435547
v -2.2643961906433105 3.149545669555664 -0.6845391392707825
v -2.133733034133911 2.1970176696777344 -0.45745640993118286
v -2.4844870567321777 2.2350637912750244 0.21987873315811157
v -2.427797794342041 2.4395320415496826 0.09544651210308075
v -2.3805747032165527 1.9837030172348022 0.5629483461380005
v -2.04111909866333 2.5482382774353027 -0.5716666579246521
v -2.3368256092071533 1.886573076248169 0.15069104731082916
v -2.5444886684417725 2.732948064804077 -0.4471266269683838
v -2.185253381729126 1.8815845251083374 0.4333173334598541
v -2.0833654403686523 1.7092243432998657 0.08277566730976105
v -2.2794029712677 2.8442838191986084 -0.5680897235870361
v -2.0599453449249268 1.868499994277954 0.17104603350162506
v -2.1987009048461914 1.8672691583633423 0.5731627345085144
v -2.0859875679016113 2.6000354290008545 -0.501833975315094
v -2.566693067550659 1.7066129446029663 0.24926641583442688
v -2.3857738971710205 2.6086044311523438 -0.38907358050346375
v -2.2695000171661377 2.470140218734741 -0.019752448424696922
v -2.565000057220459 2.516051769256592 -1.0466296672821045
v -2.410862445831299 1.8951482772827148 0.13535164296627045
v -2.0933961868286133 1.8596038818359375 -0.029536515474319458
v -2.383970022201538 1.7036176919937134 -0.352323442697525
v -2.3889591693878174 1.722000002861023 -0.7919878959655762
v -2.65067982673645 1.7319600582122803 0.4352503716945648
v -2.423539161682129 2.7025094032287598 -0.26232337951660156
v -2.7165064811706543 1.7200000286102295 0.14288954436779022
v -2.421306848526001 1.7300488948822021 -0.8570860028266907
v -2.545804738998413 2.050792694091797 0.41780492663383484
v -2.1672000885009766 3.0022497177124023 -0.5350013375282288
v -2.519569158554077 1.7008522748947144 -0.3539999723434448
v -2.4105746746063232 2.544956922531128 -0.13207849860191345
v -2.235689401626587 2.2309322357177734 0.22241243720054626
v -2.4085798263549805 2.5027015209198 -0.2853367030620575
v -2.408792495727539 2.5005741119384766 -0.29022979736328125
v -2.3889503479003906 2.3341422080993652 -1.265219807624817
v -1.8962979316711426 2.4768877029418945 -0.6589041948318481
v -1.962241291999817 2.5560402870178223 -0.4926322400569916
v -2.0953714847564697 1.8550320863723755 -0.14612480998039246
v -2.4803335666656494 1.8280953168869019 -1.0319997072219849
v -2.073263645172119 1.8255000114440918 -0.5254409313201904
v -2.188237428665161 2.63720440864563 -1.2089571952819824
v -2.38169527053833 3.007288932800293 -0.653078019618988
v -2.52459716796875 2.4930973052978516 -0.8544425964355469
v -2.528613567352295 2.53043270111084 -0.6707686185836792
v -2.499228000640869 2.300903081893921 -0.5011876821517944
v -2.217303991317749 1.7190409898757935 0.5611642003059387
v -2.448869228363037 2.204965353012085 -1.0454115867614746
v -2.1007862091064453 2.1680097579956055 -0.8184421062469482
v -2.1767680644989014 2.500643014907837 -1.2475981712341309
v -2.702568292617798 1.725000023841858 -0.29554545879364014
v -2.179574966430664 2.371387243270874 -0.06543707102537155
v -2.6984975337982178 1.8576675653457642 0.07981230318546295
v -2.241960287094116 3.1790614128112793 -0.7385794520378113
v -2.5360946655273438 2.7463512420654297 -0.4341486990451813
v -2.0765395164489746 1.863990068435669 0.08624263852834702
v -2.134194850921631 1.7109959125518799 0.1356789618730545
v -2.547746419906616 1.911669135093689 0.27331632375717163
v -2.386059045791626 1.8854191303253174 0.608272135257721
v -2.339653253555298 1.731838345527649 0.5817154049873352
v -2.064263105392456 1.706547498703003 -0.23009002208709717
v -2.161759853363037 2.453019857406616 -1.2648109197616577
v -2.377340316772461 1.7219822406768799 -0.8734408020973206
v -2.461850881576538 1.701458215713501 0.2938763201236725
v -2.5312576293945312 1.83847975730896 -0.9684644937515259
v -2.2969632148742676 1.7205322980880737 -0.8131831288337708
v -2.3673441410064697 1.7075737714767456 -0.21709796786308289
v -2.616189479827881 1.7024999856948853 -0.35499992966651917
v -2.495554208755493 2.347418785095215 -0.4531354010105133
v -1.9629933834075928 2.562486410140991 -0.731297492980957
v -2.7038779258728027 1.7079147100448608 -0.518928587436676
v -2.429396152496338 1.6909434795379639 -0.5179154276847839
v -2.2705185413360596 2.2499260902404785 -1.0347901582717896
v -2.3087966442108154 2.348414659500122 -1.3115679025650024
v -2.2052865028381348 1.8622764348983765 -0.5251708030700684
v -2.4003357887268066 1.8963539600372314 -0.4607919752597809
v -2.1763336658477783 2.6873626708984375 -0.40675488114356995
v -2.7095000743865967 1.7152960300445557 -0.40163183212280273
v -2.029339075088501 1.6654576063156128 -1.017482876777649
v -2.3243443965911865 1.7301104068756104 0.583240270614624
v -2.138000011444092 1.7175371646881104 0.22257106006145477
v -2.2397844791412354 2.2116496562957764 0.24791935086250305
v -2.54217791557312 2.6504478454589844 -0.36842668056488037
v -2.6393072605133057 1.8513073921203613 -0.6348118185997009
v -2.2230966091156006 3.1691579818725586 -0.8333768844604492
v -1.9620468616485596 2.56195330619812 -0.7113639712333679
v -1.9984294176101685 2.6622633934020996 -0.4894981384277344
v -2.2577338218688965 3.082266092300415 -0.47461816668510437
v -2.3808469772338867 1.964043378829956 -0.4464595317840576
v -2.346132755279541 2.372664213180542 -0.5498709678649902
v -2.497971773147583 2.310063362121582 -0.49240842461586
v -2.2178521156311035 1.8917012214660645 0.2773461639881134
v -2.058338165283203 1.7094213962554932 -0.3021833002567291
v -2.2741100788116455 2.8959312438964844 -0.6423989534378052
v -2.3884546756744385 2.613795518875122 -0.3747271001338959
v -2.2200987339019775 1.9964889287948608 0.4591096341609955
v -2.137800931930542 1.7186990976333618 0.19217747449874878
v -2.0943851470947266 2.905452251434326 -0.8617358207702637
v -2.5321192741394043 1.902500033378601 0.056447409093379974
v -2.205965757369995 2.336301326751709 0.042197085916996
v -2.3675782680511475 2.5453133583068848 -0.10896631330251694
v -2.6573214530944824 1.8582261800765991 -0.26397597789764404
v -2.372999906539917 2.126380681991577 -0.31280753016471863
v -2.2489633560180664 2.811758279800415 -0.46116113662719727
v -2.0295536518096924 1.8355631828308105 -0.8937034606933594
v -2.1099979877471924 1.6720830202102661 -1.164623498916626
v -2.429025411605835 2.4780027866363525 -0.9420014023780823
v -2.4928507804870605 2.267934799194336 0.15777981281280518
v -2.2874109745025635 2.7686779499053955 -0.7826546430587769
v -2.273890256881714 2.3992342948913574 -0.971906304359436
v -2.4269556999206543 2.3433990478515625 0.22392374277114868
v -2.4351015090942383 1.6820586919784546 -0.4923752546310425
v -2.412801504135132 2.4795477390289307 0.020793786272406578
v -2.3692643642425537 1.7047231197357178 -0.35066521167755127
v -2.474581718444824 2.8079946041107178 -0.38371580839157104
v -2.4049999713897705 2.660741090774536 -0.28595420718193054
v -2.6819908618927 1.8624999523162842 -0.050340306013822556
v -2.157116413116455 2.2950706481933594 -0.30068403482437134
v -2.386143922805786 1.7274607419967651 -0.8458431363105774
v -2.517343521118164 2.1309051513671875 -0.8414744734764099
v -2.050889015197754 1.7007888555526733 -0.4333774447441101
v -2.4252755641937256 1.6947851181030273 -0.3378596901893616
v -2.080735206604004 1.8373241424560547 -0.3474367558956146
v -2.2639005184173584 2.2063512802124023 -0.9638053178787231
v -2.029724359512329 2.491655111312866 -0.7112079858779907
v -2.448723316192627 2.205275297164917 -1.0459402799606323
v -2.3389999866485596 2.8084070682525635 -1.093639612197876
v -2.441995620727539 1.7222498655319214 0.09974919259548187
v -2.0354182720184326 1.7039591073989868 -0.5290626287460327
v -2.632124900817871 2.4813127517700195 -0.7181864976882935
v -2.5761830806732178 1.9002468585968018 0.022987794131040573
v -2.30300235748291 1.6967517137527466 -1.1707321405410767
v -2.0717904567718506 1.8802162408828735 -0.6292096376419067
v -2.4637210369110107 2.7255001068115234 -0.2846485674381256
v -2.643038511276245 1.7135000228881836 -0.9261919260025024
v -2.1618905067443848 2.4532811641693115 -1.2647159099578857
v -2.249377489089966 2.0650126934051514 -1.2922531366348267
v -2.6729495525360107 1.7261834144592285 0.3824352025985718
v -2.205441951751709 2.552790641784668 -0.4618256688117981
v -2.5274999141693115 2.504159927368164 -0.7761886715888977
v -2.360747814178467 2.4538843631744385 -0.4807024598121643
v -2.240537405014038 1.8764150142669678 -0.4955969452857971
v -2.092303991317749 2.0156030654907227 -0.7349700331687927
v -2.4055051803588867 2.942484140396118 -0.863683819770813
v -2.525582790374756 2.493791341781616 -0.8427554965019226
v -2.235276699066162 2.2321701049804688 0.2209683060646057
v -2.4459757804870605 2.111056089401245 -1.2095389366149902
v -2.1794159412384033 2.373833656311035 -0.1258295625448227
v -2.387173652648926 2.538771629333496 -1.2459676265716553
v -2.3562331199645996 1.8097577095031738 -1.0772266387939453
v -2.478692054748535 2.804198980331421 -0.3852177858352661
v -2.2556822299957275 2.2010910511016846 -0.9150474071502686
v -2.3687517642974854 2.849398374557495 -0.4712482690811157
v -2.096402883529663 2.8987860679626465 -0.8514800667762756
v -2.160660982131958 2.3032655715942383 -0.28252485394477844
v -2.229748249053955 1.896321177482605 0.2523611783981323
v -2.4469666481018066 2.664466619491577 -1.0906333923339844
v -2.512709856033325 2.1168928146362305 -0.9124283194541931
v -2.1940371990203857 1.8819999694824219 0.38223549723625183
v -2.5725317001342773 1.7408125400543213 0.49956226348876953
v -2.2090003490448 2.32199764251709 0.07200585305690765
v -2.7029714584350586 1.7193820476531982 0.2797585427761078
v -2.1470000743865967 2.2744195461273193 -1.2542200088500977
v -2.375866174697876 1.8887958526611328 0.14280635118484497
v -2.130581855773926 1.7108805179595947 0.29637405276298523
v -2.4405925273895264 2.6664066314697266 -1.0953446626663208
v -2.236298084259033 1.715258002281189 0.0809999331831932
v -2.369508743286133 1.8107752799987793 -1.0751432180404663
v -2.172877550125122 1.8354988098144531 -1.090875267982483
v -2.641587257385254 1.8585872650146484 -0.5214096903800964
v -2.2707011699676514 3.0439748764038086 -0.4104810655117035
v -2.643418312072754 1.8604183197021484 -0.4980621337890625
v -2.529855728149414 1.8358389139175415 -0.9215468168258667
v -2.5160579681396484 2.616326093673706 -1.0071191787719727
v -2.474987745285034 1.8812562227249146 -0.331561416387558
v -2.1022934913635254 2.401757001876831 -1.1797934770584106
v -2.092496871948242 2.0157477855682373 -0.7335239052772522
v -2.5084388256073 1.7005175352096558 -0.35398247838020325
v -2.3237953186035156 2.407024383544922 -1.304722785949707
v -2.5487189292907715 2.1359055042266846 -0.5866957306861877
v -2.320619821548462 1.906739592552185 -0.12393812090158463
v -2.3508622646331787 1.704568862915039 0.017658427357673645
v -2.263176202774048 2.549774169921875 -0.5009034276008606
v -2.6115000247955322 2.509500026702881 -0.5990005135536194
v -2.1803696155548096 2.9976255893707275 -0.5816184282302856
v -2.417404890060425 2.5774049758911133 -1.2151927947998047
v -2.238534927368164 2.5229222774505615 -0.12138725072145462
v -2.328423500061035 1.7229926586151123 -0.8254708647727966
v -2.057952642440796 1.6637474298477173 -1.1071738004684448
v -2.442864418029785 2.1182119846343994 -1.2145171165466309
v -2.296149730682373 1.720467448234558 -0.8128452897071838
v -2.113872528076172 1.7109482288360596 0.08135052025318146
v -2.200333833694458 2.5617401599884033 -0.42435339093208313
v -2.404561758041382 2.542259454727173 -0.12423457205295563
v -2.232733964920044 2.5530319213867188 -0.43340161442756653
v -2.6142101287841797 1.7380000352859497 0.4718319773674011
v -2.2441203594207764 1.6871445178985596 -1.2026807069778442
v -2.3839030265808105 2.860909938812256 -0.3839881718158722
v -2.5901153087615967 1.876630187034607 0.5736716389656067
v -2.318120002746582 1.9027600288391113 -0.09686063975095749
v -2.2144711017608643 2.4055769443511963 -0.9783558249473572
v -2.1954500675201416 1.9230601787567139 -1.1812201738357544
v -2.42549991607666 2.401879072189331 0.14706744253635406
v -2.5024940967559814 1.7007032632827759 -0.3537966310977936
v -2.267009735107422 2.8031439781188965 -0.46655768156051636
v -2.0969467163085938 3.065159797668457 -0.7459847331047058
v -1.9315882921218872 2.4228694438934326 -0.8683954477310181
v -2.34014892578125 2.846287488937378 -1.0668615102767944
v -2.26993465423584 2.773611307144165 -0.9403561353683472
v -1.8829978704452515 2.4646289348602295 -0.7126043438911438
v -2.3644309043884277 1.7199288606643677 -0.9472741484642029
v -2.329667806625366 2.1471729278564453 0.037987831979990005
v -2.4244861602783203 1.6960813999176025 -0.5385011434555054
v -2.1767892837524414 3.0166194438934326 -0.4699118435382843
v -1.9631280899047852 2.562755823135376 -0.7358512878417969
v -2.560720443725586 1.8565590381622314 -0.6918780207633972
v -2.1808700561523438 2.2732205390930176 -0.6022923588752747
v -2.559835195541382 1.7063435316085815 0.2523476481437683
v -2.705524444580078 1.8594251871109009 0.34735140204429626
v -1.9894145727157593 1.6759573221206665 -0.782401978969574
v -2.191288948059082 2.6506240367889404 -0.2968296408653259
v -2.5153355598449707 2.167468547821045 0.3283669054508209
v -2.571147918701172 1.7069098949432373 0.24733585119247437
v -2.488701105117798 1.7011343240737915 -0.35336562991142273
v -2.0514750480651855 2.5932374000549316 -0.9483864307403564
v -2.1515164375305176 1.6746885776519775 0.47445085644721985
v -2.4116055965423584 2.5127174854278564 -0.25829488039016724
v -2.172902822494507 1.835487723350525 -1.0908780097961426
v -2.390387535095215 3.0342884063720703 -0.7084147930145264
v -2.3063573837280273 2.798285722732544 -0.4730204641819
v -2.6017894744873047 1.901421308517456 0.46013087034225464
v -2.685360908508301 1.7157220840454102 -0.7894468903541565
v -2.01505970954895 2.6094353199005127 -0.4256269335746765
v -2.462263822555542 2.4915761947631836 -0.9349235892295837
v -2.0602364540100098 1.868145227432251 0.16695265471935272
v -2.343275308609009 2.87524151802063 -0.3957415819168091
v -2.509120225906372 2.2482659816741943 -0.5546074509620667
v -2.1931872367858887 2.312194585800171 -0.5412979125976562
v -2.3388447761535645 2.1731507778167725 -0.014801238663494587
v -2.6555380821228027 1.7308804988861084 0.42850261926651
v -2.5037968158721924 1.977226972579956 -1.1461434364318848
v -2.5105061531066895 2.237632989883423 -0.4818730056285858
v -2.215898036956787 2.285390615463257 0.15086321532726288
v -2.219578504562378 1.8926876783370972 0.274140328168869
v -2.3895418643951416 2.6156980991363525 -0.36929091811180115
v -2.257084369659424 2.7112600803375244 -0.9579155445098877
v -2.5276167392730713 2.495616912841797 -0.8206327557563782
v -2.503060817718506 2.328378200531006 -0.16747775673866272
v -2.3873467445373535 3.011693239212036 -0.6635598540306091
v -2.3849563598632812 2.5503640174865723 -0.4706325829029083
v -2.078545570373535 1.7089029550552368 0.08309704810380936
v -2.092780590057373 1.8553800582885742 -0.1668158620595932
v -2.113734722137451 2.122182846069336 -0.5100921988487244
v -2.0097415447235107 2.4369101524353027 -1.0739326477050781
v -2.194200277328491 2.5065462589263916 -0.23363026976585388
v -2.1586155891418457 2.2207703590393066 -0.716690719127655
v -2.1444971561431885 2.6724984645843506 -0.413167804479599
v -2.073671817779541 1.8793308734893799 -0.6273282170295715
v -2.385671615600586 2.5367326736450195 -1.2477917671203613
v -2.0644731521606445 1.8244999647140503 -0.6044448614120483
v -2.4278128147125244 2.1552560329437256 -1.232534408569336
v -2.3780932426452637 2.968174934387207 -0.9426383972167969
v -2.147674798965454 3.1047468185424805 -0.9159732460975647
v -2.3763647079467773 2.08004093170166 -0.3710267245769501
v -2.078259229660034 1.8772181272506714 -0.6228386163711548
v -2.1712422370910645 1.888177514076233 0.477161169052124
v -2.42549991607666 2.3842902183532715 0.16951227188110352
v -2.3806676864624023 2.9665091037750244 -0.9391554594039917
v -2.1485681533813477 2.1994056701660156 -1.2508848905563354
v -2.6743457317352295 1.7254999876022339 0.36397629976272583
v -2.524296998977661 2.521299123764038 -1.1545690298080444
v -2.3818697929382324 1.8711516857147217 -1.1447817087173462
v -2.066061496734619 1.8824846744537354 -0.635132372379303
v -2.4302470684051514 1.896294355392456 0.13310283422470093
v -2.3843202590942383 2.5346851348876953 -1.2497241497039795
v -2.317067861557007 2.5779831409454346 -0.9324830174446106
v -2.2394495010375977 1.8759797811508179 -0.49641284346580505
v -2.138000011444092 1.7176439762115479 0.2199016660451889
v -2.404770612716675 2.9364922046661377 -0.8447967767715454
v -2.37565279006958 1.7217947244644165 -0.8833780288696289
v -2.549636125564575 1.8396590948104858 -0.8915514349937439
v -2.505500078201294 2.3210816383361816 -0.2370099276304245
v -2.2444217205047607 2.808931350708008 -0.6943257451057434
v -2.2417595386505127 2.380721092224121 -1.0482661724090576
v -2.5216622352600098 1.7009221315383911 -0.3539999723434448
v -2.398369550704956 3.0581305027008057 -0.8388240933418274
v -2.1753594875335693 2.486109972000122 -1.2506871223449707
v -2.494511365890503 2.0658929347991943 -1.1531548500061035
v -2.5056817531585693 2.2604362964630127 -0.5410727262496948
v -2.671053647994995 1.707465648651123 -0.353267103433609
v -2.102360248565674 2.616100311279297 -0.47253939509391785
v -2.0581507682800293 1.8932455778121948 -1.015047311782837
v -2.324528932571411 2.2145488262176514 0.3488105535507202
v -2.318521499633789 2.3881635665893555 -1.307633638381958
v -2.565934181213379 1.8552236557006836 -0.9184876084327698
v -2.408529043197632 1.8158433437347412 -1.0652819871902466
v -2.2296154499053955 2.8118810653686523 -0.7030733227729797
v -1.9611667394638062 2.562833070755005 -0.7013907432556152
v -2.0695598125457764 1.8248533010482788 -0.5589011311531067
v -2.147188901901245 1.7094999551773071 -0.31400173902511597
v -2.4242982864379883 2.540282964706421 -0.1527591496706009
v -2.374281883239746 1.8892661333084106 -1.1671544313430786
v -2.0586793422698975 2.4768803119659424 -0.8031984567642212
v -2.2669551372528076 2.2659969329833984 -1.0429078340530396
v -2.387453556060791 2.3263585567474365 -1.2658185958862305
v -2.047633409500122 2.709563732147217 -0.4452878534793854
v -2.002556085586548 1.6726549863815308 -0.877259373664856
v -2.63516902923584 2.4650018215179443 -0.8039839267730713
v -2.02738881111145 1.8791477680206299 -0.7346134185791016
v -2.372999906539917 2.1567482948303223 -0.2550872266292572
v -2.1056888103485107 2.1476500034332275 -0.9933332204818726
v -2.263148069381714 3.151292562484741 -0.6874094009399414
v -2.053180456161499 2.594090223312378 -0.9499366879463196
v -2.5650644302368164 2.558375358581543 -1.106935739517212
v -2.2358720302581787 2.542584180831909 -0.4449157118797302
v -2.3663175106048584 2.7173211574554443 -1.1281533241271973
v -2.427337646484375 2.3399605751037598 0.2288902997970581
v -2.1361961364746094 1.7132319211959839 0.2749844491481781
v -2.02731990814209 1.6970919370651245 -0.5981726050376892
v -2.528428554534912 2.533500909805298 -0.6576401591300964
v -2.0827560424804688 1.7086859941482544 -0.11415058374404907
v -2.4480247497558594 2.2067596912384033 -1.0484726428985596
v -2.515500068664551 2.1612861156463623 0.33432286977767944
v -2.3700931072235107 1.704666018486023 -0.35075104236602783
v -2.625447988510132 2.4623005390167236 -0.8462567925453186
v -2.425081729888916 1.7396337985992432 0.5593428611755371
v -2.384500026702881 2.0028176307678223 -0.4275793135166168
v -2.142206907272339 2.245018243789673 -0.39382612705230713
v -2.2665181159973145 2.3997201919555664 -0.9730803370475769
v -2.541236400604248 2.1591637134552 -0.5687181353569031
v -2.3209447860717773 1.694938063621521 -1.2110310792922974
v -2.1986780166625977 2.5732357501983643 -0.9381321668624878
v -2.190270185470581 1.8577567338943481 -0.5380811095237732
v -2.5602452754974365 1.8575941324234009 -0.6881234645843506
v -2.5393097400665283 1.837642788887024 -0.9077618718147278
v -2.542083501815796 1.9134790897369385 0.25331243872642517
v -2.5203347206115723 1.8974970579147339 -1.0531610250473022
v -2.187723398208618 2.713416814804077 -1.162350058555603
v -2.3420939445495605 2.122030258178711 0.4307902157306671
v -2.4640257358551025 1.8243956565856934 -1.0424871444702148
v -2.4511899948120117 2.497809886932373 -0.9067618250846863
v -2.2162487506866455 1.8254196643829346 -1.0893065929412842
v -2.4202277660369873 2.432978391647339 -1.2384313344955444
v -2.1050000190734863 2.3035359382629395 -1.1604593992233276
v -2.215137243270874 1.6842211484909058 -1.200221061706543
v -2.151419162750244 2.9997358322143555 -0.9791303277015686
v -2.3836731910705566 1.694570541381836 -1.203993558883667
v -2.241770029067993 1.7202348709106445 0.5686261653900146
v -2.4543395042419434 1.7309415340423584 -0.8673576712608337
v -2.1685023307800293 1.680188536643982 0.461935818195343
v -2.073637008666992 1.8256369829177856 -0.5184800028800964
v -2.3920984268188477 1.7055867910385132 -0.2797839939594269
v -2.432649850845337 1.6855405569076538 -0.5022611021995544
v -2.492168664932251 2.405409097671509 -0.3765128254890442
v -2.0651819705963135 1.7065000534057617 -0.22572742402553558
v -2.2128493785858154 1.6839791536331177 -1.1999739408493042
v -2.2232463359832764 3.1444036960601807 -0.889528751373291
v -2.2111713886260986 2.301600694656372 0.12064096331596375
v -2.5230908393859863 2.0998635292053223 0.3812728524208069
v -2.153742551803589 1.677777886390686 -1.1864264011383057
v -2.062999963760376 1.6967417001724243 -0.324727326631546
v -2.35459566116333 1.7081382274627686 -0.16122189164161682
v -2.416904926300049 2.2906038761138916 -1.1380518674850464
v -2.1495070457458496 3.1040596961975098 -0.9192943572998047
v -2.473763942718506 1.8818680047988892 -0.33767959475517273
v -2.419118881225586 2.7007546424865723 -0.4089943468570709
v -2.4375829696655273 2.6673226356506348 -1.0975691080093384
v -2.0443882942199707 2.55452299118042 -0.5628424286842346
v -2.429500102996826 2.5364999771118164 -0.1705644279718399
v -2.4231154918670654 1.6979659795761108 -0.544840395450592
v -2.531381845474243 1.7007619142532349 -0.3539999723434448
v -2.0575523376464844 1.9827492237091064 -1.1048938035964966
v -1.9425363540649414 2.509279489517212 -0.5509523749351501
v -2.3113808631896973 1.7007837295532227 -1.143984317779541
v -2.5103962421417236 1.83540940284729 -1.0033451318740845
v -2.193941354751587 2.9305307865142822 -1.0456069707870483
v -2.361971139907837 2.8760383129119873 -0.7381728887557983
v -2.382295608520508 2.04677152633667 -0.39875084161758423
v -2.3543779850006104 1.8848658800125122 0.16224391758441925
v -2.025798797607422 1.8764976263046265 -0.7505137920379639
v -2.0809593200683594 1.8358774185180664 -0.3588893711566925
v -2.302847385406494 2.578542470932007 -0.9343135356903076
v -2.5773651599884033 1.9995518922805786 -0.6384740471839905
v -2.136986494064331 2.9892473220825195 -0.9687442183494568
v -1.9668956995010376 2.4248158931732178 -0.9789231419563293
v -2.4386017322540283 2.460273504257202 -1.2216912508010864
v -2.186645269393921 2.7261221408843994 -1.1555813550949097
v -2.0243375301361084 1.8653786182403564 -0.9078762531280518
v -2.351229667663574 1.896388053894043 0.17196443676948547
v -2.249354124069214 1.873830795288086 0.5944539308547974
v -2.0302255153656006 2.521676778793335 -0.6082105040550232
v -1.990720510482788 1.670711874961853 -0.6912533640861511
v -2.171912431716919 2.248507261276245 -0.6576610207557678
v -2.2566800117492676 2.3042800426483154 -1.0547733306884766
v -2.0773138999938965 1.7100000381469727 -0.14805008471012115
v -1.8926814794540405 2.4517505168914795 -0.7566121220588684
v -2.0900001525878906 2.035893201828003 -1.1603217124938965
v -2.2124276161193848 3.054210662841797 -0.9831688404083252
v -2.3728086948394775 2.151278257369995 -0.2670176029205322
v -2.3922178745269775 2.9156806468963623 -0.7936909198760986
v -1.977671504020691 2.565810203552246 -0.8316164016723633
v -2.2097253799438477 1.689825177192688 0.43152475357055664
v -2.3552193641662598 2.196024179458618 -0.08540184795856476
v -2.422860622406006 2.7008678913116455 -0.26200002431869507
v -2.5137364864349365 2.164135456085205 -0.7170933485031128
v -2.0947954654693604 1.8597254753112793 0.3631892800331116
v -2.2699334621429443 2.3993406295776367 -0.9725111126899719
v -2.0330071449279785 2.489746332168579 -0.7249094843864441
v -2.1417489051818848 2.5267488956451416 -0.9304817914962769
v -1.9837110042572021 2.582047462463379 -0.4559430181980133
v -2.707481861114502 1.8554879426956177 0.1918552815914154
v -2.2532784938812256 2.685436725616455 -0.9599999785423279
v -2.5852813720703125 2.5893774032592773 -0.4372937083244324
v -2.35127329826355 1.704363465309143 0.024915391579270363
v -2.4261817932128906 2.353231430053711 0.21003985404968262
v -2.5404281616210938 1.902500033378601 0.051046568900346756
v -2.278111696243286 2.839397668838501 -0.6854373216629028
v -2.5154125690460205 2.2189533710479736 -0.5947684049606323
v -1.9852404594421387 2.432892084121704 -1.021872878074646
v -2.1522040367126465 2.4263899326324463 -1.2748329639434814
v -2.0973830223083496 1.8554999828338623 -0.1186046302318573
v -2.0764999389648438 1.8289791345596313 -0.43155598640441895
v -2.106156826019287 2.0592293739318848 -1.1776689291000366
v -2.653209686279297 1.8650000095367432 -0.3598892390727997
v -2.3850514888763428 1.706329107284546 -0.2651160657405853
v -2.700039863586426 1.725000023841858 -0.2740381956100464
v -2.690722703933716 1.861925721168518 -0.006291782017797232
v -2.082679271697998 1.708705186843872 -0.1146291047334671
v -2.4441757202148438 2.6033194065093994 -1.2023224830627441
v -2.2804718017578125 2.92349910736084 -0.38000282645225525
v -2.5176970958709717 2.6114089488983154 -1.004205346107483
v -2.351494312286377 1.7042529582977295 0.02889520861208439
v -2.0271971225738525 1.6970182657241821 -0.5988363027572632
v -2.3236539363861084 2.8035285472869873 -0.47635239362716675
v -2.030378818511963 1.6995049715042114 -0.5774649381637573
v -2.138000011444092 1.7177727222442627 0.21668197214603424
v -2.497213840484619 1.7424999475479126 0.5298388004302979
v -2.400298595428467 2.556330919265747 -0.4170394241809845
v -2.11395525932312 1.6985896825790405 0.4146116375923157
v -2.6242520809173584 2.615367889404297 -0.614028811454773
v -2.284119129180908 2.2212231159210205 -1.288492202758789
v -2.570617198944092 1.8542654514312744 -0.8129809498786926
v -2.405864953994751 1.7170506715774536 -0.6571308374404907
v -2.3186745643615723 2.4460349082946777 -0.4885774850845337
v -2.1322600841522217 2.194392204284668 -0.4603557884693146
v -2.220250129699707 3.179750919342041 -0.7974953055381775
v -2.4884402751922607 2.0936455726623535 -1.0487719774246216
v -2.0900542736053467 2.603362798690796 -0.49617886543273926
v -2.3882391452789307 2.2865114212036133 -1.2652608156204224
v -2.3593502044677734 1.7254536151885986 -0.8367679119110107
v -2.3854167461395264 2.73108172416687 -0.1601935625076294
v -2.2450382709503174 3.079038143157959 -0.5477702617645264
v -2.2289538383483887 2.5605666637420654 -0.42489224672317505
v -2.406345844268799 2.4713799953460693 -0.35513707995414734
v -1.9875948429107666 2.4335238933563232 -1.0277371406555176
v -2.1805524826049805 2.369936943054199 -0.058143626898527145
v -2.631291389465332 2.482562780380249 -0.7136031985282898
v -2.3791656494140625 1.9881222248077393 0.5594498515129089
v -2.2427847385406494 3.0682835578918457 -0.5964632630348206
v -2.3484272956848145 2.986497640609741 -0.9750728011131287
v -2.062514305114746 1.7068971395492554 -0.23813481628894806
v -2.3435728549957275 1.7143064737319946 -1.0447490215301514
v -2.0616986751556396 1.8659002780914307 0.26829496026039124
v -2.514777898788452 1.836849331855774 -0.9971028566360474
v -2.2348930835723877 2.5488369464874268 -0.4976417124271393
v -2.5273165702819824 2.495133399963379 -0.8256173133850098
v -2.3175582885742188 3.1212680339813232 -0.8907246589660645
v -2.2595348358154297 2.4377782344818115 -0.47487378120422363
v -2.1765782833099365 2.794222354888916 -1.1135302782058716
v -2.7165720462799072 1.716644048690796 0.07180546224117279
v -2.515500068664551 2.157768964767456 0.33746975660324097
v -2.5579686164855957 1.9105000495910645 0.31164050102233887
v -2.412785530090332 1.6931476593017578 -1.1953858137130737
v -2.2839231491088867 2.775653600692749 -0.7531160712242126
v -2.098665475845337 2.0190000534057617 -0.6898661851882935
v -2.6169931888580322 1.7380000352859497 0.46960559487342834
v -2.1287596225738525 2.188441514968872 -0.467006653547287
v -2.296002149581909 1.715999960899353 0.08278392255306244
v -2.5159707069396973 2.1254117488861084 -0.8714707493782043
v -2.3573033809661865 2.9814560413360596 -0.9661016464233398
v -2.0194640159606934 1.8685359954833984 -0.8634173274040222
v -2.4408369064331055 1.7222084999084473 0.09954236447811127
v -2.1207189559936523 1.673761010169983 -1.172044277191162
v -2.41692852973938 1.7053165435791016 -0.5787559747695923
v -2.331176519393921 2.0022060871124268 0.17585298418998718
v -2.069031238555908 1.6649330854415894 -1.1256965398788452
v -2.2797136306762695 1.7116985321044922 -0.33387014269828796
v -2.128835439682007 1.672904372215271 0.4661708176136017
v -2.2011890411376953 2.9949796199798584 -1.0167770385742188
v -2.1026597023010254 2.427000045776367 -0.9518600106239319
v -2.1489830017089844 2.2249703407287598 -1.2561008930206299
v -2.288922071456909 2.795508861541748 -0.48901787400245667
v -2.2133755683898926 3.058002471923828 -0.9809568524360657
v -2.7044215202331543 1.7190196514129639 0.26670557260513306
v -2.3955159187316895 1.8478389978408813 -1.1058071851730347
v -2.655747890472412 1.86000394821167 -0.288547158241272
v -2.619368314743042 2.6216318607330322 -0.5829631090164185
v -2.388380527496338 2.6955418586730957 -1.121886134147644
v -2.7006373405456543 1.8646752834320068 0.3792889714241028
v -2.528455972671509 2.5173232555389404 -0.7242944836616516
v -2.5159459114074707 2.1541621685028076 -0.749589741230011
v -2.2463624477386475 2.1695289611816406 0.3004712164402008
v -2.389289140701294 1.857351303100586 -1.1230852603912354
v -2.7122063636779785 1.7189265489578247 0.19093702733516693
v -2.5222299098968506 1.893007516860962 -1.0445806980133057
v -2.1809942722320557 2.5859599113464355 -1.2315114736557007
v -2.4430036544799805 2.6826224327087402 -0.42758631706237793
v -2.4681591987609863 2.4526662826538086 -1.1266450881958008
v -2.0951080322265625 1.855098009109497 -0.14842940866947174
v -2.08207106590271 1.853047490119934 -0.22481082379817963
v -2.2507219314575195 3.171203851699829 -0.7199819087982178
v -2.166168451309204 1.8384807109832764 -1.0901298522949219
v -2.0655062198638916 1.9994200468063354 -1.1232843399047852
v -2.242680311203003 2.37615704536438 -1.050401210784912
v -2.4168741703033447 2.2907021045684814 -1.1381011009216309
v -2.3977363109588623 2.924085855484009 -0.8119832873344421
v -2.3527562618255615 2.4526548385620117 -0.48285412788391113
v -2.543318271636963 1.913170337677002 0.2579440772533417
v -2.053539514541626 2.4352900981903076 -1.128409504890442
v -2.6625986099243164 1.8574999570846558 -0.19793753325939178
v -2.3090176582336426 1.699780821800232 -1.150227665901184
v -2.133291006088257 1.715327262878418 0.4946863353252411
v -2.2481415271759033 1.6924772262573242 0.40602871775627136
v -1.9775513410568237 2.565793037414551 -0.8310845494270325
v -2.2159175872802734 1.7137223482131958 -0.3189445436000824
v -2.5813567638397217 1.7265000343322754 0.12157141417264938
v -2.1897730827331543 2.9129161834716797 -1.0568569898605347
v -2.346006393432617 2.1848859786987305 -0.04390469193458557
v -2.1422977447509766 2.2367353439331055 -0.40674257278442383
v -2.1489999294281006 2.2151336669921875 -1.2563602924346924
v -2.0672669410705566 1.8244999647140503 -0.5818294286727905
v -2.177640914916992 2.4853625297546387 -0.32962754368782043
v -2.505788564682007 2.3169426918029785 -0.25778698921203613
v -2.347277879714966 1.7055000066757202 -0.057283323258161545
v -2.3463921546936035 2.373960494995117 -0.5476672649383545
v -2.6905312538146973 1.8619896173477173 -0.007760506588965654
v -2.5456206798553467 1.725956916809082 0.11578449606895447
v -2.3730690479278564 2.1750082969665527 -0.20876017212867737
v -2.5693063735961914 1.8554999828338623 -0.8953633904457092
v -2.5646791458129883 2.5583345890045166 -1.107320785522461
v -2.363677501678467 2.8427131175994873 -0.47504502534866333
v -1.8934338092803955 2.4752964973449707 -0.664632260799408
v -2.059452772140503 1.8260157108306885 -0.6459718942642212
v -2.3812122344970703 1.9954551458358765 -1.2447327375411987
v -2.031123399734497 1.7004977464675903 -0.5705157518386841
v -2.7086727619171143 1.721308708190918 -0.354048490524292
v -2.5474371910095215 2.727893352508545 -0.4513389468193054
v -2.274182081222534 1.8941869735717773 0.17994388937950134
v -2.1515746116638184 2.676820755004883 -0.411059707403183
v -2.4986555576324463 2.304910659790039 -0.49737077951431274
v -2.102165699005127 2.7599804401397705 -0.41959333419799805
v -2.2710537910461426 2.4392480850219727 0.08100372552871704
v -2.094850778579712 1.8584327697753906 -0.04857579246163368
v -2.345909357070923 2.4668185710906982 -1.2892441749572754
v -2.1429595947265625 1.8824729919433594 0.4801892340183258
v -2.3925514221191406 2.957714080810547 -0.9178769588470459
v -1.996807336807251 1.6765964031219482 -0.8318528532981873
v -2.624063014984131 1.7130000591278076 -0.9688107371330261
v -2.3492472171783447 2.1896841526031494 -0.058862969279289246
v -2.6348876953125 1.7353202104568481 0.4535224437713623
v -2.22536039352417 2.261664628982544 0.18520408868789673
v -2.5770087242126465 1.6976851224899292 -1.0590929985046387
v -2.052367925643921 2.0209786891937256 -0.9156107306480408
v -2.4961013793945312 2.3365745544433594 -0.46462810039520264
v -2.5697052478790283 1.8441832065582275 -0.8592449426651001
v -1.9739792346954346 2.4279897212982178 -0.9944550395011902
v -2.2094228267669678 3.036959409713745 -0.9933602809906006
v -2.184337854385376 2.291534662246704 -0.5755290389060974
v -2.2685296535491943 1.894992709159851 0.18944454193115234
v -2.328226089477539 1.707582950592041 -0.344361811876297
v -1.989072561264038 2.639829397201538 -0.5186901688575745
v -2.176919460296631 2.5018551349639893 -1.247370958328247
v -2.4358935356140137 1.6813459396362305 -0.48984095454216003
v -2.5171401500701904 2.149618625640869 -0.7657443284988403
v -2.5179998874664307 2.1404848098754883 -0.7995609641075134
v -2.321500062942505 2.0793771743774414 0.12669263780117035
v -2.137434482574463 2.1283035278320312 -1.2183853387832642
v -2.5280001163482666 2.5085690021514893 -0.7592238187789917
v -2.3119516372680664 2.3617286682128906 -1.3106566667556763
v -2.056913375854492 1.9008013010025024 -1.0211057662963867
v -2.0533416271209717 1.7065868377685547 0.08611966669559479
v -2.024460792541504 2.5032901763916016 -0.6282098889350891
v -2.0470592975616455 2.591029644012451 -0.9443721175193787
v -2.368992567062378 1.9065485000610352 -1.1852928400039673
v -2.3978140354156494 2.89682936668396 -0.416513592004776
v -2.348483085632324 2.4469845294952393 -0.9560099244117737
v -2.252045154571533 2.922039031982422 -0.3834220767021179
v -2.0920069217681885 1.7145068645477295 -0.024762088432908058
v -2.312959909439087 2.415537118911743 -0.968000054359436
v -2.4937729835510254 2.2703943252563477 0.15193809568881989
v -2.0703961849212646 1.8657622337341309 0.11143890023231506
v -2.519402503967285 1.8326724767684937 -0.9390312433242798
v -2.10624623298645 2.3802196979522705 -1.1815654039382935
v -2.5473005771636963 2.1411988735198975 -0.582700788974762
v -2.233804225921631 2.7458150386810303 -0.1536344736814499
v -2.1216676235198975 2.17376708984375 -0.7953324913978577
v -2.4447598457336426 2.4092321395874023 -1.1363630294799805
v -2.505500078201294 2.315197706222534 -0.2661227881908417
v -2.607839345932007 1.9369040727615356 0.45680832862854004
v -2.334469795227051 2.158798933029175 0.39496609568595886
v -2.2246718406677246 2.566751480102539 -0.41490134596824646
v -2.221336841583252 3.1363892555236816 -0.9080685377120972
v -2.537290573120117 1.902500033378601 0.05308607965707779
v -2.5021798610687256 1.9725226163864136 -1.1451143026351929
v -2.135206460952759 1.7129020690917969 0.27927225828170776
v -2.129793405532837 3.104853391647339 -0.8857679963111877
v -2.501105785369873 1.9428614377975464 -1.1248979568481445
v -2.617414951324463 2.5867671966552734 -0.697959840297699
v -2.34855055809021 1.7065337896347046 -0.10467468947172165
v -2.160973072052002 2.8368377685546875 -0.7532297372817993
v -2.378026008605957 2.54468035697937 -0.11054942011833191
v -2.608741521835327 1.713617205619812 -0.8938723802566528
v -2.495671272277832 2.3519210815429688 -0.44806575775146484
v -2.3479397296905518 3.102397918701172 -0.8782801628112793
v -2.138000011444092 1.7177884578704834 0.2162894457578659
v -2.385768175125122 3.0101375579833984 -0.6599056124687195
v -2.0456461906433105 2.4826180934906006 -0.7702479958534241
v -2.200960874557495 1.8823202848434448 0.351555198431015
v -2.262943744659424 1.882982850074768 -0.48153427243232727
v -2.3016326427459717 2.796710968017578 -0.472120463848114
v -2.1429998874664307 2.3710591793060303 -1.284221887588501
v -2.3716471195220947 2.179558753967285 -0.1939714103937149
v -2.200695514678955 2.342453718185425 -0.5013508200645447
v -2.1384294033050537 1.7147883176803589 0.1583680957555771
v -2.5883238315582275 1.6993873119354248 -1.0443639755249023
v -2.176776170730591 2.4901576042175293 -0.3127647638320923
v -2.1787383556365967 2.2652747631073 -0.6165099143981934
v -2.350580930709839 2.9852805137634277 -0.9729191660881042
v -2.0775880813598633 1.8305881023406982 -0.4087508022785187
v -2.5496504306793213 1.8791782855987549 -0.6184442043304443
v -2.4025375843048096 2.4684181213378906 -0.35852211713790894
v -2.5754873752593994 1.911694884300232 0.36196187138557434
v -2.6849355697631836 1.7107096910476685 -0.6360806226730347
v -2.2211976051330566 3.134162664413452 -0.9119654297828674
v -2.233289957046509 3.184000015258789 -0.7543521523475647
v -2.517364263534546 2.1486103534698486 -0.769329309463501
v -2.3597819805145264 2.545106887817383 -0.10712388157844543
v -2.184985399246216 2.3650147914886475 -0.03455143794417381
v -2.268061876296997 2.4601895809173584 0.024863066151738167
v -2.148007869720459 2.2935714721679688 -1.2516692876815796
v -2.063807725906372 1.883048176765442 -0.6376117467880249
v -2.183891534805298 1.9067305326461792 0.47632166743278503
v -2.4834704399108887 2.6291377544403076 -0.48984262347221375
v -1.9139823913574219 2.4317872524261475 -0.8137733340263367
v -2.3493056297302246 1.905471920967102 0.1771596074104309
v -2.4019691944122314 2.3883864879608154 -1.254530906677246
v -2.708725929260254 1.7210959196090698 -0.3559105694293976
v -2.012099504470825 1.6991469860076904 0.09527666121721268
v -2.4170637130737305 2.5200958251953125 -0.2358904629945755
v -2.3826658725738525 1.966502070426941 0.5729984641075134
v -2.4189438819885254 1.7028955221176147 -0.5669777393341064
v -1.9996987581253052 2.664520025253296 -0.4865364134311676
v -2.712400436401367 1.857433557510376 0.22920309007167816
v -2.2102489471435547 2.5753748416900635 -0.9375
v -2.495910406112671 2.340294122695923 -0.4606161117553711
v -2.1868560314178467 2.637707471847534 -0.30697041749954224
v -2.4708995819091797 2.187500238418579 -0.9910008907318115
v -2.1469640731811523 2.2677371501922607 -0.35891205072402954
v -2.0194613933563232 1.8703075647354126 -0.8134252429008484
v -2.522470474243164 1.8829706907272339 0.5954119563102722
v -2.026357650756836 2.49265718460083 -0.6984301805496216
v -2.140511989593506 2.5255119800567627 -0.9300400018692017
v -2.247058868408203 2.3421456813812256 -1.05649995803833
v -2.569499969482422 1.8554999828338623 -0.8640028834342957
v -1.9569998979568481 2.5720303058624268 -0.6559019684791565
v -2.2229979038238525 3.143493890762329 -0.8915164470672607
v -2.093069314956665 1.8599307537078857 -0.024144094437360764
v -2.534642457962036 1.7051339149475098 0.26312968134880066
v -2.621901512145996 2.5959830284118652 -0.6729522347450256
v -2.497600555419922 1.7245455980300903 0.10872858017683029
v -2.209351062774658 2.3177881240844727 0.08217847347259521
v -2.421356439590454 2.539839029312134 -0.14539110660552979
v -2.549553632736206 1.8524808883666992 -0.9552250504493713
v -2.319021224975586 1.7039672136306763 -1.1244901418685913
v -2.2536070346832275 3.0840001106262207 -0.5024651885032654
v -2.370314121246338 2.1876161098480225 -0.16534994542598724
v -1.984078288078308 2.5824410915374756 -0.4554707109928131
v -1.8984144926071167 2.445064067840576 -0.7741268277168274
v -1.9624390602111816 2.561561107635498 -0.7158090472221375
v -2.7111423015594482 1.718660593032837 0.20157794654369354
v -2.7170000076293945 1.7175559997558594 0.08642470091581345
v -1.9210338592529297 2.426983118057251 -0.833859920501709
v -2.0766310691833496 2.0132896900177 -0.8287011384963989
v -2.0988099575042725 2.0190000534057617 -0.6858159899711609
v -2.0986154079437256 2.059000015258789 -0.5404231548309326
v -2.7033557891845703 1.7248814105987549 -0.30267566442489624
v -2.0543274879455566 2.0203664302825928 -0.9130386710166931
v -2.059093475341797 1.8670812845230103 0.24597936868667603
v -2.314840793609619 1.7022253274917603 -1.1347579956054688
v -2.16378116607666 2.328221082687378 -0.23515214025974274
v -2.110949754714966 2.4905622005462646 -0.8999810218811035
v -2.224531650543213 3.149205446243286 -0.879104733467102
v -1.89574134349823 2.4765784740448 -0.6600172519683838
v -2.6658225059509277 1.7230521440505981 0.1304999738931656
v -2.5152857303619385 2.618643045425415 -1.008492112159729
v -2.390667200088501 3.018751382827759 -0.6789195537567139
v -1.9922794103622437 2.648329734802246 -0.5078995823860168
v -2.518937110900879 2.1213572025299072 0.3657478988170624
v -2.5801684856414795 1.701934576034546 -0.35499992966651917
v -2.5369932651519775 1.7256872653961182 0.11443643271923065
v -2.1862380504608154 1.9093118906021118 0.4758524000644684
v -2.409743070602417 2.511087656021118 -0.2641151249408722
v -2.7019777297973633 1.719499945640564 0.28856924176216125
v -2.520738363265991 2.540992259979248 -1.1440107822418213
v -2.089143991470337 2.6293232440948486 -0.9758580923080444
v -2.2923548221588135 1.8887481689453125 -0.4685077369213104
v -2.33253812789917 2.433946132659912 -1.2988966703414917
v -2.288883924484253 1.7197915315628052 -0.8096347451210022
v -2.0268237590789795 2.436000108718872 -1.0997356176376343
v -2.6252400875091553 2.6063005924224854 -0.645258903503418
v -2.269094705581665 2.466756820678711 -0.008148402906954288
v -2.0995981693267822 2.9512946605682373 -0.9217140674591064
v -2.4134116172790527 2.4820868968963623 -0.3324151039123535
v -2.3564071655273438 2.197000026702881 -0.09143438190221786
v -2.1388964653015137 2.6696982383728027 -0.41534578800201416
v -2.0521554946899414 1.8528361320495605 -0.9833924174308777
v -2.247748374938965 2.057191848754883 -1.2902979850769043
v -2.4933083057403564 2.4952075481414795 -0.926414966583252
v -2.481926202774048 2.6363449096679688 -0.48165494203567505
v -2.279681921005249 2.9865915775299072 -0.37583351135253906
v -2.6840813159942627 1.7118375301361084 -0.6538185477256775
v -2.2995665073394775 1.693437933921814 -1.2107505798339844
v -2.300419330596924 1.6936290264129639 -1.1952896118164062
v -2.053619384765625 1.9269930124282837 -1.0448737144470215
v -2.085829496383667 2.679448127746582 -0.35817044973373413
v -2.068774938583374 1.8245916366577148 -0.5667505860328674
v -2.4612619876861572 2.8153903484344482 -0.3815132975578308
v -2.3364031314849854 2.3420867919921875 -0.6032297015190125
v -2.2695000171661377 2.47448468208313 -0.02757260389626026
v -2.003386974334717 1.7078490257263184 -0.26827818155288696
v -2.081862449645996 1.979812502861023 -0.5942124724388123
v -2.222702741622925 3.1426079273223877 -0.8938788771629333
v -1.9871479272842407 2.4334120750427246 -1.026619791984558
v -2.1310641765594482 1.867564082145691 0.44968143105506897
v -2.351848840713501 2.4790332317352295 -1.2853220701217651
v -1.9741415977478027 2.4280643463134766 -0.9948477745056152
v -2.486835241317749 1.7011926174163818 -0.3533073663711548
v -2.278069019317627 2.8386733531951904 -0.6860336661338806
v -2.4933204650878906 2.5920231342315674 -0.5357974171638489
v -2.217649221420288 2.2810771465301514 0.1580970585346222
v -2.1761298179626465 2.563845157623291 -0.9388535618782043
v -2.1191020011901855 2.0815584659576416 -1.1918933391571045
v -2.242537021636963 1.716270089149475 -0.7896201610565186
v -2.5543248653411865 1.9105000495910645 0.29830989241600037
v -2.3084757328033447 2.2873833179473877 0.28398561477661133
v -2.0714879035949707 2.4253666400909424 -0.9433106780052185
v -2.0890274047851562 2.473952054977417 -0.8713286519050598
v -2.705712080001831 1.7071970701217651 -0.5034102201461792
v -2.3054797649383545 2.2678990364074707 -0.7179216742515564
v -2.206942319869995 2.3324031829833984 0.0504145473241806
v -2.4612748622894287 2.0609261989593506 0.47653689980506897
v -2.42014479637146 2.2778241634368896 -1.1313879489898682
v -2.4622271060943604 2.0856852531433105 -1.184334635734558
v -2.1547188758850098 1.7125482559204102 0.08054831624031067
v -2.065866708755493 2.6016695499420166 -0.9580907821655273
v -2.6961348056793213 1.8582695722579956 0.056899841874837875
v -2.225405216217041 2.261542558670044 0.18534554541110992
v -2.221498727798462 2.813375473022461 -0.7078008055686951
v -2.468160390853882 2.4526686668395996 -1.1266443729400635
v -2.440075635910034 2.5999319553375244 -1.2039270401000977
v -2.590891122817993 2.5822713375091553 -0.44514763355255127
v -2.03113055229187 1.7005072832107544 -0.5704492926597595
v -2.319640636444092 2.446228265762329 -0.488545298576355
v -2.249870538711548 2.3313939571380615 -1.0563764572143555
v -2.4469263553619385 2.826572895050049 -0.37835705280303955
v -2.486774206161499 2.0894596576690674 -1.068613052368164
v -2.607877492904663 2.587857723236084 -0.813676118850708
v -2.251584768295288 2.2007076740264893 -0.8488854765892029
v -2.3091392517089844 1.9149999618530273 -0.2604241669178009
v -2.0626091957092285 1.695000171661377 -0.345385879278183
v -2.2022182941436768 2.468580484390259 -0.39924684166908264
v -2.329066514968872 2.1438660621643066 0.04430146515369415
v -2.029980182647705 1.698984980583191 -0.5811348557472229
v -2.6259713172912598 2.6087381839752197 -0.638433575630188
v -2.1861870288848877 3.020419120788574 -0.4522542953491211
v -2.3747706413269043 1.7216967344284058 -0.8885721564292908
v -2.2830355167388916 2.7999379634857178 -0.8758849501609802
v -2.309499979019165 1.90180504322052 0.04054613038897514
v -2.167135715484619 2.6989424228668213 -0.2729220390319824
v -2.676298141479492 1.8620595932006836 -0.07594988495111465
v -2.3007845878601074 1.6941767930984497 -1.2007677555084229
v -2.376927137374878 1.7219363451004028 -0.8758737444877625
v -2.4889657497406006 2.4373629093170166 -0.3092966377735138
v -2.4975368976593018 2.5242362022399902 -1.1674630641937256
v -2.176657199859619 2.4894421100616455 -0.316103994846344
v -1.9705753326416016 2.567875385284424 -0.47452425956726074
v -2.7141916751861572 1.7108834981918335 -0.01494022086262703
v -2.1285946369171143 2.1020171642303467 -1.2035322189331055
v -2.532017946243286 2.076810836791992 0.4009593427181244
v -2.2539451122283936 2.0903937816619873 -1.3012516498565674
v -2.019984245300293 1.8706562519073486 -0.8076735138893127
v -1.9684946537017822 2.5650382041931152 -0.4788745641708374
v -2.3884003162384033 2.695526123046875 -1.1218788623809814
v -2.637678861618042 1.6985969543457031 -0.9971272349357605
v -2.0821549892425537 2.131687879562378 -0.9153101444244385
v -2.0709402561187744 2.586986780166626 -0.5206998586654663
v -2.557927131652832 1.862913966178894 -0.6695262789726257
v -2.3992760181427 2.5553107261657715 -1.2302757501602173
v -2.4356558322906494 1.7304366827011108 -0.8617396950721741
v -2.5227210521698 2.7642276287078857 -0.4153062701225281
v -2.5106828212738037 2.1925854682922363 0.30185362696647644
v -2.152172327041626 2.2810168266296387 -0.3338371217250824
v -2.1380350589752197 2.8495168685913086 -0.776344358921051
v -2.397880792617798 2.4615633487701416 -0.45211920142173767
v -2.152876853942871 1.6753960847854614 0.47368893027305603
v -2.7141544818878174 1.8588454723358154 0.293409526348114
v -2.3515238761901855 2.5695502758026123 -0.9223253726959229
v -2.3443820476531982 1.7145377397537231 -1.0411649942398071
v -2.6405282020568848 1.8555560111999512 -0.5722998976707458
v -2.4944794178009033 2.313102960586548 -0.021973855793476105
v -2.1928062438964844 2.47241473197937 -0.3822057247161865
v -2.106478452682495 2.3783044815063477 -1.1813912391662598
v -2.0223677158355713 1.692084550857544 -0.628294050693512
v -2.3726346492767334 1.956628441810608 -1.222631573677063
v -2.34152889251709 2.4405288696289062 -0.9599854946136475
v -2.6257314682006836 2.612037181854248 -0.6273518204689026
v -2.6535000801086426 1.864812970161438 -0.33801186084747314
v -2.5997989177703857 1.908051609992981 0.43964365124702454
v -2.5401039123535156 2.524942398071289 -1.140342354774475
v -2.350642442703247 1.6953561305999756 0.11893520504236221
v -2.1296746730804443 1.7095249891281128 0.120998814702034
v -2.266911745071411 2.8031842708587646 -0.46653589606285095
v -2.234248638153076 2.578118324279785 -0.9368816614151001
v -2.1916346549987793 1.9177825450897217 0.4757564961910248
v -2.5057427883148193 2.319286584854126 -0.24632422626018524
v -1.9690405130386353 2.565422773361206 -0.7957392930984497
v -2.4620580673217773 1.824184775352478 -1.0434709787368774
v -2.3680498600006104 2.882767677307129 -0.7466392517089844
v -2.3260061740875244 2.1158602237701416 0.08695025742053986
v -2.430239200592041 2.380230188369751 -1.1375000476837158
v -2.2222414016723633 3.034388542175293 -0.41983020305633545
v -1.961423397064209 2.5625765323638916 -0.7042983174324036
v -1.968353033065796 2.565500020980835 -0.7926182150840759
v -2.673234462738037 1.860946774482727 -0.09127525985240936
v -2.1053075790405273 2.0821969509124756 -0.527288556098938
v -2.373500108718872 2.105609178543091 -0.3415582478046417
v -2.0974245071411133 1.7160377502441406 0.017816392704844475
v -2.2320311069488525 2.2434821128845215 0.2074427753686905
v -1.9565157890319824 2.4230000972747803 -0.949809193611145
v -2.503174304962158 2.3281517028808594 -0.16464446485042572
v -2.2676918506622314 1.6935676336288452 0.39398494362831116
v -1.9938093423843384 2.435192823410034 -1.043735146522522
v -2.499408721923828 1.891870141029358 -0.5241681337356567
v -2.281426429748535 2.9778685569763184 -0.3726351857185364
v -2.103996515274048 2.394714832305908 -1.181496500968933
v -2.1314101219177246 1.7097728252410889 0.12595762312412262
v -2.0986642837524414 3.0725479125976562 -0.7639245390892029
v -2.116210460662842 2.075920820236206 -1.1885814666748047
v -2.3078317642211914 2.5403201580047607 -0.10345504432916641
v -2.248732805252075 2.525705099105835 -0.11432472616434097
v -2.356280565261841 3.0341997146606445 -0.48418188095092773
v -2.5269486904144287 2.6738064289093018 -0.3432750403881073
v -2.6963064670562744 1.8586127758026123 0.05295369774103165
v -2.5290000438690186 2.5239851474761963 -0.6942532062530518
v -2.503242015838623 1.7031902074813843 0.27581915259361267
v -2.413884401321411 2.687002420425415 -0.2627688944339752
v -2.0558674335479736 2.0198774337768555 -0.910315990447998
v -2.3358945846557617 1.7313873767852783 0.5823169350624084
v -2.138216495513916 1.718066930770874 0.18245282769203186
v -2.3736488819122314 2.594914674758911 -0.42805376648902893
v -2.5132908821105957 2.1184422969818115 -0.9062309265136719
v -2.3791351318359375 1.889350414276123 0.14214956760406494
v -2.3748834133148193 1.7350046634674072 0.5763223171234131
v -2.061953067779541 1.824886679649353 -0.6264880299568176
v -2.413212299346924 2.6771438121795654 -1.1119506359100342
v -2.1257667541503906 1.8636410236358643 0.4365333914756775
v -2.417492389678955 1.729845643043518 -0.8558307886123657
v -2.0776729583740234 2.470367193222046 -0.8541113138198853
v -2.6879520416259766 1.703784465789795 0.20578141510486603
v -2.7082531452178955 1.7109493017196655 -0.07758136093616486
v -2.5907154083251953 2.626237154006958 -0.9496881365776062
v -2.071963310241699 1.7088088989257812 -0.18979336321353912
v -2.2762606143951416 2.580636978149414 -0.0935511440038681
v -2.3483664989471436 2.4717330932617188 -1.2877082824707031
v -2.122166872024536 3.101602792739868 -0.871269702911377
v -2.2481210231781006 2.450822591781616 -0.44716542959213257
v -2.060699462890625 1.8662004470825195 0.26209375262260437
v -2.174919366836548 2.829580545425415 -0.3906612992286682
v -2.3566627502441406 2.8700597286224365 -0.730648398399353
v -2.17783784866333 2.9979069232940674 -0.5785238742828369
v -2.5253663063049316 2.760972023010254 -0.41896891593933105
v -2.3469815254211426 2.7513725757598877 -1.1239022016525269
v -2.1421804428100586 2.2386116981506348 -0.4036935567855835
v -1.991987705230713 2.5904877185821533 -0.4465845823287964
v -2.309633255004883 1.9008666276931763 0.05180024355649948
v -2.2576096057891846 1.693164348602295 0.4000341594219208
v -2.2009685039520264 2.346130132675171 -0.4973069727420807
v -2.0280308723449707 1.8802179098129272 -0.7281925678253174
v -2.020556926727295 1.871057152748108 -0.8013721108436584
v -2.4430394172668457 1.8214079141616821 -1.0525026321411133
v -2.3370654582977295 2.145098924636841 0.4076879322528839
v -2.709254503250122 1.7107490301132202 -0.07197419553995132
v -2.4971773624420166 1.8324708938598633 -1.019366979598999
v -2.281795024871826 2.8165509700775146 -0.5343711972236633
v -2.382296085357666 3.007707118988037 -0.6540032625198364
v -2.5468220710754395 2.5279111862182617 -1.1322132349014282
v -2.3794100284576416 1.8763788938522339 -1.152071475982666
v -2.435950994491577 2.238985300064087 -1.0910661220550537
v -1.953055739402771 2.4229507446289062 -0.9370192289352417
v -2.1744914054870605 1.853398323059082 -0.5519067645072937
v -2.323348045349121 1.705839991569519 -1.1139639616012573
v -2.537128210067749 1.8782473802566528 -1.0064926147460938
v -2.553696870803833 2.6430461406707764 -1.0087307691574097
v -2.2160675525665283 2.2849788665771484 0.1515655517578125
v -2.281780481338501 2.8166961669921875 -0.5345745086669922
v -2.2530324459075928 1.8964999914169312 0.21523089706897736
v -2.094975233078003 2.017975330352783 -0.7112463116645813
v -2.228543996810913 1.713678240776062 -0.3214305341243744
v -2.2905080318450928 1.715999960899353 0.08248697221279144
v -2.349262237548828 1.717067837715149 0.08493220806121826
v -2.3816988468170166 1.9717118740081787 0.5696932673454285
v -2.42549991607666 2.4020395278930664 0.1468733251094818
v -2.4804177284240723 2.6431643962860107 -0.47480031847953796
v -2.2961971759796143 2.5791280269622803 -0.9351279735565186
v -2.2552523612976074 2.2005043029785156 -0.9095344543457031
v -2.5696609020233154 2.4923391342163086 -0.9931628704071045
v -2.143775701522827 2.3905913829803467 -1.2814369201660156
v -2.491112470626831 1.7309021949768066 -0.8789397478103638
v -2.2090721130371094 2.8048558235168457 -0.2075345814228058
v -2.5153355598449707 2.1674671173095703 0.3283683955669403
v -2.2150354385375977 1.9719817638397217 -1.2356693744659424
v -2.4272820949554443 2.477808952331543 -0.941904604434967
v -2.1087746620178223 1.8585000038146973 0.3966267704963684
v -1.9650663137435913 2.591810464859009 -0.5946682095527649
v -2.351426362991333 2.9969894886016846 -0.569052517414093
v -2.401932954788208 2.683833599090576 -1.1161668300628662
v -2.4677963256835938 1.7017347812652588 0.29138749837875366
v -2.357527017593384 1.7082972526550293 -0.17751304805278778
v -2.2885522842407227 2.2427616119384766 -1.294403076171875
v -2.2905702590942383 2.7678592205047607 -0.8196554780006409
v -2.0793182849884033 1.8408632278442383 -0.31938162446022034
v -2.085148572921753 2.4723827838897705 -0.8660314083099365
v -2.0993235111236572 2.412646770477295 -1.176823616027832
v -2.046661615371704 1.7032028436660767 -0.45319151878356934
v -2.3501217365264893 2.989044427871704 -0.6171219348907471
v -2.195882558822632 2.3521173000335693 0.005059552378952503
v -2.498331069946289 1.874000072479248 -0.1631154865026474
v -2.7033071517944336 1.8554999828338623 0.13495682179927826
v -2.0600619316101074 2.597982406616211 -0.9547566771507263
v -2.7123241424560547 1.7189559936523438 0.18976113200187683
v -1.9637259244918823 2.5639517307281494 -0.7555033564567566
v -2.270534038543701 3.047316312789917 -0.41298720240592957
v -2.35577130317688 1.7084728479385376 -0.17013905942440033
v -1.8927565813064575 2.4516472816467285 -0.7568658590316772
v -2.3362035751342773 2.149064064025879 0.40389546751976013
v -2.1812472343444824 1.8792471885681152 0.4530150294303894
v -1.9416433572769165 2.421999931335449 -0.9001124501228333
v -2.334198474884033 2.5743002891540527 -0.9284003376960754
v -2.4422361850738525 2.2502145767211914 0.33204928040504456
v -2.389241933822632 2.61517333984375 -0.37079060077667236
v -2.0066046714782715 2.6029036045074463 -0.43179622292518616
v -2.4154045581817627 1.889212965965271 0.6118296980857849
v -1.9263150691986084 2.4236233234405518 -0.8518626689910889
v -2.638469696044922 1.7086257934570312 0.21913594007492065
v -2.305781126022339 1.6983096599578857 -1.1584657430648804
v -2.1429998874664307 2.368724822998047 -1.2844340801239014
v -2.5789554119110107 1.915946125984192 -0.6739822626113892
v -2.1748390197753906 2.830625057220459 -0.7410539984703064
v -2.2300305366516113 2.2492785453796387 0.20017193257808685
v -2.340487480163574 1.6868250370025635 0.17089352011680603
v -2.0955569744110107 1.8596619367599487 0.36496618390083313
v -2.34602952003479 2.755861520767212 -1.122541904449463
v -2.124202013015747 2.5041682720184326 -0.9164352416992188
v -2.207749605178833 1.9576488733291626 0.47670015692710876
v -2.508368492126465 2.693610906600952 -0.3292252719402313
v -2.2187371253967285 2.2779946327209473 0.1624489277601242
v -2.385406017303467 1.7062995433807373 -0.2659136652946472
v -2.5054733753204346 2.107811450958252 -0.9644829034805298
v -2.487032413482666 2.611370325088501 -0.510850191116333
v -2.190481662750244 2.6454410552978516 -0.30327022075653076
v -2.3310580253601074 1.6952922344207764 -1.2107077836990356
v -2.7148165702819824 1.8588166236877441 0.2789013683795929
v -2.1460747718811035 1.7094999551773071 -0.3139137625694275
v -2.402449607849121 1.7286884784698486 -0.8508164286613464
v -2.294691562652588 1.8998645544052124 -0.3478688895702362
v -2.106867551803589 2.344686985015869 -1.173939824104309
v -2.5497913360595703 2.1305437088012695 -0.5907171964645386
v -2.572692632675171 1.900901436805725 0.025605516508221626
v -2.3035664558410645 1.6971749067306519 -1.166359305381775
v -1.9809414148330688 2.6211538314819336 -0.5417609810829163
v -2.1791415214538574 2.5729916095733643 -1.2352166175842285
v -2.4222686290740967 2.465097188949585 0.050122715532779694
v -2.203134536743164 1.8833173513412476 0.34237048029899597
v -2.4793500900268555 2.181149959564209 -0.9714500904083252
v -1.9006140232086182 2.4781219959259033 -0.650645911693573
v -2.515261650085449 2.156214952468872 -0.7422910332679749
v -2.483830213546753 2.1547839641571045 -0.9274353981018066
v -2.6628565788269043 1.8574999570846558 -0.19122923910617828
v -2.2700576782226562 2.579058885574341 -0.9364999532699585
v -2.7073373794555664 1.8553916215896606 0.1906990110874176
v -2.2227518558502197 1.824171543121338 -1.0888357162475586
v -2.469646692276001 2.810553550720215 -0.3829846680164337
v -2.29496169090271 2.4417338371276855 -0.48723387718200684
v -2.2767174243927 3.0070693492889404 -0.3853476941585541
v -1.9921289682388306 1.6765515804290771 -0.7982485890388489
v -2.4401166439056396 1.6744732856750488 -0.4747098684310913
v -2.451826572418213 1.823088526725769 -1.0485867261886597
v -2.1460373401641846 2.53104567527771 -0.9320208430290222
v -2.34999680519104 1.7074979543685913 -0.12395875155925751
v -2.155580520629883 2.7079479694366455 -0.2796129882335663
v -2.5658843517303467 1.9107768535614014 0.33637621998786926
v -2.423677444458008 1.699660301208496 0.31087806820869446
v -2.448643684387207 1.7008540630340576 0.2995321750640869
v -1.9087203741073608 2.479222059249878 -0.6307269930839539
v -2.087110757827759 2.7446107864379883 -0.42891812324523926
v -2.2659685611724854 2.269594669342041 -1.044539451599121
v -2.3835291862487793 1.7036516666412354 -0.3522725999355316
v -2.2970693111419678 2.3302645683288574 0.23179078102111816
v -2.2822892665863037 2.210669755935669 -1.2855786085128784
v -2.511791229248047 1.9177038669586182 -1.0888397693634033
v -2.410961866378784 2.569546699523926 -1.2200380563735962
v -2.0581257343292236 1.6954371929168701 -0.388557493686676
v -2.302983283996582 1.7209522724151611 -0.8155632019042969
v -1.8927454948425293 2.451662302017212 -0.7568283081054688
v -2.1971702575683594 2.958383560180664 -1.0313136577606201
v -2.511688709259033 1.8295178413391113 -0.9517168998718262
v -2.289853096008301 2.794205665588379 -0.4864112138748169
v -2.1790030002593994 2.5720207691192627 -1.2354940176010132
v -2.1905181407928467 1.9111652374267578 -1.1681654453277588
v -2.582051992416382 2.485989809036255 -0.9473438262939453
v -2.239835262298584 2.8179285526275635 -0.45552757382392883
v -2.390057325363159 3.0282139778137207 -0.696513831615448
v -2.6414999961853027 1.8579063415527344 -0.5383406281471252
v -2.480701208114624 2.1797988414764404 -0.9673967361450195
v -2.19875431060791 1.8295236825942993 -1.0902248620986938
v -2.390960454940796 3.019411087036133 -0.6803123950958252
v -2.0909314155578613 1.7134315967559814 -0.03767474740743637
v -2.6285550594329834 1.7367347478866577 0.4596979022026062
v -2.1260385513305664 3.0184614658355713 -0.6568382978439331
v -2.493746280670166 2.2148804664611816 0.2583633363246918
v -2.373500108718872 2.1117262840270996 -0.3345102369785309
v -2.0185742378234863 1.8700000047683716 -0.8312727212905884
v -2.2702062129974365 2.4434685707092285 0.07388591021299362
v -2.219675064086914 1.992957353591919 0.46221742033958435
v -2.3445169925689697 2.993333578109741 -0.5740330815315247
v -2.1035192012786865 2.280673027038574 -1.1535512208938599
v -2.602921724319458 2.5562191009521484 -0.4820775091648102
v -2.2548608779907227 2.19913911819458 -0.8797736763954163
v -2.398811101913452 1.7035000324249268 -0.35292938351631165
v -2.6477437019348145 1.8645000457763672 -0.4451386332511902
v -2.2132859230041504 2.291999578475952 0.13942950963974
v -2.7053062915802 1.7187983989715576 0.25833988189697266
v -2.6687002182006836 1.8602334260940552 -0.11909865587949753
v -2.5504631996154785 1.8785977363586426 -0.621230959892273
v -2.3993847370147705 2.6345579624176025 -0.3252687454223633
v -2.509774923324585 2.7777512073516846 -0.40155449509620667
v -2.505823850631714 2.3188815116882324 -0.2482689917087555
v -2.1413841247558594 1.878646969795227 0.47366249561309814
v -2.6007039546966553 1.9041846990585327 0.45174190402030945
v -2.0274088382720947 1.8791813850402832 -0.7344119548797607
v -2.318505048751831 2.2429745197296143 0.32652053236961365
v -2.3952581882476807 2.6192119121551514 -0.1245163306593895
v -2.588845729827881 2.6277952194213867 -0.9542062878608704
v -2.2512500286102295 2.2008750438690186 -0.8463753461837769
v -2.064610242843628 1.7088333368301392 -0.3035554587841034
v -2.3952574729919434 2.619194269180298 -0.12451501190662384
v -2.1306793689727783 1.709668517112732 0.12386974692344666
v -2.2018630504608154 2.999359607696533 -1.015092372894287
v -2.294377088546753 2.2758395671844482 -1.3040283918380737
v -2.3177852630615234 2.2465736865997314 0.3236408531665802
v -2.376493453979492 1.9742205142974854 -1.2335647344589233
v -2.2209129333496094 3.1306955814361572 -0.9183264970779419
v -2.3989412784576416 1.8894075155258179 0.6101723313331604
v -2.187701463699341 2.662097930908203 -0.2859015464782715
v -2.0908846855163574 1.7133846282958984 -0.038307927548885345
v -2.1452441215515137 2.9945693016052246 -0.9741159081459045
v -2.5707309246063232 1.8540383577346802 -0.8095743060112
v -2.4869253635406494 1.8746417760849 -0.25110557675361633
v -2.2859513759613037 2.7933285236358643 -0.8631569743156433
v -2.350587844848633 1.704706072807312 0.012992116622626781
v -2.2918996810913086 1.7105629444122314 -0.3370295763015747
v -2.3480348587036133 2.3815557956695557 -0.5348674654960632
v -2.3104774951934814 2.276373863220215 0.2958648204803467
v -2.0764999389648438 1.828891634941101 -0.43248891830444336
v -2.3354380130767822 1.7109689712524414 -1.0781935453414917
v -2.3596112728118896 2.9801199436187744 -0.9636724591255188
v -2.649423599243164 1.724254846572876 0.13024528324604034
v -2.207838773727417 2.3270316123962402 0.06154964864253998
v -2.355048418045044 1.8870034217834473 0.14698968827724457
v -2.6166741847991943 2.6332905292510986 -0.5351866483688354
v -2.284621238708496 2.774014949798584 -0.7581826448440552
v -2.1976654529571533 2.8898043632507324 -0.39867672324180603
v -2.124699354171753 2.1783955097198486 -1.0801914930343628
v -2.3356809616088867 2.340498447418213 -0.6056843996047974
v -2.066668748855591 2.016415596008301 -0.8740184307098389
v -2.20003342628479 2.3580660820007324 -0.48396721482276917
v -2.1553401947021484 1.7125617265701294 0.08056169003248215
v -2.2031447887420654 2.601210355758667 -0.3459530174732208
v -2.461658000946045 2.6173534393310547 -1.1952074766159058
v -2.3198437690734863 1.7043098211288452 -1.1225026845932007
v -2.1581082344055176 1.6772770881652832 0.47003939747810364
v -2.472097158432007 1.7314726114273071 -0.8727263808250427
v -2.5521721839904785 1.840293049812317 -0.8872719407081604
v -2.516533136367798 2.137718677520752 0.3541986644268036
v -1.971152663230896 2.602386951446533 -0.5703786611557007
v -2.113661766052246 2.226602792739868 -1.1291910409927368
v -2.3172836303710938 2.2489373683929443 0.32159852981567383
v -2.490859270095825 1.7424999475479126 0.5324276685714722
v -2.640401840209961 1.8548035621643066 -0.5992581844329834
v -2.3989853858947754 2.461747646331787 -0.4510146677494049
v -2.2810511589050293 2.803795576095581 -0.8937768936157227
v -2.0563626289367676 1.9048398733139038 -1.0249607563018799
v -2.1766774654388428 1.6795984506607056 -1.1931930780410767
v -2.4532880783081055 2.1572389602661133 0.40997323393821716
v -2.219003677368164 2.2772395610809326 0.1635148972272873
v -2.580078125 1.9129297733306885 0.37358590960502625
v -2.1926677227020264 2.4114644527435303 -0.9764387607574463
v -2.563952922821045 2.525744915008545 -1.0742815732955933
v -2.0253851413726807 1.8758468627929688 -0.7547253370285034
v -2.376037120819092 1.8116177320480347 -1.0736690759658813
v -2.3022959232330322 2.316180944442749 -1.3112988471984863
v -2.3333826065063477 1.9882630109786987 0.17991235852241516
v -2.499204158782959 2.2825236320495605 0.041248634457588196
v -2.0678274631500244 2.4716036319732666 -0.8299472332000732
v -2.1191065311431885 2.4264938831329346 -0.9550313353538513
v -2.484586000442505 2.234140157699585 0.2215476781129837
v -2.590568780899048 2.626359462738037 -0.9500423073768616
v -2.3822686672210693 2.0137383937835693 -1.2516939640045166
v -2.151034116744995 2.8415863513946533 -0.7622014284133911
v -2.1283013820648193 2.8572237491607666 -0.7885981202125549
v -2.242708921432495 2.453737735748291 -0.44148075580596924
v -2.077472448348999 2.0130093097686768 -0.8246333599090576
v -2.178499937057495 2.544292449951172 -1.2408087253570557
v -2.6940526962280273 1.7094999551773071 -0.5804206132888794
v -2.103532552719116 2.0176689624786377 -0.6563119292259216
v -2.441035747528076 1.7016322612762451 -0.3530000150203705
v -2.6232316493988037 2.4938130378723145 -0.6765159964561462
v -2.2809932231903076 2.1964640617370605 -1.2814910411834717
v -2.3843767642974854 1.9974026679992676 -0.430610328912735
v -2.2218031883239746 2.570371150970459 -0.4093310832977295
v -2.3826217651367188 1.7185801267623901 0.08870024979114532
v -2.5023295879364014 1.8850113153457642 0.5995398163795471
v -2.5053882598876953 2.268723726272583 0.0616249181330204
v -2.069528341293335 2.1339938640594482 -0.8905596733093262
v -2.053147077560425 1.699111819267273 -0.4211181104183197
v -2.3409016132354736 2.43990159034729 -0.9602991342544556
v -2.3705615997314453 3.0849506855010986 -0.8627921938896179
v -1.9746863842010498 2.428312063217163 -0.996184766292572
v -2.058279275894165 2.477147102355957 -0.8021987676620483
v -2.0908255577087402 1.8607248067855835 -0.0029535621870309114
v -2.4640307426452637 2.667245626449585 -0.44703081250190735
v -2.5260274410247803 2.5407023429870605 -0.6368796229362488
v -2.2764999866485596 2.8113417625427246 -0.7080264091491699
v -2.524613857269287 1.6939326524734497 -1.1213862895965576
v -2.2208409309387207 3.1815454959869385 -0.7900224924087524
v -2.686697244644165 1.7100000381469727 -0.6195279955863953
v -2.166848659515381 3.006784200668335 -0.5079730749130249
v -2.45572566986084 2.1963858604431152 -1.023268461227417
v -2.367950439453125 1.9330153465270996 -1.207114577293396
v -2.5542242527008057 1.8723703622817993 -0.6422079205513
v -2.501176595687866 2.283538341522217 -0.5172361731529236
v -2.053825855255127 2.4795870780944824 -0.7905652523040771
v -2.56819224357605 1.855230689048767 -0.9062324166297913
v -2.313225269317627 2.2904505729675293 -0.6787323355674744
v -2.4276890754699707 2.8395304679870605 -0.3776562809944153
v -2.505500078201294 2.321765422821045 -0.23290729522705078
v -2.702971935272217 1.8554999828338623 0.13214711844921112
v -2.071465253829956 2.425363063812256 -0.9433012008666992
v -2.5025064945220947 1.724685788154602 0.10942943394184113
v -2.6169261932373047 2.533849000930786 -0.5248522162437439
v -2.0014820098876953 2.4363322257995605 -1.0599677562713623
v -2.461516857147217 2.057847023010254 0.4780680239200592
v -2.636361598968506 1.7351799011230469 0.45197826623916626
v -2.2092528343200684 2.900015115737915 -0.3925988972187042
v -2.513808488845825 2.1197197437286377 -0.9005042314529419
v -2.1619038581848145 2.2282915115356445 -0.7048366069793701
v -2.0836191177368164 2.6217262744903564 -0.9717142581939697
v -2.4672930240631104 2.451204299926758 -1.1271034479141235
v -2.1303653717041016 1.714909315109253 0.4902978241443634
v -2.5153732299804688 2.123619794845581 -0.8810279965400696
v -2.706202507019043 1.7236487865447998 -0.328544557094574
v -2.103504180908203 1.8585000038146973 0.38301077485084534
v -2.2044715881347656 2.5534698963165283 -0.45891454815864563
v -2.242156505584717 2.379531145095825 -1.0489271879196167
v -2.1250083446502686 1.6615585088729858 0.4895504117012024
v -2.522496223449707 2.4921655654907227 -0.8696843385696411
v -2.4764106273651123 2.183854103088379 -0.9788556694984436
v -2.0790445804595947 1.8414106369018555 -0.31618815660476685
v -2.3169476985931396 1.6947028636932373 -1.2111486196517944
v -2.3591434955596924 2.8249800205230713 -0.48571449518203735
v -2.3376245498657227 2.551424264907837 -0.498405396938324
v -2.309499979019165 1.901992917060852 0.03857512027025223
v -2.028252124786377 1.8805869817733765 -0.7259781956672668
v -2.4667296409606934 1.8949376344680786 0.10172878205776215
v -2.147952079772949 3.0017826557159424 -0.6325435042381287
v -2.2377872467041016 1.8726072311401367 0.5920181274414062
v -2.502950429916382 2.2727482318878174 -0.527751624584198
v -2.63016939163208 2.4841630458831787 -0.7081785798072815
v -2.1420490741729736 1.7122677564620972 0.08073219656944275
v -2.337794065475464 2.447892904281616 -1.2950321435928345
v -2.2361559867858887 2.5419812202453613 -0.4455188512802124
v -2.229538917541504 2.250542402267456 0.19855697453022003
v -2.2095000743865967 2.3147308826446533 0.08967296034097672
v -2.5005440711975098 1.8676812648773193 -0.10930386185646057
v -2.7097721099853516 1.718500018119812 0.21527861058712006
v -2.3567802906036377 2.197000026702881 -0.09320682287216187
v -2.2960615158081055 1.6930752992630005 -1.210267186164856
v -2.66499662399292 1.7282698154449463 0.4096619188785553
v -2.048772096633911 1.7021139860153198 -0.4435252249240875
v -2.6941978931427 1.8804632425308228 0.41567134857177734
v -2.27894926071167 2.800246000289917 -0.9110080003738403
v -2.0396652221679688 1.8586418628692627 -0.9564837217330933
v -2.0887703895568848 2.014090061187744 -0.755558431148529
v -2.5675108432769775 2.6400978565216064 -0.9936385154724121
v -2.5184624195098877 2.51963210105896 -1.1592923402786255
v -2.447084665298462 2.6058762073516846 -1.2009576559066772
v -2.709669589996338 1.7139827013015747 -0.4109513461589813
v -2.3070366382598877 1.9030245542526245 0.008230729028582573
v -2.252933979034424 1.7130471467971802 -0.32685860991477966
v -2.2957561016082764 2.284388303756714 -1.3059587478637695
v -2.3528072834014893 1.7173267602920532 -1.0040305852890015
v -2.4099442958831787 1.7008888721466064 -0.31368038058280945
v -2.6930532455444336 1.713566541671753 0.3630610406398773
v -2.4033665657043457 2.9332330226898193 -0.8346327543258667
v -2.052500009536743 1.9404354095458984 -1.057481050491333
v -2.426983594894409 2.3431482315063477 0.22428572177886963
v -2.0995616912841797 2.048003673553467 -1.1710034608840942
v -2.6080000400543213 2.585770606994629 -0.8056970834732056
v -2.0769999027252197 1.8479866981506348 -0.27386289834976196
v -2.3682644367218018 2.5096848011016846 -1.2707732915878296
v -2.6387760639190674 1.850776195526123 -0.6411861777305603
v -2.0515053272247314 1.829505205154419 -0.8223264217376709
v -2.3573668003082275 1.7185916900634766 -0.981712281703949
v -2.189344644546509 2.5041723251342773 -0.24563854932785034
v -2.3807194232940674 1.9821609258651733 0.563815712928772
v -2.105875015258789 2.6971001625061035 -0.3375914692878723
v -2.1163573265075684 2.6510000228881836 -0.9869120717048645
v -2.532008647918701 1.8819948434829712 -1.017980933189392
v -2.7053332328796387 1.7140333652496338 -0.09800072759389877
v -2.2348766326904297 3.068556308746338 -0.589116096496582
v -2.1922008991241455 2.5056004524230957 -0.238497793674469
v -2.255277156829834 1.8745487928390503 0.5957102179527283
v -2.174315929412842 2.830840587615967 -0.7415153384208679
v -2.047133445739746 1.8298665285110474 -0.7328872084617615
v -2.124758243560791 2.1895623207092285 -1.097304105758667
v -2.17822265625 2.4957783222198486 -0.28894099593162537
v -2.2592711448669434 3.158071756362915 -0.6982100605964661
v -2.57770037651062 2.4872000217437744 -0.9610989689826965
v -2.6334128379821777 2.4795045852661133 -0.7250645756721497
v -2.4066824913024902 2.667206287384033 -0.27851319313049316
v -2.1190836429595947 2.1558761596679688 -0.49092981219291687
v -2.0682358741760254 1.8244999647140503 -0.5721407532691956
v -2.3451786041259766 2.9939351081848145 -0.5735518336296082
v -2.505500078201294 2.3236911296844482 -0.2219494730234146
v -2.5910322666168213 1.7082608938217163 0.23855453729629517
v -2.3744397163391113 2.0950069427490234 -0.35475826263427734
v -2.459195137023926 2.4382970333099365 -1.1314491033554077
v -2.00746750831604 1.6984658241271973 0.09677526354789734
v -2.1170623302459717 1.6900628805160522 0.4346237778663635
v -2.2230637073516846 3.1437337398529053 -0.8909900784492493
v -2.5348119735717773 1.902500033378601 0.05469708889722824
v -2.4317269325256348 1.6877555847167969 -0.5074295997619629
v -2.091392993927002 1.7096996307373047 0.08230029046535492
v -2.3087925910949707 1.9144694805145264 -0.27136003971099854
v -2.381601095199585 2.4585204124450684 -0.4679393470287323
v -2.34578800201416 2.9873151779174805 -0.6113839149475098
v -2.504009962081909 2.292785167694092 -0.34838932752609253
v -2.2250242233276367 3.1631174087524414 -0.849313497543335
v -2.119516372680664 2.157823324203491 -0.48970380425453186
v -2.5280001163482666 2.510193109512329 -0.7536817193031311
v -2.0826284885406494 1.7095232009887695 0.42472153902053833
v -2.303999900817871 2.257688522338867 -0.748810350894928
v -2.20662260055542 3.0203895568847656 -1.0035805702209473
v -2.410212278366089 2.4834675788879395 0.014636632055044174
v -2.4826819896698 2.632817268371582 -0.4856373369693756
v -1.918555736541748 2.4282219409942627 -0.8258064389228821
v -2.244666814804077 2.356498956680298 -1.0556668043136597
v -2.200873613357544 1.6878262758255005 0.4375211298465729
v -2.159208297729492 2.3001174926757812 -0.28906330466270447
v -2.022144317626953 2.615469455718994 -0.4202052354812622
v -2.2987306118011475 1.6933515071868896 -1.2106353044509888
v -2.072110414505005 1.8647338151931763 0.10252586752176285
v -2.1773629188537598 2.374274492263794 -0.09497810155153275
v -2.0772409439086914 1.695623517036438 -0.7255998849868774
v -2.544762134552002 1.851203203201294 -0.9619330763816833
v -2.268275499343872 2.4591224193573 0.03126566857099533
v -2.379486083984375 1.9550780057907104 -0.44986599683761597
v -2.6838221549987793 1.7139662504196167 -0.6819504499435425
v -2.148510217666626 2.2980923652648926 -1.2518367767333984
v -2.5165340900421143 2.227005958557129 -0.49960777163505554
v -2.397721529006958 2.373076915740967 -1.2583814859390259
v -2.3344993591308594 2.5517001152038574 -0.4981999695301056
v -2.31608247756958 2.377882480621338 -1.3087087869644165
v -1.9936835765838623 1.677173376083374 -0.8072642087936401
v -2.504716634750366 2.270066738128662 0.05980229750275612
v -2.0402517318725586 1.8583260774612427 -0.9577922821044922
v -2.186034679412842 2.502626419067383 -0.25445982813835144
v -2.60981822013855 2.509920358657837 -0.6111928820610046
v -2.2419724464416504 3.0763938426971436 -0.5619524717330933
v -2.0393524169921875 1.706036925315857 -0.4913492202758789
v -2.1018271446228027 2.0190000534057617 -0.6684847474098206
v -2.094163179397583 1.9929368495941162 -0.5848075151443481
v -2.2212862968444824 1.6904793977737427 0.4238092303276062
v -2.3696563243865967 2.1917288303375244 -0.14729741215705872
v -2.383547782897949 1.986703634262085 -0.4364873766899109
v -2.2382001876831055 2.9187896251678467 -0.3848758637905121
v -2.4682629108428955 2.4927053451538086 -0.9346175193786621
v -2.073835849761963 1.6950559616088867 -0.7239919304847717
v -2.569619655609131 1.8554999828338623 -0.8537685871124268
v -2.5428974628448486 1.8382760286331177 -0.9022744297981262
v -2.1505565643310547 2.315791368484497 -1.2515565156936646
v -2.505500078201294 2.323305368423462 -0.22407051920890808
v -2.0963637828826904 2.4272756576538086 -0.9503969550132751
v -2.0949721336364746 2.636537790298462 -0.97969651222229
v -2.7026801109313965 1.7163197994232178 -0.11323580890893936
v -2.465933084487915 1.723591685295105 0.10395827889442444
v -2.185157537460327 2.7744457721710205 -1.1292381286621094
v -2.5083885192871094 2.2415289878845215 -0.4746362566947937
v -2.259967565536499 3.078932046890259 -0.45762649178504944
v -2.7095797061920166 1.7145227193832397 -0.40726161003112793
v -2.2373411655426025 2.4568049907684326 -0.4358574151992798
v -2.2724483013153076 1.8144439458847046 -1.0850549936294556
v -2.7050564289093018 1.8554434776306152 0.15730080008506775
v -2.0907094478607178 1.7132095098495483 -0.04067227989435196
v -2.557453155517578 1.853793740272522 -0.9413875937461853
v -2.1234397888183594 2.197331428527832 -1.1063915491104126
v -2.2467215061187744 2.548664093017578 -0.5003279447555542
v -2.6312243938446045 2.48266339302063 -0.7132339477539062
v -2.1542069911956787 3.0014188289642334 -0.9813917875289917
v -2.443565845489502 2.6822006702423096 -0.4280547499656677
v -2.619171619415283 2.588514804840088 -0.691256582736969
v -2.5139083862304688 2.16241455078125 -0.7222561240196228
v -2.3320086002349854 2.3311209678649902 -0.620171844959259
v -2.218085289001465 1.8669732809066772 -0.5135537385940552
v -2.202430486679077 2.6026389598846436 -0.34223878383636475
v -2.228806257247925 1.690813660621643 0.41879597306251526
v -2.6776533126831055 1.862330675125122 -0.0689018964767456
v -2.6441750526428223 1.8611750602722168 -0.4889002740383148
v -2.236934185028076 1.8980000019073486 0.24131107330322266
v -2.1951851844787598 1.7180062532424927 0.5515927076339722
v -2.2827084064483643 2.962683916091919 -0.36800840497016907
v -2.5244193077087402 1.728640079498291 -0.8881298303604126
v -2.1817452907562256 2.2784719467163086 -0.5947072505950928
v -1.9870474338531494 1.671817660331726 -0.7185732126235962
v -2.2939999103546143 1.897701621055603 -0.36188647150993347
v -2.5565507411956787 1.8663471937179565 -0.6596083045005798
v -2.070960760116577 1.7082303762435913 -0.19646616280078888
v -2.1895458698272705 2.6392767429351807 -0.30674609541893005
v -2.0036211013793945 2.670994758605957 -0.47835591435432434
v -2.3932015895843506 2.597059488296509 -0.11949992179870605
v -2.6287715435028076 1.8477226495742798 -0.7441679835319519
v -2.341365098953247 2.7694168090820312 -1.1159741878509521
v -2.3293817043304443 1.7074745893478394 -0.3445635139942169
v -2.50600004196167 2.30777907371521 -0.2965351939201355
v -2.2669169902801514 2.210416793823242 -0.9790843725204468
v -2.337400436401367 1.9587453603744507 0.18630076944828033
v -2.3662912845611572 1.8940001726150513 -0.4575219452381134
v -2.5290000438690186 2.5199050903320312 -0.7130759358406067
v -2.4790256023406982 2.7174882888793945 -0.2995290756225586
v -2.5205094814300537 1.6937860250473022 -1.125490427017212
v -2.522244930267334 2.103458881378174 0.37873485684394836
v -2.2270402908325195 2.2571046352386475 0.19048410654067993
v -2.372499942779541 2.1463942527770996 -0.27732837200164795
v -2.6316945552825928 2.4630000591278076 -0.8240266442298889
v -2.1882002353668213 2.6613082885742188 -0.28648337721824646
v -2.3776028156280518 1.7352596521377563 0.5757274627685547
v -2.696500062942505 1.8594591617584229 0.043219149112701416
v -2.2504186630249023 2.1446163654327393 0.3273836374282837
v -2.5136897563934326 2.621858596801758 -1.0110965967178345
v -2.4668924808502197 2.661155939102173 -1.0761237144470215
v -2.381204843521118 2.554797887802124 -0.9102486968040466
v -2.556966781616211 2.0329630374908447 -0.6215592622756958
v -2.278188467025757 2.840703248977661 -0.68436199426651
v -2.5135841369628906 2.6220486164093018 -1.0112653970718384
v -2.3339474201202393 1.71022367477417 -1.0828521251678467
v -1.8955845832824707 2.447758913040161 -0.7664100527763367
v -2.3782432079315186 2.863158941268921 -0.3854392170906067
v -2.56783390045166 1.8489999771118164 -0.7541715502738953
v -2.426760673522949 2.6691434383392334 -1.1041436195373535
v -2.1117916107177734 1.7036250829696655 0.3949164152145386
v -2.264368772506714 2.755110025405884 -0.9486311078071594
v -2.1308670043945312 1.867366909980774 0.4491228461265564
v -2.1710336208343506 3.0124003887176514 -0.48713213205337524
v -2.3788323402404785 1.722000002861023 -0.8640062212944031
v -2.408716917037964 2.5101897716522217 -0.2673221230506897
v -2.528977870941162 1.7254421710968018 0.11321117728948593
v -2.309260606765747 2.2830660343170166 0.2885642945766449
v -2.0764899253845215 1.8270000219345093 -0.4581572413444519
v -2.5477161407470703 1.726035475730896 -0.8922056555747986
v -2.146456480026245 2.673478126525879 -0.4124058783054352
v -2.250023603439331 3.0825140476226807 -0.5228583216667175
v -2.35469651222229 2.8679423332214355 -0.7279258370399475
v -2.5097415447235107 1.8287606239318848 -0.9546376466751099
v -2.121171474456787 3.101168632507324 -0.8660295009613037
v -2.6600306034088135 1.8574999570846558 -0.2356349527835846
v -2.4559426307678223 2.4303138256073 -1.1338144540786743
v -2.166628837585449 2.4627575874328613 -1.2612700462341309
v -2.1446521282196045 2.425464153289795 -0.962562620639801
v -2.3872463703155518 2.3069050312042236 -1.2657463550567627
v -2.3185548782348633 2.2427258491516113 0.3267192542552948
v -2.1103599071502686 2.0653719902038574 -1.1821951866149902
v -2.6026196479797363 1.899340271949768 0.468519002199173
v -2.005675792694092 2.5779612064361572 -0.898929238319397
v -2.178034543991089 2.8821794986724854 -1.0782448053359985
v -2.3953096866607666 2.363062620162964 -1.2603522539138794
v -2.263758897781372 2.276946783065796 -1.047602891921997
v -2.3116602897644043 2.287320613861084 -0.6829057335853577
v -2.5004379749298096 1.957693338394165 -1.1369409561157227
v -2.648159980773926 1.8645000457763672 -0.4362974762916565
v -1.9784610271453857 2.615936517715454 -0.5481122732162476
v -2.43444561958313 1.7002367973327637 0.3060140013694763
v -2.1052701473236084 1.7082223892211914 -0.3108878433704376
v -2.489910125732422 2.0959784984588623 -1.0371761322021484
v -2.0397496223449707 1.663718819618225 -1.061561107635498
v -2.4769203662872314 1.8801846504211426 -0.3218981623649597
v -2.239335536956787 2.4016454219818115 -0.9771455526351929
v -2.3032753467559814 2.3207848072052 -1.3115917444229126
v -2.104473829269409 2.275045871734619 -1.1513572931289673
v -2.046718120574951 1.6627545356750488 -1.0816723108291626
v -2.1522879600524902 2.7085578441619873 -0.2818079888820648
v -2.630455732345581 2.48376202583313 -0.7094963192939758
v -2.5369648933410645 1.8372122049331665 -0.9112066626548767
v -2.5290000438690186 2.5214240550994873 -0.7058618068695068
v -2.3509511947631836 1.7045243978500366 0.019168417900800705
v -2.076266288757324 1.708064317703247 -0.3060147166252136
v -2.256228446960449 2.3060860633850098 -1.0549237728118896
v -2.0240585803985596 2.6172773838043213 -0.4185035824775696
v -2.3001866340637207 2.306236982345581 -1.3106962442398071
v -2.359903573989868 1.7192257642745972 -0.9693462252616882
v -2.4942190647125244 2.318814516067505 -0.052634675055742264
v -2.1583266258239746 2.444249153137207 -1.2691255807876587
v -2.2915000915527344 2.7748496532440186 -0.832274317741394
v -2.2084152698516846 2.5509307384490967 -0.4710230231285095
v -1.9787826538085938 2.6165966987609863 -0.5472774505615234
v -2.5706522464752197 2.0019938945770264 0.4347018599510193
v -2.1312649250030518 2.1081597805023193 -1.2072710990905762
v -2.1806552410125732 1.878655195236206 0.4561723470687866
v -2.384093999862671 2.7444190979003906 -0.16652996838092804
v -1.882887601852417 2.466792106628418 -0.7051575779914856
v -2.192981243133545 1.9222708940505981 0.4766540825366974
v -2.2598469257354736 2.440274477005005 -0.469257116317749
v -2.517426013946533 1.8904680013656616 -0.5450859665870667
v -2.312016248703003 2.2880330085754395 -0.6819560527801514
v -2.493636131286621 2.3109843730926514 -0.01458913367241621
v -2.0625662803649902 1.6990840435028076 -0.31029626727104187
v -1.9643663167953491 2.5902936458587646 -0.5981684923171997
v -2.5147483348846436 1.8368388414382935 -0.9971449971199036
v -2.4332470893859863 1.8910773992538452 0.609788715839386
v -2.6244513988494873 2.6033053398132324 -0.6535356640815735
v -2.5613272190093994 2.7071726322174072 -0.4685570001602173
v -2.226625442504883 3.184194326400757 -0.7698463797569275
v -2.6352410316467285 2.4650557041168213 -0.8034988045692444
v -1.9645533561706543 2.564776659011841 -0.7680113911628723
v -2.501767635345459 2.325401544570923 -0.11134568601846695
v -2.2776272296905518 2.88165545463562 -0.5949007272720337
v -2.4915568828582764 2.0978996753692627 -1.0278449058532715
v -2.359349012374878 2.197899580001831 -0.10889434069395065
v -2.421398401260376 2.5260837078094482 -0.21859145164489746
v -2.0782549381256104 1.6664592027664185 -1.1363494396209717
v -2.2286274433135986 2.4035744667053223 -0.9782872796058655
v -2.525270938873291 2.5420258045196533 -0.6332869529724121
v -2.0477144718170166 1.8296427726745605 -0.7443598508834839
v -2.376268148422241 1.935328722000122 -0.4555000066757202
v -1.8852506875991821 2.46034836769104 -0.7304036617279053
v -2.15665340423584 1.7097628116607666 -0.3146752119064331
v -2.060122013092041 1.7059999704360962 -0.2623162865638733
v -2.717262029647827 1.7197380065917969 0.1253308802843094
v -2.209872245788574 1.8872791528701782 0.3081045150756836
v -2.4049999713897705 2.657289505004883 -0.2904675006866455
v -2.426867723464966 2.344191074371338 0.22277985513210297
v -2.1673471927642822 3.0018818378448486 -0.5372082591056824
v -2.177109956741333 2.3747801780700684 -0.10231248289346695
v -2.3145861625671387 1.8910000324249268 -0.46267005801200867
v -2.390986204147339 2.548513650894165 -0.9067568778991699
v -2.121622085571289 3.101348876953125 -0.8687332272529602
v -2.339082717895508 2.8203182220458984 -1.0858441591262817
v -2.5368893146514893 1.7052743434906006 0.26221686601638794
v -2.422670602798462 2.3604788780212402 -1.1382416486740112
v -2.412930965423584 2.4765841960906982 -0.9410841464996338
v -2.0837340354919434 1.7085000276565552 -0.1084224283695221
v -2.4043641090393066 2.492490530014038 -0.001412870711646974
v -2.4961493015289307 1.7026301622390747 0.2788056433200836
v -2.6080000400543213 2.5868518352508545 -0.8094819784164429
v -2.0728468894958496 1.7093979120254517 -0.18272456526756287
v -2.2471513748168945 2.2047324180603027 -0.8117574453353882
v -2.1517674922943115 1.7172651290893555 0.5205324292182922
v -2.056499481201172 1.9038372039794922 -1.0240037441253662
v -2.0190250873565674 1.868975043296814 -0.8502493500709534
v -2.181917667388916 1.8799177408218384 0.4494384527206421
v -2.1358530521392822 2.709463119506836 -0.2982691526412964
v -2.713254928588867 1.7192515134811401 0.17894311249256134
v -1.9588046073913574 2.581109046936035 -0.6262338161468506
v -2.2421932220458984 3.07657790184021 -0.5609952807426453
v -2.4784531593322754 2.657848834991455 -1.06441068649292
v -2.4541566371917725 1.7309365272521973 -0.8673033118247986
v -2.2142651081085205 1.9705302715301514 -1.2344422340393066
v -1.966928482055664 2.5958449840545654 -0.5853579640388489
v -2.354032039642334 2.075382947921753 0.48112234473228455
v -2.3314473628997803 2.1766772270202637 0.37937527894973755
v -2.393791675567627 1.7214676141738892 -0.7528623938560486
v -2.3474857807159424 1.7050144672393799 -0.031462132930755615
v -2.6290807723999023 1.7256014347076416 0.1288985311985016
v -2.384500026702881 2.012667179107666 -0.42147883772850037
v -2.256761074066162 2.70835018157959 -0.9582388997077942
v -2.419386386871338 2.4669694900512695 -0.4246593415737152
v -2.3010916709899902 2.3165876865386963 0.24995902180671692
v -2.152824640274048 1.8712589740753174 0.48520827293395996
v -2.395697832107544 1.892399549484253 0.13830064237117767
v -2.1147162914276123 1.6949182748794556 0.4221633970737457
v -2.05783748626709 1.695581316947937 -0.39071834087371826
v -2.2971482276916504 2.5790750980377197 -0.9350751638412476
v -2.1084208488464355 1.7105926275253296 0.08146903663873672
v -2.021174430847168 1.6666085720062256 -0.9802092909812927
v -2.3916125297546387 1.8536196947097778 -1.1167956590652466
v -2.2477223873138428 1.7166317701339722 -0.7917907238006592
v -2.6630001068115234 1.8574999570846558 -0.18519273400306702
v -2.5035367012023926 2.1062777042388916 -0.9742135405540466
v -2.3821167945861816 2.762310743331909 -0.18174608051776886
v -2.503999948501587 2.3269999027252197 -0.18258525431156158
v -2.0878193378448486 2.627501964569092 -0.974864661693573
v -2.2673263549804688 2.2114789485931396 -0.9840689897537231
v -2.425729751586914 2.3616323471069336 0.19847658276557922
v -2.5705363750457764 1.8510727882385254 -0.7810097336769104
v -2.109217643737793 2.875396490097046 -0.8162335753440857
v -2.494150400161743 2.3147473335266113 -0.029538165777921677
v -2.3202569484710693 2.0599563121795654 0.14147165417671204
v -2.28961443901062 2.359389305114746 0.1844540536403656
v -2.283496379852295 2.2183163166046143 -1.2876616716384888
v -2.4024760723114014 1.718321442604065 -0.6855122447013855
v -2.0907301902770996 1.8607566356658936 -0.002381951315328479
v -2.12213134765625 1.7028095722198486 -0.743506133556366
v -2.5280001163482666 2.499516725540161 -0.7934329509735107
v -2.413825035095215 2.5735549926757812 -1.2171751260757446
v -2.4617109298706055 2.086238145828247 -1.185034990310669
v -2.2201480865478516 3.1280179023742676 -0.9255944490432739
v -2.343118190765381 2.8760735988616943 -1.0385537147521973
v -2.4055893421173096 1.7019776105880737 -0.30578693747520447
v -1.9416425228118896 2.421999931335449 -0.9001100659370422
v -2.1637184619903564 2.329289674758911 -0.23332937061786652
v -2.414088010787964 1.709374189376831 -0.5974212288856506
v -2.381758451461792 1.7037878036499023 -0.3520682454109192
v -2.2687437534332275 2.45531964302063 0.04506619647145271
v -2.065791606903076 1.6644701957702637 -1.1201425790786743
v -2.709294319152832 1.7083828449249268 -0.45102277398109436
v -2.70558500289917 1.7138320207595825 -0.09648991376161575
v -2.5691678524017334 1.8494452238082886 -0.765178918838501
v -2.537572145462036 1.8373260498046875 -0.9103339314460754
v -2.049103260040283 1.8316495418548584 -0.8401328921318054
v -2.1661489009857178 1.7127968072891235 0.0807967409491539
v -2.282850503921509 2.9231643676757812 -0.3799999952316284
v -2.07621431350708 1.8781343698501587 -0.6247856020927429
v -2.1026177406311035 2.400505542755127 -1.1801177263259888
v -2.4335644245147705 2.4711737632751465 -0.39748069643974304
v -2.3834116458892822 2.8677265644073486 -0.4567735493183136
v -2.5463955402374268 1.7259811162948608 0.11590565741062164
v -2.375864267349243 1.9980567693710327 0.551092267036438
v -2.4955222606658936 2.3220133781433105 -0.07260672003030777
v -2.3317441940307617 2.174970865249634 0.38078492879867554
v -2.0565950870513916 1.6918504238128662 -0.7144781947135925
v -2.6553795337677 1.8608614206314087 -0.2973913550376892
v -2.553816318511963 1.8732882738113403 -0.6395561695098877
v -2.057323694229126 1.8265001773834229 -0.6659103035926819
v -1.9634515047073364 2.5634028911590576 -0.7468504905700684
v -2.6530001163482666 1.8645286560058594 -0.3748694658279419
v -2.517658233642578 1.9041045904159546 -1.0649813413619995
v -2.084784507751465 1.6968806982040405 -0.7291621565818787
v -2.3324971199035645 2.4338388442993164 -1.2989250421524048
v -2.4393270015716553 1.6766842603683472 -0.47802630066871643
v -2.255000114440918 2.1989998817443848 -0.8866876363754272
v -2.0945873260498047 1.995376467704773 -0.583004355430603
v -2.2783758640289307 2.8630549907684326 -0.6658174395561218
v -2.642143726348877 1.8591437339782715 -0.514453649520874
v -2.2314200401306152 2.7536678314208984 -0.1588776856660843
v -2.4386770725250244 2.2727324962615967 0.31256169080734253
v -2.24890398979187 2.6807844638824463 -0.1185927465558052
v -2.0620431900024414 1.695000171661377 -0.35246142745018005
v -2.047074556350708 1.886979341506958 -0.6598095893859863
v -2.2470831871032715 2.920933723449707 -0.3839568793773651
v -2.320312261581421 1.9059373140335083 -0.11837387084960938
v -2.0831398963928223 2.471713066101074 -0.8633530735969543
v -2.3346261978149414 1.6961102485656738 0.35530078411102295
v -2.714392900466919 1.8586071729660034 0.2886435091495514
v -2.5057151317596436 1.834707260131836 -1.0098989009857178
v -2.429144859313965 2.325415849685669 0.24937386810779572
v -2.4521536827087402 2.4968464374542236 -0.9069369435310364
v -2.1184017658233643 1.7112436294555664 0.08125214278697968
v -2.5251288414001465 2.4935643672943115 -0.8468409776687622
v -2.096996307373047 1.8570023775100708 -0.07146085053682327
v -2.339945077896118 1.686463475227356 0.17351503670215607
v -2.341956377029419 2.9861812591552734 -0.6046445965766907
v -2.0321409702301025 1.6651073694229126 -1.029741644859314
v -2.2219431400299072 3.034193515777588 -0.4199448525905609
v -2.0274415016174316 1.8792356252670288 -0.734086275100708
v -2.517510175704956 2.1479077339172363 -0.7718283534049988
v -2.5010740756988525 1.7302985191345215 -0.8816565871238708
v -2.520861864089966 1.8962315320968628 -1.050735354423523
v -2.4164395332336426 2.4740235805511475 0.03035534918308258
v -2.091287136077881 1.7084136009216309 -0.30880922079086304
v -2.2342581748962402 2.032717227935791 0.4184630215167999
v -2.311009407043457 1.902745246887207 -0.029812170192599297
v -2.0890309810638428 2.602525234222412 -0.4979465901851654
v -2.510810136795044 2.113572120666504 -0.9273772239685059
v -2.558223247528076 2.0277981758117676 0.42661166191101074
v -2.4408657550811768 2.122753381729126 -1.2176789045333862
v -2.3710718154907227 2.1825692653656006 -0.18307945132255554
v -2.50986385345459 1.8910000324249268 -0.5356366634368896
v -2.2317371368408203 1.7150459289550781 0.0809999331831932
v -2.503473997116089 2.270129680633545 -0.53037029504776
v -2.2785000801086426 2.857524871826172 -0.6706955432891846
v -2.417170524597168 1.6978538036346436 -0.32595095038414
v -2.471132516860962 2.8097829818725586 -0.38320478796958923
v -2.569499969482422 1.8554999828338623 -0.8648112416267395
v -2.427626371383667 2.4421048164367676 0.09115852415561676
v -2.34755277633667 1.9103081226348877 0.17944738268852234
v -2.349303960800171 1.7070361375808716 -0.11472054570913315
v -2.116469144821167 2.1607038974761963 -1.0378462076187134
v -2.2653439044952393 3.148218870162964 -0.6823593974113464
v -2.0773041248321533 1.7100000381469727 -0.14813360571861267
v -2.030541181564331 1.8834495544433594 -0.7104350924491882
v -2.2219674587249756 3.1833479404449463 -0.7834880948066711
v -2.6060123443603516 1.848537564277649 -0.792050302028656
v -2.0899081230163574 1.8549154996871948 -0.1835440993309021
v -2.3927955627441406 2.675328493118286 -0.1413576453924179
v -2.4104371070861816 2.511695146560669 -0.26194605231285095
v -2.4655585289001465 1.690864086151123 -1.1677182912826538
v -2.517129421234131 2.1496670246124268 -0.7655729055404663
v -2.066208839416504 2.424532890319824 -0.9410878419876099
v -2.1186485290527344 2.6505391597747803 -0.4310702979564667
v -2.2507517337799072 2.9218192100524902 -0.3835774064064026
v -2.2082953453063965 1.8863976001739502 0.3140178918838501
v -2.138000011444092 1.7176272869110107 0.2203194499015808
v -2.091693878173828 2.4762377738952637 -0.8755190372467041
v -1.9960280656814575 1.6698083877563477 -0.6646353602409363
v -2.506697177886963 2.695302724838257 -0.32754412293434143
v -2.1087536811828613 2.1510980129241943 -1.0058599710464478
v -2.1871461868286133 1.680580735206604 -1.1957260370254517
v -2.0871381759643555 1.708784580230713 -0.08974843472242355
v -2.5358383655548096 1.7006181478500366 -0.3539999723434448
v -2.409860134124756 2.4643704891204834 -0.4378952085971832
v -2.1618309020996094 2.422105550765991 -0.9692535400390625
v -2.5759685039520264 1.9118874073028564 0.36340585350990295
v -2.082792043685913 1.8535281419754028 -0.22036537528038025
v -2.0945050716400146 2.042435884475708 -0.5508216023445129
v -2.269609212875366 2.475764036178589 -0.029700586572289467
v -2.5279719829559326 2.506887435913086 -0.7659501433372498
v -2.2839534282684326 1.6942272186279297 0.3842051923274994
v -2.1167633533477783 1.690561294555664 0.4332285225391388
v -2.607337713241577 2.5810129642486572 -0.7857340574264526
v -2.355928421020508 2.4531428813934326 -0.48200008273124695
v -2.1338629722595215 1.710719108581543 0.1342392861843109
v -2.205533742904663 2.336949348449707 0.04073875769972801
v -2.411447763442993 2.490910530090332 -0.3114776015281677
v -2.378720283508301 2.526071071624756 -1.2578916549682617
v -2.298936367034912 2.5789542198181152 -0.9349310994148254
v -2.257208824157715 2.125906229019165 -1.3163350820541382
v -2.5282163619995117 2.202526569366455 -0.5295813679695129
v -2.5249569416046143 1.887163758277893 -1.0336723327636719
v -2.3139970302581787 1.8875552415847778 0.1572238802909851
v -2.199105739593506 3.025242328643799 -0.43533360958099365
v -2.4182496070861816 2.4282801151275635 -1.240656852722168
v -2.26077938079834 2.291142225265503 -1.0527206659317017
v -2.7015178203582764 1.719499945640564 0.29259511828422546
v -2.5439600944519043 2.526480197906494 -1.1356480121612549
v -2.378444194793701 2.5991218090057373 -0.4149010181427002
v -2.5602519512176514 1.8575785160064697 -0.6881855726242065
v -2.1052305698394775 2.081974983215332 -0.527404248714447
v -2.1496076583862305 2.4242982864379883 -0.9646031260490417
v -2.01200008392334 1.6769832372665405 -0.704954206943512
v -2.247621536254883 1.8784793615341187 -0.49094951152801514
v -2.108994960784912 2.0965728759765625 -0.5207110643386841
v -2.3688125610351562 1.7180625200271606 0.08675003796815872
v -2.0879323482513428 1.6683542728424072 -1.147447943687439
v -2.1224124431610107 1.6739602088928223 -1.1728410720825195
v -2.5118470191955566 1.9175994396209717 -1.0886656045913696
v -2.6070001125335693 2.5799267292022705 -0.7800420522689819
v -2.446470022201538 1.7224096059799194 0.10054825991392136
v -2.045650005340576 1.7038099765777588 -0.4582497775554657
v -2.3173017501831055 1.9153491258621216 -0.19713351130485535
v -2.5643906593322754 2.616605281829834 -0.4096469283103943
v -2.373624324798584 2.9710991382598877 -0.9484677314758301
v -2.493000030517578 2.306227684020996 -0.002591580618172884
v -2.2634692192077637 2.5497846603393555 -0.5008615851402283
v -2.426608085632324 2.5868425369262695 -1.2107117176055908
v -2.311957359313965 2.414677858352661 -0.968000054359436
v -2.3876407146453857 3.012281656265259 -0.6648834943771362
v -2.386338710784912 2.962376594543457 -0.9302764534950256
v -2.2231943607330322 3.144212007522583 -0.8899462819099426
v -2.32865571975708 2.9924652576446533 -0.9910397529602051
v -2.4456231594085693 2.2276370525360107 0.35067787766456604
v -2.3468523025512695 2.858856439590454 -0.7165284752845764
v -2.306654453277588 2.296743631362915 0.2740490436553955
v -2.1005094051361084 2.0667471885681152 -0.5355537533760071
v -2.6762032508850098 1.7078616619110107 -0.3530691862106323
v -2.032438278198242 1.701938271522522 -0.5588687062263489
v -1.9886841773986816 1.675592064857483 -0.7772887349128723
v -2.71468448638916 1.8586844205856323 0.2820735275745392
v -2.2388057708740234 1.8980000019073486 0.23780201375484467
v -2.5426242351531982 2.649689197540283 -0.36949774622917175
v -2.334923505783081 1.684524655342102 0.18960332870483398
v -2.005296230316162 1.6981465816497803 0.09747760742902756
v -2.2559070587158203 2.4470813274383545 -0.45719775557518005
v -2.5036892890930176 1.9338058233261108 -1.1141794919967651
v -2.491816997528076 2.265907049179077 0.16245900094509125
v -2.3828883171081543 2.5324819087982178 -1.2518171072006226
v -2.458498954772949 1.7015000581741333 -0.3530000150203705
v -2.1144866943359375 1.7018225193023682 -0.7406030893325806
v -2.3981122970581055 2.953510284423828 -0.9035967588424683
v -2.3318557739257812 1.7233195304870605 -0.8267783522605896
v -2.458427667617798 2.0916543006896973 0.460207462310791
v -2.2062759399414062 3.0187249183654785 -1.004482388496399
v -2.651564359664917 1.8645000457763672 -0.39129358530044556
v -2.1751973628997803 3.0154616832733154 -0.4743979871273041
v -2.0458340644836426 1.7036994695663452 -0.4573288857936859
v -2.5413901805877686 1.9136220216751099 0.251414030790329
v -2.1143791675567627 2.136111259460449 -0.5031943321228027
v -2.4530930519104004 2.1611430644989014 0.4062640964984894
v -1.9587252140045166 2.5809502601623535 -0.6266942024230957
v -2.062999963760376 1.6969454288482666 -0.3232330083847046
v -2.322946071624756 2.094712018966675 0.11286009103059769
v -2.280261993408203 2.398005723953247 0.13512533903121948
v -2.2662923336029053 3.0662906169891357 -0.43203985691070557
v -2.1106531620025635 2.1532347202301025 -1.0133675336837769
v -2.271991014480591 2.241091012954712 -1.0295546054840088
v -2.064706563949585 2.58113431930542 -0.5285819172859192
v -2.20662784576416 2.5747714042663574 -0.9375
v -2.0989389419555664 3.073463201522827 -0.7663047909736633
v -2.5208334922790527 2.76741623878479 -0.41194477677345276
v -2.535426139831543 2.6609749794006348 -0.35656818747520447
v -2.1241660118103027 2.1933367252349854 -1.101670742034912
v -2.425274133682251 2.3673224449157715 -1.1378583908081055
v -2.3769538402557373 2.0776848793029785 -0.37308818101882935
v -2.6951611042022705 1.8606693744659424 0.024466753005981445
v -2.1195828914642334 2.8641836643218994 -0.7995669841766357
v -1.9569998979568481 2.5694353580474854 -0.6658923625946045
v -2.0949184894561768 1.8583877086639404 -0.049296785145998
v -2.2739334106445312 2.903454542160034 -0.6349124908447266
v -2.239891529083252 1.7154251337051392 0.0809999331831932
v -2.198890209197998 2.3643534183502197 -0.4765367805957794
v -2.4526712894439697 2.0990521907806396 -1.1989469528198242
v -2.2683017253875732 2.4589905738830566 0.03205548971891403
v -2.2073075771331787 1.8684314489364624 0.5787256360054016
v -2.3807101249694824 2.8631458282470703 -0.46103182435035706
v -2.461681604385376 2.0563652515411377 0.4787266254425049
v -2.027719736099243 1.879699468612671 -0.7313030958175659
v -2.354458808898926 1.7080836296081543 -0.16004632413387299
v -2.2436442375183105 3.077787160873413 -0.5547072887420654
v -2.1665000915527344 3.0044801235198975 -0.5211390256881714
v -2.4557673931121826 2.4919257164001465 -0.9063465595245361
v -2.296999454498291 2.53865385055542 -0.10303843021392822
v -2.6388487815856934 1.7249157428741455 0.12958437204360962
v -2.3337299823760986 2.9913339614868164 -0.9869691729545593
v -2.2552990913391113 3.130239486694336 -0.903260350227356
v -2.059983015060425 1.868499994277954 0.1706678718328476
v -2.4430992603302 1.8984792232513428 0.13303136825561523
v -2.118292808532715 1.6876217126846313 0.44031745195388794
v -2.289623260498047 1.8884879350662231 -0.4695482850074768
v -2.3952388763427734 1.736721396446228 0.5703929662704468
v -2.1858999729156494 1.8817999362945557 0.4303009808063507
v -2.302396774291992 2.99739670753479 -1.0098620653152466
v -2.648653268814087 1.8645000457763672 -0.42612913250923157
v -2.562533140182495 1.7264853715896606 0.11794169992208481
v -2.1310694217681885 2.107710123062134 -1.2069973945617676
v -2.6615853309631348 1.72337806224823 0.1304999738931656
v -2.0856516361236572 1.8619999885559082 0.030160080641508102
v -2.711754083633423 1.85700261592865 0.22403152287006378
v -2.243604898452759 2.705010414123535 -0.1307552009820938
v -2.5079400539398193 2.263619899749756 0.06825629621744156
v -2.241569757461548 2.3812906742095947 -1.0479496717453003
v -2.3055663108825684 2.30066180229187 0.2694779634475708
v -1.9094513654708862 2.479295253753662 -0.6288263201713562
v -2.2427456378936768 3.068189859390259 -0.5964203476905823
v -2.2466869354248047 2.167987585067749 0.30201256275177
v -2.1910228729248047 1.713344931602478 0.0809999331831932
v -2.234365463256836 2.5461270809173584 -0.4412834346294403
v -2.051867961883545 1.9693790674209595 -0.5996484160423279
v -2.412768840789795 2.8480091094970703 -0.37907400727272034
v -2.503999948501587 2.3269999027252197 -0.1855197250843048
v -2.648169755935669 1.8645000457763672 -0.43610402941703796
v -2.0527873039245605 1.9614429473876953 -1.0800178050994873
v -2.488072633743286 1.8924999237060547 -0.5131565928459167
v -2.114103317260742 2.128391742706299 -0.5070540904998779
v -2.3944103717803955 2.6906721591949463 -1.1195861101150513
v -2.1246116161346436 2.177781820297241 -1.079007863998413
v -2.0980215072631836 2.4174211025238037 -1.1755214929580688
v -2.425102949142456 1.6922228336334229 -1.1906142234802246
v -2.373141050338745 1.9589910507202148 -1.2240660190582275
v -2.6641509532928467 1.8580503463745117 -0.16064120829105377
v -2.6220805644989014 2.5083110332489014 -0.5744736790657043
v -2.5053696632385254 1.8910186290740967 -0.5318323373794556
v -2.157383441925049 2.8122870922088623 -0.3875381648540497
v -2.3452954292297363 2.5440497398376465 -0.10477488487958908
v -2.6228201389312744 2.4630000591278076 -0.8554396629333496
v -2.5427346229553223 2.154356002807617 -0.5725565552711487
v -2.16610050201416 1.7127957344055176 0.08079575002193451
v -2.2775893211364746 1.8944411277770996 0.17573396861553192
v -2.160310745239258 2.837188482284546 -0.7538142800331116
v -2.3900043964385986 1.7219369411468506 -0.7838374972343445
v -2.325652599334717 1.695873737335205 0.36033156514167786
v -2.496000051498413 2.3811562061309814 -0.41360604763031006
v -2.562135696411133 1.84278404712677 -0.8709046244621277
v -2.283179998397827 2.579800844192505 -0.9361019134521484
v -2.1687581539154053 1.8647329807281494 0.5500589609146118
v -2.061891794204712 1.6949459314346313 -0.35462358593940735
v -2.3364086151123047 2.5738635063171387 -0.927841067314148
v -2.14805269241333 2.18587327003479 -1.2464226484298706
v -2.3107173442840576 1.9028912782669067 -0.027912963181734085
v -2.4878766536712646 2.4963877201080322 -0.9296179413795471
v -2.2271432876586914 2.2568249702453613 0.19080762565135956
v -2.0355777740478516 1.7041553258895874 -0.526136577129364
v -2.2176196575164795 1.7138254642486572 -0.3191508650779724
v -2.4260897636413574 2.369769334793091 -1.1377677917480469
v -2.0777130126953125 1.7099467515945435 -0.14522208273410797
v -2.567139148712158 1.9110000133514404 0.33991798758506775
v -2.4439611434936523 2.2388880252838135 0.341535747051239
v -2.52972674369812 1.883363962173462 -1.0230013132095337
v -2.25006103515625 2.122354745864868 0.35308417677879333
v -2.421295642852783 2.699080228805542 -0.41100364923477173
v -2.4843873977661133 2.622786521911621 -0.49665722250938416
v -2.2155489921569824 2.81498384475708 -0.7113983035087585
v -2.0903332233428955 1.7094999551773071 0.43117547035217285
v -2.080634832382202 1.8378260135650635 -0.34362301230430603
v -2.6914639472961426 1.8616787195205688 -0.0006101726903580129
v -2.132558822631836 2.9883956909179688 -0.9668710231781006
v -2.4993045330047607 2.1031463146209717 -0.9936478137969971
v -2.0879688262939453 1.7089922428131104 -0.08372646570205688
v -2.1037962436676025 1.7099695205688477 0.44404125213623047
v -2.154323101043701 2.349614381790161 -1.2539409399032593
v -2.4141764640808105 2.5428717136383057 -0.1358698159456253
v -1.998732089996338 2.575176954269409 -0.8873974084854126
v -2.5671703815460205 1.8550471067428589 -0.9133654236793518
v -2.4238193035125732 2.703294038772583 -0.2624915838241577
v -2.6053593158721924 2.600208282470703 -0.8621199727058411
v -2.578795909881592 1.8771703243255615 0.5774545073509216
v -2.048722982406616 1.8541570901870728 -0.9762143492698669
v -2.485992908477783 2.7143213748931885 -0.3074464499950409
v -2.503532886505127 1.9343796968460083 -1.114857792854309
v -2.390517473220825 2.543309450149536 -1.2419073581695557
v -2.1071290969848633 2.2499873638153076 -1.140743613243103
v -2.377725601196289 1.9797650575637817 -1.236572027206421
v -2.5380795001983643 2.65708327293396 -0.360105961561203
v -2.270336151123047 2.4808545112609863 -0.03769966959953308
v -2.6061553955078125 1.9367268085479736 0.45645377039909363
v -2.408872604370117 2.5103259086608887 -0.26683586835861206
v -2.3913583755493164 2.268745183944702 -1.2637138366699219
v -2.58971905708313 1.9135936498641968 0.3986889123916626
v -2.372999906539917 2.1554174423217773 -0.25789675116539
v -2.1738507747650146 1.6794034242630005 -1.1923158168792725
v -2.138838768005371 1.7160167694091797 0.16348667442798615
v -2.3719985485076904 2.5615005493164062 -0.9145004749298096
v -2.577172040939331 1.9847984313964844 0.4399004876613617
v -2.5691728591918945 2.006220817565918 0.4334336817264557
v -2.5190000534057617 2.1916565895080566 -0.6462727189064026
v -2.036705493927002 1.7057054042816162 -0.5094164609909058
v -2.138000011444092 1.7174999713897705 0.22889722883701324
v -2.183500051498413 2.747934103012085 -1.1447829008102417
v -2.105656623840332 2.324537515640259 -1.167626976966858
v -1.9304323196411133 2.423063278198242 -0.8647338151931763
v -2.499171495437622 1.866050124168396 -0.09915055334568024
v -2.6028568744659424 2.6614134311676025 -0.49808648228645325
v -2.4739959239959717 2.656595230102539 -0.45944836735725403
v -2.5601165294647217 1.857894778251648 -0.6869208812713623
v -2.58724045753479 1.8767406940460205 0.5746667981147766
v -2.1966469287872314 2.951056957244873 -1.0341919660568237
v -2.062999963760376 1.6968822479248047 -0.3236960172653198
v -2.15861439704895 1.6781954765319824 -1.1878184080123901
v -2.355600118637085 2.196500301361084 -0.08740108460187912
v -2.3080735206604004 2.3445587158203125 -1.3118088245391846
v -2.472655773162842 2.6580569744110107 -0.4573773443698883
v -2.281717300415039 2.2051074504852295 -1.2840105295181274
v -1.9403114318847656 2.5033416748046875 -0.558565616607666
v -2.469094753265381 1.7313816547393799 -0.8718165755271912
v -2.088560104370117 1.8547228574752808 -0.19047671556472778
v -2.4536447525024414 2.151479959487915 0.4154476821422577
v -2.1780927181243896 1.7182997465133667 0.5424946546554565
v -2.248401641845703 2.33656907081604 -1.05649995803833
v -2.1541969776153564 1.7176295518875122 0.5233262777328491
v -2.308694839477539 2.347872495651245 -1.3116017580032349
v -2.287247896194458 2.798255681991577 -0.4951413571834564
v -2.1866838932037354 2.2972323894500732 -0.5658096671104431
v -2.128296375274658 1.7102274894714355 0.30388355255126953
v -2.713182210922241 1.8574999570846558 0.23522984981536865
v -2.373500108718872 2.1177306175231934 -0.3259912133216858
v -2.5118086338043213 2.625244379043579 -1.014106035232544
v -2.328617811203003 1.7080392837524414 -1.0997867584228516
v -2.159942150115967 2.3017077445983887 -0.28576040267944336
v -2.219635248184204 2.2754502296447754 0.16604085266590118
v -2.0960545539855957 2.90041184425354 -0.8538027405738831
v -2.2171990871429443 2.814450263977051 -0.7103804349899292
v -2.1139557361602783 3.096605062484741 -0.8398228287696838
v -2.3191404342651367 3.0429883003234863 -0.4087573289871216
v -2.2206785678863525 2.577113151550293 -0.9375
v -2.454174041748047 1.8233400583267212 -1.0474129915237427
v -2.0536742210388184 1.8524564504623413 -0.9866198301315308
v -2.5777945518493652 2.559000015258789 -1.0955644845962524
v -2.0618715286254883 1.8658756017684937 0.26898524165153503
v -2.6530001163482666 1.8647383451461792 -0.3702562153339386
v -2.7086257934570312 1.8557813167572021 0.19959868490695953
v -2.1622376441955566 1.8402278423309326 -1.0896930694580078
v -2.3376705646514893 3.0411055088043213 -0.44414371252059937
v -2.2998194694519043 2.3045058250427246 -1.310591220855713
v -2.220512628555298 3.078390121459961 -0.9671633243560791
v -2.0903663635253906 1.7125996351242065 -0.04723779484629631
v -2.355685234069824 1.893945336341858 -0.45855480432510376
v -2.1126301288604736 2.871314525604248 -0.8097773194313049
v -2.6838860511779785 1.7122279405593872 -0.6598042249679565
v -2.32511830329895 1.7066447734832764 -1.1096184253692627
v -2.574705123901367 2.692383050918579 -0.4777935743331909
v -2.4980692863464355 2.5840888023376465 -0.5492083430290222
v -2.3704335689544678 2.1868996620178223 -0.16833509504795074
v -2.2678022384643555 2.461686611175537 0.017066843807697296
v -2.415395975112915 2.304070472717285 -1.141010046005249
v -2.3019022941589355 1.695853590965271 -1.1790125370025635
v -2.1139779090881348 1.6985447406768799 0.414806067943573
v -2.1172873973846436 1.7111709117889404 0.08127640932798386
v -2.7094621658325195 1.7176893949508667 -0.3825981616973877
v -2.360586643218994 3.0309133529663086 -0.4977119565010071
v -2.2922444343566895 1.8960000276565552 -0.3852829039096832
v -2.3489460945129395 3.0377466678619385 -0.4673921465873718
v -2.4132883548736572 1.8890889883041382 0.6119111180305481
v -2.303497314453125 1.910496473312378 -0.29801860451698303
v -2.308154821395874 1.9037697315216064 3.274496702942997e-05
v -2.4917380809783936 2.595404863357544 -0.53121417760849
v -2.578888416290283 1.6978830099105835 -1.0565210580825806
v -2.519041061401367 2.1944918632507324 -0.6399345993995667
v -2.02209734916687 2.497433662414551 -0.6344470977783203
v -2.510164260864258 1.9207546710968018 -1.0939242839813232
v -2.5142147541046143 2.1206674575805664 -0.8959002494812012
v -2.7168073654174805 1.7171149253845215 0.07933840900659561
v -2.611715078353882 1.7260000705718994 0.12697935104370117
v -2.4859530925750732 2.1460468769073486 -0.9081025719642639
v -2.600680112838745 2.61334490776062 -0.9093548655509949
v -2.5666613578796387 1.9109323024749756 0.3385520875453949
v -2.614060878753662 2.5039288997650146 -0.6452226042747498
v -2.1134297847747803 2.156358480453491 -1.023432731628418
v -2.516035318374634 2.216618061065674 -0.5981935262680054
v -2.2670884132385254 3.0561022758483887 -0.42202892899513245
v -2.457803726196289 1.7015000581741333 -0.3530000150203705
v -2.0652174949645996 1.7087764739990234 -0.30368831753730774
v -1.9750032424926758 2.6103179454803467 -0.5580527186393738
v -2.63476300239563 1.7087287902832031 0.22047443687915802
v -2.7052247524261475 1.85527503490448 0.16117414832115173
v -2.138554334640503 1.715163230895996 0.1599302440881729
v -1.9107518196105957 2.434398651123047 -0.8054545521736145
v -2.481898784637451 1.8766013383865356 -0.2932431697845459
v -2.1167755126953125 1.8600314855575562 0.4154009521007538
v -2.684504270553589 1.716012954711914 -0.7041428089141846
v -2.359407663345337 2.9935121536254883 -0.6266868710517883
v -2.3926515579223633 3.042585849761963 -0.7303428649902344
v -2.437091588973999 2.511229991912842 -0.9053217768669128
v -2.063884735107422 1.7066231966018677 -0.2318309247493744
v -2.3824825286865234 2.4586966037750244 -0.4674105644226074
v -2.286165952682495 2.801334857940674 -0.5041714310646057
v -2.4624688625335693 2.0492806434631348 0.48187536001205444
v -2.1845524311065674 2.365447521209717 -0.03606637939810753
v -2.569643974304199 1.8554999828338623 -0.8908056020736694
v -2.316732883453369 1.8089275360107422 -1.0809274911880493
v -2.036301374435425 2.027125597000122 -0.9390729665756226
v -2.477006196975708 2.1833126544952393 -0.9773939847946167
v -2.1594576835632324 3.1043903827667236 -0.9304575324058533
v -2.4773991107940674 1.8275712728500366 -1.0342007875442505
v -2.504551410675049 2.640387773513794 -1.0274016857147217
v -2.3715789318084717 2.8534038066864014 -0.46842098236083984
v -2.3516013622283936 2.997101306915283 -0.5689170956611633
v -2.390923023223877 1.7218221426010132 -0.7762604355812073
v -2.4698448181152344 2.7255001068115234 -0.28983017802238464
v -2.348186492919922 2.7456915378570557 -1.1256238222122192
v -2.2289462089538574 3.184000015258789 -0.7645912170410156
v -2.0340001583099365 1.8850001096725464 -0.6939992308616638
v -2.6086618900299072 1.7047874927520752 -1.042101502418518
v -2.1641244888305664 2.2341651916503906 -0.6949396729469299
v -2.1274447441101074 1.6749130487442017 0.46338969469070435
v -2.511981964111328 1.7249566316604614 0.11078310757875443
v -2.3050684928894043 2.3024537563323975 0.2673874497413635
v -2.1386003494262695 2.131801128387451 -1.2204256057739258
v -2.246500015258789 2.6539499759674072 -0.9568166732788086
v -2.3884851932525635 1.722000002861023 -0.7954844236373901
v -2.3348121643066406 1.8870044946670532 0.1508348137140274
v -2.3800737857818604 1.87496817111969 -1.150162696838379
v -2.6216981410980225 2.6195015907287598 -0.594790518283844
v -2.0863726139068604 2.1331863403320312 -0.9257687926292419
v -2.34065580368042 3.107752799987793 -0.8823657035827637
v -2.600170373916626 2.56365966796875 -0.4682084023952484
v -2.1973512172698975 2.960918426513672 -1.030317783355713
v -2.370548725128174 3.0849609375 -0.8628008961677551
v -2.277836799621582 2.8843777179718018 -0.5972041487693787
v -2.5242695808410645 2.492884874343872 -0.8580735921859741
v -2.1566379070281982 2.839132785797119 -0.7570546865463257
v -2.1496527194976807 2.3079397678375244 -1.2517824172973633
v -2.4380359649658203 2.2764179706573486 0.3087160885334015
v -2.047408103942871 1.7027958631515503 -0.44966331124305725
v -2.185652494430542 2.7760722637176514 -1.1279652118682861
v -2.5453402996063232 2.527170181274414 -1.1339914798736572
v -2.6101632118225098 1.8481947183609009 -0.7833681702613831
v -2.6229827404022217 2.6184310913085938 -0.6009995937347412
v -2.2399065494537354 3.013312339782715 -1.0225940942764282
v -2.0341992378234863 2.627199172973633 -0.41057202219963074
v -2.220977783203125 2.2719249725341797 0.1710529625415802
v -2.118542194366455 2.497403860092163 -0.908994197845459
v -2.2255001068115234 3.1598198413848877 -0.8570641279220581
v -2.1471569538116455 2.193669080734253 -0.7582398653030396
v -2.3363773822784424 2.5738742351531982 -0.9278532266616821
v -2.297335386276245 1.90328049659729 -0.3312073349952698
v -2.3952481746673584 2.2516493797302246 -1.2617872953414917
v -2.066922664642334 2.0162887573242188 -0.8727908730506897
v -2.348752498626709 1.706668496131897 -0.10736850649118423
v -2.2181198596954346 1.7138557434082031 -0.3192114531993866
v -2.163917303085327 2.835317611694336 -0.7506348490715027
v -2.3715665340423584 1.7181575298309326 0.08712984621524811
v -2.339556932449341 1.943988561630249 0.18731440603733063
v -2.146419048309326 2.803922414779663 -0.39103376865386963
v -2.602712869644165 1.8992162942886353 0.46892207860946655
v -2.300673007965088 1.694923996925354 0.3741038739681244
v -2.584533452987671 1.740065097808838 0.49247780442237854
v -2.4995110034942627 1.9005056619644165 0.16901791095733643
v -2.1762900352478027 2.495981216430664 -1.248524785041809
v -2.5277976989746094 2.495797872543335 -0.8177365660667419
v -2.4735372066497803 2.6570956707000732 -0.45873934030532837
v -2.05631685256958 1.9051752090454102 -1.0252808332443237
v -2.5725998878479004 2.694931745529175 -0.4761313796043396
v -2.0713050365448 1.7084025144577026 -0.19457224011421204
v -2.6448769569396973 1.8618769645690918 -0.48047664761543274
v -2.42549991607666 2.38075852394104 0.17392687499523163
v -2.6846725940704346 1.714672565460205 -0.8060745596885681
v -2.5317647457122803 1.8362371921539307 -0.9186817407608032
v -2.188199758529663 1.9060993194580078 -1.161899209022522
v -2.0641255378723145 2.580500841140747 -0.5293741226196289
v -2.1055068969726562 2.76350736618042 -0.41699451208114624
v -2.4909563064575195 1.8924190998077393 -0.5158753395080566
v -2.197751522064209 2.6112051010131836 -0.3208818733692169
v -2.5134832859039307 2.2323367595672607 -0.49093303084373474
v -2.180424451828003 3.103192090988159 -0.945500910282135
v -2.1831953525543213 1.9059648513793945 0.4764609634876251
v -2.1759767532348633 2.8301565647125244 -0.7400498986244202
v -2.387314558029175 1.727548599243164 -0.8461943864822388
v -2.7075839042663574 1.7226871252059937 -0.3402128219604492
v -2.4380381107330322 2.2764055728912354 0.308728963136673
v -1.9212573766708374 2.4825022220611572 -0.6039864420890808
v -2.3502674102783203 1.9006630182266235 0.17451465129852295
v -1.9596234560012817 2.563917636871338 -0.6866516470909119
v -2.4276123046875 2.3374898433685303 0.23245927691459656
v -2.178499937057495 2.552496910095215 -1.2388283014297485
v -2.170156478881836 3.011742353439331 -0.4902021288871765
v -2.3536508083343506 1.717543125152588 -1.0002458095550537
v -2.183155059814453 2.598806142807007 -1.2281279563903809
v -2.342747211456299 2.46049427986145 -1.2912205457687378
v -2.326673984527588 3.042360544204712 -0.4224292039871216
v -1.9736690521240234 2.607734203338623 -0.5622004866600037
v -2.2994794845581055 2.5390353202819824 -0.10313383489847183
v -2.380821943283081 1.873378038406372 -1.1480114459991455
v -2.7052674293518066 1.8552323579788208 0.16215479373931885
v -2.5822386741638184 1.7020000219345093 -0.35499992966651917
v -2.1782398223876953 2.535698175430298 -1.241780161857605
v -2.701580047607422 1.719499945640564 0.29205024242401123
v -2.2000012397766113 2.6068308353424072 -0.33100661635398865
v -2.0824294090270996 1.8624283075332642 0.0503518208861351
v -2.055065393447876 2.570078134536743 -0.5414150953292847
v -2.3670010566711426 2.032639741897583 0.5215739607810974
v -1.8841047286987305 2.46269154548645 -0.7228447198867798
v -2.4042587280273438 2.9350173473358154 -0.8404319882392883
v -2.253211259841919 3.1679584980010986 -0.714357316493988
v -2.5538330078125 2.6430153846740723 -1.0085760354995728
v -2.0660486221313477 2.724998712539673 -0.43877556920051575
v -2.342966318130493 1.7141332626342773 -1.0474345684051514
v -2.0853734016418457 1.8542677164077759 -0.20663169026374817
v -2.094696283340454 2.937056303024292 -0.9061216711997986
v -2.383636951446533 1.9585049152374268 0.5768474340438843
v -1.9918843507766724 1.6702462434768677 -0.6852010488510132
v -2.1147356033325195 2.6423656940460205 -0.438292920589447
v -2.095520496368408 2.0269672870635986 -0.5598481893539429
v -2.5160999298095703 1.837321400642395 -0.9952144622802734
v -2.3939993381500244 2.5452146530151367 -0.11885683983564377
v -2.0223498344421387 2.4937875270843506 -0.680962085723877
v -2.064513683319092 2.433943510055542 -1.1385138034820557
v -2.3370251655578613 2.449322462081909 -0.48705998063087463
v -2.5806262493133545 1.9283827543258667 -0.6691218018531799
v -2.2105953693389893 1.6900043487548828 0.43093645572662354
v -2.344583749771118 2.1099770069122314 0.44471073150634766
v -1.9928141832351685 2.6497814655303955 -0.5060656070709229
v -2.525326728820801 2.541928291320801 -0.6335515379905701
v -2.599691390991211 2.6155691146850586 -0.9170161485671997
v -2.646409034729004 1.7039999961853027 -0.3544999361038208
v -2.087726354598999 2.0139999389648438 -0.7621052861213684
v -1.9588507413864136 2.5812013149261475 -0.62596595287323
v -2.455502510070801 1.8897504806518555 -0.4117417335510254
v -2.0165855884552 2.6850337982177734 -0.4593280553817749
v -2.6080000400543213 2.5855629444122314 -0.8049710392951965
v -2.562150001525879 2.5285251140594482 -1.0857751369476318
v -2.1211514472961426 2.861988067626953 -0.7970578670501709
v -2.3954999446868896 2.6486713886260986 -0.13210242986679077
v -2.491952419281006 2.0983612537384033 -1.0256028175354004
v -2.2814953327178955 1.8872162103652954 -0.4729370176792145
v -2.2765371799468994 2.8127055168151855 -0.7069429755210876
v -2.6106510162353516 1.7085052728652954 0.23043231666088104
v -2.176119804382324 2.255929708480835 -0.6352746486663818
v -2.330002546310425 2.1849846839904785 0.37251248955726624
v -2.626068353652954 2.6090612411499023 -0.6375288963317871
v -2.708369016647339 1.7068692445755005 -0.47322413325309753
v -2.4905130863189697 1.874500036239624 -0.21764926612377167
v -2.037322759628296 2.6312904357910156 -0.40709662437438965
v -2.5731709003448486 1.8448340892791748 -0.8534924983978271
v -2.0422232151031494 1.7058662176132202 -0.4753846526145935
v -2.07368803024292 1.7097293138504028 -0.1762252300977707
v -1.9630969762802124 2.5626940727233887 -0.7347970604896545
v -2.423239231109619 1.695503830909729 -0.33498480916023254
v -2.362816095352173 1.8940001726150513 -0.45788779854774475
v -2.5306758880615234 2.668046236038208 -0.3497128188610077
v -2.5762898921966553 2.559000015258789 -1.0967680215835571
v -2.0922436714172363 1.8602521419525146 -0.014931472949683666
v -2.5443646907806396 1.9129270315170288 0.26152145862579346
v -2.0734782218933105 1.6949963569641113 -0.7238229513168335
v -2.1283178329467773 2.8572089672088623 -0.7885764241218567
v -2.142864942550659 1.717445969581604 0.5104728937149048
v -2.0890021324157715 2.134455442428589 -0.9330971837043762
v -2.1815738677978516 2.589442729949951 -1.2306393384933472
v -2.472323417663574 1.7424938678741455 0.5400731563568115
v -2.227581739425659 1.713716745376587 -0.3211996257305145
v -2.5494837760925293 2.1320812702178955 -0.5895639061927795
v -2.20119309425354 2.556306838989258 -0.44438114762306213
v -2.1012370586395264 2.142906904220581 -0.9765334129333496
v -2.517648696899414 2.133042335510254 -0.831234872341156
v -2.1998772621154785 2.6070375442504883 -0.33044806122779846
v -2.4778614044189453 1.8276538848876953 -1.0338540077209473
v -2.3848748207092285 1.722000002861023 -0.8221105337142944
v -2.5234010219573975 2.5456321239471436 -0.6247523427009583
v -2.0630722045898438 1.8657039403915405 0.2737888991832733
v -2.447380781173706 1.6911094188690186 -1.1792666912078857
v -2.0468034744262695 1.703117847442627 -0.4524827301502228
v -2.704716205596924 1.7243918180465698 -0.3162842392921448
v -2.521162509918213 1.8955100774765015 -1.0493525266647339
v -2.2625949382781982 3.108717918395996 -0.6270858645439148
v -2.2427921295166016 2.708803653717041 -0.13265176117420197
v -2.3860230445861816 1.7035000324249268 -0.35251688957214355
v -2.6706674098968506 1.712499976158142 -0.8732929825782776
v -2.5280001163482666 2.5098469257354736 -0.7547896504402161
v -2.3845603466033936 2.739056348800659 -0.16419847309589386
v -2.217282295227051 3.0716354846954346 -0.971862256526947
v -2.3498215675354004 2.4482014179229736 -0.955519437789917
v -2.0810275077819824 1.862989068031311 0.05932510271668434
v -2.187891721725464 1.9111309051513672 0.47552159428596497
v -2.39457106590271 3.0534911155700684 -0.7741867899894714
v -2.189249277114868 2.6252505779266357 -0.28987327218055725
v -2.520782709121704 1.8380000591278076 -0.9876764416694641
v -2.370575428009033 2.5483412742614746 -0.4905833303928375
v -2.416318416595459 2.5416314601898193 -0.13812457025051117
v -2.543647289276123 1.9130882024765015 0.2591777443885803
v -2.5086774826049805 1.9048388004302979 0.1821010857820511
v -2.148566722869873 1.6731547117233276 0.4761026203632355
v -2.050605058670044 1.830693244934082 -0.8302554488182068
v -2.139559268951416 2.2124247550964355 -0.44063976407051086
v -2.5177488327026367 2.5534393787384033 -0.6095584034919739
v -2.1546647548675537 2.2883286476135254 -0.31717804074287415
v -2.329411029815674 2.145761489868164 0.040682803839445114
v -1.9584866762161255 2.5804643630981445 -0.628120481967926
v -2.2218401432037354 3.1400206089019775 -0.9007783532142639
v -2.427586078643799 2.4298787117004395 0.10960440337657928
v -2.3016371726989746 1.7160454988479614 0.08304554969072342
v -2.0743086338043213 1.708620548248291 0.08337946981191635
v -2.309436798095703 1.9149525165557861 -0.26830029487609863
v -2.3986384868621826 1.720600962638855 -0.7168129086494446
v -2.685215950012207 1.7116080522537231 -0.35332801938056946
v -2.138000011444092 1.717895746231079 0.21360883116722107
v -2.2671005725860596 3.0560731887817383 -0.42199814319610596
v -2.6218628883361816 2.6193642616271973 -0.5955869555473328
v -2.3300812244415283 1.723150610923767 -0.8261024355888367
v -2.1022462844848633 1.7001683712005615 -0.7359714508056641
v -2.06355881690979 1.8674263954162598 0.1439855545759201
v -2.036282777786255 1.8603585958480835 -0.947391927242279
v -1.9692424535751343 2.599203586578369 -0.5769915580749512
v -2.220366954803467 1.8931382894515991 0.27267539501190186
v -2.469134569168091 1.7423838376998901 0.5413926839828491
v -2.4326467514038086 1.6855480670928955 -0.5022786855697632
v -2.062999963760376 1.6967968940734863 -0.32432177662849426
v -2.1879799365997314 2.7070047855377197 -1.1661971807479858
v -2.1779425144195557 2.26227068901062 -0.6223191618919373
v -2.2496511936187744 1.6926244497299194 0.40503472089767456
v -2.273061990737915 2.587324857711792 -0.09180659800767899
v -2.3043534755706787 2.2629141807556152 -0.7287877798080444
v -2.699043035507202 1.867539644241333 0.3882449269294739
v -2.4545226097106934 2.820781707763672 -0.3796263039112091
v -2.2535669803619385 2.6870691776275635 -0.9599665403366089
v -2.052500009536743 1.9459776878356934 -1.063606858253479
v -2.2039835453033447 2.8950698375701904 -0.39481550455093384
v -2.2412359714508057 2.0310986042022705 -1.276362657546997
v -2.0281357765197754 1.8803930282592773 -0.7271419763565063
v -2.0371639728546143 1.6640746593475342 -1.0506196022033691
v -2.15366268157959 1.8716559410095215 0.4845907986164093
v -2.501814603805542 2.2764322757720947 0.05060156062245369
v -2.101503849029541 3.079707145690918 -0.7839223146438599
v -2.216492176055908 2.814669370651245 -0.7108142971992493
v -2.4960134029388428 2.338247060775757 -0.46277958154678345
v -2.437011480331421 1.722071886062622 0.09885917603969574
v -2.404832601547241 2.6813337802886963 -1.114883542060852
v -2.3620126247406006 2.869135856628418 -0.38963600993156433
v -2.426408052444458 2.3491573333740234 0.21569819748401642
v -2.607807159423828 2.5764095783233643 -0.7485430836677551
v -2.2738499641418457 2.9091999530792236 -0.6230497360229492
v -2.3130364418029785 1.6953976154327393 0.3672347962856293
v -2.17856764793396 2.559896469116211 -1.2372291088104248
v -2.3377397060394287 2.3452186584472656 -0.5981426239013672
v -2.320579767227173 1.7046165466308594 -1.120724081993103
v -2.0979537963867188 2.6104538440704346 -0.4824557602405548
v -2.103242874145508 3.0828375816345215 -0.7933638691902161
v -2.0794594287872314 2.674201726913452 -0.3645407557487488
v -2.4835472106933594 2.628669023513794 -0.4903547167778015
v -2.4839601516723633 2.7974674701690674 -0.38814452290534973
v -2.4157419204711914 2.5181312561035156 -0.24160608649253845
v -2.296816110610962 1.7271645069122314 0.5810806155204773
v -2.3788437843322754 2.0704610347747803 -0.3800390362739563
v -2.485630989074707 2.248769998550415 0.1960909366607666
v -2.636624813079834 2.4743332862854004 -0.7480413317680359
v -2.2789671421051025 2.5799965858459473 -0.9364999532699585
v -2.2260890007019043 2.2163193225860596 -0.7609975337982178
v -2.4181180000305176 1.7020000219345093 -0.3530000150203705
v -2.512047052383423 2.689728021621704 -0.3314732611179352
v -2.373157501220703 1.721517562866211 -0.8980715870857239
v -2.547172784805298 2.0485966205596924 0.4191344976425171
v -2.120591878890991 1.6819573640823364 0.4492332935333252
v -2.696500062942505 1.8593497276306152 0.04447808116674423
v -2.145345687866211 2.39870285987854 -1.2801285982131958
v -2.638119697570801 2.4720211029052734 -0.7620145082473755
v -2.283876895904541 2.8083035945892334 -0.5222956538200378
v -2.573188543319702 1.7226016521453857 -0.8942994475364685
v -2.165886163711548 2.2378292083740234 -0.687160313129425
v -2.708834648132324 1.7206614017486572 -0.3597128689289093
v -2.64079213142395 1.8560841083526611 -0.565698504447937
v -2.4391980171203613 2.125903606414795 -1.2199026346206665
v -2.4386589527130127 2.1269216537475586 -1.2206212282180786
v -2.44588565826416 2.7210965156555176 -0.2769208252429962
v -2.0242671966552734 2.5027482509613037 -0.6287517547607422
v -2.362581968307495 2.04695725440979 0.5087453722953796
v -2.301614284515381 2.3129677772521973 -1.3111040592193604
v -2.086296319961548 1.8619407415390015 0.02598598599433899
v -2.581796407699585 1.8769501447677612 0.5765511393547058
v -2.4644064903259277 1.8885927200317383 0.605685293674469
v -2.561119556427002 1.7400237321853638 0.5049403309822083
v -2.5280001163482666 2.5154294967651367 -0.7328171133995056
v -2.486922264099121 2.085965633392334 -1.0869389772415161
v -2.552471399307251 2.6332929134368896 -0.3909551203250885
v -2.6385607719421387 1.8505609035491943 -0.643770158290863
v -2.0861663818359375 2.0139999389648438 -0.7724008560180664
v -2.3603975772857666 3.0064640045166016 -0.5591203570365906
v -2.6835432052612305 1.7136955261230469 -0.8215247392654419
v -2.331970691680908 1.996382236480713 0.17744120955467224
v -2.338395595550537 2.13897967338562 0.4135410487651825
v -2.515500068664551 2.1611437797546387 0.33445027470588684
v -2.177184581756592 2.3746306896209717 -0.10014504939317703
v -2.171663522720337 3.0128726959228516 -0.48492756485939026
v -2.488208770751953 1.731039047241211 -0.8780696392059326
v -2.395476818084717 1.698299527168274 0.32381120324134827
v -2.237377405166626 2.7327587604522705 -0.14517256617546082
v -2.171299695968628 2.8547375202178955 -1.0917210578918457
v -2.313027858734131 1.8989720344543457 0.08997436612844467
v -2.6324331760406494 1.8454664945602417 -0.6861346364021301
v -2.0627012252807617 2.599595069885254 -0.9562228322029114
v -2.3811941146850586 2.8994226455688477 -0.768151044845581
v -2.42549991607666 2.403571367263794 0.14501884579658508
v -2.2595250606536865 3.131500005722046 -0.9017821550369263
v -2.6420013904571533 1.8590013980865479 -0.5162326693534851
v -2.569718837738037 1.8554999828338623 -0.8510869741439819
v -2.434995174407959 2.1350128650665283 -1.2251720428466797
v -2.254533052444458 3.0840001106262207 -0.4978351891040802
v -2.406860113143921 2.6676504611968994 -0.27803945541381836
v -2.5141563415527344 2.1607956886291504 -0.7272694110870361
v -2.520796060562134 1.8831939697265625 0.5960816144943237
v -2.2554290294647217 3.0837855339050293 -0.49217668175697327
v -2.2766358852386475 2.877413272857666 -0.6558150053024292
v -2.0980427265167236 3.070742607116699 -0.7594137787818909
v -2.0824637413024902 1.708759069442749 -0.11597634106874466
v -2.2728993892669678 2.430603265762329 0.09679589420557022
v -2.127007246017456 1.6755449771881104 0.4625145196914673
v -2.2800533771514893 2.398995876312256 0.13403081893920898
v -2.2680065631866455 2.4604673385620117 0.02319643273949623
v -2.3801777362823486 2.0646109580993652 -0.38521119952201843
v -2.384671688079834 2.7377753257751465 -0.16364137828350067
v -2.1070001125335693 2.363858461380005 -1.179732322692871
v -2.034209728240967 1.7053029537200928 0.09013695269823074
v -2.5032055377960205 2.3264999389648438 -0.12896740436553955
v -2.560573101043701 2.5296545028686523 -1.0930900573730469
v -2.0744762420654297 1.8264763355255127 -0.49126115441322327
v -2.367401361465454 3.087448835372925 -0.8649115562438965
v -2.4783828258514404 1.8790876865386963 -0.3145855665206909
v -2.571000099182129 1.8531280755996704 -0.7980285286903381
v -2.2615556716918945 2.9227182865142822 -0.38206353783607483
v -2.3424594402313232 2.459918737411499 -1.29140043258667
v -2.354581356048584 2.734079599380493 -1.128177523612976
v -2.4635274410247803 1.7015000581741333 -0.3530000150203705
v -2.2915000915527344 2.77750825881958 -0.8362621665000916
v -2.1390984058380127 1.6621655225753784 0.48475173115730286
v -2.321593761444092 1.8751991987228394 0.5951493382453918
v -2.092844247817993 2.6056454181671143 -0.4913599491119385
v -2.2366881370544434 2.7354180812835693 -0.14694532752037048
v -2.224600076675415 1.7138359546661377 -0.32048407196998596
v -2.1470000743865967 2.2764623165130615 -1.254073977470398
v -2.6966915130615234 1.7094999551773071 -0.5680044293403625
v -2.5121045112609863 1.72959303855896 -0.884831428527832
v -2.3122339248657227 2.2884681224823 -0.6813758015632629
v -2.268005609512329 2.4643430709838867 0.003447718918323517
v -2.0247673988342285 1.8750231266021729 -0.7613150477409363
v -2.536350727081299 1.837096929550171 -0.9120897054672241
v -1.9585041999816895 2.4232232570648193 -0.9566240310668945
v -2.5597848892211914 1.9105000495910645 0.31791171431541443
v -2.38236141204834 2.7673490047454834 -0.1860296130180359
v -2.6503517627716064 1.8645000457763672 -0.40430593490600586
v -2.5049495697021484 2.3011462688446045 -0.3197130560874939
v -2.1191554069519043 1.7089999914169312 0.33849382400512695
v -2.013474702835083 1.7110847234725952 -0.2827754318714142
v -2.3504104614257812 1.7074999809265137 -0.12721659243106842
v -2.2939999103546143 1.8983573913574219 -0.35664013028144836
v -2.326526403427124 2.118342876434326 0.0824722871184349
v -2.1876235008239746 2.625716209411621 -1.2153949737548828
v -2.50319242477417 2.328115224838257 -0.16418971121311188
v -2.6630001068115234 1.8574999570846558 -0.17847849428653717
v -2.400233745574951 2.3820486068725586 -1.2562283277511597
v -2.4923839569091797 2.2668142318725586 0.160417839884758
v -2.1989071369171143 1.9332212209701538 -1.1934248208999634
v -2.7049219608306885 1.8554999828338623 0.15420489013195038
v -2.0547866821289062 1.9144761562347412 -1.0329596996307373
v -2.237452268600464 2.401880979537964 -0.9773809313774109
v -2.5179998874664307 2.143388271331787 -0.7879469394683838
v -2.372999906539917 2.1279258728027344 -0.3099983334541321
v -2.454542636871338 2.493640422821045 -0.9065914750099182
v -2.1810009479522705 2.369398832321167 -0.05509443208575249
v -2.249936103820801 1.71678626537323 -0.7927173972129822
v -2.0189437866210938 1.6854153871536255 -0.6581481695175171
v -2.5322537422180176 1.887311577796936 -0.571944534778595
v -2.634739398956299 2.477912664413452 -0.7316968441009521
v -2.5038397312164307 2.2499661445617676 -0.4575190544128418
v -2.113548994064331 2.9706223011016846 -0.9461467862129211
v -2.070291757583618 1.880921483039856 -0.6307082772254944
v -2.0874416828155518 1.8732004165649414 -0.6133729219436646
v -2.1996583938598633 2.3328804969787598 -0.5118472576141357
v -2.313634157180786 1.7216954231262207 -0.8197739124298096
v -2.4487650394439697 1.7008593082427979 0.29947689175605774
v -2.216732978820801 1.690277099609375 0.4268445670604706
v -2.686375379562378 1.8624999523162842 -0.031048156321048737
v -2.6677019596099854 1.727853536605835 0.403626412153244
v -2.324179172515869 1.8755223751068115 0.5953918099403381
v -2.1273019313812256 1.71446692943573 0.48563680052757263
v -2.010550022125244 1.6688250303268433 -0.9225996732711792
v -2.415576934814453 2.300901412963867 -1.1405574083328247
v -2.4537546634674072 2.4258925914764404 -1.134691596031189
v -2.1688883304595947 2.242628335952759 -0.6737068891525269
v -2.6465179920196533 1.8635178804397583 -0.4613035023212433
v -2.277216672897339 2.412470579147339 0.1186920702457428
v -2.686253547668457 1.7100000381469727 -0.6239654421806335
v -2.497760534286499 2.2092366218566895 0.270529568195343
v -2.352069139480591 3.0364654064178467 -0.4739052653312683
v -2.3277342319488525 1.8759667873382568 0.5957250595092773
v -2.2095212936401367 1.9615468978881836 0.47599154710769653
v -2.4998979568481445 2.272184133529663 -0.40224355459213257
v -2.23024845123291 2.023245334625244 0.4297557771205902
v -2.3607676029205322 1.7194417715072632 -0.9651332497596741
v -2.4021565914154053 2.6421802043914795 -0.3127957880496979
v -2.3954999446868896 2.633312702178955 -0.12789350748062134
v -2.2634665966033936 1.6933987140655518 0.3965199887752533
v -2.5381064414978027 1.9143483638763428 0.24127443134784698
v -2.44632887840271 2.2226970195770264 0.3545594811439514
v -2.5246429443359375 1.8345357179641724 -0.9300177097320557
v -2.5012075901031494 1.9013538360595703 0.17177478969097137
v -2.600895643234253 2.561892509460449 -0.47113561630249023
v -2.285313367843628 1.6942839622497559 0.3833836615085602
v -2.5 2.2754807472229004 -0.3940466344356537
v -2.0850579738616943 1.8609910011291504 0.3401384949684143
v -2.7114999294281006 1.8590871095657349 0.3160861134529114
v -2.03865647315979 2.6331799030303955 -0.40542951226234436
v -2.1441712379455566 2.157355785369873 -1.233079195022583
v -2.197927236557007 2.9687671661376953 -1.0271503925323486
v -2.1886637210845947 1.7107584476470947 -0.7682751417160034
v -2.7048351764678955 1.7074161767959595 -0.5099870562553406
v -2.3808016777038574 2.7027034759521484 -1.1243417263031006
v -2.167813539505005 2.5562455654144287 -0.9375677704811096
v -2.373500108718872 2.1019985675811768 -0.34671610593795776
v -2.5280001163482666 2.50728702545166 -0.7643517255783081
v -2.712541341781616 1.7190136909484863 0.18750505149364471
v -2.075420618057251 1.9761003255844116 -0.5964398384094238
v -2.2183589935302734 2.5142862796783447 -0.19354011118412018
v -2.0968995094299316 1.6992063522338867 -0.7339127063751221
v -2.376753091812134 2.0784878730773926 -0.3723856806755066
v -2.4032843112945557 2.224820852279663 -1.2552155256271362
v -2.094135046005249 1.8553411960601807 -0.1569424867630005
v -2.1347386837005615 2.792728900909424 -0.39590054750442505
v -2.2032220363616943 2.554344654083252 -0.4551659822463989
v -2.669447422027588 1.7073420286178589 -0.35332900285720825
v -2.2655415534973145 2.2708752155303955 -1.0450730323791504
v -2.6954903602600098 1.7230095863342285 -0.17178820073604584
v -2.163778781890869 2.3139586448669434 -0.2606402337551117
v -2.3954999446868896 2.6470892429351807 -0.1317584365606308
v -2.6841650009155273 1.7116700410842896 -0.6510553956031799
v -2.117706298828125 2.8668112754821777 -0.8025699853897095
v -2.2315590381622314 3.184000015258789 -0.758432149887085
v -2.616950750350952 2.633751392364502 -0.5338958501815796
v -2.4751884937286377 1.7238808870315552 0.10540439188480377
v -2.2918410301208496 1.8962045907974243 -0.37213653326034546
v -2.6122188568115234 1.8480234146118164 -0.779085636138916
v -2.504499912261963 2.296888828277588 -0.334468811750412
v -2.197143077850342 2.3693833351135254 -0.46891140937805176
v -2.2266383171081543 2.76690411567688 -0.16955308616161346
v -2.5154757499694824 2.123926877975464 -0.8793890476226807
v -2.222496271133423 3.1841940879821777 -0.7804210186004639
v -1.9569998979568481 2.569704055786133 -0.66485595703125
v -2.462388277053833 2.444197654724121 -1.1295558214187622
v -2.23138165473938 3.184000015258789 -0.7588503360748291
v -2.183314085006714 2.8946566581726074 -1.0699002742767334
v -2.0615813732147217 1.7067208290100098 -0.244268536567688
v -2.043738842010498 1.8564482927322388 -0.9655712842941284
v -2.0673627853393555 2.602825880050659 -0.9591110348701477
v -2.5280001163482666 2.512888193130493 -0.7439472675323486
v -2.517524242401123 2.1477818489074707 -0.7722759246826172
v -2.2492105960845947 3.0821051597595215 -0.526421308517456
v -2.429246664047241 2.534980058670044 -0.1835927963256836
v -2.0191433429718018 1.8688567876815796 -0.8537976145744324
v -2.2970664501190186 2.442070484161377 -0.48757070302963257
v -2.031235933303833 1.7006475925445557 -0.5694665312767029
v -2.1859915256500244 2.295551061630249 -0.5686778426170349
v -2.409087657928467 1.6933941841125488 -1.1968649625778198
v -2.014366626739502 2.608896255493164 -0.42608895897865295
v -2.131927251815796 3.012573003768921 -0.6474164724349976
v -1.9651832580566406 2.5920636653900146 -0.5940839052200317
v -2.3762779235839844 1.9355032444000244 -0.4555000066757202
v -2.0468621253967285 2.4354135990142822 -1.1222758293151855
v -2.460853099822998 2.7255001068115234 -0.2822219729423523
v -2.1341323852539062 1.709473729133606 -0.3129824995994568
v -2.3458914756774902 2.10487961769104 0.45026904344558716
v -2.0716004371643066 1.7084399461746216 0.083560049533844
v -2.255472421646118 1.7216840982437134 0.5724141597747803
v -2.0596344470977783 1.9878358840942383 -1.110714077949524
v -2.5044071674346924 2.294175863265991 -0.344018816947937
v -1.9922032356262207 2.43471097946167 -1.0393986701965332
v -2.5637011528015137 2.617478609085083 -0.408681720495224
v -2.3800196647644043 2.065401554107666 -0.3845788240432739
v -2.1786317825317383 1.7115943431854248 -0.3156980872154236
v -2.200993299484253 2.9937055110931396 -1.0172672271728516
v -2.4076521396636963 2.4723377227783203 -0.35332438349723816
v -2.40106201171875 1.8415005207061768 -1.0883764028549194
v -2.4084999561309814 2.509831666946411 -0.26840147376060486
v -2.3103015422821045 1.915650725364685 -0.25196853280067444
v -2.2013800144195557 1.6879407167434692 0.43717795610427856
v -2.3011767864227295 2.997591733932495 -1.0105938911437988
v -2.3903677463531494 2.6172354221343994 -0.36516156792640686
v -2.412696123123169 2.485313892364502 -0.32386305928230286
v -2.1863625049591064 2.7284798622131348 -1.1544495820999146
v -2.636082649230957 2.4755430221557617 -0.7422023415565491
v -2.368374824523926 2.5625877380371094 -0.9155875444412231
v -2.578416585922241 1.8997501134872437 0.02050030417740345
v -2.344597816467285 2.109909772872925 0.4447886645793915
v -2.0109057426452637 1.6732622385025024 -0.7396716475486755
v -2.6426618099212646 1.8596619367599487 -0.5078959465026855
v -2.4525434970855713 2.4238429069519043 -1.1348779201507568
v -2.2009530067443848 2.345029830932617 -0.49851712584495544
v -2.2029659748077393 1.9451647996902466 -1.207130789756775
v -2.381392240524292 2.6028921604156494 -0.4049512445926666
v -2.488574504852295 2.0938804149627686 -1.0475980043411255
v -2.262794256210327 2.2048628330230713 -0.9564026594161987
v -2.5681369304656982 1.9016603231430054 0.0293629951775074
v -1.9193840026855469 2.4819257259368896 -0.6074448823928833
v -2.4868979454040527 2.0861129760742188 -1.0861289501190186
v -2.4163966178894043 2.187260389328003 -1.2426033020019531
v -2.6630001068115234 1.8574999570846558 -0.18639175593852997
v -2.6209394931793213 2.593818187713623 -0.6784398555755615
v -2.436678409576416 2.237348794937134 -1.0891567468643188
v -2.4976751804351807 1.9012908935546875 0.07847612351179123
v -2.546135425567627 1.695324420928955 -1.0979187488555908
v -2.419808864593506 2.2793917655944824 -1.1322277784347534
v -2.1818411350250244 2.479252338409424 -0.3528037667274475
v -2.2869691848754883 2.7990920543670654 -0.497511088848114
v -2.100545644760132 2.6136302947998047 -0.47682422399520874
v -2.467041254043579 1.8950103521347046 0.10146204382181168
v -2.095313549041748 2.938804864883423 -0.9080759286880493
v -2.49509859085083 2.5888419151306152 -0.5407764911651611
v -2.4618241786956787 2.491532325744629 -0.934967577457428
v -2.4930875301361084 2.4424960613250732 -0.29991665482521057
v -2.164245128631592 2.234487295150757 -0.6943963170051575
v -2.610353946685791 2.5079169273376465 -0.6290818452835083
v -2.0744569301605225 1.8264570236206055 -0.4918803870677948
v -2.0483484268188477 1.702325701713562 -0.4454317092895508
v -2.699815273284912 1.7092961072921753 -0.5500880479812622
v -2.2028791904449463 1.942813754081726 0.47864821553230286
v -2.4282643795013428 2.376293659210205 -1.1375261545181274
v -2.4237985610961914 2.58379864692688 -1.2123156785964966
v -2.1034252643585205 2.0179364681243896 -0.6577569246292114
v -2.3468430042266846 1.71536123752594 -1.0302666425704956
v -2.152761220932007 2.2827837467193604 -0.32986176013946533
v -2.5275158882141113 2.495516061782837 -0.8222441673278809
v -2.373500108718872 2.1056101322174072 -0.3415569067001343
v -2.052000045776367 1.829795241355896 -0.8002674579620361
v -2.0565247535705566 1.9036513566970825 -1.0238263607025146
v -2.495622158050537 1.8740756511688232 -0.18091894686222076
v -2.506009340286255 2.53080677986145 -1.158990740776062
v -2.363612413406372 2.4545068740844727 -0.47914814949035645
v -2.3356666564941406 3.0414698123931885 -0.44031813740730286
v -2.3926849365234375 1.7216018438339233 -0.7617244124412537
v -2.5140812397003174 2.1611344814300537 -0.7261776328086853
v -2.2814159393310547 2.8023359775543213 -0.9028998017311096
v -1.8843259811401367 2.4623045921325684 -0.7248897552490234
v -2.125636100769043 1.7095454931259155 0.10654480755329132
v -2.4690918922424316 2.1881954669952393 -0.9944770336151123
v -2.331141233444214 1.7088804244995117 -1.0916563272476196
v -2.2446506023406982 3.1773316860198975 -0.7331985831260681
v -2.630164384841919 1.8442761898040771 -0.7079611420631409
v -2.4862804412841797 1.8995400667190552 0.08633969724178314
v -2.1307413578033447 3.013758659362793 -0.649313747882843
v -2.6161062717437744 2.6323437690734863 -0.5378378033638
v -2.565969705581665 2.6146047115325928 -0.41185784339904785
v -2.354969024658203 1.7057164907455444 -0.348958820104599
v -2.528229236602783 2.516416549682617 -0.7283747792243958
v -2.6185672283172607 2.6224329471588135 -0.5786910057067871
v -2.1240956783294678 2.1937239170074463 -1.102128267288208
v -2.6541240215301514 1.8638759851455688 -0.32363611459732056
v -2.0573716163635254 1.867871642112732 0.2203628569841385
v -2.4969656467437744 2.3245747089385986 -0.47742530703544617
v -1.8827385902404785 2.4650826454162598 -0.7102056741714478
v -2.2090365886688232 3.028054714202881 -0.42654526233673096
v -2.1058201789855957 3.0409488677978516 -0.6948680877685547
v -2.536144733428955 1.8811794519424438 0.590118408203125
v -2.5792622566223145 2.634531021118164 -0.974534273147583
v -2.4817862510681152 2.800245523452759 -0.386936753988266
v -2.4264726638793945 2.5313339233398438 -0.1991642713546753
v -2.4047398567199707 1.7174725532531738 -0.6665531992912292
v -2.232903003692627 2.552694082260132 -0.4337816834449768
v -2.563694477081299 1.8431226015090942 -0.868437647819519
v -2.2121431827545166 3.053072690963745 -0.9838325381278992
v -2.32542085647583 2.2099111080169678 0.35219958424568176
v -2.0358712673187256 2.4884514808654785 -0.7372115850448608
v -2.001337766647339 1.6735539436340332 -0.8688783645629883
v -2.247283935546875 3.0811421871185303 -0.5347695350646973
v -2.238584280014038 2.218050956726074 0.23911739885807037
v -2.2124152183532715 3.0541608333587646 -0.9831979274749756
v -2.1753108501434326 2.254716157913208 -0.6390502452850342
v -2.2203445434570312 1.870307445526123 0.5854222178459167
v -2.4655778408050537 1.7016315460205078 0.2923163175582886
v -2.499016523361206 1.7008119821548462 -0.35368800163269043
v -2.4668073654174805 2.4945766925811768 -1.196461796760559
v -2.298755168914795 1.874500036239624 0.5962176322937012
v -2.2429940700531006 2.1883671283721924 0.2789583206176758
v -2.2906908988952637 2.4027934074401855 -0.9701378345489502
v -2.694706678390503 1.8608965873718262 0.02173992246389389
v -2.4137372970581055 2.688915252685547 -0.26247456669807434
v -2.2559547424316406 2.3071582317352295 -1.05501127243042
v -2.206852912902832 1.8853527307510376 0.3221777379512787
v -2.5029494762420654 2.273784637451172 0.05457295849919319
v -2.575901508331299 2.559000015258789 -1.097078800201416
v -2.5755674839019775 2.4877331256866455 -0.9680309295654297
v -2.7078988552093506 1.8590859174728394 0.33988893032073975
v -2.4883034229278564 1.7424999475479126 0.533469021320343
v -2.457876205444336 2.6627213954925537 -1.0826810598373413
v -2.1693074703216553 2.557615041732788 -0.9376922845840454
v -2.2589144706726074 3.0959084033966064 -0.6144255995750427
v -2.1889967918395996 2.6600468158721924 -0.2874126732349396
v -2.480220079421997 1.878139853477478 -0.3049692213535309
v -2.5600438117980957 1.7063498497009277 0.25225287675857544
v -2.610464096069336 1.9371803998947144 0.45736080408096313
v -2.187110424041748 2.904831647872925 -1.0628187656402588
v -2.538638114929199 1.9142154455184937 0.24326805770397186
v -2.269929885864258 2.5927834510803223 -0.09107157588005066
v -2.3654727935791016 3.0121545791625977 -0.547281801700592
v -2.3413965702056885 1.9331092834472656 0.18655182421207428
v -2.3429312705993652 2.8746395111083984 -1.0400500297546387
v -2.0461835861206055 2.435378074645996 -1.1215615272521973
v -2.202737331390381 1.8615965843200684 -0.5272101759910583
v -2.0993878841400146 2.6121416091918945 -0.47947052121162415
v -2.0461373329162598 1.6874953508377075 -0.7081512808799744
v -2.5280001163482666 2.4973161220550537 -0.806602954864502
v -1.9872541427612305 1.6748771667480469 -0.7670338749885559
v -2.2014262676239014 2.40854811668396 -0.9773806929588318
v -2.2583038806915283 2.1394906044006348 -1.323755145072937
v -2.3980824947357178 2.553729772567749 -1.2317702770233154
v -2.072395086288452 1.7081035375595093 -0.3052583932876587
v -2.1023449897766113 2.885918617248535 -0.8315735459327698
v -1.9985040426254272 2.5750439167022705 -0.8868842720985413
v -2.3477253913879395 2.544201612472534 -0.10485081374645233
v -2.2466769218444824 2.5486598014831543 -0.5003194212913513
v -2.6864538192749023 1.7170923948287964 -0.7684296369552612
v -2.2569355964660645 2.6468818187713623 -0.10462665557861328
v -2.141158103942871 2.7988805770874023 -0.3932257890701294
v -2.4545845985412598 2.727903127670288 -0.2761816680431366
v -2.1137239933013916 3.0964064598083496 -0.8388961553573608
v -2.351459264755249 1.6973979473114014 0.10709182173013687
v -2.4995057582855225 1.8851996660232544 0.6001987457275391
v -2.394969940185547 2.4742770195007324 -0.940138578414917
v -2.3128726482391357 1.8990637063980103 0.08835329115390778
v -2.2825253009796143 1.8938688039779663 0.16914649307727814
v -2.1162140369415283 2.075927734375 -1.1885854005813599
v -2.527167320251465 2.4948346614837646 -0.8281537294387817
v -2.492220163345337 2.793182611465454 -0.3903903365135193
v -2.133976697921753 1.666513204574585 0.48531126976013184
v -2.4098997116088867 2.5112247467041016 -0.2636255621910095
v -2.35129976272583 1.8962007761001587 0.17180070281028748
v -2.2459237575531006 1.6873772144317627 -1.2029715776443481
v -2.494036912918091 2.317720890045166 -0.04753078147768974
v -2.0197489261627197 1.6873723268508911 -0.6485128998756409
v -2.283491373062134 2.810025691986084 -0.5255343914031982
v -2.566415786743164 1.8551548719406128 -0.9164922833442688
v -2.321500062942505 1.909947156906128 -0.14607693254947662
v -2.206672430038452 2.334293842315674 0.046498607844114304
v -2.0558762550354004 1.9082120656967163 -1.028057336807251
v -2.4601545333862305 1.8860934972763062 -0.39563050866127014
v -2.2776336669921875 1.7246309518814087 0.5779137015342712
v -2.6080000400543213 2.583066701889038 -0.796234130859375
v -2.706402540206909 1.7235487699508667 -0.3301948606967926
v -1.9490734338760376 2.530014753341675 -0.5265149474143982
v -2.120757818222046 3.1010031700134277 -0.8635472059249878
v -2.2757391929626465 1.7243502140045166 0.5775628089904785
v -2.4999706745147705 1.872161626815796 -0.1520729959011078
v -2.502268075942993 1.7424367666244507 0.5279316902160645
v -2.463639736175537 1.723520040512085 0.1035999283194542
v -2.436305284500122 1.700317621231079 0.3051649332046509
v -2.3316543102264404 2.175487995147705 0.38035792112350464
v -2.178499937057495 2.5462594032287598 -1.2403340339660645
v -2.515547513961792 2.21844744682312 -0.595510721206665
v -2.313103437423706 1.9015977382659912 -0.04452912509441376
v -2.4695041179656982 2.1880369186401367 -0.9936844706535339
v -2.1550166606903076 2.353084087371826 -1.2541722059249878
v -2.4736924171447754 2.1863253116607666 -0.9855278134346008
v -2.1259684562683105 3.018531560897827 -0.6569504737854004
v -2.3501691818237305 2.190669298171997 -0.06254303455352783
v -2.1682686805725098 3.001115560531616 -0.5491077303886414
v -2.495065689086914 2.5222010612487793 -1.1699343919754028
v -2.286869525909424 2.799391031265259 -0.49835824966430664
v -2.2175345420837402 2.5140116214752197 -0.19474968314170837
v -2.4078845977783203 2.6711931228637695 -0.2743646800518036
v -2.4868948459625244 1.829266905784607 -1.0270788669586182
v -2.1867716312408447 1.8657901287078857 0.5645060539245605
v -2.614824056625366 1.7014436721801758 -1.0156757831573486
v -2.684931516647339 1.7107123136520386 -0.6361162662506104
v -2.371967077255249 2.515716314315796 -1.2673461437225342
v -2.2953922748565674 2.3378772735595703 0.21835355460643768
v -1.9719823598861694 2.6041500568389893 -0.5676822066307068
v -2.3871591091156006 2.3046352863311768 -1.265658974647522
v -2.2577359676361084 2.399670362472534 -0.9744890332221985
v -2.057619333267212 1.868499994277954 0.1946009248495102
v -2.0744826793670654 2.732666015625 -0.4353252649307251
v -1.9812735319137573 2.431238889694214 -1.0122857093811035
v -2.2651960849761963 2.208493232727051 -0.9704793691635132
v -2.526538133621216 1.8853511810302734 -1.0294239521026611
v -2.1505541801452637 2.8067026138305664 -0.38919809460639954
v -2.0340707302093506 1.664762020111084 -1.0379016399383545
v -2.373380422592163 2.51788330078125 -1.2653676271438599
v -2.062999963760376 1.6962087154388428 -0.32921868562698364
v -2.44014048576355 1.7004843950271606 0.30341410636901855
v -2.1665000915527344 3.004612684249878 -0.5202106237411499
v -2.2908170223236084 2.255176067352295 -1.2979074716567993
v -2.1049859523773193 2.3905584812164307 -1.1824860572814941
v -2.1808345317840576 2.9975738525390625 -0.5821864604949951
v -2.0138025283813477 2.4366886615753174 -1.080203890800476
v -2.172874927520752 2.8301901817321777 -1.1004365682601929
v -2.3596043586730957 2.197930335998535 -0.11034804582595825
v -2.3699824810028076 2.0206570625305176 0.5321019887924194
v -2.4909634590148926 2.409618854522705 -0.3692988455295563
v -2.224212408065796 1.6906094551086426 0.4218585193157196
v -2.4228978157043457 2.1680309772491455 -1.2364643812179565
v -2.1543030738830566 2.349515438079834 -1.253934383392334
v -2.178349494934082 2.538984537124634 -1.241451621055603
v -2.4281816482543945 2.6918938159942627 -0.4161514639854431
v -2.5921857357025146 1.8927536010742188 -0.010985658504068851
v -2.274278163909912 2.923292636871338 -0.3806222081184387
v -2.359632968902588 2.4537127017974854 -0.48100268840789795
v -2.052500009536743 1.9448925256729126 -1.062407374382019
v -2.604076623916626 2.604405164718628 -0.8779857754707336
v -2.200714349746704 2.5613176822662354 -0.4255790710449219
v -2.4090499877929688 2.485356330871582 0.011149856261909008
v -2.6978368759155273 1.7244184017181396 -0.2513084411621094
v -2.278554916381836 2.7893717288970947 -0.7291739583015442
v -2.4809622764587402 2.6408426761627197 -0.477157324552536
v -2.5653347969055176 1.9106669425964355 0.3348376750946045
v -2.027484893798828 1.6971908807754517 -0.5972819328308105
v -2.4975874423980713 2.317748785018921 -0.48433879017829895
v -2.4666121006011963 2.6205925941467285 -1.193873643875122
v -2.372821092605591 2.5170257091522217 -1.2661505937576294
v -2.454482078552246 2.1426875591278076 0.4238213002681732
v -2.180694818496704 2.2721686363220215 -0.6038118600845337
v -2.3289549350738525 2.142913579940796 0.045766886323690414
v -2.603297710418701 1.8487462997436523 -0.7978971600532532
v -2.4134583473205566 1.6990079879760742 0.3154440224170685
v -2.0929207801818848 2.427492380142212 -0.949481189250946
v -2.0587804317474365 1.8671438694000244 0.24403856694698334
v -2.2736899852752686 2.904510021209717 -0.6333699822425842
v -2.244459629058838 3.0784664154052734 -0.551173985004425
v -2.1729605197906494 3.0138349533081055 -0.48070186376571655
v -1.9937962293624878 1.6697406768798828 -0.6742217540740967
v -2.5144312381744385 2.536734104156494 -1.1502292156219482
v -2.085712194442749 1.7085000276565552 -0.09932386875152588
v -2.6874077320098877 1.8972768783569336 0.43761390447616577
v -2.273571729660034 2.4274089336395264 0.10066297650337219
v -2.097780466079712 1.8594533205032349 0.37013065814971924
v -2.5755605697631836 1.911724328994751 0.3621819019317627
v -2.5011818408966064 1.8699085712432861 -0.12713421881198883
v -2.440134286880493 2.666546106338501 -1.0956833362579346
v -2.503115177154541 2.3276548385620117 -0.14212337136268616
v -2.3496599197387695 1.9037004709243774 0.1761852502822876
v -2.147240400314331 2.2830262184143066 -1.2527985572814941
v -1.9707796573638916 2.5651743412017822 -0.8029443621635437
v -2.157611608505249 1.7181416749954224 0.5272530913352966
v -1.9606839418411255 2.5632107257843018 -0.696550726890564
v -2.65075945854187 1.8645000457763672 -0.4000259339809418
v -2.3106329441070557 1.8910000324249268 -0.4632091522216797
v -2.4173827171325684 2.541015386581421 -0.13924483954906464
v -2.2631466388702393 1.816280484199524 -1.0856828689575195
v -2.185539484024048 2.502406597137451 -0.2558344602584839
v -2.5454561710357666 1.880050778388977 0.5870145559310913
v -2.1786327362060547 1.8714897632598877 0.48028597235679626
v -2.5698046684265137 1.8554999828338623 -0.8803343772888184
v -2.1870222091674805 2.5693142414093018 -0.9385530948638916
v -2.021735668182373 1.6912944316864014 -0.6320869326591492
v -2.0134835243225098 2.6823501586914062 -0.4632996916770935
v -2.668384552001953 1.7125879526138306 -0.8779065012931824
v -2.3642799854278564 1.7079998254776 -0.20596054196357727
v -2.1849172115325928 2.5021297931671143 -0.25756365060806274
v -2.6490297317504883 1.7135000228881836 -0.9150732159614563
v -2.0703296661376953 2.4711670875549316 -0.836823046207428
v -2.018604278564453 1.8700000047683716 -0.8303734064102173
v -2.277721881866455 2.7948741912841797 -0.9211953282356262
v -2.2673497200012207 2.7642977237701416 -0.9451257586479187
v -2.308138132095337 1.9033793210983276 0.01570706069469452
v -2.57057523727417 1.8511501550674438 -0.7815511226654053
v -2.5559136867523193 1.9105000495910645 0.3027581572532654
v -2.296619415283203 1.889240026473999 -0.467020183801651
v -2.185861349105835 2.295234441757202 -0.5692178606987
v -2.40230131149292 2.5570662021636963 -0.40445730090141296
v -2.6958789825439453 1.7239999771118164 -0.21650390326976776
v -2.709242105484009 1.7082260847091675 -0.45305997133255005
v -2.475515365600586 1.8973383903503418 0.09369437396526337
v -2.0536577701568604 1.9261834621429443 -1.0440255403518677
v -2.1233088970184326 1.6605267524719238 0.490217924118042
v -2.525567054748535 2.493783712387085 -0.8428961038589478
v -2.3249294757843018 2.31534481048584 -0.6427537798881531
v -2.3092689514160156 1.9149999618530273 -0.2631472051143646
v -2.4768409729003906 1.7020795345306396 0.28748857975006104
v -2.700822591781616 1.8560887575149536 0.1058693677186966
v -2.3617842197418213 1.8940001726150513 -0.4579963982105255
v -2.365417957305908 1.7049883604049683 -0.3502674102783203
v -2.286137104034424 3.0012309551239014 -1.0190714597702026
v -2.502281904220581 2.276090383529663 -0.5244094729423523
v -2.5156753063201904 1.729354977607727 -0.8859025835990906
v -1.9780066013336182 2.5760064125061035 -0.463299036026001
v -2.30877423286438 2.799091339111328 -0.47348082065582275
v -2.6199095249176025 1.711939811706543 -0.9849820733070374
v -2.51521635055542 1.907929539680481 0.19178858399391174
v -2.2011473178863525 1.8823825120925903 0.3504974842071533
v -2.1905977725982666 1.6860872507095337 0.44507667422294617
v -2.383625030517578 1.958375096321106 0.5768749713897705
v -2.0507893562316895 1.6629579067230225 -1.0924099683761597
v -2.530151128768921 1.8879497051239014 -0.5672024488449097
v -2.251661777496338 2.1354711055755615 0.337205171585083
v -2.4931640625 2.4016799926757812 -0.3827572166919708
v -2.4639320373535156 2.0319173336029053 0.4886602461338043
v -2.504699230194092 2.4938716888427734 -0.9156725406646729
v -2.0959858894348145 2.0148658752441406 -0.5677607655525208
v -2.6264829635620117 1.7089588642120361 0.22346436977386475
v -2.3971164226531982 2.8929247856140137 -0.4228420853614807
v -2.582911729812622 1.9508541822433472 -0.6596465110778809
v -2.330122232437134 2.1497347354888916 0.03327546641230583
v -2.1837823390960693 2.6020681858062744 -1.226622462272644
v -2.285851001739502 2.771365165710449 -0.77010577917099
v -2.5040676593780518 2.106675863265991 -0.9718912839889526
v -2.1104843616485596 2.239549398422241 -1.1355247497558594
v -2.6618051528930664 1.7291356325149536 0.41723746061325073
v -2.5803120136260986 1.6980520486831665 -1.0546010732650757
v -2.3269877433776855 2.124343156814575 0.07324117422103882
v -2.0337073802948 1.7029715776443481 -0.5478688478469849
v -2.552255392074585 2.554739475250244 -1.1175956726074219
v -2.4885878562927246 2.4173738956451416 -0.35506510734558105
v -2.199056386947632 2.563159704208374 -0.4202372431755066
v -2.685680866241455 1.718000054359436 -0.7427880167961121
v -2.6940863132476807 1.7148576974868774 0.35453885793685913
v -2.5229439735412598 2.5209126472473145 -1.1556644439697266
v -2.3475000858306885 1.7062900066375732 -0.07892826944589615
v -2.326786994934082 2.2030656337738037 0.3573901355266571
v -2.09012508392334 1.6978951692581177 -0.7312904000282288
v -2.0286355018615723 1.6655404567718506 -1.0145418643951416
v -2.027452230453491 2.6949076652526855 -0.45268312096595764
v -2.2711920738220215 3.036943197250366 -0.40513527393341064
v -2.648078203201294 1.8645000457763672 -0.4379357099533081
v -2.611941337585449 1.7260000705718994 0.1270085722208023
v -2.3300693035125732 2.1494154930114746 0.03380729630589485
v -2.5144031047821045 2.230313301086426 -0.49461209774017334
v -2.1209185123443604 2.77970027923584 -0.4055543839931488
v -2.245990753173828 3.079990863800049 -0.5420558452606201
v -2.388474941253662 1.722000002861023 -0.7955596446990967
v -2.3018717765808105 2.552975654602051 -0.4960244596004486
v -2.250777244567871 2.327465534210205 -1.0560742616653442
v -2.1117093563079834 1.7038719654083252 0.39409372210502625
v -2.5002620220184326 2.278698682785034 -0.38607892394065857
v -2.4013803005218506 2.542842149734497 -0.1222837045788765
v -2.634115219116211 1.8464100360870361 -0.6746692061424255
v -2.3921799659729004 2.5904197692871094 -0.11949992179870605
v -2.493229389190674 2.302706718444824 0.005274463444948196
v -2.1688385009765625 2.242537021636963 -0.6739473938941956
v -2.7144734859466553 1.7114471197128296 -0.006766501348465681
v -2.621412515640259 2.6197397708892822 -0.5934096574783325
v -2.2238752841949463 1.6905944347381592 0.42208316922187805
v -2.3517751693725586 2.984605550765991 -0.9717249274253845
v -2.5844478607177734 1.9135000705718994 0.38296473026275635
v -2.4424376487731934 2.2489051818847656 0.33315736055374146
v -2.0287389755249023 2.491852283477783 -0.7076600790023804
v -2.6047914028167725 2.6017231941223145 -0.8679899573326111
v -2.3387229442596436 2.1728765964508057 -0.014253231696784496
v -2.0863020420074463 1.854400396347046 -0.20198865234851837
v -2.2247259616851807 3.1647565364837646 -0.8454386591911316
v -2.490122079849243 1.8298431634902954 -1.0246583223342896
v -2.5086188316345215 2.5327203273773193 -1.156381368637085
v -2.212186098098755 2.4060122966766357 -0.9782469272613525
v -2.173119068145752 2.8313333988189697 -0.7425715923309326
v -2.213425874710083 3.0582034587860107 -0.9808396697044373
v -2.122009515762329 2.2040417194366455 -1.1134109497070312
v -2.246683359146118 1.878232479095459 -0.49154210090637207
v -2.1453254222869873 1.7123405933380127 0.0806594043970108
v -2.364121198654175 1.881198763847351 0.6021242141723633
v -2.0795536041259766 1.8326071500778198 -0.3915351331233978
v -2.0932066440582275 1.6984916925430298 -0.7324832081794739
v -2.049306631088257 2.647839069366455 -0.3935481607913971
v -2.1432502269744873 2.357248544692993 -1.285500168800354
v -1.996363639831543 1.6768182516098022 -0.8286356925964355
v -2.7023260593414307 1.8554999828338623 0.12407723069190979
v -2.393108367919922 1.7054522037506104 -0.281669020652771
v -2.4232406616210938 2.52824068069458 -0.21153685450553894
v -2.352644443511963 1.7074999809265137 -0.1447163224220276
v -2.4278476238250732 2.438784599304199 0.09669240564107895
v -2.3418188095092773 1.9319833517074585 0.1863405406475067
v -2.177844524383545 2.26187801361084 -0.6230798959732056
v -2.5228207111358643 2.4922735691070557 -0.868170440196991
v -2.505500078201294 2.3210179805755615 -0.2373918741941452
v -2.3208515644073486 2.0667927265167236 0.13909393548965454
v -2.167642593383789 3.0014286041259766 -0.5412822365760803
v -2.1057918071746826 1.8585000038146973 0.3889203369617462
v -2.137655019760132 2.205733299255371 -0.4483051002025604
v -2.20334529876709 2.3402321338653564 0.03335271775722504
v -2.555980682373047 1.8535974025726318 -0.9441359639167786
v -2.1806561946868896 1.878656268119812 0.4561665654182434
v -2.5645344257354736 1.9105068445205688 0.3325963020324707
v -2.1808173656463623 1.9033492803573608 0.4769365191459656
v -2.5179998874664307 2.1404669284820557 -0.7996323704719543
v -2.2365450859069824 2.7359700202941895 -0.14731325209140778
v -1.9337913990020752 2.422379732131958 -0.8754944801330566
v -2.358583450317383 1.7336602210998535 0.5795993208885193
v -2.2710862159729004 2.7760581970214844 -0.9384850263595581
v -2.483682632446289 2.149134635925293 -0.9192213416099548
v -2.2361221313476562 2.2296335697174072 0.2239275425672531
v -2.0904881954193115 1.8549983501434326 -0.18056076765060425
v -2.427500009536743 2.4472343921661377 0.08268620818853378
v -2.517188549041748 2.1321475505828857 0.3581311106681824
v -2.7149999141693115 1.714484691619873 0.037770774215459824
v -2.176177978515625 2.68782901763916 -0.27172598242759705
v -2.101577043533325 2.1431710720062256 -0.9778547286987305
v -2.0945675373077393 1.855233073234558 -0.15315711498260498
v -1.9610949754714966 2.4237987995147705 -0.9646844267845154
v -2.426187038421631 2.3700613975524902 -1.1377569437026978
v -2.3404502868652344 1.686800241470337 0.17107343673706055
v -2.0959999561309814 2.00529408454895 -0.5755321383476257
v -2.1505239009857178 2.3153326511383057 -1.251523733139038
v -2.3205552101135254 3.120163917541504 -0.8900936841964722
v -2.1909377574920654 2.916555643081665 -1.0543822050094604
v -2.1076061725616455 2.089073419570923 -0.5237663984298706
v -2.0574560165405273 1.8679560422897339 0.21749357879161835
v -2.1302573680877686 2.1773452758789062 -0.7870982885360718
v -2.5452582836151123 1.7259455919265747 0.11572787910699844
v -2.168384313583374 3.0010576248168945 -0.5505558848381042
v -2.178715467453003 1.7116012573242188 -0.3157004117965698
v -2.302429437637329 2.316810369491577 -1.3113369941711426
v -1.963196039199829 2.562891960144043 -0.738164484500885
v -2.4075019359588623 1.7204232215881348 0.09284645318984985
v -2.0466866493225098 1.8550056219100952 -0.9719719886779785
v -2.0949819087982178 2.7524819374084473 -0.42479512095451355
v -2.300673484802246 1.6940101385116577 -1.199101448059082
v -2.245415210723877 1.6922112703323364 0.4078240990638733
v -2.2114710807800293 1.8643018007278442 -0.5197457075119019
v -2.1511030197143555 1.6744736433029175 0.4746822714805603
v -2.1995482444763184 2.3320364952087402 -0.512764573097229
v -2.4911949634552 2.0802032947540283 -1.1175258159637451
v -2.087986707687378 2.0139999389648438 -0.7603870034217834
v -2.7097532749176025 1.7105196714401245 -0.4336286783218384
v -2.097461223602295 2.0456228256225586 -1.1686228513717651
v -2.242802619934082 2.050889730453491 0.39941301941871643
v -2.6957991123199463 1.717065453529358 0.3390091359615326
v -2.0847034454345703 2.013814687728882 -0.7796127796173096
v -2.4320247173309326 2.3835463523864746 -1.1375000476837158
v -2.327117919921875 2.0192036628723145 0.1671624481678009
v -2.08009934425354 1.8617539405822754 0.3286905884742737
v -2.183500051498413 2.7502007484436035 -1.143649697303772
v -2.224437952041626 3.1661393642425537 -0.8420974612236023
v -2.1572141647338867 2.5427346229553223 -0.9354591369628906
v -2.6459193229675293 1.8629192113876343 -0.46817925572395325
v -2.3279027938842773 2.42067551612854 -1.3020648956298828
v -2.1939492225646973 2.314004898071289 -0.5384395718574524
v -2.2166545391082764 2.5776634216308594 -0.39720025658607483
v -2.4831321239471436 1.702229380607605 0.2846425771713257
v -2.122713565826416 1.7099108695983887 0.09887336939573288
v -2.651547908782959 1.8645000457763672 -0.39147281646728516
v -1.8941510915756226 2.4756948947906494 -0.6631978750228882
v -2.4365718364715576 2.284836769104004 0.300395131111145
v -2.497810125350952 2.313293218612671 -0.4890170693397522
v -2.2251839637756348 2.262143135070801 0.1846499741077423
v -2.482724189758301 1.7312053442001343 -0.8762413859367371
v -2.526182174682617 2.494091033935547 -0.8375422954559326
v -2.4477040767669678 2.107970714569092 -1.206849455833435
v -2.513526678085327 2.1662325859069824 -0.7108027935028076
v -2.010606527328491 1.6688154935836792 -0.9229018092155457
v -2.090250253677368 2.036303997039795 -1.160589575767517
v -1.9629639387130737 2.5624279975891113 -0.7304182648658752
v -2.391136407852173 1.698212742805481 0.32589444518089294
v -2.518988609313965 1.9007782936096191 -1.059215784072876
v -2.208937644958496 2.85799241065979 -0.4232780337333679
v -2.2440896034240723 2.578643798828125 -0.9364999532699585
v -2.7031941413879395 1.7158058881759644 -0.11058061569929123
v -2.339686632156372 3.040738582611084 -0.44799256324768066
v -2.154432773590088 3.0015640258789062 -0.9815853238105774
v -2.368999481201172 1.720499873161316 -0.9215033650398254
v -2.348374128341675 1.8094881772994995 -1.078015685081482
v -2.4215550422668457 1.6999942064285278 -0.5524708032608032
v -2.0934879779815674 1.8595119714736938 -0.03105277754366398
v -2.1558549404144287 1.7067121267318726 -0.7561360001564026
v -2.268312454223633 2.6018123626708984 -0.09367179870605469
v -2.0557548999786377 1.7095396518707275 -0.3014051914215088
v -2.303658962249756 1.9106272459030151 -0.2973639667034149
v -2.299588918685913 2.5390520095825195 -0.10313796252012253
v -2.708860397338867 1.720558762550354 -0.3606112003326416
v -2.3947336673736572 2.2537426948547363 -1.2621331214904785
v -2.0814647674560547 2.0134999752044678 -0.7987983226776123
v -2.241614580154419 2.645073175430298 -0.950229287147522
v -2.4968769550323486 2.325418710708618 -0.47658127546310425
v -2.391732692718506 2.347968816757202 -1.2633061408996582
v -2.2574355602264404 1.7173024415969849 -0.7959153056144714
v -2.6088500022888184 1.8483041524887085 -0.7861042022705078
v -2.3526833057403564 1.698683500289917 0.09308694303035736
v -2.3807084560394287 1.7066527605056763 -0.2556116282939911
v -2.4824345111846924 1.8762104511260986 -0.28917011618614197
v -2.116445541381836 1.69109046459198 0.4317467510700226
v -2.349818229675293 1.70737886428833 -0.12157855182886124
v -2.156921148300171 2.2945330142974854 -0.30205222964286804
v -2.2129814624786377 1.972071886062622 0.4728730022907257
v -2.6119096279144287 2.5065085887908936 -0.6370562314987183
v -2.2832045555114746 2.95930814743042 -0.367313414812088
v -2.4258174896240234 2.7081656455993652 -0.263651967048645
v -2.114164113998413 2.130094528198242 -0.5062026977539062
v -2.6375882625579834 1.735063076019287 0.4506932497024536
v -2.44185733795166 1.7222448587417603 0.09972459822893143
v -2.498047113418579 2.3091697692871094 -0.4933144450187683
v -2.2719268798828125 2.3991191387176514 -0.9721788167953491
v -2.033818244934082 2.4354710578918457 -1.1081117391586304
v -2.552609920501709 2.1216702461242676 -0.5958499908447266
v -2.4456448554992676 2.227485418319702 0.35079723596572876
v -2.0418829917907715 1.7059999704360962 -0.47715526819229126
v -2.47209095954895 1.8880627155303955 0.604625403881073
v -2.378699779510498 2.5994796752929688 -0.41398096084594727
v -2.424255847930908 1.6922880411148071 -1.1909401416778564
v -2.50413179397583 2.6978681087493896 -0.3246768116950989
v -2.278451442718506 2.576172351837158 -0.0945751890540123
v -2.4570822715759277 1.823651671409607 -1.0459589958190918
v -2.587651491165161 1.847664475440979 -0.8286970257759094
v -2.6315712928771973 1.8450356721878052 -0.6910898685455322
v -2.4320595264434814 1.8198559284210205 -1.057076096534729
v -2.0975265502929688 1.8564469814300537 -0.08950711786746979
v -2.2529516220092773 3.0113413333892822 -1.027877926826477
v -2.080167770385742 1.8631664514541626 0.0641607716679573
v -2.4129843711853027 1.6998071670532227 -0.3189740777015686
v -2.2615535259246826 1.895349383354187 0.20004351437091827
v -2.0602450370788574 1.7059999704360962 -0.2596054673194885
v -2.6167712211608887 2.6334521770477295 -0.5347339510917664
v -2.1836512088775635 1.8806008100509644 0.44169408082962036
v -2.1102194786071777 2.489649534225464 -0.8987941741943359
v -2.365326166152954 2.844691514968872 -0.47430315613746643
v -2.0971572399139404 2.139700174331665 -0.96071457862854
v -2.346304416656494 2.1034348011016846 0.4517826735973358
v -2.220287561416626 3.12519907951355 -0.9291092753410339
v -2.4629645347595215 2.6680657863616943 -0.44596460461616516
v -2.098560333251953 3.0722010135650635 -0.7630226016044617
v -2.1001503467559814 2.1678402423858643 -0.8194593787193298
v -2.519287347793579 2.200690984725952 -0.6267242431640625
v -2.066295862197876 2.016602039337158 -0.8758213520050049
v -2.1755759716033936 2.8303780555725098 -0.3908020257949829
v -2.0496108531951904 1.82877779006958 -0.712612509727478
v -2.1158711910247803 2.144005060195923 -0.49856194853782654
v -2.147759199142456 3.0019142627716064 -0.6327189803123474
v -2.1162099838256836 2.647033214569092 -0.43467673659324646
v -2.3822665214538574 2.0137686729431152 -1.251700520515442
v -2.2751941680908203 2.7885825634002686 -0.9280784726142883
v -2.0945420265197754 2.0425772666931152 -0.5507354736328125
v -2.640500068664551 1.8554999828338623 -0.5772538185119629
v -2.2101097106933594 2.5506482124328613 -0.4772360622882843
v -2.3475420475006104 2.1875524520874023 -0.051189057528972626
v -2.182816505432129 2.2851712703704834 -0.5851514935493469
v -2.1970057487487793 1.9321521520614624 0.4782865643501282
v -2.6142778396606445 1.7013981342315674 -1.0162221193313599
v -2.0966575145721436 1.857228398323059 -0.06784648448228836
v -2.533733367919922 2.52306866645813 -1.1482117176055908
v -2.109341859817505 1.6719735860824585 -1.1641314029693604
v -2.282569169998169 2.7985286712646484 -0.46918290853500366
v -2.2293813228607178 1.9995139837265015 -1.2553839683532715
v -2.3473682403564453 3.038320779800415 -0.46423617005348206
v -2.0726513862609863 2.4255502223968506 -0.9438005685806274
v -2.670793294906616 1.8604999780654907 -0.10358494520187378
v -2.1982412338256836 1.829677700996399 -1.0902419090270996
v -2.2444450855255127 2.179513931274414 0.2897464632987976
v -2.2567739486694336 3.083112955093384 -0.4817515015602112
v -2.4279682636260986 1.6922285556793213 -0.523626983165741
v -2.6340413093566895 2.464156150817871 -0.8111371397972107
v -2.2982752323150635 2.326164484024048 0.23685571551322937
v -2.481602907180786 1.7424999475479126 0.5362333059310913
v -2.155427932739258 2.839773416519165 -0.7581223249435425
v -2.09395694732666 2.0169570446014404 -0.7214298844337463
v -2.1293537616729736 2.8562591075897217 -0.7871950268745422
v -2.0433132648468018 1.705212116241455 -0.46993428468704224
v -2.0368518829345703 1.8339999914169312 -0.8781881332397461
v -2.0734267234802246 1.7096421718597412 -0.1782299131155014
v -2.5087950229644775 2.24934983253479 -0.5534152984619141
v -2.098026990890503 3.0619187355041504 -0.7386927604675293
v -2.5031020641326904 2.3276937007904053 -0.14244656264781952
v -2.2588095664978027 3.131500005722046 -0.9018843173980713
v -2.1793086528778076 2.3738765716552734 -0.12522874772548676
v -2.4793894290924072 2.8033077716827393 -0.3856052756309509
v -1.9507665634155273 2.422696352005005 -0.9293886423110962
v -2.2609176635742188 3.0100135803222656 -1.0260192155838013
v -2.1563587188720703 1.872933030128479 0.48260408639907837
v -2.3268747329711914 1.7303476333618164 0.5833984017372131
v -2.141556739807129 2.2219879627227783 -0.42839866876602173
v -2.49399995803833 2.316995620727539 -0.043095722794532776
v -2.7001569271087646 1.719499945640564 0.30407223105430603
v -2.6079843044281006 1.7390044927597046 0.4766786992549896
v -2.3595643043518066 1.708093523979187 -0.18606971204280853
v -2.6101276874542236 2.509843111038208 -0.6089493632316589
v -2.1946909427642822 2.4715278148651123 -0.38564231991767883
v -2.3598549365997314 2.197763442993164 -0.11118342727422714
v -2.389763593673706 2.9121108055114746 -0.7874439358711243
v -2.2448389530181885 2.0586273670196533 0.39384713768959045
v -2.495884656906128 2.2782294750213623 0.13419455289840698
v -2.19073748588562 2.6448779106140137 -0.3036799132823944
v -2.5831551551818848 1.9578508138656616 -0.6566353440284729
v -2.619997978210449 1.711998701095581 -0.9845108985900879
v -2.5146424770355225 2.1775057315826416 0.317279189825058
v -2.3680691719055176 1.9338772296905518 -1.2077386379241943
v -2.3686227798461914 2.8833816051483154 -0.7474167943000793
v -2.6274240016937256 1.7131295204162598 -0.9589868187904358
v -2.553840398788452 2.5552966594696045 -1.116357445716858
v -2.4034762382507324 2.4937334060668945 -0.0034548563417047262
v -2.474991798400879 1.7015000581741333 -0.3530000150203705
v -2.622941255569458 2.508232593536377 -0.5732219219207764
v -2.419562578201294 2.28054141998291 -1.1328436136245728
v -2.46805477142334 2.452481508255005 -1.1267012357711792
v -1.9649662971496582 2.564983367919922 -0.7710060477256775
v -2.5170445442199707 2.21242094039917 -0.6046138405799866
v -2.6890029907226562 1.8619999885559082 -0.018976984545588493
v -2.200056552886963 2.3579392433166504 -0.4841172695159912
v -2.22045636177063 2.81363582611084 -0.7084261178970337
v -2.1414973735809326 2.186621904373169 -0.7702551484107971
v -2.188385486602783 2.662243127822876 -1.1950139999389648
v -2.496565580368042 2.1012585163116455 -1.0071412324905396
v -2.6307601928710938 2.4630000591278076 -0.8286988735198975
v -2.3822708129882812 2.6037704944610596 -0.4024410545825958
v -2.1699025630950928 2.244488000869751 -0.6688044667243958
v -2.7152957916259766 1.715091586112976 0.047168925404548645
v -2.3868653774261475 2.907679557800293 -0.7800449132919312
v -2.4257938861846924 2.4087002277374268 0.13803720474243164
v -2.290799856185913 2.255079507827759 -1.297879934310913
v -2.28106427192688 1.8130542039871216 -1.083943247795105
v -2.086758613586426 2.1333792209625244 -0.9267721772193909
v -1.921099066734314 2.4824535846710205 -0.6042786836624146
v -2.0487351417541504 2.48164701461792 -0.7783230543136597
v -2.509169816970825 1.9019622802734375 0.07149069011211395
v -2.6837844848632812 1.7138537168502808 -0.6806746125221252
v -2.4511125087738037 1.7415250539779663 0.5488500595092773
v -2.216597318649292 1.8910484313964844 0.2818371653556824
v -2.235069990158081 1.69120192527771 0.41463688015937805
v -2.6964187622070312 1.7216218709945679 -0.15588048100471497
v -2.352644205093384 1.6950546503067017 -1.2087182998657227
v -2.0565223693847656 1.7095222473144531 -0.301666796207428
v -2.364983320236206 2.71852707862854 -1.128499984741211
v -2.26835298538208 2.6015286445617676 -0.0935806855559349
v -2.503359794616699 2.3276402950286865 -0.1532754749059677
v -1.9405769109725952 2.421999931335449 -0.8967943787574768
v -2.260709762573242 3.076951265335083 -0.4516122043132782
v -2.0506081581115723 1.829869270324707 -0.7723413705825806
v -2.2509725093841553 2.6743812561035156 -0.9599999785423279
v -2.500384569168091 2.3249306678771973 -0.09642305970191956
v -2.3817601203918457 3.074739933013916 -0.854581356048584
v -2.425722599029541 2.3617708683013916 0.1982872635126114
v -2.2696781158447266 2.4869308471679688 -0.03991084545850754
v -2.5134761333465576 2.118936538696289 -0.9042535424232483
v -2.434932231903076 2.2412776947021484 -1.093740701675415
v -2.4026968479156494 2.226452589035034 -1.2558029890060425
v -1.9774583578109741 2.614307403564453 -0.5509945750236511
v -2.4383785724639893 2.6670804023742676 -1.096981167793274
v -2.0045459270477295 1.7093944549560547 -0.2731075584888458
v -2.3500781059265137 2.54434871673584 -0.1049242615699768
v -2.2847046852111816 2.579728364944458 -0.9359566569328308
v -1.9475963115692139 2.4223439693450928 -0.9189770221710205
v -2.380640983581543 1.722000002861023 -0.852476179599762
v -2.68719744682312 1.7100000381469727 -0.6145263314247131
v -2.2819695472717285 2.7806224822998047 -0.7420204877853394
v -2.1411612033843994 2.219747304916382 -0.43143028020858765
v -2.289052724838257 2.76515793800354 -0.8017106652259827
v -2.134949207305908 2.180310010910034 -0.7812975645065308
v -2.1886720657348633 2.361327648162842 -0.021554267033934593
v -1.910490870475769 2.4793992042541504 -0.62612384557724
v -2.4325082302093506 2.3062074184417725 0.2755487859249115
v -2.4921247959136963 2.4055628776550293 -0.376249223947525
v -1.9624124765396118 2.5615875720977783 -0.7155076861381531
v -2.2318968772888184 2.2439911365509033 0.20682676136493683
v -2.1409850120544434 2.5259850025177 -0.9302089214324951
v -2.5497066974639893 1.902500033378601 0.04442393779754639
v -2.244581460952759 2.8146812915802 -0.45852500200271606
v -2.313911199569702 1.9010591506958008 -0.051260530948638916
v -2.515481472015381 2.176438093185425 -0.6826799511909485
v -2.337979793548584 1.7120628356933594 -1.0677262544631958
v -2.0733962059020996 1.8643879890441895 0.09736321866512299
v -2.467815637588501 2.7255001068115234 -0.28811320662498474
v -2.2785000801086426 2.8513855934143066 -0.675960898399353
v -2.3952457904815674 2.6188886165618896 -0.12449140846729279
v -2.2121686935424805 2.2951271533966064 0.13384395837783813
v -2.502948522567749 1.9365226030349731 -1.1173902750015259
v -2.372499942779541 2.1396946907043457 -0.28950947523117065
v -2.439070224761963 1.7305289506912231 -0.8628182411193848
v -2.558755874633789 2.5570316314697266 -1.1125985383987427
v -2.372999906539917 2.127471923828125 -0.31082379817962646
v -2.1785621643066406 2.559744119644165 -1.237250804901123
v -2.4006004333496094 1.7035000324249268 -0.352987140417099
v -2.711482048034668 1.8568214178085327 0.2218569964170456
v -2.4169139862060547 2.290574789047241 -1.1380374431610107
v -2.5613927841186523 2.55796217918396 -1.1105821132659912
v -2.0969998836517334 2.1666195392608643 -0.8347733020782471
v -2.2092607021331787 1.8686861991882324 0.5797447562217712
v -2.3820464611053467 2.9656167030334473 -0.9372897744178772
v -2.5706191062927246 1.8542617559432983 -0.8129251599311829
v -2.3480095863342285 1.7065000534057617 -0.09345491230487823
v -2.3739490509033203 1.7070000171661377 -0.23938202857971191
v -2.4319489002227783 2.143153190612793 -1.2285510301589966
v -2.2676782608032227 2.6062517166137695 -0.09509876370429993
v -2.019256591796875 1.8687434196472168 -0.8571972846984863
v -2.7095000743865967 1.715402603149414 -0.400779128074646
v -2.1504745483398438 2.536468744277954 -0.9344857931137085
v -2.565000057220459 2.5124664306640625 -1.0397865772247314
v -1.9626483917236328 2.5617966651916504 -0.7209504842758179
v -2.6293423175811768 1.8456577062606812 -0.7320764064788818
v -2.008960485458374 1.6692698001861572 -0.9142118692398071
v -2.4920852184295654 1.874500036239624 -0.20546354353427887
v -2.2685394287109375 2.4575655460357666 0.03914475068449974
v -2.6292552947998047 1.849899411201477 -0.7506979703903198
v -1.990615725517273 2.6438138484954834 -0.5136035680770874
v -2.3486297130584717 2.7436025142669678 -1.1262568235397339
v -2.1843738555908203 1.7131972312927246 0.0809999331831932
v -2.2112514972686768 2.3004775047302246 0.12304790318012238
v -2.4541070461273193 1.7228648662567139 0.1019119992852211
v -2.36154842376709 2.0502052307128906 0.5056449770927429
v -2.361323118209839 3.030176877975464 -0.5003634095191956
v -2.26151967048645 2.5789999961853027 -0.9364999532699585
v -2.694195032119751 1.880481243133545 0.4157005548477173
v -2.6165616512298584 1.7097077369689941 -1.001546025276184
v -2.5131025314331055 2.1179397106170654 -0.9082406163215637
v -2.383669137954712 1.86732816696167 -1.1391592025756836
v -2.2440032958984375 2.0552122592926025 0.396291047334671
v -2.367457628250122 2.19319486618042 -0.13960154354572296
v -2.0809669494628906 1.863006591796875 0.05968493968248367
v -2.3214993476867676 1.9084986448287964 -0.1344917118549347
v -2.2464358806610107 3.1761839389801025 -0.7296282649040222
v -2.3649189472198486 2.9770469665527344 -0.9580851793289185
v -2.665222406387329 1.7070170640945435 -0.3534914255142212
v -2.327343225479126 2.016725778579712 0.16795095801353455
v -2.127955436706543 2.509127378463745 -0.9209108948707581
v -2.4347891807556152 2.835033416748047 -0.37789300084114075
v -2.2154417037963867 2.5132765769958496 -0.19789361953735352
v -2.1084506511688232 1.710594654083252 0.08146854490041733
v -2.6477890014648438 1.8645000457763672 -0.44414082169532776
v -2.1010284423828125 2.0190000534057617 -0.6718796491622925
v -1.935943603515625 2.421999931335449 -0.8823800683021545
v -2.384155511856079 2.023200273513794 -0.4143664836883545
v -2.4223530292510986 1.6990145444869995 -0.5483669638633728
v -2.3847479820251465 3.0094234943389893 -0.6581715941429138
v -2.52471923828125 2.4932193756103516 -0.852492094039917
v -2.243056297302246 2.5785865783691406 -0.9364999532699585
v -2.260183095932007 2.2933285236358643 -1.0533169507980347
v -2.2961997985839844 2.441931962966919 -0.48743197321891785
v -2.111886739730835 2.233721971511841 -1.1327265501022339
v -2.4469454288482666 1.691144347190857 -1.1795105934143066
v -2.148749828338623 2.2044947147369385 -1.253247618675232
v -2.4999887943267822 2.272911310195923 -0.4002440869808197
v -2.2514731884002686 2.200763463973999 -0.8480497002601624
v -2.63368821144104 1.7354344129562378 0.4547790586948395
v -2.117300033569336 1.8532999753952026 -1.0743666887283325
v -2.6925296783447266 1.7111475467681885 0.3780851662158966
v -2.185818672180176 2.66808819770813 -0.2801847755908966
v -2.1376900672912598 1.718809962272644 0.19505946338176727
v -2.3744640350341797 1.8950388431549072 -0.4578462839126587
v -2.6362087726593018 2.4752278327941895 -0.7436519265174866
v -2.220355987548828 3.1802799701690674 -0.7951676845550537
v -2.2815001010894775 2.8239283561706543 -0.5453886389732361
v -2.359689235687256 2.8734304904937744 -0.734913170337677
v -2.634521484375 1.7353551387786865 0.4539058804512024
v -2.1778647899627686 2.3736352920532227 -0.08461714535951614
v -2.3056480884552 2.9191935062408447 -0.3799999952316284
v -2.0228750705718994 1.866214394569397 -0.9009812474250793
v -2.1759984493255615 2.8774936199188232 -1.0815030336380005
v -2.0641350746154785 2.723339796066284 -0.4396141469478607
v -2.339571952819824 1.9438519477844238 0.18730929493904114
v -1.885100245475769 2.460679292678833 -0.7296217083930969
v -2.63745379447937 2.466953992843628 -0.7895145416259766
v -2.499870777130127 1.946813702583313 -1.1295912265777588
v -2.433363914489746 1.6838270425796509 -0.49826285243034363
v -2.3104217052459717 1.9002892971038818 0.0639275386929512
v -2.529925584793091 1.7418395280838013 0.5186976194381714
v -2.4891064167022705 2.4156546592712402 -0.3590840697288513
v -2.197608232498169 2.964462995529175 -1.0289040803909302
v -2.5801584720611572 1.9258557558059692 -0.67015141248703
v -2.224287271499634 1.8945722579956055 0.261426717042923
v -1.9381777048110962 2.421999931335449 -0.8893303275108337
v -2.503465414047241 2.3275346755981445 -0.1557065099477768
v -1.9612656831741333 2.562734365463257 -0.7025107741355896
v -2.353102207183838 2.9838554859161377 -0.9703978300094604
v -2.497636556625366 2.2861812114715576 0.03550116717815399
v -2.0607943534851074 1.7034114599227905 -0.28597384691238403
v -2.0748143196105957 1.8627370595932007 0.31320610642433167
v -2.5219881534576416 2.2178611755371094 -0.5127896666526794
v -2.320722818374634 2.0543973445892334 0.14539171755313873
v -2.1007962226867676 2.9543583393096924 -0.9253891110420227
v -2.0173425674438477 1.6676928997039795 -0.9593266844749451
v -1.9860379695892334 2.632335662841797 -0.5281454920768738
v -1.8910046815872192 2.4743189811706543 -0.669490396976471
v -2.6167550086975098 2.633425235748291 -0.5348097681999207
v -2.480907678604126 2.80136775970459 -0.3864487409591675
v -2.2865188121795654 2.800443410873413 -0.5013400912284851
v -2.3341639041900635 1.7174508571624756 0.08445088565349579
v -2.4354684352874756 1.72201669216156 0.09858368337154388
v -2.3885457515716553 1.7060378789901733 -0.27297815680503845
v -2.7031304836273193 1.7249565124511719 -0.3003469705581665
v -2.0594375133514404 1.8670125007629395 0.24811230599880219
v -2.4717888832092285 2.4941155910491943 -0.9348525404930115
v -2.66568660736084 1.7129733562469482 -0.8840731382369995
v -2.569999933242798 1.8550803661346436 -0.8317517638206482
v -2.4736998081207275 2.659433364868164 -1.069843053817749
v -1.9710736274719238 2.6022191047668457 -0.5706355571746826
v -1.896512508392334 2.446490526199341 -0.7695303559303284
v -2.390110492706299 3.0279483795166016 -0.6960619688034058
v -2.1882622241973877 2.6652028560638428 -1.193410873413086
v -2.6491966247558594 1.8645000457763672 -0.41643619537353516
v -2.39882493019104 1.6940419673919678 -1.200751781463623
v -2.5290000438690186 2.521840810775757 -0.7038816213607788
v -2.278568744659424 2.923435688018799 -0.38019314408302307
v -2.65364670753479 1.8643534183502197 -0.32888805866241455
v -2.233242988586426 2.2388768196105957 0.21301774680614471
v -2.5522518157958984 2.719639778137207 -0.45853856205940247
v -2.4835121631622314 2.149693489074707 -0.9207540154457092
v -2.2819604873657227 1.7191474437713623 -0.8065755367279053
v -2.1704907417297363 2.472663640975952 -1.2570726871490479
v -2.2813618183135986 1.7115154266357422 -0.3342974781990051
v -2.34775710105896 1.70512855052948 -0.026630263775587082
v -2.707242727279663 1.7119466066360474 -0.08467920869588852
v -2.4036667346954346 2.6822574138641357 -1.115378737449646
v -2.4943525791168213 2.319615364074707 -0.05637168511748314
v -2.2815001010894775 2.8232200145721436 -0.5442867875099182
v -2.268730401992798 1.7233413457870483 0.5761429071426392
v -2.3922696113586426 1.7192691564559937 0.09042317420244217
v -2.3585054874420166 3.032809019088745 -0.4905778765678406
v -2.571500062942505 1.8705902099609375 -0.6950307488441467
v -2.1028621196746826 2.6169369220733643 -0.47120097279548645
v -2.5216915607452393 2.1053638458251953 0.3772595226764679
v -2.3084778785705566 1.9039852619171143 -0.002338044811040163
v -2.3394949436187744 2.3502371311187744 -0.588897168636322
v -2.6291511058807373 1.700888752937317 -1.0024362802505493
v -2.6535000801086426 1.8649888038635254 -0.34223151206970215
v -2.3501834869384766 1.7049081325531006 0.006121728103607893
v -2.291788101196289 1.8111335039138794 -1.08281672000885
v -2.09379506111145 1.715499997138977 -0.007875059731304646
v -2.3919434547424316 2.5888826847076416 -0.11949992179870605
v -2.4655702114105225 1.8839999437332153 -0.37554430961608887
v -2.373500108718872 2.114400625228882 -0.33111441135406494
v -2.142033338546753 2.671266794204712 -0.41412588953971863
v -2.5173943042755127 2.1303982734680176 0.3593657910823822
v -2.5276031494140625 2.537492036819458 -0.6463249921798706
v -2.570145845413208 1.901378870010376 0.02751561813056469
v -2.4418294429779053 2.403146266937256 -1.1370130777359009
v -2.6184263229370117 2.6225738525390625 -0.5779402256011963
v -2.029897928237915 2.5865695476531982 -0.9314501285552979
v -2.6233067512512207 2.4629123210906982 -0.8539044260978699
v -2.6149652004241943 2.4639642238616943 -0.8737120628356934
v -2.3539514541625977 1.6950162649154663 -1.2085645198822021
v -2.2162296772003174 2.576371669769287 -0.9375
v -2.2783899307250977 2.993657112121582 -0.37855100631713867
v -2.5059216022491455 2.5717411041259766 -0.572433590888977
v -2.5006296634674072 1.7007615566253662 -0.35373833775520325
v -2.38914155960083 1.8859076499938965 0.6091223955154419
v -2.5179998874664307 2.141425609588623 -0.7957971692085266
v -2.6651840209960938 1.728240966796875 0.40924331545829773
v -2.3130593299865723 1.7014830112457275 -1.1395084857940674
v -2.527860641479492 1.7419999837875366 0.5195465087890625
v -1.8867124319076538 2.4571328163146973 -0.7380045652389526
v -2.0384442806243896 1.6638818979263306 -1.0560132265090942
v -1.9464812278747559 2.52443265914917 -0.5335785746574402
v -2.5513134002685547 1.8794152736663818 0.5851186513900757
v -2.421682357788086 1.6998528242111206 -0.5517638325691223
v -2.1036813259124756 1.715019702911377 0.042543549090623856
v -2.5904316902160645 1.9135000705718994 0.4012952446937561
v -2.2978932857513428 1.904483675956726 -0.32547521591186523
v -2.56762957572937 1.6965694427490234 -1.0714445114135742
v -2.0608017444610596 1.7033965587615967 -0.28613725304603577
v -2.117629051208496 1.7089258432388306 0.3450583517551422
v -1.974396824836731 2.609280824661255 -0.5598350763320923
v -2.5795886516571045 2.5589427947998047 -1.0939687490463257
v -2.371811628341675 1.7212029695510864 -0.9056838154792786
v -2.6073899269104004 2.581169366836548 -0.7865419983863831
v -2.5205459594726562 2.5202276706695557 -1.1576056480407715
v -2.502377986907959 2.2859511375427246 -0.3677806854248047
v -2.279466152191162 2.787245750427246 -0.7320592999458313
v -2.696943998336792 1.7239999771118164 -0.23654906451702118
v -2.26689076423645 1.715999960899353 0.0816347599029541
v -2.216052770614624 2.7917568683624268 -0.1923259049654007
v -2.3669540882110596 1.720244288444519 -0.9332634806632996
v -2.4964237213134766 1.8321694135665894 -1.0199322700500488
v -2.343653678894043 1.926538348197937 0.18519221246242523
v -2.43070912361145 1.8962401151657104 0.13312990963459015
v -2.1376454830169678 3.104527235031128 -0.9021454453468323
v -2.3392913341522217 2.135018825531006 0.41732296347618103
v -2.520613193511963 2.221069097518921 -0.5077486634254456
v -2.1869590282440186 2.503037214279175 -0.25189208984375
v -2.0655226707458496 1.7087478637695312 -0.3037550151348114
v -2.024966239929199 2.5047059059143066 -0.6267943382263184
v -2.5426852703094482 2.1545333862304688 -0.5724185109138489
v -2.0501859188079834 2.021660566329956 -0.9184744954109192
v -2.1758604049682617 2.490823745727539 -1.2495992183685303
v -2.553758382797241 1.8734184503555298 -0.639180064201355
v -2.096313953399658 1.8574572801589966 -0.06418275833129883
v -2.413788080215454 2.4196949005126953 -1.2445932626724243
v -2.532902956008911 1.902500033378601 0.05593802407383919
v -2.6351306438446045 1.7352970838546753 0.45326775312423706
v -2.5773468017578125 1.9068108797073364 -0.677998423576355
v -2.480570077896118 2.6426732540130615 -0.47532662749290466
v -2.3672568798065186 1.7202820777893066 -0.9315229058265686
v -2.134354591369629 2.118109703063965 -1.2127094268798828
v -2.4825100898742676 2.177952766418457 -0.9619225263595581
v -2.1628148555755615 2.5505542755126953 -0.9371195435523987
v -2.2753500938415527 2.8846335411071777 -0.6507832407951355
v -2.3112688064575195 2.2865378856658936 -0.6839495897293091
v -2.4881417751312256 2.0828356742858887 -1.1009180545806885
v -2.549838066101074 1.7008692026138306 -0.35436922311782837
v -2.2441587448120117 2.452909231185913 -0.44299957156181335
v -2.370471477508545 1.7046399116516113 -0.3507901728153229
v -2.5030601024627686 1.9022799730300903 0.17478503286838531
v -2.6072568893432617 2.5924465656280518 -0.8325418829917908
v -2.505500078201294 2.3242759704589844 -0.21873240172863007
v -2.2772116661071777 1.7119765281677246 -0.3332216143608093
v -1.9945143461227417 2.654093027114868 -0.5005214214324951
v -2.0197091102600098 1.868290901184082 -0.8678452968597412
v -1.9989761114120483 2.575319290161133 -0.8879463076591492
v -2.491459608078003 2.6534805297851562 -1.0488808155059814
v -2.6092588901519775 2.578097105026245 -0.7379319071769714
v -2.128296375274658 1.7094999551773071 0.11602994799613953
v -2.4793643951416016 1.8785676956176758 -0.30946120619773865
v -2.0922396183013916 2.015554904937744 -0.7354522347450256
v -2.5698630809783936 1.8554999828338623 -0.8820298910140991
v -2.2980945110321045 2.3267784118652344 0.2360970824956894
v -2.3833706378936768 1.722000002861023 -0.8332050442695618
v -2.460883617401123 2.4420478343963623 -1.1303082704544067
v -2.3363711833953857 1.7174584865570068 0.08454150706529617
v -2.3991377353668213 2.9526896476745605 -0.9008281230926514
v -2.565000057220459 2.5222623348236084 -1.0630041360855103
v -2.4304935932159424 2.448808193206787 -1.2295063734054565
v -2.382071018218994 1.945387363433838 0.5791325569152832
v -2.3701584339141846 2.188549518585205 -0.1614602506160736
v -2.0465331077575684 1.662781000137329 -1.0812232494354248
v -1.9658403396606445 2.565420150756836 -0.7773430347442627
v -2.6168601512908936 2.6254193782806396 -0.5643618702888489
v -2.5755245685577393 1.8986104726791382 -0.6819468140602112
v -2.489217519760132 1.7310084104537964 -0.8784058094024658
v -2.1146199703216553 1.6954009532928467 0.42119795083999634
v -2.0847296714782715 1.6676799058914185 -1.1437393426895142
v -2.4471826553344727 2.664400815963745 -1.0904735326766968
v -2.0928938388824463 1.7153940200805664 -0.015594692900776863
v -2.6369118690490723 2.4739506244659424 -0.7504324316978455
v -2.714071273803711 1.8575712442398071 0.24306684732437134
v -2.025797128677368 2.58463978767395 -0.9259018898010254
v -1.9363981485366821 2.421999931335449 -0.8837941884994507
v -2.565000057220459 2.5090513229370117 -1.0329253673553467
v -2.274583339691162 2.8898332118988037 -0.6470000743865967
v -2.506593942642212 2.2566866874694824 -0.5453447103500366
v -2.3673534393310547 2.0314812660217285 0.5225813388824463
v -2.2771995067596436 2.5786736011505127 -0.09406332671642303
v -2.0764999389648438 1.827087640762329 -0.45659905672073364
v -2.3256213665008545 2.114192247390747 0.09002966433763504
v -2.6003637313842773 1.8489720821380615 -0.8042163252830505
v -2.212331771850586 2.846301794052124 -0.42931196093559265
v -2.484968662261963 2.2465627193450928 0.19984330236911774
v -2.1860244274139404 1.9019033908843994 -1.1571694612503052
v -2.346442222595215 2.5706796646118164 -0.9240192770957947
v -2.328749418258667 2.322686195373535 -0.6324394345283508
v -2.190502405166626 2.305880546569824 -0.5513657927513123
v -1.8844258785247803 2.462129592895508 -0.7258145809173584
v -2.075644016265869 1.8270000219345093 -0.4716964066028595
v -2.179931640625 2.2691526412963867 -0.6090524196624756
v -2.3513827323913574 1.716970682144165 -1.010262370109558
v -2.566582202911377 2.5001296997070312 -1.0145126581192017
v -2.5232999324798584 1.7252800464630127 0.11240006238222122
v -2.436870813369751 2.3928475379943848 -1.1373945474624634
v -2.697686195373535 1.7209068536758423 -0.14589999616146088
v -2.147757053375244 1.6727336645126343 0.47655606269836426
v -2.341207265853882 1.6873047351837158 0.1674153208732605
v -2.5181427001953125 2.184570550918579 -0.6627877354621887
v -2.0237033367156982 2.4934492111206055 -0.6878130435943604
v -2.542128801345825 2.65053129196167 -0.3683089017868042
v -2.6177821159362793 2.587052822113037 -0.6966949701309204
v -2.343573570251465 2.364196300506592 -0.5656319856643677
v -2.5377042293548584 2.1691713333129883 -0.5602604746818542
v -2.037673234939575 1.7064567804336548 -0.5010035634040833
v -2.5178160667419434 2.18326473236084 -0.6659435629844666
v -2.3671939373016357 2.193370819091797 -0.13867834210395813
v -2.365591287612915 2.4624598026275635 -0.9473029375076294
v -2.302021026611328 1.9085279703140259 -0.3083534836769104
v -2.46553635597229 2.661402463912964 -1.0771100521087646
v -2.114468574523926 2.138620376586914 -0.5019397735595703
v -2.529822587966919 1.8880592584609985 -0.5663995742797852
v -2.6294503211975098 1.845301866531372 -0.7291130423545837
v -2.3461506366729736 2.185138463973999 -0.04459019750356674
v -2.387869358062744 1.722000002861023 -0.8000249862670898
v -2.289314031600952 2.402575969696045 -0.970282793045044
v -2.3536224365234375 2.194122314453125 -0.07720667123794556
v -2.619894027709961 2.497606039047241 -0.6646820306777954
v -2.4464383125305176 1.741202712059021 0.5507842302322388
v -2.3274073600769043 2.129795789718628 0.06485270708799362
v -2.5574095249176025 2.6260485649108887 -0.39877673983573914
v -2.6994388103485107 1.8737958669662476 0.4039895534515381
v -2.2981622219085693 1.9051554203033447 -0.32238492369651794
v -2.5148568153381348 2.1221654415130615 -0.8886246085166931
v -2.2109925746917725 3.0484461784362793 -0.9865319132804871
v -2.2840240001678467 2.381904125213623 0.15588770806789398
v -2.2154171466827393 1.8694891929626465 0.5829566717147827
v -2.6383798122406006 1.850339651107788 -0.6454221606254578
v -2.580718994140625 1.9130364656448364 0.374938428401947
v -2.6049153804779053 2.551074266433716 -0.4893413186073303
v -2.569499969482422 1.8554999828338623 -0.8673373460769653
v -2.6691300868988037 1.7276338338851929 0.40044087171554565
v -2.061779260635376 1.7068527936935425 -0.24248801171779633
v -2.0776946544647217 1.8444162607192993 -0.298655241727829
v -2.4031591415405273 2.9492921829223633 -0.8872180581092834
v -2.509861707687378 2.112434148788452 -0.9332570433616638
v -2.4419610500335693 2.222130060195923 -1.0711560249328613
v -2.6676688194274902 1.8598896265029907 -0.12665009498596191
v -2.1888368129730225 2.651416540145874 -1.201552152633667
v -2.51544189453125 2.1763062477111816 -0.6830622553825378
v -2.031316041946411 1.7007544040679932 -0.5687194466590881
v -2.051326274871826 1.68831467628479 -0.7108822464942932
v -2.232795000076294 2.2122178077697754 -0.7708209156990051
v -2.137817144393921 1.6680842638015747 0.4826928973197937
v -2.2280356884002686 1.8960765600204468 0.2562752962112427
v -2.2782773971557617 2.8422133922576904 -0.683118462562561
v -2.331089973449707 2.328916072845459 -0.6231120824813843
v -2.4648091793060303 1.8842382431030273 -0.3784533739089966
v -2.225250005722046 2.2619638442993164 0.18485745787620544
v -2.2381651401519775 2.209714889526367 -0.782115638256073
v -2.194845199584961 2.3742663860321045 -0.4602943956851959
v -2.2573463916778564 3.131195068359375 -0.9023050665855408
v -2.010044574737549 2.5795624256134033 -0.9055893421173096
v -2.2781777381896973 2.9234225749969482 -0.38023215532302856
v -2.2770349979400635 2.4133336544036865 0.11769278347492218
v -2.265864372253418 3.1421713829040527 -0.6728927493095398
v -2.391832113265991 1.7364689111709595 0.571654736995697
v -2.5132224559783936 1.907043218612671 0.1891297698020935
v -2.243839740753174 2.040245771408081 -1.2810662984848022
v -2.4039461612701416 2.9475131034851074 -0.8812424540519714
v -2.219071388244629 2.7849643230438232 -0.18591076135635376
v -2.688608169555664 1.8936759233474731 0.43353271484375
v -2.1209075450897217 2.1678154468536377 -1.0580836534500122
v -2.098719596862793 3.0727319717407227 -0.7644028663635254
v -2.1002306938171387 3.0774154663085938 -0.7767927050590515
v -2.3074958324432373 1.9033305644989014 0.00486296322196722
v -2.0500669479370117 1.662813425064087 -1.0903871059417725
v -2.025329351425171 2.436000108718872 -1.0974938869476318
v -2.159121036529541 2.222262382507324 -0.7145760655403137
v -2.3472044467926025 2.1002845764160156 0.4550829231739044
v -2.42549991607666 2.367392063140869 0.19074159860610962
v -2.1069393157958984 1.7143200635910034 0.052497632801532745
v -2.3585221767425537 2.0597164630889893 0.4968486428260803
v -2.42549991607666 2.3903117179870605 0.1615844964981079
v -1.891904592514038 2.474482536315918 -0.667690634727478
v -2.035740613937378 1.7099945545196533 -0.2945820093154907
v -2.058619976043701 1.6951900720596313 -0.38485002517700195
v -2.2255783081054688 2.011685848236084 0.4437749981880188
v -2.6778693199157715 1.8623738288879395 -0.0677788108587265
v -2.034043312072754 2.4892284870147705 -0.729831337928772
v -2.183500051498413 2.747117042541504 -1.1451914310455322
v -2.0948476791381836 1.7084964513778687 -0.30947160720825195
v -2.1720938682556152 3.013195514678955 -0.4834206998348236
v -2.053647756576538 1.9263941049575806 -1.0442463159561157
v -2.347612142562866 1.7065000534057617 -0.0849107876420021
v -2.119380235671997 2.7780888080596924 -0.4065798223018646
v -2.5538980960845947 2.631152868270874 -0.3931969106197357
v -2.636094331741333 2.4755139350891113 -0.7423348426818848
v -2.5894999504089355 1.8961037397384644 0.001122486311942339
v -2.2280213832855225 2.21511173248291 -0.7636542320251465
v -2.252938747406006 2.6838057041168213 -0.9599999785423279
v -2.0600101947784424 1.7059590816497803 -0.26529616117477417
v -2.217522144317627 2.8143696784973145 -0.710186779499054
v -2.4999096393585205 2.294699192047119 -0.506891131401062
v -2.1888411045074463 2.361158609390259 -0.02095327526330948
v -2.256751298904419 2.30399489402771 -1.0547494888305664
v -2.5433478355407715 1.8834565877914429 -0.5987391471862793
v -2.3829476833343506 2.604447603225708 -0.40050727128982544
v -2.036031484603882 2.6294610500335693 -0.40871086716651917
v -2.19087815284729 2.9163694381713867 -1.054508924484253
v -2.221355676651001 3.116654396057129 -0.9369417428970337
v -2.340447187423706 1.7131202220916748 -1.0577114820480347
v -2.3389763832092285 2.136404514312744 0.4160003066062927
v -2.3061676025390625 1.8851335048675537 0.16259947419166565
v -2.3475000858306885 1.7058629989624023 -0.07166998833417892
v -2.374502420425415 1.7070000171661377 -0.24120812118053436
v -2.5013091564178467 2.78788161277771 -0.3939042091369629
v -2.224893569946289 1.989988088607788 -1.2488903999328613
v -2.57077956199646 1.9110000133514404 0.350838840007782
v -2.015284538269043 1.679926872253418 -0.689227283000946
v -2.232924222946167 2.2400882244110107 0.21155133843421936
v -2.1428065299987793 1.8451910018920898 -1.0874346494674683
v -2.406221866607666 1.7289786338806152 -0.8520739078521729
v -2.4892332553863525 2.0815112590789795 -1.1080436706542969
v -2.5143821239471436 2.558764934539795 -0.5981464982032776
v -1.9560444355010986 2.4230000972747803 -0.9480411410331726
v -2.2717278003692627 1.723755955696106 0.5768200159072876
v -2.5791046619415283 1.9172414541244507 -0.6734839677810669
v -2.037719964981079 2.487459897994995 -0.7447398900985718
v -2.293454170227051 1.715999960899353 0.08264609426259995
v -2.0912246704101562 2.0149083137512207 -0.7424682974815369
v -2.527470111846924 2.4954402446746826 -0.8230075240135193
v -2.1562397480010986 2.292659282684326 -0.3068220317363739
v -2.450922727584839 2.609330654144287 -1.1990386247634888
v -2.42549991607666 2.3798766136169434 0.17502915859222412
v -2.536147356033325 1.8370589017868042 -0.9123818874359131
v -1.8924661874771118 2.4520275592803955 -0.7558987736701965
v -2.4724695682525635 1.7424988746643066 0.5400125980377197
v -2.381491184234619 2.8639657497406006 -0.4604070484638214
v -2.3637373447418213 2.545436382293701 -0.10827750712633133
v -2.272550106048584 2.7800166606903076 -0.9357166290283203
v -2.6395859718322754 1.8531720638275146 -0.6192635893821716
v -1.8998104333877563 2.444017171859741 -0.7775002121925354
v -2.0884897708892822 1.86046302318573 0.3483221232891083
v -2.0150208473205566 2.5822417736053467 -0.9155413508415222
v -2.185976505279541 2.9956347942352295 -0.5915798544883728
v -2.6517951488494873 1.8645000457763672 -0.38875341415405273
v -2.6167612075805664 2.508823871612549 -0.5859205722808838
v -2.4905779361724854 1.874500036239624 -0.21714533865451813
v -2.2754225730895996 2.438427448272705 -0.48421210050582886
v -2.0827643871307373 2.1315524578094482 -0.9165288805961609
v -2.114720344543457 1.7110034227371216 0.08133219927549362
v -2.407442331314087 1.7155576944351196 -0.6457233428955078
v -2.580991744995117 1.8990477323532104 0.01628626510500908
v -2.3287580013275146 2.1403543949127197 0.049113690853118896
v -2.0664939880371094 2.7254035472869873 -0.438593327999115
v -2.284531593322754 2.7743730545043945 -0.7565708160400391
v -2.257659673690796 2.7160651683807373 -0.9572336673736572
v -2.4840505123138428 2.6251461505889893 -0.4941290318965912
v -2.359020471572876 1.8872872591018677 0.14613845944404602
v -2.4099340438842773 1.6933376789093018 -1.1965264081954956
v -2.6970438957214355 1.7184079885482788 0.32778507471084595
v -2.6559810638427734 1.7135000228881836 -0.9029327034950256
v -2.3672990798950195 2.8819634914398193 -0.7456203699111938
v -2.1950297355651855 2.3529698848724365 0.002586918883025646
v -2.0677132606506348 2.4716720581054688 -0.8295818567276001
v -2.2799320220947266 2.1908047199249268 -1.2800761461257935
v -2.1357710361480713 2.709442615509033 -0.29836341738700867
v -2.2856364250183105 1.7110403776168823 -0.33540570735931396
v -2.2695000171661377 2.474984884262085 -0.02847285382449627
v -2.4086849689483643 2.5016496181488037 -0.2877563536167145
v -2.6953043937683105 1.7231956720352173 -0.17736878991127014
v -2.1742725372314453 2.2531583309173584 -0.6438961625099182
v -2.3930320739746094 1.8918282985687256 0.13906224071979523
v -2.552079677581787 1.8793659210205078 0.5848963260650635
v -2.614147424697876 2.5038280487060547 -0.6455399394035339
v -2.1498396396636963 1.6774119138717651 -1.1852138042449951
v -2.5431206226348877 2.152966260910034 -0.5736373066902161
v -2.5779199600219727 2.5988171100616455 -0.42768287658691406
v -2.01287579536438 2.607736587524414 -0.4270828068256378
v -2.39115047454834 2.618800640106201 -0.3612481951713562
v -2.4433095455169678 1.7409874200820923 0.5520761609077454
v -2.5128819942474365 2.11735200881958 -0.9105917811393738
v -2.385678768157959 2.962895154953003 -0.931407630443573
v -2.2580437660217285 2.399686574935913 -0.9744404554367065
v -2.143479347229004 2.352433681488037 -1.2859587669372559
v -2.095721960067749 2.0217297077178955 -0.5632728934288025
v -2.381030559539795 1.978840947151184 0.5656832456588745
v -2.0986335277557373 3.058899402618408 -0.7316321730613708
v -2.058588743209839 2.5743064880371094 -0.536834716796875
v -2.0570430755615234 1.6922169923782349 -0.71480393409729
v -2.543022394180298 1.902500033378601 0.049198366701602936
v -2.6080000400543213 2.5843026638031006 -0.8005594611167908
v -2.6352386474609375 2.4650540351867676 -0.8035140633583069
v -2.3727293014526367 2.1596646308898926 -0.24808856844902039
v -2.5179998874664307 2.138536214828491 -0.8074747920036316
v -2.3820748329162598 2.603574752807617 -0.40300118923187256
v -2.36217999458313 1.7079998254776 -0.1970929056406021
v -2.010138511657715 1.7112700939178467 -0.2806439697742462
v -2.6940906047821045 1.8612046241760254 0.01804434321820736
v -2.3840343952178955 2.0253798961639404 -0.41291335225105286
v -2.598973035812378 2.6168277263641357 -0.9209082722663879
v -1.98837149143219 2.58687162399292 -0.45045900344848633
v -2.4008285999298096 2.467179775238037 -0.36087432503700256
v -2.0470619201660156 2.5910308361053467 -0.9443743228912354
v -2.1052751541137695 2.8813717365264893 -0.8249498605728149
v -2.339615821838379 2.7866439819335938 -1.1069011688232422
v -2.3716635704040527 1.7211658954620361 -0.9065175652503967
v -2.567850112915039 1.9016940593719482 0.029650038108229637
v -2.084585428237915 2.7421600818634033 -0.43024447560310364
v -2.3169455528259277 2.916593074798584 -0.37968218326568604
v -2.5259809494018555 1.911888599395752 0.21085064113140106
v -2.6657047271728516 1.7077910900115967 0.21004927158355713
v -2.0735793113708496 1.86298406124115 0.3092541992664337
v -2.552349090576172 1.876685380935669 -0.6290604472160339
v -2.1733529567718506 2.5613207817077637 -0.938096284866333
v -2.156136989593506 1.7097197771072388 -0.31464648246765137
v -2.5335211753845215 1.725578784942627 0.11389387398958206
v -2.7131028175354004 1.8574999570846558 0.23462127149105072
v -2.2764999866485596 2.8106133937835693 -0.7086091637611389
v -2.3848836421966553 2.607046127319336 -0.39330312609672546
v -2.2717437744140625 3.033909797668457 -0.40265339612960815
v -2.495994806289673 2.2913925647735596 0.02634400501847267
v -2.5058584213256836 2.309849500656128 -0.2880358099937439
v -2.0771536827087402 1.8460392951965332 -0.28918761014938354
v -2.565765619277954 2.640446662902832 -0.9954710006713867
v -2.2829999923706055 2.801072835922241 -0.8807206153869629
v -2.41583251953125 2.46602201461792 -0.42963457107543945
v -2.0971550941467285 1.8554999828338623 -0.12270675599575043
v -2.1306209564208984 3.1044394969940186 -0.8884990811347961
v -2.1267356872558594 2.1824870109558105 -0.4719103276729584
v -2.5082733631134033 2.262953519821167 0.06905585527420044
v -2.6290578842163086 1.8490104675292969 -0.7480315566062927
v -2.494919776916504 1.874216079711914 -0.1854139268398285
v -2.4079532623291016 2.670780897140503 -0.2747425138950348
v -1.9025826454162598 2.4419171810150146 -0.7842151522636414
v -1.992552399635315 1.6922998428344727 0.10123689472675323
v -2.2627177238464355 2.2048118114471436 -0.9559946656227112
v -2.0051608085632324 2.6730477809906006 -0.4760974645614624
v -2.3455042839050293 1.7063926458358765 -0.34726858139038086
v -2.40718674659729 1.7203989028930664 0.09279792010784149
v -2.713667392730713 1.7105000019073486 -0.030477866530418396
v -2.7149999141693115 1.7143200635910034 0.03530111163854599
v -2.6635005474090576 1.7232307195663452 0.1304999738931656
v -2.5941414833068848 2.5758867263793945 -0.4532642364501953
v -2.53234601020813 2.1859235763549805 -0.5452944040298462
v -2.2488763332366943 2.157588005065918 0.31335020065307617
v -2.3704938888549805 1.720873475074768 -0.9130973219871521
v -2.04848313331604 1.8871450424194336 -0.6573242545127869
v -2.3670578002929688 3.017672538757324 -0.5377516746520996
v -2.074028730392456 1.826028823852539 -0.5055755972862244
v -2.332010507583618 1.696058988571167 0.35678815841674805
v -2.2493367195129395 2.2021632194519043 -0.8316944241523743
v -2.391953229904175 1.7216932773590088 -0.7677604556083679
v -2.449979305267334 2.678011894226074 -0.43348225951194763
v -2.449202060699463 1.7225143909454346 0.1010361835360527
v -2.213778495788574 1.9695566892623901 -1.2332861423492432
v -2.2722890377044678 1.7183151245117188 -0.8023293018341064
v -1.9575974941253662 2.4230217933654785 -0.9538034200668335
v -2.2058067321777344 1.952205777168274 -1.216583013534546
v -2.1853678226470947 2.610313892364502 -1.2228167057037354
v -2.0946202278137207 1.995565414428711 -0.5828647017478943
v -2.3529999256134033 1.701535940170288 0.07233746349811554
v -2.1163790225982666 2.145674467086792 -0.4974731206893921
v -2.145250082015991 2.398209810256958 -1.2802081108093262
v -2.239570140838623 2.401616334915161 -0.9771161675453186
v -2.130319356918335 2.105984687805176 -1.2059472799301147
v -2.672785520553589 1.7068076133728027 0.208869069814682
v -2.0377774238586426 1.8339999914169312 -0.8760519027709961
v -2.209033250808716 1.8686565160751343 0.5796260833740234
v -2.289200782775879 2.7656023502349854 -0.7994877099990845
v -2.429025173187256 2.3261730670928955 0.24837756156921387
v -2.440162420272827 2.12408185005188 -1.2186166048049927
v -2.074216842651367 2.1329758167266846 -0.9003853797912598
v -2.0271248817443848 1.6657084226608276 -1.0084995031356812
v -2.5565967559814453 1.8662095069885254 -0.6600059866905212
v -2.617380380630493 2.62385892868042 -0.5713852643966675
v -2.2841434478759766 2.952925205230713 -0.36599934101104736
v -2.4191043376922607 1.8959652185440063 -0.46796080470085144
v -2.52370548248291 1.8380000591278076 -0.9826104640960693
v -1.9577993154525757 2.578631639480591 -0.634305477142334
v -2.0671467781066895 1.8244999647140503 -0.583031177520752
v -2.5709707736968994 1.8535587787628174 -0.8023824095726013
v -2.4982717037200928 2.1024084091186523 -0.9989595413208008
v -2.593163251876831 1.7401293516159058 0.4869343340396881
v -2.420193672180176 2.4682095050811768 0.04337942600250244
v -2.2565362453460693 2.2015180587768555 -0.9222538471221924
v -2.6978819370269775 1.857872724533081 0.07468266785144806
v -2.2602150440216064 3.0784988403320312 -0.45570847392082214
v -2.3452799320220947 1.7147942781448364 -1.0371893644332886
v -1.9581350088119507 2.579526901245117 -0.6312841773033142
v -2.341172456741333 2.4502902030944824 -0.4859539866447449
v -2.138000011444092 1.7178338766098022 0.21515530347824097
v -2.3945000171661377 2.886270046234131 -0.4352758228778839
v -2.7015507221221924 1.719499945640564 0.2923060953617096
v -2.6714227199554443 1.8605844974517822 -0.09997140616178513
v -2.2070822715759277 3.0225956439971924 -1.0023857355117798
v -2.4240341186523438 1.6967031955718994 -0.5405926704406738
v -2.6530001163482666 1.864691138267517 -0.3712964355945587
v -2.6250624656677246 2.613375186920166 -0.6219992637634277
v -2.2769999504089355 2.8627102375030518 -0.5792001485824585
v -2.5973050594329834 1.7085000276565552 0.23586039245128632
v -2.519310235977173 2.115107536315918 0.3697216212749481
v -2.338355779647827 1.6854606866836548 0.18086691200733185
v -2.580723762512207 1.9848659038543701 -0.6451706886291504
v -2.057907819747925 2.7180466651916504 -0.4424164891242981
v -2.2214999198913574 3.112902879714966 -0.9424524307250977
v -2.504818916320801 1.9296643733978271 -1.1092851161956787
v -2.0010104179382324 2.576503038406372 -0.8925144076347351
v -2.6075263023376465 2.5815789699554443 -0.788658618927002
v -2.373500108718872 2.1121468544006348 -0.3340335488319397
v -2.176219940185547 3.1034998893737793 -0.9426465630531311
v -2.2939999103546143 1.8984336853027344 -0.3560302257537842
v -2.150081157684326 2.2758948802948 -0.34459373354911804
v -2.523252487182617 1.7045133113861084 0.2676502466201782
v -2.586839199066162 1.8976140022277832 0.009160690009593964
v -2.1768109798431396 2.500988006591797 -1.2475335597991943
v -2.1353557109832764 1.871751308441162 0.46050259470939636
v -2.0446584224700928 1.6630487442016602 -1.0766701698303223
v -2.584496021270752 2.4855010509490967 -0.9400122165679932
v -2.7044012546539307 1.8554999828338623 0.14371056854724884
v -2.1681227684020996 3.0096511840820312 -0.49873510003089905
v -2.492957353591919 2.216057062149048 0.25587204098701477
v -2.210005521774292 1.8873789310455322 0.3076048791408539
v -1.986494541168213 1.674497365951538 -0.760956883430481
v -2.0980215072631836 2.0188634395599365 -0.6967558860778809
v -2.180899143218994 2.27339506149292 -0.6020403504371643
v -2.3534693717956543 1.7250335216522217 -0.8346676826477051
v -2.6845951080322266 1.7145951986312866 -0.807274580001831
v -2.1287267208099365 1.709087610244751 -0.31272515654563904
v -2.3050694465637207 1.6979862451553345 -1.160277247428894
v -2.264094114303589 2.9228997230529785 -0.3817008137702942
v -2.21929669380188 2.9084885120391846 -0.3891918361186981
v -2.4278435707092285 2.335407257080078 0.23546737432479858
v -1.92528235912323 2.424311876296997 -0.8483057022094727
v -2.7034387588500977 1.8554999828338623 0.136009082198143
v -2.5047178268432617 2.299525022506714 -0.3252713680267334
v -2.4238531589508057 1.739502191543579 0.5598255395889282
v -2.073401927947998 2.0142745971679688 -0.8433927893638611
v -2.1291627883911133 1.7104750871658325 0.3010365664958954
v -2.228818655014038 2.214613199234009 -0.7647507190704346
v -2.12278413772583 1.7137140035629272 0.4773542881011963
v -2.5290000438690186 2.5275585651397705 -0.6817009449005127
v -2.4009549617767334 1.7191531658172607 -0.6979911923408508
v -2.0334625244140625 2.626462459564209 -0.4110981523990631
v -2.2295751571655273 1.6857008934020996 -1.2016339302062988
v -2.1218364238739014 2.9787278175354004 -0.9566980004310608
v -2.443621873855591 2.2167158126831055 -1.0645534992218018
v -2.138000011444092 1.7165290117263794 0.24718019366264343
v -2.1124982833862305 1.7069964408874512 0.3727668523788452
v -2.1961703300476074 1.830298900604248 -1.090311050415039
v -2.251920461654663 2.3998868465423584 -0.975386917591095
v -2.132643938064575 1.7120587825775146 0.08094117045402527
v -2.5251903533935547 2.5421669483184814 -0.6329039335250854
v -2.335003137588501 1.6845463514328003 0.18940062820911407
v -2.496000051498413 2.3775475025177 -0.41819071769714355
v -2.1956939697265625 1.923742651939392 -1.1820975542068481
v -2.2785747051239014 2.575946569442749 -0.09459581971168518
v -2.3132991790771484 1.901467204093933 -0.04615961015224457
v -2.2209060192108154 2.57715106010437 -0.9375
v -2.0465126037597656 2.708646774291992 -0.4455426037311554
v -2.2832469940185547 1.7113059759140015 -0.33478623628616333
v -2.284223794937134 2.9229681491851807 -0.3799999952316284
v -2.26452898979187 3.0687594413757324 -0.43662428855895996
v -2.4875590801239014 1.7424999475479126 0.5337722301483154
v -2.5840327739715576 2.6827783584594727 -0.48342186212539673
v -2.282640218734741 2.778219699859619 -0.7467011213302612
v -2.212616205215454 2.512146472930908 -0.20241402089595795
v -2.3963420391082764 2.8917629718780518 -0.42555317282676697
v -2.42549991607666 2.3805172443389893 0.17422860860824585
v -2.48222279548645 1.8924999237060547 -0.5076510310173035
v -2.3837170600891113 1.8124717473983765 -1.0718992948532104
v -2.5871729850769043 2.6797876358032227 -0.4850667119026184
v -2.1445345878601074 3.105924367904663 -0.9102813601493835
v -2.088167190551758 2.0139999389648438 -0.7591970562934875
v -2.3303229808807373 2.183142900466919 0.37403404712677
v -2.3303656578063965 2.1511945724487305 0.030842283740639687
v -2.528266429901123 2.534635066986084 -0.6545618176460266
v -2.178417444229126 2.5168097019195557 -1.2445875406265259
v -2.3425371646881104 2.119814395904541 0.433338463306427
v -2.361157178878784 1.7079998254776 -0.1927747130393982
v -2.0369412899017334 2.5393824577331543 -0.5846762657165527
v -2.3975210189819336 2.5559895038604736 -0.4318792521953583
v -2.6422386169433594 1.859238624572754 -0.5132670402526855
v -2.2451493740081787 2.452343225479126 -0.4440374970436096
v -2.6429340839385986 1.8599342107772827 -0.5043561458587646
v -2.1204326152801514 2.166865110397339 -1.0554227828979492
v -2.1863372325897217 1.9094210863113403 0.47583258152008057
v -2.0579991340637207 1.867300033569336 0.23919546604156494
v -2.240736961364746 2.0295300483703613 -1.275293231010437
v -2.3047945499420166 2.264678478240967 -0.7241568565368652
v -2.2842140197753906 2.221665382385254 -1.288618564605713
v -1.947950005531311 2.5276074409484863 -0.5295641422271729
v -2.386040210723877 2.726717710494995 -0.15749181807041168
v -2.3026697635650635 1.6965023279190063 -1.173309564590454
v -2.0530974864959717 1.9337263107299805 -1.0513237714767456
v -2.0764999389648438 1.828381896018982 -0.4379254877567291
v -1.9661998748779297 2.565500020980835 -0.7796992063522339
v -2.527388572692871 1.902500033378601 0.05948009714484215
v -2.694141149520874 1.7149264812469482 0.3540852665901184
v -2.269559383392334 2.5934009552001953 -0.09100984036922455
v -2.122429609298706 1.7092382907867432 0.32478177547454834
v -2.3871610164642334 1.7035000324249268 -0.3525535464286804
v -2.5250611305236816 1.6939486265182495 -1.1209388971328735
v -2.1762380599975586 2.78047513961792 -1.1195718050003052
v -2.010563850402832 2.4369688034057617 -1.0752838850021362
v -2.384366750717163 1.7273274660110474 -0.8453099727630615
v -2.113370656967163 2.1176342964172363 -0.5122755169868469
v -2.505127429962158 2.3252456188201904 -0.20780792832374573
v -2.2251486778259277 3.1624317169189453 -0.8509341478347778
v -2.2737066745758057 2.9099888801574707 -0.6198485493659973
v -2.567556619644165 1.7400472164154053 0.5018584728240967
v -2.143836498260498 2.155681848526001 -1.2321418523788452
v -2.4113786220550537 2.4816818237304688 0.017520930618047714
v -2.539154291152954 2.0639705657958984 0.4104425013065338
v -2.588231325149536 1.8767026662826538 0.5743237733840942
v -2.221480131149292 3.1386847496032715 -0.9040514230728149
v -2.5438361167907715 1.9130409955978394 0.2598856985569
v -2.1124773025512695 3.033236026763916 -0.6807587146759033
v -2.559938669204712 2.5297603607177734 -1.095204472541809
v -2.4595320224761963 1.7420529127120972 0.5453659296035767
v -2.3388888835906982 2.543649196624756 -0.10457466542720795
v -2.2386722564697266 1.8980000019073486 0.23805224895477295
v -2.3475000858306885 1.7059364318847656 -0.0729193463921547
v -2.0971407890319824 1.7099944353103638 0.08200565725564957
v -2.528177499771118 2.671907663345337 -0.345397412776947
v -2.090264081954956 2.683293581008911 -0.35397109389305115
v -2.68411922454834 1.9038501977920532 0.44640809297561646
v -1.8931387662887573 2.475132465362549 -0.6652224063873291
v -2.1501331329345703 1.8485203981399536 -0.5714079737663269
v -2.4847664833068848 2.656008720397949 -1.0571386814117432
v -2.1984500885009766 2.4697587490081787 -0.39249736070632935
v -2.5806546211242676 2.486384391784668 -0.9517282247543335
v -2.398423433303833 1.814213514328003 -1.0682158470153809
v -2.3856587409973145 2.608402967453003 -0.38962024450302124
v -2.521650552749634 2.520543098449707 -1.156711459159851
v -2.5320892333984375 2.752086639404297 -0.4284132719039917
v -2.4145572185516357 2.3163139820098877 -1.141778588294983
v -2.1527743339538574 2.2041521072387695 -0.7394880652427673
v -2.326683759689331 2.120388984680176 0.07932471483945847
v -2.430466890335083 2.380653142929077 -1.1375000476837158
v -2.584829568862915 2.4854588508605957 -0.939052402973175
v -2.5045697689056396 2.69743013381958 -0.3251662254333496
v -1.984604835510254 2.5686137676239014 -0.854428231716156
v -2.6767702102661133 1.7123411893844604 -0.8586018681526184
v -2.049516439437866 1.831580638885498 -0.8379981517791748
v -2.0692765712738037 2.432690382003784 -1.1432768106460571
v -2.1175625324249268 3.025542974472046 -0.6682615876197815
v -2.233853340148926 3.0648715496063232 -0.5942336916923523
v -2.672240972518921 1.7240803241729736 0.33141031861305237
v -2.6214094161987305 1.7024999856948853 -0.35499992966651917
v -2.3971104621887207 1.8927022218704224 0.1378970742225647
v -2.5192670822143555 2.2234530448913574 -0.5042539834976196
v -2.1981611251831055 2.367219924926758 -0.47272929549217224
v -2.5354394912719727 1.8796947002410889 -1.0103527307510376
v -2.434725046157837 2.135733127593994 -1.2254722118377686
v -2.5471205711364746 2.528024196624756 -1.1317226886749268
v -2.3481547832489014 3.038034677505493 -0.4658096134662628
v -2.5154566764831543 1.8908261060714722 -0.5413263440132141
v -2.144289016723633 1.7094999551773071 -0.3137727975845337
v -2.1587941646575928 2.5449414253234863 -0.9359853863716125
v -2.379098892211914 2.5446152687072754 -0.11071200668811798
v -2.1860647201538086 2.6666111946105957 -0.2817437946796417
v -1.9630119800567627 2.424168586730957 -0.9698612093925476
v -2.299248456954956 1.8097347021102905 -1.0821173191070557
v -2.0049500465393066 2.67276668548584 -0.4764067232608795
v -2.0763869285583496 1.8270000219345093 -0.4598095417022705
v -2.653484344482422 1.8650000095367432 -0.3538444936275482
v -2.284188985824585 2.9526140689849854 -0.3659352958202362
v -2.168912887573242 3.0108096599578857 -0.49455490708351135
v -2.603935480117798 1.7007217407226562 -1.026842713356018
v -2.1526243686676025 1.675264596939087 0.47383037209510803
v -2.521122932434082 1.895605206489563 -1.0495349168777466
v -2.415004014968872 1.7080656290054321 -0.5914018750190735
v -2.7095754146575928 1.856024980545044 0.2061280459165573
v -2.4445247650146484 2.5044751167297363 -0.906000018119812
v -2.3583152294158936 2.992809772491455 -0.6255162358283997
v -2.2697620391845703 1.874202847480774 0.596500039100647
v -2.3274662494659424 2.1305601596832275 0.06367647647857666
v -2.50333571434021 2.575385808944702 -0.564867377281189
v -2.529078245162964 1.7419102191925049 0.5190508365631104
v -2.3807272911071777 1.9820765256881714 0.5638632774353027
v -2.3480746746063232 1.7052873373031616 -0.021231241524219513
v -2.067502737045288 1.864374041557312 0.29075995087623596
v -2.6218273639678955 2.595820426940918 -0.6733666658401489
v -2.321500062942505 1.9095988273620605 -0.14329051971435547
v -2.5302107334136963 1.8879297971725464 -0.567348301410675
v -2.3273744583129883 3.042302131652832 -0.4236551821231842
v -2.697399377822876 1.8758906126022339 0.4078610837459564
v -2.2652621269226074 1.6934704780578613 0.39544278383255005
v -2.095189332962036 1.8582069873809814 -0.05218752101063728
v -2.523974657058716 2.096106767654419 0.38392457365989685
v -2.0291526317596436 1.698364496231079 -0.5867196321487427
v -2.113003969192505 1.7128320932388306 0.06984370201826096
v -2.7042908668518066 1.8554999828338623 0.14282731711864471
v -2.3956398963928223 2.9207913875579834 -0.8038970828056335
v -2.4207980632781982 2.6727211475372314 -1.1077210903167725
v -2.4161689281463623 2.4744489192962646 0.029389239847660065
v -2.244704484939575 3.078704595565796 -0.5497727990150452
v -2.3970000743865967 3.0513408184051514 -0.7648635506629944
v -2.6501879692077637 1.7321114540100098 0.43590137362480164
v -2.3284432888031006 1.8922775983810425 -0.460722416639328
v -2.3940176963806152 2.5481016635894775 -1.2373982667922974
v -2.527294158935547 2.4950883388519287 -0.8259995579719543
v -2.1044085025787354 2.392984628677368 -1.1819084882736206
v -2.715470314025879 1.7154405117034912 0.05257735773921013
v -2.262864828109741 2.2821309566497803 -1.0497252941131592
v -2.6308231353759766 2.4630000591278076 -0.828385055065155
v -2.165221691131592 1.838901400566101 -1.090024709701538
v -2.3408660888671875 2.456271171569824 -1.2925186157226562
v -2.2707982063293457 3.04203200340271 -0.40902405977249146
v -2.564807415008545 2.015895366668701 0.43028661608695984
v -2.0390145778656006 2.486490249633789 -0.7505437731742859
v -2.618913412094116 2.4630000591278076 -0.8649895191192627
v -2.288520097732544 2.76747989654541 -0.7893662452697754
v -2.382265567779541 1.722000002861023 -0.8413540124893188
v -2.554391622543335 1.8792166709899902 0.584225058555603
v -2.20436692237854 1.8837889432907104 0.3360873758792877
v -2.4934966564178467 2.3000328540802 0.011424189433455467
v -2.45141863822937 1.7015000581741333 -0.3530000150203705
v -2.2034566402435303 1.7182819843292236 0.5557283759117126
v -2.539289712905884 1.9140526056289673 0.24571114778518677
v -2.221116542816162 3.1328628063201904 -0.9142398238182068
v -2.202209949493408 2.5085341930389404 -0.21922115981578827
v -2.7144999504089355 1.858039379119873 0.2534036934375763
v -2.0306217670440674 2.623621702194214 -0.41312751173973083
v -2.200845241546631 2.605424642562866 -0.33480340242385864
v -2.2905309200286865 2.354501247406006 0.19209197163581848
v -2.276559829711914 1.813780665397644 -1.0845245122909546
v -2.2259469032287598 2.548459768295288 -0.4935276210308075
v -1.9716448783874512 2.5650508403778076 -0.8065289258956909
v -2.611478567123413 2.5789294242858887 -0.7287755608558655
v -2.681919574737549 1.8624999523162842 -0.050653595477342606
v -2.148561477661133 2.2367758750915527 -1.258630394935608
v -2.337315320968628 2.543550968170166 -0.10452547669410706
v -2.0319578647613525 1.8843191862106323 -0.7031893730163574
v -2.2246651649475098 3.1500730514526367 -0.8774358630180359
v -2.080803155899048 1.8354090452194214 -0.36419785022735596
v -2.5822808742523193 2.593210458755493 -0.43328961730003357
v -2.3008053302764893 2.9201953411102295 -0.3799999952316284
v -2.083235740661621 2.131618022918701 -0.9176132082939148
v -2.635998249053955 2.465623617172241 -0.7983870506286621
v -2.249039649963379 3.0826315879821777 -0.604421079158783
v -2.619605541229248 2.6213948726654053 -0.5842284560203552
v -2.7114999294281006 1.859508752822876 0.3116573393344879
v -2.4251015186309814 2.458195209503174 0.06450773030519485
v -1.9636411666870117 2.563782215118408 -0.7528762221336365
v -2.3211276531219482 1.912248134613037 -0.16073067486286163
v -2.300449848175049 1.6936748027801514 -1.1957478523254395
v -2.3557426929473877 3.0345358848571777 -0.48263493180274963
v -2.1967127323150635 2.3201704025268555 -0.528137743473053
v -2.4056572914123535 1.7171285152435303 -0.6588694453239441
v -2.4440767765045166 2.720644235610962 -0.2744787335395813
v -2.374440908432007 2.8645846843719482 -0.386389821767807
v -2.600538730621338 1.7085000276565552 0.23454682528972626
v -2.456422805786133 2.6733694076538086 -0.43942293524742126
v -2.3648993968963623 2.5636303424835205 -0.9166301488876343
v -2.4880385398864746 2.143845558166504 -0.899997889995575
v -2.63857102394104 1.8505710363388062 -0.6436483263969421
v -2.3880321979522705 2.9610462188720703 -0.9273732304573059
v -2.499812602996826 2.32458758354187 -0.0935625284910202
v -2.1948163509368896 2.8223493099212646 -0.7246983647346497
v -2.251328229904175 2.14052414894104 0.3314758539199829
v -2.500636100769043 2.10410213470459 -0.9869041442871094
v -2.270612955093384 1.8147399425506592 -1.085291862487793
v -2.4439876079559326 2.505012273788452 -0.906000018119812
v -2.4097206592559814 1.8895349502563477 0.6114650964736938
v -2.2036077976226807 1.9467693567276 -1.2093769311904907
v -2.196082830429077 2.3188207149505615 -0.5304772257804871
v -2.2224485874176025 3.184117555618286 -0.7806986570358276
v -2.0759475231170654 2.013517379760742 -0.832004189491272
v -2.504499912261963 2.2956278324127197 -0.33897268772125244
v -2.6780436038970947 1.8624086380004883 -0.06687311083078384
v -2.2691152095794678 2.596193552017212 -0.09186585247516632
v -2.1956732273101807 1.923685073852539 -1.1820236444473267
v -2.052500009536743 1.9551901817321777 -1.0731902122497559
v -2.4668118953704834 1.8927583694458008 -0.49531203508377075
v -2.0985043048858643 3.060448169708252 -0.7353747487068176
v -2.1089956760406494 1.714063048362732 0.05892367288470268
v -2.169719934463501 1.836902141571045 -1.090524435043335
v -2.249415636062622 2.57893967628479 -0.9364999532699585
v -2.0567197799682617 1.8265001773834229 -0.6707417368888855
v -2.2174909114837646 1.9764831066131592 -1.2387385368347168
v -2.0896949768066406 1.7102802991867065 -0.06603756546974182
v -2.0597853660583496 2.4761431217193604 -0.805963933467865
v -2.2140910625457764 1.8899363279342651 0.2907271087169647
v -2.1120765209198 3.094994068145752 -0.8323059678077698
v -2.1711368560791016 2.2468013763427734 -0.662623405456543
v -2.208540201187134 3.0307810306549072 -0.9974792003631592
v -2.451439142227173 1.7415475845336914 0.5487148761749268
v -2.570244312286377 1.8547555208206177 -0.8231447339057922
v -2.6047232151031494 2.601905107498169 -0.8686949014663696
v -2.10805606842041 2.062005043029785 -1.1797142028808594
v -2.206679582595825 2.809640884399414 -0.2126186639070511
v -2.1636910438537598 2.329751968383789 -0.23254086077213287
v -2.653015613555908 1.8650000095367432 -0.36415988206863403
v -2.153160572052002 2.9982314109802246 -0.627808690071106
v -2.319855213165283 1.7296894788742065 0.5829596519470215
v -2.7049341201782227 1.7073915004730225 -0.5092450380325317
v -2.634591817855835 1.7252076864242554 0.12929220497608185
v -2.0766170024871826 2.470261812210083 -0.8522104620933533
v -2.3004555702209473 3.127732276916504 -0.8941740989685059
v -2.348085880279541 2.097139596939087 0.45841190218925476
v -2.487011432647705 1.8924999237060547 -0.5121578574180603
v -2.071094512939453 2.729586124420166 -0.43671128153800964
v -2.2181100845336914 2.5142033100128174 -0.19390521943569183
v -2.0572586059570312 1.868241310119629 0.20875947177410126
v -2.466188907623291 2.449627161026001 -1.1276555061340332
v -2.254849910736084 2.0971500873565674 -1.3035500049591064
v -2.265122175216675 2.8039133548736572 -0.4661382734775543
v -2.7095000743865967 1.7169911861419678 -0.38807064294815063
v -2.301103353500366 1.8094799518585205 -1.0819597244262695
v -2.384500026702881 2.0095911026000977 -0.4235936999320984
v -2.2444489002227783 3.012706756591797 -1.02774178981781
v -2.0419886112213135 2.6379005908966064 -0.4013465940952301
v -2.5172815322875977 1.9088349342346191 0.19495151937007904
v -2.1538944244384766 2.997779130935669 -0.6272634267807007
v -2.6080000400543213 2.5852341651916504 -0.8038194179534912
v -2.384247064590454 2.869635820388794 -0.4548640251159668
v -2.196096420288086 1.8819999694824219 0.37261515855789185
v -2.120624303817749 2.162808418273926 -0.4865650534629822
v -2.449608087539673 1.8227216005325317 -1.0496125221252441
v -2.2456881999969482 2.1727306842803955 0.297269344329834
v -2.548750638961792 1.6954432725906372 -1.094590187072754
v -2.3466367721557617 1.6911367177963257 0.14363479614257812
v -2.318056583404541 2.419792413711548 -0.9676698446273804
v -2.562666416168213 1.8521673679351807 -0.7079954743385315
v -2.5851733684539795 2.5895140171051025 -0.43714261054992676
v -2.5327866077423096 1.9140000343322754 0.22666889429092407
v -2.656217098236084 1.8590658903121948 -0.2770735025405884
v -2.3737175464630127 2.005723476409912 0.5446523427963257
v -2.440626621246338 2.2265779972076416 -1.076493501663208
v -2.01200008392334 1.6768451929092407 -0.7086804509162903
v -2.1034340858459473 2.960205554962158 -0.9328140616416931
v -2.491502285003662 2.2654037475585938 0.1635916531085968
v -2.530398368835449 1.9135797023773193 0.22095641493797302
v -2.5078024864196777 1.8280065059661865 -0.9575462937355042
v -2.7043821811676025 1.7075785398483276 -0.5137161612510681
v -2.241395950317383 1.876758337020874 -0.49495309591293335
v -2.6138720512390137 2.4642622470855713 -0.8760971426963806
v -2.6038920879364014 2.6052350997924805 -0.8810290694236755
v -2.1398062705993652 2.2133634090423584 -0.4395529329776764
v -2.515500068664551 2.1570792198181152 0.3380871117115021
v -2.2340781688690186 1.7135000228881836 -0.3227231502532959
v -2.2067506313323975 2.8179166316986084 -0.7168448567390442
v -2.0793075561523438 2.737159490585327 -0.4330223798751831
v -2.668766975402832 1.8602555990219116 -0.11863119900226593
v -2.174567937850952 1.8649333715438843 0.5552678108215332
v -2.359445333480835 2.869957447052002 -0.39045754075050354
v -2.418837308883667 1.8960541486740112 -0.46763455867767334
v -2.487408399581909 2.6098663806915283 -0.5129806399345398
v -2.2861461639404297 2.23073148727417 -1.291195034980774
v -2.0959999561309814 2.008589744567871 -0.5728356242179871
v -2.3447365760803223 2.5440146923065186 -0.1047573834657669
v -2.5323970317840576 1.8817617893218994 -1.0171263217926025
v -2.5279879570007324 2.5365302562713623 -0.6494038105010986
v -2.32989764213562 2.4270401000976562 -1.300724744796753
v -2.182673692703247 1.8964203596115112 -1.1526002883911133
v -2.178349733352661 2.518709897994995 -1.2442482709884644
v -2.5160932540893555 2.1537201404571533 -0.7511619925498962
v -2.279590368270874 2.5346181392669678 -0.10472916066646576
v -2.5757193565368652 2.6017377376556396 -0.42485347390174866
v -2.7043089866638184 1.7245635986328125 -0.3125275671482086
v -2.6587281227111816 1.8576358556747437 -0.25026094913482666
v -2.6111772060394287 2.5788166522979736 -0.7300183176994324
v -2.189875841140747 1.83211350440979 -1.0905189514160156
v -2.2292652130126953 1.8717942237854004 0.5898827314376831
v -2.481198310852051 1.7240647077560425 0.10632329434156418
v -2.02156662940979 2.4961600303649902 -0.635826826095581
v -2.4152042865753174 2.8466978073120117 -0.37869933247566223
v -2.308070659637451 1.9139280319213867 -0.27478906512260437
v -2.151085138320923 2.2783043384552 -0.33957400918006897
v -2.316720962524414 2.2986366748809814 -0.666752815246582
v -2.104893207550049 2.696314811706543 -0.3388350307941437
v -2.4052436351776123 2.9432694911956787 -0.8669560551643372
v -1.9893555641174316 2.640557289123535 -0.5177603363990784
v -2.033317804336548 2.489591121673584 -0.7263850569725037
v -2.3563528060913086 1.7183150053024292 -0.9867364764213562
v -2.2323594093322754 2.916280508041382 -0.3860088586807251
v -2.061344623565674 1.8250776529312134 -0.6312041878700256
v -2.2599117755889893 3.0790293216705322 -0.45805788040161133
v -2.194014072418213 2.6197662353515625 -0.3030703365802765
v -2.340576410293579 2.782034158706665 -1.1093982458114624
v -2.057001829147339 1.868499994277954 0.20098091661930084
v -2.378247022628784 2.5487494468688965 -0.4832528233528137
v -2.701944351196289 1.7170555591583252 -0.11703702807426453
v -2.2561895847320557 2.1122381687164307 -1.3094637393951416
v -2.209465742111206 2.466294527053833 -0.4094655215740204
v -2.6652894020080566 1.8584297895431519 -0.15039512515068054
v -2.565000057220459 2.514568328857422 -1.0437800884246826
v -2.670067310333252 1.727466344833374 0.3981296718120575
v -2.3812954425811768 2.530031442642212 -1.2541451454162598
v -2.303226947784424 1.9101358652114868 -0.2999115288257599
v -2.2782094478607178 2.7932796478271484 -0.7255109548568726
v -2.110973596572876 2.0662691593170166 -1.1828563213348389
v -2.6964526176452637 1.7215713262557983 -0.15530821681022644
v -2.355393171310425 1.7180408239364624 -0.9915348887443542
v -2.5794832706451416 1.993238091468811 -0.6414497494697571
v -2.428845167160034 1.7020000219345093 -0.3530000150203705
v -2.180380344390869 1.8784102201461792 0.4573891758918762
v -2.2698726654052734 2.4451372623443604 0.07110460847616196
v -2.370124340057373 1.6949812173843384 -1.2068675756454468
v -2.213313341140747 2.291922092437744 0.13956783711910248
v -2.198554515838623 2.3662004470825195 -0.4743539094924927
v -2.0835955142974854 1.7082346677780151 -0.30737829208374023
v -2.34407901763916 2.463157892227173 -1.2903881072998047
v -2.504744291305542 2.2997097969055176 -0.3246381878852844
v -2.0557339191436768 1.6972661018371582 -0.4052293002605438
v -2.4532032012939453 2.15893816947937 0.4083589017391205
v -2.200619697570801 2.557957410812378 -0.43714895844459534
v -2.5151026248931885 1.8908904790878296 -0.5406505465507507
v -2.4986414909362793 1.8738232851028442 -0.161046102643013
v -2.6742513179779053 1.7077115774154663 -0.3531441390514374
v -2.3575360774993896 1.8940001726150513 -0.4584435522556305
v -2.1144118309020996 2.6415882110595703 -0.439264714717865
v -2.1858432292938232 3.0202975273132324 -0.4527599513530731
v -2.2772254943847656 2.412429094314575 0.11874010413885117
v -2.5013983249664307 1.8679661750793457 -0.11841777712106705
v -2.7091064453125 1.8559014797210693 0.20284265279769897
v -2.127014398574829 1.6755346059799194 0.4625290632247925
v -2.267777442932129 2.4639623165130615 0.0055032395757734776
v -2.6887974739074707 1.8620405197143555 -0.01993153989315033
v -2.2814464569091797 2.2018589973449707 -1.2830630540847778
v -2.156156301498413 2.3587818145751953 -1.2545000314712524
v -2.1522841453552246 2.3363184928894043 -1.2530227899551392
v -2.37514066696167 2.857297897338867 -0.46548742055892944
v -2.235039472579956 3.069028377532959 -0.5883811712265015
v -2.4855618476867676 1.7241929769515991 0.10696488618850708
v -2.4609358310699463 1.7015000581741333 -0.3530000150203705
v -2.0955734252929688 2.0255870819091797 -0.5607507228851318
v -2.3438045978546143 2.904909133911133 -0.37803906202316284
v -2.1967101097106934 1.8819999694824219 0.37015968561172485
v -2.1684746742248535 2.6979782581329346 -0.27254700660705566
v -2.01200008392334 1.676637053489685 -0.7142990231513977
v -2.525381088256836 2.21103572845459 -0.5206666588783264
v -1.9505131244659424 2.5333194732666016 -0.5223873853683472
v -2.093719482421875 1.8592805862426758 -0.03487033769488335
v -2.087319850921631 1.8617360591888428 0.01902514323592186
v -2.2907462120056152 2.7692313194274902 -0.822716474533081
v -2.1115403175354004 1.7046207189559937 0.3908327519893646
v -2.134929895401001 1.6664392948150635 0.4776213765144348
v -1.9980741739273071 2.5747933387756348 -0.8859173059463501
v -2.3654747009277344 1.7259106636047363 -0.8389161825180054
v -2.3823251724243164 2.0462939739227295 -0.3990791440010071
v -2.3832576274871826 2.545001745223999 -0.11250507831573486
v -2.2596640586853027 2.438812017440796 -0.4725480377674103
v -2.535992383956909 1.8375016450881958 -0.9560201168060303
v -2.5632548332214355 2.6180436611175537 -0.40805697441101074
v -2.2888717651367188 2.788179874420166 -0.8523850440979004
v -2.0704379081726074 2.0150208473205566 -0.8553106188774109
v -2.4437451362609863 2.1161861419677734 -1.213107705116272
v -2.1121928691864014 1.7024213075637817 0.39892905950546265
v -2.546105146408081 2.552586793899536 -1.1225157976150513
v -2.1713743209838867 2.8488833904266357 -1.0939968824386597
v -2.157768726348877 1.8745064735412598 0.4821036159992218
v -2.511841058731079 2.1867949962615967 0.30725792050361633
v -2.363471031188965 2.5454142093658447 -0.10819992423057556
v -2.220643997192383 3.078664779663086 -0.966972291469574
v -2.00559139251709 2.673621892929077 -0.4754660129547119
v -2.3313119411468506 1.7089372873306274 -1.0911060571670532
v -2.315237283706665 2.257805347442627 0.31307175755500793
v -2.500774621963501 2.325000047683716 -0.10002240538597107
v -2.214686393737793 2.512974500656128 -0.19910220801830292
v -2.2255189418792725 2.565528154373169 -0.4168775677680969
v -2.170982837677002 2.5591506958007812 -0.9378318190574646
v -2.317533493041992 3.0434887409210205 -0.40385597944259644
v -2.0873615741729736 1.860636591911316 0.3456314504146576
v -2.178135871887207 2.37443208694458 -0.1157231330871582
v -2.1803433895111084 2.370234727859497 -0.05967441573739052
v -2.066974401473999 1.6939446926116943 -0.7206957936286926
v -2.4899885654449463 2.4387083053588867 -0.30680304765701294
v -2.0974366664886475 2.944819927215576 -0.9147986173629761
v -2.223198175430298 3.1849558353424072 -0.7770813703536987
v -2.578187942504883 1.9105956554412842 -0.6761760711669922
v -2.311467409133911 1.8910000324249268 -0.4630953371524811
v -2.349055767059326 3.0377070903778076 -0.46761152148246765
v -2.431037664413452 1.689409613609314 -0.5112890601158142
v -2.19452166557312 2.4716074466705322 -0.38533350825309753
v -2.0974926948547363 2.944979190826416 -0.9149767160415649
v -2.3241782188415527 1.7080166339874268 -0.3436390161514282
v -2.6980631351470947 1.869210124015808 0.3925251364707947
v -2.6056320667266846 2.5994808673858643 -0.859300971031189
v -2.5046796798706055 1.9030243158340454 0.1769419014453888
v -1.9955122470855713 2.593716621398926 -0.4426921606063843
v -2.003235340118408 1.6721116304397583 -0.8816071152687073
v -2.2868080139160156 3.1305348873138428 -0.8965349197387695
v -2.499459743499756 1.900480031967163 0.1689639389514923
v -2.0642480850219727 1.8244999647140503 -0.6067681312561035
v -2.080050468444824 1.839398980140686 -0.3308592438697815
v -2.3162992000579834 1.7028329372406006 -1.1310687065124512
v -2.2769999504089355 2.8622593879699707 -0.578853189945221
v -2.303229570388794 2.258803129196167 -0.7394343018531799
v -1.9855138063430786 1.6739723682403564 -0.7526276707649231
v -2.4276392459869385 2.4419105052948 0.09148254245519638
v -2.0542707443237305 1.6984375715255737 -0.41437554359436035
v -2.12328839302063 1.7115622758865356 0.08114584535360336
v -2.309723377227783 1.9153616428375244 -0.25442615151405334
v -2.716742992401123 1.716986060142517 0.07727661728858948
v -2.2736902236938477 2.4268455505371094 0.10134484618902206
v -2.030928373336792 1.8839139938354492 -0.7079583406448364
v -2.499875068664551 2.2950620651245117 -0.5065628290176392
v -2.3726892471313477 2.1763370037078857 -0.20458392798900604
v -2.1711575984954834 2.8321497440338135 -0.744299590587616
v -2.7100415229797363 1.8561804294586182 0.210013285279274
v -2.176525115966797 2.8787076473236084 -1.0806599855422974
v -2.1878249645233154 2.7108781337738037 -1.1638730764389038
v -2.3051695823669434 2.266347885131836 -0.7205587029457092
v -2.1623032093048096 1.8401985168457031 -1.0897003412246704
v -2.392699718475342 2.621619701385498 -0.35392090678215027
v -2.0769999027252197 1.848222017288208 -0.2718631625175476
v -2.1759355068206787 1.7182198762893677 0.5408965349197388
v -2.660801649093628 1.7234383821487427 0.1304999738931656
v -2.160348653793335 2.3769712448120117 -1.2540377378463745
v -2.1723177433013916 2.860642910003662 -1.089073896408081
v -2.2037997245788574 2.4681286811828613 -0.4020708203315735
v -2.078376293182373 1.8427475690841675 -0.3083891272544861
v -2.512899398803711 1.8361784219741821 -0.9997866749763489
v -2.3229575157165527 1.7167916297912598 0.08379162847995758
v -1.9829018115997314 2.5677342414855957 -0.8487718105316162
v -2.0758092403411865 1.97632896900177 -0.5963026881217957
v -2.5071332454681396 2.196866750717163 0.2950145900249481
v -2.527590274810791 2.5375242233276367 -0.6462224721908569
v -2.300926923751831 2.309727430343628 -1.3109077215194702
v -2.607297420501709 2.592120409011841 -0.8312790393829346
v -2.581698417663574 1.8465397357940674 -0.8386824131011963
v -2.179657459259033 2.268261432647705 -0.6107663512229919
v -2.3006391525268555 1.6939585208892822 -1.1985855102539062
v -2.01200008392334 1.6768379211425781 -0.7088753581047058
v -2.1855406761169434 2.5687379837036133 -0.9387177228927612
v -2.3185203075408936 1.8088222742080688 -1.0808223485946655
v -2.3127119541168213 1.8991440534591675 0.08690717816352844
v -2.5207157135009766 1.8332353830337524 -0.9366860389709473
v -2.0602786540985107 1.7048853635787964 -0.27308082580566406
v -2.3973388671875 1.8457554578781128 -1.1000776290893555
v -2.469590187072754 1.8834549188613892 -0.3597768247127533
v -2.68522572517395 1.7177258729934692 -0.7279527187347412
v -2.390127182006836 3.0297718048095703 -0.6994161009788513
v -1.899081826210022 2.4777040481567383 -0.6535710692405701
v -2.1487512588500977 2.204535722732544 -1.2532665729522705
v -2.562169075012207 1.9105000495910645 0.32550686597824097
v -2.0192418098449707 1.8701611757278442 -0.8158409595489502
v -2.0514743328094482 1.688338041305542 -0.7109601497650146
v -2.454761028289795 1.7309528589248657 -0.8674829602241516
v -2.0572617053985596 1.8677617311477661 0.22409887611865997
v -2.5745761394500732 1.7265000343322754 0.12024051696062088
v -2.233215570449829 2.5514938831329346 -0.4351498782634735
v -1.9918932914733887 1.676478624343872 -0.796881377696991
v -2.3735368251800537 2.544952392578125 -0.10986919701099396
v -2.424434185028076 1.7020000219345093 -0.3530000150203705
v -2.621370792388916 2.508375406265259 -0.5755059123039246
v -2.264441728591919 3.149481773376465 -0.6844344139099121
v -2.614522695541382 1.7260000705718994 0.12734167277812958
v -2.403350591659546 1.7287577390670776 -0.8511168360710144
v -2.274044990539551 2.9029715061187744 -0.6356185674667358
v -2.5133144855499268 2.776303291320801 -0.4028416574001312
v -2.4809038639068604 1.8775962591171265 -0.3005391061306
v -2.7095000743865967 1.7168869972229004 -0.3889042139053345
v -2.401235580444336 2.5574214458465576 -0.4122728109359741
v -2.2571794986724854 2.7121150493621826 -0.9578205347061157
v -2.1215875148773193 2.978693723678589 -0.9566187262535095
v -2.6594393253326416 1.7056097984313965 -0.35396331548690796
v -2.389631509780884 2.8585760593414307 -0.382502943277359
v -2.381638526916504 1.9723554849624634 0.5693312883377075
v -2.560929536819458 1.902500033378601 0.03654947876930237
v -2.5172646045684814 2.13035249710083 -0.8442379832267761
v -2.683042526245117 1.8624999523162842 -0.04571262001991272
v -2.6936559677124023 1.8839857578277588 0.4213615357875824
v -2.382880449295044 1.722000002861023 -0.8368198871612549
v -2.6252553462982178 1.7020000219345093 -1.0047752857208252
v -2.5028786659240723 2.288203477859497 -0.3617677092552185
v -2.3626039028167725 1.705182433128357 -0.34997624158859253
v -2.2517569065093994 2.4497835636138916 -0.45106106996536255
v -2.6552302837371826 1.7309489250183105 0.4289301335811615
v -2.000363349914551 2.4362576007843018 -1.0579540729522705
v -2.4544308185577393 1.8895717859268188 -0.4151356518268585
v -2.224146604537964 3.166794538497925 -0.840204119682312
v -2.161012649536133 2.451233148574829 -1.265633463859558
v -2.581242322921753 1.9317092895507812 -0.6677665710449219
v -2.5409085750579834 2.0593650341033936 0.4126356840133667
v -2.3906190395355225 3.0186429023742676 -0.6786905527114868
v -2.6954193115234375 1.7230805158615112 -0.17391568422317505
v -2.2211496829986572 3.182039499282837 -0.7882318496704102
v -2.3912229537963867 2.544266939163208 -1.2410507202148438
v -2.6481080055236816 1.7328543663024902 0.4385753870010376
v -2.045380115509033 1.7039718627929688 -0.45959973335266113
v -2.5314910411834717 2.5226454734802246 -1.1497999429702759
v -2.3123526573181152 1.9162132740020752 -0.23516254127025604
v -2.2214887142181396 1.7139604091644287 -0.31973734498023987
v -2.6730010509490967 1.712499976158142 -0.8688055276870728
v -2.3837497234344482 1.9632511138916016 0.5754365921020508
v -2.650149345397949 1.8645000457763672 -0.4064334034919739
v -2.300248384475708 1.6933727264404297 -1.1927272081375122
v -2.0594191551208496 1.8260269165039062 -0.6463069915771484
v -2.7066421508789062 1.706952691078186 -0.4957948327064514
v -2.088616132736206 1.8547308444976807 -0.1901881843805313
v -2.39237117767334 1.8133370876312256 -1.0698801279067993
v -2.2219457626342773 2.577324390411377 -0.9375
v -2.4888572692871094 1.8747142553329468 -0.23171274363994598
v -2.234785318374634 1.8723571300506592 0.5913928747177124
v -2.138000011444092 1.717523217201233 0.2229200005531311
v -2.0111732482910156 1.7112126350402832 -0.2813050448894501
v -2.489905834197998 1.874500036239624 -0.22235436737537384
v -2.4034361839294434 2.6471166610717773 -0.30507516860961914
v -2.3224782943725586 3.042710304260254 -0.4148768484592438
v -2.222597599029541 2.4618008136749268 -0.42288070917129517
v -2.392061948776245 1.7216798067092896 -0.7668645977973938
v -2.3227131366729736 2.0934693813323975 0.11441332846879959
v -2.052525281906128 1.8527437448501587 -0.9841786026954651
v -2.381253957748413 1.967028021812439 -0.44523856043815613
v -2.1726367473602295 2.478546619415283 -1.2543176412582397
v -2.259636878967285 3.0995025634765625 -0.6178433299064636
v -2.263206720352173 2.2053098678588867 -0.9589463472366333
v -2.036796808242798 2.6305456161499023 -0.40775391459465027
v -2.2331032752990723 2.239407777786255 0.2123750001192093
v -2.255192995071411 2.698812246322632 -0.959153413772583
v -2.113302230834961 2.116776943206787 -0.5126869678497314
v -2.061066150665283 1.663920283317566 -1.112189769744873
v -2.2039594650268555 2.553828477859497 -0.45737800002098083
v -2.5747201442718506 2.0044891834259033 -0.6360053420066833
v -2.217979669570923 3.031602144241333 -0.4214693605899811
v -2.270519495010376 2.249922752380371 -1.0347882509231567
v -2.142838954925537 2.3768796920776367 -1.2835172414779663
v -2.522249698638916 1.910499930381775 0.203499436378479
v -2.4491288661956787 1.8893123865127563 0.6080618500709534
v -1.8842051029205322 2.4707462787628174 -0.6954814195632935
v -2.029740571975708 1.698805332183838 -0.5827516317367554
v -2.183500051498413 2.7499990463256836 -1.143750548362732
v -2.514714002609253 2.1738803386688232 -0.6900970935821533
v -2.1721153259277344 2.8404414653778076 -1.0970195531845093
v -2.294241428375244 2.341904640197754 0.2114494889974594
v -2.413294792175293 1.8168131113052368 -1.0637803077697754
v -2.485461950302124 2.146538019180298 -0.9099267721176147
v -2.3292346000671387 2.3240199089050293 -0.6303783655166626
v -2.26192045211792 2.204280138015747 -0.9517418146133423
v -2.1985039710998535 2.609574556350708 -0.3242684602737427
v -2.216024160385132 2.513507843017578 -0.1969648152589798
v -2.6954503059387207 1.8605248928070068 0.026202216744422913
v -2.500615119934082 1.8851256370544434 0.59993976354599
v -2.3046441078186035 2.3039815425872803 0.2656049430370331
v -2.512988328933716 2.2334253787994385 -0.4889535903930664
v -2.1050000190734863 2.2974185943603516 -1.1585609912872314
v -2.24831485748291 2.663259744644165 -0.9590124487876892
v -2.6131691932678223 2.5092616081237793 -0.5949462056159973
v -2.3817505836486816 1.971161127090454 0.570003092288971
v -2.2584497928619385 2.14284348487854 -1.325796127319336
v -2.526715040206909 2.2085342407226562 -0.5230013728141785
v -2.12133526802063 3.101234197616577 -0.8670114278793335
v -2.1698033809661865 1.8647691011428833 0.5509961843490601
v -2.14349365234375 2.35213303565979 -1.2859872579574585
v -2.7159407138824463 1.7199851274490356 0.15204983949661255
v -2.142569065093994 2.3843576908111572 -1.282442331314087
v -2.3085694313049316 1.6995770931243896 -1.151368498802185
v -2.3678886890411377 1.7048180103302002 -0.3505229353904724
v -2.56278395652771 1.8515808582305908 -0.711514949798584
v -2.1486318111419678 2.234808921813965 -1.258208990097046
v -2.496000051498413 2.376222848892212 -0.4198462963104248
v -2.5392496585845947 1.6950114965438843 -1.1066821813583374
v -2.488260507583618 2.2234787940979004 0.24073797464370728
v -2.2404253482818604 2.3852977752685547 -1.0454682111740112
v -2.185352325439453 2.2939984798431396 -0.5713260173797607
v -2.267833948135376 1.8949999809265137 0.19038820266723633
v -2.2220966815948486 3.17120623588562 -0.8269779086112976
v -2.176764488220215 2.879258155822754 -1.0802769660949707
v -2.708986520767212 1.7074865102767944 -0.4627286493778229
v -2.1593246459960938 2.222703218460083 -0.7138636708259583
v -2.5538008213043213 2.0349440574645996 0.4239642322063446
v -2.117392063140869 1.7119200229644775 0.4664677679538727
v -2.490805149078369 2.080463171005249 -1.1156415939331055
v -2.3857171535491943 2.905893564224243 -0.7771106958389282
v -2.2784602642059326 2.7978005409240723 -0.915898859500885
v -2.5008599758148193 1.9436482191085815 -1.125832200050354
v -2.5039820671081543 1.8262410163879395 -0.9660464525222778
v -2.3499274253845215 1.705024242401123 0.0021777295041829348
v -2.2168729305267334 2.513791084289551 -0.19571974873542786
v -2.519456624984741 1.8833725452423096 0.5966174006462097
v -2.6285176277160645 1.7367451190948486 0.4597332179546356
v -2.709364891052246 1.718500018119812 0.21935135126113892
v -2.490276575088501 2.0964062213897705 -1.035098910331726
v -2.4860637187957764 1.874500036239624 -0.2592812776565552
v -2.5907247066497803 2.582482099533081 -0.44491463899612427
v -2.523615837097168 2.2143452167510986 -0.5175777673721313
v -2.194889783859253 2.937727212905884 -1.041441559791565
v -2.122760534286499 2.781630039215088 -0.4043262302875519
v -2.333470582962036 2.1646766662597656 0.3897205591201782
v -2.516791820526123 2.555114507675171 -0.6059689521789551
v -2.0592665672302246 1.868499994277954 0.17783471941947937
v -2.3396849632263184 2.133286476135254 0.41897669434547424
v -2.2250020503997803 2.010669708251953 0.44494083523750305
v -2.1384658813476562 1.714897632598877 0.1588236689567566
v -2.273573160171509 2.9102113246917725 -0.6188697218894958
v -2.4323418140411377 2.4710381031036377 -0.40101251006126404
v -2.42549991607666 2.385932683944702 0.1674230843782425
v -2.0626606941223145 1.8247098922729492 -0.621005654335022
v -2.072542667388916 1.694840431213379 -0.7233811616897583
v -2.32706356048584 1.7075212001800537 -1.1047946214675903
v -2.1639389991760254 2.3165242671966553 -0.25582951307296753
v -2.368232250213623 1.7047942876815796 -0.3505585789680481
v -1.9987882375717163 1.675211787223816 -0.8464115262031555
v -2.4264914989471436 1.739784836769104 0.558789074420929
v -2.0846455097198486 1.8619999885559082 0.03639794886112213
v -2.414536714553833 2.4769446849823 0.024784661829471588
v -2.3181939125061035 1.9026122093200684 -0.09523428231477737
v -2.5934677124023438 2.623779058456421 -0.9418436884880066
v -2.14872407913208 2.20377516746521 -1.252913475036621
v -1.9410152435302734 2.421999931335449 -0.898158609867096
v -2.5792531967163086 1.9793126583099365 0.4417169988155365
v -2.486394166946411 1.874500036239624 -0.25641778111457825
v -1.9834412336349487 2.567974090576172 -0.8503303527832031
v -2.538590908050537 1.6949673891067505 -1.107409119606018
v -2.055021286010742 2.5700252056121826 -0.5414726138114929
v -2.277034282684326 2.8220481872558594 -0.6995546221733093
v -2.371511459350586 1.95138680934906 -1.2194491624832153
v -2.54805850982666 1.852082371711731 -0.9573179483413696
v -2.183899402618408 1.8807663917541504 0.4403690993785858
v -2.5068933963775635 1.729940414428711 -0.8832680583000183
v -2.42549991607666 2.370018243789673 0.18742434680461884
v -2.476803779602051 2.6505393981933594 -0.4659605026245117
v -2.347322940826416 1.7055000066757202 -0.058945830911397934
v -2.6841490268707275 1.7117019891738892 -0.6515823006629944
v -2.0756123065948486 1.8270000219345093 -0.4722024202346802
v -2.218137502670288 1.69033944606781 0.42590832710266113
v -2.493774175643921 2.2990407943725586 0.013144468888640404
v -2.1729483604431152 2.9989778995513916 -0.5645367503166199
v -2.2785000801086426 2.853090286254883 -0.6746823787689209
v -2.2915422916412354 1.8960000276565552 -0.37438663840293884
v -2.050246477127075 1.7013027667999268 -0.4367176294326782
v -2.0913825035095215 1.7084158658981323 -0.3088270425796509
v -2.549654722213745 1.9110863208770752 0.28070518374443054
v -2.0781476497650146 1.8635880947113037 0.07578973472118378
v -2.4025871753692627 2.5590357780456543 -1.2275854349136353
v -2.701868772506714 1.719499945640564 0.2895239591598511
v -2.4869449138641357 2.0858306884765625 -1.0876812934875488
v -2.492417097091675 2.79311466217041 -0.39043113589286804
v -2.3849382400512695 1.8646310567855835 -1.1351927518844604
v -2.4718101024627686 2.7255001068115234 -0.29149317741394043
v -2.4039995670318604 1.8940999507904053 0.13640011847019196
v -2.1880300045013428 2.3619699478149414 -0.0238377396017313
v -2.414555072784424 2.3253791332244873 -1.1413413286209106
v -2.3580515384674072 3.0947983264923096 -0.8716485500335693
v -2.6211400032043457 1.938513994216919 0.464028000831604
v -2.7144618034362793 1.7114237546920776 -0.007105208933353424
v -2.1756818294525146 2.4886844158172607 -1.2500449419021606
v -2.5098350048065186 2.2589924335479736 0.07484772801399231
v -2.073840856552124 1.8258410692214966 -0.5117451548576355
v -2.392702102661133 2.5938127040863037 -0.11949992179870605
v -2.451542377471924 2.8231658935546875 -0.3787919282913208
v -2.6549930572509766 1.8620208501815796 -0.30668124556541443
v -2.49399995803833 2.3160195350646973 -0.036506105214357376
v -2.274291515350342 3.1319241523742676 -0.8991961479187012
v -2.6962077617645264 1.8584153652191162 0.05522330477833748
v -2.174504041671753 1.708895206451416 -0.7626858353614807
v -2.166351795196533 3.103883981704712 -0.9358118176460266
v -2.029402256011963 1.6985516548156738 -0.5850350260734558
v -2.3936893939971924 2.6689443588256836 -0.13893172144889832
v -2.0537807941436768 1.827239751815796 -0.6875954270362854
v -2.098691940307617 2.1674511432647705 -0.821792721748352
v -2.5693204402923584 2.005798816680908 0.4335602819919586
v -2.5280001163482666 2.4984445571899414 -0.7979438304901123
v -2.2959563732147217 2.335369825363159 0.22280380129814148
v -2.0664865970611572 1.865219235420227 0.12404025346040726
v -2.6051669120788574 2.6007213592529297 -0.8641080856323242
v -2.415987253189087 1.7066609859466553 -0.5849403738975525
v -2.586975574493408 1.8767509460449219 0.5747583508491516
v -2.5855863094329834 2.558627128601074 -1.0882867574691772
v -2.2484798431396484 2.159471035003662 0.3112691044807434
v -2.1812944412231445 2.275766611099243 -0.5986148715019226
v -2.3826305866241455 1.9781749248504639 -0.44079312682151794
v -2.369375228881836 2.587946653366089 -0.4404103457927704
v -2.565000057220459 2.512847900390625 -1.0405113697052002
v -2.207556962966919 1.7131321430206299 -0.7753963470458984
v -2.270313024520874 2.5327625274658203 -0.10584250837564468
v -2.6128973960876465 1.7012830972671509 -1.0176024436950684
v -2.3102290630340576 2.99611234664917 -1.0049493312835693
v -2.053164005279541 1.9646433591842651 -1.083971381187439
v -2.5943939685821533 2.6229453086853027 -0.9391576051712036
v -2.1153404712677 1.8594735860824585 0.41164132952690125
v -2.2815427780151367 2.97664737701416 -0.3722015619277954
v -2.219592571258545 1.9922713041305542 0.46282121539115906
v -2.119335412979126 2.1728341579437256 -0.7976647615432739
v -2.0197770595550537 1.868222951889038 -0.8689326047897339
v -2.373500108718872 2.116532325744629 -0.3278347849845886
v -2.633396625518799 1.7354623079299927 0.45508459210395813
v -2.4411816596984863 1.7408455610275269 0.5529272556304932
v -2.2811014652252197 2.401132106781006 -0.9711471796035767
v -2.105212450027466 3.0863184928894043 -0.803490936756134
v -2.4585981369018555 2.6626229286193848 -1.0821560621261597
v -2.5031578540802 2.1059935092926025 -0.975871205329895
v -2.5687568187713623 2.4938008785247803 -0.9975307583808899
v -2.1424849033355713 2.1489248275756836 -1.2283579111099243
v -2.503814220428467 2.2920994758605957 -0.3505447208881378
v -1.9969110488891602 2.5949509143829346 -0.44112876057624817
v -2.1203713417053223 1.7089999914169312 0.33322420716285706
v -1.9939918518066406 1.6697015762329102 -0.673048734664917
v -2.191378593444824 2.917933225631714 -1.0534454584121704
v -2.3265697956085205 2.992928981781006 -0.9927393198013306
v -2.217207670211792 2.282210111618042 0.15628880262374878
v -2.3605971336364746 1.8873997926712036 0.14580057561397552
v -2.2658398151397705 3.1425657272338867 -0.6735088229179382
v -2.177933692932129 2.262234926223755 -0.622388482093811
v -2.307264566421509 1.6941331624984741 -1.2114334106445312
v -2.1471080780029297 2.4064688682556152 -1.2794638872146606
v -2.596726655960083 1.9114097356796265 0.42372438311576843
v -2.350473403930664 1.7047632932662964 0.011049497872591019
v -2.7126619815826416 1.7190539836883545 0.18605680763721466
v -2.378420114517212 2.599088191986084 -0.41498786211013794
v -2.196277141571045 2.947438955307007 -1.0358920097351074
v -2.118229866027832 1.7023283243179321 -0.7420194149017334
v -2.373565912246704 2.5947763919830322 -0.42830225825309753
v -2.0318894386291504 1.701389193534851 -0.5636267066001892
v -2.7073657512664795 1.7117928266525269 -0.08375667780637741
v -2.253239154815674 1.6883212327957153 -1.2041515111923218
v -2.2785000801086426 2.8474996089935303 -0.6788753271102905
v -2.5381481647491455 1.694931983947754 -1.1078517436981201
v -2.5320651531219482 1.9139130115509033 0.22495637834072113
v -2.3486697673797607 2.7434134483337402 -1.1263141632080078
v -2.5956459045410156 2.6218185424804688 -0.9355269074440002
v -2.2769999504089355 2.872065305709839 -0.5864798426628113
v -1.9167746305465698 2.4811229705810547 -0.6125451326370239
v -2.4288699626922607 2.533388614654541 -0.19094565510749817
v -2.569734573364258 1.8554999828338623 -0.878304660320282
v -2.0528321266174316 1.9365123510360718 -1.0538444519042969
v -2.2097840309143066 2.8550775051116943 -0.42478257417678833
v -2.5167453289031982 1.7292836904525757 -0.8862236142158508
v -2.334127902984619 2.336601734161377 -0.6119241714477539
v -2.2973270416259766 2.5387041568756104 -0.10305096954107285
v -2.458430051803589 2.0916225910186768 0.460226446390152
v -2.3582231998443604 2.453495979309082 -0.48138225078582764
v -2.5355496406555176 1.6947240829467773 -1.1104505062103271
v -1.9752674102783203 2.5654666423797607 -0.8210691809654236
v -2.428950786590576 2.3266446590423584 0.24775709211826324
v -2.1775949001312256 1.8728735446929932 0.4754425287246704
v -2.0281105041503906 1.8803505897521973 -0.7273964881896973
v -2.2477612495422363 2.400510787963867 -0.9760108590126038
v -2.215837001800537 1.7143107652664185 0.0809999331831932
v -1.9738092422485352 2.565258502960205 -0.8152370452880859
v -2.0628604888916016 1.695000171661377 -0.34224292635917664
v -2.7153146266937256 1.7151291370391846 0.04775109887123108
v -2.568964719772339 1.8554881811141968 -0.8997948169708252
v -2.0235424041748047 1.6661596298217773 -0.9928929209709167
v -2.588972806930542 1.9572395086288452 0.4476301968097687
v -2.1840431690216064 2.741676092147827 -1.1479119062423706
v -2.011918783187866 2.606992483139038 -0.4277207553386688
v -2.2659754753112793 1.6899646520614624 -1.2062057256698608
v -2.5278120040893555 2.5012524127960205 -0.7864904999732971
v -2.036750555038452 2.6304798126220703 -0.4078119397163391
v -2.4915266036987305 2.495742082595825 -0.9274840950965881
v -2.2090673446655273 2.591439962387085 -0.37004542350769043
v -2.4178874492645264 1.8963708877563477 -0.46647366881370544
v -2.178499937057495 2.545440435409546 -1.2405316829681396
v -2.2692618370056152 2.46809458732605 -0.012830560095608234
v -2.110896348953247 2.9686973094940186 -0.9433961510658264
v -2.3660736083984375 3.0142571926116943 -0.5438272953033447
v -2.152160167694092 2.2030115127563477 -0.7415940761566162
v -2.655405282974243 1.8607836961746216 -0.296769917011261
v -2.0774190425872803 1.8304188251495361 -0.4108380079269409
v -2.541840076446533 2.1574530601501465 -0.5701269507408142
v -2.504499912261963 2.294675350189209 -0.3423744738101959
v -2.0674781799316406 1.8643832206726074 0.2906684875488281
v -2.271804094314575 1.6907166242599487 -1.2071458101272583
v -2.3753085136413574 2.5964813232421875 -0.4235653281211853
v -2.0522589683532715 1.699692964553833 -0.4262538552284241
v -2.539820671081543 1.880733847618103 0.5888931751251221
v -2.187114953994751 1.8821537494659424 0.42504042387008667
v -2.115302562713623 2.2225754261016846 -1.1260586977005005
v -2.178067922592163 2.5265934467315674 -1.2428404092788696
v -2.392305374145508 1.895982265472412 -0.4592057168483734
v -2.200896739959717 2.3475656509399414 -0.4957278370857239
v -2.6070001125335693 2.5789082050323486 -0.7736765742301941
v -2.483961343765259 1.8287431001663208 -1.0292789936065674
v -2.491111993789673 1.8300447463989258 -1.0239160060882568
v -2.620631694793701 1.712421178817749 -0.9811316728591919
v -2.398533582687378 1.720666527748108 -0.7176640033721924
v -2.018291473388672 1.6675347089767456 -0.9643879532814026
v -2.2777271270751953 2.7948861122131348 -0.9211820363998413
v -2.51728892326355 2.14894962310791 -0.7681235671043396
v -2.1883790493011475 2.6981616020202637 -1.1718060970306396
v -2.482912063598633 2.631743907928467 -0.4868641495704651
v -2.1996915340423584 2.3331353664398193 -0.5115703344345093
v -2.341059446334839 1.8933286666870117 -0.4593426585197449
v -2.406806707382202 2.6675167083740234 -0.2781822383403778
v -2.4467451572418213 2.8267033100128174 -0.37834981083869934
v -2.194730043411255 2.936610698699951 -1.0420794486999512
v -1.9311872720718384 2.48866868019104 -0.5836441516876221
v -2.502145290374756 2.2849035263061523 -0.37022486329078674
v -2.093812942504883 2.925835609436035 -0.8916483521461487
v -2.5001511573791504 2.2921619415283203 -0.5091867446899414
v -2.615366220474243 1.7088661193847656 -1.0074703693389893
v -2.274111747741699 2.5503547191619873 -0.4991130828857422
v -2.098998785018921 2.047365427017212 -1.1703654527664185
v -2.121445894241333 2.7054784297943115 -0.3170758783817291
v -2.5524587631225586 1.9105000495910645 0.2923559248447418
v -2.5290000438690186 2.528149366378784 -0.6796927452087402
v -2.1721439361572266 2.8400557041168213 -1.097148060798645
v -2.2471086978912354 2.1659839153289795 0.3040704131126404
v -2.521812915802002 1.7009271383285522 -0.3539999723434448
v -1.8858705759048462 2.472744941711426 -0.6831566691398621
v -2.167653799057007 3.0085959434509277 -0.5021352767944336
v -2.620626449584961 1.7124176025390625 -0.9811593890190125
v -2.510329008102417 2.6279079914093018 -1.0164737701416016
v -2.6197071075439453 1.711804747581482 -0.9860624670982361
v -2.5042877197265625 2.2662911415100098 -0.5343814492225647
v -2.2243192195892334 2.7727015018463135 -0.17390115559101105
v -2.569678783416748 1.8554999828338623 -0.8903347849845886
v -2.5665392875671387 2.0190043449401855 -0.628747820854187
v -2.3830695152282715 1.9821611642837524 -0.4391172230243683
v -2.5700674057006836 1.8549325466156006 -0.8277454376220703
v -2.3849709033966064 2.607199192047119 -0.39288830757141113
v -2.1037936210632324 2.7616987228393555 -0.4183272421360016
v -2.6005046367645264 1.9049818515777588 0.44954970479011536
v -2.4070076942443848 2.4886748790740967 0.0050230734050273895
v -2.3072991371154785 1.9031994342803955 0.006306432653218508
v -2.335552930831909 2.152571201324463 0.40065231919288635
v -2.348309278488159 2.988323926925659 -0.6147457361221313
v -2.0654871463775635 1.8650215864181519 0.12712939083576202
v -2.1059999465942383 2.259920358657837 -1.1452163457870483
v -2.3546342849731445 1.717824101448059 -0.9953286647796631
v -2.040450096130371 2.025789976119995 -0.9356296062469482
v -2.3935084342956543 2.5537269115448 -0.44692015647888184
v -2.606931447982788 1.7008715867996216 -1.023696780204773
v -2.1044390201568604 2.1462440490722656 -0.9886467456817627
v -2.3811676502227783 1.977378487586975 0.5665057897567749
v -2.01200008392334 1.6765227317810059 -0.7173851132392883
v -2.307312250137329 2.918848991394043 -0.3799999952316284
v -2.148271083831787 2.2442221641540527 -1.2578555345535278
v -2.048642873764038 1.8285356760025024 -0.7203576564788818
v -2.5312483310699463 2.191805601119995 -0.5397949814796448
v -2.5030415058135986 2.3284168243408203 -0.16795973479747772
v -2.1050000190734863 2.3053362369537354 -1.1610180139541626
v -2.2271604537963867 2.827488422393799 -0.44616037607192993
v -2.456941843032837 1.8236366510391235 -1.0460290908813477
v -2.129244804382324 2.1892664432525635 -0.46608462929725647
v -2.348997116088867 2.0933122634887695 0.46278589963912964
v -2.5188748836517334 2.6078755855560303 -1.002111554145813
v -2.4936647415161133 1.7024800777435303 0.2798778712749481
v -2.3197202682495117 1.7084943056106567 -0.3428429067134857
v -2.2070770263671875 2.3314602375030518 0.05236789211630821
v -2.118406295776367 1.6575500965118408 0.49214404821395874
v -2.1240744590759277 2.193840980529785 -1.102266550064087
v -2.4173688888549805 2.695665121078491 -0.26200002431869507
v -2.3114335536956787 1.6943784952163696 -1.2113107442855835
v -2.6308224201202393 2.483248710632324 -0.7111830115318298
v -2.2814717292785645 2.8021130561828613 -0.9042930603027344
v -2.565530300140381 2.702969789505005 -0.47104060649871826
v -2.5601933002471924 2.0284814834594727 -0.6238896250724792
v -2.494208574295044 2.792496919631958 -0.3908017575740814
v -2.1725916862487793 2.250001907348633 -0.6533129811286926
v -2.3854286670684814 2.5504820346832275 -0.4696483016014099
v -2.2714004516601562 3.035797595977783 -0.4041980504989624
v -2.383256673812866 1.9543219804763794 0.5777347683906555
v -2.110685110092163 3.093568801879883 -0.8268570899963379
v -2.406846284866333 2.5638267993927 -1.2241250276565552
v -2.2803826332092285 2.1932084560394287 -1.280677080154419
v -2.055215835571289 2.570258855819702 -0.5412195920944214
v -2.2924249172210693 2.264364004135132 -1.3006646633148193
v -2.326669454574585 2.2036526203155518 0.3569439947605133
v -2.42549991607666 2.376096487045288 0.17975422739982605
v -2.3127214908599854 1.8991392850875854 0.08699367195367813
v -2.3251149654388428 2.1119978427886963 0.09408095479011536
v -2.519007682800293 1.9095746278762817 0.19815702736377716
v -2.5906708240509033 1.9135000705718994 0.4020129144191742
v -2.2095000743865967 2.311910390853882 0.0967237651348114
v -2.4112820625305176 2.6820054054260254 -0.265523761510849
v -2.37199330329895 1.8883116245269775 0.14353245496749878
v -2.5806474685668945 2.633678436279297 -0.9718701839447021
v -2.615831136703491 2.6282835006713867 -0.5521430969238281
v -2.3200302124023438 2.3945999145507812 -1.3069818019866943
v -2.1881930828094482 2.666863441467285 -1.1925115585327148
v -2.4150426387786865 1.7080105543136597 -0.5911484360694885
v -2.097881555557251 2.8945305347442627 -0.8450019359588623
v -2.7150275707244873 1.7145551443099976 0.03885539621114731
v -2.3413193225860596 2.177638530731201 -0.02585727721452713
v -2.0331523418426514 1.8847174644470215 -0.6978145241737366
v -2.6394999027252197 1.852529764175415 -0.6249487400054932
v -2.3439700603485107 1.924560785293579 0.18455952405929565
v -2.112462282180786 1.7069249153137207 0.3731063902378082
v -2.544140338897705 2.7335453033447266 -0.4466288983821869
v -2.45463490486145 1.8896058797836304 -0.414489209651947
v -2.2429404258728027 2.2075297832489014 -0.7962765693664551
v -2.497514009475708 2.3192179203033447 -0.48279619216918945
v -2.2917983531951904 1.8960000276565552 -0.3797629773616791
v -1.9304379224777222 2.423062562942505 -0.8647515773773193
v -2.1449434757232666 2.993867874145508 -0.9736651182174683
v -2.497340440750122 1.6924251317977905 -1.1448978185653687
v -2.5314688682556152 1.8817708492279053 0.5918124318122864
v -2.3554296493530273 3.0972185134887695 -0.8738670945167542
v -2.2322874069213867 2.2425076961517334 0.2086223065853119
v -2.5020740032196045 2.1051807403564453 -0.9806132912635803
v -2.4276087284088135 1.6999112367630005 0.30912163853645325
v -2.3343687057495117 2.1645185947418213 0.004375368822365999
v -2.528754234313965 2.5185165405273438 -0.7191797494888306
v -2.4178192615509033 2.696091890335083 -0.26200002431869507
v -2.3997645378112793 2.6356027126312256 -0.32355934381484985
v -2.328505039215088 2.137065887451172 0.053414057940244675
v -2.3839001655578613 2.8609111309051514 -0.3839889168739319
v -2.5697386264801025 1.8554999828338623 -0.8505577445030212
v -2.1185765266418457 2.978283166885376 -0.9556607007980347
v -2.49399995803833 2.3159353733062744 -0.03593796119093895
v -2.6430070400238037 1.8600070476531982 -0.5034095048904419
v -2.5280001163482666 2.496244192123413 -0.8130356073379517
v -2.156160831451416 2.839385509490967 -0.7574757933616638
v -2.683445692062378 1.7136305570602417 -0.822596549987793
v -2.704522132873535 1.7189944982528687 0.26579082012176514
v -2.235586404800415 1.6862825155258179 -1.2020217180252075
v -2.064307451248169 2.4238228797912598 -0.9401537179946899
v -2.178262948989868 2.5363903045654297 -1.2417110204696655
v -2.307323932647705 2.996608018875122 -1.0069056749343872
v -2.3297040462493896 2.1473727226257324 0.0376063697040081
v -2.387842893600464 2.6126856803894043 -0.37786394357681274
v -2.3097968101501465 2.4442594051361084 -0.4888734519481659
v -2.051806688308716 1.8295966386795044 -0.7889077067375183
v -2.3269999027252197 2.020501136779785 0.16674962639808655
v -2.391181707382202 2.685818910598755 -0.144182026386261
v -2.5088837146759033 2.240290641784668 -0.4773605167865753
v -2.471823215484619 1.701922059059143 0.289701908826828
v -2.257321357727051 2.645448923110962 -0.10429587215185165
v -1.9840914011001587 2.432413101196289 -1.01909601688385
v -2.1848530769348145 2.737464189529419 -1.1500178575515747
v -2.4206457138061523 2.699580192565918 -0.41040366888046265
v -2.629063844680786 1.8459360599517822 -0.734860360622406
v -2.1152350902557373 2.9748377799987793 -0.9512054324150085
v -2.5058014392852783 2.310192108154297 -0.2864364981651306
v -2.1470277309417725 2.804351568222046 -0.39076554775238037
v -2.210853099822998 3.047422170639038 -0.9871370196342468
v -2.684314489364624 1.7111573219299316 -0.35328707098960876
v -2.524245500564575 1.888688325881958 -1.0365182161331177
v -2.1978647708892822 2.967926263809204 -1.0274930000305176
v -2.7170000076293945 1.7179710865020752 0.09327314049005508
v -2.2479677200317383 2.1619033813476562 0.30858057737350464
v -2.241680383682251 2.2081596851348877 -0.7915516495704651
v -2.1448895931243896 1.671242594718933 0.4781617820262909
v -2.2079415321350098 2.5510408878326416 -0.4693247973918915
v -2.3815114498138428 2.0558979511260986 -0.3920794427394867
v -2.575744152069092 1.8995987176895142 -0.6814709305763245
v -2.388711452484131 1.7035000324249268 -0.352603554725647
v -2.3716681003570557 2.591613292694092 -0.43399617075920105
v -2.5413057804107666 1.8843640089035034 -0.593747615814209
v -2.4268786907196045 1.6942192316055298 -0.3401230275630951
v -2.2459053993225098 2.171698808670044 0.2983013093471527
v -2.3356568813323975 2.4421029090881348 -1.296737551689148
v -2.154236078262329 2.207585096359253 -0.7343015074729919
v -2.587679862976074 2.485102415084839 -0.9308579564094543
v -2.257401943206787 3.0825982093811035 -0.47705283761024475
v -2.296941041946411 1.6931662559509277 -1.210388422012329
v -2.3459808826446533 3.103595018386841 -0.8792595863342285
v -1.9860841035842896 1.672831654548645 -0.7368069291114807
v -2.5078020095825195 2.532121419906616 -1.1571980714797974
v -1.8844152688980103 2.4621481895446777 -0.7257162928581238
v -2.2949657440185547 1.8945515155792236 -0.4031907618045807
v -2.372999906539917 2.156672716140747 -0.25524649024009705
v -2.1661386489868164 1.8515914678573608 -0.5586799383163452
v -2.513380527496338 1.8839799165725708 0.5977998971939087
v -2.099508047103882 3.07535982131958 -0.7712357044219971
v -1.9638718366622925 2.5893290042877197 -0.6005770564079285
v -2.5731470584869385 1.7016838788986206 -0.35499992966651917
v -2.083329677581787 2.0136184692382812 -0.7860886454582214
v -2.080397844314575 1.8342959880828857 -0.3763357102870941
v -2.025970458984375 1.8767839670181274 -0.7487959861755371
v -2.100738048553467 1.6705706119537354 -1.1579108238220215
v -2.593461751937866 1.848494529724121 -0.8170762062072754
v -2.527740955352783 2.204665184020996 -0.5272052884101868
v -2.108344554901123 2.626131772994995 -0.45719602704048157
v -2.487504005432129 2.43151593208313 -0.3219655156135559
v -2.6117613315582275 1.7056089639663696 -1.0321286916732788
v -2.523289680480957 2.5457804203033447 -0.6244743466377258
v -2.093592882156372 2.0165929794311523 -0.7250697016716003
v -2.2487707138061523 2.1580893993377686 0.3127959370613098
v -2.182459831237793 1.8801532983779907 0.447007417678833
v -2.125357151031494 2.979207992553711 -0.9578181505203247
v -2.0777595043182373 1.8442214727401733 -0.299791544675827
v -2.546527624130249 1.902500033378601 0.04669470340013504
v -2.291856527328491 1.8887007236480713 -0.46869754791259766
v -2.3564770221710205 1.7183505296707153 -0.9861147403717041
v -1.968787670135498 2.5654590129852295 -0.7946918606758118
v -2.3400790691375732 1.6962171792984009 0.35220009088516235
v -2.143314838409424 2.255160331726074 -0.37916702032089233
v -2.220505475997925 2.909367561340332 -0.3888621926307678
v -2.3558199405670166 2.4875431060791016 -1.2824856042861938
v -2.532019853591919 2.752185583114624 -0.4283142387866974
v -2.6860811710357666 1.7100000381469727 -0.625688910484314
v -2.365509271621704 2.5487818717956543 -0.49520885944366455
v -2.5265755653381348 2.539743185043335 -0.6394832134246826
v -2.402386426925659 2.557037591934204 -0.40383169054985046
v -2.1726651191711426 1.6820964813232422 0.45898714661598206
v -2.5781795978546143 1.9126132726669312 0.3694722056388855
v -2.339858055114746 2.5437097549438477 -0.10460487008094788
v -2.2275750637054443 2.8270275592803955 -0.4465751647949219
v -2.176058053970337 2.493197202682495 -1.2491047382354736
v -2.4878244400024414 2.607553720474243 -0.5156082510948181
v -2.3750340938568115 1.8871175050735474 -1.16489839553833
v -2.001370429992676 1.673543095588684 -0.8692050576210022
v -2.496000051498413 2.3615732192993164 -0.4371194839477539
v -2.517512559890747 2.1478869915008545 -0.7719021439552307
v -2.142490863800049 2.233645439147949 -0.4117635190486908
v -2.3529601097106934 1.717365026473999 -1.0033611059188843
v -2.6207094192504883 1.9384709596633911 0.4639418125152588
v -2.2196927070617676 2.5730090141296387 -0.4052862226963043
v -2.283482313156128 2.8100526332855225 -0.525570273399353
v -2.267957925796509 2.4607527256011963 0.021735630929470062
v -2.2740938663482666 2.8957204818725586 -0.6425610780715942
v -2.2777462005615234 2.5798678398132324 -0.9364999532699585
v -2.2597384452819824 2.294731855392456 -1.0536046028137207
v -2.6710238456726074 1.8605047464370728 -0.10188530385494232
v -2.633129119873047 2.4798450469970703 -0.7236456871032715
v -2.132861375808716 1.7099802494049072 0.13010448217391968
v -2.070420503616333 1.7082886695861816 -0.30482643842697144
v -2.6984000205993652 1.86844003200531 0.3905599117279053
v -2.402461290359497 2.227130174636841 -1.2560290098190308
v -2.408331871032715 2.535559892654419 -0.902999997138977
v -2.391303539276123 2.6932339668273926 -1.1208091974258423
v -2.3365659713745117 1.893133282661438 -0.45973342657089233
v -2.4390692710876465 1.8901816606521606 0.6093409061431885
v -2.5327675342559814 2.66487455368042 -0.35302314162254333
v -2.125403881072998 2.1783249378204346 -0.4752400517463684
v -2.3866078853607178 2.610215663909912 -0.38465675711631775
v -2.246541738510132 1.7156260013580322 0.08112603425979614
v -2.037174701690674 2.5398497581481934 -0.5839754343032837
v -2.112255811691284 2.6510000228881836 -0.9865966439247131
v -2.425583600997925 2.405337333679199 0.14266109466552734
v -2.4685847759246826 2.4534192085266113 -1.1264158487319946
v -2.4498002529144287 2.1883647441864014 0.3815348148345947
v -2.430187702178955 2.590819835662842 -1.208524227142334
v -2.327758312225342 2.198209047317505 0.3610810935497284
v -2.3394954204559326 2.438495397567749 -0.9610022902488708
v -2.1011710166931152 1.715499997138977 0.03430281579494476
v -2.176194429397583 2.808333158493042 -1.1091874837875366
v -2.391777753829956 1.8533556461334229 -1.1163500547409058
v -2.700057029724121 1.719499945640564 0.3048225939273834
v -2.2182552814483643 2.279360294342041 0.160521000623703
v -2.251879930496216 2.3226871490478516 -1.055999994277954
v -2.3493242263793945 1.7070494890213013 -0.11498893797397614
v -2.4128196239471436 1.7383373975753784 0.5640961527824402
v -2.3123693466186523 1.7216072082519531 -0.8192738890647888
v -2.6130120754241943 1.8477154970169067 -0.7767929434776306
v -2.503378391265869 2.3276216983795166 -0.15370313823223114
v -2.7056660652160645 1.7137672901153564 -0.09600446373224258
v -2.4944705963134766 1.8216471672058105 -0.9871371984481812
v -2.494664192199707 2.707590341567993 -0.31568241119384766
v -2.237830877304077 2.222291946411133 0.23336976766586304
v -2.0418694019317627 1.8867826461791992 -0.6702501177787781
v -2.3760933876037598 1.9321825504302979 -0.4555000066757202
v -2.1085309982299805 1.7105998992919922 0.08146672695875168
v -2.2011311054229736 1.6823629140853882 -1.197953701019287
v -2.525266647338867 1.693955898284912 -1.120733380317688
v -2.056835412979126 1.9013729095458984 -1.0216515064239502
v -2.492872953414917 1.874500036239624 -0.1993597000837326
v -2.323976516723633 2.1008591651916504 0.10696637630462646
v -2.3971011638641357 2.5446994304656982 -0.9052331447601318
v -2.014108419418335 1.678756833076477 -0.6960669159889221
v -2.42024564743042 2.2773540019989014 -1.1311360597610474
v -2.5368828773498535 2.0684895515441895 0.4076346158981323
v -2.3491804599761963 2.3833885192871094 -0.5305149555206299
v -2.39918851852417 2.634019136428833 -0.3261508345603943
v -2.2022392749786377 2.5085434913635254 -0.2191736251115799
v -2.498847007751465 2.2078394889831543 0.2736344039440155
v -2.554379940032959 1.6955000162124634 -1.0875771045684814
v -2.098741292953491 2.6113104820251465 -0.48094823956489563
v -2.4668898582458496 2.4506282806396484 -1.127305030822754
v -2.2569682598114014 1.6931387186050415 0.40041908621788025
v -2.485610008239746 2.146389961242676 -0.9093767404556274
v -2.4946072101593018 1.8742785453796387 -0.1874149739742279
v -2.405618906021118 1.7019703388214111 -0.30584007501602173
v -2.5637619495391846 1.8554285764694214 -0.9270714521408081
v -2.0314223766326904 1.8841407299041748 -0.7055989503860474
v -2.0060601234436035 1.7114965915679932 -0.27803847193717957
v -2.5586938858032227 1.7246240377426147 -0.8936252593994141
v -2.0491886138916016 1.968770146369934 -0.5998919606208801
v -2.20941162109375 1.9613059759140015 0.4760352671146393
v -2.1425743103027344 2.382439374923706 -1.2827229499816895
v -2.49312162399292 2.0993454456329346 -1.0201514959335327
v -2.1623282432556152 2.306922197341919 -0.27462416887283325
v -2.477689266204834 2.8054802417755127 -0.38466063141822815
v -2.5709173679351807 1.8536652326583862 -0.8039771914482117
v -2.1676485538482666 1.7080597877502441 -0.7601794004440308
v -2.2857511043548584 2.771498203277588 -0.7695072293281555
v -2.5280001163482666 2.514993190765381 -0.7347813844680786
v -2.3623533248901367 1.7079998254776 -0.19782495498657227
v -2.3507890701293945 2.191289186477661 -0.0648983046412468
v -2.63423752784729 1.6993408203125 -0.9995614290237427
v -2.114569902420044 1.695650577545166 0.4206986427307129
v -2.090812921524048 1.7133128643035889 -0.0392768420279026
v -2.1059999465942383 2.2596006393432617 -1.1450810432434082
v -2.1407268047332764 1.6761969327926636 -1.1812649965286255
v -2.544386863708496 2.148407459259033 -0.577183187007904
v -2.4431657791137695 2.2441728115081787 0.33716142177581787
v -2.69431209564209 1.8797215223312378 0.4144733250141144
v -2.041328191757202 1.7059999704360962 -0.4802616536617279
v -2.5526676177978516 2.632998466491699 -0.3912634551525116
v -2.3615620136260986 1.8940001726150513 -0.45801976323127747
v -2.575164794921875 1.7223258018493652 -0.8943914175033569
v -2.0354161262512207 1.6644630432128906 -1.0434337854385376
v -2.372499942779541 2.162473440170288 -0.24106615781784058
v -2.0389113426208496 2.543405055999756 -0.5786834359169006
v -2.3502511978149414 2.985466718673706 -0.9732487797737122
v -2.2214999198913574 3.1153016090393066 -0.9383401274681091
v -2.285825252532959 2.229184627532959 -1.2907670736312866
v -2.2369024753570557 2.036803960800171 0.4138956069946289
v -2.4878861904144287 2.258488416671753 0.17846640944480896
v -2.28482723236084 2.3786914348602295 0.1605059802532196
v -2.4912617206573486 1.7308931350708008 -0.8789804577827454
v -2.3218441009521484 1.6957299709320068 0.36241546273231506
v -2.470670223236084 1.8829574584960938 -0.3540635108947754
v -2.0367143154144287 2.48811411857605 -0.740414559841156
v -1.9598238468170166 2.5831475257873535 -0.6203221082687378
v -2.7071762084960938 1.7067745923995972 -0.4893854856491089
v -2.176500082015991 2.790832996368408 -1.115111231803894
v -2.265963077545166 3.066751718521118 -0.43289586901664734
v -2.260977029800415 1.6932990550994873 0.39801380038261414
v -2.6280481815338135 1.70891535282135 0.2228991985321045
v -2.4182307720184326 2.2863612174987793 -1.1359306573867798
v -2.268353223800659 2.7702505588531494 -0.9429261088371277
v -2.051973819732666 1.829973816871643 -0.8068651556968689
v -2.1724071502685547 2.9992239475250244 -0.5630109310150146
v -2.1344149112701416 2.792424440383911 -0.39606139063835144
v -2.5290000438690186 2.5255749225616455 -0.688530445098877
v -2.496070623397827 1.7306017875671387 -0.8802919387817383
v -2.0655925273895264 1.865020513534546 0.12672235071659088
v -2.6945698261260986 1.715462327003479 0.3505491316318512
v -2.3453004360198975 2.9871203899383545 -0.6107339262962341
v -2.21101975440979 1.8881398439407349 0.3038008511066437
v -2.0986618995666504 3.058558464050293 -0.7308081388473511
v -2.5190727710723877 2.491499900817871 -0.8847448229789734
v -2.2844998836517334 2.949087619781494 -0.36577165126800537
v -2.496000051498413 2.362767219543457 -0.43580591678619385
v -2.115607738494873 2.774136543273926 -0.40909481048583984
v -2.115764856338501 2.8690345287323 -0.8055022358894348
v -2.5862555503845215 2.4852805137634277 -0.9349532723426819
v -2.148728132247925 2.2321085929870605 -1.2576303482055664
v -2.643237829208374 1.860237717628479 -0.5004095435142517
v -2.5059924125671387 2.3180384635925293 -0.2523156404495239
v -2.0228500366210938 1.8731374740600586 -0.7786998152732849
v -2.483704090118408 2.1490914821624756 -0.9190707802772522
v -2.1345458030700684 1.7126820087432861 0.28213462233543396
v -2.4666669368743896 1.8839999437332153 -0.3717849552631378
v -2.394604444503784 1.7213773727416992 -0.74690181016922
v -2.3848891258239746 2.5453643798828125 -0.11359284073114395
v -2.569999933242798 1.8553521633148193 -0.8393589854240417
v -2.401232957839966 2.9295289516448975 -0.8244947791099548
v -2.3335273265838623 1.6841439008712769 0.19315744936466217
v -2.6872687339782715 1.7100000381469727 -0.6138131618499756
v -2.0878961086273193 2.6812217235565186 -0.3561910092830658
v -2.0807688236236572 1.8353067636489868 -0.3653561770915985
v -2.4011902809143066 1.890210747718811 0.610413134098053
v -2.2610700130462646 1.712499976158142 -0.32892271876335144
v -1.9569998979568481 2.572111129760742 -0.6556419730186462
v -2.0050599575042725 1.7100898027420044 -0.27517959475517273
v -2.4491312503814697 2.6077182292938232 -1.1999343633651733
v -2.616773843765259 2.625678539276123 -0.5631967186927795
v -2.715674877166748 1.715674877166748 0.05629703775048256
v -2.054647207260132 2.5695295333862305 -0.5421664714813232
v -2.2940070629119873 1.899009108543396 -0.3514619767665863
v -2.0204710960388184 1.8709807395935059 -0.8023183941841125
v -2.3869216442108154 2.6108434200286865 -0.382930189371109
v -2.5740561485290527 2.0057287216186523 -0.6353855729103088
v -2.2513527870178223 1.6927905082702637 0.40391412377357483
v -2.5585975646972656 1.861405611038208 -0.6738837957382202
v -2.1128110885620117 1.7076225280761719 0.36979275941848755
v -2.0950570106506348 1.7157784700393677 0.0020379216875880957
v -2.624162197113037 2.6021480560302734 -0.6567179560661316
v -2.291965961456299 1.6945611238479614 0.3793642222881317
v -2.4330203533172607 2.303518772125244 0.2786214351654053
v -2.0568020343780518 1.9809671640396118 -1.102830410003662
v -2.022063970565796 2.690251588821411 -0.45593658089637756
v -2.284987688064575 1.725685954093933 0.579232394695282
v -2.321500062942505 1.9108026027679443 -0.15111546218395233
v -1.9947407245635986 1.6695518493652344 -0.6685552597045898
v -2.0750255584716797 1.8267627954483032 -0.48182833194732666
v -1.890343427658081 2.4537644386291504 -0.7495306134223938
v -2.1423332691192627 1.7174791097640991 0.5098750591278076
v -2.329941511154175 2.185350179672241 0.37219342589378357
v -2.3006417751312256 1.6939626932144165 -1.1856305599212646
v -2.2846803665161133 2.7737789154052734 -0.7592442035675049
v -2.0607967376708984 1.971374273300171 -0.5988502502441406
v -2.6070001125335693 2.579829454421997 -0.7794346213340759
v -2.1192851066589355 2.0819082260131836 -1.1921098232269287
v -2.039346694946289 1.8339999914169312 -0.8724308013916016
v -2.638340711593628 2.4711368083953857 -0.7666561603546143
v -2.0455470085144043 2.556509256362915 -0.5600284934043884
v -2.3098654747009277 1.8091877698898315 -1.0813755989074707
v -1.8829494714736938 2.4669981002807617 -0.7047042846679688
v -2.6630001068115234 1.8574999570846558 -0.1752462536096573
v -2.640348434448242 1.8546968698501587 -0.6004865765571594
v -2.617276906967163 2.508772373199463 -0.5845798850059509
v -2.6848020553588867 1.7148021459579468 -0.8040661811828613
v -2.6480157375335693 1.8645000457763672 -0.43918582797050476
v -2.4400198459625244 1.8208039999008179 -1.0538312196731567
v -2.716646194458008 1.7167922258377075 0.07417608797550201
v -2.472316265106201 2.6584277153015137 -0.456852525472641
v -2.0210607051849365 1.8715606927871704 -0.7958333492279053
v -2.1488335132598877 2.5344631671905518 -0.9335741400718689
v -2.428870677947998 2.1523873805999756 -1.2316291332244873
v -2.5387325286865234 1.9141918420791626 0.24362194538116455
v -2.500464916229248 2.288867712020874 -0.5121672749519348
v -2.3005521297454834 1.6938279867172241 -1.1972800493240356
v -2.359257698059082 2.197838306427002 -0.10822287201881409
v -2.3431692123413086 2.442113161087036 -0.9591097235679626
v -2.2020726203918457 1.9402328729629517 0.4789709150791168
v -2.258466958999634 2.721445322036743 -0.9558886885643005
v -2.389174699783325 2.7875123023986816 -0.20451229810714722
v -2.1737945079803467 2.8233370780944824 -1.1031843423843384
v -2.7156708240509033 1.7156708240509033 0.056233156472444534
v -2.2268621921539307 2.766343832015991 -0.1691330075263977
v -1.9155139923095703 2.4807350635528564 -0.6151632070541382
v -2.2542171478271484 1.68844735622406 -1.2043092250823975
v -2.437567710876465 2.4589438438415527 -1.222651481628418
v -2.426028251647949 2.4776697158813477 -0.9418349266052246
v -2.3822813034057617 1.9750314950942993 -0.44201555848121643
v -2.4727203845977783 1.6911191940307617 -1.1628531217575073
v -2.490752935409546 1.9001978635787964 0.08357671648263931
v -2.4201440811157227 2.5258560180664062 -0.902999997138977
v -2.3100197315216064 2.5534985065460205 -0.4955020248889923
v -2.1051642894744873 2.485276222229004 -0.892386257648468
v -2.598557949066162 1.910384178161621 0.43187615275382996
v -2.115424633026123 2.1712698936462402 -0.8015753030776978
v -2.3040363788604736 2.5784173011779785 -0.9341258406639099
v -2.342942476272583 2.543902635574341 -0.10470126569271088
v -2.3650553226470947 2.545466184616089 -0.10858418792486191
v -2.3579094409942627 3.00356125831604 -0.5630599856376648
v -2.417968988418579 2.4276139736175537 -1.2409723997116089
v -2.099761962890625 1.8542619943618774 -1.0422687530517578
v -2.2214999198913574 3.112837314605713 -0.942564845085144
v -2.2981016635894775 2.538823366165161 -0.10308084636926651
v -2.4290120601654053 2.5335724353790283 -0.1901617795228958
v -2.5077338218688965 2.493184804916382 -0.9110053181648254
v -2.308450698852539 1.902999997138977 -0.015843607485294342
v -2.3390612602233887 2.819715738296509 -1.08627450466156
v -2.051877498626709 1.8295612335205078 -0.7900419235229492
v -2.01208758354187 2.580662250518799 -0.9096747040748596
v -2.353827714920044 1.8793879747390747 0.5990983247756958
v -2.491051197052002 1.874500036239624 -0.2134774923324585
v -2.0352015495300293 2.4887194633483887 -0.7346668243408203
v -2.114445209503174 2.772916078567505 -0.4099380075931549
v -2.391470432281494 3.0650298595428467 -0.8457581400871277
v -2.245136260986328 1.8983738422393799 0.22860656678676605
v -1.9422824382781982 2.5082004070281982 -0.5521585941314697
v -2.321500062942505 2.082063913345337 0.1252148449420929
v -2.1246368885040283 2.0928192138671875 -1.1985005140304565
v -2.2782883644104004 2.8638007640838623 -0.6653347611427307
v -2.137948751449585 1.663419485092163 0.48287084698677063
v -2.0124289989471436 2.5808463096618652 -0.9103577136993408
v -1.9850671291351318 2.5688705444335938 -0.8560721278190613
v -2.6494622230529785 1.7135000228881836 -0.9143160581588745
v -2.410629987716675 2.511863946914673 -0.26134324073791504
v -2.014157295227051 2.4366490840911865 -1.0807362794876099
v -2.1134843826293945 1.7109228372573853 0.08135910332202911
v -2.061944007873535 1.7006402015686035 -0.30277106165885925
v -2.2614388465881348 1.8953657150268555 0.20025628805160522
v -2.36041259765625 3.006481409072876 -0.55909663438797
v -2.022683620452881 1.7105730772018433 -0.28865906596183777
v -2.100619077682495 3.0781145095825195 -0.778967559337616
v -2.1766226291656494 2.4892354011535645 -0.3170677721500397
v -2.7137858867645264 1.719428539276123 0.17257055640220642
v -2.2502923011779785 2.2013537883758545 -0.8391912579536438
v -2.470181703567505 1.8923091888427734 -0.49868160486221313
v -2.097888469696045 1.8554999828338623 -0.10950936377048492
v -2.193998098373413 2.4109742641448975 -0.9765787124633789
v -2.5992085933685303 2.5655832290649414 -0.46590009331703186
v -2.70505428314209 1.71886146068573 0.26073578000068665
v -2.2401540279388428 2.386383533477783 -1.0447441339492798
v -2.0574564933776855 1.8968186378479004 -1.0173041820526123
v -2.117178440093994 2.1617677211761475 -1.0412437915802002
v -2.0109493732452393 2.4369964599609375 -1.0759170055389404
v -2.3539206981658936 2.87172532081604 -0.392225444316864
v -2.3147993087768555 1.6945765018463135 -1.2112118005752563
v -2.0761489868164062 1.7100000381469727 -0.157758891582489
v -2.0532915592193604 1.9697026014328003 -0.599518895149231
v -2.6166090965270996 1.7015924453735352 -1.0138907432556152
v -2.354617118835449 2.982999086380005 -0.9688829779624939
v -2.392206907272339 3.0418450832366943 -0.7273797988891602
v -2.5705740451812744 2.0022170543670654 0.43463483452796936
v -2.437699317932129 1.6797206401824951 -0.48406222462654114
v -2.050948143005371 1.8299826383590698 -0.7755141854286194
v -2.5169339179992676 2.2132480144500732 -0.6031361818313599
v -2.43822979927063 2.2334322929382324 -1.0845671892166138
v -2.281087636947632 2.80364990234375 -0.8946886658668518
v -2.219714879989624 1.993289589881897 0.46192508935928345
v -2.0718209743499756 2.5877673625946045 -0.519625723361969
v -1.9621007442474365 2.4240167140960693 -0.9677347540855408
v -2.4294300079345703 2.5360803604125977 -0.17845869064331055
v -2.348828077316284 1.6951669454574585 -1.209167242050171
v -2.0693936347961426 1.9731652736663818 -0.5981338620185852
v -2.505643844604492 2.3162193298339844 -0.2614036500453949
v -2.1886041164398193 1.7132912874221802 0.0809999331831932
v -2.390644073486328 2.9120495319366455 -0.3918379545211792
v -2.392302989959717 2.5530571937561035 -0.45040246844291687
v -2.145503044128418 2.167024612426758 -1.237678050994873
v -2.5533716678619385 2.0356075763702393 0.423691064119339
v -2.2579188346862793 3.1614527702331543 -0.70339435338974
v -2.3254566192626953 3.04246187210083 -0.42029905319213867
v -2.585787773132324 2.4853389263153076 -0.9362977743148804
v -2.094465732574463 2.905275583267212 -0.8614306449890137
v -2.327301025390625 2.1284122467041016 0.06698118895292282
v -2.349297046661377 2.383574962615967 -0.5300716757774353
v -2.370452404022217 1.7208631038665771 -0.9133298397064209
v -2.3276615142822266 1.7076433897018433 -0.34426096081733704
v -2.34444260597229 1.809119701385498 -1.0785070657730103
v -2.333564043045044 2.3350512981414795 -0.6144614219665527
v -2.366750478744507 1.924316167831421 -1.200815200805664
v -2.009190559387207 1.6987192630767822 0.09621768444776535
v -2.0570690631866455 1.899659514427185 -1.0200159549713135
v -2.2604615688323975 1.712499976158142 -0.32875898480415344
v -2.2851970195770264 2.2262520790100098 -1.2899291515350342
v -2.382575273513794 2.009446382522583 -1.2507742643356323
v -2.4475221633911133 2.21418833732605 0.3612448573112488
v -2.4787397384643555 1.8788800239562988 -0.31274133920669556
v -2.5190000534057617 2.1920320987701416 -0.6454277634620667
v -2.178708076477051 2.4827499389648438 -0.3376246392726898
v -2.5139832496643066 1.9022096395492554 0.0682746171951294
v -2.3091602325439453 1.7213832139968872 -0.8180052042007446
v -2.5176947116851807 2.182778835296631 -0.6671176552772522
v -2.464367628097534 1.7015000581741333 -0.3530000150203705
v -2.443167209625244 1.7006160020828247 0.3020322024822235
v -2.259427785873413 3.079876661300659 -0.46181049942970276
v -2.5186421871185303 2.18656849861145 -0.6579594612121582
v -2.417229652404785 1.8954999446868896 0.13456116616725922
v -2.0238053798675537 2.6919097900390625 -0.45485857129096985
v -2.236823797225952 1.7199163436889648 0.5671637058258057
v -2.446282148361206 1.7224029302597046 0.10051474720239639
v -2.4001424312591553 2.927832841873169 -0.8206181526184082
v -2.204883337020874 1.949226975440979 0.4778466820716858
v -2.167149543762207 1.7181426286697388 0.5346471071243286
v -2.6210784912109375 1.7127190828323364 -0.978748083114624
v -2.350466728210449 1.899666428565979 0.17396648228168488
v -2.375499963760376 2.084172248840332 -0.36713555455207825
v -2.29508638381958 1.7269482612609863 0.5808103680610657
v -2.394120454788208 1.8496071100234985 -1.1100244522094727
v -2.373500108718872 2.108825922012329 -0.33779728412628174
v -2.2939999103546143 1.8980878591537476 -0.35879719257354736
v -2.3685696125030518 2.192453622817993 -0.1434933841228485
v -2.395110607147217 2.6153757572174072 -0.12422120571136475
v -2.3718554973602295 1.8836737871170044 0.6036710143089294
v -2.387935161590576 1.8909907341003418 0.1402639001607895
v -2.1907424926757812 1.9148086309432983 0.47516176104545593
v -2.189873695373535 2.360126256942749 -0.017282290384173393
v -2.3072710037231445 1.874561071395874 0.5958779454231262
v -2.1407723426818848 1.8771610260009766 0.4711276590824127
v -2.1201553344726562 2.2098686695098877 -1.116854190826416
v -2.1175615787506104 1.853125810623169 -1.074831485748291
v -2.255000114440918 2.1992812156677246 -0.8937784433364868
v -2.0945000648498535 2.9361042976379395 -0.9049627184867859
v -2.3954999446868896 2.628615140914917 -0.12615375220775604
v -2.0769999027252197 1.8466708660125732 -0.28504833579063416
v -2.335880756378174 1.9743348360061646 0.18367429077625275
v -2.4256861209869385 2.4069793224334717 0.1404033750295639
v -2.6027705669403076 1.7404942512512207 0.4806510806083679
v -2.5015511512756348 1.941436767578125 -1.1232060194015503
v -2.1999118328094482 2.3348231315612793 -0.5097357630729675
v -2.610944986343384 2.464043378829956 -0.8841647505760193
v -2.524275064468384 1.725307822227478 0.1125393733382225
v -2.369767427444458 1.8830056190490723 0.6032534241676331
v -2.344167470932007 1.7144763469696045 -1.0421156883239746
v -2.4860403537750244 2.250181198120117 0.19367772340774536
v -2.5561797618865967 1.9105000495910645 0.30383867025375366
v -2.451946258544922 2.2000536918640137 -1.0347998142242432
v -2.1176278591156006 1.6891202926635742 0.43726298213005066
v -2.3047831058502197 2.264631986618042 -0.7242782711982727
v -2.417088747024536 2.5201332569122314 -0.235782191157341
v -2.379995107650757 3.0061120986938477 -0.6507241129875183
v -2.5230519771575928 2.54609751701355 -0.6238797307014465
v -1.9995100498199463 2.664184331893921 -0.4869767129421234
v -2.393397569656372 2.6227359771728516 -0.3508510887622833
v -2.2473418712615967 2.40057373046875 -0.9760737419128418
v -2.60992431640625 2.4638166427612305 -0.8872270584106445
v -2.117910385131836 2.216174602508545 -1.1210801601409912
v -2.3451125621795654 2.889749765396118 -1.0239876508712769
v -2.2480692863464355 2.161421060562134 0.3091137111186981
v -2.4903194904327393 2.7121636867523193 -0.3122522532939911
v -2.2186760902404785 2.785853862762451 -0.18675093352794647
v -2.5497941970825195 2.042480230331421 0.4211733639240265
v -2.3597404956817627 3.0932393074035645 -0.8702195286750793
v -2.175886392593384 2.491137742996216 -1.249533772468567
v -2.489577054977417 2.220845937728882 0.2454770803451538
v -2.3139421939849854 1.9010385274887085 -0.05151868611574173
v -2.3163304328918457 1.7218835353851318 -0.8208398818969727
v -2.4040005207061768 2.6819541454315186 -1.1152271032333374
v -2.42022705078125 2.3549251556396484 -1.1386860609054565
v -2.1975924968719482 1.8600913286209106 -0.5315439701080322
v -2.410463571548462 1.7125945091247559 -0.6240820288658142
v -2.0358686447143555 1.8859343528747559 -0.6882067918777466
v -2.2255001068115234 3.156454563140869 -0.8648045063018799
v -2.350954055786133 1.893748164176941 -0.4587518870830536
v -2.505739450454712 2.316697120666504 -0.259014368057251
v -2.574275493621826 2.6929032802581787 -0.47745436429977417
v -1.9679629802703857 2.565500020980835 -0.7902781963348389
v -2.200300455093384 2.3385050296783447 -0.5056945085525513
v -2.2615549564361572 3.072922945022583 -0.44435712695121765
v -2.421441078186035 2.524641752243042 -0.9030551314353943
v -2.562642812728882 1.8522855043411255 -0.7072868347167969
v -1.9873989820480347 1.6749494075775146 -0.7681911587715149
v -2.2083256244659424 1.9579989910125732 -1.221368670463562
v -2.3484365940093994 1.716044306755066 -1.0232093334197998
v -2.024874448776245 2.4931564331054688 -0.6924980282783508
v -2.2664999961853027 3.0610132217407227 -0.42680662870407104
v -2.2501344680786133 3.1719870567321777 -0.7213525772094727
v -2.3859996795654297 2.472476005554199 -0.9419048428535461
v -2.1133244037628174 2.870809316635132 -0.8088301420211792
v -2.5156123638153076 2.2182042598724365 -0.5958671569824219
v -2.4137144088745117 2.6768927574157715 -1.1117750406265259
v -2.3954999446868896 2.6464948654174805 -0.1316293627023697
v -1.9383299350738525 2.421999931335449 -0.8898041844367981
v -2.366152048110962 2.9762117862701416 -0.9567266702651978
v -2.109482765197754 2.427000045776367 -0.9529972076416016
v -2.4254395961761475 1.819193959236145 -1.05972421169281
v -2.3282692432403564 1.7304784059524536 0.5834855437278748
v -2.570127248764038 2.0128533840179443 -0.6318233609199524
v -2.1853785514831543 2.610369920730591 -1.2227908372879028
v -2.42549991607666 2.3741679191589355 0.18218278884887695
v -2.7097465991973877 1.7106506824493408 -0.0692184790968895
v -2.559134006500244 2.5571649074554443 -1.112309455871582
v -2.4731998443603516 1.8821501731872559 -0.34050068259239197
v -2.079338550567627 2.0133063793182373 -0.8137754797935486
v -2.119245767593384 2.1648685932159424 -1.0498576164245605
v -2.3496906757354736 1.7165477275848389 -1.0176650285720825
v -2.5757675170898438 1.7413103580474854 0.49806877970695496
v -2.1314785480499268 2.7898142337799072 -0.39818212389945984
v -2.1498756408691406 1.8698621988296509 0.4873811602592468
v -2.644298791885376 1.8612987995147705 -0.4874143898487091
v -2.3838491439819336 1.962952971458435 0.5756602883338928
v -2.5235629081726074 1.8342657089233398 -0.9317725896835327
v -2.0902624130249023 1.6979217529296875 -0.7313434481620789
v -2.322147846221924 1.8864916563034058 0.15462300181388855
v -2.1900529861450195 1.8825000524520874 0.40707653760910034
v -2.044684410095215 1.663045048713684 -1.0767333507537842
v -2.142435312271118 2.232334852218628 -0.4136829376220703
v -2.0393199920654297 1.8339999914169312 -0.8724924325942993
v -2.371464967727661 2.1802103519439697 -0.1917293667793274
v -2.178499937057495 2.549217700958252 -1.2396199703216553
v -2.025416612625122 1.6658982038497925 -1.0016670227050781
v -2.07407283782959 1.8260729312896729 -0.5041669607162476
v -2.093052387237549 1.8554253578186035 -0.1651853770017624
v -2.12277889251709 3.0213048458099365 -0.6614152193069458
v -2.2565579414367676 2.201528787612915 -0.9224053025245667
v -2.097858190536499 1.8557839393615723 -0.10210631787776947
v -2.524822950363159 1.8345807790756226 -0.9297252297401428
v -2.3495960235595703 1.6940960884094238 0.1264239251613617
v -2.394739866256714 3.0534698963165283 -0.7746297717094421
v -2.5012974739074707 1.8692139387130737 -0.12435588985681534
v -2.377439260482788 2.859711170196533 -0.46364861726760864
v -2.0769999027252197 1.8467803001403809 -0.28411754965782166
v -2.7097434997558594 1.713539719581604 -0.4139789938926697
v -2.146602153778076 1.8439480066299438 -1.0882365703582764
v -2.646524667739868 1.8635244369506836 -0.46123114228248596
v -2.140460729598999 1.7170895338058472 0.5068319439888
v -2.6380975246429443 1.73501455783844 0.45015978813171387
v -2.067880630493164 2.0158731937408447 -0.8680974245071411
v -2.0978517532348633 1.8557965755462646 -0.10186466574668884
v -2.082045316696167 1.8614546060562134 0.3331814408302307
v -2.253342628479004 2.662224531173706 -0.11031503230333328
v -2.0678164958953857 1.865514874458313 0.12005037069320679
v -2.5873026847839355 1.7080036401748657 0.24022644758224487
v -2.4464666843414307 2.110170841217041 -1.208774447441101
v -2.340318441390991 1.7130650281906128 -1.0582267045974731
v -2.21242356300354 2.2944138050079346 0.13511808216571808
v -2.423654317855835 2.5404136180877686 -0.15113577246665955
v -2.0123555660247803 1.6685240268707275 -0.9322296380996704
v -2.0417518615722656 1.8339999914169312 -0.8668805360794067
v -2.370140314102173 1.6949806213378906 -1.2068641185760498
v -2.0456008911132812 1.6874107122421265 -0.7078688740730286
v -2.162076950073242 2.3063690662384033 -0.27583110332489014
v -2.1640000343322754 2.322169780731201 -0.24566133320331573
v -2.496000051498413 2.386610507965088 -0.40663644671440125
v -2.0145397186279297 1.6791164875030518 -0.6943410038948059
v -2.1623733043670654 2.307021141052246 -0.2744082510471344
v -2.453730344772339 2.150582790374756 0.4163022041320801
v -2.5609700679779053 1.695570468902588 -1.0794358253479004
v -2.172196388244629 2.8393497467041016 -1.0973833799362183
v -2.6251511573791504 1.7020000219345093 -1.0048924684524536
v -2.195415496826172 2.317390203475952 -0.5329566597938538
v -1.998597502708435 2.5750985145568848 -0.8870944976806641
v -2.3410730361938477 3.1073997020721436 -0.8821089863777161
v -2.2464494705200195 2.051168203353882 -1.2870588302612305
v -2.5110979080200195 2.1905107498168945 0.30378997325897217
v -2.188608407974243 2.6568939685821533 -1.198128581047058
v -2.2816877365112305 2.817624568939209 -0.5358743071556091
v -2.5937201976776123 1.7401912212371826 0.4865835905075073
v -2.3815853595733643 1.703801155090332 -0.35204827785491943
v -2.5594537258148193 1.8421134948730469 -0.8752626180648804
v -2.505500078201294 2.312666654586792 -0.27552440762519836
v -2.2307467460632324 2.247437000274658 0.2025250643491745
v -2.061063051223755 1.6639201641082764 -1.112185001373291
v -2.035219192504883 1.6645067930221558 -1.0426234006881714
v -2.3499977588653564 1.7050007581710815 0.0029753106646239758
v -2.198291540145874 2.821024179458618 -0.7221843004226685
v -2.1000256538391113 1.7090296745300293 0.4386442005634308
v -2.2719502449035645 1.8941375017166138 0.18303103744983673
v -2.3919084072113037 2.5451972484588623 -1.2402182817459106
v -2.3173604011535645 2.248605728149414 0.3219175934791565
v -2.2572214603424072 2.645819902420044 -0.10438153892755508
v -2.498386859893799 2.2084310054779053 0.27231985330581665
v -2.1685609817504883 1.708164095878601 -0.7604923248291016
v -2.553317070007324 2.643132448196411 -1.0091625452041626
v -2.569499969482422 1.8554999828338623 -0.8689195513725281
v -2.183699607849121 2.895599126815796 -1.0693005323410034
v -2.68919038772583 1.8919293880462646 0.43155330419540405
v -2.0602502822875977 1.7049978971481323 -0.2722652554512024
v -2.235574960708618 2.739711046218872 -0.14980734884738922
v -2.0829877853393555 2.5975306034088135 -0.5056827068328857
v -2.51391863822937 2.119976758956909 -0.8992558121681213
v -2.5934908390045166 2.5772695541381836 -0.45147469639778137
v -1.9499976634979248 2.5319952964782715 -0.5240062475204468
v -2.458322525024414 2.0929691791534424 0.4594184458255768
v -2.0906171798706055 1.7131171226501465 -0.04191998392343521
v -2.2667598724365234 2.609572410583496 -0.09579598903656006
v -2.2517240047454834 2.5266497135162354 -0.11275053024291992
v -2.3901054859161377 3.0295534133911133 -0.6990013122558594
v -2.212559938430786 1.8892066478729248 0.2963468134403229
v -2.372499942779541 2.1462693214416504 -0.27755600214004517
v -2.268263101577759 2.532244920730591 -0.10625515878200531
v -2.3838980197906494 2.027735948562622 -0.41147878766059875
v -2.0961849689483643 1.8575432300567627 -0.06280878186225891
v -2.241718053817749 2.2081408500671387 -0.7916927933692932
v -2.078040599822998 1.7098098993301392 0.42128047347068787
v -2.0407586097717285 1.8580529689788818 -0.9589232802391052
v -2.598093271255493 1.7085000276565552 0.23554033041000366
v -2.69922137260437 1.85727858543396 0.08665595203638077
v -2.282917022705078 2.8025624752044678 -0.8872284293174744
v -2.1527347564697266 2.2827043533325195 -0.3300400376319885
v -2.6841328144073486 1.711734414100647 -0.6521170735359192
v -2.4967665672302246 2.647841691970825 -1.039925217628479
v -2.2930634021759033 2.3458092212677 0.20507989823818207
v -2.6414999961853027 1.8578014373779297 -0.5409631729125977
v -2.4022092819213867 2.3892667293548584 -1.2542909383773804
v -2.5028347969055176 2.1057512760162354 -0.9772851467132568
v -2.2138683795928955 2.904399871826172 -0.3907526731491089
v -2.4979326725006104 1.8920315504074097 -0.5224640965461731
v -2.4049484729766846 2.9371445178985596 -0.8466348648071289
v -1.926384687423706 2.423577070236206 -0.852102518081665
v -2.5 2.2748427391052246 -0.3955773413181305
v -2.0681896209716797 1.8641164302825928 0.29333558678627014
v -2.061753511428833 1.992937684059143 -1.116460919380188
v -2.3073654174804688 1.9134104251861572 -0.2784408926963806
v -2.4115984439849854 2.4902074337005615 -0.3129841387271881
v -2.512359142303467 1.7039098739624023 0.27198031544685364
v -2.085045576095581 2.623687744140625 -0.9727842211723328
v -2.3934133052825928 2.9088847637176514 -0.39421147108078003
v -2.1240625381469727 2.6574466228485107 -0.424731969833374
v -2.362244129180908 1.7079998254776 -0.19736410677433014
v -2.2908308506011963 2.2552521228790283 -1.2979291677474976
v -2.128584384918213 1.8509243726730347 -1.0809119939804077
v -2.1915223598480225 2.6513707637786865 -0.29580262303352356
v -2.110924482345581 1.8556230068206787 -1.0649323463439941
v -2.222337245941162 1.824249267578125 -1.0888745784759521
v -2.6974825859069824 1.7242412567138672 -0.2454637587070465
v -2.318664789199829 2.3887779712677 -1.3075722455978394
v -2.6208677291870117 2.4965710639953613 -0.6678479313850403
v -2.2788074016571045 2.404914617538452 0.12744103372097015
v -2.532729148864746 2.1836252212524414 -0.5474650263786316
v -2.420240879058838 2.539560079574585 -0.142601877450943
v -2.552269697189331 1.9105000495910645 0.2916940450668335
v -2.27693510055542 2.8202672004699707 -0.700973391532898
v -2.3127670288085938 1.8991165161132812 0.08740253001451492
v -2.449634075164795 2.1899161338806152 0.38031598925590515
v -2.287965774536133 3.130324363708496 -0.8963243961334229
v -2.400771379470825 1.7192678451538086 -0.6994825601577759
v -2.0942163467407227 2.751716136932373 -0.4251961410045624
v -2.5161614418029785 1.9078460931777954 -1.0715233087539673
v -2.0811424255371094 1.8759366273880005 -0.6201153993606567
v -2.095932722091675 2.003113269805908 -0.5772858262062073
v -2.2724475860595703 2.432744264602661 0.09401129186153412
v -2.703904628753662 1.859773874282837 0.3552984893321991
v -2.4794483184814453 1.7424999475479126 0.5371248126029968
v -2.369624614715576 2.0221481323242188 0.5307897329330444
v -2.04465389251709 1.8331730365753174 -0.8586248755455017
v -2.61006498336792 2.542642831802368 -0.5068833231925964
v -2.5874950885772705 1.9605096578598022 0.44658124446868896
v -2.27107310295105 2.2155730724334717 -0.9990853071212769
v -2.4828882217407227 2.63185453414917 -0.48673754930496216
v -2.114323854446411 1.7110563516616821 0.4604296386241913
v -2.370396137237549 2.187124013900757 -0.16740034520626068
v -2.144455909729004 1.705409288406372 -0.7519550919532776
v -1.9587116241455078 2.580923080444336 -0.6267727017402649
v -2.2847070693969727 1.715999960899353 0.08217335492372513
v -2.5995335578918457 1.908449649810791 0.4381846785545349
v -1.9568649530410767 2.5466084480285645 -0.5055223703384399
v -2.236090898513794 1.715248465538025 0.0809999331831932
v -2.2773897647857666 1.7245948314666748 0.5778684616088867
v -2.483721971511841 2.2388901710510254 0.2126087248325348
v -2.132772445678711 2.708693027496338 -0.30181172490119934
v -2.2113542556762695 3.028496026992798 -0.4248896837234497
v -2.3441452980041504 2.8749513626098633 -0.3954515755176544
v -2.2127585411071777 1.7135308980941772 -0.3185615837574005
v -2.5152692794799805 1.8908601999282837 -0.5409688353538513
v -2.181771993637085 1.6852598190307617 0.45224764943122864
v -2.3758087158203125 1.9711390733718872 -1.2316244840621948
v -2.204251766204834 1.7137842178344727 0.0809999331831932
v -2.4370739459991455 2.68660831451416 -0.4231281578540802
v -2.5280001163482666 2.5135691165924072 -0.7411887645721436
v -2.528878927230835 1.888373851776123 -0.5640926957130432
v -2.5013484954833984 2.2822775840759277 -0.5184395909309387
v -2.104606866836548 2.962111473083496 -0.9350129961967468
v -2.2882375717163086 2.7890677452087402 -0.8542875647544861
v -2.4744253158569336 1.8815373182296753 -0.33437275886535645
v -2.4874932765960693 2.1445066928863525 -0.9023818969726562
v -2.1977767944335938 2.3680367469787598 -0.47128811478614807
v -2.0190343856811523 1.685585618019104 -0.6570889353752136
v -2.43843150138855 1.890279769897461 0.6093899607658386
v -2.2210967540740967 3.1325490474700928 -0.9147889614105225
v -2.344165563583374 1.8090935945510864 -1.0785417556762695
v -2.060576915740967 1.7038458585739136 -0.2811952829360962
v -2.0986931324005127 2.0190000534057617 -0.6890970468521118
v -2.2907636165618896 1.888596534729004 -0.46911385655403137
v -2.382636308670044 1.9782283306121826 -0.44077232480049133
v -2.1411471366882324 1.7122477293014526 0.08075233548879623
v -2.117445945739746 2.1621687412261963 -1.0423579216003418
v -2.382990837097168 3.008193254470825 -0.6551842093467712
v -1.9929040670394897 1.692633867263794 0.10114891827106476
v -2.38470721244812 1.8651220798492432 -1.1359148025512695
v -2.379763126373291 1.7184401750564575 0.08826036006212234
v -2.535750150680542 2.174666166305542 -0.5554170608520508
v -2.2151010036468506 3.064683198928833 -0.9766377210617065
v -2.256894826889038 2.303420066833496 -1.0547016859054565
v -2.622786283493042 1.7130000591278076 -0.9726406931877136
v -2.503277540206909 2.3277225494384766 -0.15138402581214905
v -2.0864028930664062 2.0139999389648438 -0.7708397507667542
v -2.2505862712860107 2.9217793941497803 -0.38359448313713074
v -2.5434653759002686 1.8802920579910278 0.5876781344413757
v -2.4084999561309814 2.5040037631988525 -0.2822987139225006
v -2.4361841678619385 2.2870655059814453 0.2982633411884308
v -2.3529999256134033 1.7018749713897705 0.06606459617614746
v -2.542173147201538 2.156377077102661 -0.5709846615791321
v -2.4963653087615967 2.494860887527466 -0.9239128828048706
v -2.165066719055176 3.1040191650390625 -0.9348649382591248
v -2.159097194671631 2.7060892581939697 -0.2769026756286621
v -2.460404396057129 2.0718605518341064 0.4710538685321808
v -2.4356696605682373 2.596292495727539 -1.2056511640548706
v -2.0696403980255127 1.8248802423477173 -0.5580945014953613
v -2.336843252182007 1.685048222541809 0.18471698462963104
v -2.4769625663757324 2.6583456993103027 -1.0661141872406006
v -2.3809123039245605 1.9941051006317139 -1.2439326047897339
v -2.3775839805603027 2.075185537338257 -0.3753143846988678
v -1.9570852518081665 2.5683465003967285 -0.6700456738471985
v -2.2478110790252686 3.0814056396484375 -0.5324852466583252
v -2.2136945724487305 2.2908549308776855 0.14147314429283142
v -2.181057929992676 2.3693301677703857 -0.05470538139343262
v -2.1893393993377686 2.3606605529785156 -0.019182488322257996
v -2.0723795890808105 1.6654800176620483 -1.12973952293396
v -2.255815029144287 1.874613881111145 0.5958243012428284
v -2.494424343109131 2.3133771419525146 -0.0232352614402771
v -2.148581027984619 2.4128036499023438 -1.2789089679718018
v -2.695655584335327 1.7239999771118164 -0.2091360241174698
v -1.9621473550796509 2.5618526935577393 -0.7125030159950256
v -2.39249849319458 3.0423309803009033 -0.7293232679367065
v -2.173693895339966 2.8239898681640625 -1.1029081344604492
v -2.2769999504089355 2.8626809120178223 -0.5791776180267334
v -2.3283512592315674 2.1361076831817627 0.054913152009248734
v -2.6945388317108154 1.8609806299209595 0.020733043551445007
v -2.48905611038208 2.5165560245513916 -1.1759439706802368
v -2.529716968536377 2.669528007507324 -0.34805673360824585
v -2.361682176589966 1.7176569700241089 0.08598530292510986
v -2.5379927158355713 1.8857887983322144 -0.5835487842559814
v -2.339022636413574 1.9487966299057007 0.1874925196170807
v -2.5214831829071045 2.219038963317871 -0.510938823223114
v -2.2413432598114014 2.1995818614959717 0.2644481956958771
v -2.5124616622924805 2.252730369567871 0.0844234898686409
v -2.4849555492401123 2.620026111602783 -0.4997776448726654
v -2.152148962020874 2.8411402702331543 -0.7611609101295471
v -2.238353967666626 2.5373101234436035 -0.45018962025642395
v -2.4401206970214844 2.1241610050201416 -1.218672513961792
v -2.3510661125183105 1.6964151859283447 0.1127922460436821
v -2.310730457305908 2.2749829292297363 0.2973822355270386
v -2.5040202140808105 1.8848575353622437 0.599262535572052
v -2.4871675968170166 2.6108295917510986 -0.5116161704063416
v -2.677368402481079 1.721948266029358 0.13014937937259674
v -2.1802923679351807 2.6803555488586426 -0.27323466539382935
v -2.702501058578491 1.7194997072219849 0.2839922308921814
v -2.1524970531463623 2.4236185550689697 -0.9657928347587585
v -2.5179998874664307 2.1418020725250244 -0.7942919135093689
v -2.256963014602661 3.1631832122802734 -0.7061712741851807
v -2.568912982940674 1.8492753505706787 -0.7626298666000366
v -2.0081613063812256 2.6040940284729004 -0.43051427602767944
v -2.321500062942505 1.9118229150772095 -0.15698227286338806
v -2.08306884765625 1.708607792854309 -0.11219476163387299
v -2.6152806282043457 1.8464552164077759 -0.7692314386367798
v -2.489720344543457 2.081186294555664 -1.110398769378662
v -2.453897714614868 2.663264036178589 -1.0855745077133179
v -2.5096917152404785 1.729753851890564 -0.8841075301170349
v -2.2473843097686768 2.0554685592651367 -1.289676547050476
v -2.1350536346435547 1.7128511667251587 0.27993467450141907
v -2.3778257369995117 2.8947675228118896 -0.7621949315071106
v -2.4646403789520264 1.7235512733459473 0.10375624150037766
v -2.6984610557556152 1.7205194234848022 -0.14028143882751465
v -2.430298089981079 1.7000564336776733 0.30790743231773376
v -2.1187045574188232 3.0246150493621826 -0.6667628288269043
v -2.347012519836426 2.1009562015533447 0.45437926054000854
v -2.325223684310913 2.8039844036102295 -0.4766561985015869
v -2.0590972900390625 2.71905779838562 -0.44188112020492554
v -2.0630781650543213 1.8246053457260132 -0.617767870426178
v -2.092982769012451 2.0161123275756836 -0.7298773527145386
v -2.3176350593566895 2.2473247051239014 0.3230400085449219
v -2.0606937408447266 1.7061291933059692 -0.252255916595459
v -2.2844998836517334 2.947143077850342 -0.3661455810070038
v -2.052000045776367 1.8299518823623657 -0.8046547174453735
v -2.404967784881592 2.4629316329956055 -0.44451436400413513
v -2.3143818378448486 1.8982059955596924 0.1032915934920311
v -2.3722329139709473 2.5450313091278076 -0.10967162251472473
v -2.2669763565063477 1.8154428005218506 -1.0855631828308105
v -2.1927738189697266 2.6217262744903564 -0.2986847758293152
v -2.4399430751800537 2.2285778522491455 -1.078856348991394
v -2.3324992656707764 1.9925055503845215 0.17849843204021454
v -2.615469217300415 1.708969235420227 -1.0067232847213745
v -2.1075801849365234 3.0898702144622803 -0.8145403861999512
v -2.6247260570526123 2.491783618927002 -0.6831398010253906
v -2.3493893146514893 1.7061151266098022 -0.34796231985092163
v -2.0289230346679688 2.5166916847229004 -0.6143854856491089
v -2.115053176879883 2.1585795879364014 -1.030765175819397
v -2.4084999561309814 2.5073394775390625 -0.2743440568447113
v -2.2418668270111084 2.1951334476470947 0.27046653628349304
v -2.17813777923584 2.524644136428833 -1.243188500404358
v -2.2418441772460938 2.0330097675323486 -1.2776657342910767
v -2.1220805644989014 2.170161485671997 -1.0646518468856812
v -2.4980406761169434 2.6464879512786865 -1.0377751588821411
v -2.0995218753814697 2.951066017150879 -0.9214704036712646
v -2.291795492172241 2.552161931991577 -0.4967253804206848
v -2.4020771980285645 2.6419622898101807 -0.3131524920463562
v -2.118809938430786 1.7089999914169312 0.3399907648563385
v -2.623875856399536 2.492973804473877 -0.6792289018630981
v -2.5236566066741943 1.8342891931533813 -0.9316206574440002
v -2.103178024291992 1.7151633501052856 0.041034385561943054
v -2.2255001068115234 3.1590096950531006 -0.858927845954895
v -2.4004669189453125 2.2338616847991943 -1.2575247287750244
v -2.0626847743988037 1.9717676639556885 -0.5986929535865784
v -2.0264668464660645 1.8776110410690308 -0.7438337802886963
v -2.550801992416382 2.7221250534057617 -0.4562603533267975
v -2.4287919998168945 2.3276498317718506 0.24643445014953613
v -2.6835107803344727 1.7129786014556885 -0.6706889867782593
v -2.2412986755371094 3.013126850128174 -1.0241719484329224
v -2.547726631164551 2.7273972034454346 -0.45175227522850037
v -2.385723352432251 2.86016845703125 -0.38351625204086304
v -2.330990791320801 2.003530263900757 0.17548158764839172
v -2.219233512878418 1.6846448183059692 -1.200644850730896
v -2.3625783920288086 2.5490221977233887 -0.4974334239959717
v -2.3112776279449463 1.899861216545105 0.0729135274887085
v -2.4998538494110107 2.295285701751709 -0.5063605904579163
v -2.525627613067627 2.4938137531280518 -0.842352032661438
v -2.326904773712158 1.7228480577468872 -0.8248922824859619
v -2.1446380615234375 2.8450441360473633 -0.768770694732666
v -2.4574265480041504 2.1041672229766846 0.452412873506546
v -1.9897125959396362 1.6710718870162964 -0.6971558332443237
v -2.3051013946533203 2.302334785461426 0.26752611994743347
v -2.1885571479797363 2.6581246852874756 -1.1973594427108765
v -2.4885995388031006 2.417334794998169 -0.3551628291606903
v -2.2266652584075928 2.258122205734253 0.1893058866262436
v -2.696500062942505 1.8598769903182983 0.03841468319296837
v -2.5782008171081543 2.6351683139801025 -0.9765424132347107
v -2.3352935314178467 1.978445291519165 0.18289139866828918
v -2.1748807430267334 1.7181808948516846 0.5401154160499573
v -2.3591878414154053 2.1977920532226562 -0.10771200060844421
v -2.2539007663726807 2.0901055335998535 -1.3011518716812134
v -2.5182743072509766 1.9025639295578003 -1.062311053276062
v -2.345000743865967 2.889004707336426 -1.0249935388565063
v -2.3602757453918457 2.1974828243255615 -0.1125861257314682
v -2.051684617996216 2.4353673458099365 -1.126786470413208
v -2.281245231628418 1.7251659631729126 0.5785824060440063
v -1.9340283870697021 2.4223270416259766 -0.876258134841919
v -2.4642388820648193 1.7015000581741333 -0.3530000150203705
v -2.497140407562256 2.3229150772094727 -0.4790849983692169
v -2.159541130065918 2.3741438388824463 -1.2542396783828735
v -2.207789897918701 3.025991916656494 -1.0005459785461426
v -2.148033380508423 2.293799877166748 -1.2516777515411377
v -2.0753068923950195 1.8641490936279297 0.09067588299512863
v -2.3499300479888916 1.7074534893035889 -0.12307038903236389
v -2.1823887825012207 2.3677337169647217 -0.04565732553601265
v -2.571922540664673 2.490077495574951 -0.981403112411499
v -2.244614601135254 2.0430874824523926 -1.2823578119277954
v -2.1300270557403564 1.8665269613265991 0.446742981672287
v -2.456420421600342 1.8890694379806519 0.6068465113639832
v -2.2211697101593018 3.133713483810425 -0.912751317024231
v -2.3514535427093506 2.9847872257232666 -0.972046434879303
v -2.6204302310943604 1.7024999856948853 -0.35499992966651917
v -2.255000114440918 2.199152708053589 -0.8915956020355225
v -2.318301200866699 1.9023977518081665 -0.09287554025650024
v -2.7008605003356934 1.8633360862731934 0.3732623755931854
v -2.308410882949829 1.902999997138977 -0.01563645340502262
v -2.0223512649536133 1.8360865116119385 -0.906538188457489
v -2.39064884185791 2.6899263858795166 -0.14531946182250977
v -1.9422060251235962 2.421999931335449 -0.9018629789352417
v -2.1899406909942627 1.9098711013793945 -1.166831612586975
v -2.4740748405456543 2.1859774589538574 -0.9845888018608093
v -2.4277942180633545 2.4395852088928223 0.09535787254571915
v -2.241159200668335 1.7135000228881836 -0.32418808341026306
v -2.4064419269561768 2.66660475730896 -0.2791549563407898
v -2.7029073238372803 1.725000023841858 -0.298257440328598
v -2.7067525386810303 1.7233107089996338 -0.33314502239227295
v -2.5165178775787354 2.555593729019165 -0.6049420237541199
v -2.0992908477783203 2.141392707824707 -0.9689635038375854
v -2.5743515491485596 1.741092562675476 0.49872225522994995
v -2.5048916339874268 1.692956566810608 -1.1392064094543457
v -2.0575008392333984 1.8265001773834229 -0.664495050907135
v -2.4091544151306152 2.849884271621704 -0.37960246205329895
v -2.559187173843384 2.623586893081665 -0.4016485810279846
v -2.2761192321777344 1.7186040878295898 -0.8039944767951965
v -2.3735005855560303 2.544954538345337 -0.1098637506365776
v -2.5425610542297363 1.6951619386672974 -1.1024677753448486
v -2.1973040103912354 2.6121745109558105 -0.3188682794570923
v -2.70609450340271 1.7133820056915283 -0.09329216182231903
v -2.028501272201538 2.4918997287750244 -0.706804633140564
v -2.191124439239502 2.6500978469848633 -0.2975531220436096
v -2.020998001098633 1.8714979887008667 -0.7965226769447327
v -2.5057120323181152 2.5305886268615723 -1.159287929534912
v -2.571000099182129 1.852972149848938 -0.7965735197067261
v -2.4880411624908447 2.606252670288086 -0.5170177221298218
v -2.178095817565918 2.525818347930908 -1.242978811264038
v -2.147089719772339 2.8432929515838623 -0.7659689784049988
v -2.4780242443084717 1.7239694595336914 0.10584758222103119
v -2.6127450466156006 2.5388824939727783 -0.5147989392280579
v -2.560276508331299 2.708223342895508 -0.46793612837791443
v -2.367640256881714 2.4640536308288574 -0.9466199278831482
v -2.354015350341797 3.035492420196533 -0.478284627199173
v -2.0300889015197754 2.491582155227661 -0.7125198841094971
v -2.2339160442352295 1.691089391708374 0.41539666056632996
v -2.3477299213409424 1.7051149606704712 -0.027092767879366875
v -2.2936594486236572 2.5792689323425293 -0.9352689385414124
v -2.696033477783203 1.8580670356750488 0.05923019349575043
v -2.05928111076355 1.8670437335968018 0.24714305996894836
v -2.2478227615356445 2.684800386428833 -0.12044622749090195
v -2.2769052982330322 2.413860559463501 0.1170637309551239
v -2.250568151473999 2.1439435482025146 0.3280564248561859
v -2.261078119277954 2.6294634342193604 -0.10005971044301987
v -2.2238094806671143 2.773944616317749 -0.1749446839094162
v -2.4811174869537354 1.8282352685928345 -1.03141188621521
v -2.250562906265259 2.143967390060425 0.3280326724052429
v -2.0847949981689453 1.7085000276565552 -0.10354269295930862
v -2.1144063472747803 1.8593177795410156 0.40953928232192993
v -2.564558506011963 2.558321952819824 -1.1074416637420654
