v 1.424041748046875 5.092979907989502 -0.06946542114019394
v 0.4294719994068146 4.383387565612793 -1.0672698020935059
v 0.0389399416744709 4.768232345581055 -0.4971762001514435
v -0.010569398291409016 4.908626079559326 -1.1567387580871582
v 0.020430445671081543 4.4979987144470215 -1.0092113018035889
v 1.4253368377685547 5.169473171234131 -0.09432624280452728
v 0.9271641969680786 5.534958839416504 -0.6287462711334229
v -0.06912609934806824 4.52507209777832 -1.0110528469085693
v 0.7685906291007996 5.804636001586914 -0.6589091420173645
v 0.09804146736860275 4.904294967651367 -1.2859512567520142
v 1.034000039100647 4.741501331329346 -0.2879668176174164
v 1.2209832668304443 4.75620698928833 -0.15545593202114105
v 1.031241774559021 5.349394798278809 -0.2575668692588806
v 0.08213314414024353 5.423410892486572 -0.6474674940109253
v 1.297250509262085 4.941220283508301 0.04653197154402733
v 0.43787506222724915 5.660901069641113 -0.5688551664352417
v -0.1417311280965805 4.549145221710205 -0.7404354214668274
v 1.274956226348877 5.04850959777832 -0.09770148247480392
v 1.1679999828338623 4.789704322814941 -0.7233377695083618
v 0.9520730376243591 5.330472469329834 -1.1404825448989868
v 0.834225594997406 5.125163555145264 -0.15779197216033936
v 1.347411870956421 5.082521915435791 0.0780293345451355
v 0.2507244944572449 5.218264102935791 -0.3183700144290924
v 0.014501964673399925 4.591002464294434 -1.0548341274261475
v 0.44891616702079773 4.331854343414307 -0.27206242084503174
v 0.6319185495376587 5.0001935958862305 -0.10950006544589996
v 1.0062456130981445 4.5716142654418945 -0.8962543606758118
v 0.5695375204086304 4.803378582000732 -1.339968204498291
v 0.9760509729385376 5.2089643478393555 -0.23629078269004822
v 0.40421098470687866 5.707149028778076 -0.876316487789154
v 0.7140669822692871 5.584208965301514 -0.4906715154647827
v 0.02934405580163002 4.981412887573242 -0.5322248339653015
v 0.018296049907803535 5.558651447296143 -1.529852032661438
v -0.013198351487517357 4.908935070037842 -1.1524085998535156
v 1.2000927925109863 5.294177532196045 -0.36349722743034363
v 0.7081433534622192 4.435924530029297 -1.0060710906982422
v 0.010172947309911251 5.488134860992432 -0.9996143579483032
v 0.0955062285065651 4.768772125244141 -0.4535190165042877
v 0.9763534069061279 4.955036163330078 -0.1839754283428192
v 0.07558269053697586 5.332291603088379 -1.5018237829208374
v 0.12327314168214798 5.025644779205322 -0.3829958438873291
v 1.1132900714874268 5.036919593811035 -0.3814060688018799
v 0.4835830628871918 4.283749103546143 -0.4372575581073761
v 1.417076587677002 5.192248821258545 -0.11008588969707489
v 1.11713707447052 5.172234058380127 -0.4181455075740814
v 0.8828539848327637 5.1093926429748535 -0.1894807666540146
v 0.33372876048088074 4.6383056640625 -0.26779791712760925
v 0.8778181672096252 4.226470947265625 -0.7297231554985046
v 1.1714105606079102 4.77426815032959 -0.7360949516296387
v 1.1001476049423218 4.641590595245361 -0.7056949734687805
v 0.9026517271995544 5.394013404846191 -1.097527265548706
v 0.5100857615470886 4.379499912261963 -1.153472661972046
v 0.1644992232322693 4.451998233795166 -0.7660031318664551
v 1.1023545265197754 5.135037422180176 -0.3461982011795044
v 0.4844454228878021 4.837499618530273 -1.35527765750885
v 0.3160645365715027 4.499525547027588 -0.5952945351600647
v 0.7455198764801025 5.732415676116943 -0.8780943751335144
v 0.05336451902985573 5.322545528411865 -1.526908040046692
v -0.09395796060562134 4.740018844604492 -0.7154045104980469
v 0.3337967097759247 5.105500221252441 -1.486358880996704
v 0.7320857644081116 5.414911270141602 -1.2330032587051392
v 1.265669584274292 5.15957498550415 -0.09516305476427078
v 0.9175258278846741 5.023892402648926 -0.14465950429439545
v 1.0967071056365967 5.23177433013916 -0.469302237033844
v 0.042734693735837936 5.725866317749023 -1.5231425762176514
v 0.9426285624504089 5.096023082733154 -0.22624418139457703
v 0.7920103073120117 5.906103134155273 -0.7113298177719116
v 0.19835565984249115 5.00187873840332 -0.34772247076034546
v 0.23719428479671478 4.9264750480651855 -1.3960962295532227
v 0.7431960105895996 5.5930399894714355 -1.0146563053131104
v 0.9480618834495544 4.939436912536621 -0.1654997169971466
v -0.08251611143350601 5.045358657836914 -0.8245632648468018
v -0.13522571325302124 4.550314903259277 -0.9353839755058289
v 0.2529680132865906 4.373880863189697 -0.5608579516410828
v 0.5507606863975525 4.466765403747559 -0.9438436031341553
v -0.05181947723031044 4.927319526672363 -1.0696862936019897
v 0.23382468521595 5.4536967277526855 -0.40116086602211
v 0.941741406917572 5.054242134094238 -1.08656907081604
v 0.7088689208030701 5.786610126495361 -0.8131990432739258
v 0.5645731687545776 4.457747459411621 -0.9345191717147827
v -0.008423742838203907 5.144073009490967 -0.6941542029380798
v 0.8247095346450806 4.661616325378418 -1.180269718170166
v 0.8411231637001038 5.409796237945557 -1.1388829946517944
v 1.1009632349014282 5.152426719665527 -0.8929411172866821
v 0.6739140748977661 5.804430961608887 -0.7983105182647705
v 0.8679195642471313 5.6116814613342285 -0.6914405226707458
v 0.8143342137336731 4.666347026824951 -1.1849019527435303
v -0.17406615614891052 5.136099815368652 -1.004997730255127
v 1.3895254135131836 5.2387495040893555 -0.15663692355155945
v 0.7328187227249146 5.871851444244385 -0.8200000524520874
v 0.5192825198173523 5.754968166351318 -0.8705563545227051
v 0.9818536639213562 4.560510158538818 -0.4874746799468994
v 0.9372115731239319 4.933141231536865 -0.15878406167030334
v 0.06435977667570114 5.4604363441467285 -1.2223790884017944
v 0.5708362460136414 4.420025825500488 -0.5977672934532166
v 0.16456788778305054 5.054530143737793 -0.36315926909446716
v 0.49715110659599304 4.833049297332764 -1.353299856185913
v 0.3363049030303955 5.252651214599609 -1.4355995655059814
v 0.3421095907688141 4.743074417114258 -1.376535177230835
v 0.00018421320419292897 4.577763080596924 -1.0491735935211182
v 1.0223259925842285 4.643062591552734 -0.2832868695259094
v 1.3790709972381592 5.250619888305664 -0.17159591615200043
v -0.20289534330368042 5.316097259521484 -1.265977382659912
v -0.0812082290649414 5.935072422027588 -1.5562918186187744
v 0.7654022574424744 4.782273292541504 -0.12478338181972504
v 1.313880443572998 5.293373107910156 -0.26031479239463806
v 0.007064325734972954 5.941999912261963 -1.536435604095459
v 0.5380839109420776 4.472982883453369 -0.9536744952201843
v 0.9396437406539917 5.337512493133545 -0.32326313853263855
v 0.20236866176128387 4.455878257751465 -1.1616392135620117
v -0.13136403262615204 5.310476779937744 -0.9315465688705444
v 0.9489910006523132 5.367783069610596 -1.0624514818191528
v 0.6935458779335022 5.79374361038208 -0.8116282224655151
v 0.3726508915424347 4.349925994873047 -0.25999996066093445
v 0.21672114729881287 4.482808589935303 -0.4232509434223175
v 0.6403018832206726 5.80610466003418 -0.728698194026947
v 0.7617964744567871 5.854139804840088 -0.6758903861045837
v 0.024721384048461914 4.765953540802002 -0.5135071277618408
v 0.5672392845153809 5.0714850425720215 -1.3321197032928467
v 0.4804045855998993 4.838757038116455 -1.3561488389968872
v 1.0130234956741333 4.6670966148376465 -0.13634787499904633
v 1.183814525604248 4.891429424285889 -0.12392019480466843
v 0.7602704167366028 5.568871021270752 -0.4812861680984497
v 1.4219105243682861 5.179409027099609 -0.10117880254983902
v -0.1385512351989746 4.550573348999023 -0.9307282567024231
v 0.9333121180534363 4.8158440589904785 -1.0771487951278687
v 0.16091100871562958 5.051116943359375 -0.36535337567329407
v 0.9697067737579346 5.354590892791748 -1.0495905876159668
v 0.6764528155326843 5.302156925201416 -1.313773512840271
v -0.05648759752511978 4.7481560707092285 -0.6378973722457886
v 1.0277099609375 4.813908576965332 -0.25551143288612366
v 0.8246731162071228 5.857576847076416 -0.7365192770957947
v 0.5350667834281921 4.708315372467041 -1.3523876667022705
v 0.7887625098228455 5.840794086456299 -0.7877689599990845
v -0.08185524493455887 5.045289516448975 -0.8634210228919983
v 0.7551076412200928 5.693863391876221 -0.5909040570259094
v 1.051937460899353 4.5439066886901855 -0.73515784740448
v 0.8297293782234192 4.91349983215332 -1.2625879049301147
v -0.19318407773971558 5.149587631225586 -1.077148675918579
v 0.11228203028440475 5.018356800079346 -0.38500073552131653
v 0.01823730394244194 5.5929670333862305 -1.5291186571121216
v 0.45802173018455505 4.845145225524902 -1.3616039752960205
v -0.08509950339794159 5.019196510314941 -0.9143558144569397
v 0.8616812825202942 4.231327533721924 -0.6985262632369995
v 0.16570769250392914 5.055593490600586 -0.36247536540031433
v 1.245490312576294 4.978673458099365 -0.11468804627656937
v 0.5759663581848145 5.029399871826172 -1.3579328060150146
v 0.6539727449417114 4.533251762390137 -1.0887787342071533
v -0.0763721689581871 4.527827262878418 -1.005791425704956
v 1.0419080257415771 5.0275397300720215 -0.21993093192577362
v 0.9160089492797852 5.3872456550598145 -1.0870758295059204
v 1.0290435552597046 4.983678817749023 -0.22751806676387787
v 0.5957015156745911 5.026776313781738 -1.3834664821624756
v 0.7077249884605408 5.865019798278809 -0.7030104994773865
v 0.8909556865692139 5.144722938537598 -1.1351929903030396
v 0.4834178388118744 5.377315044403076 -1.3707739114761353
v 0.8252530097961426 5.579761981964111 -1.0089055299758911
v 0.015499971807003021 5.742147922515869 -1.3035873174667358
v 0.3146452307701111 4.463785171508789 -1.3549293279647827
v 0.7082651853561401 4.946547508239746 -1.3621983528137207
v 0.7805701494216919 5.137522220611572 -0.13525089621543884
v 1.0785636901855469 4.720095634460449 -0.4195636808872223
v -0.024551566690206528 5.953000068664551 -1.4017728567123413
v 0.6837736964225769 5.8270111083984375 -0.8200438022613525
v -0.11026979982852936 5.234943866729736 -1.483365774154663
v 1.0096280574798584 4.770707607269287 -0.2541097104549408
v 0.11165686696767807 5.164968490600586 -0.6120225191116333
v 1.100928544998169 4.644285678863525 -0.6908578276634216
v 1.294339895248413 4.931281566619873 0.04265550896525383
v 0.781722366809845 4.684534072875977 -1.22002112865448
v 1.1080683469772339 5.218261241912842 -0.219073086977005
v 0.6159646511077881 4.406912803649902 -0.37580978870391846
v 1.0181185007095337 5.363666534423828 -0.8371674418449402
v 1.1123143434524536 5.038684368133545 -0.38012731075286865
v 0.11132402718067169 5.018306255340576 -0.3851771950721741
v 0.6335600018501282 4.529686450958252 -1.1105380058288574
v 0.6076801419258118 4.551906585693359 -0.22790668904781342
v 0.8046959638595581 5.130583763122559 -0.14685316383838654
v 0.17494739592075348 4.59342098236084 -0.480289489030838
v 0.4813837707042694 5.678269386291504 -0.9625762104988098
v 0.18306183815002441 4.5830841064453125 -0.4696258008480072
v 1.103440284729004 5.151000022888184 -0.8573071956634521
v 0.16417482495307922 5.454891681671143 -0.5075238347053528
v 0.9339761734008789 5.044613838195801 -0.15562587976455688
v 0.9481401443481445 5.52806282043457 -0.6601788997650146
v 0.008358579128980637 5.507782936096191 -0.9183841943740845
v 1.2281721830368042 5.298981666564941 -0.3454696834087372
v 0.39360666275024414 4.317097187042236 -0.5838987827301025
v 0.42231282591819763 5.70274019241333 -0.904572606086731
v 0.355170875787735 4.590487003326416 -0.25060540437698364
v 0.28018718957901 4.3748626708984375 -0.28908970952033997
v 0.7991073131561279 5.774924278259277 -0.6970498561859131
v 1.0443862676620483 5.242659091949463 -1.0089316368103027
v 0.02584962360560894 4.600280284881592 -1.0569634437561035
v 1.0073262453079224 5.3420233726501465 -0.26376721262931824
v 0.24453674256801605 4.7606329917907715 -0.3158806264400482
v 0.041129156947135925 5.833573341369629 -1.5565506219863892
v -0.047565948218107224 4.803359031677246 -0.9710058569908142
v 0.03439068794250488 5.51336669921875 -1.2751014232635498
v 0.6962307095527649 4.732591152191162 -1.288825273513794
v 0.7376685738563538 5.639505863189697 -0.5517115592956543
v 0.4516529142856598 4.454493522644043 -0.7655541300773621
v -0.07894467562437057 4.81146764755249 -0.931074857711792
v 0.18344201147556305 4.510152339935303 -1.2411231994628906
v 0.4914045035839081 4.835090637207031 -1.3542070388793945
v -0.08555302768945694 4.744137287139893 -0.6957962512969971
v 0.8756218552589417 4.60933780670166 -0.29891911149024963
v 0.7739952206611633 5.063195705413818 -1.2310024499893188
v -0.11317696422338486 5.786722183227539 -1.4289382696151733
v 0.11392601579427719 5.407130241394043 -1.3431164026260376
v 0.5752243399620056 4.471107006072998 -1.1437705755233765
v 0.8682787418365479 4.635309219360352 -0.25580137968063354
v 0.6972324252128601 5.61672306060791 -1.050080418586731
v 0.34723615646362305 4.37747859954834 -1.059499979019165
v 0.13620878756046295 4.446881294250488 -0.7512964010238647
v 0.07611295580863953 5.413453578948975 -0.6689569354057312
v 0.4812895953655243 4.838498592376709 -1.355927586555481
v -0.07722364366054535 4.746452331542969 -0.6794154047966003
v -0.0514710433781147 5.965197563171387 -1.374372124671936
v 0.0574595183134079 4.5892109870910645 -0.6006107926368713
v 1.249598741531372 4.7698469161987305 -0.10802720487117767
v 0.7527084946632385 4.92744779586792 -1.345895767211914
v -0.15258200466632843 5.602286338806152 -1.4032540321350098
v 0.7490758895874023 5.566782474517822 -0.48624834418296814
v 0.5820521116256714 4.797377586364746 -1.3363423347473145
v -0.1506688892841339 5.431382179260254 -1.50967538356781
v 0.2262454777956009 4.9234113693237305 -1.3867454528808594
v 1.0456957817077637 4.949389457702637 -0.22843532264232635
v 1.0399748086929321 5.354510307312012 -0.7970458269119263
v 0.19129493832588196 5.123568534851074 -1.527147889137268
v 0.6393275856971741 5.787520885467529 -0.6957436800003052
v 0.806056797504425 5.0786967277526855 -1.2068990468978882
v 1.036580204963684 5.355907917022705 -0.8032362461090088
v 0.04974459484219551 4.477008819580078 -0.7034826874732971
v 0.8075970411300659 5.073934555053711 -1.2052658796310425
v 0.977583110332489 5.349022388458252 -1.044655680656433
v 0.47631025314331055 5.341644287109375 -1.3812371492385864
v 0.32794925570487976 4.465378761291504 -0.8975507616996765
v 0.31621652841567993 4.666383266448975 -0.27560004591941833
v 0.5997153520584106 5.162463665008545 -1.335483431816101
v 0.26265257596969604 5.109519004821777 -1.5071978569030762
v 0.037676434963941574 5.848706245422363 -1.5584118366241455
v 0.6043595671653748 4.419380187988281 -0.639745831489563
v 0.7220016717910767 4.255559921264648 -0.6313587427139282
v 1.1463899612426758 4.86079216003418 -0.14424657821655273
v 0.9639235138893127 4.7637763023376465 -0.23414112627506256
v -0.1629190295934677 5.132659912109375 -0.9693173170089722
v 0.6899542212486267 5.619700908660889 -1.0504112243652344
v 0.9924653768539429 4.804079055786133 -1.0328960418701172
v 0.5656422972679138 5.059101581573486 -1.3315000534057617
v 0.09045900404453278 4.460664749145508 -0.7193353772163391
v 0.6252209544181824 5.2169976234436035 -1.3321112394332886
v 1.0501950979232788 5.30645751953125 -0.46730947494506836
v -0.026893090456724167 5.175883769989014 -0.6973931193351746
v 0.301990807056427 5.62209939956665 -1.0541924238204956
v 0.09740705043077469 5.153055667877197 -1.536481499671936
v 0.7871448993682861 5.765883922576904 -0.7252318263053894
v 0.40292754769325256 4.353499889373779 -1.0652215480804443
v 0.612064778804779 4.381485462188721 -0.690209150314331
v 1.045440435409546 4.951816082000732 -0.2275414764881134
v 1.2735079526901245 5.040245532989502 -0.10048422962427139
v 0.3665821850299835 4.738670349121094 -1.3909341096878052
v -0.006815316621214151 5.943472385406494 -1.5483521223068237
v 0.4729216694831848 5.420182704925537 -0.30563047528266907
v 1.1621029376983643 5.049978256225586 -0.8688530325889587
v 0.11197474598884583 5.363208770751953 -1.4250311851501465
v 0.4846649765968323 4.325615406036377 -0.2846832871437073
v 0.19857878983020782 5.457939147949219 -0.45267748832702637
v -0.05196456238627434 4.927464485168457 -1.069335699081421
v 1.0283578634262085 5.359466075897217 -0.8192030787467957
v 0.9572423696517944 5.51753044128418 -0.7070369124412537
v 1.0142693519592285 4.799702167510986 -1.0173076391220093
v 0.3233662247657776 5.455146312713623 -1.3147681951522827
v 0.2485072761774063 5.41994047164917 -1.3342599868774414
v 0.6535952687263489 5.177280902862549 -0.10176032781600952
v 0.42644286155700684 5.282463550567627 -1.419008493423462
v 1.1324082612991333 4.687020778656006 -0.22655102610588074
v 0.02275226265192032 4.5518364906311035 -0.627082109451294
v 1.2156339883804321 5.296978950500488 -0.35407039523124695
v 1.0203542709350586 4.761242866516113 -0.23744435608386993
v 0.7615644335746765 5.569341659545898 -0.48069795966148376
v 0.5108982920646667 5.730449199676514 -0.627449095249176
v 1.1023306846618652 4.825682640075684 -0.1811974197626114
v 1.0375869274139404 5.256769180297852 -1.0079129934310913
v 0.19628652930259705 5.532609462738037 -1.1374695301055908
v 0.988471269607544 5.190854072570801 -0.23887795209884644
v 0.9164209961891174 4.957763195037842 -1.1602107286453247
v 0.37494298815727234 5.691334247589111 -0.7172850966453552
v 0.5597927570343018 4.415526866912842 -0.5908139944076538
v 1.3323746919631958 5.039044380187988 0.07686346769332886
v 0.06079830601811409 4.591614723205566 -0.5980732440948486
v 0.8788626790046692 4.677994728088379 -0.22559331357479095
v 0.7303547859191895 5.414378643035889 -1.2352666854858398
v 0.6790691614151001 4.5802836418151855 -0.2321425825357437
v 0.01150001771748066 5.478943347930908 -1.0154589414596558
v 0.31150490045547485 4.499995231628418 -0.6256603598594666
v 0.8663222789764404 4.62203311920166 -0.27193397283554077
v 0.5243851542472839 4.377655506134033 -1.212703824043274
v 0.3445815145969391 4.357851982116699 -0.26647958159446716
v 0.6777757406234741 4.962303638458252 -1.3715369701385498
v 0.10330552607774734 4.668285369873047 -1.066428542137146
v 0.2100050449371338 5.162572383880615 -0.4527749717235565
v 0.4872013330459595 5.696002006530762 -0.8717994093894958
v 1.16835355758667 4.712278366088867 -0.21474799513816833
v 0.06831491738557816 5.311860084533691 -0.6962695121765137
v 0.75222247838974 5.599590301513672 -1.0490902662277222
v 1.0302293300628662 4.819979190826416 -0.2551041543483734
v 0.8516324758529663 5.359591960906982 -1.2117388248443604
v 0.3972569406032562 4.735267162322998 -1.3927206993103027
v 1.0377590656280518 5.325788497924805 -0.45877501368522644
v -0.16698572039604187 4.553999900817871 -0.7889571189880371
v 0.6169220805168152 5.184328079223633 -0.10581236332654953
v 0.3508099317550659 4.603193759918213 -0.25612735748291016
v 0.9334884285926819 5.2743000984191895 -0.25265002250671387
v 0.719089150428772 5.407425403594971 -1.247410774230957
v 0.9480788111686707 5.528098106384277 -0.6600692272186279
v 1.0198410749435425 5.296431541442871 -1.0173863172531128
v 0.574719250202179 5.102267265319824 -1.3354023694992065
v 1.0549999475479126 4.534363269805908 -0.6876350045204163
v 1.0302414894104004 5.358587265014648 -0.8151848912239075
v 1.038724422454834 4.989413738250732 -0.23692549765110016
v 0.40009674429893494 5.479335308074951 -1.2862870693206787
v 0.7714461088180542 5.419081687927246 -1.1968903541564941
v 0.5927150845527649 5.175722599029541 -1.355269432067871
v 0.4738059639930725 4.449465751647949 -0.734359085559845
v 0.2024393230676651 5.396219730377197 -1.3532148599624634
v 0.7753319144248962 4.2888336181640625 -0.9315008521080017
v 0.12994301319122314 4.6872100830078125 -1.0774074792861938
v 0.6000677943229675 5.181426048278809 -1.3511451482772827
v 0.024273496121168137 5.634859085083008 -1.291854739189148
v 0.4499492943286896 5.6895952224731445 -0.9377467632293701
v 0.7394837141036987 4.255279541015625 -0.6175969243049622
v 0.5666080713272095 5.066908359527588 -1.3318040370941162
v 1.1135671138763428 4.758460521697998 -0.8750700950622559
v -0.15013813972473145 5.287906169891357 -0.9754614233970642
v 0.0069050537422299385 5.941999912261963 -1.5365949869155884
v 0.3596131503582001 4.561497688293457 -0.2383703589439392
v 0.21994659304618835 5.143002033233643 -0.3283238708972931
v 0.02199997939169407 5.380082130432129 -1.557265281677246
v 0.10594381392002106 4.767838001251221 -0.44769009947776794
v 1.1710110902786255 4.775466442108154 -0.7350295186042786
v 0.07148361206054688 4.902500152587891 -1.2640994787216187
v -0.10129992663860321 5.943166732788086 -1.4896005392074585
v 0.021753810346126556 5.352114677429199 -1.5664924383163452
v 0.01907811313867569 4.985710620880127 -0.5577915906906128
v 0.6383562684059143 4.998047828674316 -0.10950006544589996
v 0.18686895072460175 4.459192276000977 -0.9033849835395813
v 0.17895950376987457 4.52629280090332 -1.2341036796569824
v 1.0116450786590576 4.662771224975586 -0.3438701629638672
v -0.17254988849163055 5.255472660064697 -1.0770998001098633
v 0.14538389444351196 4.988760471343994 -0.3766776919364929
v 0.028158700093626976 4.55904483795166 -0.6242501735687256
v 0.6889747381210327 5.2180681228637695 -1.2863895893096924
v 0.6019097566604614 4.395284175872803 -0.36709558963775635
v 0.11015593260526657 5.358274459838867 -1.4336825609207153
v 0.8004481792449951 5.094038963317871 -1.2122855186462402
v 0.852967381477356 5.677163124084473 -0.851752758026123
v 0.10834141075611115 5.354588508605957 -1.4404691457748413
v 0.9147525429725647 5.387873649597168 -1.088122844696045
v 0.9845482707023621 5.19719123840332 -0.237972691655159
v 0.9532928466796875 4.758594989776611 -0.22919583320617676
v 0.2836044132709503 5.2841925621032715 -0.3134598433971405
v 1.0244673490524292 4.980893135070801 -0.22333979606628418
v 0.8304508924484253 5.720040798187256 -0.8184618353843689
v 1.1422126293182373 5.0670366287231445 -0.9072165489196777
v 0.7978891730308533 5.570171356201172 -0.48828718066215515
v 0.8230547308921814 5.88521146774292 -0.7783175706863403
v 0.5526040196418762 4.448604106903076 -1.1405823230743408
v 0.8864225745201111 5.554041385650635 -0.9441073536872864
v 0.9354183673858643 5.26973819732666 -0.25036925077438354
v 0.019778762012720108 5.315999984741211 -1.5542562007904053
v 0.39876195788383484 5.707274913787842 -0.8678615093231201
v 0.3510303795337677 5.358954429626465 -0.3141298294067383
v 0.9511439204216003 4.416050910949707 -0.6473821401596069
v 0.10492973029613495 4.455829620361328 -0.7278413772583008
v 0.877451479434967 4.672330379486084 -0.2282038927078247
v 0.7200957536697388 5.162055015563965 -0.11010263115167618
v 0.14852666854858398 5.039664268493652 -0.3724650740623474
v 1.056480884552002 5.110152244567871 -0.23551900684833527
v -0.06333266943693161 5.119294166564941 -0.7448103427886963
v 1.1943278312683105 5.401055812835693 -0.14972805976867676
v 0.12088887393474579 5.442233562469482 -0.5791432857513428
v 0.16478924453258514 4.4365949630737305 -0.9013223648071289
v 0.5820306539535522 5.481858730316162 -0.37812212109565735
v 0.7349753379821777 5.628608226776123 -0.5466945767402649
v 0.8451974391937256 4.235959529876709 -0.6713545918464661
v -0.044844433665275574 4.7499470710754395 -0.613715410232544
v 0.48430341482162476 4.284826278686523 -0.5258493423461914
v 0.2784166634082794 5.238579750061035 -1.4321932792663574
v 0.28265753388404846 5.425590991973877 -0.34692373871803284
v 1.057415246963501 5.100564479827881 -0.9874657392501831
v 0.08722555637359619 4.903398036956787 -1.2769804000854492
v 0.8503382802009583 4.9289350509643555 -0.10954836755990982
v 0.3523404896259308 4.936331748962402 -0.20703551173210144
v 0.7394589781761169 4.6309590339660645 -0.22496570646762848
v 1.118719458580017 5.163262844085693 -0.4066137373447418
v 0.44029390811920166 5.550278186798096 -0.4761081039905548
v -0.13337959349155426 4.54518985748291 -0.7293882966041565
v -0.15064707398414612 5.43172025680542 -1.5095882415771484
v -0.11715658009052277 4.85512638092041 -0.8255728483200073
v 0.7039057016372681 5.166628360748291 -0.1057748794555664
v 0.19540409743785858 4.389219284057617 -0.4532671570777893
v 0.6345846652984619 4.30550479888916 -0.9150448441505432
v 0.4548031687736511 5.500349044799805 -1.2842557430267334
v 1.2238736152648926 5.20971155166626 -0.13068562746047974
v 0.9844003915786743 4.653950214385986 -0.18021808564662933
v 0.19337807595729828 4.460105895996094 -1.1943066120147705
v 0.016625026240944862 5.688208103179932 -1.2919583320617676
v 0.7408018708229065 4.70759916305542 -1.2674188613891602
v -0.12894228100776672 4.549332618713379 -0.9443365335464478
v 0.9423868060112 5.07222318649292 -1.0907578468322754
v 0.11273776739835739 4.906064510345459 -1.2976737022399902
v 0.3367893099784851 4.415761947631836 -0.5612631440162659
v 0.4839273691177368 4.2847819328308105 -0.4279608130455017
v 1.0366663932800293 4.838213920593262 -0.2554047703742981
v 0.7171211242675781 5.580718517303467 -0.49198052287101746
v 1.0013341903686523 5.173771858215332 -0.24199998378753662
v 0.19643573462963104 4.389500141143799 -0.41292670369148254
v 1.1018314361572266 5.151167392730713 -0.8760179281234741
v 0.5186183452606201 5.098355770111084 -1.3981194496154785
v 1.1148324012756348 4.75614070892334 -0.8685323596000671
v 0.9209946990013123 4.73811149597168 -0.21834518015384674
v -0.12721562385559082 5.730453968048096 -1.4215503931045532
v 0.8549727201461792 5.649360179901123 -0.7023608088493347
v 0.5309470295906067 4.550835609436035 -0.1960764080286026
v 0.0938454270362854 5.341607570648193 -1.472888469696045
v 0.21468091011047363 5.395954132080078 -1.3460246324539185
v 0.9953287243843079 4.803501129150391 -1.030836582183838
v 0.3222043514251709 4.499088287353516 -0.6443803906440735
v 0.875087559223175 4.923676013946533 -1.2117947340011597
v 1.0868641138076782 4.779937744140625 -0.9511572122573853
v 0.5829414129257202 4.480982303619385 -1.142377257347107
v 1.099653720855713 5.132637023925781 -0.3374955654144287
v 0.7347425818443298 4.708564281463623 -0.15917816758155823
v 0.7270004749298096 5.16046142578125 -0.11196160316467285
v 0.6785925626754761 5.215992450714111 -1.2982844114303589
v 0.4703204333782196 4.327640533447266 -0.2792656719684601
v 0.5449584722518921 4.443396091461182 -1.1394165754318237
v 0.7774155139923096 5.358644485473633 -1.2642772197723389
v 0.543053925037384 4.402973651885986 -0.5809287428855896
v 0.05524548515677452 4.467034339904785 -1.0146571397781372
v 0.6818642020225525 4.9599714279174805 -1.3704215288162231
v 0.4827289879322052 5.371574878692627 -1.3730700016021729
v 0.23366867005825043 5.570394992828369 -1.1165765523910522
v 0.6827701926231384 5.3107781410217285 -1.310489296913147
v 0.7947704195976257 5.762369155883789 -0.7421634197235107
v 0.796623706817627 4.836719036102295 -0.11196189373731613
v 0.09474112838506699 4.904020309448242 -1.283200979232788
v 0.3826477825641632 5.689466953277588 -0.6870403289794922
v 0.7513535618782043 5.619396686553955 -0.9853878617286682
v -0.20319287478923798 5.257430553436279 -1.1167622804641724
v 0.8011270761489868 5.77467155456543 -0.7038664221763611
v 0.1306716650724411 4.431661128997803 -0.8790805339813232
v 1.2348357439041138 4.9490532875061035 -0.66517174243927
v 0.6481671333312988 4.7617316246032715 -1.3068113327026367
v 1.4188061952590942 5.072265625 -0.0662306398153305
v 0.6081170439720154 5.180722713470459 -1.3346742391586304
v 0.33772939443588257 4.469811916351318 -0.5722764730453491
v 0.7478852868080139 5.72226619720459 -0.8894264698028564
v 0.7524595856666565 5.306411266326904 -0.17589077353477478
v -0.027691377326846123 4.91200590133667 -1.126611590385437
v 1.1369117498397827 4.853142738342285 -0.15099157392978668
v 0.09923867881298065 5.15006685256958 -0.5107685327529907
v 1.1992634534835815 4.949854850769043 -0.5477991104125977
v 0.950584352016449 5.5269999504089355 -0.6653364896774292
v 0.9457842707633972 5.529408931732178 -0.655971884727478
v -0.0749475359916687 5.167786121368408 -1.452669382095337
v 0.41001975536346436 4.339511871337891 -0.26177743077278137
v 0.2678447663784027 5.243560791015625 -0.3193040192127228
v 1.141517996788025 5.226980686187744 -0.20275072753429413
v 0.6467756032943726 5.80857515335083 -0.7666679620742798
v 0.26412439346313477 4.510146141052246 -0.6419729590415955
v 1.2630282640457153 5.0078444480896 -0.10916389524936676
v -0.07823613286018372 4.99229621887207 -0.9592614769935608
v 0.8631988763809204 4.230781555175781 -0.701135516166687
v 0.36707162857055664 5.469520568847656 -1.2952244281768799
v 0.04601481184363365 5.772871017456055 -1.5401484966278076
v 1.2383239269256592 5.196676254272461 -0.11736248433589935
v 0.11187777668237686 5.1473774909973145 -1.534836769104004
v 0.8163930177688599 5.714020729064941 -0.7221449017524719
v 1.0053249597549438 4.768986225128174 -0.26300227642059326
v -0.04014838486909866 4.917366981506348 -1.0982266664505005
v 0.5584849119186401 5.658878326416016 -1.0314152240753174
v 0.6151383519172668 4.406198501586914 -0.3752589225769043
v 0.937728762626648 5.33698034286499 -0.32049715518951416
v 1.1571455001831055 4.872992515563965 -0.44348132610321045
v 0.8617904782295227 4.88234281539917 -0.12492146342992783
v 0.31377923488616943 4.748816013336182 -1.3367350101470947
v 0.1529679149389267 5.133758068084717 -1.534284234046936
v 0.7619866728782654 5.718446731567383 -0.61878502368927
v 0.8557445406913757 4.935885906219482 -0.1103205755352974
v -0.07923691719770432 4.994965076446533 -0.9554251432418823
v -0.0595206581056118 4.936376571655273 -1.0511504411697388
v 0.04151118919253349 5.692812919616699 -1.5195335149765015
v 0.7382680177688599 4.629767894744873 -0.22578445076942444
v 1.043323278427124 4.552951335906982 -0.8027713298797607
v 0.9931352138519287 4.963950157165527 -0.19630813598632812
v 1.0898809432983398 4.737741470336914 -0.4303707778453827
v 0.7341670989990234 5.623960971832275 -0.5448760390281677
v 0.011358080431818962 5.426568508148193 -1.2030454874038696
v 0.8070257306098938 5.415794849395752 -1.1651793718338013
v 0.3232908844947815 4.363845348358154 -0.2748500406742096
v 0.7169744372367859 4.254716396331787 -0.636613130569458
v 0.14859238266944885 4.611724853515625 -0.5131742358207703
v 0.7942202687263489 4.9155778884887695 -1.3108419179916382
v 0.1080317571759224 5.14876651763916 -1.5349435806274414
v 1.4139808416366577 5.198883056640625 -0.11557240784168243
v 0.5125729441642761 4.379499912261963 -1.158255696296692
v 0.6738398671150208 5.298727512359619 -1.315079927444458
v 0.7099378705024719 4.433741092681885 -0.4372785985469818
v 0.29531121253967285 5.2423624992370605 -1.4340897798538208
v 0.3679411709308624 5.108095169067383 -1.4799047708511353
v 0.038586582988500595 5.844610214233398 -1.5579568147659302
v 0.45305731892585754 4.331114768981934 -0.2733934819698334
v -0.06504158675670624 4.950124740600586 -1.0270171165466309
v 0.31464672088623047 5.246786594390869 -1.4360477924346924
v 0.7719900012016296 5.908008575439453 -0.6814985275268555
v 0.5570559501647949 4.4616851806640625 -0.939888596534729
v 0.20344533026218414 4.527718544006348 -0.4372365176677704
v 1.3901652097702026 5.0174641609191895 -0.07006695121526718
v 0.2191360890865326 5.017599582672119 -0.3218274712562561
v 0.8355050683021545 5.1122145652771 -1.1863901615142822
v 0.6060150861740112 4.358792781829834 -0.7019696831703186
v 1.0906429290771484 4.665392875671387 -0.2411070168018341
v 0.61001056432724 4.375028133392334 -0.6939789652824402
v 0.11234751343727112 4.767304420471191 -0.4450218975543976
v 0.9537611603736877 5.223156929016113 -1.1212836503982544
v 0.8666633367538452 5.410360336303711 -0.4001397490501404
v -0.10672885179519653 4.872112274169922 -0.7637099027633667
v 0.9049698114395142 5.540064334869385 -0.6002603769302368
v 0.5139845013618469 4.379499912261963 -1.1609702110290527
v 0.2034331113100052 4.455305099487305 -1.1592645645141602
v 1.205143928527832 5.400081634521484 -0.13839676976203918
v -0.0013823580229654908 5.950825214385986 -1.4148497581481934
v 0.6608932018280029 4.260324001312256 -0.7017545104026794
v 0.48691561818122864 4.324822902679443 -0.28555387258529663
v 0.3944888710975647 5.706498622894287 -0.8604802489280701
v 0.49069732427597046 4.479000091552734 -1.0036386251449585
v 0.22004015743732452 4.46751070022583 -0.9155133962631226
v -0.1929175704717636 5.149380207061768 -1.0762900114059448
v 0.13130660355091095 4.451000213623047 -0.9796061515808105
v 0.2853426933288574 5.287402153015137 -0.31279119849205017
v 1.2184295654296875 4.891103744506836 -0.6820502877235413
v 0.5013612508773804 5.058501720428467 -1.4160265922546387
v -0.019812071695923805 4.754128932952881 -0.5754252076148987
v -0.16493667662143707 5.133210182189941 -0.9750033020973206
v 1.0885670185089111 5.131407737731934 -0.31754180788993835
v 0.08458837866783142 4.463355541229248 -0.7166446447372437
v 0.008296721614897251 5.507906436920166 -0.9366216063499451
v 0.7139844298362732 4.6466145515441895 -0.20220045745372772
v 0.7368044853210449 5.343264102935791 -1.2771707773208618
v 0.5451288223266602 5.619293689727783 -0.4993591904640198
v 0.46988555788993835 4.900618553161621 -0.1277378350496292
v 0.6060588359832764 5.483089923858643 -0.3741401433944702
v 0.7837405800819397 4.246068000793457 -0.6123507022857666
v 0.22501708567142487 4.789982795715332 -0.34026452898979187
v 1.040067434310913 4.786323547363281 -0.24776044487953186
v 0.6282849311828613 5.8205342292785645 -0.7987150549888611
v 0.10433575510978699 5.165999889373779 -0.6223006844520569
v 0.5053249001502991 4.317572116851807 -0.29227501153945923
v 1.3963605165481567 5.0277323722839355 -0.06870920956134796
v 0.10149092972278595 5.454414367675781 -1.2796891927719116
v 0.6052091121673584 4.7851948738098145 -1.3282957077026367
v 0.31455957889556885 5.629735946655273 -1.0414624214172363
v 0.8151182532310486 5.568488121032715 -0.5000885725021362
v 0.03324807435274124 5.246085166931152 -0.6424362659454346
v 0.6641055941581726 5.627645969390869 -1.0505000352859497
v 0.9696036577224731 5.093172550201416 -0.17958633601665497
v 0.6896342039108276 5.619831562042236 -1.0504257678985596
v 0.881819486618042 5.141568660736084 -1.1423625946044922
v 0.766082763671875 5.734287261962891 -0.6476573944091797
v 0.753724992275238 4.757539749145508 -0.13413923978805542
v 0.5090954303741455 5.081312656402588 -1.4046480655670166
v 0.22313833236694336 5.151436805725098 -0.326043963432312
v 0.7794452905654907 5.782502174377441 -0.7360624670982361
v 0.7555685639381409 5.6290435791015625 -0.9770379066467285
v 1.1309019327163696 4.905160903930664 -0.3425804078578949
v 0.614922821521759 4.339080810546875 -0.900231659412384
v 0.2537890374660492 4.481645584106445 -1.3235151767730713
v 1.0493193864822388 4.54818058013916 -0.7628045082092285
v 0.14407874643802643 4.840000152587891 -0.39816802740097046
v 1.0738271474838257 5.271799087524414 -0.4782056212425232
v 0.015506564639508724 4.7636027336120605 -0.5256236791610718
v 1.0177595615386963 4.647360801696777 -0.36456337571144104
v -0.002881960943341255 4.998558521270752 -0.6115430593490601
v 0.7142037153244019 4.3385009765625 -0.9901668429374695
v 0.12290696054697037 4.619843482971191 -0.5467178225517273
v 0.031037600710988045 5.586973667144775 -1.2960751056671143
v -0.17008835077285767 4.553999900817871 -0.7982650399208069
v 1.4273779392242432 5.123046398162842 -0.07695046812295914
v -0.005651888903230429 5.935089588165283 -1.3769733905792236
v 1.1537833213806152 4.858643531799316 -0.44811874628067017
v 0.48393136262893677 4.284793853759766 -0.4278531074523926
v 0.9867756962776184 4.65509557723999 -0.17662890255451202
v -0.020707182586193085 4.7539544105529785 -0.5767762660980225
v -0.012638380751013756 4.551584720611572 -1.04685378074646
v 0.9306421279907227 5.040570259094238 -0.15326139330863953
v 0.6055734157562256 4.355112075805664 -0.7028531432151794
v 0.8374074697494507 4.907896041870117 -0.1074301227927208
v 1.111867070198059 5.156404972076416 -0.828437089920044
v 0.24201031029224396 5.232694625854492 -1.4302314519882202
v 0.4619896113872528 4.419588088989258 -1.0508534908294678
v 1.048531174659729 5.353595733642578 -0.25116056203842163
v 0.7100762724876404 5.612769603729248 -1.0504615306854248
v -0.11332719773054123 4.866236686706543 -0.7851629853248596
v -0.019998976960778236 5.1845011711120605 -0.690498948097229
v 1.1592388153076172 5.228320121765137 -0.19395090639591217
v 0.02199997939169407 5.4015069007873535 -1.5480865240097046
v 0.7787647843360901 5.067212104797363 -1.2283411026000977
v 1.159000039100647 4.916048526763916 -0.43332523107528687
v 1.2454051971435547 4.978551387786865 -0.11469337344169617
v 0.320587694644928 4.364617824554443 -0.2759120464324951
v 0.9309227466583252 5.328265190124512 -0.30389904975891113
v 0.9818206429481506 5.113219261169434 -0.18889863789081573
v 0.16454359889030457 4.436938762664795 -0.9027471542358398
v 0.7579303979873657 5.675918102264404 -0.9384385943412781
v 1.1638822555541992 4.7086615562438965 -0.2165912538766861
v -0.05077894777059555 4.519592761993408 -1.0206221342086792
v 1.1019296646118164 5.154359340667725 -0.9032500982284546
v 0.06759537756443024 5.1675801277160645 -1.5426384210586548
v 0.16351062059402466 4.69950008392334 -1.1051117181777954
v 0.8797159194946289 5.567307472229004 -0.678739607334137
v 0.022572100162506104 5.4658074378967285 -1.5327116250991821
v 0.15997004508972168 4.83516788482666 -0.3880433440208435
v -0.0977681577205658 5.953508377075195 -1.4459748268127441
v 1.161515474319458 5.285578727722168 -0.3864174485206604
v -0.08873821049928665 5.347031593322754 -0.8547462224960327
v 1.0334089994430542 4.734897136688232 -0.29669389128685
v 0.3098301589488983 5.34212064743042 -0.30775997042655945
v -0.07986963540315628 5.049325942993164 -0.855315625667572
v 0.022500019520521164 5.454159736633301 -1.5342051982879639
v 0.43538403511047363 5.696582317352295 -0.9222061038017273
v 0.4676637649536133 4.316781997680664 -0.5332364439964294
v 0.3610953688621521 4.933891773223877 -0.1991344392299652
v 1.1523144245147705 5.18981409072876 -0.7431443929672241
v 0.5506211519241333 5.135823726654053 -1.3799867630004883
v 0.4706422984600067 5.681786060333252 -0.9543805122375488
v -0.05387179180979729 5.137669563293457 -0.7279170751571655
v 1.0528843402862549 4.529422760009766 -0.6584794521331787
v 1.083514928817749 4.697747230529785 -0.04667690768837929
v 0.8171045184135437 5.568289756774902 -0.5015784502029419
v 0.35279062390327454 5.356314182281494 -0.3133753836154938
v 0.7820443511009216 5.137530326843262 -1.224906086921692
v 1.1088677644729614 5.218498229980469 -0.2186288982629776
v 1.2703194618225098 5.026878356933594 -0.10455048084259033
v 0.17947539687156677 4.47545051574707 -0.7354707717895508
v 1.1503809690475464 4.920120716094971 -0.35940104722976685
v 1.0886874198913574 5.24833345413208 -0.4765208959579468
v 0.8157615661621094 5.731086730957031 -0.8054029941558838
v 0.4825339913368225 4.4539570808410645 -0.8675770163536072
v 0.3252556324005127 4.6522722244262695 -0.2716693580150604
v 1.0165990591049194 4.76149320602417 -0.23944717645645142
v 0.1596665382385254 4.911654472351074 -1.3357714414596558
v 0.7590519189834595 5.668980598449707 -0.9449934959411621
v 0.6394265294075012 5.806560039520264 -0.7542932033538818
v 0.23438887298107147 5.182384014129639 -0.32091420888900757
v 0.29676592350006104 5.308590888977051 -0.3108231723308563
v -0.06588847190141678 5.110987663269043 -0.7534360289573669
v 0.6498790979385376 5.632540225982666 -1.051067590713501
v 0.9315817356109619 5.3289899826049805 -0.3056126832962036
v 1.1021944284439087 4.646291732788086 -0.677152693271637
v 0.8029326796531677 4.242543697357178 -0.6212812066078186
v 0.7340837121009827 5.014667510986328 -1.2598432302474976
v 0.9725754261016846 5.50161600112915 -0.831946849822998
v 0.3132605254650116 4.4360671043396 -1.0216071605682373
v 0.482030987739563 4.722431659698486 -1.3713974952697754
v 0.2818527817726135 4.412781238555908 -1.0764397382736206
v 0.25450071692466736 4.4775872230529785 -0.9298918843269348
v 1.1735882759094238 4.717222213745117 -0.21183976531028748
v 0.10548140108585358 5.16520357131958 -0.5172332525253296
v 1.0030039548873901 4.587328910827637 -0.47714537382125854
v 1.1807105541229248 5.227029323577881 -0.17985673248767853
v 1.319455623626709 5.291514873504639 -0.25341200828552246
v 0.6537637114524841 5.271086692810059 -1.3246181011199951
v 0.31481412053108215 5.3981499671936035 -0.3295796513557434
v -0.007227127440273762 4.559272766113281 -1.0466574430465698
v 0.6056299209594727 5.1855974197387695 -1.3476687669754028
v 0.8931807279586792 4.904830455780029 -0.1372852772474289
v 1.3209387063980103 5.291020393371582 -0.25157585740089417
v 0.788490355014801 5.1241912841796875 -1.221675157546997
v 1.032611608505249 4.66215705871582 -0.3773401081562042
v 0.8507051467895508 5.688174724578857 -0.8446155786514282
v 0.6865503787994385 5.1706013679504395 -0.10247105360031128
v 1.0139037370681763 4.783336162567139 -0.2600386142730713
v 0.31564515829086304 4.39178466796875 -1.0615712404251099
v 0.2869395613670349 4.469761848449707 -1.345719814300537
v 0.29009613394737244 4.4691548347473145 -1.3472980260849
v 0.22903244197368622 4.491622447967529 -1.2866872549057007
v 0.134369894862175 5.492395877838135 -1.164815068244934
v 0.3374077379703522 4.457713603973389 -1.3590242862701416
v 0.8337616920471191 5.853638172149658 -0.7929920554161072
v 0.9380901455879211 4.459903240203857 -0.5293605923652649
v 0.9438440799713135 5.530517578125 -0.6525074243545532
v 0.36408767104148865 4.472228050231934 -0.8624123334884644
v 0.7554003596305847 5.351388931274414 -1.2739553451538086
v 0.13804848492145538 5.03302001953125 -0.37747982144355774
v 0.48604539036750793 4.288568019866943 -0.401409775018692
v 1.114697813987732 5.034104347229004 -0.38337674736976624
v 0.7329948544502258 5.009206771850586 -1.262520432472229
v 0.7331289649009705 4.704440593719482 -0.16168829798698425
v 1.0224645137786865 4.67062520980835 -0.12291033565998077
v 0.5836644768714905 5.619667053222656 -0.48666733503341675
v 0.5897547602653503 4.422691345214844 -0.9209967851638794
v 0.15150749683380127 5.504851818084717 -1.1565402746200562
v 0.5722933411598206 5.032236099243164 -1.3505572080612183
v 0.9900383353233337 5.3047308921813965 -1.1227885484695435
v 0.14720264077186584 4.612268447875977 -0.5148056149482727
v 0.2575470507144928 4.742543697357178 -0.3038322329521179
v 1.0858350992202759 4.731399059295654 -0.42683523893356323
v 0.8963204026222229 5.104979038238525 -0.19905219972133636
v 0.681933581829071 5.82118034362793 -0.8203433752059937
v 0.7235798835754395 4.939636707305908 -1.357440710067749
v 0.9574665427207947 4.810381889343262 -1.0563931465148926
v 0.6067787408828735 5.186459064483643 -1.346950888633728
v 0.3909386694431305 5.687624931335449 -0.6612463593482971
v 0.959822416305542 4.424048900604248 -0.5828366279602051
v 0.24307936429977417 5.176777362823486 -0.36604779958724976
v 0.8909778594970703 4.705448627471924 -0.21767163276672363
v 0.7438281774520874 5.570281028747559 -0.48828908801078796
v 0.7789698243141174 4.32581901550293 -0.5547011494636536
v -0.036991462111473083 4.9154953956604 -1.1057692766189575
v 0.4551415741443634 4.379639625549316 -1.0830609798431396
v 0.3925761878490448 5.646500110626221 -0.9649589657783508
v 1.0056649446487427 5.341715335845947 -0.2641979157924652
v 0.43267640471458435 5.688730239868164 -0.9233579039573669
v -0.22102969884872437 5.260843276977539 -1.1259230375289917
v 0.04781680926680565 5.178213119506836 -0.6673524975776672
v 0.35986992716789246 4.559507846832275 -0.23779267072677612
v -0.13339300453662872 5.308032512664795 -0.9364348649978638
v 0.006511466111987829 4.760441303253174 -0.5380473732948303
v 1.2295540571212769 5.20509672164917 -0.1246206983923912
v 0.8367456197738647 5.855815887451172 -0.7726053595542908
v 1.2629060745239258 5.301474094390869 -0.31411975622177124
v 1.1603620052337646 4.930869102478027 -0.3785209655761719
v 0.45367196202278137 4.292081832885742 -0.5579550266265869
v 0.3857992887496948 5.264899730682373 -1.4266000986099243
v 0.7395814657211304 5.8075408935546875 -0.6806628704071045
v 0.25292932987213135 4.9455156326293945 -1.4322381019592285
v -0.14239414036273956 5.680238723754883 -1.4148685932159424
v 0.13774053752422333 4.987123012542725 -0.38131821155548096
v 0.33738017082214355 4.423496246337891 -0.5616199374198914
v 0.5773382186889648 5.368410110473633 -0.25022196769714355
v 0.5079917907714844 5.078979969024658 -1.4055094718933105
v 0.47633039951324463 5.709568500518799 -0.6113495826721191
v 0.47842225432395935 4.474268913269043 -1.0206681489944458
v 0.7981657981872559 5.775668621063232 -0.6899861693382263
v -0.15390074253082275 4.552680015563965 -0.75948166847229
v 1.1096997261047363 4.763625144958496 -0.8916133642196655
v 1.0851292610168457 4.698746681213379 -0.04521649330854416
v 1.2765001058578491 5.067200183868408 -0.09007582813501358
v 0.5064166188240051 4.379809379577637 -1.1462558507919312
v 1.0841574668884277 4.780792236328125 -0.9558579921722412
v 0.7490313053131104 5.9229631423950195 -0.6914705634117126
v 0.7528883218765259 5.783474445343018 -0.777482271194458
v 0.49149051308631897 4.398505687713623 -1.1440496444702148
v 1.103598952293396 5.056969165802002 -0.36793166399002075
v 0.8559750318527222 5.624398708343506 -0.8674750328063965
v 0.7751676440238953 5.358006477355957 -1.2655922174453735
v 1.0019476413726807 4.802082538604736 -1.026108741760254
v 0.609872043132782 4.401810169219971 -0.3717479705810547
v 0.8867136836051941 4.22682523727417 -0.7567675709724426
v 1.0178946256637573 4.566478252410889 -0.8794026374816895
v 0.4339742064476013 5.696608066558838 -0.9308298826217651
v 0.2551844120025635 4.373109817504883 -0.5631707310676575
v 0.934808075428009 5.271180629730225 -0.2510903477668762
v 0.9559789896011353 5.073216915130615 -0.1707342118024826
v 0.4128359258174896 5.681280612945557 -0.6059309244155884
v -0.09853314608335495 5.95210599899292 -1.450182318687439
v 0.2884041368961334 5.44244909286499 -1.3260507583618164
v 0.8486775755882263 5.416643142700195 -0.3942497968673706
v -0.09224563837051392 5.202559947967529 -1.469512939453125
v 0.22389425337314606 4.7911057472229 -0.3411377966403961
v -0.07361361384391785 4.981259822845459 -0.9765779376029968
v 0.4753102958202362 4.329136371612549 -0.5401525497436523
v 0.5238634347915649 4.427562713623047 -0.6882208585739136
v 0.9268794655799866 5.292550563812256 -0.26492998003959656
v 1.1240588426589966 4.843693256378174 -0.16035158932209015
v 0.27576303482055664 5.436962604522705 -1.3288248777389526
v 1.1735687255859375 5.214598178863525 -0.6568425893783569
v 0.9940690398216248 5.138396739959717 -0.19894833862781525
v 1.2146152257919312 5.215505599975586 -0.1408904641866684
v 0.20537564158439636 5.457223415374756 -0.44301876425743103
v 0.14846496284008026 4.989406585693359 -0.37498363852500916
v 0.5532386302947998 5.753355026245117 -0.6503257751464844
v 0.11826591938734055 5.021320343017578 -0.38390612602233887
v 0.7598293423652649 5.802375316619873 -0.6583437323570251
v 0.5808200836181641 4.414177894592285 -0.6480725407600403
v 0.6527135372161865 4.533321380615234 -1.0901079177856445
v 0.4386740028858185 5.6603546142578125 -0.5682665109634399
v 0.8471890091896057 4.9739556312561035 -1.1848335266113281
v 0.008867952972650528 5.498802185058594 -0.8886038661003113
v -0.057331331074237823 5.131303787231445 -0.733730137348175
v 0.6278954148292542 4.555679798126221 -0.23176804184913635
v 0.7081242799758911 4.433945178985596 -0.43606457114219666
v 0.9759237170219421 4.95480489730835 -0.18367807567119598
v 0.1693846583366394 5.159045219421387 -0.5275700688362122
v 1.1720045804977417 5.209514617919922 -0.6689650416374207
v 0.48512977361679077 5.039522647857666 -0.13913846015930176
v -0.1197076067328453 5.852468967437744 -1.4504151344299316
v 0.6916882395744324 5.894886493682861 -0.803989827632904
v 0.21115173399448395 5.456807613372803 -0.435002863407135
v 1.341172456741333 5.281142234802246 -0.22351300716400146
v 0.817173957824707 5.426307201385498 -0.385793536901474
v 0.16738656163215637 4.431180477142334 -0.878061830997467
v -0.22739335894584656 5.288265228271484 -1.3105498552322388
v 1.1582196950912476 4.9212775230407715 -0.43253183364868164
v 0.01899699494242668 5.78371000289917 -1.3157365322113037
v 0.7615756988525391 5.919764041900635 -0.7604432702064514
v 1.0549999475479126 4.535803318023682 -0.6941137909889221
v 0.8593611121177673 4.232255458831787 -0.6943500638008118
v 0.11839074641466141 4.620198726654053 -0.5524106025695801
v 0.9858501553535461 4.579102516174316 -0.9164924621582031
v 0.687173068523407 5.863086700439453 -0.8134807348251343
v 0.8155808448791504 4.240902423858643 -0.6309830546379089
v 0.4865308403968811 4.2892961502075195 -0.39509889483451843
v 0.5416985750198364 4.418735504150391 -0.67782062292099
v 0.015499971807003021 5.7443952560424805 -1.3041298389434814
v 0.4308446943759918 4.2959723472595215 -0.5591210722923279
v 1.1671029329299927 4.9397053718566895 -0.40321969985961914
v -0.006500031799077988 5.951961040496826 -1.3829505443572998
v 0.33612096309661865 4.411306381225586 -0.5610403418540955
v 0.9403005242347717 5.531674861907959 -0.6474569439888
v 1.0228139162063599 4.9798760414123535 -0.22179612517356873
v 1.0497421026229858 5.102203369140625 -0.9937950372695923
v 0.8605340719223022 5.412717819213867 -0.3977823555469513
v 0.09146330505609512 4.657463073730469 -1.0627121925354004
v 1.0209943056106567 4.676728248596191 -0.339509516954422
v -0.10189434885978699 4.877307415008545 -0.7453755736351013
v 0.7305310964584351 5.872339248657227 -0.8197175860404968
v 1.2571779489517212 4.997493267059326 -0.11154689639806747
v 0.06783709675073624 5.1674370765686035 -1.542528510093689
v 0.6133198738098145 4.28762149810791 -0.8351849913597107
v 0.17515771090984344 4.99519681930542 -0.3611927330493927
v 0.38006511330604553 5.263625621795654 -1.4278744459152222
v -0.1173444464802742 5.7650251388549805 -1.42555832862854
v 1.070379614830017 4.707971096038818 -0.411228209733963
v 0.785952627658844 5.130013942718506 -1.2234028577804565
v 1.1009413003921509 4.7079176902771 -0.0309528186917305
v 0.39303216338157654 4.439382553100586 -1.356563687324524
v 1.2286109924316406 4.983653545379639 -0.6496941447257996
v 1.193313717842102 4.9537353515625 -0.49569636583328247
v 1.0153018236160278 4.5963544845581055 -0.4719420075416565
v -0.1506955623626709 5.4392805099487305 -1.5076309442520142
v 0.6998339891433716 4.291393280029297 -0.9364244341850281
v 0.7581583857536316 5.674549579620361 -0.9397308826446533
v -0.15076041221618652 5.441030979156494 -1.5071771144866943
v 0.8040120005607605 5.569767951965332 -0.49154773354530334
v 0.7909402847290039 5.117929935455322 -1.2194974422454834
v 0.37495869398117065 5.471773624420166 -1.2924076318740845
v 0.7094339728355408 4.415914058685303 -1.001594066619873
v 1.1030702590942383 5.058320045471191 -0.3671095073223114
v 0.11379577964544296 5.390021324157715 -1.3770493268966675
v 0.9297618865966797 4.7450995445251465 -0.2207997441291809
v 0.473922997713089 4.457159042358398 -0.8569037318229675
v 0.8932463526725769 4.933008670806885 -1.1924060583114624
v 0.2636457681655884 4.477757453918457 -1.331565022468567
v 0.38636866211891174 4.320359230041504 -0.5845000147819519
v 0.2929525673389435 5.278439044952393 -0.3214932382106781
v 0.5030444264411926 4.380773067474365 -1.1392704248428345
v 0.9689493775367737 5.501128196716309 -0.8155407905578613
v 1.1256695985794067 5.224676132202148 -0.21045920252799988
v 0.5332863926887512 4.312771320343018 -0.34765076637268066
v 0.04414636641740799 5.183408737182617 -1.5549088716506958
v 0.0632108747959137 4.97709321975708 -0.45684611797332764
v -0.1662207394838333 4.553500175476074 -0.8749698996543884
v 0.09648452699184418 4.662484645843506 -1.0644696950912476
v -0.07813923805952072 4.746255874633789 -0.6811156868934631
v 0.031676094979047775 5.558716297149658 -1.2944432497024536
v 1.2316877841949463 4.922578811645508 -0.6726481914520264
v -0.10357140749692917 5.38936710357666 -1.1928162574768066
v -0.1706673949956894 4.5539164543151855 -0.8015086650848389
v 0.1740950345993042 4.913343906402588 -1.3469072580337524
v 0.017161143943667412 4.499919414520264 -1.0125865936279297
v -0.006540405098348856 4.510439395904541 -0.6478068828582764
v 0.5601907968521118 4.356077194213867 -0.3500155508518219
v 0.9959999918937683 5.250821113586426 -1.0960466861724854
v -0.11280008405447006 5.327513217926025 -0.8968335390090942
v 0.957220733165741 4.521483898162842 -0.5036288499832153
v -0.08935088664293289 4.499445915222168 -0.7062430381774902
v 0.6190358400344849 4.279196262359619 -0.8003202676773071
v 1.147707462310791 4.959523677825928 -0.4226343035697937
v 0.2549555003643036 4.481164932250977 -1.3244072198867798
v 0.21569935977458954 5.164138317108154 -0.4402475953102112
v 0.8268141746520996 5.839470386505127 -0.7851709723472595
v 0.7023756504058838 5.865767955780029 -0.7140691876411438
v 0.6978696584701538 5.474372863769531 -0.36561620235443115
v 0.6317213177680969 5.1816558837890625 -0.10249994695186615
v 1.06790030002594 4.689657211303711 -0.0620996356010437
v 1.1764930486679077 5.017846584320068 -0.8058488368988037
v 0.4570290446281433 4.727872371673584 -1.3783540725708008
v 1.0446159839630127 4.675261497497559 -0.38703468441963196
v 0.9554278254508972 5.363849639892578 -1.0574449300765991
v 0.43717795610427856 5.137168884277344 -1.4803599119186401
v 1.0342103242874146 5.26497745513916 -1.008898377418518
v -0.11700001358985901 4.848150730133057 -0.846071183681488
v 0.43798327445983887 5.137757301330566 -1.480421781539917
v -0.09241706132888794 5.027866363525391 -0.8437793850898743
v 0.22702383995056152 4.923631191253662 -1.3874189853668213
v 1.18069589138031 4.949347972869873 -0.44922712445259094
v -0.12419307976961136 5.2721710205078125 -1.4908158779144287
v 0.19519762694835663 4.459586143493652 -1.1854686737060547
v 0.09615257382392883 5.166492462158203 -0.6321626901626587
v 0.8481667041778564 4.23520565032959 -0.6760490536689758
v 1.1637111902236938 5.047029495239258 -0.8613474369049072
v 0.18902668356895447 4.572183132171631 -0.4604465663433075
v -0.07732280343770981 4.989860534667969 -0.9627626538276672
v 1.306867003440857 4.971627712249756 0.06010373681783676
v 0.4748462736606598 4.326969623565674 -0.28095898032188416
v -0.1537247598171234 5.570806980133057 -1.3998761177062988
v 0.4511513113975525 5.496780872344971 -0.37270551919937134
v 0.6120452284812927 5.615992546081543 -0.48150157928466797
v 0.27612921595573425 5.238030910491943 -1.4320104122161865
v 0.9445459246635437 5.057915687561035 -0.16317567229270935
v 0.8757247924804688 5.139086723327637 -1.1472752094268799
v 0.6243226528167725 5.197307586669922 -1.3362617492675781
v 0.16273804008960724 4.69950008392334 -1.1042617559432983
v 0.18802838027477264 5.124657154083252 -1.5279099941253662
v 0.9385042786598206 4.458081245422363 -0.5310168862342834
v 0.6992270946502686 5.790128231048584 -0.8134358525276184
v -0.13584569096565247 5.305375576019287 -0.9417489171028137
v -0.2209234982728958 5.260807514190674 -1.1258573532104492
v 0.7465566992759705 5.568461894989014 -0.4872279763221741
v 0.6112592220306396 4.412550926208496 -0.6558469533920288
v 0.209300696849823 5.395927429199219 -1.3494224548339844
v 0.19620051980018616 4.461444854736328 -0.9078899025917053
v 0.5811412930488586 5.796695232391357 -0.8311096429824829
v 1.1193125247955322 4.71948766708374 -0.01872190274298191
v 0.049114394932985306 4.471376895904541 -1.0159344673156738
v 0.8460690379142761 4.235651969909668 -0.6727901101112366
v 0.8506989479064941 4.929398536682129 -0.1095997765660286
v 0.19503836333751678 5.159788608551025 -0.4836347997188568
v 0.6424808502197266 5.787932395935059 -0.6972516775131226
v 0.5664064884185791 4.549074649810791 -0.21402794122695923
v 0.9504693746566772 4.416147232055664 -0.6509480476379395
v 0.08004090189933777 5.33452033996582 -1.4956938028335571
v 0.774922251701355 5.418903827667236 -1.193673849105835
v 0.9734480977058411 5.501034736633301 -0.84096360206604
v 0.48872628808021545 5.510195255279541 -1.2825000286102295
v 0.48646432161331177 4.836800575256348 -1.3549669981002808
v 0.7170735597610474 4.281319618225098 -0.9436023235321045
v 0.7360601425170898 5.342909336090088 -1.2772771120071411
v 0.6143186092376709 4.285181522369385 -0.825725257396698
v -0.012084261514246464 4.553246974945068 -1.046438217163086
v 1.080635905265808 5.093867301940918 -0.9687067270278931
v 0.6531884074211121 4.430117607116699 -0.4016256332397461
v 0.6854931116104126 4.9579691886901855 -1.369295358657837
v 0.2031317502260208 5.106749534606934 -0.339402973651886
v 0.9846622347831726 5.339341640472412 -0.3667663633823395
v 0.9250815510749817 4.987347602844238 -1.1001794338226318
v 0.7774671912193298 5.908999919891357 -0.7235654592514038
v 0.9574389457702637 5.509268760681152 -0.7515112161636353
v 0.019606230780482292 5.535013198852539 -1.5294469594955444
v 0.25624027848243713 4.477889537811279 -0.9312532544136047
v 1.0674333572387695 5.177008628845215 -0.24249720573425293
v 0.22566209733486176 4.384322166442871 -0.5260174870491028
v 0.818374514579773 5.7294535636901855 -0.8081791996955872
v 1.2163399457931519 5.024820327758789 -0.6255199313163757
v 0.8310694694519043 5.719430446624756 -0.8189935088157654
v 0.20716866850852966 5.11439847946167 -0.33642837405204773
v 0.7835956811904907 4.665547847747803 -0.20337581634521484
v 0.020252207294106483 5.801783084869385 -1.321761131286621
v 1.036543846130371 4.784178733825684 -0.2500584125518799
v 0.7179016470909119 4.659671783447266 -0.19371311366558075
v 0.5151273012161255 5.622804641723633 -0.5112839937210083
v 1.3168081045150757 5.341679573059082 -0.035155974328517914
v -0.03487614542245865 5.044137477874756 -0.7045366764068604
v 0.598553478717804 5.1600341796875 -1.3355728387832642
v -0.013380885124206543 4.755334854125977 -0.5653764009475708
v 0.13162292540073395 4.839000225067139 -0.40740224719047546
v 0.20911794900894165 5.009188175201416 -0.33759215474128723
v 0.08756047487258911 5.168784141540527 -0.6398956179618835
v 1.1197298765182495 4.785238265991211 -0.4501476585865021
v 0.09046522527933121 5.131491661071777 -0.5004652142524719
v 0.48750004172325134 4.293234825134277 -0.3696313500404358
v 0.5451436042785645 4.337204933166504 -0.34647953510284424
v 0.1599695235490799 4.991786956787109 -0.36903291940689087
v 0.491237074136734 4.399328708648682 -1.1594606637954712
v 0.8737219572067261 4.658732891082764 -0.23548953235149384
v 0.49885496497154236 4.391635894775391 -1.2685282230377197
v -0.005346827208995819 5.943252086639404 -1.5471774339675903
v 0.3306746780872345 4.643465995788574 -0.26929864287376404
v 0.8233266472816467 5.8573317527771 -0.732479989528656
v -0.07688765227794647 4.988742828369141 -0.9644173383712769
v 1.2942487001419067 4.930967807769775 0.04255402088165283
v 1.0532822608947754 4.529782295227051 -0.6606940031051636
v 0.4372422695159912 4.474001884460449 -0.8004889488220215
v 0.9535703659057617 5.021509647369385 -1.1170605421066284
v 0.9726982712745667 5.502188682556152 -0.8583484888076782
v 1.2765001058578491 5.067734241485596 -0.08981773257255554
v 0.960935115814209 5.504438877105713 -0.7774884700775146
v 1.0965825319290161 5.088359355926514 -0.9556576609611511
v -0.1269913762807846 5.28595495223999 -1.4944878816604614
v 0.674558162689209 4.255171775817871 -0.6815891861915588
v 0.14517313241958618 4.449650287628174 -0.9514544010162354
v 0.6641743183135986 4.752126216888428 -1.2989904880523682
v -0.01480855606496334 4.909124851226807 -1.1497565507888794
v 1.0516185760498047 4.68244743347168 -0.08072677254676819
v 0.6791254878044128 5.48128080368042 -0.3660624623298645
v 0.7802764773368835 5.286976337432861 -0.1719999462366104
v 1.1068116426467896 5.085211753845215 -0.9466089010238647
v 1.3132857084274292 5.293571472167969 -0.2610509991645813
v 0.5249577164649963 4.822364330291748 -1.3495254516601562
v -0.15519963204860687 5.5567216873168945 -1.397300362586975
v 1.053659439086914 5.151771068572998 -0.25117018818855286
v 0.2240876704454422 4.426778793334961 -0.43088653683662415
v 1.1059092283248901 5.051065444946289 -0.37152543663978577
v 0.8712140321731567 4.228295803070068 -0.7146320343017578
v 0.8682613968849182 4.887196063995361 -0.12734803557395935
v 0.6531786322593689 5.8056640625 -0.7141498923301697
v 0.1474379152059555 5.4502081871032715 -0.5353845953941345
v 0.09191956371068954 5.340451717376709 -1.4764834642410278
v 0.006517466623336077 5.468664169311523 -0.8637692332267761
v 0.6352002620697021 5.236031532287598 -1.330607533454895
v 0.23365266621112823 4.513961315155029 -0.6787706017494202
v 0.037194911390542984 5.189286231994629 -1.5602673292160034
v 0.0030426669400185347 5.896251678466797 -1.3641473054885864
v 0.5818889141082764 5.79692268371582 -0.8306546211242676
v 1.0303467512130737 5.349030494689941 -0.25779902935028076
v 1.174702525138855 4.764593601226807 -0.744605541229248
v 0.21861448884010315 5.139551162719727 -0.3292076289653778
v 1.076027512550354 5.127118110656738 -0.30776116251945496
v 0.007349756080657244 5.492969036102295 -0.8803187608718872
v 0.009272875264286995 5.497453212738037 -0.9779583811759949
v 0.22346162796020508 5.115384101867676 -1.5157802104949951
v 0.03942301869392395 4.978973388671875 -0.5063374042510986
v 0.9959999918937683 5.2821431159973145 -1.1093215942382812
v 0.8977879285812378 5.52353048324585 -0.6708272695541382
v 1.1048458814620972 5.053782939910889 -0.36987122893333435
v 0.6927369236946106 4.953972816467285 -1.3670471906661987
v 0.10226766020059586 4.9806742668151855 -0.40890681743621826
v 0.4681321084499359 4.8423027992248535 -1.3591883182525635
v -0.10834497958421707 5.330780506134033 -0.8894082903862
v 0.703453540802002 4.289748191833496 -0.9375761151313782
v 0.8573253750801086 5.413875579833984 -0.3966711759567261
v 1.0916478633880615 5.0960211753845215 -0.34771832823753357
v 1.2885820865631104 4.911652088165283 0.03621735796332359
v 0.9157268404960632 5.537818431854248 -0.6134995222091675
v 0.9483113884925842 5.34180212020874 -0.33660393953323364
v 0.7718111872673035 5.9081621170043945 -0.6814730167388916
v 1.1573333740234375 4.925000190734863 -0.43199995160102844
v 0.5393643975257874 5.124284744262695 -1.3863575458526611
v 0.8106766939163208 5.721343517303467 -0.7251211404800415
v 0.14565013349056244 5.135587215423584 -1.5349702835083008
v 0.927410900592804 5.323742866516113 -0.2943319082260132
v 1.0765801668167114 5.00989294052124 -0.28112491965293884
v 1.1453269720077515 4.694607734680176 -0.2231682389974594
v 0.8048011064529419 4.851602554321289 -0.10958436876535416
v 0.8872396349906921 5.5440168380737305 -0.57893306016922
v 1.141017198562622 4.911016941070557 -0.3478553593158722
v 0.4117015302181244 4.480779647827148 -0.7649623155593872
v 1.0484999418258667 4.90883731842041 -0.24184085428714752
v 0.7530297040939331 4.644529819488525 -0.21566392481327057
v 0.9511436223983765 5.176451206207275 -1.1092922687530518
v -0.01573159359395504 4.754894256591797 -0.5690494179725647
v 0.8457196950912476 5.408956050872803 -1.1357321739196777
v 0.774792492389679 5.754942417144775 -0.7431187629699707
v 0.32190069556236267 4.495342254638672 -0.5903422832489014
v -0.14746306836605072 5.13024377822876 -0.9087908267974854
v 0.46007269620895386 5.454686641693115 -0.330972820520401
v 0.33853819966316223 4.467385292053223 -0.5712365508079529
v 0.9468450546264648 4.419345378875732 -0.7025210857391357
v -0.07813990861177444 4.8109941482543945 -0.932163655757904
v 0.3392142653465271 4.452214241027832 -0.5654642581939697
v 0.9823831915855408 5.327845573425293 -0.26869267225265503
v 0.015738584101200104 4.5427350997924805 -0.6325098276138306
v 1.2735013961791992 5.04020881652832 -0.10049697011709213
v 0.7430747747421265 4.415266990661621 -0.4620748460292816
v 0.0316668376326561 5.567169666290283 -1.2963340282440186
v 0.9482054710388184 5.249647617340088 -0.24035318195819855
v -0.14312872290611267 4.551183700561523 -0.9243198037147522
v 0.5593745112419128 5.756850719451904 -0.6542854905128479
v 0.45893803238868713 5.459084987640381 -0.3347477912902832
v 0.6049665808677673 4.302664756774902 -0.7156670689582825
v 0.6368593573570251 4.530786037445068 -1.1073957681655884
v 0.2946215271949768 4.464643478393555 -0.9825537800788879
v 0.9456374049186707 4.44388484954834 -0.5475139021873474
v 0.7680454254150391 4.281670093536377 -0.600943386554718
v 0.6396307349205017 4.9879045486450195 -1.378984808921814
v 0.7375497817993164 5.7507500648498535 -0.8517329096794128
v 0.8204689025878906 5.128025054931641 -0.15275971591472626
v 1.151708960533142 5.189208507537842 -0.7454800009727478
v 0.8172619938850403 5.730148792266846 -0.8069971203804016
v 1.3480334281921387 4.931676387786865 -0.0697285532951355
v -0.031247517094016075 5.022402286529541 -0.6654731035232544
v 0.6276273727416992 5.819301128387451 -0.799372673034668
v 0.22248880565166473 4.490743160247803 -1.2744803428649902
v 1.098022699356079 4.70631217956543 -0.03357969969511032
v 0.6860874891281128 5.8706841468811035 -0.7649745941162109
v 0.8445452451705933 4.919148921966553 -0.10755190998315811
v 0.16410866379737854 5.161096096038818 -0.5370838642120361
v 0.6868432760238647 5.870117664337158 -0.7604405879974365
v 0.7890210151672363 5.9035420417785645 -0.6957100629806519
v 0.00919064600020647 5.498521327972412 -0.9754104018211365
v 0.48436814546585083 4.286104679107666 -0.417531818151474
v -0.22533945739269257 5.18257474899292 -1.1643486022949219
v 0.7964284420013428 5.812957763671875 -0.6598916053771973
v 1.1308850049972534 5.074052810668945 -0.9221246242523193
v 0.3686109185218811 5.69355583190918 -0.7564951777458191
v 0.6043840050697327 4.350733280181885 -0.704395055770874
v 0.2959611117839813 5.306929111480713 -0.31099992990493774
v 1.2345229387283325 5.200477123260498 -0.12014997005462646
v 0.011753964237868786 5.462831497192383 -1.0362303256988525
v 0.10108926892280579 5.345730304718018 -1.4569625854492188
v 0.6663109660148621 5.328520774841309 -0.1990840584039688
v 0.11294830590486526 5.394619941711426 -1.3662083148956299
v 0.7831177711486816 5.35954475402832 -1.2597755193710327
v 0.9476969838142395 5.2504425048828125 -0.24063913524150848
v 0.4121057689189911 4.462804794311523 -0.8194592595100403
v 0.943550705909729 4.4468841552734375 -0.5433913469314575
v 0.8819501996040344 4.689416885375977 -0.22093604505062103
v 0.7079178690910339 4.295593738555908 -0.9497822523117065
v 0.2528091073036194 4.942991256713867 -1.4283912181854248
v -0.0613713264465332 4.747702121734619 -0.6480404138565063
v -0.05060156434774399 4.803280353546143 -0.9674780964851379
v 0.9543156027793884 5.2309184074401855 -1.1229467391967773
v 0.2349405586719513 5.409455299377441 -1.3365148305892944
v 0.41184288263320923 5.6818156242370605 -0.6078407168388367
v 0.8237168788909912 5.882480144500732 -0.7798899412155151
v 0.9670342803001404 4.808396816253662 -1.0511301755905151
v 0.5969201326370239 4.678305149078369 -1.3130898475646973
v 0.1530299186706543 4.440688133239746 -0.7722379565238953
v 1.0533334016799927 5.347583293914795 -0.7681039571762085
v 1.046517252922058 5.352970600128174 -0.2519244849681854
v 1.0927678346633911 5.1305766105651855 -0.32497841119766235
v 1.0433404445648193 4.965595245361328 -0.222680926322937
v -0.0028903319034725428 4.5705413818359375 -1.047904133796692
v 0.4161134362220764 4.3857221603393555 -1.0612232685089111
v 0.03428223356604576 5.251183986663818 -0.6994999647140503
v 0.48859769105911255 4.2813005447387695 -0.4678887724876404
v 1.0081617832183838 4.971071720123291 -0.2074471116065979
v 0.5811892747879028 4.437911033630371 -0.9249083995819092
v 0.4501257538795471 5.5297393798828125 -0.41860777139663696
v 0.05678820237517357 5.463155269622803 -1.2353342771530151
v 1.1224342584609985 4.721360683441162 -0.01669270172715187
v 0.32615363597869873 4.746375560760498 -1.3589975833892822
v 0.5240000486373901 4.37724494934082 -1.1923404932022095
v 0.5626087188720703 5.657847881317139 -1.0340956449508667
v 1.0227992534637451 4.80131196975708 -0.25645729899406433
v 0.20876635611057281 5.008971691131592 -0.3383494019508362
v 0.6425170302391052 5.6349945068359375 -1.0513743162155151
v 1.2411288022994995 5.19460391998291 -0.11503414809703827
v 0.7260043621063232 5.160691261291504 -0.11169342696666718
v 1.094718098640442 5.206880569458008 -0.226854607462883
v 0.9790774583816528 5.075855731964111 -1.0975978374481201
v 0.8169212341308594 5.36214542388916 -1.237514853477478
v 0.3372454345226288 4.4268646240234375 -0.561754584312439
v 0.43766161799430847 5.683468341827393 -0.916987955570221
v 0.031125903129577637 5.31712532043457 -1.5451245307922363
v 0.821221113204956 5.567877769470215 -0.5046658515930176
v 0.6606903672218323 4.754142761230469 -1.3004523515701294
v 0.4287666082382202 4.461423873901367 -0.800714373588562
v 1.074410080909729 5.361592769622803 -0.2408803403377533
v 0.008249606937170029 5.50800085067749 -0.9217624068260193
v 0.13721619546413422 5.2203240394592285 -0.5347387790679932
v 0.8166152834892273 5.0974297523498535 -1.2025071382522583
v 0.804639458656311 5.130599021911621 -0.146825909614563
v 0.22573165595531464 5.56123161315918 -1.1223841905593872
v 0.19653640687465668 5.121821403503418 -1.525924801826477
v 0.7945874333381653 5.1333723068237305 -0.14197321236133575
v -0.013260874897241592 4.546010971069336 -1.0478585958480835
v 0.7521539330482483 5.350187301635742 -1.274795413017273
v -0.08786606043577194 4.706362247467041 -0.8547238707542419
v 1.1191991567611694 4.748601913452148 -0.8448565602302551
v 0.001086656586267054 4.758896827697754 -0.5454691648483276
v 0.14395184814929962 4.444175720214844 -0.7602762579917908
v 0.48928478360176086 4.399829387664795 -1.155518889427185
v 0.7867431044578552 5.80961799621582 -0.6592236757278442
v 0.9843240976333618 4.579636573791504 -0.9179421067237854
v 1.0997891426086426 5.014009952545166 -0.2949901819229126
v 0.4997594654560089 4.3911566734313965 -1.2672512531280518
v 0.9525814056396484 5.2090888023376465 -1.1180503368377686
v 1.0045502185821533 4.767718315124512 -0.26321354508399963
v 0.07538704574108124 4.902500152587891 -1.2674705982208252
v -0.14662978053092957 5.3951826095581055 -1.5140480995178223
v 0.8384559750556946 4.909509181976318 -0.10734952241182327
v 0.8266018629074097 5.870388984680176 -0.7864999771118164
v -0.029478594660758972 5.020717620849609 -0.6632829904556274
v 0.009608235210180283 5.493309497833252 -0.9878143668174744
v 1.0335408449172974 4.748525142669678 -0.2769090235233307
v 0.5796813368797302 5.76991605758667 -0.6639163494110107
v 0.9257371425628662 4.7415771484375 -0.21925710141658783
v 0.39397484064102173 4.921093940734863 -0.16868767142295837
v 1.2760813236236572 5.080709457397461 -0.08423253893852234
v 0.01550900936126709 5.315667629241943 -1.5576616525650024
v 0.9411817789077759 4.935431957244873 -0.16122721135616302
v 0.4445756673812866 5.546666622161865 -0.46186399459838867
v 0.855623185634613 5.6370673179626465 -0.8671231269836426
v 0.9674268960952759 5.048794746398926 -1.105073094367981
v 0.1698700189590454 4.570291519165039 -1.2111366987228394
v 1.3565928936004639 4.962167263031006 -0.07349374145269394
v 0.7791523933410645 4.358429431915283 -0.5213402509689331
v 0.540308952331543 4.706917762756348 -1.3501161336898804
v 0.7543948292732239 5.694631099700928 -0.9190005660057068
v 0.6442474126815796 5.78805685043335 -0.6982370615005493
v 1.2001805305480957 4.863806247711182 -0.6903741955757141
v 0.11201363801956177 5.1473283767700195 -1.5348329544067383
v 0.08403188735246658 4.463610649108887 -0.7163896560668945
v 0.7397297620773315 5.025030612945557 -1.2541418075561523
v 0.3053450584411621 4.680779457092285 -0.27912476658821106
v 0.6869301199913025 5.797264099121094 -0.8081524968147278
v 0.4691918194293976 4.443645000457764 -1.0429245233535767
v 1.2188266515731812 5.2975592613220215 -0.35213541984558105
v 0.6908634901046753 5.891941070556641 -0.8052859306335449
v 0.1066981703042984 4.455325603485107 -0.7289654612541199
v 0.1601114571094513 5.4535369873046875 -0.514070451259613
v 1.1933118104934692 4.953733921051025 -0.49568304419517517
v 0.852175772190094 4.916958332061768 -1.2347097396850586
v 1.1536706686019897 5.058773994445801 -0.8881585597991943
v 0.9405910968780518 5.041970729827881 -1.0846517086029053
v 0.3929767608642578 4.439403057098389 -1.356589913368225
v 0.762033224105835 4.291397571563721 -0.9391923546791077
v 1.119983434677124 4.719890117645264 -0.0182857196778059
v 0.4016157388687134 4.341409206390381 -0.26042190194129944
v -0.0986223816871643 5.951942443847656 -1.4506731033325195
v 0.7189913392066956 5.770762920379639 -0.8124547600746155
v 1.1069822311401367 5.297280311584473 -0.6420600414276123
v 0.01710847206413746 4.764243125915527 -0.5232741832733154
v 0.49005022644996643 4.895603179931641 -0.12083861231803894
v 0.3184055984020233 4.462893486022949 -1.3558464050292969
v 0.8898909687995911 5.352489948272705 -1.179193139076233
v 0.07914386689662933 5.1702141761779785 -0.6478561162948608
v 1.033086895942688 4.733206272125244 -0.29870694875717163
v 0.04625320062041283 5.473274230957031 -1.2518290281295776
v 0.6917070746421814 4.588579177856445 -0.23322564363479614
v 0.842843770980835 5.117757797241211 -1.1791563034057617
v 0.7472028136253357 4.703330993652344 -1.2628309726715088
v 0.685553252696991 5.8454790115356445 -0.8170779347419739
v 1.0320981740951538 4.759316444396973 -0.2669907510280609
v -0.1905519664287567 5.3251776695251465 -1.2515963315963745
v 0.2727549374103546 4.418362617492676 -1.0823431015014648
v 1.112213134765625 4.833721160888672 -0.17115987837314606
v 0.1287698894739151 5.487915992736816 -1.1676149368286133
v 0.03181173652410507 5.5546488761901855 -1.293629765510559
v 0.01937406323850155 5.539775371551514 -1.5295000076293945
v 0.30364447832107544 5.294767379760742 -0.3173770308494568
v 0.7858339548110962 4.917907238006592 -1.321091651916504
v -0.0013420585310086608 4.507589340209961 -1.021442174911499
v 0.0025843335315585136 4.994654178619385 -0.5986583232879639
v 0.038898978382349014 5.680318355560303 -1.522626280784607
v -0.0721648633480072 4.526229381561279 -1.0088822841644287
v 0.6771361231803894 5.327295303344727 -0.1945398449897766
v 0.4479110538959503 5.053094863891602 -0.15949389338493347
v 0.4033155143260956 4.483986854553223 -0.7524732947349548
v 0.881691038608551 4.926677703857422 -1.2048910856246948
v -0.1376137137413025 5.363574504852295 -1.2100812196731567
v 0.4824239909648895 5.369033336639404 -1.3740867376327515
v -0.09653165191411972 5.939031600952148 -1.5174354314804077
v 0.15873993933200836 5.453080177307129 -0.5162801146507263
v 1.0428011417388916 4.854931831359863 -0.2545284032821655
v 0.8736138343811035 4.658278465270996 -0.23583562672138214
v -0.168568417429924 5.134200572967529 -0.985471785068512
v 0.797860860824585 5.776278495788574 -0.6854126453399658
v 0.16278937458992004 5.13087797164917 -1.5342122316360474
v 0.47164785861968994 4.841310977935791 -1.3583379983901978
v -0.11516327410936356 4.862552642822266 -0.7995320558547974
v 0.9959999918937683 5.253141403198242 -1.0968652963638306
v 0.7263426184654236 5.41266393661499 -1.2401573657989502
v 0.8214593529701233 5.889451026916504 -0.7755692005157471
v 0.7133756279945374 4.378864288330078 -0.9990607500076294
v 0.93179851770401 5.537985324859619 -0.8904403448104858
v 0.5688430666923523 5.080372333526611 -1.3331021070480347
v 0.7431484460830688 4.2940673828125 -0.9455136060714722
v 0.36880871653556824 4.510679721832275 -0.23630870878696442
v 1.267014980316162 4.781295299530029 -0.09535610675811768
v 1.192620873451233 4.901678562164307 -0.11910543590784073
v 0.7039554715156555 4.728026390075684 -1.2860162258148193
v 0.15462982654571533 4.837632656097412 -0.39235660433769226
v 0.8160735964775085 4.278308868408203 -0.9116360545158386
v 0.09798235446214676 5.017604351043701 -0.38763487339019775
v 0.1741146594285965 4.468873500823975 -0.7434395551681519
v 0.3022514879703522 5.106379508972168 -1.4968355894088745
v -0.17700143158435822 5.137929439544678 -1.0181492567062378
v 0.6615328192710876 4.532286643981934 -1.0809671878814697
v 0.7427162528038025 5.739260673522949 -0.8692510724067688
v 0.045404985547065735 5.1787428855896 -0.6682796478271484
v 0.1751684546470642 4.626755237579346 -1.1814966201782227
v 0.06637772172689438 5.459553241729736 -1.218721628189087
v 0.04912150651216507 5.26112174987793 -0.6316989064216614
v 0.11433137953281403 5.385685920715332 -1.3871217966079712
v 1.114944577217102 5.150333404541016 -0.3861446976661682
v 0.7977290153503418 5.101893901824951 -1.2156089544296265
v 0.8107715249061584 5.06361722946167 -1.2016605138778687
v 0.5036099553108215 4.439922332763672 -0.7044030427932739
v 0.43904173374176025 5.694974422454834 -0.9265481233596802
v 0.5856284499168396 5.482323169708252 -0.37730973958969116
v 0.3827556371688843 5.689443111419678 -0.6867045760154724
v 0.14554330706596375 5.162056922912598 -0.5592421293258667
v 1.1160000562667847 4.695211410522461 -0.5195067524909973
v 0.1967366486787796 4.458881378173828 -1.1768893003463745
v 0.5671772956848145 5.071035385131836 -1.3320887088775635
v -0.1716490238904953 4.553058624267578 -0.8518453240394592
v 0.8795837759971619 5.557737827301025 -0.9535351991653442
v 0.37883028388023376 4.490170001983643 -0.2390720397233963
v 0.058138832449913025 4.46575927734375 -1.0140063762664795
v 1.23353910446167 5.397578716278076 -0.11046088486909866
v 0.3204432427883148 4.462245464324951 -1.3562169075012207
v 0.17715142667293549 4.643656253814697 -1.1734699010849
v 0.46996551752090454 4.378769397735596 -1.094196081161499
v 0.4740245044231415 5.680609226226807 -0.9569305181503296
v 0.0935559943318367 4.459328651428223 -0.7208421230316162
v 0.44896847009658813 5.653257846832275 -0.5606124401092529
v 0.7977778911590576 5.841833591461182 -0.6822779774665833
v 1.0022419691085815 5.369240760803223 -0.8624985814094543
v -0.013036116026341915 5.125335216522217 -0.6945205926895142
v 0.34426555037498474 4.938218116760254 -0.21319705247879028
v 0.6087371110916138 5.18778133392334 -1.3457838296890259
v 0.1945646107196808 4.46220588684082 -1.2357345819473267
v -0.11105071753263474 5.805342197418213 -1.4331140518188477
v 0.47142836451530457 4.287904739379883 -0.5425001382827759
v 0.21764159202575684 5.116839408874512 -1.5176509618759155
v 0.04479337856173515 4.768789768218994 -0.49160152673721313
v 0.6918333172798157 4.50991678237915 -1.0472497940063477
v 0.1017269492149353 5.4700236320495605 -1.184952735900879
v 0.40648162364959717 4.463903903961182 -0.8245665431022644
v 0.16557057201862335 5.455188751220703 -0.5051737427711487
v 0.7965154051780701 5.275806903839111 -0.1686778962612152
v 1.1447579860687256 4.833377838134766 -0.4541036784648895
v 0.039402127265930176 5.840940475463867 -1.557548999786377
v -0.04074617475271225 4.495319843292236 -0.6923512816429138
v 1.0051640272140503 5.368732452392578 -0.8590683937072754
v 0.37143945693969727 5.088604927062988 -0.21783268451690674
v 0.5240000486373901 4.377206325531006 -1.1929903030395508
v 1.0585709810256958 5.344306468963623 -0.7566998600959778
v 0.9779447913169861 5.348684787750244 -1.04446280002594
v 0.8902760744094849 4.23252010345459 -0.8127318620681763
v 0.9501069784164429 5.144886493682861 -1.101141333580017
v 0.8276709914207458 5.850481986999512 -0.7868291139602661
v 0.1986561268568039 4.916331768035889 -1.3643255233764648
v 0.848466157913208 5.408406734466553 -1.1339470148086548
v 0.03186551854014397 5.570944309234619 -1.2973273992538452
v 0.8011801242828369 5.570034503936768 -0.489658385515213
v 0.4341447651386261 4.851406574249268 -1.366838812828064
v 1.162394404411316 5.04944372177124 -0.86749267578125
v 0.07936906814575195 4.9783124923706055 -0.4342576265335083
v 1.1010822057724 4.670526027679443 -0.2371492087841034
v 1.0425984859466553 4.973015785217285 -0.2211969643831253
v 0.09347028285264969 5.167207717895508 -0.634576678276062
v 0.7426273822784424 5.739476680755615 -0.8689717650413513
v 0.07386558502912521 4.602985382080078 -0.5899369120597839
v 0.7434112429618835 4.415037631988525 -0.46241116523742676
v 0.114332415163517 5.409660816192627 -1.3385109901428223
v 1.2579301595687866 4.9987664222717285 -0.11125769466161728
v 0.7411999702453613 5.743080139160156 -0.8636398315429688
v 0.0458400584757328 4.615645408630371 -1.059000015258789
v 0.9381439089775085 5.365811824798584 -0.9173067808151245
v 0.6503846049308777 4.429299831390381 -0.39975646138191223
v 1.0322498083114624 4.6745734214782715 -0.10844146460294724
v 0.15987446904182434 4.699125289916992 -1.101186990737915
v 1.1198647022247314 4.727414131164551 -0.4759509265422821
v 0.21028700470924377 5.54453182220459 -1.1308157444000244
v 0.8124340176582336 4.667455196380615 -1.1866438388824463
v 0.5336560606956482 4.708691596984863 -1.3529990911483765
v 1.2996660470962524 5.357351779937744 -0.048377636820077896
v 0.8089703321456909 5.723156452178955 -0.7257610559463501
v 0.8892949223518372 5.352663993835449 -1.1795657873153687
v -0.0629691556096077 5.1204752922058105 -0.7435833811759949
v 0.9959999918937683 5.262133598327637 -1.0997426509857178
v 0.18096284568309784 4.457284927368164 -0.9006636738777161
v 0.5547326803207397 4.445981025695801 -0.931480884552002
v -0.1693582534790039 5.134416103363037 -0.987769365310669
v 1.031328797340393 4.822963714599609 -0.25526121258735657
v 0.8512694835662842 5.5710768699646 -0.986217737197876
v 0.8148189783096313 5.853335857391357 -0.7124915719032288
v 0.47059667110443115 4.322491645812988 -0.5367941856384277
v 0.4832330346107483 4.400601863861084 -1.2912038564682007
v 0.6606444120407104 4.532495498657227 -1.0818555355072021
v 0.7097039222717285 4.724397659301758 -1.283298134803772
v 0.5558829307556152 4.412712097167969 -0.6692706942558289
v -0.0848655253648758 5.017558574676514 -0.9172483682632446
v 1.1200051307678223 4.746989727020264 -0.8382073640823364
v 0.028488578274846077 4.7665863037109375 -0.5089251399040222
v 0.8929937481880188 4.904710292816162 -0.13721179962158203
v 0.9869653582572937 5.097482681274414 -1.100379228591919
v 0.5561865568161011 5.478575706481934 -0.3832475543022156
v 0.1387978047132492 5.222423553466797 -0.5352939367294312
v 1.159000039100647 4.914416313171387 -0.43359726667404175
v 0.8059883117675781 5.07888126373291 -1.2069605588912964
v 1.055067777633667 5.346715927124023 -0.7644184827804565
v 0.7229889035224915 5.78249979019165 -0.8035538196563721
v -0.00016981545195449144 5.9087982177734375 -1.3684325218200684
v 0.7214974761009216 5.78249979019165 -0.8051692843437195
v 0.28519129753112793 4.706510543823242 -0.28590428829193115
v 0.6748095750808716 5.482668399810791 -0.3663707971572876
v 0.9340448975563049 5.537293910980225 -0.8876755237579346
v 1.3955985307693481 5.230072975158691 -0.14665937423706055
v 0.6335880160331726 5.2020440101623535 -1.3301080465316772
v 1.1017804145812988 4.70837926864624 -0.030197646468877792
v 0.5378011465072632 5.122526168823242 -1.3872368335723877
v 0.2365546077489853 4.513791084289551 -0.6755272150039673
v 0.015279287472367287 5.726879119873047 -1.2997344732284546
v 1.2259666919708252 4.994133472442627 -0.6429856419563293
v 0.06904489547014236 4.598383903503418 -0.5925664305686951
v 0.7383320331573486 4.262478351593018 -0.9607846140861511
v 0.6372730731964111 4.863427639007568 -0.12054244428873062
v 0.9045419692993164 5.3485107421875 -1.1685324907302856
v 0.5514681935310364 4.70265531539917 -1.3450158834457397
v 0.4742267429828644 5.50715446472168 -1.2832818031311035
v 1.1621112823486328 5.049962520599365 -0.8688141107559204
v -0.0205637626349926 5.012856960296631 -0.6498919725418091
v 1.1010254621505737 5.152551174163818 -0.8936048746109009
v 1.1768975257873535 4.754571914672852 0.005825565196573734
v 0.378872275352478 4.3480963706970215 -0.25999996066093445
v 0.46572110056877136 5.4354963302612305 -0.31621724367141724
v 1.1663823127746582 5.202395439147949 -0.6983664035797119
v 0.18090780079364777 4.670120716094971 -1.1539185047149658
v 1.234148383140564 4.933433532714844 -0.669968843460083
v 0.5527320504188538 4.880377769470215 -0.11259765177965164
v 0.5665329694747925 5.06636381149292 -1.3317666053771973
v 0.05147843807935715 5.263478755950928 -0.6300153732299805
v 0.029457027092576027 4.903769493103027 -1.215262770652771
v 0.24223217368125916 4.513500213623047 -0.6690726280212402
v 0.027489015832543373 5.198695659637451 -1.5700653791427612
v 0.4546734392642975 4.903581619262695 -0.13363268971443176
v 0.11457717418670654 5.383073329925537 -1.392853021621704
v 1.2169098854064941 4.887956142425537 -0.6831358671188354
v -0.16163288056850433 5.1323089599609375 -0.9656926989555359
v 1.0242856740951538 4.805346965789795 -0.25624483823776245
v 0.13075359165668488 5.163166046142578 -0.5808266401290894
v 1.3191020488739014 5.291632652282715 -0.25384998321533203
v 0.024026809260249138 5.236526966094971 -0.6495606899261475
v 0.028183961287140846 5.644778251647949 -1.5296580791473389
v 0.19714675843715668 4.8158674240112305 -0.36238113045692444
v 0.020764175802469254 5.4324493408203125 -1.2068148851394653
v 0.3085406720638275 4.461799144744873 -0.9183615446090698
v 0.23678232729434967 5.1724162101745605 -0.38778674602508545
v 0.8641281723976135 4.2304911613464355 -0.7026458382606506
v 0.8792649507522583 4.680207252502441 -0.22458775341510773
v 0.12229454517364502 5.024799823760986 -0.38317376375198364
v 0.6936786770820618 5.589772701263428 -0.48997560143470764
v 0.1688704639673233 4.452331066131592 -0.8953313231468201
v 1.1680608987808228 4.941621780395508 -0.40992632508277893
v 0.9295937418937683 4.928656578063965 -0.1546250581741333
v -0.005898797884583473 5.952488899230957 -1.4115219116210938
v 0.7800000309944153 4.341632843017578 -0.5374914407730103
v 0.5105773210525513 5.672843933105469 -0.9831088781356812
v 0.9477761387825012 4.416947841644287 -0.6709397435188293
v 0.716171145439148 5.333893299102783 -1.2791229486465454
v 0.9968368411064148 5.335933208465576 -0.37272995710372925
v 0.1337914764881134 5.162910461425781 -0.5760815143585205
v 1.0290462970733643 5.278225421905518 -1.0119768381118774
v 0.44582635164260864 4.47076940536499 -0.8134670853614807
v 1.3647994995117188 5.121808052062988 0.06932759284973145
v 0.2687966227531433 4.5095534324646 -0.6369799375534058
v 0.5849911570549011 4.483121395111084 -1.142109751701355
v 0.8146183490753174 5.568543910980225 -0.4997064769268036
v 0.626757800579071 5.817670822143555 -0.8002421259880066
v 1.423283338546753 5.17542839050293 -0.0984332486987114
v 0.7904753684997559 5.1191182136535645 -1.219910740852356
v 0.7635937929153442 4.394793510437012 -0.4864314794540405
v 0.20616044104099274 4.453799724578857 -1.152958869934082
v 0.7383794784545898 5.24442195892334 -1.257680892944336
v 0.7367696762084961 5.602783203125 -1.050141453742981
v 0.7435785531997681 5.822637557983398 -0.6647320985794067
v 0.8559273481369019 5.626118183135986 -0.8674272894859314
v 0.7589809894561768 5.641650199890137 -0.9666136503219604
v 0.21306322515010834 4.388000011444092 -0.49911561608314514
v 0.9222450256347656 5.3420233726501465 -1.1575469970703125
v 0.018255677074193954 5.940817832946777 -1.5254807472229004
v 0.19637654721736908 4.38902473449707 -0.45968514680862427
v 1.032354712486267 5.269608497619629 -1.0098179578781128
v 0.759802520275116 5.649591445922852 -0.9616848230361938
v 0.3359927237033844 4.410325050354004 -0.5610072612762451
v 0.8640361428260803 5.358918190002441 -1.199948787689209
v 0.5918108224868774 5.145951747894287 -1.3360849618911743
v 0.32547610998153687 4.350110054016113 -0.5864999890327454
v 1.0970762968063354 4.70579195022583 -0.034431323409080505
v 0.2999485433101654 4.401804447174072 -1.0671319961547852
v 0.14732123911380768 4.695882797241211 -1.0902841091156006
v 0.831053614616394 5.4225239753723145 -0.38905084133148193
v -0.15028822422027588 5.641964435577393 -1.4087793827056885
v 0.6311584711074829 4.2725019454956055 -0.7591876983642578
v 0.6733430624008179 5.806405067443848 -0.8182809948921204
v 0.9417646527290344 5.000107765197754 -1.1272352933883667
v 0.07537170499563217 5.411088943481445 -0.6744637489318848
v 0.9611746668815613 5.36013650894165 -1.0544127225875854
v 0.5591463446617126 4.808263301849365 -1.3432844877243042
v 0.6484267115592957 5.261746883392334 -1.3272866010665894
v 0.01789327710866928 5.675103187561035 -1.2915356159210205
v 0.7419862747192383 5.8102569580078125 -0.6600136756896973
v 0.2292720228433609 4.440802574157715 -1.1225394010543823
v -0.1004764512181282 5.336642742156982 -0.8772147297859192
v 0.7151626348495483 4.254313945770264 -0.638727068901062
v 0.7499812841415405 5.8336873054504395 -0.6693957448005676
v -0.060098666697740555 5.960700511932373 -1.3850841522216797
v 0.9490656852722168 4.416347980499268 -0.6583670377731323
v 0.36292439699172974 4.7392964363098145 -1.3897398710250854
v 0.0021506687626242638 5.1837334632873535 -0.6950000524520874
v 0.8758985996246338 5.407583713531494 -0.4038327932357788
v 0.9488478899002075 5.129326820373535 -1.0974277257919312
v -0.07098235934972763 4.747425556182861 -0.6683534383773804
v 0.8114809393882751 5.851025104522705 -0.7045314908027649
v 1.2732155323028564 5.0971360206604 -0.07964431494474411
v 0.8193511962890625 5.813942909240723 -0.7761288285255432
v 0.8949574828147888 5.541913986206055 -0.5876004099845886
v 0.7604939937591553 5.18426513671875 -1.2356927394866943
v 0.363689124584198 4.532927513122559 -0.23350003361701965
v 0.26195570826530457 5.597054481506348 -1.091044306755066
v 0.2712542414665222 5.262059211730957 -0.3173220753669739
v 0.013070367276668549 4.905278205871582 -1.1927541494369507
v 0.47845959663391113 4.326470851898193 -0.2823294699192047
v 0.28606492280960083 4.459513187408447 -0.9480801224708557
v 0.5848235487937927 5.1309332847595215 -1.3366069793701172
v 0.5252914428710938 5.107502460479736 -1.3940778970718384
v 0.1870991289615631 4.577002048492432 -0.4643016755580902
v 1.1332812309265137 4.731539726257324 -0.7627162337303162
v 0.7518999576568604 5.706360340118408 -0.9066197872161865
v 0.6413730978965759 5.806153297424316 -0.7276268601417542
v 1.4034401178359985 5.218587875366211 -0.13310390710830688
v 0.7083211541175842 4.6025238037109375 -0.23323437571525574
v 0.3370808959007263 4.430977821350098 -0.561919093132019
v 0.4791735112667084 4.474569320678711 -1.019365906715393
v 1.0329569578170776 4.7325239181518555 -0.29951930046081543
v 1.2479335069656372 5.190861701965332 -0.10890994220972061
v -0.1329810470342636 4.544990539550781 -0.7289149761199951
v 0.972167432308197 5.501888275146484 -0.8277303576469421
v 1.2790093421936035 5.300903797149658 -0.30034664273262024
v 0.4625757932662964 5.67753791809082 -0.8871930837631226
v 1.130791187286377 4.804582595825195 -0.4537582993507385
v 1.0825181007385254 4.811069488525391 -0.20515403151512146
v 0.9424789547920227 5.372014045715332 -1.0670140981674194
v 0.8335551619529724 5.125337600708008 -0.15741950273513794
v 0.12947453558444977 5.208712100982666 -0.5321581363677979
v 0.45851102471351624 4.417631149291992 -1.054114580154419
v 0.010485713370144367 5.486571311950684 -1.0025334358215332
v 1.0917576551437378 4.778392314910889 -0.9426578283309937
v 0.19513392448425293 4.3894476890563965 -0.41733047366142273
v 0.3949032723903656 5.706573486328125 -0.8611965775489807
v 0.4197458028793335 4.854249954223633 -1.3707512617111206
v 0.13362827897071838 5.162918567657471 -0.5763018727302551
v 0.759670078754425 5.783021926879883 -0.7684400081634521
v 1.0354975461959839 4.557438850402832 -0.8342581391334534
v 0.40797358751296997 4.481949329376221 -0.7594603896141052
v 0.001199406455270946 4.5067667961120605 -1.0207202434539795
v 0.502682626247406 4.480045795440674 -0.9895559549331665
v 1.3535295724868774 5.273274898529053 -0.20628167688846588
v 0.5796935558319092 5.118838787078857 -1.3367581367492676
v 0.7450860738754272 5.449949741363525 -0.37092018127441406
v 0.1996936947107315 4.389486312866211 -0.40405723452568054
v 1.4040043354034424 5.217575550079346 -0.13220161199569702
v 0.048036012798547745 5.260035991668701 -0.6324742436408997
v 1.085179328918457 5.0114898681640625 -0.2863295078277588
v 1.268528699874878 5.021954536437988 -0.1056695356965065
v 0.7435768842697144 5.153531551361084 -0.11842138320207596
v 1.018999457359314 4.648766040802002 -0.36629924178123474
v 1.0221818685531616 5.3621697425842285 -0.8311793804168701
v 0.5497614741325378 5.751422882080078 -0.6480076909065247
v 0.13929325342178345 4.450586318969727 -0.9646549224853516
v -0.06694881618022919 4.958261013031006 -1.013892412185669
v 0.18362587690353394 4.509443283081055 -1.2414120435714722
v 0.7183695435523987 4.941972255706787 -1.3590577840805054
v 0.5841928720474243 5.797624111175537 -0.8292521238327026
v 1.0198911428451538 4.649776935577393 -0.3675476312637329
v 0.3741391599178314 4.365006446838379 -1.0606523752212524
v 1.0408717393875122 5.247579097747803 -1.0068230628967285
v 0.6252135634422302 4.525400638580322 -1.121024250984192
v 0.59017014503479 5.799443244934082 -0.825613796710968
v 0.3659203350543976 5.091152191162109 -0.22186590731143951
v 0.6113918423652649 4.378711700439453 -0.6912163496017456
v 0.40838125348091125 4.733206748962402 -1.3902486562728882
v 0.23113186657428741 5.567111968994141 -1.1189640760421753
v 0.9628140926361084 5.228736400604248 -0.23558567464351654
v 1.2209892272949219 4.896406173706055 -0.6802219748497009
v 0.17774851620197296 5.2683892250061035 -0.5361406803131104
v 0.42301052808761597 4.477872371673584 -0.7805450558662415
v 0.17976631224155426 4.913941383361816 -1.3509422540664673
v 0.4538513720035553 5.0505051612854 -0.15623392164707184
v 0.3262256383895874 4.400759220123291 -1.0460150241851807
v 0.8717647790908813 5.562241077423096 -0.9642235040664673
v 1.0976636409759521 5.209174156188965 -0.22490793466567993
v 1.1780389547348022 4.72153902053833 -0.2092122882604599
v 0.20153532922267914 5.395767688751221 -1.3551734685897827
v 0.561168372631073 5.147168159484863 -1.3734526634216309
v 0.9638532400131226 4.642353057861328 -0.22253811359405518
v -0.09313304722309113 4.705992698669434 -0.8424283862113953
v 0.587833046913147 4.794349670410156 -1.3346905708312988
v 1.0917295217514038 4.7028326988220215 -0.039244603365659714
v 0.5418885946273804 4.4413886070251465 -1.138944387435913
v 0.19885748624801636 5.099365711212158 -0.34157130122184753
v 1.0541471242904663 5.133264064788818 -0.2435586303472519
v 0.9727190136909485 5.50152063369751 -0.8334298133850098
v 1.1105684041976929 5.012777805328369 -0.29622215032577515
v 0.08345562219619751 5.011954307556152 -0.38230377435684204
v 0.3211384117603302 5.393462657928467 -0.32709798216819763
v 1.2228984832763672 5.008156776428223 -0.6348960995674133
v 0.6117508411407471 4.380103588104248 -0.6906489133834839
v 0.06186920776963234 5.17476224899292 -0.6592293381690979
v 0.40989744663238525 5.120712757110596 -1.4803240299224854
v -0.08141002058982849 5.956347465515137 -1.4153435230255127
v 1.0449339151382446 5.314349174499512 -0.4640212059020996
v 0.2148350030183792 5.396056652069092 -1.3456908464431763
v 0.11276280879974365 5.4013142585754395 -1.3528096675872803
v -0.006681527942419052 4.510227680206299 -0.6479088664054871
v 0.9473927021026611 4.503687381744385 -0.5089799761772156
v 0.8598299026489258 4.9186015129089355 -1.2266827821731567
v -0.0909540131688118 5.200665473937988 -1.4683935642242432
v -0.1852545440196991 5.143824577331543 -1.0525532960891724
v -0.11020057648420334 4.869239330291748 -0.7741615772247314
v 0.2575742304325104 4.478121757507324 -0.9322972893714905
v 0.04196944832801819 5.705644607543945 -1.5209083557128906
v 1.1164920330047607 5.15489387512207 -0.39329564571380615
v 0.04546395316720009 4.477677345275879 -0.7021449208259583
v 0.9231575131416321 4.968247413635254 -1.1500362157821655
v 0.7368753552436829 5.783154487609863 -0.6856370568275452
v 0.5750868916511536 5.766891002655029 -0.6620092391967773
v 1.1001170873641968 4.641467571258545 -0.7062775492668152
v 0.9270058274269104 4.974511623382568 -1.1446399688720703
v 0.8398590683937073 5.419625759124756 -0.3916104733943939
v 0.6117215156555176 4.870283126831055 -0.12249993532896042
v 0.8669201135635376 4.229618549346924 -0.7071825265884399
v 1.101632833480835 4.645449161529541 -0.6828555464744568
v 0.2773829400539398 4.716746807098389 -0.2902158796787262
v 1.327105164527893 5.0253682136535645 0.07521044462919235
v 0.5714923143386841 5.054020881652832 -1.3955031633377075
v 1.0133346319198608 4.5954413414001465 -0.47278517484664917
v 0.24293223023414612 5.176457405090332 -0.36722877621650696
v 1.03327476978302 4.749989032745361 -0.27424702048301697
v 1.1382371187210083 4.818940162658691 -0.4550338089466095
v 0.3685263991355896 5.693984031677246 -0.7533679008483887
v 0.8649331331253052 4.230239391326904 -0.7039536833763123
v 0.7451425194740295 4.6366424560546875 -0.2210603654384613
v 0.4487057030200958 5.53581428527832 -0.43228575587272644
v -0.15130624175071716 5.42150354385376 -1.512224793434143
v -0.04956796392798424 5.044066905975342 -0.6841408014297485
v 0.12631650269031525 4.4499688148498535 -0.7433701753616333
v 0.5291748046875 4.477114200592041 -0.961421549320221
v -0.0033315529581159353 4.998879909515381 -0.6126030087471008
v 0.11186844110488892 5.430431842803955 -1.3055490255355835
v 0.16842687129974365 4.429573059082031 -0.8624870777130127
v 0.9726150035858154 5.098180770874023 -0.18208208680152893
v 1.071845293045044 5.360798358917236 -0.24225185811519623
v 0.3983589708805084 4.4862189292907715 -0.7447336912155151
v 0.7613734602928162 5.353047847747803 -1.2716325521469116
v 0.5542334914207458 4.411647796630859 -0.586342990398407
v 0.8694484233856201 5.563631057739258 -0.9683927297592163
v 0.5661652684211731 5.020270347595215 -0.11150585860013962
v 0.7367687821388245 4.421231269836426 -0.45669203996658325
v 0.4430612623691559 5.679370403289795 -0.9060035347938538
v 1.1285079717636108 4.732407569885254 -0.7783375978469849
v 0.15816234052181244 4.911431312561035 -1.3346571922302246
v 1.1218940019607544 5.379197120666504 -0.20820435881614685
v 0.16520164906978607 4.434811592102051 -0.7992672324180603
v 0.2554527223110199 4.373016357421875 -0.5634507536888123
v 0.3720850646495819 5.692500114440918 -0.7334046363830566
v 0.6575332283973694 5.811185836791992 -0.781690239906311
v 0.4028724431991577 4.387178897857666 -1.057910680770874
v 0.7768501043319702 5.290022373199463 -0.1719999462366104
v -0.11700001358985901 4.84827184677124 -0.845725953578949
v 0.21719208359718323 5.552108287811279 -1.1269458532333374
v 0.9303483366966248 4.7456512451171875 -0.22107577323913574
v 0.7732670307159424 5.140425682067871 -0.13141295313835144
v 0.08867715299129486 4.979276657104492 -0.42278751730918884
v 0.38141950964927673 5.6898088455200195 -0.6915132403373718
v 1.09768807888031 5.069747447967529 -0.3608318269252777
v 0.8788849115371704 4.243019104003906 -0.8541434407234192
v 0.6169349551200867 4.5190935134887695 -1.126543402671814
v -0.14273205399513245 5.359431266784668 -1.2137371301651
v 0.7955661416053772 5.760512351989746 -0.7485290765762329
v 0.08598997443914413 5.299086093902588 -0.6018177270889282
v 0.19545765221118927 4.459511756896973 -1.1842058897018433
v 0.3085251748561859 5.1059465408325195 -1.4944559335708618
v 0.8348207473754883 4.238698482513428 -0.6549298763275146
v 0.40956661105155945 4.481348991394043 -0.7618311047554016
v 1.1016100645065308 4.64541482925415 -0.6830942034721375
v 0.16400155425071716 4.833543300628662 -0.3851512670516968
v 0.6356104016304016 5.335975170135498 -0.21491971611976624
v 1.0893951654434204 4.664873123168945 -0.24162691831588745
v 0.47777390480041504 5.508005619049072 -1.2829980850219727
v 0.8299766778945923 5.360867977142334 -1.2287876605987549
v -0.005514322314411402 4.907796859741211 -1.1648303270339966
v 0.02707475982606411 5.239643096923828 -0.6472675800323486
v 0.05786488205194473 5.269865036010742 -0.6254537105560303
v -0.030736438930034637 4.912708282470703 -1.1198188066482544
v 1.1820350885391235 5.002399444580078 -0.7868693470954895
v 0.4297616481781006 4.427319526672363 -1.3378989696502686
v 1.086932897567749 4.699862957000732 -0.04358451068401337
v 0.9788681268692017 5.075344562530518 -1.0977838039398193
v 1.0493985414505005 4.548101425170898 -0.7620140314102173
v 0.45773813128471375 4.465380668640137 -0.8319830894470215
v 1.0139398574829102 4.667419910430908 -0.13500019907951355
v 0.4558079242706299 4.291548252105713 -0.5566201210021973
v 0.8403723239898682 4.2376627922058105 -0.6634074449539185
v 0.8437937498092651 5.573568820953369 -0.9932781457901001
v 0.4994548559188843 4.44215726852417 -0.708814799785614
v -0.08721259981393814 4.516021251678467 -0.6775211691856384
v -0.0851607695221901 5.031374454498291 -0.8909919857978821
v 0.43421462178230286 4.426020622253418 -1.335115909576416
v 1.0405000448226929 5.0025634765625 -0.21810322999954224
v 0.5730631947517395 5.096471309661865 -1.3351954221725464
v 0.8107697367668152 4.280033588409424 -0.9139212369918823
v -0.09976036101579666 4.724822521209717 -0.7742095589637756
v 1.104412317276001 5.151547431945801 -0.8533980846405029
v 0.7055505514144897 5.865592002868652 -0.7062149047851562
v 0.9465975165367126 5.008466720581055 -1.1227447986602783
v 1.0969599485397339 5.208588600158691 -0.22536011040210724
v 0.9545348882675171 5.262028217315674 -1.1269999742507935
v 0.13583874702453613 4.450833320617676 -0.9708235859870911
v 0.5121269822120667 4.311028003692627 -0.2953241467475891
v 0.8620872497558594 5.117031097412109 -0.1739482432603836
v 0.0410270020365715 5.253661155700684 -0.6369372606277466
v 0.019346876069903374 5.66187858581543 -1.2906020879745483
v 0.8546094298362732 5.6656694412231445 -0.8585944175720215
v 0.31233927607536316 5.400153636932373 -0.33064034581184387
v 0.6451206207275391 5.48520565032959 -0.36961743235588074
v 0.9393130540847778 4.454522609710693 -0.5342522263526917
v -0.1584239900112152 5.271278381347656 -1.0151890516281128
v 0.6394641995429993 5.244886875152588 -1.3296236991882324
v 0.38400667905807495 5.474186897277832 -1.2895721197128296
v 0.8375363945960999 4.913969039916992 -1.2507109642028809
v 1.1895421743392944 5.223913192749023 -0.1715446412563324
v 0.3174178898334503 4.391051292419434 -1.0613877773284912
v 0.7211857438087463 5.606442928314209 -1.0500856637954712
v 0.2605843245983124 5.596005916595459 -1.092415690422058
v 0.09594885259866714 5.342869281768799 -1.4689620733261108
v 1.3270115852355957 5.025121212005615 0.07518495619297028
v 1.0294593572616577 4.673424243927002 -0.11270921677350998
v 1.2356780767440796 4.964266777038574 -0.11530142277479172
v 0.8011224865913391 5.774672031402588 -0.7038508653640747
v 0.32642900943756104 5.249770641326904 -1.43642258644104
v -0.008856888860464096 5.141387462615967 -0.6944140791893005
v 0.994725227355957 4.577725410461426 -0.4807157516479492
v 0.2900758385658264 4.460315227508545 -0.9427322149276733
v 0.25091126561164856 4.429658889770508 -1.100602626800537
v -0.14237269759178162 4.549441337585449 -0.7413236498832703
v 1.079997181892395 4.809586524963379 -0.2082682102918625
v 1.031619668006897 4.8237528800964355 -0.2553028464317322
v -0.028983185067772865 4.51438570022583 -1.024445652961731
v -0.04581165686249733 4.74979829788208 -0.6157241463661194
v 0.04663664102554321 5.788142204284668 -1.546229600906372
v 0.8501573801040649 5.690822601318359 -0.8429720401763916
v 0.3618687391281128 4.544213771820068 -0.23350003361701965
v 0.025204239413142204 4.982891082763672 -0.5419829487800598
v 0.6911935806274414 4.735735893249512 -1.2906655073165894
v 0.41747400164604187 4.461857795715332 -0.8144068121910095
v 0.7030341029167175 5.879260063171387 -0.8165273666381836
v 0.6009578108787537 5.182093620300293 -1.3505889177322388
v 1.4176609516143799 5.190755367279053 -0.1090472862124443
v 1.0514357089996338 4.545107364654541 -0.7421213388442993
v 0.48827749490737915 4.397598743438721 -1.2843209505081177
v 1.4124563932418823 5.056679725646973 -0.06571118533611298
v -0.05182677507400513 5.965003490447998 -1.3748250007629395
v 1.0349972248077393 4.833491802215576 -0.25550004839897156
v 1.2068984508514404 4.921917915344238 -0.11406043916940689
v -0.14442522823810577 5.130787372589111 -0.8894765973091125
v 1.1791777610778809 5.009110450744629 -0.7939603924751282
v 0.04229310527443886 4.47817325592041 -0.7011540532112122
v 0.6105523705482483 5.783668518066406 -0.6795893311500549
v 1.2294679880142212 4.914254665374756 -0.674590528011322
v 0.22284282743930817 4.510129928588867 -0.6911092400550842
v 0.37081044912338257 4.504093170166016 -0.23778630793094635
v 0.13426543772220612 4.689594745635986 -1.0791960954666138
v 1.2090001106262207 5.060551166534424 -0.6160000562667847
v 0.21764041483402252 4.478264331817627 -0.42332014441490173
v 0.04943649843335152 5.468708038330078 -1.246530532836914
v 1.2799818515777588 5.300811290740967 -0.29923513531684875
v 0.4952316880226135 4.833765983581543 -1.3536181449890137
v 0.5549706220626831 5.3640522956848145 -0.27318620681762695
v 1.1012744903564453 5.224573612213135 -0.46534812450408936
v 1.027338981628418 4.796809673309326 -1.0086965560913086
v 0.9386808276176453 4.482451915740967 -0.5157291293144226
v 1.223960280418396 4.947257995605469 -0.11443261802196503
v 0.29059121012687683 4.406656265258789 -1.0709443092346191
v 1.062490463256836 5.288268566131592 -0.4732457995414734
v -0.11529328674077988 4.544217109680176 -0.9648480415344238
v 0.4859321415424347 5.716067314147949 -0.6154457926750183
v 0.1825380176305771 4.9142279624938965 -1.3528538942337036
v 0.8815839290618896 5.556646823883057 -0.9508069157600403
v -0.1473817676305771 5.457269191741943 -1.5007963180541992
v 0.39176931977272034 5.2665510177612305 -1.4255329370498657
v 0.7780459523200989 4.239959716796875 -0.6127298474311829
v 0.1687437891960144 4.429378032684326 -0.8582085967063904
v 0.6952153444290161 4.293812274932861 -0.9349806904792786
v 0.1980597823858261 4.388999938964844 -0.46361956000328064
v 0.00802381057292223 5.506785869598389 -0.9087616801261902
v -0.22778542339801788 5.287623882293701 -1.31136953830719
v 0.7235295176506042 4.276477813720703 -0.9472176432609558
v 0.8789172172546387 4.678294658660889 -0.22545701265335083
v 1.030797004699707 4.560001373291016 -0.8490079641342163
v 0.6252378225326538 4.4149274826049805 -0.38208243250846863
v -0.042715076357126236 5.9463210105896 -1.3953568935394287
v 1.074263095855713 4.805758953094482 -0.21523424983024597
v -0.0683417022228241 4.524773120880127 -1.011613130569458
v 0.4509999752044678 5.50028133392334 -0.3766787350177765
v 0.36208856105804443 4.542851448059082 -0.23350003361701965
v -0.06765631586313248 5.105762481689453 -0.7586221098899841
v 1.1605570316314697 5.052411079406738 -0.8748542666435242
v -0.09975354373455048 4.7247748374938965 -0.7744011282920837
v 1.107420563697815 4.766605854034424 -0.9023966789245605
v 0.8166723251342773 4.8727006912231445 -0.106048084795475
v -0.1713779717683792 4.553561210632324 -0.8100356459617615
v 1.0242786407470703 4.643438339233398 -0.282010018825531
v 1.0086963176727295 5.3150858879089355 -1.0244019031524658
v 0.30279240012168884 5.243930339813232 -1.4351433515548706
v 0.6434229016304016 5.33419942855835 -0.20923791825771332
v 0.9513784646987915 5.183730602264404 -1.1114057302474976
v 0.7077457308769226 5.469605445861816 -0.36595669388771057
v 0.022448459640145302 5.495994567871094 -1.5297938585281372
v 0.9507388472557068 5.163381099700928 -1.105649471282959
v 0.8528708219528198 5.570451736450195 -0.9846291542053223
v 1.118308186531067 5.079831123352051 -0.935661792755127
v 0.39519375562667847 4.487679958343506 -0.739620566368103
v -0.1481034904718399 5.130350589752197 -0.912419855594635
v 0.057585157454013824 4.90182638168335 -1.2507480382919312
v 0.7585720419883728 5.9225172996521 -0.7626959681510925
v 0.057954221963882446 5.020204544067383 -0.36280280351638794
v 1.0810542106628418 5.193939685821533 -0.23460130393505096
v 0.16832612454891205 4.459413051605225 -0.7554563879966736
v -0.02136264182627201 4.4910383224487305 -0.6912767887115479
v -0.023231608793139458 4.491313457489014 -0.6911119222640991
v 0.9650440216064453 5.357621192932129 -1.0524779558181763
v 0.7800000309944153 4.338862419128418 -0.5404077172279358
v 0.4747318923473358 4.287170886993408 -0.5386460423469543
v -0.01326946821063757 4.533421993255615 -1.0500259399414062
v 0.8225062489509583 5.820834636688232 -0.7799429297447205
v 0.37298262119293213 5.692500114440918 -0.727121889591217
v -0.1007566973567009 4.53831148147583 -0.9825652837753296
v 0.4625283181667328 4.451294422149658 -0.7478345632553101
v 0.6823472380638123 5.216876029968262 -1.2943089008331299
v 1.1958502531051636 4.905928611755371 -0.11751775443553925
v 0.022534171119332314 5.315999984741211 -1.5504987239837646
v 0.561848521232605 4.459174633026123 -0.9364653825759888
v 0.12829865515232086 4.839000225067139 -0.40811461210250854
v 0.6915214657783508 5.894290924072266 -0.804252028465271
v -0.0037141023203730583 4.487878322601318 -0.6929206252098083
v 0.3121339976787567 5.400320053100586 -0.33072835206985474
v 0.5301004648208618 5.76499080657959 -0.8642663359642029
v 0.7398524880409241 5.746583461761475 -0.857980489730835
v 0.018042029812932014 5.590525150299072 -1.5290210247039795
v 0.14347469806671143 5.22783899307251 -0.5370170474052429
v -0.09865382313728333 4.734846115112305 -0.7380576133728027
v 0.5360020399093628 5.744251251220703 -0.640876293182373
v 0.5737718939781189 5.018438339233398 -0.11100878566503525
v 0.8011680841445923 5.091958999633789 -1.2114055156707764
v 0.31879621744155884 5.395194053649902 -0.3280144929885864
v 1.1125388145446777 5.192651748657227 -0.44065192341804504
v 0.12840326130390167 5.163479804992676 -0.5852139592170715
v 0.21901682019233704 5.140544414520264 -0.32898789644241333
v 0.7534012794494629 5.418994426727295 -1.2125928401947021
v 0.2264595627784729 5.1602253913879395 -0.3238467574119568
v 0.6146684288978577 4.3960161209106445 -0.6781416535377502
v 1.0337885618209839 4.675207138061523 -0.10608823597431183
v 0.6250575184822083 4.8659892082214355 -0.12249178439378738
v 0.04081016778945923 5.48171854019165 -1.2595824003219604
v 0.7412805557250977 5.451359272003174 -0.3703564405441284
v 0.23695619404315948 4.513767242431641 -0.6750784516334534
v -0.11743579059839249 4.856243133544922 -0.8212449550628662
v 0.44488102197647095 5.5458269119262695 -0.45980310440063477
v 1.2098054885864258 5.218254089355469 -0.1484484076499939
v 0.37240004539489746 4.327536106109619 -0.5845000147819519
v 0.998645544052124 4.648701190948486 -0.3464447259902954
v 0.8144472241401672 4.278850555419922 -0.9123136401176453
v 0.4313441514968872 4.909201145172119 -0.14396966993808746
v 0.6323060989379883 5.786605358123779 -0.6923854947090149
v 1.1154212951660156 4.778507709503174 -0.4486278295516968
v 1.0113520622253418 4.639718532562256 -0.35545065999031067
v -0.09386436641216278 4.707601547241211 -0.8381866216659546
v 1.0549367666244507 5.126347064971924 -0.2400946468114853
v 0.12626975774765015 5.485928535461426 -1.1690396070480347
v 1.1743980646133423 4.7654194831848145 -0.7439099550247192
v 0.8835718035697937 4.238952159881592 -0.8418205380439758
v 0.849629819393158 5.5716233253479 -0.9877663254737854
v -0.12425867468118668 5.3180928230285645 -0.9163138270378113
v 0.7608528137207031 5.050531387329102 -1.2385386228561401
v 0.4682285487651825 4.40863561630249 -1.307731032371521
v 0.266513466835022 4.476682186126709 -1.3340742588043213
v 0.30678021907806396 4.461592197418213 -0.9205361604690552
v 0.9399889707565308 4.75226354598999 -0.22462227940559387
v 0.018985513597726822 5.602319240570068 -1.529492735862732
v 0.009929965250194073 5.489770412445068 -0.9961789846420288
v 0.6174256801605225 5.184248447418213 -0.10549426078796387
v 0.6168253421783447 4.282512187957764 -0.811373770236969
v 0.7676044702529907 5.746059417724609 -0.6762828230857849
v 0.7699317932128906 4.2861504554748535 -0.5959916114807129
v 0.4891025424003601 4.478626251220703 -1.005472183227539
v 0.9610236883163452 5.504385948181152 -0.7779140472412109
v -0.09309948980808258 4.7404093742370605 -0.7134534120559692
v 0.7997816205024719 4.915235996246338 -1.3038979768753052
v 1.0983901023864746 4.7739577293396 -0.9274741411209106
v 0.3636861741542816 4.332695960998535 -0.5843203067779541
v 0.688140869140625 5.8777546882629395 -0.8102567791938782
v 1.1173408031463623 4.706568241119385 -0.49922746419906616
v 0.43741339445114136 5.683730602264404 -0.9173051714897156
v 1.2286622524261475 5.299037933349609 -0.3450549840927124
v 0.11958180367946625 5.4418840408325195 -0.5811505317687988
v 0.7831013202667236 5.785446643829346 -0.7294523119926453
v 0.4744165241718292 5.6804704666137695 -0.957230269908905
v 0.9472736716270447 4.419774055480957 -0.7093802094459534
v 0.5783919095993042 5.114543437957764 -1.3363674879074097
v 0.8490530252456665 4.976470470428467 -1.1946525573730469
v 0.9356105327606201 4.932217597961426 -0.15779879689216614
v -0.0003955374413635582 4.75852632522583 -0.5475998520851135
v 0.2611030340194702 5.234367370605469 -0.318691223859787
v 0.8559999465942383 5.613986015319824 -0.8692035675048828
v 1.0058377981185913 4.571756839752197 -0.8966621160507202
v 0.9290437698364258 4.80674409866333 -1.1592061519622803
v 0.704903244972229 4.465778350830078 -1.015895128250122
v 0.03930938243865967 5.260079383850098 -0.6994999647140503
v 0.7777596712112427 5.146478652954102 -1.2272437810897827
v -0.07570711523294449 4.809563159942627 -0.9354550838470459
v 0.07649446278810501 5.332747459411621 -1.5005700588226318
v 0.060642145574092865 4.4726786613464355 -0.7065574526786804
v 1.128808856010437 4.904323577880859 -0.34216171503067017
v 0.7980614900588989 5.775876998901367 -0.6884213089942932
v 1.1275434494018555 5.00839900970459 -0.3995528817176819
v 0.6019867658615112 4.328342914581299 -0.710434079170227
v -0.11567413061857224 5.325160503387451 -0.9018465280532837
v -0.10099045932292938 5.94265079498291 -1.4920761585235596
v 0.5220638513565063 4.479336738586426 -0.9682623147964478
v 1.014490008354187 4.763875484466553 -0.2405964583158493
v 0.9554201364517212 5.329196929931641 -1.1396856307983398
v 0.2719602882862091 4.723950386047363 -0.2936291992664337
v 0.541521430015564 4.883273601531982 -0.11188367009162903
v -0.18343794345855713 5.253276824951172 -1.095509648323059
v 1.1137927770614624 4.758046627044678 -0.8739035725593567
v 0.018000025302171707 5.58212947845459 -1.528999924659729
v 0.7684364318847656 5.440537452697754 -0.3754141926765442
v 1.220085620880127 4.75582218170166 -0.15693101286888123
v 0.024450326338410378 5.236950397491455 -0.6492557525634766
v 1.0349502563476562 5.350266933441162 -0.2562221586704254
v 1.3563828468322754 4.9615702629089355 -0.07344144582748413
v 0.11602818220853806 5.440896511077881 -0.5866783857345581
v 0.17171905934810638 4.8311944007873535 -0.38078927993774414
v 0.7588165402412415 4.29188346862793 -0.9403625726699829
v -0.09963320195674896 4.723932266235352 -0.7777707576751709
v -0.03030499629676342 5.061310768127441 -0.701951265335083
v 1.017659068107605 4.791275501251221 -0.25862783193588257
v 0.8384493589401245 5.575429439544678 -0.9980740547180176
v 0.2875814735889435 4.507245063781738 -0.6191736459732056
v 0.9102830290794373 5.346519947052002 -1.1648619174957275
v 0.8532565832138062 5.12567138671875 -1.168743371963501
v 1.1563383340835571 5.395918846130371 -0.18301312625408173
v 0.46979305148124695 4.3204827308654785 -0.5353878736495972
v 1.0372651815414429 4.55636739730835 -0.8280054330825806
v 1.423956036567688 5.092507839202881 -0.06936526298522949
v 0.685436487197876 4.29920768737793 -0.9319458603858948
v 1.409500002861023 5.049499988555908 -0.06550005823373795
v 0.16585177183151245 4.454510688781738 -0.7623308897018433
v 0.6155047416687012 5.346815586090088 -0.2259514182806015
v 0.001906723016873002 4.5231099128723145 -0.6417741179466248
v -0.16629603505134583 4.553500175476074 -0.8746185302734375
v 0.8787814974784851 4.677548408508301 -0.2257961481809616
v 0.5803536772727966 4.875697612762451 -0.117723248898983
v 0.03674894943833351 5.941246509552002 -1.4920167922973633
v 1.1443283557891846 5.1830220222473145 -0.7647412419319153
v -0.0896255373954773 4.533382415771484 -0.9938744902610779
v -0.05925507843494415 4.936031341552734 -1.0517878532409668
v 0.048989348113536835 5.179420471191406 -1.5509204864501953
v 0.2460859715938568 4.474862098693848 -0.9265322089195251
v 0.021641209721565247 5.41340446472168 -1.5435535907745361
v 0.5117888450622559 4.420986652374268 -1.13446044921875
v 0.5749731659889221 5.030145168304443 -1.35594642162323
v 0.7746145129203796 4.7996625900268555 -0.11980120092630386
v -0.14636428654193878 5.13006067276001 -0.902564287185669
v -0.01140457671135664 4.908724308013916 -1.1553630828857422
v 0.3687537610530853 4.329577922821045 -0.5845000147819519
v 0.28048262000083923 4.477382659912109 -0.9563478231430054
v 1.2233210802078247 5.2100605964660645 -0.13126730918884277
v 0.6176896691322327 4.299869537353516 -0.8874385952949524
v 0.7345474362373352 4.935049533843994 -1.3537077903747559
v 0.18056444823741913 5.159292697906494 -0.5116640329360962
v 0.14006376266479492 5.162596702575684 -0.5676138997077942
v 1.0203702449798584 4.674335956573486 -0.34054943919181824
v 0.4421364963054657 5.679718017578125 -0.9075904488563538
v 1.050598382949829 4.546503067016602 -0.7502159476280212
v 0.6425325870513916 4.76491641998291 -1.3095060586929321
v 0.32299256324768066 4.461434364318848 -1.3566803932189941
v 0.13636715710163116 5.03231954574585 -0.3781803250312805
v -0.11319918930530548 5.786121845245361 -1.4288047552108765
v 0.9539564847946167 4.431691646575928 -0.566764771938324
v 0.6129370331764221 4.2948737144470215 -0.8649955987930298
v 0.798130214214325 5.842097759246826 -0.6828285455703735
v 0.9493335485458374 5.134669780731201 -1.0987229347229004
v 1.048460602760315 4.912128448486328 -0.24084284901618958
v 0.4565807282924652 5.469593048095703 -0.34400928020477295
v -0.07760941982269287 5.177916526794434 -1.4554792642593384
v -0.018655534833669662 5.416123867034912 -1.1945827007293701
v 1.2111274003982544 5.399755954742432 -0.13261675834655762
v -0.1526104211807251 5.601518630981445 -1.403168797492981
v 0.9459673762321472 5.101518630981445 -1.0939674377441406
v 0.5746579170227051 5.480907917022705 -0.37978699803352356
v 0.7320393919944763 5.934604644775391 -0.7531005144119263
v 0.9672329425811768 5.0483717918396 -1.1052671670913696
v 0.8353415131568909 5.6859025955200195 -0.7128292322158813
v 0.6083945631980896 4.508894443511963 -1.133447527885437
v -0.15363682806491852 5.5736212730407715 -1.4003158807754517
v 0.41607677936553955 4.338136196136475 -0.2628032863140106
v 1.118499994277954 4.719781398773193 -0.48240965604782104
v 0.8428364992141724 5.5612969398498535 -0.5258364677429199
v -0.0686752125620842 4.747499942779541 -0.6635696887969971
v 0.1774309277534485 5.15999174118042 -0.5185771584510803
v 0.17454862594604492 4.995059490203857 -0.3615071475505829
v 0.40578868985176086 5.684059143066406 -0.6215412020683289
v 0.1757570207118988 4.592437744140625 -0.4791328012943268
v 0.3653818666934967 4.525472640991211 -0.23396065831184387
v 0.4488714337348938 5.498213768005371 -1.284730315208435
v 1.3499754667282104 4.937780380249023 -0.07056091725826263
v 0.955483078956604 5.249227523803711 -1.1269999742507935
v 0.8561968207359314 5.647006034851074 -0.7017017602920532
v 0.4670315682888031 5.682989597320557 -0.9517727494239807
v 0.06600072979927063 4.977235794067383 -0.452557772397995
v 0.9188592433929443 4.609960556030273 -0.3286397457122803
v 0.6714684367179871 4.528883457183838 -1.0710315704345703
v 1.2972445487976074 5.359379291534424 -0.04962766543030739
v 0.5649999976158142 5.044911861419678 -1.3338109254837036
v -0.1208692193031311 5.26319694519043 -1.4888215065002441
v 0.6323925256729126 4.993922710418701 -1.3795922994613647
v 0.4772592782974243 4.455699443817139 -0.8610740900039673
v 0.3994685411453247 4.918863296508789 -0.16416804492473602
v 0.47047725319862366 4.327608108520508 -0.27931973338127136
v 0.5262326002120972 5.739096641540527 -0.6349202394485474
v 0.4357988238334656 4.459456920623779 -0.7929877042770386
v 0.744486927986145 5.779616355895996 -0.6917128562927246
v -0.09720778465270996 4.712038993835449 -0.8199871182441711
v 0.5884854793548584 5.033137798309326 -1.3849613666534424
v 0.6199337244033813 4.521378040313721 -1.1245442628860474
v -0.0502275712788105 4.803230285644531 -0.9679269194602966
v 0.8157070279121399 5.899082183837891 -0.7644101977348328
v 1.2250001430511475 5.209000110626221 -0.12949976325035095
v 0.7319003939628601 4.994903087615967 -1.2698984146118164
v 0.17236274480819702 4.619179725646973 -1.186547040939331
v 1.4038108587265015 5.217930316925049 -0.13250786066055298
v 0.5243855118751526 4.37765645980835 -1.2127102613449097
v 0.42427656054496765 4.477555751800537 -0.782206654548645
v 0.33240437507629395 4.384112358093262 -0.561500072479248
v 1.3406014442443848 5.3146233558654785 -0.017505507916212082
v 0.3402692377567291 5.103295803070068 -0.2360551953315735
v 0.8849994540214539 4.928347110748291 -1.2013700008392334
v 0.3718265891075134 4.737577438354492 -1.390715479850769
v 0.711222767829895 4.285707950592041 -0.9404332041740417
v 0.7111074924468994 5.785543918609619 -0.8122396469116211
v 0.6064950227737427 4.784450054168701 -1.3276866674423218
v 1.091331124305725 4.665679454803467 -0.24082033336162567
v 0.8328514099121094 4.2722086906433105 -0.9042011499404907
v 1.3739362955093384 5.139100074768066 0.06318383663892746
v 0.12948927283287048 5.163334846496582 -0.583186686038971
v 0.8034366965293884 4.915053367614746 -1.2993290424346924
v 0.7982177734375 4.915314197540283 -1.3058528900146484
v 1.1774778366088867 4.7570600509643555 -0.750949501991272
v 0.7764067053794861 4.288618564605713 -0.9308560490608215
v 0.8022911548614502 5.088863849639893 -1.2102880477905273
v 0.7902750372886658 5.741904258728027 -0.7348015308380127
v 0.2328380048274994 4.439198017120361 -1.1187951564788818
v -0.12067727744579315 5.754570960998535 -1.4243085384368896
v 0.7759989500045776 4.68771505355835 -1.2282872200012207
v 1.074286699295044 4.713679790496826 -0.4152866005897522
v 0.5705025792121887 4.4198899269104 -0.5975571870803833
v 1.0864675045013428 5.312056541442871 -0.6766221523284912
v 0.010522531345486641 5.202729225158691 -0.6977355480194092
v 0.011573580093681812 4.989265441894531 -0.5758283138275146
v 0.9478426575660706 4.416814804077148 -0.6688768863677979
v 0.8133907318115234 5.73257303237915 -0.8028688430786133
v 0.21157555282115936 4.497966289520264 -0.42784732580184937
v 1.045769214630127 4.676478862762451 -0.3879314959049225
v -0.012942997738718987 4.534728050231934 -1.0495905876159668
v 0.9488524794578552 5.129377841949463 -1.0974400043487549
v 0.393568217754364 4.488496780395508 -0.7370091080665588
v 0.17130066454410553 4.831321716308594 -0.3810257613658905
v 0.7468275427818298 4.251352787017822 -0.9704668521881104
v 0.2957982122898102 4.461099624633789 -0.935202419757843
v 0.756192147731781 4.763622760772705 -0.13154630362987518
v 0.5190488696098328 4.713323593139648 -1.3583040237426758
v 0.18537282943725586 4.50525426864624 -1.2443711757659912
v 0.9448517560958862 5.091975688934326 -1.0928516387939453
v 0.45369040966033936 4.453197002410889 -0.7620347738265991
v 1.043292760848999 4.9660725593566895 -0.2225855141878128
v -0.09771563857793808 4.882722854614258 -0.7283624410629272
v 0.2905043065547943 5.443121433258057 -1.3253787755966187
v 0.4121389091014862 4.352304458618164 -1.0672472715377808
v 0.35804665088653564 4.573637962341309 -0.24189493060112
v 0.8279862403869629 5.8615193367004395 -0.7865137457847595
v 0.04473848640918732 4.768784523010254 -0.49165382981300354
v 0.9502065181732178 5.331233978271484 -1.1415597200393677
v 0.039078474044799805 5.487130165100098 -1.2626127004623413
v 0.16542395949363708 4.453715801239014 -0.7634921073913574
v 0.23995117843151093 5.174594402313232 -0.377289742231369
v 0.7779804468154907 4.363570690155029 -0.516441285610199
v 0.5777988433837891 5.11258602142334 -1.3361896276474
v 0.1256592571735382 5.142377853393555 -1.5346037149429321
v 0.7475458383560181 5.723793983459473 -0.8877288699150085
v 0.9927722215652466 4.576533317565918 -0.9097277522087097
v 0.7376114130020142 5.75064754486084 -0.851883590221405
v 0.08716481178998947 5.337910175323486 -1.4847362041473389
v 1.2314821481704712 4.9746809005737305 -0.6547186970710754
v -0.07032079249620438 4.971462249755859 -0.9929885268211365
v 0.7344271540641785 5.860000133514404 -0.6759598255157471
v 0.519814133644104 4.887872695922852 -0.11416948586702347
v 0.9218107461929321 4.815554141998291 -1.1101776361465454
v 0.9044463634490967 5.511478424072266 -0.6692035794258118
v 0.8005164861679077 4.843605995178223 -0.11076416820287704
v 0.2552030086517334 5.591822624206543 -1.09779691696167
v 0.7560727596282959 5.844013214111328 -0.6728083491325378
v 0.9479619264602661 4.420461654663086 -0.7206206321716309
v 0.23808710277080536 4.51370096206665 -0.6738144755363464
v 0.03880052641034126 4.979069232940674 -0.5078219175338745
v 0.9435762166976929 5.056669235229492 -0.16248302161693573
v 0.0796084925532341 5.2933125495910645 -0.6069836020469666
v -0.09473440051078796 5.937234401702881 -1.5267810821533203
v 0.7458285093307495 4.737217426300049 -0.1429644078016281
v 0.5748138427734375 4.800960063934326 -1.3384292125701904
v -0.014851226471364498 5.117037296295166 -0.6955578923225403
v 0.7482519745826721 5.8005194664001465 -0.6570387482643127
v -0.09950000792741776 4.719052791595459 -0.7958077788352966
v 0.5331036448478699 5.742802143096924 -0.638992428779602
v 0.16840709745883942 4.561278820037842 -1.2161332368850708
v 0.7895862460136414 5.904672622680664 -0.7013623714447021
v 0.5241952538490295 4.3770856857299805 -1.2089037895202637
v 1.0572372674942017 5.104102611541748 -0.23365692794322968
v 1.0592167377471924 4.6930413246154785 -0.4001356065273285
v 0.2848467528820038 4.37393045425415 -0.2880023717880249
v 1.109440565109253 5.084072113037109 -0.9441437721252441
v 1.0549999475479126 4.53627347946167 -0.6962296366691589
v 1.0474421977996826 4.929924964904785 -0.23615314066410065
v 0.8084290027618408 4.241785526275635 -0.6250717043876648
v 1.1617199182510376 5.050680160522461 -0.8706405162811279
v 1.0857733488082886 5.131834030151367 -0.312984824180603
v 0.02172417938709259 5.4240007400512695 -1.540431022644043
v 0.7758709192276001 4.309669017791748 -0.5726457238197327
v 0.7379844784736633 5.640453338623047 -0.5522246360778809
v 1.0387077331542969 4.989404201507568 -0.23690815269947052
v 0.45808640122413635 4.452182769775391 -0.7546893954277039
v 0.07107328623533249 4.770090103149414 -0.4694675803184509
v 0.07928165048360825 5.111172199249268 -0.48721611499786377
v 0.3730678856372833 4.445542335510254 -1.3603475093841553
v 0.4562738835811615 4.415866851806641 -1.055909514427185
v 0.5014146566390991 4.479728698730469 -0.9909031987190247
v 0.5525110960006714 4.4651899337768555 -0.9427933692932129
v -0.007003628183156252 5.001866817474365 -0.6228739023208618
v 0.1570921689271927 5.2454833984375 -0.5387183427810669
v 0.009644238278269768 5.449875354766846 -1.0492688417434692
v 1.0870254039764404 4.699920177459717 -0.04350079968571663
v 0.7648805379867554 4.26509428024292 -0.6108343005180359
v 0.30403783917427063 5.325113296508789 -0.3091154992580414
v 0.12125008553266525 4.620295524597168 -0.5489771366119385
v 1.0115025043487549 4.640131950378418 -0.3563902676105499
v 0.12683364748954773 5.2047505378723145 -0.5309168696403503
v 1.1406266689300537 4.731947422027588 -0.007820576429367065
v 0.6450484991073608 5.8063201904296875 -0.7239515781402588
v 0.4783116579055786 4.448947906494141 -0.7287055850028992
v 0.18826432526111603 4.499471664428711 -1.2493655681610107
v 0.947550892829895 4.420051097869873 -0.7138395309448242
v -0.013312805444002151 4.546660423278809 -1.0477807521820068
v 0.3237645626068115 4.4936113357543945 -0.5886114239692688
v 1.4265055656433105 5.160620212554932 -0.09031303226947784
v 0.5430067777633667 4.442119598388672 -1.1391164064407349
v 0.9198642373085022 4.609114646911621 -0.32895708084106445
v 0.8806285858154297 4.971909046173096 -0.12113627046346664
v 0.1949918419122696 4.389301776885986 -0.45054635405540466
v 0.9313973188400269 5.3788838386535645 -1.0754375457763672
v 1.0986511707305908 4.751104831695557 -0.4371744394302368
v 0.17682614922523499 5.267524719238281 -0.5361983180046082
v 0.7316828966140747 5.758316993713379 -0.8359635472297668
v -0.057765811681747437 4.93409538269043 -1.0553621053695679
v 0.19726595282554626 4.388999938964844 -0.46203187108039856
v 1.018908977508545 5.344370365142822 -0.26076430082321167
v 1.060680866241455 5.002456188201904 -0.2634488344192505
v 0.22509250044822693 4.442799091339111 -1.1270161867141724
v 0.3542431592941284 4.935951232910156 -0.20541834831237793
v 0.04191825911402702 5.704211711883545 -1.5207548141479492
v 0.16759198904037476 4.457742214202881 -0.7576075792312622
v 0.8843468427658081 4.226299285888672 -0.7470372915267944
v 0.8128066658973694 5.583038806915283 -1.0193467140197754
v -0.10089819133281708 4.82922887802124 -0.8930426836013794
v 0.006914461962878704 5.941999912261963 -1.5365854501724243
v 0.7889168858528137 5.0753865242004395 -1.2221438884735107
v 0.11784173548221588 5.191065311431885 -0.5262234210968018
v 0.7593209743499756 5.666289806365967 -0.9475494623184204
v 0.038224849849939346 5.67576789855957 -1.5234688520431519
v 1.0814698934555054 5.194433212280273 -0.23441936075687408
v 0.2543187737464905 4.427732944488525 -1.0974915027618408
v 0.9576016664505005 5.520133018493652 -0.6896868944168091
v -0.0781625360250473 5.060849666595459 -0.8072313666343689
v 0.005722587462514639 5.4788336753845215 -0.867796778678894
v 0.18869146704673767 4.498617172241211 -1.25010347366333
v 1.1696996688842773 4.943791389465332 -0.4183075726032257
v 0.7459590435028076 5.310164451599121 -0.17734703421592712
v 0.043784335255622864 5.8233323097229 -1.5546540021896362
v 0.7637593150138855 5.053619384765625 -1.2365405559539795
v 0.7295000553131104 5.932185173034668 -0.7225400805473328
v 0.41669216752052307 5.704952239990234 -0.8959869742393494
v 0.958837628364563 4.9459028244018555 -0.17239612340927124
v 1.2431833744049072 4.766091823577881 -0.11686792224645615
v 0.7053009271621704 5.865657806396484 -0.70658278465271
v 0.4583042562007904 4.330126762390137 -0.2751222252845764
v 0.3147846460342407 5.398174285888672 -0.3295922577381134
v 1.1004283428192139 4.707635402679443 -0.03141448646783829
v 0.4208521842956543 4.478411674499512 -0.7777122259140015
v 0.015363812446594238 5.7294135093688965 -1.300410270690918
v 0.9288298487663269 5.325963020324707 -0.29845744371414185
v 1.0496916770935059 5.349404335021973 -0.7758429050445557
v 0.5716177821159363 4.692878246307373 -1.3344725370407104
v 0.8395086526870728 5.678700923919678 -0.710818350315094
v 0.844007134437561 5.573497772216797 -0.9930766820907593
v 0.9267834424972534 5.293254375457764 -0.26553773880004883
v -0.07057581096887589 5.407957077026367 -1.1870099306106567
v 0.5928681492805481 4.387862682342529 -0.362351655960083
v 0.6382716298103333 5.242410182952881 -1.3298988342285156
v -0.140946626663208 5.371532440185547 -1.5127540826797485
v 0.18623550236225128 4.483643531799316 -0.7272644639015198
v 0.8765885829925537 5.579047679901123 -0.6818133592605591
v 0.5206307172775269 4.550639629364014 -0.19117571413516998
v 0.8646929264068604 4.884519577026367 -0.12600985169410706
v 1.1629937887191772 5.048344612121582 -0.8646954894065857
v 0.5719321966171265 5.092512607574463 -1.3350540399551392
v 1.1130378246307373 5.145364284515381 -0.3777087330818176
v 0.7608931064605713 5.817618370056152 -0.6527748703956604
v 0.3731261193752289 4.389859199523926 -1.062362790107727
v 1.0432260036468506 4.966739654541016 -0.22245217859745026
v 0.13565436005592346 5.446672439575195 -0.5555013418197632
v 0.919696033000946 5.342910289764404 -1.1593201160430908
v -0.16858814656734467 5.3408379554748535 -1.2318161725997925
v -0.10348507016897202 4.8315606117248535 -0.8876359462738037
v 0.6227455139160156 4.775853157043457 -1.3199899196624756
v 1.2341563701629639 5.2996721267700195 -0.3404061794281006
v -0.14044924080371857 4.550826549530029 -0.9280710816383362
v 0.6145252585411072 4.3245015144348145 -0.8997997045516968
v 0.5343911647796631 4.320709228515625 -0.3449091911315918
v 0.9571645855903625 5.516052722930908 -0.7129067182540894
v 0.7230137586593628 4.674753665924072 -0.18268480896949768
v 0.03118864819407463 4.481004238128662 -0.6984979510307312
v 0.5398116111755371 4.419562816619873 -0.6786166429519653
v 0.7775061726570129 4.317037582397461 -0.5644583702087402
v 1.1292738914489746 4.801596164703369 -0.4534193277359009
v 0.6033335328102112 5.645724296569824 -1.0472756624221802
v 1.1111809015274048 5.040642261505127 -0.3786846697330475
v 0.7989495396614075 4.674162864685059 -1.198196530342102
v -0.14615145325660706 5.391929626464844 -1.5142394304275513
v 0.6381232142448425 4.42339563369751 -0.3916679620742798
v 0.793579638004303 5.762631893157959 -0.7374228835105896
v 0.7351737022399902 4.710412979125977 -1.2707958221435547
v 0.10826407372951508 5.172133922576904 -0.5197111964225769
v -0.007235202472656965 5.15144157409668 -0.6934410929679871
v 0.15483585000038147 5.161701679229736 -0.5475670695304871
v 0.21993489563465118 5.142971038818359 -0.32833215594291687
v 0.7625898718833923 5.179025650024414 -1.2338589429855347
v 0.9359468817710876 5.365885257720947 -0.9179658889770508
v 0.3013564348220825 4.46150016784668 -0.9278019666671753
v -0.1806974709033966 5.252885341644287 -1.0917251110076904
v 0.8566343784332275 5.646164417266846 -0.7014660835266113
v 0.6122274398803711 4.354999542236328 -0.9024090766906738
v 0.15411223471164703 4.764975547790527 -0.4277796149253845
v 1.1616220474243164 4.933892726898193 -0.38381248712539673
v 1.0629194974899292 4.655306339263916 -0.25412896275520325
v 0.8403013348579407 4.9144792556762695 -1.247506856918335
v 0.31657886505126953 4.3913984298706055 -1.0614745616912842
v -0.24011746048927307 5.216033458709717 -1.2066174745559692
v 0.7698500156402588 4.691003322601318 -1.23701012134552
v -0.03667384386062622 5.163224220275879 -0.706740140914917
v 0.36376291513442993 4.932958126068115 -0.1966003030538559
v 1.0937628746032715 5.130860805511475 -0.3267552852630615
v 0.04779865965247154 4.97768497467041 -0.4863646626472473
v 0.7163262367248535 5.875641822814941 -0.8173930644989014
v 0.20257563889026642 4.455766677856445 -1.161177396774292
v 1.3258527517318726 5.022066116333008 0.07486893236637115
v 0.27576935291290283 5.2719926834106445 -0.31416139006614685
v 0.8564791083335876 5.127819538116455 -1.1655209064483643
v 0.6886010766029358 5.325862407684326 -0.19131527841091156
v 0.39781811833381653 5.707103252410889 -0.8662313222885132
v 0.3369879126548767 5.640836715698242 -1.0179075002670288
v 0.5765210390090942 5.6199774742126465 -0.4888414442539215
v -0.027459654957056046 5.0702714920043945 -0.7011098861694336
v 0.7065789699554443 4.453934192657471 -1.0129473209381104
v 0.3466772139072418 4.470564842224121 -0.881032407283783
v 0.7977927327156067 5.275327682495117 -0.1678796112537384
v 0.4141697287559509 5.705582618713379 -0.8917828798294067
v 0.4593912363052368 5.457000255584717 -0.33293503522872925
v 0.298706591129303 4.461463451385498 -0.9313850998878479
v 0.34874093532562256 5.362550258636475 -0.31519418954849243
v 0.69435054063797 4.5036234855651855 -1.0434740781784058
v 1.053023099899292 5.149941444396973 -0.25148844718933105
v 0.9684088826179504 5.09118127822876 -0.17859070003032684
v -0.18060383200645447 5.332030296325684 -1.242387294769287
v 0.5590963959693909 5.7869696617126465 -0.8458734750747681
v 1.230295181274414 4.760254383087158 -0.13987690210342407
v 1.2780002355575562 4.875715255737305 0.03642848879098892
v 1.2217763662338257 5.211036205291748 -0.132893368601799
v 0.727103590965271 4.715214252471924 -1.274948239326477
v 0.11407743394374847 4.982722282409668 -0.39776694774627686
v 0.4540291726589203 4.452994346618652 -0.7614514231681824
v 1.3016585111618042 4.955844402313232 0.05339564010500908
v 0.5008863210678101 5.720666885375977 -0.8733938932418823
v 0.304972380399704 4.449434757232666 -1.0059775114059448
v 0.8308207392692566 5.422586917877197 -0.38899707794189453
v 1.1597959995269775 4.895653247833252 -0.4361937642097473
v 1.1263092756271362 5.010749340057373 -0.39817675948143005
v 0.23766180872917175 5.4528117179870605 -0.395846962928772
v 1.2694165706634521 5.130254745483398 -0.08200272917747498
v 0.2727324962615967 5.2653117179870605 -0.31628718972206116
v 0.8618713617324829 4.882403373718262 -0.12495183944702148
v 0.14359945058822632 4.988378524780273 -0.37776103615760803
v 0.20825853943824768 4.3880438804626465 -0.48688527941703796
v 1.0929203033447266 5.086336135864258 -0.35196903347969055
v -0.05910184606909752 5.961198806762695 -1.383873701095581
v 0.4758521318435669 4.72359037399292 -1.3731353282928467
v 1.032001256942749 4.758619785308838 -0.22874261438846588
v -0.006500031799077988 5.940825939178467 -1.3789736032485962
v 0.8352087736129761 4.904116153717041 -0.10730136930942535
v 0.5931071043014526 4.680926322937012 -1.317379355430603
v -0.17736145853996277 5.138186454772949 -1.019795298576355
v 0.15582029521465302 5.507102012634277 -1.1546649932861328
v 0.2035892754793167 4.497941970825195 -0.7104107737541199
v 0.9375566244125366 4.993190765380859 -1.1313470602035522
v 0.35446697473526 5.353799343109131 -0.312656968832016
v 0.1792990118265152 5.269843101501465 -0.5360437631607056
v 0.6359837651252747 4.421633720397949 -0.3902835249900818
v 0.863954484462738 4.255871295928955 -0.881242573261261
v 1.3921806812286377 5.23495626449585 -0.15227478742599487
v 0.6259676814079285 5.816189289093018 -0.8010322451591492
v 0.16963304579257965 4.463072299957275 -0.7512743473052979
v 0.6822393536567688 5.326657772064209 -0.1931046098470688
v 0.9969189167022705 4.659959316253662 -0.1613767147064209
v 0.48416540026664734 4.447972297668457 -0.7231771349906921
v 0.4843832552433014 4.286149978637695 -0.4171842336654663
v 0.956853449344635 5.343526840209961 -0.3463801443576813
v 0.9983819723129272 5.337829113006592 -0.2652341425418854
v 0.9281140565872192 4.815425395965576 -1.0861222743988037
v 0.7562115788459778 5.303957939147949 -0.1753135472536087
v 0.4991432726383209 4.319375038146973 -0.2902143895626068
v 0.3832506239414215 5.699350833892822 -0.8372016549110413
v 0.7706308364868164 5.858821868896484 -0.8100763559341431
v 0.06647521257400513 4.469841480255127 -0.7082217335700989
v 0.46413281559944153 4.31224250793457 -0.5312188267707825
v -0.13075146079063416 5.303646564483643 -1.4987543821334839
v 0.5419005751609802 4.88317346572876 -0.11190589517354965
v 0.3059448301792145 4.446907043457031 -1.0087413787841797
v 0.6079114079475403 4.3694305419921875 -0.6981770396232605
v 0.5546483397483826 4.810327529907227 -1.3446637392044067
v 0.9741234183311462 5.211591720581055 -0.2359461486339569
v 1.1782852411270142 4.947971343994141 -0.4418562948703766
v 0.10344657301902771 4.61899995803833 -0.5699330568313599
v -0.04632117971777916 4.749719619750977 -0.6167824864387512
v 0.945929765701294 4.811634540557861 -1.064665675163269
v 0.36297929286956787 4.44952392578125 -1.3613502979278564
v 0.8693260550498962 5.550074577331543 -0.5582515001296997
v 0.9690717458724976 5.355003356933594 -1.0500034093856812
v 1.3720749616622925 5.135776519775391 0.06438037753105164
v 0.04596066102385521 5.804295539855957 -1.5510590076446533
v 0.8268569707870483 4.239428520202637 -0.6439997553825378
v 0.4926966726779938 5.037081718444824 -0.1349889487028122
v 0.9443236589431763 4.937244415283203 -0.16316071152687073
v -0.09811718761920929 4.537176132202148 -0.9853828549385071
v -0.019700581207871437 4.5126214027404785 -1.024810552597046
v 0.18045420944690704 4.690885066986084 -1.133167028427124
v 1.0430316925048828 5.103493690490723 -0.9994732141494751
v 0.7295000553131104 5.933467864990234 -0.729167103767395
v 0.5537835955619812 4.445913314819336 -0.9314131140708923
v 0.8611871600151062 4.881890296936035 -0.12469522655010223
v 0.38783589005470276 5.475179672241211 -1.2884374856948853
v 1.271414875984192 5.107851028442383 -0.07767023146152496
v -0.16974198818206787 4.5533766746521 -0.8591557145118713
v 0.5025042295455933 5.725930690765381 -0.6233591437339783
v 0.7720722556114197 4.248470306396484 -0.6096053123474121
v 0.4086996614933014 5.706584453582764 -0.8831533193588257
v 0.20872798562049866 4.452392101287842 -1.147223949432373
v 0.22027632594108582 5.1655073165893555 -0.43006661534309387
v 1.1629157066345215 4.707936763763428 -0.21692951023578644
v 0.6903417706489563 4.512580871582031 -1.049312949180603
v -0.08856359869241714 5.936505317687988 -1.5423463582992554
v 0.7470940947532654 4.740240097045898 -0.14140591025352478
v 0.8491470813751221 4.975528717041016 -1.1931453943252563
v 1.1285110712051392 5.006141185760498 -0.40073564648628235
v 0.8639297485351562 4.230553150177002 -0.7023234963417053
v -0.03802317753434181 5.16146993637085 -0.7080219984054565
v 1.301433801651001 4.955120086669922 0.05307101830840111
v 0.4756828546524048 4.472137928009033 -1.0253618955612183
v 0.6084068417549133 4.37075138092041 -0.6971864700317383
v 0.7296783328056335 4.271866321563721 -0.9509069919586182
v 0.8892315030097961 5.54251766204834 -0.6739420294761658
v 0.15399621427059174 4.445331573486328 -0.8893322348594666
v -0.1569395810365677 5.34984827041626 -1.2222236394882202
v 1.1053919792175293 5.211313724517822 -0.45604264736175537
v 0.6434498429298401 5.206642150878906 -1.3242396116256714
v 0.9760065674781799 4.806672096252441 -1.0449185371398926
v 0.3041095435619354 4.356049537658691 -0.5873711705207825
v 0.1353181153535843 4.450870513916016 -0.9717532992362976
v 0.3175705671310425 4.747847080230713 -1.3425235748291016
v 0.1507805585861206 4.610868453979492 -0.5106054544448853
v 0.4718458652496338 5.333300590515137 -1.3865450620651245
v 1.0399842262268066 4.516544818878174 -0.5721348524093628
v 0.03689088672399521 5.255966663360596 -0.6994999647140503
v 0.019918330013751984 4.54810905456543 -0.6289271712303162
v 0.02264484576880932 5.468136310577393 -1.5324205160140991
v 0.6093263626098633 5.183420181274414 -1.3344882726669312
v 0.10255109518766403 5.411896705627441 -0.6744361519813538
v 0.33013951778411865 4.385241985321045 -1.0601236820220947
v 0.6303820013999939 4.771300792694092 -1.315800666809082
v 0.6595468521118164 5.329712390899658 -0.20194962620735168
v 0.6683474183082581 4.967831134796143 -1.3738126754760742
v 0.0470048189163208 5.472261905670166 -1.2506457567214966
v 1.041086196899414 5.023430824279785 -0.2193145900964737
v 0.052073895931243896 5.177345275878906 -1.5493968725204468
v 0.5011134147644043 4.381324768066406 -1.135270595550537
v 1.4274675846099854 5.151046276092529 -0.08616276830434799
v 0.4786919951438904 5.678961753845215 -0.9604997634887695
v 0.724582314491272 4.617024898529053 -0.23072943091392517
v 0.7883827686309814 5.280355930328369 -0.171690434217453
v 0.05105188861489296 5.1777024269104 -0.6653093695640564
v 0.9889346957206726 5.371878623962402 -0.8770653009414673
v 0.267080694437027 5.2362847328186035 -1.4309709072113037
v -0.06491328030824661 4.8033576011657715 -0.950181782245636
v 0.5543526411056519 4.810441017150879 -1.3447206020355225
v 1.0767498016357422 5.325375556945801 -0.7061505913734436
v 0.7336491346359253 5.013798713684082 -1.2603322267532349
v 0.7873309850692749 5.574753761291504 -0.4767846167087555
v 1.094534158706665 5.088989734649658 -0.9574695825576782
v 0.8022151589393616 5.774535655975342 -0.7075388431549072
v -0.11466434597969055 4.493221282958984 -0.7177788019180298
v -0.00694947550073266 4.756887912750244 -0.5567149519920349
v 1.1323269605636597 4.997182846069336 -0.4054086208343506
v 0.9426116943359375 5.371925354003906 -1.0669255256652832
v 0.27904677391052246 5.428709506988525 -0.34971389174461365
v 1.3447880744934082 5.2788825035095215 -0.21854133903980255
v 0.71651291847229 4.655043125152588 -0.19672179222106934
v 0.2802182137966156 5.427697658538818 -0.348808616399765
v 0.8909258842468262 4.70532751083374 -0.21768319606781006
v 0.018632151186466217 4.4991841316223145 -1.0117173194885254
v 0.2376323938369751 5.112920761108398 -1.5121116638183594
v 0.7222843766212463 4.672669887542725 -0.18424774706363678
v 0.9699550867080688 5.093758583068848 -0.17987924814224243
v 0.5155259370803833 5.6227569580078125 -0.5111085772514343
v 0.7762900590896606 4.3115553855896 -0.5705496668815613
v 0.2730149030685425 4.366161823272705 -0.5764919519424438
v 0.3456335961818695 4.501360893249512 -0.6687727570533752
v 0.21631133556365967 5.133881568908691 -0.3304477334022522
v 0.14754673838615417 4.695955276489258 -1.0904555320739746
v 0.23560304939746857 4.774845600128174 -0.3281211853027344
v 1.1756868362426758 4.946412086486816 -0.43406087160110474
v 1.0501428842544556 4.527595520019531 -0.6461431980133057
v 0.8588213324546814 4.940535545349121 -0.11156245321035385
v 0.8064789175987244 4.854957580566406 -0.1091972291469574
v 0.9814960360527039 5.34015417098999 -0.3649115562438965
v -0.07616429775953293 4.746628761291504 -0.6775214672088623
v 0.09638681262731552 5.343132019042969 -1.4681446552276611
v 1.102600336074829 5.151000022888184 -0.8686445355415344
v 0.704513430595398 5.586772918701172 -0.4902575612068176
v 1.0332469940185547 4.518494129180908 -0.5782291293144226
v 0.7400745749473572 4.631574630737305 -0.22454257309436798
v 1.012944221496582 4.6670684814453125 -0.13646432757377625
v 0.12487830966711044 4.907172203063965 -1.3087059259414673
v 0.8742384314537048 5.560792446136475 -0.9604076743125916
v 0.550872802734375 4.811779499053955 -1.3453898429870605
v 1.401984453201294 5.220722675323486 -0.1356269270181656
v 0.2595990002155304 5.234976768493652 -1.4305000305175781
v 0.6488864421844482 4.53341817855835 -1.0942362546920776
v 0.034018803387880325 5.246889114379883 -0.6418330669403076
v 0.7383689284324646 5.2444586753845215 -1.2576966285705566
v 0.031688839197158813 5.567587375640869 -1.296444058418274
v 0.18101011216640472 4.457304000854492 -0.9006844758987427
v -0.042376935482025146 4.495676517486572 -0.6925041675567627
v 0.7602450847625732 4.291679382324219 -0.9399033784866333
v 0.26021823287010193 5.109770774841309 -1.5076175928115845
v 0.45774659514427185 5.647222995758057 -0.5537381172180176
v 0.6589462161064148 4.305495738983154 -0.9272883534431458
v 0.5948509573936462 5.0133280754089355 -0.11108212172985077
v 0.35230234265327454 5.645114898681641 -1.0010830163955688
v 0.3136301040649414 4.43403434753418 -1.023177981376648
v -0.10429361462593079 4.8321380615234375 -0.8860765695571899
v 0.9623157978057861 5.3265700340271 -1.1380438804626465
v 0.86742103099823 5.613842010498047 -0.6921052932739258
v 0.7849356532096863 4.28691291809082 -0.9257385730743408
v 0.7954208254814148 4.243622303009033 -0.61628657579422
v -0.0012910172808915377 5.421701908111572 -1.1989023685455322
v 0.6899687051773071 4.296706676483154 -0.9333524107933044
v -0.003919600509107113 4.5661301612854 -1.047463059425354
v 0.020154496654868126 4.985172748565674 -0.5549214482307434
v 0.41055959463119507 5.706298351287842 -0.8860146999359131
v 0.22416530549526215 4.420037269592285 -0.43282222747802734
v -0.23143424093723297 5.197769641876221 -1.187171220779419
v 0.9406387805938721 4.450669765472412 -0.5381497144699097
v 0.4983457326889038 5.674747943878174 -0.9753411412239075
v 0.16114790737628937 4.437124252319336 -0.7882756590843201
v 0.03755457326769829 5.1889753341674805 -1.560005784034729
v 0.8126662373542786 5.1293206214904785 -0.14994852244853973
v 0.14443789422512054 4.765362739562988 -0.43198734521865845
v 0.8979594707489014 4.908219814300537 -0.13947968184947968
v 1.410918951034546 5.052946090698242 -0.0656014010310173
v 0.14971794188022614 4.91018009185791 -1.3284022808074951
v 0.5466061234474182 5.361533164978027 -0.2823805809020996
v 0.3685508370399475 5.469943046569824 -1.2946962118148804
v 0.6408601403236389 4.425649642944336 -0.3934389054775238
v 0.3047056198120117 4.35588264465332 -0.5873234868049622
v 0.28994226455688477 4.372793674468994 -0.28644075989723206
v 0.18188996613025665 4.584646701812744 -0.4710319936275482
v 0.1618347018957138 4.444177627563477 -0.7778222560882568
v 0.6736751198768616 4.575870513916016 -0.23165231943130493
v 0.7373740673065186 4.2637224197387695 -0.9596813321113586
v 1.0979907512664795 5.087925910949707 -0.9544118642807007
v 1.0278137922286987 5.281101226806641 -1.012593150138855
v 0.9995078444480896 5.204434394836426 -1.0804868936538696
v 0.46684274077415466 5.504775047302246 -1.2836724519729614
v 0.8012144565582275 5.774660587310791 -0.7041611075401306
v 0.8741368055343628 4.66047477722168 -0.23416216671466827
v -0.1439521163702011 5.13100004196167 -0.8856858015060425
v 0.08331383019685745 5.46367073059082 -1.1992793083190918
v 0.48750004172325134 4.293529033660889 -0.3670828342437744
v 0.3348877429962158 4.477859973907471 -0.5764067769050598
v 0.7356387972831726 5.632423400878906 -0.548187255859375
v 0.4600789248943329 4.451784133911133 -0.7513684630393982
v 1.103274941444397 4.826521873474121 -0.18009600043296814
v 1.0059043169021606 5.169100761413574 -0.24288390576839447
v 0.03184700012207031 5.946012496948242 -1.451450228691101
v 0.4309992492198944 4.295601844787598 -0.5585030913352966
v 0.11594832688570023 4.906343460083008 -1.300605058670044
v 1.198608160018921 4.950838088989258 -0.5453962683677673
v 0.9213468432426453 5.3610405921936035 -0.9251428842544556
v -0.07131494581699371 4.747374534606934 -0.6689417958259583
v 0.7537802457809448 4.407394886016846 -0.47304046154022217
v 1.0073717832565308 4.9707207679748535 -0.20689120888710022
v 0.03212805837392807 5.546183109283447 -1.2909635305404663
v 1.3854987621307373 5.009998321533203 -0.07100021094083786
v 0.2845131456851959 4.507436752319336 -0.6220501661300659
v -0.13789106905460358 4.547372817993164 -0.7351183891296387
v 0.1766311675310135 4.694119930267334 -1.1246389150619507
v 0.7513065934181213 5.207964897155762 -1.2429629564285278
v 0.8320772647857666 5.7184224128723145 -0.819866955280304
v 0.931874692440033 5.36570405960083 -0.9193620681762695
v 1.2090001106262207 5.063940048217773 -0.6160000562667847
v -0.020053869113326073 4.754083633422852 -0.5758029818534851
v 1.3231910467147827 5.015096664428711 0.07358378916978836
v 0.45761072635650635 5.465190887451172 -0.34005725383758545
v 1.3978769779205322 5.226747035980225 -0.1427464634180069
v 0.9417621493339539 4.610147476196289 -0.3308892548084259
v 0.005733106750994921 5.476246356964111 -0.8666451573371887
v 0.6616622805595398 5.807646751403809 -0.787588894367218
v 0.21497486531734467 5.117505073547363 -1.5185112953186035
v 0.42746251821517944 5.28334903717041 -1.4184337854385376
v 0.8588277101516724 4.94054651260376 -0.11156616359949112
v -0.07982029765844345 5.0540547370910645 -0.8149374127388
v 0.7131811380386353 4.295499801635742 -0.9493257403373718
v 0.4365387260913849 5.058135032653809 -0.1662071794271469
v 0.45442667603492737 4.467036724090576 -0.8272523880004883
v 0.5847799777984619 5.364078521728516 -0.24596266448497772
v 0.3235989212989807 5.105500221252441 -1.4895036220550537
v 0.16667531430721283 4.456039905548096 -0.7600955963134766
v 0.778334379196167 4.362029075622559 -0.5179042220115662
v 0.15220089256763458 4.6103129386901855 -0.5089380145072937
v 1.1000072956085205 5.087305545806885 -0.9526281952857971
v -0.04929620027542114 5.043699741363525 -0.6839776635169983
v 0.21706324815750122 5.551956653594971 -1.1270216703414917
v 1.4219342470169067 5.081387996673584 -0.06700655072927475
v 0.6468278765678406 4.982645034790039 -1.3781545162200928
v 0.7793219089508057 5.591609001159668 -1.0394207239151
v 0.7128541469573975 5.8636698722839355 -0.6954516768455505
v -0.18814358115196228 5.145850658416748 -1.061430811882019
v 0.9333752393722534 5.537499904632568 -0.8884997367858887
v 0.8158478140830994 5.047287940979004 -1.1953153610229492
v 1.0959454774856567 4.747125625610352 -0.4351053833961487
v 0.04853353649377823 4.47178840637207 -1.0160555839538574
v 0.9542890787124634 4.5160722732543945 -0.5049819946289062
v 0.031019747257232666 4.980858325958252 -0.528082549571991
v 0.7504875659942627 5.928708553314209 -0.7688862681388855
v 0.7171469330787659 4.281264781951904 -0.9436421394348145
v 0.6939030885696411 5.169020652770996 -0.1037326380610466
v -0.07468932867050171 4.983718395233154 -0.9725824594497681
v -0.06972610950469971 4.5253005027771 -1.0106242895126343
v 0.05460973083972931 4.623054027557373 -1.059000015258789
v 0.7868026494979858 4.286539554595947 -0.9246184229850769
v 0.3619380295276642 5.093031406402588 -0.2245689332485199
v 0.7529861330986023 5.815033912658691 -0.652176022529602
v 0.3182273805141449 4.498807430267334 -0.6408048868179321
v 0.4533652663230896 5.676992416381836 -0.8968883752822876
v 0.5649999976158142 5.048012733459473 -1.3329250812530518
v 0.817399799823761 4.6645588874816895 -1.1820919513702393
v 0.47640928626060486 4.404545307159424 -1.2990957498550415
v 0.6771537661552429 5.481914520263672 -0.3662033677101135
v 0.0766657367348671 4.458014011383057 -1.0099668502807617
v 0.528142511844635 5.5105695724487305 -1.2797080278396606
v 0.16308636963367462 5.161534786224365 -0.5389825105667114
v 0.46546033024787903 4.313949108123779 -0.5319773554801941
v 0.9366568326950073 4.814171314239502 -1.0733860731124878
v 0.2997814416885376 4.37042236328125 -0.28291261196136475
v 0.8194860219955444 4.240433692932129 -0.6346185803413391
v 0.18686124682426453 4.502277374267578 -1.246942162513733
v 0.17724084854125977 4.590636253356934 -0.47701308131217957
v 0.6157058477401733 5.00848388671875 -1.380655288696289
v 0.8878428339958191 4.234985828399658 -0.8264428973197937
v 0.712542712688446 4.641808986663818 -0.20532412827014923
v 0.01966112293303013 5.792917728424072 -1.3188058137893677
v 0.3363186717033386 4.378621578216553 -1.0504740476608276
v 0.03764509782195091 4.979246616363525 -0.5105769634246826
v 0.7169581651687622 5.334200859069824 -1.2790887355804443
v 0.961715042591095 4.628712177276611 -0.25414496660232544
v 0.5153577923774719 4.432800769805908 -0.6941218972206116
v 0.6572494506835938 4.305935382843018 -0.9270369410514832
v 0.08152005821466446 4.978409767150879 -0.43151992559432983
v 0.9123849272727966 5.100653648376465 -0.2098655253648758
v 0.6673246622085571 4.750482559204102 -1.2980315685272217
v 0.5705398917198181 5.763859748840332 -0.6602771282196045
v 0.3617376387119293 4.545026779174805 -0.23350003361701965
v 1.0673021078109741 4.65676736831665 -0.25099849700927734
v 0.9782376885414124 5.073803424835205 -1.0983442068099976
v 0.47170311212539673 5.333038806915283 -1.3866640329360962
v 0.648696780204773 4.306000232696533 -0.9225518703460693
v 0.7804958820343018 4.352431297302246 -0.5270645618438721
v 1.0056504011154175 4.664170265197754 -0.1475593000650406
v 0.9670461416244507 4.808394908905029 -1.0511218309402466
v 0.45657968521118164 4.903194427490234 -0.13288848102092743
v 0.5243633389472961 4.378049373626709 -1.215397596359253
v 1.159000039100647 4.9125142097473145 -0.43391433358192444
v 0.45857763290405273 4.412398815155029 -1.3174223899841309
v 0.41904619336128235 5.486242771148682 -1.284500002861023
v 0.7620203495025635 5.180449485778809 -1.234357237815857
v 0.7383778095245361 5.641633987426758 -0.552864134311676
v -0.15551406145095825 4.55300235748291 -0.7630270719528198
v 0.7330319285392761 5.860000133514404 -0.6765576601028442
v 0.10935068130493164 4.454662322998047 -0.7307337522506714
v 0.1146075502038002 5.411448955535889 -1.3352093696594238
v 1.0914363861083984 5.089940547943115 -0.3500610291957855
v 0.08907103538513184 5.129227638244629 -0.4989422559738159
v 0.07074844092130661 4.770076274871826 -0.4697076082229614
v 0.3077613413333893 5.449059963226318 -1.3200522661209106
v -0.17932221293449402 5.252688884735107 -1.089825987815857
v 0.4548860490322113 5.476032733917236 -0.3501102030277252
v 0.16389450430870056 5.454798221588135 -0.5079755783081055
v 0.7706266641616821 5.419125080108643 -1.1976234912872314
v 0.022804636508226395 5.3608717918396 -1.564390778541565
v 0.5997150540351868 4.317718029022217 -0.7131657004356384
v 0.9678706526756287 5.09028434753418 -0.17814207077026367
v 0.4077707529067993 5.706727504730225 -0.8817242383956909
v 0.6128414273262024 4.291610240936279 -0.8492100834846497
v 1.103134274482727 5.299166202545166 -0.6462313532829285
v 0.45336779952049255 4.467566013336182 -0.8257396817207336
v 0.5470612049102783 4.81324577331543 -1.3461227416992188
v 1.1096699237823486 4.662450313568115 -0.6045897603034973
v 0.2486938089132309 5.449177265167236 -0.3821205198764801
v 0.574449896812439 5.368016242980957 -0.2533729076385498
v 0.13816256821155548 4.450666904449463 -0.9666739702224731
v 1.292934775352478 4.926441669464111 0.04109404981136322
v 0.4861654043197632 4.288747787475586 -0.3998493552207947
v 0.011822710745036602 4.537700653076172 -0.6358662247657776
v 0.6766824722290039 5.172829627990723 -0.10183440893888474
v 0.5971105098724365 4.42170524597168 -0.6281315088272095
v 0.734103262424469 4.423896789550781 -0.4544968903064728
v 0.5108278393745422 5.624187469482422 -0.5136329531669617
v -0.015143102034926414 4.490123748779297 -0.6918255686759949
v 0.7606272101402283 5.920633316040039 -0.7611545920372009
v 1.1215827465057373 4.680358409881592 -0.23029829561710358
v 0.3840402662754059 4.360087871551514 -1.0612844228744507
v 0.24940912425518036 5.448908805847168 -0.3811817765235901
v 0.9538942575454712 5.225020408630371 -1.12168288230896
v -0.1539614200592041 5.563234329223633 -1.3986929655075073
v 0.35150575637817383 4.355904579162598 -0.2647484838962555
v 0.008685641922056675 5.5063862800598145 -0.9470694065093994
v 0.2554805874824524 5.226700782775879 -0.3181800842285156
v 0.759775698184967 5.649332046508789 -0.9618456363677979
v 0.7764778137207031 4.919503688812256 -1.3297704458236694
v 0.7765594124794006 4.687394618988037 -1.227486491203308
v 0.6032079458236694 4.306785583496094 -0.7150518894195557
v -0.10258392244577408 4.539063930511475 -0.9803080558776855
v 0.9631533622741699 4.641653060913086 -0.22510454058647156
v 1.2305567264556885 4.760368824005127 -0.1394355297088623
v -0.17108431458473206 4.553708076477051 -0.8065118789672852
v 1.3211352825164795 5.009751319885254 0.07214456051588058
v 0.6028551459312439 5.01882791519165 -1.3822741508483887
v -0.08135786652565002 4.745565891265869 -0.687093198299408
v 0.6935853362083435 4.251500129699707 -0.6600289344787598
v 0.2033514827489853 4.3889360427856445 -0.47439464926719666
v 0.8791667222976685 5.557976245880127 -0.9540714025497437
v 0.03849983215332031 5.943999767303467 -1.4700018167495728
v 0.7105032801628113 4.406725883483887 -1.0007492303848267
v 1.152420997619629 4.852718353271484 -0.45015817880630493
v 1.0479810237884521 4.891599178314209 -0.24659545719623566
v 1.2428030967712402 4.765901565551758 -0.11766043305397034
v 0.7723669409751892 4.659117698669434 -0.20600372552871704
v 0.4484162926673889 4.7290778160095215 -1.3806557655334473
v 0.0388716422021389 5.843327522277832 -1.5578142404556274
v 0.4428086280822754 4.458396911621094 -0.7809598445892334
v -0.04784537851810455 5.012488842010498 -0.6993204355239868
v 0.8782684206962585 5.5584893226623535 -0.9552262425422668
v 0.9099698066711426 5.149015426635742 -1.1232651472091675
v -0.21763111650943756 5.303369045257568 -1.2878226041793823
v 1.1158969402313232 4.717438220977783 -0.02094193547964096
v 0.05778680369257927 5.269786834716797 -0.6255093812942505
v 0.6529698967933655 5.269697189331055 -1.3250150680541992
v 0.7458075881004333 5.605769157409668 -0.9977924227714539
v 0.2068876177072525 4.807054042816162 -0.3544957637786865
v 0.6792805790901184 4.436172008514404 -0.41623392701148987
v 0.8701201677322388 4.8885931968688965 -0.1280491203069687
v 0.47640305757522583 5.341818332672119 -1.3811211585998535
v 0.013434989377856255 5.854911804199219 -1.3458690643310547
v 1.0379011631011963 4.841388702392578 -0.2552284598350525
v 0.7540792226791382 5.9170241355896 -0.686719536781311
v 0.39507997035980225 4.343206405639648 -0.25999996066093445
v 0.38935327529907227 4.357365608215332 -1.061600923538208
v 0.3396659791469574 4.4463419914245605 -0.5643349885940552
v 0.49800702929496765 5.674811363220215 -0.9751294255256653
v 1.0732845067977905 5.330662727355957 -0.7182727456092834
v -0.11319088935852051 5.786345958709717 -1.4288545846939087
v 1.0484530925750732 5.35002326965332 -0.7784744501113892
v 0.7579963207244873 5.703732013702393 -0.6009792685508728
v 0.2436063587665558 4.513500213623047 -0.667331874370575
v 1.0261409282684326 4.981912136077881 -0.2248677760362625
v 0.48125597834587097 5.360787868499756 -1.3767399787902832
v 0.6606079936027527 5.2817792892456055 -1.3215631246566772
v 0.48454898595809937 4.282975673675537 -0.44579410552978516
v 0.17559419572353363 4.995295524597168 -0.3609675467014313
v 0.9842261672019958 5.342816352844238 -1.0409873723983765
v 0.008472291752696037 5.2198944091796875 -0.6620275974273682
v 0.5880768299102783 4.683782577514648 -1.3213529586791992
v 1.0423758029937744 4.553582668304443 -0.8073500990867615
v -0.007689164951443672 4.756702899932861 -0.5576858520507812
v 0.8889836668968201 5.5430474281311035 -0.6740108132362366
v 0.7977305054664612 5.841797828674316 -0.6822040677070618
v 0.9554030895233154 4.588455677032471 -0.9456880688667297
v 1.1876863241195679 4.848373889923096 -0.6941878199577332
v 1.1189923286437988 5.079504013061523 -0.9350073933601379
v 0.535337507724762 4.446695327758789 -0.9231308698654175
v 0.7286505103111267 4.620863914489746 -0.229497492313385
v 0.9472399353981018 4.419740200042725 -0.7088386416435242
v 0.5958496928215027 5.01304292678833 -0.11101070791482925
v 0.9510698318481445 5.174166202545166 -1.1086288690567017
v 0.614793598651886 4.397141933441162 -0.6763902306556702
v 1.1613972187042236 4.933352947235107 -0.38286811113357544
v 0.4747212827205658 4.328366279602051 -0.5397900342941284
v 0.2745601236820221 4.417390823364258 -1.0812321901321411
v 0.8769391179084778 5.1396708488464355 -1.1461584568023682
v 0.022173918783664703 5.43756628036499 -1.5372824668884277
v 0.39274007081985474 4.317488193511963 -0.5840665102005005
v 0.7803382873535156 4.91886043548584 -1.3262314796447754
v 1.180439829826355 4.949219703674316 -0.44840794801712036
v 0.21125774085521698 5.545363903045654 -1.1303534507751465
v 0.30839070677757263 4.395832061767578 -1.0633991956710815
v 0.2761586904525757 4.479274272918701 -0.9495916962623596
v -0.07741618156433105 5.176886081695557 -1.4552215337753296
v 1.4020706415176392 5.2205963134765625 -0.13547757267951965
v 0.29898691177368164 4.949226379394531 -0.2333391308784485
v 1.0492908954620361 4.681516170501709 -0.08363649249076843
v 1.1813944578170776 5.2267632484436035 -0.17921090126037598
v 0.7454363107681274 5.604893684387207 -0.9986802935600281
v 0.28811144828796387 5.613778114318848 -1.067036747932434
v 0.01739523559808731 5.229895114898682 -0.6543354392051697
v 0.009084341116249561 4.584681987762451 -1.052727222442627
v 0.4186745285987854 4.732745170593262 -1.3882160186767578
v 0.9166479706764221 5.344029426574707 -1.1612643003463745
v 0.6042491793632507 4.390377044677734 -0.9112508893013
v 1.1700870990753174 5.205190181732178 -0.6854447722434998
v 1.316212773323059 4.997132301330566 0.06890815496444702
v -0.08887110650539398 5.39940881729126 -1.1885000467300415
v -0.10178541392087936 5.946893215179443 -1.4683910608291626
v 1.1652073860168457 5.044387340545654 -0.8550196886062622
v 0.926274836063385 5.315099239349365 -0.28626179695129395
v -0.001961886417120695 4.758134841918945 -0.5498515963554382
v 0.3372262418270111 4.471321105957031 -0.5729233622550964
v 0.7679662704467773 5.742376327514648 -0.6657187342643738
v 0.328675240278244 4.349227428436279 -0.5864999890327454
v 0.21274031698703766 4.388000011444092 -0.4982934594154358
v 0.6910322308540344 5.892543315887451 -0.8050208687782288
v 0.8169025778770447 5.128668785095215 -0.15157784521579742
v 0.7283850312232971 5.317697048187256 -0.1814836710691452
v -0.10163691639900208 5.94384241104126 -1.4858777523040771
v -0.08107425272464752 4.745626926422119 -0.6865664720535278
v 0.9110978841781616 5.100975513458252 -0.2090611606836319
v 0.03345290571451187 5.525135517120361 -1.280306100845337
v 1.149815559387207 5.187315464019775 -0.7527825832366943
v 1.0182600021362305 5.299066543579102 -1.0179133415222168
v 0.13823376595973969 5.033097267150879 -0.3774026334285736
v 1.0125030279159546 4.568748474121094 -0.8877456188201904
v 0.7959604263305664 5.132993698120117 -0.14263609051704407
v 0.016094611957669258 5.2147603034973145 -0.6988095641136169
v 0.006228331942111254 5.437967777252197 -1.0582603216171265
v 0.216843381524086 5.397395610809326 -1.3413394689559937
v 0.1740492582321167 4.543024063110352 -1.2255985736846924
v 0.636806070804596 4.530768394470215 -1.1074466705322266
v 0.26716893911361694 5.242639541625977 -0.3192426860332489
v -0.18396614491939545 5.142904281616211 -1.047583818435669
v 0.5556670427322388 5.754703998565674 -0.6519446969032288
v -0.09886780381202698 5.940433979034424 -1.5056610107421875
v 0.3016495108604431 5.621883869171143 -1.0544977188110352
v 1.0009803771972656 5.174253940582275 -0.24199998378753662
v -0.17118777334690094 4.553135395050049 -0.853613555431366
v 0.4710644781589508 5.424516201019287 -0.30872583389282227
v -0.04674791917204857 4.4966325759887695 -0.692913830280304
v 1.0230706930160522 4.802048683166504 -0.25641846656799316
v -0.1438077837228775 5.13100004196167 -0.8832321763038635
v 0.8637692928314209 4.230603218078613 -0.7020625472068787
v 0.018000025302171707 5.587501049041748 -1.528999924659729
v 0.9507104158401489 5.367250919342041 -0.9107058644294739
v 0.45822566747665405 5.462361812591553 -0.33759719133377075
v 0.6113997101783752 5.188045501708984 -1.3341692686080933
v 0.8116956353187561 4.9138007164001465 -1.2888054847717285
v 1.1662771701812744 4.938937664031982 -0.4000900983810425
v 0.47159793972969055 4.324282169342041 -0.5378679037094116
v 1.0694360733032227 5.007924556732178 -0.2756539583206177
v 0.6893126964569092 5.325773239135742 -0.1911151260137558
v 0.3226247727870941 5.392364025115967 -0.32651644945144653
v 0.46836331486701965 4.459983825683594 -0.8485490679740906
v 0.8861416578292847 4.601996898651123 -0.3151417374610901
v 1.0775924921035767 4.808036804199219 -0.21120385825634003
v 0.2564120590686798 5.23449182510376 -1.4305000305175781
v 0.22829823195934296 4.511862754821777 -0.6859114766120911
v 0.5312410593032837 4.434327125549316 -1.1375300884246826
v 0.20385195314884186 5.539016246795654 -1.1338800191879272
v -0.08555154502391815 5.02863883972168 -0.8970491290092468
v 0.9367190599441528 5.266664028167725 -0.2488320916891098
v 0.04817180335521698 4.9021477699279785 -1.2402005195617676
v 0.6011624336242676 4.424541473388672 -0.6368789076805115
v 1.0549999475479126 4.536290645599365 -0.6963067054748535
v 0.9493605494499207 5.134966850280762 -1.098794937133789
v 0.7171897292137146 4.657299041748047 -0.1952556073665619
v 0.16672317683696747 4.433732032775879 -0.8044730424880981
v -0.11116765439510345 5.806131362915039 -1.4333771467208862
v 0.340450644493103 5.377324104309082 -0.3199496865272522
v 0.5107917189598083 4.827765464782715 -1.351088523864746
v 0.7325000166893005 5.000045299530029 -1.2674729824066162
v -0.17133992910385132 4.553110122680664 -0.853030264377594
v 0.6902208924293518 5.794604301452637 -0.6895707249641418
v 0.6160556077957153 4.283444404602051 -0.8155918717384338
v 0.04537520557641983 5.320350170135498 -1.5359249114990234
v 0.9489616751670837 4.589856147766113 -0.9524095058441162
v 0.6206685900688171 4.301584243774414 -0.8946202993392944
v 0.36758631467819214 5.69388484954834 -0.7787804007530212
v -0.17911963164806366 5.516620635986328 -1.3816401958465576
v 0.24168169498443604 4.765293598175049 -0.31987205147743225
v 1.0402909517288208 4.52357292175293 -0.614372968673706
v 0.730597198009491 5.7594757080078125 -0.8333409428596497
v 0.955564022064209 5.533674240112305 -0.864806056022644
v 0.8277320265769958 5.56658935546875 -0.5103621482849121
v 0.5763718485832214 5.794608116149902 -0.8345961570739746
v 0.1718141883611679 4.994441986083984 -0.362918496131897
v 0.6453793048858643 5.634040355682373 -1.0512551069259644
v 0.1362123340368271 4.616086006164551 -0.5286383032798767
v 0.5868170261383057 4.428365707397461 -0.9222276210784912
v 0.6447510123252869 5.608388900756836 -0.482305645942688
v 1.030376672744751 5.274977207183838 -1.0112308263778687
v 0.004937338642776012 5.190484046936035 -0.6958124041557312
v 1.159000039100647 4.909036636352539 -0.43449392914772034
v 0.9437311887741089 5.371179103851318 -1.0661792755126953
v 0.9541218280792236 5.369112014770508 -0.9066741466522217
v 0.10381364077329636 5.161034107208252 -0.5157322287559509
v 0.28308120369911194 4.374283790588379 -0.2884143888950348
v 1.0143545866012573 4.764035701751709 -0.24067024886608124
v 0.6239638328552246 5.1830973625183105 -0.10359751433134079
v 1.1749420166015625 4.753041744232178 0.005400493741035461
v 0.16650605201721191 5.056338787078857 -0.3619963526725769
v 1.0168938636779785 5.301410675048828 -1.0189050436019897
v -0.15127919614315033 5.285950183868408 -0.979862630367279
v 1.1170837879180908 5.170622825622559 -0.41601836681365967
v 1.2139862775802612 4.882631301879883 -0.684905469417572
v 0.7581084370613098 5.1900506019592285 -1.2374458312988281
v -0.0914982482790947 5.20146369934082 -1.4688652753829956
v 0.9628233909606934 4.529984951019287 -0.5001728534698486
v 0.8952228426933289 4.934209823608398 -1.1901721954345703
v 0.8438391089439392 4.976789951324463 -1.180968165397644
v 0.9845149517059326 4.638216018676758 -0.34323883056640625
v 0.015499971807003021 5.73862886428833 -1.3027379512786865
v 0.17936724424362183 5.071012496948242 -0.35470882058143616
v 1.2152115106582642 4.753307342529297 -0.16448406875133514
v 0.6976929306983948 4.595598220825195 -0.24022842943668365
v 0.6752361059188843 4.577147960662842 -0.23179426789283752
v 1.0977833271026611 5.303282260894775 -0.6569334268569946
v 1.1800705194473267 5.289968013763428 -0.3752977252006531
v 0.04272936284542084 5.725733757019043 -1.523105502128601
v -0.11320777982473373 5.8199543952941895 -1.4379675388336182
v 0.9461881518363953 4.754698753356934 -0.22617202997207642
v 0.033328525722026825 5.5268144607543945 -1.2811143398284912
v 0.2665605843067169 5.254396915435791 -0.3180919289588928
v 0.9553817510604858 4.588460445404053 -0.9457103610038757
v -0.025466011837124825 4.9114909172058105 -1.131558895111084
v 0.9476466178894043 4.420146942138672 -0.7154191732406616
v 0.3013014793395996 5.621664047241211 -1.0548092126846313
v 0.9959999918937683 5.2585649490356445 -1.0986007452011108
v -0.09890028834342957 5.951432704925537 -1.4522016048431396
v 0.20535393059253693 4.454247951507568 -1.1548408269882202
v 0.44824647903442383 4.90518856048584 -0.1362435668706894
v 0.7554836273193359 5.5671305656433105 -0.4834618866443634
v 0.3325767517089844 5.106564521789551 -0.23861169815063477
v 0.3699888288974762 5.0892744064331055 -0.21889276802539825
v 0.026188984513282776 5.200350284576416 -1.5724290609359741
v 1.3398915529251099 5.281942367553711 -0.22527417540550232
v 0.23192431032657623 4.385653495788574 -0.33857461810112
v 1.1310968399047852 5.383798122406006 -0.20130231976509094
v -0.10333245992660522 5.334500789642334 -0.8814986944198608
v 0.9579873085021973 5.508354663848877 -0.7558987736701965
v 0.9590734839439392 5.506544589996338 -0.7649695873260498
v 0.7305240035057068 4.295182704925537 -0.9483650922775269
v 0.8878988027572632 4.227133274078369 -0.7619277238845825
v 0.701610267162323 5.865658760070801 -0.7166933417320251
v 0.3309224843978882 4.3800368309021 -0.561500072479248
v 0.9480342268943787 5.368368148803711 -1.0631955862045288
v 0.02967037819325924 5.6486430168151855 -1.5289148092269897
v 0.7005317807197571 5.587158203125 -0.4903860092163086
v 1.020308017730713 4.97820520401001 -0.21905174851417542
v 0.36070021986961365 4.334562301635742 -0.5841958522796631
v 0.20271335542201996 5.396356582641602 -1.352621078491211
v 0.47061067819595337 4.378796577453613 -1.0948143005371094
v 0.006325599271804094 5.470519542694092 -0.8644728660583496
v 0.22789442539215088 5.167957782745361 -0.41251394152641296
v 0.42282354831695557 4.732629776000977 -1.3874093294143677
v 0.6981413960456848 5.865762233734131 -0.7275758981704712
v -0.1117105484008789 5.237921237945557 -1.4839402437210083
v 0.21518850326538086 5.163980960845947 -0.4413870871067047
v 0.3201201260089874 4.462347984313965 -1.3561581373214722
v 0.9068652391433716 5.355432510375977 -0.9319637417793274
v 0.3771362900733948 4.324883460998535 -0.5845000147819519
v 0.7409809827804565 5.23717737197876 -1.2547088861465454
v 0.8650091290473938 5.551924705505371 -0.5520843267440796
v 0.6594815254211426 5.329730987548828 -0.20197495818138123
v 0.614284098148346 4.405486583709717 -0.37468940019607544
v 0.2847469449043274 4.410530090332031 -1.0743494033813477
v 1.1200599670410156 4.679585933685303 -0.23080085217952728
v 1.4279303550720215 5.131025791168213 -0.07900648564100266
v 0.7625325322151184 5.913671016693115 -0.681486964225769
v 0.2411278635263443 4.513522148132324 -0.6704158186912537
v 0.14122362434864044 5.136694431304932 -1.535385251045227
v 1.078875184059143 4.808914661407471 -0.2096511423587799
v 0.7449747920036316 5.604124546051025 -0.9999881386756897
v 0.6984637975692749 4.495387554168701 -1.0352576971054077
v 0.5160267353057861 4.378689289093018 -1.1670801639556885
v 0.8492626547813416 4.974374294281006 -1.1912987232208252
v 0.7404877543449402 5.026230812072754 -1.2535101175308228
v 0.7489124536514282 4.701906681060791 -1.2614063024520874
v 0.8618364334106445 5.630825519561768 -0.6969146132469177
v 1.0734344720840454 5.009389400482178 -0.2793633043766022
v 0.9479750990867615 4.420475006103516 -0.7208389043807983
v 0.7601831555366516 4.697337627410889 -1.2521746158599854
v 0.041138045489788055 5.480693817138672 -1.259008526802063
v 0.015036748722195625 5.719602108001709 -1.2977938652038574
v 0.6036657094955444 5.18412446975708 -1.3488963842391968
v 0.03934227302670479 5.841209888458252 -1.5575789213180542
v 0.28030601143836975 4.363650321960449 -0.5808496475219727
v 0.9307024478912354 4.7459845542907715 -0.221242293715477
v 0.2333243489265442 5.453755855560303 -0.4019554555416107
v 0.03825774043798447 4.979152679443359 -0.5091161131858826
v 0.7955901622772217 5.58710241317749 -1.0301845073699951
v 0.3290812075138092 4.745687007904053 -1.3617528676986694
v 0.6432088017463684 5.806236743927002 -0.7257911562919617
v 0.8000084161758423 5.585945129394531 -1.0270463228225708
v 0.9668610692024231 4.950066089630127 -0.1776503324508667
v 0.3546558618545532 4.592032432556152 -0.2512921392917633
v 0.7605803608894348 5.913410663604736 -0.6822677850723267
v -0.14301835000514984 5.296626091003418 -0.9592476487159729
v 0.5819267630577087 5.124612808227539 -1.3368703126907349
v 1.039494514465332 5.354708194732666 -0.7979217767715454
v 1.1027507781982422 5.13538932800293 -0.34747475385665894
v 0.0722016766667366 5.015859603881836 -0.3742016553878784
v 1.2568045854568481 5.177695274353027 -0.10252009332180023
v 0.6013920903205872 5.8021345138549805 -0.8180962204933167
v 0.6628882884979248 5.175537586212158 -0.1015000119805336
v 0.9218659996986389 4.815830230712891 -1.1085208654403687
v 0.1027720719575882 4.452287673950195 -1.002233624458313
v 0.1799735128879547 4.996657848358154 -0.3584737181663513
v 0.036711689084768295 5.944487571716309 -1.4646351337432861
v 1.1663910150527954 4.746849536895752 0.0030413398053497076
v 0.38676780462265015 5.688551425933838 -0.6742223501205444
v 1.2744766473770142 5.301121711730957 -0.30441585183143616
v 0.6131137609481812 4.289475917816162 -0.8405407071113586
v 0.6791502237319946 4.961498260498047 -1.37120521068573
v 0.30512526631355286 4.448874473571777 -1.006563425064087
v 0.12408757954835892 4.907073497772217 -1.308014154434204
v 0.029649782925844193 5.242330074310303 -0.6452523469924927
v 0.7620545625686646 5.913607120513916 -0.6816782355308533
v 0.47750788927078247 4.72327995300293 -1.3726696968078613
v 1.1780463457107544 5.014768123626709 -0.8021637797355652
v 1.2388497591018677 4.7639970779418945 -0.1254410594701767
v 0.5102947950363159 4.449650764465332 -0.899644136428833
v 0.6978552937507629 5.381201267242432 -1.2679907083511353
v 0.19300441443920135 4.461169719696045 -1.210039734840393
v 0.008360505104064941 5.507779121398926 -0.9183250069618225
v 0.4445793628692627 5.299079418182373 -1.4089404344558716
v 1.2589623928070068 5.000513076782227 -0.11086062341928482
v 0.24209186434745789 4.378010272979736 -0.5494796633720398
v 0.4272754490375519 4.8534674644470215 -1.3685561418533325
v 0.46998831629753113 4.459266662597656 -1.0395582914352417
v -0.15643146634101868 5.277423858642578 -0.9980812072753906
v 0.5810806751251221 5.122766971588135 -1.3369472026824951
v 0.22367045283317566 4.510373592376709 -0.6903789639472961
v 0.33848634362220764 4.4374589920043945 -0.5627431273460388
v 1.0143036842346191 4.764095783233643 -0.2406979501247406
v 0.6321660876274109 4.304969787597656 -0.9118173718452454
v 0.4341985285282135 4.459871768951416 -0.7948943972587585
v 0.9557032585144043 5.329089164733887 -1.139618158340454
v 1.116173267364502 4.717604160308838 -0.0207623653113842
v 1.1028711795806885 5.151000022888184 -0.8649894595146179
v 0.6764647960662842 5.81160831451416 -0.8193216323852539
v 0.1372377574443817 5.16273832321167 -0.5714290142059326
v 0.34596219658851624 5.105790138244629 -1.482637882232666
v 0.5069844126701355 4.829201698303223 -1.3515896797180176
v -0.14393989741802216 5.358453273773193 -1.214599847793579
v 0.8741716146469116 4.923259735107422 -1.2127524614334106
v 0.8083928227424622 5.071348190307617 -1.2043706178665161
v 0.9756208658218384 5.209528923034668 -0.2362101823091507
v 0.13443434238433838 4.61661958694458 -0.5310386419296265
v 0.5942181348800659 5.359284400939941 -0.23963963985443115
v 0.6129499077796936 4.29085111618042 -0.8453043699264526
v 1.119275450706482 5.378089904785156 -0.21032008528709412
v 0.30438870191574097 5.326166152954102 -0.309027761220932
v 0.9592894911766052 5.506184101104736 -0.7668424844741821
v 0.07602664828300476 5.413319110870361 -0.6692444682121277
v 0.39986708760261536 5.075316429138184 -0.1958608329296112
v 0.42831435799598694 5.699842929840088 -0.9131953716278076
v 0.8882715702056885 4.234342575073242 -0.8238702416419983
v 1.0549999475479126 4.532083988189697 -0.6745035648345947
v 0.817937433719635 4.66432523727417 -1.1818950176239014
v 0.17745071649551392 5.126990795135498 -1.532077431678772
v 0.8087356686592102 5.361534595489502 -1.2434515953063965
v 1.395857810974121 5.229702949523926 -0.14623340964317322
v 0.018000025302171707 5.568071365356445 -1.5295872688293457
v 0.265015572309494 5.2397027015686035 -0.3190467953681946
v 0.06894756108522415 4.636268138885498 -1.059358835220337
v 0.9510566592216492 4.757065296173096 -0.22790120542049408
v 1.000736117362976 5.194199562072754 -1.0784398317337036
v -0.0586528480052948 4.935248374938965 -1.0532331466674805
v 0.2436622977256775 5.1788177490234375 -0.3590524196624756
v 0.5373654961585999 4.4203782081604 -0.6801308393478394
v 0.28480687737464905 4.410483360290527 -1.0743061304092407
v 1.1170414686203003 5.1713738441467285 -0.4169982969760895
v 0.3275354504585266 4.499754428863525 -0.6510443687438965
v 0.9313097596168518 4.983119487762451 -1.1373233795166016
v -0.21884693205356598 5.30215311050415 -1.2898199558258057
v 1.1006269454956055 5.21232271194458 -0.22324097156524658
v 0.13644805550575256 5.494058609008789 -1.16377592086792
v 0.013279421254992485 5.427781581878662 -1.2038545608520508
v 0.94865483045578 4.421077728271484 -0.7312038540840149
v 0.35768353939056396 4.740045070648193 -1.386557936668396
v 1.027698278427124 4.697388172149658 -0.3296407163143158
v 0.5505634546279907 4.40877628326416 -0.5836594700813293
v -0.15235862135887146 5.60860013961792 -1.4039241075515747
v 0.5455271601676941 5.022897720336914 -0.1137964129447937
v 0.6662044525146484 4.96908712387085 -1.374329924583435
v 0.9836819767951965 4.653591156005859 -0.1813405454158783
v -0.02915579080581665 4.51441764831543 -1.024432897567749
v 0.017566731199622154 4.499716758728027 -1.0123469829559326
v 0.6016803979873657 4.336309432983398 -0.7089020609855652
v 0.012507210485637188 4.48460578918457 -0.6951831579208374
v 0.497314453125 4.392451286315918 -1.2707030773162842
v 0.21652379631996155 4.387369155883789 -0.5075991153717041
v 0.4827389121055603 5.371657371520996 -1.3730370998382568
v 0.9804351925849915 4.558058738708496 -0.48837652802467346
v 0.5245141983032227 5.738032817840576 -0.634101927280426
v 0.34141990542411804 5.102795600891113 -0.23545485734939575
v 0.5572835803031921 4.352632522583008 -0.34923607110977173
v 1.1013579368591309 5.1532158851623535 -0.8971502780914307
v 1.0165594816207886 4.975706577301025 -0.21494609117507935
v 0.6443030834197998 4.266798496246338 -0.7312940955162048
v -0.08764923363924026 5.348029613494873 -0.8524775505065918
v 0.645440399646759 4.266364574432373 -0.7291871309280396
v 0.2125418484210968 5.118008613586426 -1.5196019411087036
v 1.0225350856781006 4.800594806671143 -0.25649493932724
v 0.03191285580396652 5.941264629364014 -1.5036453008651733
v 0.1929120421409607 4.562711238861084 -0.4541230797767639
v 0.4562768340110779 5.676564693450928 -0.8940936326980591
v 0.2134895622730255 4.485618591308594 -1.25823175907135
v 0.6428133249282837 4.560707092285156 -0.23233845829963684
v -0.19886760413646698 5.255782604217529 -1.1140847206115723
v 1.1937004327774048 4.9540252685546875 -0.49840325117111206
v 0.13521559536457062 4.986581802368164 -0.382851243019104
v 0.3727942407131195 5.690000057220459 -0.7957231998443604
v 0.9304724931716919 5.327769756317139 -0.30272844433784485
v -0.0037714403588324785 5.9430155754089355 -1.5459171533584595
v 1.308037519454956 5.349861145019531 -0.042209137231111526
v 1.0401005744934082 4.516520977020264 -0.5720621347427368
v 0.046530336141586304 5.181445598602295 -1.552945613861084
v 0.7316735982894897 4.700721263885498 -0.16395217180252075
v 1.28925621509552 4.91392707824707 0.036975640803575516
v 0.14758829772472382 4.441860198974609 -0.8874632716178894
v 0.9604159593582153 5.232183456420898 -0.23588556051254272
v 1.2289105653762817 5.299066543579102 -0.34484490752220154
v 0.18661116063594818 5.457669734954834 -0.4705881178379059
v 1.4258055686950684 5.104312896728516 -0.0719585120677948
v 0.9680577516555786 4.64557409286499 -0.2107943445444107
v -0.03434350714087486 4.751307964324951 -0.5971491932868958
v 0.354982852935791 4.740431308746338 -1.384918212890625
v 1.1323294639587402 4.905731678009033 -0.342865914106369
v 0.631691575050354 5.229124546051025 -1.3312411308288574
v 0.585580050945282 5.619583606719971 -0.48608434200286865
v 0.37916305661201477 5.690453052520752 -0.699894368648529
v 0.4726808965206146 5.6810832023620605 -0.9559030532836914
v 0.28509506583213806 5.441145896911621 -1.3268941640853882
v 0.015491600148379803 5.733249187469482 -1.3014330863952637
v 0.5719068050384521 5.7925615310668945 -0.8379448652267456
v 0.8132656812667847 5.732656478881836 -0.8027188777923584
v 0.548704981803894 5.662888050079346 -1.023205041885376
v 0.9848097562789917 5.091195583343506 -1.0980440378189087
v 0.02242586575448513 5.445627689361572 -1.5355188846588135
v 1.1097474098205566 5.154891014099121 -0.8354011178016663
v 0.8179696202278137 4.91349983215332 -1.2796640396118164
v -0.12004151940345764 4.545846939086914 -0.957802951335907
v 0.7807366847991943 4.237605094909668 -0.6115527153015137
v 0.29984113574028015 5.446126461029053 -1.3223989009857178
v 1.2734088897705078 5.096024036407471 -0.07988611608743668
v 0.8847917318344116 5.555157661437988 -0.6768055558204651
v -0.04884875565767288 4.497092247009277 -0.6931108832359314
v 0.8353966474533081 4.904462814331055 -0.10733026266098022
v 0.6010692119598389 5.165380001068115 -1.3353793621063232
v 0.5411385297775269 5.619140148162842 -0.5007404685020447
v 0.5445911884307861 5.777259349822998 -0.8555498719215393
v -0.0652366355061531 5.1131062507629395 -0.751236081123352
v 1.100899577140808 5.133744239807129 -0.34150996804237366
v 0.31339964270591736 4.670194625854492 -0.2765941917896271
v 0.9506204724311829 5.366787433624268 -1.061184048652649
v 0.7867724299430847 4.681793212890625 -1.2130862474441528
v 0.011855602264404297 5.466598987579346 -1.0316790342330933
v 1.0333824157714844 4.734757900238037 -0.2968596816062927
v 0.20742276310920715 4.388195991516113 -0.4847579896450043
v 0.03593821823596954 5.318085193634033 -1.5423420667648315
v 0.34742313623428345 5.463394641876221 -1.303038477897644
v 0.7773526906967163 5.289575099945068 -0.1719999462366104
v 0.22430643439292908 4.416226863861084 -0.4339512288570404
v 1.014258623123169 5.343307018280029 -0.26197004318237305
v 0.07184601575136185 5.097896099090576 -0.48020386695861816
v 0.5815861821174622 5.042694568634033 -1.3865468502044678
v 0.9788324236869812 5.3257269859313965 -0.2697731852531433
v 0.5493073463439941 4.446239471435547 -1.1400856971740723
v 0.19139117002487183 4.488138675689697 -0.722234845161438
v 0.28611817955970764 5.240428447723389 -1.4328094720840454
v 0.6598137021064758 4.4332966804504395 -0.40529659390449524
v -0.033615708351135254 5.049899578094482 -0.7034562826156616
v 0.574969470500946 5.368086814880371 -0.25280603766441345
v 1.2861318588256836 4.903309345245361 0.035195499658584595
v 0.34691405296325684 5.3664326667785645 -0.3165643811225891
v -0.13186977803707123 4.55009126663208 -0.9400823712348938
v 0.23794731497764587 5.173247814178467 -0.3839588761329651
v 0.19324643909931183 4.3891777992248535 -0.4267676770687103
v 0.7115473747253418 5.399653434753418 -1.257559061050415
v 0.274632066488266 4.365622520446777 -0.5776299834251404
v 0.6239858865737915 5.197109222412109 -1.336479663848877
v 0.20077534019947052 4.495831489562988 -0.7132246494293213
v 0.9621107578277588 4.627612113952637 -0.2557750344276428
v 0.8364078402519226 5.361161231994629 -1.2233126163482666
v 0.7558165788650513 5.69578742980957 -0.5926258563995361
v 0.7977506518363953 5.7347493171691895 -0.7311496734619141
v 0.13803130388259888 5.137738227844238 -1.5353769063949585
v 0.9061838388442993 5.102204322814941 -0.20598995685577393
v 1.2765001058578491 5.067293643951416 -0.0900304913520813
v 0.11215579509735107 5.363860607147217 -1.424089789390564
v 1.1216362714767456 5.078291893005371 -0.9321439862251282
v 0.858029305934906 5.568387985229492 -0.9794707298278809
v 0.42215895652770996 4.7326483726501465 -1.3875385522842407
v 0.22416508197784424 4.428791522979736 -0.4303445518016815
v 0.2867874205112457 4.474213123321533 -0.9660739898681641
v -0.09780353307723999 5.338681221008301 -0.8731070756912231
v 0.7338132858276367 4.9353532791137695 -1.3539609909057617
v 0.6931344866752625 4.506663799285889 -1.0452982187271118
v 0.9254166483879089 4.809599876403809 -1.146517038345337
v 0.3299134373664856 5.386977195739746 -0.32381266355514526
v 0.9800748825073242 5.203682899475098 -0.23704521358013153
v 1.1607643365859985 4.9318342208862305 -0.3802098333835602
v 1.1056339740753174 4.761889934539795 -0.44225603342056274
v 0.5478909015655518 4.549245834350586 -0.20544961094856262
v -0.11499407142400742 4.544097423553467 -0.9652070999145508
v 0.48607200384140015 4.380115032196045 -1.1122231483459473
v 0.8884420990943909 5.1439290046691895 -1.1371772289276123
v 0.04556070268154144 4.768863201141357 -0.49087080359458923
v 0.9990288615226746 4.758050918579102 -0.2654872238636017
v 0.41198524832725525 4.4334330558776855 -1.3485950231552124
v 0.373382568359375 4.470814228057861 -0.8532103300094604
v 1.043107509613037 5.317088603973389 -0.4628797769546509
v 0.015700209885835648 4.987339973449707 -0.566199541091919
v 0.14837287366390228 4.989387512207031 -0.37503135204315186
v 0.09805762022733688 5.1527862548828125 -1.5363693237304688
v -0.111201211810112 4.840216636657715 -0.8666229248046875
v 0.8757126331329346 4.6662445068359375 -0.2310294657945633
v 1.0853023529052734 5.092311382293701 -0.9648580551147461
v 0.1479259580373764 5.450316905975342 -0.5345441102981567
v 0.00871031079441309 5.506237983703613 -0.9478102326393127
v 1.0473023653030396 4.8721699714660645 -0.25115805864334106
v 0.6149730086326599 4.338376998901367 -0.9000808000564575
v 0.7759883999824524 4.370741367340088 -0.5104654431343079
v 0.9671239256858826 5.222540378570557 -0.23504696786403656
v 0.9596260786056519 4.587255477905273 -0.9413739442825317
v 0.17817707359790802 5.457470893859863 -0.4840872883796692
v 0.4820922613143921 4.897519111633301 -0.12352550029754639
v 1.022936224937439 5.291127681732178 -1.0161607265472412
v 0.5082246661186218 5.673120975494385 -0.9815865159034729
v 1.0094178915023804 4.770516395568848 -0.2543772757053375
v 0.714487612247467 4.648292064666748 -0.20111015439033508
v 0.41743117570877075 5.276790142059326 -1.4203435182571411
v 0.6017032265663147 4.335718154907227 -0.7090157270431519
v 0.9477810263633728 4.420280933380127 -0.717637300491333
v 1.383906364440918 5.245193004608154 -0.16469119489192963
v 0.44538581371307373 4.45753812789917 -0.7764498591423035
v 0.7921267747879028 5.760895729064941 -0.7704927921295166
v 0.5093075037002563 4.435900688171387 -0.6993756890296936
v 0.3404896855354309 4.469338893890381 -0.8864297866821289
v 0.481492280960083 4.448418140411377 -0.725701630115509
v 0.7507478594779968 5.599405765533447 -1.0489059686660767
v 0.9441496133804321 4.7538981437683105 -0.22566236555576324
v 1.050876259803772 4.546039581298828 -0.7475295066833496
v 0.7356780767440796 5.781124114990234 -0.7939459085464478
v 0.7881202101707458 5.434293270111084 -0.3792239725589752
v -0.10600634664297104 5.332495212554932 -0.8855105638504028
v 0.7548387050628662 5.775543212890625 -0.6990945935249329
v 0.7491822838783264 5.214123725891113 -1.245317816734314
v 0.548428475856781 5.362102508544922 -0.28033047914505005
v 0.23120084404945374 4.924675464630127 -1.3907606601715088
v 0.5904210209846497 5.360665321350098 -0.24274641275405884
v 0.5179204940795898 4.380809783935547 -1.2336986064910889
v 0.10483194142580032 4.451944351196289 -1.0014783143997192
v 0.3352562189102173 5.383028030395508 -0.32195430994033813
v 0.3246076703071594 5.249276638031006 -1.4364628791809082
v 1.0562959909439087 5.298755168914795 -0.47039803862571716
v 1.041373372077942 4.8508524894714355 -0.2547324299812317
v -0.08175867795944214 4.813741207122803 -0.9265171885490417
v 1.0288280248641968 5.2787346839904785 -1.012086033821106
v 0.9959999918937683 5.240644931793213 -1.0921326875686646
v 0.488243043422699 5.69744873046875 -0.8713364005088806
v 0.8795181512832642 5.110593318939209 -0.18721243739128113
v 1.427770972251892 5.147506237030029 -0.08464561402797699
v 0.36962613463401794 4.507172107696533 -0.23707573115825653
v 0.709583044052124 5.1649250984191895 -0.10728877782821655
v 0.7343905568122864 5.604297161102295 -1.0508984327316284
v 1.143717646598816 4.970293045043945 -0.41821765899658203
v 0.08229078352451324 5.423699855804443 -0.6468368768692017
v -0.08066781610250473 4.999337673187256 -0.9481592178344727
v 1.0978541374206543 5.069083213806152 -0.3611876964569092
v 0.29503732919692993 4.404350757598877 -1.069132924079895
v 0.8193005323410034 5.03668737411499 -1.191199541091919
v 0.784055769443512 4.918241024017334 -1.3228237628936768
v 0.778315007686615 5.358786582946777 -1.2635670900344849
v 0.8375428915023804 5.855217933654785 -0.7761931419372559
v 1.2152087688446045 4.753305912017822 -0.16448792815208435
v 0.688046932220459 5.325931549072266 -0.1914711445569992
v -0.043423131108284 5.01693058013916 -0.7039692401885986
v -0.19978490471839905 5.154784679412842 -1.0990328788757324
v -0.09360074996948242 4.7401814460754395 -0.7145926356315613
v 0.17917455732822418 4.65242338180542 -1.166388988494873
v 0.6631176471710205 4.7526774406433105 -1.2993119955062866
v 0.46542394161224365 4.409790992736816 -1.31057608127594
v 0.2937988042831421 5.444175720214844 -1.324324369430542
v 0.8006272912025452 5.585782051086426 -1.0265904664993286
v -0.16651105880737305 5.133639335632324 -0.9794867038726807
v 1.407738208770752 5.210729598999023 -0.12628942728042603
v 0.6198888421058655 5.206714153289795 -1.332872986793518
v 0.13439789414405823 5.446228981018066 -0.557644784450531
v 0.16909411549568176 4.429203033447266 -0.8534795045852661
v 1.3543789386749268 4.954222679138184 -0.07243943959474564
v 0.5353543758392334 5.743927001953125 -0.6404553651809692
v 1.3936227560043335 5.023062229156494 -0.06935340911149979
v -0.06838511675596237 4.747499942779541 -0.6629448533058167
v 1.0480173826217651 4.8923492431640625 -0.24641263484954834
v 0.33306190371513367 4.744797706604004 -1.3657641410827637
v 0.49675923585891724 4.405113220214844 -1.1290568113327026
v 0.32632794976234436 4.491054058074951 -0.5862312316894531
v 0.7448667883872986 4.253615379333496 -0.9679027199745178
v 0.8655411601066589 5.358488082885742 -1.19880211353302
v -0.005796641577035189 5.158039569854736 -0.6932814121246338
v 1.1272464990615845 4.846104621887207 -0.15789538621902466
v 0.7581568956375122 5.774185657501221 -0.7013570070266724
v -0.07482893019914627 5.167464256286621 -1.45256769657135
v 0.7648743391036987 4.29085111618042 -0.9375532269477844
v 0.5974882245063782 5.482827663421631 -0.37536129355430603
v 1.163694143295288 4.936928749084473 -0.39148053526878357
v 0.7286843061447144 5.87276554107666 -0.8193623423576355
v 0.7274000644683838 5.860400199890137 -0.6794999837875366
v 0.05719364434480667 5.269193649291992 -0.6259331107139587
v 1.0320876836776733 4.758296012878418 -0.22826790809631348
v 0.40820878744125366 4.434511661529541 -1.3500787019729614
v -0.03821659833192825 4.9161376953125 -1.1029683351516724
v 0.6633092164993286 5.802396774291992 -0.7067939043045044
v 0.9205635190010071 5.541145324707031 -0.9034364819526672
v 0.934167742729187 5.012360095977783 -1.0875699520111084
v 0.04632772505283356 4.977910995483398 -0.4898723363876343
v 0.30296915769577026 5.407822132110596 -0.3346957862377167
v 0.6984986066818237 4.951125621795654 -1.3652504682540894
v 0.7467232346534729 5.9313435554504395 -0.7647456526756287
v 0.09603456407785416 4.616142272949219 -0.5760006308555603
v 0.8129369020462036 5.094587326049805 -1.2051823139190674
v 0.13773001730442047 5.495084285736084 -1.163135051727295
v 0.9928781390190125 5.297085285186768 -1.118743896484375
v 0.7802023887634277 4.347441673278809 -0.5317609310150146
v 0.9546456933021545 5.260533332824707 -1.1269999742507935
v 0.3216170370578766 5.393109321594238 -0.32691070437431335
v 1.0849719047546387 4.66303014755249 -0.24347002804279327
v 0.9414529204368591 4.491137981414795 -0.5128839612007141
v 0.15494851768016815 4.764942169189453 -0.427478551864624
v 0.9943798780441284 5.335428237915039 -0.2657143473625183
v 0.41753578186035156 5.276855945587158 -1.4203280210494995
v 0.7225411534309387 5.78249979019165 -0.8040386438369751
v 0.09995584934949875 4.904454708099365 -1.2875465154647827
v 0.22065146267414093 4.386249542236328 -0.5171524882316589
v 0.3883913457393646 5.688190937042236 -0.6691712737083435
v 0.9431964755058289 5.078970909118652 -1.0912977457046509
v 0.33089810609817505 4.643103122711182 -0.26920086145401
v -0.009758814238011837 5.1376543045043945 -0.6945000290870667
v 0.8620838522911072 5.553184986114502 -0.5480376482009888
v 0.027878010645508766 5.316612243652344 -1.5466629266738892
v 0.02199212647974491 5.431771755218506 -1.5385551452636719
v 0.6392278671264648 5.787508010864258 -0.6956959962844849
v -0.03964915871620178 5.413450241088867 -1.1906251907348633
v 0.7804347276687622 4.351389408111572 -0.5280455350875854
v 0.9287152886390686 4.977930545806885 -1.1417338848114014
v 1.0423237085342407 4.524144172668457 -0.6204710602760315
v 0.4841908812522888 4.722026824951172 -1.3707901239395142
v -0.2245434671640396 5.181460857391357 -1.1623586416244507
v 0.6396428942680359 4.268795967102051 -0.7399490475654602
v 0.035530999302864075 5.663745880126953 -1.5258160829544067
v -0.17243939638137817 4.553439617156982 -0.8386368751525879
v 1.1752952337265015 5.400529384613037 -0.16774892807006836
v 0.5995393395423889 4.316926956176758 -0.7133707404136658
v -0.22352293133735657 5.295344829559326 -1.300787091255188
v 0.9835224151611328 5.312654972076416 -1.1285109519958496
v 0.3449670076370239 5.254866600036621 -1.4348777532577515
v 0.9322816729545593 5.533679485321045 -0.6364225745201111
v 0.3058323562145233 4.447056770324707 -1.0085539817810059
v 0.019468367099761963 5.790073394775391 -1.3178577423095703
v -0.10294732451438904 4.875903606414795 -0.7499383091926575
v 0.9167813062667847 4.958317279815674 -1.1596009731292725
v 0.6343138217926025 5.485289096832275 -0.37071070075035095
v 0.011994946748018265 5.4640913009643555 -1.0348838567733765
v 0.40950697660446167 4.481364727020264 -0.7617435455322266
v 0.23254279792308807 4.779435634613037 -0.3319465219974518
v 0.9504887461662292 5.1551947593688965 -1.1034321784973145
v 0.13808366656303406 4.615524768829346 -0.5261120200157166
v 0.2928504943847656 5.416577339172363 -0.3394690454006195
v 0.016083648428320885 5.7011566162109375 -1.2940815687179565
v 0.12249196320772171 5.442655563354492 -0.5766965746879578
v 1.298261284828186 5.358532428741455 -0.04911947622895241
v -0.038945287466049194 5.948785781860352 -1.3965167999267578
v -0.019776513800024986 5.415884971618652 -1.1943562030792236
v 0.6467458009719849 5.25864839553833 -1.3278136253356934
v 0.18897061049938202 4.459699630737305 -0.9043996334075928
v 1.1422410011291504 4.692807674407959 -0.2239397019147873
v 0.5984795093536377 4.789010047912598 -1.3313246965408325
v 0.6645568609237671 5.212626934051514 -1.3105700016021729
v 0.803187370300293 5.08644437789917 -1.2094813585281372
v 1.2295082807540894 4.980849266052246 -0.6512645483016968
v 0.6951410174369812 4.590633869171143 -0.23350003361701965
v 0.08617628365755081 5.124017238616943 -0.495179146528244
v 1.006873369216919 4.767870903015137 -0.24288687109947205
v 0.4000389575958252 5.707496643066406 -0.8700583577156067
v -0.07201152294874191 5.091802597045898 -0.7727085947990417
v 0.9333475232124329 5.274632930755615 -0.2528165578842163
v 0.9667444825172424 5.324276447296143 -1.1357767581939697
v 0.7523245811462402 5.7045392990112305 -0.9085420370101929
v 0.4694739878177643 5.6809868812561035 -0.8820195198059082
v 0.9422943592071533 4.811903953552246 -1.0674933195114136
v 0.21641868352890015 4.38739538192749 -0.5073451399803162
v 0.002309422241523862 5.463374614715576 -0.852931559085846
v 0.9886851906776428 5.190508842468262 -0.23892728984355927
v 0.8280767798423767 4.91349983215332 -1.2649210691452026
v 1.0548889636993408 4.683666706085205 -0.07666659355163574
v 0.5121645331382751 4.479807376861572 -0.9792392253875732
v 0.046539075672626495 5.785897731781006 -1.5453513860702515
v 0.7614399790763855 5.913525581359863 -0.681924045085907
v 0.48429206013679504 4.285876274108887 -0.4192827641963959
v 1.3782577514648438 5.251541614532471 -0.172788605093956
v 0.39237380027770996 5.1138997077941895 -1.4800000190734863
v 0.9305506944656372 5.327855587005615 -0.3029317259788513
v 0.841749906539917 5.418971061706543 -0.3921922743320465
v 0.8459155559539795 5.417529106140137 -0.3934740126132965
v 0.5512468814849854 4.445732116699219 -0.9312319159507751
v 1.3043410778045654 4.9644880294799805 0.05727047100663185
v 1.0417139530181885 4.987936973571777 -0.21871380507946014
v 0.19377358257770538 4.560643196105957 -0.4529169201850891
v 0.16680043935775757 4.456272125244141 -0.7597559690475464
v 0.20181527733802795 4.388999938964844 -0.47113052010536194
v 0.7374327182769775 4.255507469177246 -0.6193060874938965
v 0.54637211561203 4.33896017074585 -0.3463039696216583
v 0.6793041825294495 4.961407661437988 -1.3711680173873901
v 0.017800379544496536 4.986349582672119 -0.5611991286277771
v 0.8949364423751831 4.993412017822266 -0.1289706826210022
v 0.130069762468338 5.163257598876953 -0.5821030735969543
v 0.36877599358558655 5.692895889282227 -0.7609506845474243
v 0.08287209272384644 4.455313205718994 -1.0086256265640259
v 1.118499994277954 4.720771789550781 -0.4813089966773987
v 0.5217697620391846 4.712449073791504 -1.3573322296142578
v 0.744131326675415 5.418262958526611 -1.2212897539138794
v 0.6889635920524597 5.170078754425049 -0.10285063832998276
v 0.025651831179857254 4.766108512878418 -0.5123699903488159
v 0.9500527381896973 5.143423557281494 -1.1008163690567017
v 0.2683732509613037 5.236533164978027 -1.4311200380325317
v 0.9538556933403015 5.224480152130127 -1.1215671300888062
v 1.0190377235412598 4.793960094451904 -0.2580387592315674
v 0.44802379608154297 4.848188400268555 -1.3637775182724
v 0.7789554595947266 5.8532891273498535 -0.8028221726417542
v 0.49402907490730286 4.444766521453857 -0.7142519950866699
v -0.13634532690048218 5.699522018432617 -1.4170774221420288
v 0.33485937118530273 4.394228935241699 -0.561500072479248
v 1.4036860466003418 5.218159198760986 -0.13270536065101624
v 0.7734476327896118 4.2892022132873535 -0.9326071739196777
v 1.1022391319274902 5.221318244934082 -0.46305713057518005
v 0.7203145623207092 5.577767372131348 -0.4929709732532501
v 1.141141414642334 4.97570276260376 -0.4156414568424225
v 0.49441924691200256 5.036526203155518 -0.13404427468776703
v 0.30005255341529846 4.460294723510742 -0.9922577738761902
v 0.8219749927520752 5.706573009490967 -0.7195481061935425
v -0.0874672532081604 5.954899787902832 -1.4264678955078125
v 0.034250229597091675 5.859249114990234 -1.561749815940857
v 0.16849198937416077 4.429508209228516 -0.8616081476211548
v 0.5649999976158142 5.047046184539795 -1.3332011699676514
v 0.6377025842666626 5.8054680824279785 -0.7483069896697998
v 0.4746691584587097 5.416870594024658 -0.3032049238681793
v 0.8442763090133667 5.361431121826172 -1.2165205478668213
v 0.11335522681474686 5.392223834991455 -1.371762752532959
v 0.9278949499130249 4.8076372146606445 -1.1552493572235107
v 0.2593202292919159 4.510946750640869 -0.6473108530044556
v 0.09515145421028137 5.391848087310791 -0.6799545288085938
v 0.9672982692718506 5.5029497146606445 -0.8737793564796448
v 0.7181233167648315 5.78249979019165 -0.8088248372077942
v 0.5059219002723694 4.3640055656433105 -0.5630872845649719
v 0.6408976316452026 4.8622589111328125 -0.1196071058511734
v 0.8961129784584045 4.71461296081543 -0.21681630611419678
v 0.7585116028785706 4.768725395202637 -0.1296907365322113
v -0.1484355926513672 5.130405902862549 -0.9143016934394836
v 0.6769009828567505 4.436063766479492 -0.4148278832435608
v 0.683337390422821 5.796100616455078 -0.693461537361145
v 0.33672717213630676 4.472818374633789 -0.5735650658607483
v 0.3136218786239624 5.246530532836914 -1.4360051155090332
v 0.821932315826416 5.4249796867370605 -0.3869459331035614
v 1.031999945640564 4.720799446105957 -0.31345701217651367
v 1.1414698362350464 5.226978778839111 -0.20277561247348785
v -0.10554175078868866 4.833029747009277 -0.8836694955825806
v 0.8715323209762573 5.562380790710449 -0.9646419882774353
v 0.00584948668256402 4.485044479370117 -0.693983256816864
v 1.0116046667099 4.6404128074646 -0.35702943801879883
v 0.7857938408851624 5.418220520019531 -1.1836252212524414
v 0.8053949475288391 5.080483436584473 -1.2074946165084839
v 1.3805025815963745 5.002450942993164 -0.07189435511827469
v 0.6822606921195984 5.595612049102783 -0.4879924952983856
v 0.31682881712913513 4.6654863357543945 -0.2753561735153198
v 0.4574875235557556 5.69413423538208 -0.6030243039131165
v -0.09822660684585571 4.7164530754089355 -0.8066117167472839
v 1.037287712097168 4.839811325073242 -0.25531601905822754
v 0.24429138004779816 5.450702667236328 -0.3877106010913849
v 0.2874622046947479 4.459792137145996 -0.9462170600891113
v 1.2310035228729248 4.76056432723999 -0.13868169486522675
v -0.013185683637857437 4.549942493438721 -1.0472643375396729
v 0.8146463632583618 5.853216648101807 -0.7120798230171204
v -0.07904034852981567 4.501923084259033 -0.7013620734214783
v 0.7765278816223145 5.855283260345459 -0.8063021898269653
v 0.7974258661270142 5.417078495025635 -1.1734956502914429
v 0.6062714457511902 5.176605224609375 -1.3349581956863403
v 0.9077087044715881 5.010712146759033 -0.1381060928106308
v 0.5741165280342102 5.653276443481445 -1.0396573543548584
v 0.7881553173065186 4.917262554168701 -1.3182544708251953
v 0.06322205811738968 5.083129405975342 -0.4781297743320465
v 1.0505309104919434 4.546615123748779 -0.7508675456047058
v 0.1458934098482132 4.449519634246826 -0.9497520327568054
v 0.43190997838974 4.296360015869141 -0.5682200193405151
v 1.065060019493103 4.6880340576171875 -0.06494001299142838
v 0.4871674180030823 4.290837287902832 -0.38464677333831787
v 0.8930041193962097 5.55059814453125 -0.934295117855072
v 0.05369409918785095 4.5864996910095215 -0.6034725308418274
v 0.6149504780769348 5.784372329711914 -0.6820523738861084
v 0.47120967507362366 4.900317192077637 -0.12725676596164703
v 0.44504985213279724 4.332544803619385 -0.27081963419914246
v 1.0417397022247314 5.026697635650635 -0.21980470418930054
v 0.6142145991325378 4.3224310874938965 -0.9002137780189514
v 0.6666801571846008 5.213216781616211 -1.3090366125106812
v 0.512428343296051 4.890193939208984 -0.11522453278303146
v -0.020565317943692207 5.944412708282471 -1.5589566230773926
v 0.47033020853996277 4.841687202453613 -1.3586606979370117
v 1.1647381782531738 4.937740802764893 -0.3949603736400604
v 1.1590182781219482 4.905763149261475 -0.4350273013114929
v 0.7530502676963806 4.927362442016602 -1.3457249402999878
v 0.44580554962158203 5.497110366821289 -1.284975528717041
v 0.07664899528026581 5.414287567138672 -0.6671699285507202
v 0.8725729584693909 5.408276557922363 -0.40244704484939575
v 0.71027672290802 5.877093315124512 -0.8171510696411133
v 1.0767039060592651 4.717305660247803 -0.4177038371562958
v 1.154832124710083 4.937506198883057 -0.429498553276062
v 0.7074646353721619 4.441977500915527 -1.0067476034164429
v 0.7450970411300659 5.782193660736084 -0.7854028344154358
v 0.8951524496078491 5.541877746582031 -0.5878564119338989
v 0.9594585299491882 5.078611373901367 -0.17324449121952057
v 0.11038291454315186 5.4746856689453125 -1.1790467500686646
v 0.13133475184440613 5.445147514343262 -0.5628700852394104
v 0.47563567757606506 5.638376712799072 -0.5390979647636414
v 1.1475837230682373 4.861687660217285 -0.1434706747531891
v 0.8010821342468262 5.731417655944824 -0.729150652885437
v -0.09260844439268112 5.936842441558838 -1.5325713157653809
v 1.3859111070632935 5.242952346801758 -0.1618608981370926
v 0.6252366900444031 4.554471015930176 -0.23164713382720947
v 0.7424448132514954 5.739920139312744 -0.8683977723121643
v 0.4648922085762024 4.427667617797852 -1.0492843389511108
v 0.4706413447856903 4.327574253082275 -0.2793763279914856
v 0.8788819313049316 4.9694905281066895 -0.12033013254404068
v 0.20898933708667755 4.388000011444092 -0.48874571919441223
v -0.10220737010240555 4.876890182495117 -0.7467319369316101
v 0.5187109112739563 5.029842853546143 -0.12152889370918274
v -0.12232044339179993 5.748952388763428 -1.4236483573913574
v 0.8245107531547546 4.275496482849121 -0.9081205725669861
v 0.7128864526748657 4.6429548263549805 -0.20457932353019714
v -0.19940845668315887 5.255989074707031 -1.1144195795059204
v 1.031999945640564 4.722024917602539 -0.31200164556503296
v -0.012341911904513836 4.755539417266846 -0.5637925267219543
v 0.01318208035081625 4.905261039733887 -1.1929069757461548
v 0.6132949590682983 4.780852794647217 -1.3245477676391602
v 1.0785506963729858 4.808692455291748 -0.2100437581539154
v 0.162528395652771 5.511185646057129 -1.1513898372650146
v 0.3876197934150696 4.388103485107422 -1.0577589273452759
v 0.35504063963890076 5.257491588592529 -1.4334344863891602
v 0.6817541122436523 5.326718330383301 -0.19324107468128204
v 0.22476179897785187 4.491978168487549 -1.2785017490386963
v 1.1285938024520874 5.075102806091309 -0.9246066212654114
v -0.10053619742393494 5.948454856872559 -1.4612081050872803
v 1.3238029479980469 5.2896809577941895 -0.24754294753074646
v 0.43084612488746643 4.296523094177246 -0.5685461163520813
v 1.0856112241744995 5.3135552406311035 -0.6798327565193176
v 0.7390692830085754 5.313322067260742 -0.17964352667331696
v -0.07943430542945862 5.050414085388184 -0.8530302047729492
v 0.7337912321090698 4.625537395477295 -0.22786179184913635
v 1.1781063079833984 5.014468193054199 -0.8017293214797974
v 0.5123329162597656 5.7435102462768555 -0.8732223510742188
v 0.17690962553024292 4.591038227081299 -0.47748616337776184
v 0.8889965415000916 5.107181072235107 -0.19365769624710083
v 0.5158417820930481 4.550865650177002 -0.1888294517993927
v 0.6187823414802551 5.345027923583984 -0.22386577725410461
v 0.7082845568656921 4.434700965881348 -1.0059770345687866
v 0.027303149923682213 5.947437286376953 -1.443925142288208
v 1.0505874156951904 5.102040767669678 -0.9930799007415771
v 0.6182417273521423 5.345322608947754 -0.22420980036258698
v 0.5016366839408875 5.061432838439941 -1.4142723083496094
v 0.49798813462257385 4.832722187042236 -1.353154182434082
v -0.026394234970211983 5.953000068664551 -1.4010140895843506
v 0.18186958134174347 4.479823112487793 -0.7316304445266724
v 1.1030763387680054 5.058304309844971 -0.36711883544921875
v -0.08299548178911209 5.007733345031738 -0.9340248107910156
v 0.5674916505813599 4.364397048950195 -0.3519250154495239
v 0.14020036160945892 5.448147296905518 -0.5477463603019714
v 1.1353639364242554 4.989590167999268 -0.4092049300670624
v 0.7042590379714966 5.865931987762451 -0.7081181406974792
v 0.05205782130360603 4.901716232299805 -1.2447341680526733
v 1.1834754943847656 4.950737476348877 -0.4581219255924225
v 0.7676655054092407 5.745510578155518 -0.6746965050697327
v 0.2126288264989853 5.5467400550842285 -1.1296300888061523
v 1.0357903242111206 4.557255744934082 -0.8332335352897644
v 0.5868090987205505 5.171000957489014 -1.3585760593414307
v 0.35254645347595215 5.464979648590088 -1.3008031845092773
v 1.0344980955123901 4.675498962402344 -0.10500281304121017
v 0.7412014603614807 5.743076324462891 -0.863646388053894
v 0.4321458637714386 5.287481307983398 -1.4156789779663086
v 0.08987332880496979 5.1681671142578125 -0.6378141045570374
v -0.0859963595867157 4.707656383514404 -0.8573127388954163
v 0.08775848895311356 5.464776039123535 -1.1957931518554688
v 1.2330682277679443 4.9626922607421875 -0.6599093675613403
v 0.7498818635940552 5.713625431060791 -0.8989512920379639
v 0.7547056674957275 5.692766189575195 -0.9209693074226379
v -0.1370079666376114 5.357528209686279 -1.5110034942626953
v 1.2531554698944092 5.393922328948975 -0.0895264521241188
v 1.1086974143981934 5.13991641998291 -0.36217594146728516
v 0.4199116826057434 5.065519332885742 -0.17999036610126495
v 0.1797008216381073 5.457756519317627 -0.4816112220287323
v 1.106819987297058 4.657139778137207 -0.628301203250885
v 0.46243712306022644 5.318812370300293 -1.3947503566741943
v 0.008999964222311974 5.50372314453125 -0.9593844413757324
v 0.7012300491333008 5.865604400634766 -0.7179967164993286
v 1.0408258438110352 4.997729778289795 -0.21816293895244598
v 0.7817297577857971 4.918628692626953 -1.324955940246582
v 0.5694994926452637 5.1552934646606445 -1.3684414625167847
v 0.03929063677787781 5.841442584991455 -1.5576047897338867
v 1.0867851972579956 5.250362396240234 -0.4766477048397064
v 0.8603338003158569 5.359499931335449 -1.2031663656234741
v 0.08683145046234131 5.168978214263916 -0.6405516266822815
v 0.800224781036377 4.283308029174805 -0.9185716509819031
v 0.952939510345459 4.942363739013672 -0.16862130165100098
v 0.004055193159729242 5.892056941986084 -1.3625562191009521
v 1.0169181823730469 5.301368713378906 -1.0188851356506348
v 1.186089277267456 4.846472263336182 -0.6946369409561157
v 0.049028389155864716 4.977502346038818 -0.48344099521636963
v 0.47647276520729065 4.723474025726318 -1.3729608058929443
v 0.5912695527076721 5.174598217010498 -1.3560724258422852
v 0.0882863849401474 5.338433742523193 -1.482941746711731
v 0.3055855929851532 5.40562105178833 -0.3335348069667816
v 0.9658387303352356 5.045330047607422 -1.1066612005233765
v 0.06681279093027115 5.308165550231934 -0.6970267295837402
v 0.4509999752044678 5.507732391357422 -0.3851943910121918
v 0.9733827710151672 5.501078128814697 -0.8402888774871826
v 1.0472779273986816 4.872067451477051 -0.2511776089668274
v 0.7530325055122375 5.701353549957275 -0.9119045734405518
v -0.006502920761704445 5.201860427856445 -0.6765936613082886
v -0.08158484846353531 4.745517730712891 -0.6875147223472595
v 0.07230464369058609 4.902500152587891 -1.2648085355758667
v 0.810185432434082 5.850128173828125 -0.7014420628547668
v 0.4838123321533203 4.28334379196167 -0.44137388467788696
v 0.49869969487190247 4.391717910766602 -1.2687474489212036
v 0.04606815055012703 4.578028678894043 -0.6091988682746887
v 0.6383758187294006 5.80588436126709 -0.7528671026229858
v 0.9544751644134521 5.343959331512451 -0.3444342017173767
v 0.7750305533409119 4.305652618408203 -0.5771995782852173
v 0.8512139320373535 5.656588554382324 -0.7043848037719727
v 0.5522294044494629 5.476511001586914 -0.3844519555568695
v 0.8743512034416199 4.661375522613525 -0.23347587883472443
v 0.9935089945793152 4.964144706726074 -0.19660711288452148
v 0.32143792510032654 5.633219242095947 -1.034883975982666
v 0.03715454041957855 4.97932243347168 -0.511746883392334
v -0.03263714909553528 5.054372787475586 -0.7026175856590271
v 0.5114232897758484 4.384668827056885 -1.2474380731582642
v 1.1172406673431396 4.678345680236816 -0.2317029982805252
v 0.31305405497550964 4.392857074737549 -1.06183922290802
v -0.13631027936935425 5.304872035980225 -0.9427556991577148
v -0.00012477477139327675 5.209397792816162 -0.6705054640769958
v 0.8517715930938721 4.874050140380859 -0.12142384797334671
v -0.1440672129392624 5.675590991973877 -1.4143109321594238
v 0.10319529473781586 5.165999889373779 -0.6237766742706299
v 0.996563196182251 5.370228290557861 -0.8691650032997131
v 1.118499994277954 4.718184947967529 -0.484183132648468
v 0.06926150619983673 4.902500152587891 -1.2621804475784302
v 0.45982128381729126 4.451835632324219 -0.7517979145050049
v -0.013100269250571728 5.006876468658447 -0.6359769105911255
v 0.2189275473356247 4.467214107513428 -0.9151424765586853
v 0.886226236820221 4.2371826171875 -0.8351843953132629
v 0.4577115476131439 4.412729263305664 -1.3182885646820068
v 0.501225471496582 5.056058406829834 -1.4175199270248413
v 0.8703442215919495 4.644214630126953 -0.24696066975593567
v 0.5039211511611938 4.892867565155029 -0.11643988639116287
v 0.6969265937805176 4.498321533203125 -1.0384714603424072
v 0.524895191192627 5.6216325759887695 -0.5069862008094788
v -0.20440752804279327 5.2578935623168945 -1.1175141334533691
v 0.706777811050415 5.877933025360107 -0.8170111179351807
v 0.13092383742332458 4.839000225067139 -0.407552033662796
v 0.019662827253341675 5.792943000793457 -1.3188143968582153
v 0.2054234892129898 5.119481563568115 -1.522792935371399
v 0.15277811884880066 4.444671630859375 -0.8889769315719604
v 1.3375777006149292 5.053694725036621 0.0782308354973793
v 1.118499994277954 4.717367649078369 -0.48509150743484497
v -0.05442935600876808 4.929929256439209 -1.0633790493011475
v 1.0666067600250244 5.2803730964660645 -0.47504669427871704
v 0.5351381897926331 4.436925411224365 -1.1380172967910767
v 0.5444640517234802 4.336234092712402 -0.34657660126686096
v -0.09263504296541214 4.704896926879883 -0.8453167676925659
v 1.2738713026046753 5.04235315322876 -0.09975764900445938
v 0.3549969494342804 5.6454997062683105 -0.9980034828186035
v 1.2717015743255615 4.784308433532715 -0.09502126276493073
v 0.9956502318382263 4.659325122833252 -0.16335909068584442
v 0.5588611960411072 4.698345184326172 -1.3413065671920776
v -0.14544694125652313 5.669983386993408 -1.4134413003921509
v 0.026847926899790764 5.940526008605957 -1.5133041143417358
v 0.8806313872337341 5.354950904846191 -1.1857558488845825
v 0.8257114291191101 5.104497909545898 -1.1950738430023193
v 0.11829873919487 5.164000034332275 -0.6021894216537476
v 0.398698627948761 5.707263469696045 -0.867752194404602
v 1.1476466655731201 5.185574531555176 -0.7578492164611816
v 0.5888738632202148 5.799048900604248 -0.8264028429985046
v 0.48292306065559387 4.400781631469727 -1.291562795639038
v 0.5872913599014282 5.034182548522949 -1.3852101564407349
v 0.2810611128807068 4.4771294593811035 -0.9572517275810242
v 1.404754400253296 5.041788578033447 -0.06668637692928314
v 0.7071859836578369 4.627058029174805 -0.21531574428081512
v 0.7760946750640869 5.905396461486816 -0.6826937198638916
v 0.7542508244514465 5.925936698913574 -0.7670198678970337
v 0.4234659671783447 5.06389045715332 -0.1770283430814743
v 0.41170796751976013 4.309216499328613 -0.5795973539352417
v 0.2968543767929077 4.691481113433838 -0.2813354730606079
v 1.2028573751449585 5.294671058654785 -0.36181873083114624
v 0.6421735882759094 5.206110954284668 -1.324986219406128
v 0.02014138363301754 5.800121307373047 -1.3212071657180786
v -0.024804402142763138 5.016266345977783 -0.6574958562850952
v 0.9319078922271729 4.747118949890137 -0.22180961072444916
v 1.118499994277954 4.719930648803711 -0.48224371671676636
v 0.6873639225959778 4.251989364624023 -0.6658914685249329
v 0.2763233780860901 5.108367919921875 -1.5045771598815918
v 0.3898114562034607 4.318809986114502 -0.5845000147819519
v 0.7064026594161987 4.62470817565918 -0.2169942557811737
v 0.059862080961465836 4.590940475463867 -0.598784863948822
v 1.0269508361816406 4.694517135620117 -0.3312140107154846
v 0.9056246876716614 4.944348335266113 -1.1753160953521729
v 0.6048573851585388 4.2999348640441895 -0.716213047504425
v 0.6770792603492737 4.745055198669434 -1.295189619064331
v 0.5220644474029541 4.378885746002197 -1.2220851182937622
v -0.14635246992111206 5.663870811462402 -1.4123094081878662
v 0.012108956463634968 5.8605637550354 -1.3486547470092773
v 0.9585710763931274 5.507381916046143 -0.7606155872344971
v 0.9735743403434753 5.501055717468262 -0.8418715596199036
v 0.7173001170158386 5.464211463928223 -0.3669576644897461
v 0.4837806224822998 4.284341812133789 -0.4319230616092682
v -0.053663481026887894 5.138070106506348 -0.7275326251983643
v 0.1726778745651245 4.596177101135254 -0.48353153467178345
v 0.4500845670700073 4.455491542816162 -0.7682629823684692
v 0.9501844644546509 5.33124303817749 -1.1415727138519287
v 0.4512573182582855 4.468517780303955 -0.822428822517395
v 0.9386569857597351 4.5909318923950195 -0.967162549495697
v 1.1027876138687134 5.058924674987793 -0.3667663633823395
v 0.01996663026511669 5.611844062805176 -1.530144453048706
v 0.9776638746261597 5.317579746246338 -1.1315672397613525
v 0.011563356965780258 5.471858978271484 -1.0249577760696411
v 0.1691509336233139 4.559047222137451 -1.2172904014587402
v 0.8559999465942383 5.609511852264404 -0.8666223287582397
v 1.0839956998825073 4.811938762664795 -0.20332884788513184
v 0.3641279637813568 4.369494438171387 -1.0596166849136353
v -0.16498519480228424 5.133223056793213 -0.9751400947570801
v 0.7583538293838501 5.44430685043335 -0.37343519926071167
v 0.6427416205406189 5.334353923797607 -0.20973336696624756
v 0.988293468952179 5.3720245361328125 -0.8777065277099609
v 1.1548734903335571 4.937283515930176 -0.4295482039451599
v 0.12724213302135468 5.163634300231934 -0.5873814225196838
v 0.6187494993209839 4.27962589263916 -0.8017526865005493
v 0.7719913721084595 4.29271936416626 -0.5902745723724365
v 0.28486859798431396 4.459273815155029 -0.9496752619743347
v 0.2275436520576477 5.163116455078125 -0.323485404253006
v 1.1968969106674194 4.859245300292969 -0.6916512250900269
v 0.6837165355682373 5.826381206512451 -0.8201392292976379
v 1.319528579711914 5.0055742263793945 0.07102002948522568
v 0.6382163763046265 5.204248905181885 -1.3273138999938965
v 0.8787873983383179 5.546290397644043 -0.5689449906349182
v 0.7755239605903625 4.372413635253906 -0.509071946144104
v 0.9773423671722412 4.581932544708252 -0.9245135188102722
v 1.0830415487289429 4.727033615112305 -0.4240415394306183
v 0.791078507900238 5.117577075958252 -1.2193747758865356
v 0.5873605012893677 5.015369892120361 -0.1114470362663269
v 0.7275620102882385 4.273453712463379 -0.9496371746063232
v -0.025359706953167915 5.077883720397949 -0.7003223896026611
v 1.0449689626693726 4.956165313720703 -0.225938081741333
v 0.5704466104507446 5.056859016418457 -1.3959513902664185
v 0.03411570191383362 5.51680326461792 -1.276613473892212
v 0.47277966141700745 4.406360149383545 -1.302927017211914
v 0.11362273246049881 5.369142055511475 -1.416461706161499
v 0.261788934469223 4.737027168273926 -0.3008951246738434
v 0.9080076813697815 5.391378402709961 -1.093435287475586
v 0.04503925144672394 4.474263668060303 -1.0167834758758545
v 0.7385237812995911 5.870813846588135 -0.8200000524520874
v 0.4376954734325409 5.292553424835205 -1.4125813245773315
v 0.9306609630584717 5.327977180480957 -0.3032185733318329
v 0.3423217535018921 4.622356414794922 -0.2627635896205902
v 0.9390062093734741 4.483463764190674 -0.5150425434112549
v 0.29918405413627625 5.44589900970459 -1.322601079940796
v 0.12897701561450958 4.907684803009033 -1.312292456626892
v 0.7800000309944153 4.33724308013916 -0.542112410068512
v -0.1970425248146057 5.255087375640869 -1.11295485496521
v 1.2176029682159424 4.754758358001709 -0.16100941598415375
v 1.1672182083129883 5.203038692474365 -0.6954864859580994
v 0.443048357963562 5.550867080688477 -0.4721735715866089
v 0.8361620306968689 5.854074954986572 -0.7866639494895935
v 0.48188742995262146 4.454095840454102 -0.8667919039726257
v 1.1099295616149902 5.1410908699035645 -0.36566436290740967
v 0.0867234393954277 5.337704181671143 -1.4854423999786377
v 0.557894766330719 4.45389461517334 -1.1413037776947021
v -0.08910253643989563 4.705505847930908 -0.8530119061470032
v 0.8966531753540039 5.104880332946777 -0.19929873943328857
v -0.0999363362789154 5.940968036651611 -1.5003184080123901
v 0.9614830017089844 4.418542385101318 -0.6028300523757935
v 0.30224695801734924 4.458685398101807 -0.9960613250732422
v 0.6170068383216858 5.784701347351074 -0.6832038164138794
v 0.5232437252998352 4.3784565925598145 -1.2186545133590698
v 0.7799345254898071 5.068147659301758 -1.2276393175125122
v 0.9710584282875061 5.095597267150879 -0.1807987242937088
v 0.4484594762325287 5.536986351013184 -0.4350126385688782
v 1.2681134939193726 5.3013410568237305 -0.30968204140663147
v 0.17709356546401978 4.643405914306641 -1.1736724376678467
v 0.034507956355810165 5.251597881317139 -0.6994999647140503
v 1.0549999475479126 4.532268047332764 -0.6756101846694946
v 1.0937670469284058 4.7438483238220215 -0.4334242045879364
v 0.7584198713302612 5.568198204040527 -0.48212727904319763
v 1.15683114528656 4.926587104797363 -0.3701747953891754
v 0.7856374979019165 5.845934867858887 -0.7936258316040039
v -0.07942719757556915 5.055705547332764 -0.8130505681037903
v 0.9129256010055542 5.100518703460693 -0.21020348370075226
v 0.5826973915100098 5.039678573608398 -1.3862292766571045
v 0.4566585123538971 5.676596641540527 -0.8936483860015869
v 0.8264554738998413 5.871183395385742 -0.7863942980766296
v 0.6766600608825684 5.302428722381592 -1.3136699199676514
v 0.7627455592155457 5.721482276916504 -0.623907208442688
v 0.22792968153953552 4.469618797302246 -0.9182074666023254
v 0.08204032480716705 5.423240661621094 -0.6478385925292969
v 0.937507152557373 4.478800296783447 -0.5182070732116699
v 1.052020788192749 4.543697834014893 -0.7339476346969604
v 1.1059566736221313 4.653783321380615 -0.6418229937553406
v 0.9792153835296631 4.556025505065918 -0.4891897737979889
v 0.7431836724281311 5.593163967132568 -1.0145200490951538
v 0.33898401260375977 4.466047763824463 -0.570663332939148
v 0.8702230453491211 5.600640296936035 -0.6877987384796143
v 0.04845397174358368 4.769145488739014 -0.4881914556026459
v 0.016672955825924873 4.904709339141846 -1.1976840496063232
v 0.17214347422122955 4.5992865562438965 -1.1952134370803833
v 1.0175015926361084 4.976334571838379 -0.21597802639007568
v 1.071075439453125 5.182694911956787 -0.24034281075000763
v 0.7235206365585327 5.861810684204102 -0.6830266714096069
v -0.10364941507577896 4.874967098236084 -0.7529808878898621
v 0.3913426995277405 5.113569736480713 -1.4800000190734863
v 0.9630318880081177 4.586063861846924 -0.9379681944847107
v 0.7135084271430969 4.329113483428955 -0.9870378375053406
v 0.9868032932281494 4.578768730163574 -0.9155869483947754
v 0.8393744230270386 4.984546661376953 -1.1788976192474365
v 0.7848638296127319 5.418313503265381 -1.1844156980514526
v 1.1398236751556396 4.978823184967041 -0.41420605778694153
v 0.06150999292731285 4.592126846313477 -0.5975324511528015
v 0.6641398072242737 4.259164333343506 -0.6961890459060669
v 0.1635817438364029 4.435823917388916 -0.7946100234985352
v 0.3674798011779785 4.330325126647949 -0.5844783782958984
v 0.5120894908905029 4.479823112487793 -0.9793221950531006
v 1.1062582731246948 4.655291557312012 -0.6360918879508972
v -0.04721391946077347 4.749582290649414 -0.6186365485191345
v 1.3508851528167725 5.274986267089844 -0.21001501381397247
v 0.8383257985115051 5.7120490074157715 -0.8254010081291199
v 1.1602061986923218 5.052737236022949 -0.8755308389663696
v 1.126624345779419 4.903449535369873 -0.3417249321937561
v 0.9253599047660828 4.741301536560059 -0.21918465197086334
v 0.5979889631271362 4.421502590179443 -0.6294829249382019
v 1.033358097076416 4.662898063659668 -0.37779852747917175
v 0.40936216711997986 5.482710361480713 -1.2852309942245483
v 0.8663507103919983 5.618480205535889 -0.693532407283783
v 0.9035565257072449 5.3487677574157715 -1.1693036556243896
v 1.0743016004562378 4.786044120788574 -0.9702870845794678
v -0.10647786408662796 4.540667533874512 -0.9754979014396667
v 0.9959999918937683 5.24412727355957 -1.0934721231460571
v 0.004475819878280163 4.759804725646973 -0.5407191514968872
v 0.7278086543083191 5.7627716064453125 -0.8287778496742249
v 0.41712701320648193 4.350404262542725 -1.0684349536895752
v 0.06942374259233475 5.282637596130371 -0.6153968572616577
v 1.0780541896820068 4.784403324127197 -0.9651687741279602
v -0.22142598032951355 5.177096366882324 -1.1545649766921997
v 0.08714918047189713 5.337903022766113 -1.4847612380981445
v 0.3355792164802551 4.4004011154174805 -0.5614207983016968
v 1.2241458892822266 4.902791976928711 -0.678120493888855
v 0.9843673706054688 5.311860084533691 -1.1278151273727417
v 0.5377745628356934 5.6190104484558105 -0.5019050240516663
v 0.34512457251548767 5.370235443115234 -0.31790655851364136
v 0.19461292028427124 4.459753036499023 -1.1883087158203125
v 0.9488612413406372 5.1294732093811035 -1.0974631309509277
v 0.038008980453014374 5.674310684204102 -1.5237387418746948
v 0.38455015420913696 4.924857139587402 -0.17670491337776184
v 1.1594374179840088 4.929393768310547 -0.37578830122947693
v 0.8546728491783142 4.26144552230835 -0.8901363015174866
v 0.33413687348365784 4.479791164398193 -0.5776939988136292
v 0.1279338151216507 5.1635422706604 -0.5860902070999146
v 0.5410418510437012 4.419031143188477 -0.6780833005905151
v 0.7199594378471375 4.7189106941223145 -1.2784106731414795
v 0.8504768013954163 5.5582451820373535 -0.5347654819488525
v 1.112668514251709 5.1448564529418945 -0.3762781023979187
v 0.705694854259491 5.392868518829346 -1.2629681825637817
v -0.03853458911180496 5.029844760894775 -0.6753966808319092
v 0.05681338906288147 4.588745594024658 -0.601101815700531
v 0.7210435271263123 4.669124603271484 -0.186906635761261
v 0.6363535523414612 5.180729389190674 -0.10249994695186615
v -0.14862212538719177 5.652200698852539 -1.4104186296463013
v 0.17018835246562958 4.555934906005859 -1.2189041376113892
v 0.1805313378572464 4.679828643798828 -1.1422808170318604
v 0.9475264549255371 4.5039215087890625 -0.5088881254196167
v 0.16857510805130005 4.431509971618652 -0.8166959285736084
v -0.05520178750157356 5.135136604309082 -0.7303228974342346
v 1.0530794858932495 4.683028221130371 -0.0789017379283905
v 0.24359555542469025 5.178584098815918 -0.3598538041114807
v -0.1507059633731842 5.439560890197754 -1.5075582265853882
v 1.1492890119552612 4.6975417137146 -0.22180397808551788
v 1.1602262258529663 4.930542469024658 -0.3779498040676117
v 0.3963427245616913 4.342817783355713 -0.25999996066093445
v 0.04445387050509453 4.576171875 -0.610409677028656
v 0.4011029005050659 5.7074079513549805 -0.8716542720794678
v 0.8368930816650391 5.855705261230469 -0.7732687592506409
v 0.9291493892669678 5.2842888832092285 -0.25852590799331665
v 0.3181929290294647 4.365302085876465 -0.27685272693634033
v 0.21757403016090393 5.16471529006958 -0.4360656142234802
v 0.711291491985321 4.723394870758057 -1.2825461626052856
v 0.9242050051689148 5.540145397186279 -0.8993675708770752
v 0.15479110181331635 5.506565093994141 -1.155112624168396
v 0.568819522857666 4.365598678588867 -0.35249412059783936
v 0.568178653717041 5.077714920043945 -1.3326276540756226
v 0.7925333380699158 5.762213230133057 -0.7344931960105896
v 0.5890683531761169 4.415554046630859 -0.6434604525566101
v 1.1406916379928589 4.856202602386475 -0.14829164743423462
v 0.17647218704223633 4.635610580444336 -1.1771668195724487
v 0.6728431582450867 4.855410099029541 -0.10353336483240128
v 0.5800162553787231 4.439149379730225 -0.9258206486701965
v -0.018472112715244293 4.909626007080078 -1.1436816453933716
v 0.7498794794082642 5.56624698638916 -0.4859357178211212
v 0.146048903465271 4.443403244018555 -0.7631458044052124
v 0.09255784004926682 4.613916873931885 -0.5779476165771484
v 1.052327275276184 4.6827311515808105 -0.07984092831611633
v 1.4262748956680298 5.107480525970459 -0.07266242057085037
v -0.008340032771229744 5.953388690948486 -1.409723162651062
v 1.1956355571746826 5.400987148284912 -0.1483580321073532
v 0.839259922504425 5.710755348205566 -0.8265507221221924
v 0.3961770236492157 5.267967700958252 -1.4249032735824585
v -0.05342083051800728 4.748627662658691 -0.6315277814865112
v 0.3336089849472046 5.106131553649902 -0.238378643989563
v 0.7341281771659851 5.755871772766113 -0.8429933190345764
v 0.5693873763084412 5.082549571990967 -1.3334909677505493
v 0.15254683792591095 4.697555065155029 -1.0942556858062744
v 0.5029581785202026 5.725730895996094 -0.8743147253990173
v 1.0339447259902954 4.7377095222473145 -0.29334548115730286
v 0.7470927834510803 5.725730895996094 -0.8855656385421753
v 0.5482476949691772 4.469027042388916 -0.9453513622283936
v 0.7956947684288025 5.760212421417236 -0.7495580315589905
v 1.287920355796814 4.909419059753418 0.03547300398349762
v 0.39450910687446594 5.686496734619141 -0.6501383781433105
v 0.9467785358428955 4.441887855529785 -0.5502238869667053
v 0.1203707605600357 4.620481491088867 -0.5501475930213928
v 0.9418020248413086 5.338111877441406 -0.32638058066368103
v 0.03192233666777611 5.574587345123291 -1.2978447675704956
v 1.0939271450042725 5.1309075355529785 -0.3270486295223236
v 0.07475010305643082 5.461333751678467 -1.2116248607635498
v 0.5982292890548706 5.159360885620117 -1.3355977535247803
v -0.09794558584690094 5.953183174133301 -1.4469505548477173
v 0.4247184991836548 5.12830114364624 -1.4796165227890015
v 0.9874304533004761 4.578549385070801 -0.9149910807609558
v 0.4893319010734558 4.895741939544678 -0.12107034027576447
v 0.496579647064209 5.03584623336792 -0.13293041288852692
v 0.15989366173744202 4.4377031326293945 -0.7852848768234253
v 0.22132426500320435 4.9217000007629395 -1.381824254989624
v 0.48557189106941223 4.341971397399902 -0.548147439956665
v 0.7283291816711426 5.934695243835449 -0.7382075786590576
v 1.0484999418258667 4.911170482635498 -0.24110405147075653
v 0.9290363788604736 4.8067498207092285 -1.1591806411743164
v 0.7887455821037292 5.4179253578186035 -1.1811162233352661
v 1.0465538501739502 5.0417022705078125 -0.22259455919265747
v 0.20907482504844666 4.388000011444092 -0.48896324634552
v 0.5916549563407898 4.49007511138916 -1.1412405967712402
v 0.03401991352438927 5.659884452819824 -1.5266555547714233
v 0.9208930730819702 5.028461933135986 -0.14682412147521973
v -0.0825967863202095 4.814422130584717 -0.9251552224159241
v 0.554070770740509 5.477471828460693 -0.3838914632797241
v -0.14024963974952698 5.686345100402832 -1.4155938625335693
v 0.4828832149505615 4.476053237915039 -1.012935757637024
v 1.1044738292694092 5.151584148406982 -0.8531888127326965
v 0.0352989062666893 5.663152694702148 -1.5259450674057007
v 0.9674347639083862 4.645190715789795 -0.21218423545360565
v 0.7118879556655884 5.4000396728515625 -1.2572637796401978
v 0.7030659317970276 4.476746082305908 -1.0236705541610718
v 0.6386404037475586 5.243175983428955 -1.3298137187957764
v -0.12617401778697968 5.734471797943115 -1.421996831893921
v 0.050637777894735336 4.977625846862793 -0.48009851574897766
v 0.5542106032371521 5.659946918487549 -1.0286369323730469
v -0.15254762768745422 5.603213787078857 -1.4033571481704712
v 0.7279507517814636 5.317867755889893 -0.18153627216815948
v 0.46358564496040344 5.684138298034668 -0.9492841362953186
v 0.6414541006088257 4.996818542480469 -0.10961814969778061
v 1.2978203296661377 4.943143367767334 0.0474579744040966
v 0.4917750358581543 4.445642948150635 -0.7162555456161499
v 0.23405559360980988 4.47130823135376 -0.9211648106575012
v -0.09429143369197845 5.93698263168335 -1.5285040140151978
v 1.2336746454238892 5.29961633682251 -0.3408137559890747
v 0.4873766303062439 4.836484909057617 -1.3548266887664795
v 0.27266716957092285 4.723054885864258 -0.29311078786849976
v 0.6376542448997498 5.180469512939453 -0.10249994695186615
v 0.31671932339668274 4.424072742462158 -1.0311238765716553
v 0.34674641489982605 4.937450885772705 -0.21179057657718658
v -0.013678019866347313 4.531787872314453 -1.0505707263946533
v 1.064434289932251 5.171760082244873 -0.2442466765642166
v 0.17390967905521393 4.623356342315674 -1.1837624311447144
v 0.7078952193260193 4.438075542449951 -1.0062365531921387
v -0.04008523374795914 4.750551700592041 -0.6063777804374695
v 0.04983097314834595 4.769283294677734 -0.4869520962238312
v 0.4944373369216919 4.3806915283203125 -1.1251081228256226
v 0.47787487506866455 4.4740495681762695 -1.021616816520691
v 0.6145102977752686 4.394592761993408 -0.6803557872772217
v 0.5876938700675964 5.015295028686523 -0.11145785450935364
v 0.8485239148139954 4.97282600402832 -1.1863737106323242
v 0.023092808201909065 5.947215557098389 -1.438385248184204
v 0.019333023577928543 5.540841579437256 -1.5295000076293945
v 1.0337408781051636 4.522225379943848 -0.5993689298629761
v 0.3118650019168854 5.348341941833496 -0.30725282430648804
v 1.1247044801712036 5.166728973388672 -0.8040416836738586
v 0.20564796030521393 5.540555477142334 -1.13302481174469
v 1.1233526468276978 5.223572731018066 -0.21134179830551147
v 1.2436710596084595 4.976058006286621 -0.11480183154344559
v 1.0212328433990479 5.3453168869018555 -0.2601619064807892
v 0.07871797680854797 4.456946849822998 -1.0095562934875488
v 0.09145745635032654 5.380062580108643 -0.6838876008987427
v 0.0625816360116005 5.174511909484863 -0.6588634848594666
v 0.551828145980835 4.465804576873779 -0.9432030916213989
v 0.4599544107913971 5.315945148468018 -1.3970364332199097
v 1.088856816291809 4.701054096221924 -0.041843775659799576
v 0.7122988104820251 4.391511917114258 -1.000233769416809
v 1.072095513343811 5.332594871520996 -0.7228800654411316
v 0.4429497718811035 5.679396152496338 -0.906102180480957
v 0.8857506513595581 5.552387237548828 -0.6761662364006042
v 0.23928838968276978 5.19547176361084 -0.3193948268890381
v 0.11766549944877625 4.620095252990723 -0.5532394051551819
v 0.1526649296283722 5.50545597076416 -1.1560369729995728
v 1.2286121845245361 4.91172456741333 -0.6752492785453796
v 0.4151170551776886 4.351169586181641 -1.0679564476013184
v 0.18462839722633362 5.457786560058594 -0.47373726963996887
v 0.03272003307938576 4.98039436340332 -0.5234454274177551
v 1.394159197807312 5.2321295738220215 -0.14902430772781372
v 0.739132285118103 5.782080173492432 -0.68746417760849
v 1.1160000562667847 4.692764759063721 -0.5249705910682678
v 0.4462747573852539 4.848657608032227 -1.3641576766967773
v 0.7028229236602783 5.389212608337402 -1.266066312789917
v 1.085529088973999 5.365043640136719 -0.23436231911182404
v 0.7223968505859375 5.409814357757568 -1.2441030740737915
v 0.006105729844421148 5.941999912261963 -1.5373941659927368
v 1.1586216688156128 4.886659145355225 -0.4389812648296356
v 0.10086917877197266 4.904548168182373 -1.288288950920105
v 1.0218991041183472 4.642495632171631 -0.28400442004203796
v 0.8355249762535095 5.124826908111572 -0.15851381421089172
v 1.3378174304962158 5.054467678070068 0.0782575011253357
v 1.316353678703308 5.342105865478516 -0.03552519157528877
v 0.18972666561603546 5.457513332366943 -0.46566668152809143
v 0.2823161780834198 4.459084510803223 -0.9533603191375732
v 0.4352034330368042 5.703368663787842 -0.932981014251709
v 0.44840967655181885 5.678136348724365 -0.9012722373008728
v 0.4227658212184906 4.46150016784668 -0.8083270192146301
v 0.6808026432991028 4.252927780151367 -0.6727105379104614
v 0.6988387703895569 4.49467134475708 -1.0344736576080322
v 0.9565458297729492 4.520238399505615 -0.5039404630661011
v 0.5851969122886658 5.131747722625732 -1.3365730047225952
v 0.492436945438385 4.398968696594238 -1.1607805490493774
v 1.1622778177261353 5.198747158050537 -0.7111354470252991
v 1.1222189664840698 4.742765426635742 -0.8239057660102844
v 0.20718593895435333 4.464171409606934 -0.9114816784858704
v 0.7015074491500854 4.596682071685791 -0.23350003361701965
v 0.27282577753067017 5.2503533363342285 -0.31975695490837097
v 0.7193731665611267 5.78249979019165 -0.8074707388877869
v 0.10095800459384918 5.469620704650879 -1.185758352279663
v 1.0446594953536987 4.525182247161865 -0.6274785995483398
v 0.5132399797439575 4.379499912261963 -1.1595383882522583
v 1.0770102739334106 4.785056114196777 -0.9667345881462097
v 0.6370882987976074 5.787229061126709 -0.6946726441383362
v 0.2773120701313019 4.7168426513671875 -0.29025766253471375
v 1.1520938873291016 5.060088157653809 -0.8913122415542603
v 0.703887939453125 4.616718769073486 -0.22289131581783295
v -0.15753966569900513 5.274521350860596 -1.0057563781738281
v 0.03204464539885521 4.980578422546387 -0.5252872109413147
v 1.1086608171463013 5.139889717102051 -0.36209267377853394
v 0.16539329290390015 5.252954006195068 -0.5403786301612854
v 0.35974836349487305 4.33515739440918 -0.5841560959815979
v 0.8678728938102722 4.25260591506958 -0.874711811542511
v 0.2493753433227539 4.934576988220215 -1.4144138097763062
v -0.1686750054359436 4.553500175476074 -0.8635165691375732
v 0.8319975733757019 5.718502521514893 -0.8197978734970093
v 0.5520259737968445 4.811336040496826 -1.3451679944992065
v 1.1155298948287964 4.68367862701416 -0.5445830225944519
v 1.2761366367340088 5.055001258850098 -0.09563598036766052
v 1.3652048110961914 5.263996124267578 -0.1913265436887741
v 0.8833329677581787 5.4012651443481445 -1.1122426986694336
v 0.47080424427986145 4.841554641723633 -1.3585469722747803
v -0.0738016664981842 5.936360836029053 -1.5636982917785645
v 0.4858590066432953 4.288311958312988 -0.40317466855049133
v 0.1952303797006607 4.459576606750488 -1.185309648513794
v 0.16779504716396332 4.590590476989746 -1.2013736963272095
v 0.07470565289258957 5.328548431396484 -0.6930752992630005
v 0.17771346867084503 4.455985069274902 -0.8992339372634888
v 0.47439587116241455 4.449400424957275 -0.7336053848266602
v -0.1846647560596466 5.14340353012085 -1.0502784252166748
v 0.42425090074539185 5.701845645904541 -0.9074050784111023
v 0.2191157191991806 4.386721134185791 -0.5138630270957947
v 0.5122519731521606 4.449411869049072 -0.9017519950866699
v 0.48719698190689087 4.2930908203125 -0.3542129099369049
v 0.7295000553131104 5.933628082275391 -0.7299937009811401
v -0.006500031799077988 5.949631214141846 -1.3821184635162354
v 0.9700451493263245 4.625488758087158 -0.33664053678512573
v -0.22862224280834198 5.263733386993408 -1.3333277702331543
v 0.04526030644774437 5.76608943939209 -1.537041187286377
v 0.9276968836784363 5.097037315368652 -0.2195412665605545
v -0.1585792750120163 4.553120136260986 -0.8968821167945862
v 0.24723154306411743 4.756279945373535 -0.31277135014533997
v 0.18073631823062897 4.674065113067627 -1.1491166353225708
v -0.0791073888540268 5.93543815612793 -1.5583926439285278
v 0.948687732219696 5.366147994995117 -0.9130963087081909
v 0.486065536737442 4.836938858032227 -1.3550283908843994
v 0.1700211465358734 4.430319309234619 -0.8280097842216492
v -0.03334283456206322 4.751451015472412 -0.5953621864318848
v 0.8278157114982605 5.855551242828369 -0.7866842150688171
v 0.875274658203125 5.560200214385986 -0.9590754508972168
v 0.7418062686920166 5.932908058166504 -0.7644999623298645
v -0.17509986460208893 5.136571407318115 -1.0094563961029053
v 1.026294469833374 4.672121047973633 -0.11754975467920303
v 0.6865902543067932 5.855217933654785 -0.8152294158935547
v -0.14205512404441833 4.549294471740723 -0.7408840656280518
v -0.17172344028949738 4.553500175476074 -0.8135108947753906
v -0.037033095955848694 5.942251682281494 -1.5672881603240967
v 0.9402785897254944 4.487447261810303 -0.5135549902915955
v 0.7640412449836731 5.441839694976807 -0.37460020184516907
v 0.9976639747619629 4.5746307373046875 -0.9048359990119934
v 0.16833701729774475 4.429663181304932 -0.8637007474899292
v 1.0883166790008545 5.308820724487305 -0.6696876287460327
v 0.9614461064338684 5.504132270812988 -0.7799410223960876
v 0.0027421240229159594 4.906606197357178 -1.1777117252349854
v -0.09929298609495163 5.950713157653809 -1.4543613195419312
v 0.811194658279419 5.850827217102051 -0.7038487792015076
v 1.123780608177185 5.165882110595703 -0.8057355880737305
v 0.5516678690910339 5.363114833831787 -0.2766861915588379
v 0.9857126474380493 4.567337989807129 -0.48509982228279114
v 1.3629587888717651 4.973625659942627 -0.07306941598653793
v 0.5042859315872192 4.4804463386535645 -0.9878524541854858
v 0.8771232962608337 4.24522066116333 -0.8592080473899841
v 0.1256958544254303 5.027737140655518 -0.38255536556243896
v 0.7915098071098328 5.8112616539001465 -0.6595524549484253
v 0.8270344734191895 5.841085910797119 -0.7857586145401001
v 1.1427117586135864 4.9127116203308105 -0.3500204384326935
v 0.08088622987270355 5.294468879699707 -0.6059492826461792
v 1.0703824758529663 5.181924819946289 -0.24076639115810394
v 0.7389892935752869 5.416860580444336 -1.2259643077850342
v 0.7347329258918762 5.015965938568115 -1.2591129541397095
v 0.07163111120462418 5.32034969329834 -0.6944417953491211
v 0.23316484689712524 4.382148265838623 -0.5386081337928772
v 0.5659219622612 4.418023586273193 -0.5946730971336365
v 0.8754640221595764 5.355935573577881 -1.1906770467758179
v -0.1572219431400299 5.275686264038086 -1.0023674964904785
v 0.3688693940639496 4.9309844970703125 -0.19163057208061218
v 0.5800731778144836 4.875746250152588 -0.11765554547309875
v 0.07697272300720215 5.414790630340576 -0.6660909056663513
v 0.507003664970398 4.437526702880859 -0.7014084458351135
v 0.6665909886360168 5.289764404296875 -1.3187044858932495
v 0.6232197880744934 5.812240123748779 -0.8034767508506775
v -0.11646241694688797 4.847402572631836 -0.8481724858283997
v 1.271536946296692 5.382924556732178 -0.06746303290128708
v 0.040097739547491074 4.768342971801758 -0.49607357382774353
v 0.6983152031898499 5.381923675537109 -1.2677935361862183
v 0.48426324129104614 4.340354919433594 -0.5470697283744812
v 0.9580050706863403 4.810269832611084 -1.0561013221740723
v -0.14394386112689972 5.132415771484375 -0.8572296500205994
v 0.24962811172008514 5.21599817276001 -0.31851625442504883
v 0.8436263203620911 5.704709529876709 -0.8319247961044312
v 1.3435558080673218 5.072167873382568 0.07889503985643387
v 0.11284162849187851 5.42726469039917 -1.3108391761779785
v 0.7082503437995911 4.43499755859375 -1.0059998035430908
v 0.020409036427736282 5.6161208152771 -1.5304394960403442
v 0.24607567489147186 4.4852118492126465 -1.3143634796142578
v 0.549643874168396 4.549313068389893 -0.20625871419906616
v 0.3547190725803375 4.45166540145874 -1.3607385158538818
v 1.3168425559997559 5.341647624969482 -0.035127971321344376
v 0.3276972472667694 4.349497318267822 -0.5864999890327454
v -0.06032464653253555 5.368680000305176 -0.7931931018829346
v 0.3355673551559448 4.400116920471191 -0.5614326596260071
v 0.4842117726802826 4.476588249206543 -1.010770559310913
v 0.7152827978134155 4.650942802429199 -0.1993873417377472
v 0.21030381321907043 4.502359390258789 -0.42888784408569336
v 0.46414828300476074 4.45097017288208 -0.7459985613822937
v 0.4685300588607788 4.450093746185303 -0.7410325407981873
v 0.2643818259239197 5.598909378051758 -1.088618278503418
v 0.8951700925827026 4.934160232543945 -1.190250039100647
v 0.6115038394927979 4.412245273590088 -0.6567643880844116
v 1.3268011808395386 5.330571174621582 -0.027082284912467003
v -0.15174086391925812 4.552459716796875 -0.9099584817886353
v 0.7150744795799255 5.163277626037598 -0.10875318944454193
v 1.289690613746643 4.915393352508545 0.03746442124247551
v 1.1525938510894775 4.853698253631592 -0.4498123526573181
v 0.3806246519088745 4.488375663757324 -0.23868755996227264
v 0.2756763696670532 5.605939865112305 -1.0788575410842896
v 0.04406769201159477 5.183473587036133 -1.5549736022949219
v 0.013879247941076756 5.941999912261963 -1.5296207666397095
v 0.4912356734275818 4.322756767272949 -0.28724437952041626
v 0.1615031212568283 5.051669597625732 -0.36499807238578796
v 0.18158860504627228 4.517301082611084 -1.238210678100586
v 1.1060142517089844 4.65407133102417 -0.6407279372215271
v 0.5563104748725891 4.809614181518555 -1.3442296981811523
v 0.44799068570137024 4.332019805908203 -0.2717649042606354
v 0.5241143107414246 4.378139972686768 -1.2161219120025635
v 0.12587343156337738 5.443545341491699 -0.5715354084968567
v 0.11444131284952164 5.384586811065674 -1.389649748802185
v 0.5155649781227112 4.423614025115967 -1.1350284814834595
v 0.6227924823760986 5.3428425788879395 -0.2213537096977234
v 0.8514958620071411 5.656046390533447 -0.704232931137085
v 0.6678066253662109 4.9681477546691895 -1.3739432096481323
v 0.3928062915802002 4.488903045654297 -0.7357900142669678
v 0.037935491651296616 4.569655895233154 -0.6163443326950073
v 0.7406227588653564 5.817916393280029 -0.6624839305877686
v 0.16072987020015717 4.699247360229492 -1.102103352546692
v 1.100344181060791 4.64237642288208 -0.7019616365432739
v 0.7244724035263062 4.2556586265563965 -0.6294809579849243
v 0.7176920175552368 5.463985443115234 -0.3670029938220978
v 0.7587623000144958 5.922342777252197 -0.7625532150268555
v -0.16512323915958405 5.343301296234131 -1.229179859161377
v 0.21376290917396545 4.3884100914001465 -0.37365463376045227
v 1.3200923204421997 5.007039546966553 0.07141458243131638
v 0.4395882189273834 4.458915710449219 -0.7864916324615479
v 0.7380205988883972 4.716485977172852 -0.15421909093856812
v 0.7533971071243286 4.407937526702881 -0.47252947092056274
v 1.0461094379425049 5.040622711181641 -0.22240401804447174
v 0.4592393636703491 4.902679443359375 -0.1318589150905609
v -0.030179984867572784 5.171666145324707 -0.7005710005760193
v 1.1057779788970947 5.137793064117432 -0.35554057359695435
v 0.5314357280731201 5.026948928833008 -0.11651278287172318
v 0.8419513702392578 5.418901443481445 -0.39225420355796814
v -0.15489590167999268 4.552879333496094 -0.7616710066795349
v 0.07863374799489975 5.417374610900879 -0.6605541706085205
v 0.20540927350521088 5.457220077514648 -0.44297105073928833
v 0.9460960030555725 4.443082332611084 -0.5486028790473938
v 0.06868212670087814 4.598037242889404 -0.5927641987800598
v 0.6860108971595764 5.870741844177246 -0.765434205532074
v 0.16977587342262268 4.4292755126953125 -0.8435865044593811
v 0.10028542578220367 4.452702522277832 -1.0031453371047974
v 0.23488157987594604 4.4904046058654785 -1.2971677780151367
v 0.13504527509212494 5.446457386016846 -0.5565404295921326
v 0.15579992532730103 4.608133316040039 -0.5042668581008911
v 0.2514243423938751 4.374417781829834 -0.5592471361160278
v 1.0020751953125 4.6513848304748535 -0.347190260887146
v 0.07908111810684204 5.334040641784668 -1.4970134496688843
v 0.39577364921569824 5.706731796264648 -0.8626998662948608
v 0.5052002668380737 4.892465591430664 -0.11625705659389496
v 0.45768991112709045 4.465404987335205 -0.8319141268730164
v 0.7987475991249084 4.8404765129089355 -0.1113085076212883
v 0.8497825264930725 5.692634105682373 -0.8418477177619934
v 0.6129294633865356 4.35191011428833 -0.9021282196044922
v 0.15672703087329865 4.991116046905518 -0.3707101047039032
v 0.03548766300082207 5.500148296356201 -1.2690681219100952
v 1.0522902011871338 4.54302453994751 -0.7300428748130798
v -0.12329500168561935 4.490112781524658 -0.7208873629570007
v 1.4001601934432983 5.223398685455322 -0.13878925144672394
v 0.6924592852592468 4.734869956970215 -1.2901991605758667
v 0.57742840051651 4.44188117980957 -0.9278334379196167
v 0.9382913708686829 4.4812397956848145 -0.516551673412323
v 0.7817478775978088 4.918625354766846 -1.3249393701553345
v 0.33451032638549805 4.478830814361572 -0.5770537853240967
v 0.2010185420513153 5.120392799377441 -1.524767518043518
v 0.1583615392446518 4.835910320281982 -0.3893425762653351
v 0.008575485087931156 4.584088325500488 -1.0525293350219727
v 0.6700055003166199 4.749083995819092 -1.2972157001495361
v 0.0005340193165466189 5.906083106994629 -1.367527723312378
v 1.129056453704834 4.847397804260254 -0.15660254657268524
v 0.3354855179786682 4.476323127746582 -0.5753820538520813
v -0.12295649945735931 5.374344825744629 -1.201953411102295
v -0.07745736837387085 4.990219593048096 -0.9622467160224915
v 0.01846124790608883 5.595766067504883 -1.5292305946350098
v 0.7814488410949707 4.287610054016113 -0.927830696105957
v 1.1665637493133545 5.399766445159912 -0.17533576488494873
v 0.4778425097465515 5.346698760986328 -1.3799930810928345
v 0.7977944612503052 5.5701751708984375 -0.48824775218963623
v 0.7467499375343323 5.727187633514404 -0.8839371204376221
v 0.7868709564208984 5.835128307342529 -0.670699417591095
v 0.7021999359130859 5.586997032165527 -0.4903322458267212
v 0.3628939390182495 4.391414642333984 -1.0666751861572266
v 0.011771521531045437 4.98917293548584 -0.5753663778305054
v 0.038160622119903564 5.9438300132751465 -1.4733936786651611
v 0.11757608503103256 4.421576023101807 -0.8681671619415283
v 0.2959188222885132 4.461114883422852 -0.93504399061203
v 1.1966907978057861 4.7684550285339355 0.009499936364591122
v 0.8584610223770142 4.2326154708862305 -0.6927298307418823
v 0.15997010469436646 5.453490257263184 -0.5142982006072998
v 1.1583704948425293 5.1952738761901855 -0.7236948013305664
v 0.7077313661575317 4.433929443359375 -0.4357973039150238
v 0.44635966420173645 4.905660152435303 -0.1370101422071457
v -0.01854456216096878 5.953389644622803 -1.4045329093933105
v 0.2218245267868042 4.490327835083008 -1.2733179330825806
v 0.3244699537754059 5.634735107421875 -1.0320035219192505
v 0.15629789233207703 4.991027355194092 -0.3709321916103363
v 0.7267193794250488 4.426064491271973 -0.44878411293029785
v 0.7029217481613159 5.323596477508545 -0.1874542236328125
v 0.7590048313140869 5.641880035400391 -0.9664711356163025
v 0.34144553542137146 5.105500221252441 -1.4837111234664917
v 0.23058049380779266 4.7823052406311035 -0.33421486616134644
v 0.9991927146911621 5.211259365081787 -1.0823434591293335
v 0.03597318381071091 5.190340995788574 -1.5611557960510254
v 0.9103556275367737 5.357177734375 -0.9300247430801392
v 0.0793675109744072 5.013487339019775 -0.3795783817768097
v 0.33744484186172485 4.420132160186768 -0.5614815354347229
v 0.46995943784713745 5.6407318115234375 -0.5437709093093872
v 1.050230622291565 5.3064045906066895 -0.46733155846595764
v 0.08425324410200119 5.35578727722168 -0.6886370182037354
v 0.7088518738746643 4.433974266052246 -0.4365592896938324
v 0.37454140186309814 4.326336860656738 -0.5845000147819519
v 0.7377805709838867 4.6292805671691895 -0.22611957788467407
v 0.9673472046852112 4.623304843902588 -0.33535581827163696
v 1.0469392538070679 5.042638301849365 -0.22275975346565247
v 0.31579673290252686 5.105500221252441 -1.491768717765808
v 0.9746819734573364 5.501886367797852 -0.8474100828170776
v 1.0534640550613403 4.540893077850342 -0.7183231115341187
v 0.1904764324426651 4.487346172332764 -0.7230886816978455
v 0.5260114669799805 5.760512351989746 -0.8669923543930054
v -0.03908311203122139 5.413493633270264 -1.1907340288162231
v 1.1173516511917114 4.7517476081848145 -0.8552915453910828
v 0.5809166431427002 4.438199043273926 -0.9251204133033752
v 0.28065988421440125 4.507925987243652 -0.6255560517311096
v 0.500659167766571 4.831676959991455 -1.3526896238327026
v 1.33281409740448 5.040163040161133 0.07702332735061646
v 0.9563801884651184 4.519932746887207 -0.5040167570114136
v 1.2518630027770996 4.7713236808776855 -0.10615668445825577
v 0.8284966945648193 5.7216691970825195 -0.8169418573379517
v 0.986787736415863 4.578774452209473 -0.9156016111373901
v 1.0105241537094116 4.637441635131836 -0.35027554631233215
v 0.31697794795036316 5.247369289398193 -1.4361449480056763
v 1.4280924797058105 5.133293628692627 -0.07957349717617035
v 0.976195752620697 5.068925380706787 -1.09955894947052
v 0.780929446220398 4.810736179351807 -0.11737729609012604
v 1.1169582605361938 4.837606906890869 -0.16677582263946533
v 0.4951336085796356 5.6293416023254395 -0.5229637622833252
v 0.9486163258552551 4.416411876678467 -0.6607418656349182
v 0.08187467604875565 5.17006254196167 -0.6451253294944763
v 0.008847951889038086 5.498772144317627 -0.8885437846183777
v -0.1890617311000824 5.254040241241455 -1.1032624244689941
v -0.0767325684428215 4.988388538360596 -0.9649932384490967
v 0.11257531493902206 5.428130149841309 -1.3093080520629883
v 0.6823015809059143 5.310122013092041 -1.310739278793335
v 1.0032992362976074 4.57264518737793 -0.8992006778717041
v 1.0542839765548706 4.793842315673828 -0.2355763465166092
v -0.02701265551149845 4.752552509307861 -0.5851834416389465
v 0.4626285433769226 4.410855770111084 -1.3133715391159058
v 0.428904265165329 4.300191402435303 -0.567156970500946
v 0.3241773247718811 4.407049179077148 -1.0432255268096924
v 1.1438565254211426 5.0660319328308105 -0.9050245881080627
v 0.5558357238769531 4.700074672698975 -1.342832088470459
v 0.5228602290153503 5.510725021362305 -1.2801741361618042
v 0.7803822755813599 4.685255527496338 -1.2219797372817993
v 1.0676608085632324 5.337715148925781 -0.736302375793457
v 0.20350214838981628 5.396454334259033 -1.3517946004867554
v 0.9959999918937683 5.247280120849609 -1.0946846008300781
v 0.008796613663434982 5.505720615386963 -0.9503979682922363
v 1.2090001106262207 5.063140392303467 -0.6160000562667847
v 0.3726297616958618 5.692500114440918 -0.729591429233551
v 0.19385285675525665 4.3892645835876465 -0.4237358868122101
v 0.7979361414909363 5.776127815246582 -0.6865423321723938
v 0.7700651288032532 4.2864670753479 -0.5956414937973022
v 1.3157655000686646 5.2927446365356445 -0.2579808235168457
v 0.46006491780281067 4.451786994934082 -0.7513917088508606
v 0.5090728998184204 4.316372871398926 -0.2935425341129303
v 0.9770786166191101 4.8064656257629395 -1.0441763401031494
v 0.7292962074279785 5.860000133514404 -0.6781588196754456
v 0.26454538106918335 5.2390618324279785 -0.3190041482448578
v 0.7705129981040955 5.161848068237305 -1.2304956912994385
v 0.4811607003211975 4.379666328430176 -1.1058266162872314
v 0.49164310097694397 4.2804999351501465 -0.4815213084220886
v 0.04548824951052666 5.474123954772949 -1.2528491020202637
v 1.2760908603668213 5.054749965667725 -0.09571599215269089
v 0.4802660346031189 5.678455829620361 -0.9617069363594055
v 1.1156758069992065 4.836507797241211 -0.16793620586395264
v 0.6079632639884949 4.369568824768066 -0.6980735063552856
v 0.4632594883441925 4.843667030334473 -1.360357642173767
v 1.3745708465576172 4.994021415710449 -0.07283087819814682
v 0.491120845079422 4.2804999351501465 -0.47987982630729675
v 0.37894976139068604 5.085189342498779 -0.21231505274772644
v 0.5674944519996643 4.549035549163818 -0.21453316509723663
v 0.6137813925743103 4.409398555755615 -0.6653050780296326
v 1.1744054555892944 4.76539945602417 -0.7439268231391907
v 0.8838167190551758 4.238789081573486 -0.841208279132843
v -0.09674981981515884 4.522307872772217 -0.6852498054504395
v 0.6918632388114929 5.372246742248535 -1.270212173461914
v 0.4113840162754059 5.1213788986206055 -1.4803752899169922
v 0.4293493926525116 4.7321696281433105 -1.3859715461730957
v -0.17276252806186676 4.553500175476074 -0.8228626251220703
v 0.7410903573036194 5.236876487731934 -1.254585862159729
v 0.37232375144958496 5.690000057220459 -0.7941100597381592
v 0.7063829302787781 4.726495265960693 -1.284871220588684
v 0.6069631576538086 5.617199420928955 -0.4824594557285309
v 0.18146859109401703 5.0736870765686035 -0.3535626530647278
v -0.11982820928096771 5.757224082946777 -1.4246269464492798
v 0.25179946422576904 4.482464790344238 -1.3219937086105347
v 0.4638172388076782 5.442295551300049 -0.3211127519607544
v 1.1615030765533447 5.227908611297607 -0.19240707159042358
v -0.21473218500614166 5.2589592933654785 -1.1221766471862793
v 1.3868069648742676 5.241950988769531 -0.16059620678424835
v 0.9475424885749817 4.417415142059326 -0.6781813502311707
v 0.08013898134231567 5.112713813781738 -0.48820286989212036
v 0.7555426359176636 5.628973007202148 -0.9771047234535217
v 0.7139093279838562 4.283693313598633 -0.9418883323669434
v 0.20498961210250854 4.498992443084717 -0.7090103626251221
v 0.9505032896995544 4.416142463684082 -0.6507686376571655
v 0.23700109124183655 5.11299991607666 -1.5122498273849487
v 0.2759263217449188 4.508635997772217 -0.6298162937164307
v 0.0687333196401596 5.312929630279541 -0.6960370540618896
v 1.4214885234832764 5.180633068084717 -0.10202302038669586
v 0.5654980540275574 4.417850971221924 -0.5944061279296875
v 0.6488203406333923 4.306000232696533 -0.92261803150177
v 0.4636973738670349 5.678098678588867 -0.886352002620697
v 0.9590146541595459 5.3278279304504395 -1.1388298273086548
v 0.8501406311988831 5.41617488861084 -0.39465945959091187
v 0.19415295124053955 4.4598846435546875 -1.1905428171157837
v 0.6470834612846375 4.860263347625732 -0.11801068484783173
v 0.26093658804893494 4.370584011077881 -0.5677284002304077
v 0.45206132531166077 5.492458343505859 -0.36792808771133423
v 0.2110063135623932 4.45131254196167 -1.1444660425186157
v 0.7042790651321411 4.4697699546813965 -1.0176043510437012
v 1.0378857851028442 4.9889349937438965 -0.23604705929756165
v 0.028909575194120407 4.481790065765381 -0.6981050372123718
v 0.9697722792625427 5.501363277435303 -0.818362295627594
v 0.7938368320465088 5.839346408843994 -0.6774809956550598
v -0.16338132321834564 5.132785797119141 -0.9706200957298279
v 0.7281733155250549 5.575521945953369 -0.49269020557403564
v -0.07971251755952835 5.18264627456665 -1.4575568437576294
v 0.04831181466579437 5.321142196655273 -1.532802939414978
v 0.1107787936925888 4.451499938964844 -0.9986556768417358
v 0.03170550614595413 5.557835102081299 -1.2942670583724976
v 1.16749906539917 4.876849174499512 -0.1319504827260971
v 0.3331476151943207 5.639073848724365 -1.0221303701400757
v 0.013311868533492088 5.427802562713623 -1.2038681507110596
v 0.1948552280664444 4.491141319274902 -0.719001829624176
v 1.3475221395492554 5.0828070640563965 0.07799259573221207
v -0.12731662392616272 4.542089939117432 -0.7221344113349915
v -0.02639942057430744 4.491955757141113 -0.6911519169807434
v 0.3829035758972168 4.360681056976318 -1.061234951019287
v 0.9226123094558716 4.812887668609619 -1.1291402578353882
v 1.3270878791809082 5.025322437286377 0.07520584762096405
v 0.13770408928394318 5.4473958015441895 -0.5520047545433044
v 0.21410952508449554 5.012259483337402 -0.3268410563468933
v -0.15619677305221558 5.552334308624268 -1.3963032960891724
v 0.6984396576881409 5.324343204498291 -0.18864943087100983
v 1.2963271141052246 4.938104152679443 0.045031704008579254
v 0.8478915691375732 5.360527038574219 -1.2141705751419067
v 0.2809167206287384 4.711965560913086 -0.28813719749450684
v 0.675297737121582 5.798272132873535 -0.6993731260299683
v 0.6375433206558228 4.767564296722412 -1.312064290046692
v 1.168140172958374 5.039179801940918 -0.8429391384124756
v 1.1369373798370361 5.38671875 -0.1967983990907669
v 0.5729329586029053 5.096015453338623 -1.335179090499878
v 0.31311213970184326 4.498506546020508 -0.6365923881530762
v 1.0049705505371094 4.589873790740967 -0.47633570432662964
v 0.3016218841075897 5.446785926818848 -1.321871280670166
v 0.4605463743209839 4.84442663192749 -1.361008882522583
v 0.34817543625831604 4.501491069793701 -0.671212375164032
v 0.8767457604408264 4.9665327072143555 -0.11934427171945572
v 0.4779648184776306 4.403652191162109 -1.2973039150238037
v 0.6773377656936646 4.962560653686523 -1.3716427087783813
v 0.3213934898376465 4.417473793029785 -1.0368977785110474
v 1.159000039100647 4.913197040557861 -0.4338005483150482
v 1.054355502128601 5.153772354125977 -0.25082218647003174
v 0.9557404518127441 4.41621732711792 -0.6246262192726135
v 0.9513322710990906 4.423915863037109 -0.7606551647186279
v 0.2892591059207916 4.360472202301025 -0.5839691162109375
v 0.8660408854484558 5.6198225021362305 -0.6939454674720764
v 1.0648672580718994 4.655955791473389 -0.25273773074150085
v -0.22997479140758514 5.192661762237549 -1.1798739433288574
v 0.5050855278968811 4.380189895629883 -1.1434985399246216
v -0.0038566323928534985 5.925806999206543 -1.3737850189208984
v 0.9799278974533081 4.956961154937744 -0.18645015358924866
v 0.6396816968917847 4.30580472946167 -0.9177432060241699
v 0.4078817367553711 4.297235012054443 -0.5677646994590759
v 0.2847019135951996 4.475325584411621 -0.9628762602806091
v 0.0195723008364439 4.765095233917236 -0.5198005437850952
v -0.006500031799077988 5.94430685043335 -1.3802167177200317
v 0.332693487405777 4.640154838562012 -0.26838937401771545
v 0.47526171803474426 4.471436023712158 -1.0260637998580933
v 1.4256130456924438 5.103013038635254 -0.07166945189237595
v 1.09845769405365 5.30276346206665 -0.6555846929550171
v -0.14960050582885742 5.3547539710998535 -1.2177821397781372
v 0.04275054857134819 5.726263046264648 -1.5232536792755127
v 0.3842250108718872 5.689116477966309 -0.6821332573890686
v 0.3372323215007782 4.418715000152588 -0.5614107251167297
v 0.7820868492126465 5.76800012588501 -0.7193488478660583
v 0.8263673186302185 5.723443984985352 -0.8152856230735779
v 0.8392572402954102 5.710759162902832 -0.8265474438667297
v 1.0105170011520386 4.63742208480835 -0.35023126006126404
v 0.03390901908278465 5.44614315032959 -1.2157622575759888
v -0.0826859399676323 4.74528169631958 -0.6895596385002136
v 0.11334500461816788 5.404224872589111 -1.3479585647583008
v 0.9131805896759033 5.538455009460449 -0.6099982261657715
v 0.3715405762195587 4.328017234802246 -0.5845000147819519
v 0.5697845220565796 5.367379665374756 -0.2584623396396637
v 0.8271429538726807 5.56678581237793 -0.5097449421882629
v 0.16772080957889557 4.43027925491333 -0.8720192909240723
v 1.0626988410949707 4.786474227905273 -0.9827492833137512
v 0.9825831055641174 5.200366020202637 -0.23751917481422424
v 0.19456365704536438 5.457798004150391 -0.45855337381362915
v 0.5273717045783997 5.028225898742676 -0.11732558906078339
v 0.611880898475647 4.356714248657227 -0.9027143120765686
v 1.2735449075698853 5.040460109710693 -0.10041014850139618
v 0.14340262115001678 5.1361494064331055 -1.5351810455322266
v 1.0804362297058105 4.809844970703125 -0.20772594213485718
v 0.8125620484352112 5.7189788818359375 -0.7241730690002441
v -0.17090293765068054 4.553798675537109 -0.8043352961540222
v 1.0685278177261353 4.657182216644287 -0.25028154253959656
v 0.6236625909805298 5.001471996307373 -1.3801827430725098
v 0.5789293646812439 4.440296649932861 -0.9266660809516907
v 0.8994355797767639 5.519411087036133 -0.6698386073112488
v -0.17087848484516144 5.134830474853516 -0.9921919703483582
v 0.11530864238739014 5.018766403198242 -0.3844439685344696
v 0.2616426348686218 5.431058406829834 -1.3329545259475708
v 1.2708516120910645 5.11348295211792 -0.07879654318094254
v 1.0507441759109497 5.354282855987549 -0.25032123923301697
v 1.136588454246521 4.9865875244140625 -0.41064727306365967
v 0.05524348467588425 5.2856221199035645 -0.6997296214103699
v 0.31433025002479553 4.462480068206787 -0.9112097024917603
v -0.2220781147480011 5.178009033203125 -1.1561952829360962
v 0.5330779552459717 4.43555212020874 -1.137759804725647
v 0.8101094365119934 5.065769672393799 -1.202439546585083
v 1.012946367263794 5.325075626373291 -0.3723585307598114
v 0.2530510425567627 4.4284491539001465 -1.098649024963379
v 1.092033863067627 5.088489055633545 -0.35082924365997314
v 0.9574096202850342 4.588019371032715 -0.9435942769050598
v 0.9345245361328125 5.337533950805664 -1.1500970125198364
v 0.1733439415693283 4.913260459899902 -1.3463231325149536
v 0.1675998419523239 4.912622451782227 -1.3418554067611694
v 0.03528016433119774 5.50263786315918 -1.2702091932296753
v -0.22168563306331635 5.299314022064209 -1.2944835424423218
v 0.7209483981132507 5.320626258850098 -0.18238507211208344
v 1.1541427373886108 5.3948211669921875 -0.18455013632774353
v 0.6407146453857422 5.609285831451416 -0.48185718059539795
v 1.3392913341522217 5.059216499328613 0.0784212201833725
v 0.04323732852935791 5.7359418869018555 -1.5258307456970215
v 0.5006014704704285 4.390711307525635 -1.2660624980926514
v 0.614805281162262 4.397248268127441 -0.676225483417511
v 0.16843731701374054 4.452138900756836 -0.8951388001441956
v -0.08518121391534805 5.031230926513672 -0.8913091421127319
v 0.3523601293563843 4.501270771026611 -0.6762781143188477
v 0.3913000226020813 5.646500110626221 -0.9656461477279663
v 0.6103199124336243 5.008728504180908 -0.10999521613121033
v 0.019200937822461128 5.604442119598389 -1.5296339988708496
v 0.7137159705162048 4.331914901733398 -0.9879715442657471
v 0.9966997504234314 4.659850120544434 -0.16171911358833313
v 0.9614849090576172 4.619994640350342 -0.33333003520965576
v 0.1670214980840683 4.433374404907227 -0.806442141532898
v 0.12421632558107376 5.142919063568115 -1.5345134735107422
v 0.9562474489212036 5.310227870941162 -0.2813514471054077
v 0.8606096506118774 4.943516254425049 -0.11260565370321274
v 1.1810219287872314 5.226908206939697 -0.17956262826919556
v 0.783559262752533 4.918323516845703 -1.3232790231704712
v 0.5509697794914246 4.414622783660889 -0.6736380457878113
v 1.0431896448135376 4.856163501739502 -0.25435787439346313
v 0.01895277015864849 5.550114154815674 -1.5295236110687256
v 0.08015972375869751 5.343961715698242 -0.6909112930297852
v 0.7322927117347717 5.860000133514404 -0.676874577999115
v 0.7329344153404236 5.574161529541016 -0.492520272731781
v 0.8485107421875 4.986892223358154 -1.2148276567459106
v 0.5957702994346619 5.154253959655762 -1.3357869386672974
v 0.5080850124359131 4.449926853179932 -0.897158145904541
v -0.08021625876426697 4.9977569580078125 -0.9510942101478577
v 0.8733649253845215 5.40352725982666 -1.1185810565948486
v 0.6132073998451233 4.288633823394775 -0.8381083011627197
v -0.0479150153696537 5.012424468994141 -0.6992454528808594
v -0.09982714056968689 4.725290298461914 -0.7723395824432373
v 0.55775386095047 4.698941230773926 -1.341873049736023
v 0.7943416237831116 5.570319175720215 -0.48680898547172546
v 0.5214818716049194 5.670207977294922 -0.9934818744659424
v 0.4708920121192932 4.461793899536133 -1.0368238687515259
v 0.685716986656189 4.299052715301514 -0.9320328235626221
v 0.7631779313087463 4.256449222564697 -0.6171610355377197
v 0.5608181357383728 4.411499977111816 -0.6649416089057922
v 0.8099830150604248 4.861780166625977 -0.10831419378519058
v 0.9081524610519409 5.347353458404541 -1.16606605052948
v -0.1594288945198059 5.2684454917907715 -1.0227344036102295
v 1.3657339811325073 5.26355504989624 -0.19059181213378906
v 0.10212313383817673 4.456692695617676 -0.7261142730712891
v 0.8499788641929626 5.408103942871094 -1.13296377658844
v 0.8940935134887695 5.145713806152344 -1.1327157020568848
v -0.07036282867193222 4.525543212890625 -1.0101693868637085
v 1.1003843545913696 4.642537593841553 -0.701196551322937
v 0.29126185178756714 4.6988396644592285 -0.28310152888298035
v -0.08594364672899246 5.0251054763793945 -0.904647946357727
v 1.1774555444717407 4.885405540466309 -0.126597598195076
v 1.0658667087554932 4.701523780822754 -0.4063928425312042
v 1.1974999904632568 4.952889919281006 -0.5341372489929199
v -0.1757955104112625 5.137068271636963 -1.0126365423202515
v 0.9792959690093994 5.076390266418457 -1.0974035263061523
v 0.8272121548652649 4.890317916870117 -0.10649996995925903
v 0.45864948630332947 4.29083776473999 -0.5548441410064697
v 1.1130808591842651 4.671566963195801 -0.5747045278549194
v 0.9617329239845276 4.62866735458374 -0.25419872999191284
v 0.9871343970298767 4.578652858734131 -0.9152722358703613
v 0.9779283404350281 4.767582893371582 -0.23948806524276733
v 0.7358614802360535 5.633703708648682 -0.5486883521080017
v 1.118717908859253 5.161298751831055 -0.8150439262390137
v 1.0604274272918701 4.68562126159668 -0.06982485204935074
v 0.05664382129907608 4.588623523712158 -0.6012306809425354
v 0.5585383772850037 4.415015697479248 -0.5900241732597351
v 1.0220708847045898 4.776668548583984 -0.25668206810951233
v 0.972209632396698 4.952832221984863 -0.18115460872650146
v 0.14217141270637512 4.765453338623047 -0.4329846203327179
v 0.2886010408401489 5.42035436630249 -0.34253817796707153
v 0.668437659740448 5.291957378387451 -1.3177810907363892
v 0.150642991065979 5.450920581817627 -0.5298649072647095
v 1.1421157121658325 4.97365665435791 -0.416615754365921
v 0.029218414798378944 5.1964945793151855 -1.5669209957122803
v -0.20210979878902435 5.15710973739624 -1.107460379600525
v 0.8662945628166199 4.622116565704346 -0.2717669904232025
v 1.1251165866851807 4.737545967102051 -0.8046717643737793
v 0.821617603302002 5.029993534088135 -1.1888823509216309
v 0.10994109511375427 4.981781959533691 -0.4017152786254883
v 1.0487889051437378 5.048832893371582 -0.22396667301654816
v 0.6606447100639343 5.28183650970459 -1.3215467929840088
v 1.2947332859039307 5.361472129821777 -0.050883471965789795
v -0.09135493636131287 4.703946590423584 -0.8498932123184204
v 0.1946733593940735 4.490983486175537 -0.7191715240478516
v 0.39177405834198 5.646500110626221 -0.9653909206390381
v -0.11869767308235168 5.8477559089660645 -1.4483952522277832
v 0.48024699091911316 5.712247848510742 -0.6129987835884094
v 0.6729904413223267 5.805817127227783 -0.8181635141372681
v 0.3442489504814148 5.254687309265137 -1.434937596321106
v 1.1160000562667847 4.6929240226745605 -0.524652361869812
v 0.1022401824593544 5.165999889373779 -0.6250126361846924
v 0.8904867172241211 5.54311466217041 -0.58254075050354
v -0.22299449145793915 5.261497974395752 -1.1271393299102783
v 0.8419228196144104 4.237115383148193 -0.6659610867500305
v 0.01892898976802826 5.5504231452941895 -1.5295355319976807
v 0.339885950088501 4.743497848510742 -1.3738880157470703
v 0.2812841534614563 4.459158420562744 -0.9549819827079773
v 0.4505000114440918 5.520593166351318 -0.4034069776535034
v 0.6000082492828369 4.319036960601807 -0.712823748588562
v 0.017450425773859024 4.9045867919921875 -1.1987478733062744
v 0.41154929995536804 5.706146240234375 -0.88753741979599
v -0.0993870347738266 4.827485084533691 -0.8965299129486084
v 0.349816232919693 4.340220928192139 -0.5844946503639221
v 0.6125431656837463 4.383590221405029 -0.6895394921302795
v 0.9361061453819275 5.336915016174316 -1.1493405103683472
v 0.01549760065972805 5.733427047729492 -1.3014805316925049
v 1.0359143018722534 4.676082134246826 -0.10275374352931976
v 0.09039106965065002 4.65639066696167 -1.0623369216918945
v 0.5199443101882935 5.622226715087891 -0.509164571762085
v 0.04307020455598831 5.184295177459717 -1.5557950735092163
v 0.36454614996910095 4.528815746307373 -0.23368212580680847
v 1.1874361038208008 4.952582359313965 -0.4703085422515869
v 0.4682139456272125 4.288597106933594 -0.5463831424713135
v 1.1277741193771362 4.732895374298096 -0.7818637490272522
v 1.1989965438842773 4.910423755645752 -0.11639411002397537
v -0.15086668729782104 5.633866786956787 -1.407333254814148
v 0.16916492581367493 4.993844032287598 -0.3642858862876892
v 1.112417459487915 4.8338799476623535 -0.17096681892871857
v 0.3854370415210724 4.467796802520752 -0.8429222106933594
v 0.9994998574256897 5.204504489898682 -1.0805011987686157
v 0.5644970536231995 4.361143589019775 -0.3510286509990692
v -0.006500031799077988 5.942580223083496 -1.379600167274475
v 1.276102066040039 5.0802531242370605 -0.08441907167434692
v 0.7831636667251587 4.814566135406494 -0.11673902720212936
v -0.1503124088048935 5.641626358032227 -1.4087189435958862
v 0.7592418789863586 5.667080402374268 -0.9467985033988953
v 0.5183458924293518 5.622418403625488 -0.5098679065704346
v 0.4001258611679077 5.684625148773193 -0.6340392827987671
v 1.3003661632537842 5.297718048095703 -0.27809029817581177
v 0.0035189276095479727 4.505993843078613 -1.0197924375534058
v 1.2788578271865845 5.3009185791015625 -0.30051952600479126
v 1.4008156061172485 5.035332202911377 -0.06766112148761749
v -0.16685083508491516 5.527089595794678 -1.3872947692871094
v 0.6234272122383118 5.196780681610107 -1.3368412256240845
v 1.2248623371124268 4.9986653327941895 -0.6401329636573792
v -0.09126356244087219 4.820508003234863 -0.9117300510406494
v 1.0911228656768799 5.090702056884766 -0.34965789318084717
v -0.013259023427963257 4.545988082885742 -1.0478614568710327
v 0.7477651238441467 5.567656517028809 -0.4867580235004425
v 0.6006385087966919 4.787840843200684 -1.330460786819458
v 0.9510688185691833 5.174134731292725 -1.1086198091506958
v 0.45837071537971497 5.461694717407227 -0.33701714873313904
v -0.062499675899744034 5.368000030517578 -0.796999454498291
v 0.2857392430305481 4.409758567810059 -1.0736327171325684
v 0.13732390105724335 4.691307067871094 -1.0816786289215088
v 1.0460779666900635 4.551114559173584 -0.7891106605529785
v 0.8492481112480164 4.974518299102783 -1.1915291547775269
v 0.01569480262696743 4.5426788330078125 -0.6325473189353943
v 0.015186464414000511 5.724092960357666 -1.2989914417266846
v 0.24293482303619385 5.176458835601807 -0.3672198951244354
v 0.7812131643295288 5.749689102172852 -0.7387410998344421
v 0.4484259784221649 5.537388324737549 -0.43585050106048584
v 0.9666357040405273 4.584802150726318 -0.9343642592430115
v 0.44250136613845825 5.550867080688477 -0.47316476702690125
v 0.3552655577659607 4.473349571228027 -0.8715596199035645
v 0.1627228558063507 4.603494167327881 -0.4951687753200531
v 0.461902916431427 5.502945423126221 -1.2838554382324219
v 0.9105265736579895 4.949766159057617 -1.1691242456436157
v 0.575120747089386 4.800819396972656 -1.3383398056030273
v 0.08939417451620102 4.76943302154541 -0.4571634829044342
v 0.6899603009223938 4.587560176849365 -0.23307999968528748
v 0.22889769077301025 5.454277038574219 -0.40898609161376953
v 1.0924232006072998 5.087543487548828 -0.35132986307144165
v 1.1101826429367065 5.1552019119262695 -0.8339712619781494
v 0.7326496839523315 4.295111656188965 -0.948223352432251
v -0.06893137842416763 5.408065319061279 -1.1871306896209717
v 0.02199997939169407 5.379213333129883 -1.5576808452606201
v 1.1045358180999756 5.013467311859131 -0.29553261399269104
v -0.1916356086730957 5.324493408203125 -1.2525089979171753
v 0.10106904804706573 5.4076361656188965 -0.6762886047363281
v 0.5081730484962463 5.735844135284424 -0.8743321895599365
v -0.039107780903577805 5.033716678619385 -0.7039461135864258
v 0.20499049127101898 4.454449653625488 -1.155688762664795
v 0.8660595417022705 5.4049882888793945 -1.1229642629623413
v 0.7671574950218201 5.593389987945557 -1.0428346395492554
v 0.4429478347301483 4.90651273727417 -0.13839618861675262
v 0.9023476839065552 5.514556884765625 -0.6693434715270996
v 1.103325605392456 5.135900497436523 -0.34932687878608704
v 0.7329447865486145 4.424628257751465 -0.4535728096961975
v 0.7975252866744995 5.132561683654785 -0.14339154958724976
v 0.925841748714447 5.313366889953613 -0.28387951850891113
v 0.8979505896568298 5.523123264312744 -0.6707296371459961
v 1.0993435382843018 5.065813064575195 -0.3629777729511261
v 1.0320602655410767 5.270407676696777 -1.01002836227417
v 0.7401065826416016 5.809246063232422 -0.6644015908241272
v 0.20009328424930573 4.916552543640137 -1.3653757572174072
v 0.40013423562049866 5.684622287750244 -0.6340160369873047
v 0.5243874192237854 4.377662181854248 -1.2127472162246704
v 1.1014795303344727 5.151255130767822 -0.8791840076446533
v 0.773842453956604 5.908605575561523 -0.7339723706245422
v 0.7355014681816101 4.2557220458984375 -0.6209155321121216
v 0.6163159608840942 5.346373081207275 -0.22543522715568542
v 0.5605625510215759 4.415840148925781 -0.5912986397743225
v 1.0655169486999512 4.656172275543213 -0.25227370858192444
v 0.4214254319667816 5.487300395965576 -1.284500002861023
v -0.0353228822350502 5.02638578414917 -0.6707026958465576
v 0.5130691528320312 4.8899922370910645 -0.11513296514749527
v 0.5571070909500122 5.785879135131836 -0.8471211791038513
v 0.3097417950630188 4.461940288543701 -0.916877806186676
v -0.057786814868450165 5.961856365203857 -1.3822768926620483
v 0.7951455116271973 5.760069847106934 -0.7571269869804382
v 0.9938308000564575 5.294465065002441 -1.1168383359909058
v 1.1910473108291626 4.899734973907471 -0.12003099173307419
v -0.1741981953382492 5.1361565589904785 -1.0055636167526245
v -0.11020097881555557 4.530869960784912 -0.6992397904396057
v 0.6066498160362244 4.364082336425781 -0.7007002234458923
v 0.7801697850227356 5.783047676086426 -0.7347822189331055
v 0.5087999105453491 4.38589334487915 -1.2521601915359497
v 0.8211778402328491 5.425182819366455 -0.3867718577384949
v 0.8061837553977966 5.726117134094238 -0.7268060445785522
v 1.177397608757019 5.400739669799805 -0.16596196591854095
v 1.0032849311828613 4.801795959472656 -1.025153636932373
v 0.0724719911813736 5.330780982971191 -1.5058873891830444
v 1.0823850631713867 5.0933613777160645 -0.9671919345855713
v 0.3549630045890808 4.935807704925537 -0.20480644702911377
v 0.4928359389305115 4.479000091552734 -1.000996708869934
v 0.8884945511817932 5.543668270111084 -0.5803272128105164
v 0.0882449746131897 4.654244899749756 -1.061585783958435
v 1.3124192953109741 4.9871087074279785 0.0659191682934761
v 0.01672903448343277 5.687132835388184 -1.2919237613677979
v 0.2820161283016205 4.363020420074463 -0.5814796090126038
v 0.8788374662399292 4.243078231811523 -0.8542798161506653
v 0.7550134062767029 5.693607807159424 -0.5906752943992615
v 0.8763386011123657 5.547184467315674 -0.5661430954933167
v 0.9300484657287598 4.980597019195557 -1.139467477798462
v 0.2474677860736847 5.449636936187744 -0.3837296664714813
v 0.27429574728012085 4.365734577178955 -0.5773933529853821
v -0.0017932060873135924 5.950976371765137 -1.414547085762024
v 0.698308527469635 4.597906589508057 -0.23776616156101227
v 0.37840378284454346 5.472733974456787 -1.2912322282791138
v 1.005151629447937 4.5901079177856445 -0.476261168718338
v 0.8960508704185486 5.541708946228027 -0.5890354514122009
v 1.269397258758545 5.130658149719238 -0.08223326504230499
v 0.08582217991352081 4.652003288269043 -1.061227798461914
v 0.958023726940155 4.416513919830322 -0.6169048547744751
v 0.404469758272171 5.707127571105957 -0.8767046332359314
v 0.8180150985717773 4.87509822845459 -0.10614394396543503
v 0.36583471298217773 4.331353187561035 -0.584409773349762
v 0.08184719830751419 5.348836421966553 -0.6899737119674683
v 1.4118067026138306 5.0551018714904785 -0.06566481292247772
v 0.7372629046440125 5.7812910079956055 -0.7925278544425964
v 0.4896147847175598 4.3235321044921875 -0.28661009669303894
v -0.054291751235723495 4.748493671417236 -0.6333367228507996
v 1.0926884412765503 5.104084491729736 -0.34485718607902527
v 0.4975948631763458 4.381112575531006 -1.1297390460968018
v 0.018000025302171707 5.589563369750977 -1.528999924659729
v 0.018892912194132805 5.82857084274292 -1.332428216934204
v -0.04427272081375122 5.0369181632995605 -0.6809636354446411
v 0.4694388806819916 4.459397315979004 -0.8503090739250183
v 0.5542992353439331 4.46358060836792 -0.9417204856872559
v -0.07341714948415756 5.956130027770996 -1.4037455320358276
v -0.08547557145357132 5.0405778884887695 -0.8291162252426147
v 0.5976206660270691 4.677823543548584 -1.3123018741607666
v 0.924355685710907 5.540104866027832 -0.899196982383728
v 0.5617482662200928 5.619500160217285 -0.4932819604873657
v 0.5061466693878174 4.3173322677612305 -0.2925489544868469
v 0.8541678190231323 5.407277584075928 -1.1302770376205444
v 1.3283861875534058 5.028745651245117 0.07555995136499405
v 1.1136748790740967 4.775514125823975 -0.4475052058696747
v 0.9455390572547913 4.590527057647705 -0.9562320113182068
v 1.0178725719451904 4.597548007965088 -0.4708402752876282
v 0.2529186010360718 4.512380599975586 -0.655181884765625
v -0.0989999994635582 4.73227071762085 -0.7480981349945068
v 0.034681450575590134 5.509822845458984 -1.2735021114349365
v 0.8337939977645874 5.11086368560791 -1.187921166419983
v 0.7765561938285828 4.368697643280029 -0.5121685266494751
v 0.421983927488327 5.279656410217285 -1.4196690320968628
v 0.9568340182304382 5.521813869476318 -0.6833906769752502
v 0.8289964199066162 5.721252918243408 -0.8173304796218872
v 1.1733442544937134 5.02412223815918 -0.813822329044342
v 0.16797038912773132 4.43002986907959 -0.8686498403549194
v 1.0326027870178223 5.268935203552246 -1.0096406936645508
v 0.24975189566612244 5.587189197540283 -1.103248119354248
v 0.44602903723716736 5.54447078704834 -0.4547121524810791
v -0.1254854053258896 5.737127780914307 -1.4222919940948486
v 0.2920393943786621 5.417298316955566 -0.34005486965179443
v 0.7887577414512634 4.823319911956787 -0.11467011272907257
v 0.6877720952033997 5.871852397918701 -0.8115478754043579
v 0.17328926920890808 4.4542155265808105 -0.8972872495651245
v 1.0033258199691772 4.763895511627197 -0.2611162066459656
v 0.3940444588661194 5.646500110626221 -0.96416836977005
v 0.925281822681427 5.311127662658691 -0.2808001637458801
v 1.1418300867080688 4.974256992340088 -0.416329950094223
v 0.4547540545463562 5.309704780578613 -1.401196837425232
v 0.497831255197525 4.443023204803467 -0.7105466723442078
v 0.7676745653152466 5.745428562164307 -0.6744601726531982
v 1.1072416305541992 4.766844272613525 -0.9032913446426392
v 0.13163745403289795 4.765860080718994 -0.4367409348487854
v 0.7802817821502686 5.571018218994141 -0.47662726044654846
v 0.19025175273418427 4.56912088394165 -0.45799657702445984
v 0.9491322040557861 4.421316146850586 -0.7364540696144104
v 0.8058647513389587 5.569554328918457 -0.49297288060188293
v 0.7642175555229187 5.594603538513184 -1.0441033840179443
v 1.4101667404174805 5.051119327545166 -0.06554762274026871
v 1.2000000476837158 5.223041534423828 -0.161958247423172
v 0.11266687512397766 5.39799690246582 -1.3591727018356323
v 0.042063307017087936 5.829969882965088 -1.5558832883834839
v 0.38338419795036316 5.083218097686768 -0.20903019607067108
v 0.625491201877594 5.613674163818359 -0.48196518421173096
v 0.9559518694877625 4.519141674041748 -0.5042145252227783
v 0.41600751876831055 5.679573059082031 -0.5998316407203674
v 0.08163739740848541 5.463204860687256 -1.201793909072876
v 1.2316306829452515 4.922364711761475 -0.6726982593536377
v 0.13297392427921295 4.617057800292969 -0.5330101847648621
v 0.19592243432998657 4.389500141143799 -0.41433823108673096
v 0.20600643754005432 4.517474174499512 -0.4328460991382599
v 0.3282475769519806 4.499843597412109 -0.6519345045089722
v 0.8069672584533691 5.075981616973877 -1.2059745788574219
v 0.7560634016990662 5.816562652587891 -0.6507503986358643
v 1.3367327451705933 5.050971984863281 0.07813689857721329
v 0.6290985941886902 5.2242841720581055 -1.3315868377685547
v 0.6815505623817444 5.309071063995361 -1.311139702796936
v -0.06446098536252975 4.94838285446167 -1.029571533203125
v 1.0385454893112183 4.843045711517334 -0.25513631105422974
v 0.13138557970523834 4.617530822753906 -0.5351560115814209
v 0.05513555184006691 4.475432395935059 -0.7050749659538269
v 0.9959999918937683 5.256284236907959 -1.097870945930481
v 0.957500159740448 5.343409061431885 -0.34690922498703003
v 0.10226017981767654 4.61899995803833 -0.5713692903518677
v 1.0461610555648804 4.9449687004089355 -0.2301446497440338
v 0.5740528702735901 5.099935054779053 -1.3353190422058105
v 0.008680975064635277 5.50641393661499 -0.9469302296638489
v 0.879753589630127 4.2419328689575195 -0.851645827293396
v 0.628811776638031 5.199655532836914 -1.3332921266555786
v 0.4680037796497345 4.437385082244873 -1.0449942350387573
v -0.15005068480968475 5.645290374755859 -1.4093732833862305
v 0.6113654971122742 4.35980749130249 -0.9036422967910767
v 0.2527826726436615 4.9424357414245605 -1.4275444746017456
v -0.03347614035010338 5.050537586212158 -0.7033367156982422
v 0.5711662769317627 4.4482622146606445 -0.9347619414329529
v -0.09509231150150299 5.937592029571533 -1.5249199867248535
v 0.7800865173339844 5.287145137786865 -0.1719999462366104
v 0.06820061057806015 5.172537326812744 -0.6559780836105347
v 0.6867152452468872 5.594241142272949 -0.4888491630554199
v 0.3192138969898224 4.3650102615356445 -0.27645164728164673
v 0.41945651173591614 4.430730819702148 -1.3443126678466797
v 0.7626821398735046 5.72122859954834 -0.6234793066978455
v 0.750817060470581 5.835097789764404 -0.6698659062385559
v 0.9567986130714417 5.520400524139404 -0.6961109638214111
v 1.2912355661392212 5.364387035369873 -0.052632205188274384
v 0.9526440501213074 4.415999889373779 -0.6386358141899109
v 0.07841002941131592 5.109864711761475 -0.4860830008983612
v 0.20300737023353577 4.389249324798584 -0.39648330211639404
v 0.03730358928442001 5.450843334197998 -1.218895673751831
v 0.11135958135128021 5.475222587585449 -1.1786562204360962
v 0.03879067301750183 5.843691825866699 -1.5578547716140747
v 0.9732161164283752 5.501189231872559 -0.8385655879974365
v 0.7542759776115417 5.8409342765808105 -0.6718115210533142
v 0.6715232133865356 4.965969085693359 -1.3730461597442627
v 0.16077439486980438 4.436541557312012 -0.7854586243629456
v 0.651041567325592 4.4294915199279785 -0.4001944065093994
v 0.4033792316913605 4.917722702026367 -0.1613980531692505
v -0.09099327772855759 4.741366386413574 -0.7086665034294128
v 1.009619951248169 4.776054382324219 -0.2617519497871399
v -0.1650466024875641 5.343362808227539 -1.2291146516799927
v -0.03353525698184967 5.942928314208984 -1.5658212900161743
v -0.05902739614248276 4.498785972595215 -0.6953344345092773
v 0.8184389472007751 5.729413032531738 -0.8082476854324341
v 0.4288298785686493 4.300340175628662 -0.5674731135368347
v 0.9435837864875793 5.371277332305908 -1.0662776231765747
v 0.7880252599716187 5.8361005783081055 -0.6719753742218018
v 0.6103163361549377 5.80676794052124 -0.8118175268173218
v -0.22091197967529297 5.1764044761657715 -1.153316617012024
v 0.03907380625605583 4.979026794433594 -0.5071702003479004
v 1.2129430770874023 4.751795291900635 -0.16763454675674438
v 0.13657058775424957 4.765670299530029 -0.43503323197364807
v 0.19902905821800232 4.494521617889404 -0.7149710059165955
v 0.33719637989997864 4.428091049194336 -0.5618036389350891
v 0.6664144992828369 5.328509330749512 -0.19903798401355743
v 1.0289819240570068 4.70637321472168 -0.3240784704685211
v -0.12116468697786331 4.538398742675781 -0.714341938495636
v -0.1262187957763672 5.316524982452393 -0.9194501042366028
v 0.9513635039329529 5.183267116546631 -1.1112711429595947
v 0.27749502658843994 5.430049419403076 -0.3509129583835602
v 1.1134963035583496 4.674474716186523 -0.5680573582649231
v 0.878544270992279 4.895102500915527 -0.13149532675743103
v -0.015747150406241417 5.009056568145752 -0.6408035159111023
v 0.03308909758925438 5.317435264587402 -1.5441946983337402
v 0.020610978826880455 5.521501064300537 -1.5289260149002075
v 1.1276692152023315 5.382084369659424 -0.20387303829193115
v 1.3725693225860596 5.136659145355225 0.06406257301568985
v -0.01871035434305668 5.944476127624512 -1.5577707290649414
v 1.1719220876693726 5.288242816925049 -0.38006284832954407
v 0.6213935613632202 5.209616184234619 -1.3326579332351685
v 0.7154602408409119 4.350181579589844 -0.9947006702423096
v 0.8776882290840149 4.608108997344971 -0.3020052909851074
v 1.008243203163147 4.769448280334473 -0.2558722198009491
v 0.15460419654846191 4.698213577270508 -1.095819115638733
v 1.1705029010772705 5.205507755279541 -0.6839717626571655
v -0.17049334943294525 5.524903774261475 -1.3862019777297974
v 0.9507529735565186 5.163846015930176 -1.1057761907577515
v 0.6878211498260498 5.872639179229736 -0.8113757967948914
v 1.1016762256622314 5.153852462768555 -0.9005461931228638
v 0.6861212849617004 5.85059118270874 -0.8161312937736511
v 0.8198180198669434 4.878317832946777 -0.10627269744873047
v 0.443960577249527 4.45801305770874 -0.7789440155029297
v 0.7698126435279846 5.44012975692749 -0.37566903233528137
v 0.7311344146728516 4.699343681335449 -0.16479076445102692
v 0.34027671813964844 5.105500221252441 -1.484115719795227
v 0.4470960199832916 4.729253768920898 -1.3810077905654907
v 0.8572404980659485 5.568703651428223 -0.9802595376968384
v -0.001364949275739491 5.170989513397217 -0.6950000524520874
v -0.01916276104748249 4.9098100662231445 -1.1424845457077026
v 1.058900237083435 4.78798770904541 -0.985731840133667
v 0.13425402343273163 4.447498798370361 -0.7497531771659851
v 0.092678964138031 5.432384014129639 -0.6241719722747803
v 0.5724663734436035 4.447704315185547 -0.9310750961303711
v 0.03238045051693916 5.540629863739014 -1.2879345417022705
v 0.8351702690124512 4.992190361022949 -1.1785155534744263
v 0.6619701385498047 5.485361099243164 -0.36755576729774475
v -0.12188511341810226 4.546461582183838 -0.9549761414527893
v 0.44292300939559937 5.5509796142578125 -0.47260263562202454
v 0.11160597205162048 4.905948638916016 -1.2966917753219604
v 0.03786430135369301 5.318547248840332 -1.541032314300537
v 1.000832200050354 4.661916255950928 -0.15526199340820312
v 0.339248925447464 5.253437042236328 -1.435354232788086
v 0.5209714770317078 5.029453277587891 -0.12035961449146271
v 0.13028481602668762 4.451000213623047 -0.9817518591880798
v 0.23877227306365967 4.379767417907715 -0.5459647178649902
v 1.0422801971435547 4.853443622589111 -0.2546027898788452
v 0.30527395009994507 5.328822135925293 -0.30880656838417053
v 1.1481959819793701 4.696697235107422 -0.22220148146152496
v 0.7053656578063965 5.586690425872803 -0.49023014307022095
v 0.4534892737865448 5.484574794769287 -0.3592485785484314
v 0.608650267124176 4.371400833129883 -0.696699321269989
v 0.399659663438797 4.387362480163574 -1.05781888961792
v 1.0471044778823853 4.550395488739014 -0.7835606932640076
v 0.46872976422309875 4.327969551086426 -0.27871716022491455
v 0.5918429493904114 4.490271091461182 -1.1412161588668823
v 0.9272611141204834 5.322469711303711 -0.2932087182998657
v 1.1523362398147583 5.228531360626221 -0.19790618121623993
v 0.2162618488073349 4.484140872955322 -0.42366430163383484
v 0.9427509903907776 4.936336994171143 -0.1621929258108139
v -0.07618659734725952 4.809844970703125 -0.9348063468933105
v 0.35348445177078247 4.472681522369385 -0.873674750328064
v 1.0627009868621826 4.786474227905273 -0.9827470779418945
v 0.7524321675300598 5.704055309295654 -0.909052848815918
v 0.13291192054748535 4.986088275909424 -0.38424986600875854
v 0.2461830973625183 4.3762407302856445 -0.5537779331207275
v 0.9648195505142212 5.501644611358643 -0.7984533905982971
v 0.46850308775901794 5.704043865203857 -0.6077931523323059
v 0.06693583726882935 4.596370220184326 -0.5937167406082153
v -0.027846796438097954 5.068868160247803 -0.7012550830841064
v 0.8266763687133789 5.869941234588623 -0.7864999771118164
v 0.030796987935900688 4.562562465667725 -0.6228682994842529
v 1.1572670936584473 4.875912189483643 -0.4426298439502716
v 0.7161096334457397 4.653698921203613 -0.19759564101696014
v -0.11465886235237122 4.493222713470459 -0.7177770137786865
v 0.005419822409749031 4.7600998878479 -0.5394802093505859
v -0.02428569458425045 5.953000068664551 -1.4018824100494385
v -0.1594400852918625 4.553215503692627 -0.8943952918052673
v -0.05539339780807495 4.498311996459961 -0.69422847032547
v 0.5488723516464233 4.3424506187438965 -0.346137136220932
v 0.971177875995636 4.542871952056885 -0.4945964217185974
v 1.0030629634857178 4.767752170562744 -0.24324408173561096
v 0.30952903628349304 5.10587739944458 -1.4940751791000366
v -0.13034436106681824 5.719505786895752 -1.4200778007507324
v 1.1153128147125244 5.151438236236572 -0.387838751077652
v 0.6186318397521973 4.286441326141357 -0.7216469645500183
v 0.05309894308447838 4.977815628051758 -0.47498685121536255
v 0.8551881909370422 5.359499931335449 -1.2083117961883545
v 0.9813044667243958 4.5595383644104 -0.4878126084804535
v 0.49113285541534424 4.3987202644348145 -1.1459091901779175
v 0.11403283476829529 5.388671398162842 -1.3802552223205566
v 0.03899424523115158 5.680961608886719 -1.5225071907043457
v 0.45003604888916016 4.410125732421875 -1.0570862293243408
v 0.6344351768493652 4.864202499389648 -0.1211521252989769
v 1.1446555852890015 5.390479564666748 -0.19103021919727325
v 1.2110008001327515 5.39976167678833 -0.13273735344409943
v 0.17007404565811157 4.430284023284912 -0.8284501433372498
v 0.3978894352912903 5.685369968414307 -0.6402514576911926
v -0.08558628708124161 5.9350433349609375 -1.5501484870910645
v -0.05984308943152428 4.747819900512695 -0.6448663473129272
v 0.008674900978803635 5.50645112991333 -0.9467459917068481
v 0.4145919978618622 4.308010101318359 -0.5783975720405579
v 0.002110294997692108 4.906672477722168 -1.176747441291809
v 1.1925894021987915 5.223659038543701 -0.16875138878822327
v 0.1052296832203865 5.350279808044434 -1.4474107027053833
v 0.9244374632835388 4.740627288818359 -0.21900714933872223
v 0.08431539684534073 5.169649124145508 -0.6428161263465881
v 0.4023818075656891 4.484395503997803 -0.7510726451873779
v 0.814801037311554 5.853323459625244 -0.7124484181404114
v 0.9522748589515686 5.365776538848877 -1.0598973035812378
v 1.1440279483795166 4.83150053024292 -0.45441657304763794
v 0.5903806686401367 5.776047706604004 -0.6700475215911865
v 0.32529377937316895 4.3632731437683105 -0.2740631699562073
v 0.571537435054779 5.792392253875732 -0.8382218480110168
v 1.1018309593200684 4.771477699279785 -0.9193270802497864
v -0.013913224451243877 5.953720569610596 -1.406683087348938
v 1.3149791955947876 4.993992328643799 0.06812305003404617
v 1.035637617111206 4.5225701332092285 -0.6029899716377258
v 0.7130590081214905 5.784614562988281 -0.8114032745361328
v 0.955055832862854 5.2421159744262695 -1.1254454851150513
v 0.29372480511665344 4.69559907913208 -0.2823236882686615
v 0.8766664862632751 4.608875274658203 -0.3002811372280121
v 0.5675948858261108 5.761939525604248 -0.6589827537536621
v 0.8507927060127258 5.687751770019531 -0.8448780179023743
v 0.9113550782203674 5.544112682342529 -0.9131045341491699
v 0.2588445544242859 5.594675540924072 -1.0941554307937622
v 1.1903127431869507 4.953499794006348 -0.48044803738594055
v -0.217230424284935 5.303769588470459 -1.287164330482483
v 1.295858383178711 4.936511993408203 0.044342756271362305
v 0.626444935798645 4.555020332336426 -0.23170210421085358
v 0.6838766932487488 5.82814359664917 -0.8198721408843994
v 0.717352569103241 4.281110763549805 -0.9437534809112549
v 0.15014228224754333 5.134464263916016 -1.5345491170883179
v 1.2513036727905273 4.987672805786133 -0.11356543004512787
v 0.4792986214160919 4.474619388580322 -1.0191490650177002
v -0.08500001579523087 5.035340785980225 -0.8832550644874573
v 0.779704749584198 5.067963600158691 -1.2277772426605225
v 0.06717615574598312 5.280139923095703 -0.617287814617157
v 1.0807249546051025 5.363552570343018 -0.23717840015888214
v 0.02466508373618126 4.599460601806641 -1.0568267107009888
v 1.3527567386627197 4.94802713394165 -0.07170263677835464
v 0.29515379667282104 4.358704090118408 -0.5855409502983093
v 0.7620273232460022 4.39656925201416 -0.48423826694488525
v 0.8735130429267883 4.227639198303223 -0.719886839389801
v 0.5905472040176392 5.799558162689209 -0.8253843188285828
v 0.3297920227050781 4.465960502624512 -0.8957079648971558
v 0.9786562323570251 5.31685209274292 -1.1313687562942505
v 0.17442572116851807 4.624749660491943 -1.1828335523605347
v -0.0967170000076294 4.884761810302734 -0.7214316725730896
v -0.08420269191265106 5.012918472290039 -0.9258651733398438
v 1.4260776042938232 5.106149673461914 -0.07236654311418533
v 0.036506932228803635 5.46396017074585 -1.2224913835525513
v -0.08019481599330902 4.501819610595703 -0.7018345594406128
v 0.47468915581703186 4.899422645568848 -0.1260637789964676
v 1.2405591011047363 4.971584796905518 -0.11499636620283127
v 1.156638264656067 4.927919864654541 -0.43158286809921265
v 0.6969274878501892 5.3797430992126465 -1.268388271331787
v 0.01931457594037056 5.605540752410889 -1.5297096967697144
v 0.6671704053878784 5.290452480316162 -1.3184148073196411
v 0.06094231829047203 4.977359771728516 -0.4607160687446594
v 0.08079192042350769 4.978376865386963 -0.4324466586112976
v 0.4455902576446533 5.678786754608154 -0.9037662744522095
v 0.036983635276556015 5.941950798034668 -1.4882619380950928
v 0.6046077609062195 4.293693542480469 -0.7174612879753113
v 0.5800902247428894 4.688283443450928 -1.3276748657226562
v -0.07882373780012131 5.95619535446167 -1.4116922616958618
v 0.8240927457809448 5.703640937805176 -0.718733549118042
v 0.1640392541885376 4.450802326202393 -0.7679351568222046
v 1.0306552648544312 5.274221420288086 -1.011031985282898
v 0.535792887210846 4.549992561340332 -0.19902612268924713
v 1.1659711599349976 4.938699722290039 -0.3990698754787445
v 0.5044732093811035 4.362472057342529 -0.5619815587997437
v 1.1719416379928589 5.209343910217285 -0.6695840954780579
v 0.9502966403961182 5.065120697021484 -0.16681033372879028
v 0.4737485647201538 4.327094078063965 -0.5391914248466492
v 1.0288349390029907 4.779743194580078 -0.254529744386673
v 1.0218415260314941 4.642207145690918 -0.28429272770881653
v 1.3885750770568848 5.014919757843018 -0.07038504630327225
v 1.2271806001663208 4.989277362823486 -0.6461074948310852
v 0.7531985640525818 5.5662994384765625 -0.4845006465911865
v 1.058892011642456 5.344077110290527 -0.7559888958930969
v 0.6368507742881775 4.998549938201904 -0.10950006544589996
v 0.6743908524513245 4.855136871337891 -0.10262306779623032
v 0.7165930867195129 5.782931327819824 -0.8098886013031006
v 1.102616548538208 5.220044136047363 -0.46216076612472534
v 0.3402009904384613 5.103325366973877 -0.2360907644033432
v 0.4357866644859314 5.549076557159424 -0.48211780190467834
v 0.03226829320192337 4.4806318283081055 -0.6986842155456543
v 1.1133395433425903 4.673376560211182 -0.5705674886703491
v -0.06266331672668457 5.959402084350586 -1.3882123231887817
v 0.7866138815879822 4.820021152496338 -0.11549462378025055
v 0.8701985478401184 4.250818729400635 -0.8710080981254578
v 0.1074269711971283 5.443824768066406 -1.2906020879745483
v 0.41887471079826355 5.125113487243652 -1.4801477193832397
v 0.5650337338447571 5.053320407867432 -1.3315000534057617
v 0.4838513731956482 4.2845540046691895 -0.4300135672092438
v 0.9808024764060974 4.580869197845459 -0.9212877154350281
v 0.7432447671890259 5.23085880279541 -1.2520689964294434
v -0.0789736732840538 4.994263172149658 -0.9564342498779297
v 0.4444684088230133 4.380617618560791 -1.0762486457824707
v 0.8200379014015198 4.8787102699279785 -0.10628840327262878
v 0.4989056885242462 4.391608715057373 -1.2684565782546997
v 0.22960160672664642 4.512454986572266 -0.6841341257095337
v 1.131725788116455 4.84930419921875 -0.15469571948051453
v 0.4184705913066864 5.704507350921631 -0.89895099401474
v 1.1023794412612915 5.15103006362915 -0.8710843920707703
v 0.022500019520521164 5.4600605964660645 -1.533443808555603
v 0.8542057275772095 5.670971393585205 -0.8563964366912842
v 0.5770829319953918 4.8762617111206055 -0.11693385243415833
v 0.8469938635826111 4.923346519470215 -0.10842634737491608
v 0.17692488431930542 4.641948223114014 -1.1744507551193237
v 1.0333287715911865 4.520895004272461 -0.5895410180091858
v 0.4409072995185852 4.907022953033447 -0.13922514021396637
v 0.24036410450935364 4.37892484664917 -0.5476502180099487
v 1.3241695165634155 5.333374500274658 -0.029264386743307114
v 0.6916155219078064 5.619020938873291 -1.0503356456756592
v 0.10187385231256485 4.904679298400879 -1.2890751361846924
v 1.103940725326538 5.215843200683594 -0.22137711942195892
v 0.6429677605628967 4.267370700836182 -0.7337741851806641
v 0.028232261538505554 4.4820237159729 -0.6979882717132568
v 0.1613764464855194 4.437018871307373 -0.7888206839561462
v 0.062846839427948 4.97713565826416 -0.4574671983718872
v 0.992538571357727 4.576623916625977 -0.9099614024162292
v 0.9815295338630676 4.652514457702637 -0.18470393121242523
v 0.07306848466396332 5.015686511993408 -0.3750685155391693
v -0.0029841172508895397 5.9215898513793945 -1.3724762201309204
v 0.8978539705276489 5.5413713455200195 -0.5914021730422974
v 0.9410348534584045 4.998891353607178 -1.1279652118682861
v 0.30564752221107483 4.447303295135498 -1.0082459449768066
v -0.12116998434066772 5.375791072845459 -1.2010176181793213
v 0.7610068917274475 5.852742671966553 -0.6754652857780457
v 0.05569322407245636 5.463254928588867 -1.2368273735046387
v 0.716075599193573 4.282068252563477 -0.9430617690086365
v 0.8399884104728699 5.677947044372559 -0.71064692735672
v 0.2190777063369751 4.9209184646606445 -1.3795777559280396
v 0.5638283491134644 5.020834445953369 -0.11166705936193466
v -0.029783546924591064 5.062809944152832 -0.7018209099769592
v 0.8914139270782471 5.144867420196533 -1.1348310708999634
v 1.0338672399520874 4.737302303314209 -0.2938302457332611
v 0.9479166865348816 4.420416831970215 -0.7198768854141235
v -0.08164115250110626 5.002744197845459 -0.941832423210144
v 0.8302288055419922 5.126148223876953 -0.15576277673244476
v 0.34870073199272156 5.6446003913879395 -1.0051991939544678
v 1.1164641380310059 4.7532267570495605 -0.8600254058837891
v 0.9580387473106384 5.5082688331604 -0.7563092708587646
v 0.8629409670829773 4.919558525085449 -1.223691463470459
v 0.18424415588378906 4.481901168823242 -0.7292558550834656
v 0.3371080160140991 4.430300235748291 -0.5618919730186462
v -0.07413388043642044 4.746941089630127 -0.6739291548728943
v 0.8831391930580139 5.555809497833252 -0.9486533999443054
v 0.8034290075302124 5.416506767272949 -1.1680642366409302
v 0.052978042513132095 4.476503372192383 -0.7044931054115295
v 1.046005368232727 5.352811813354492 -0.2521185874938965
v 0.6951965689659119 5.866134166717529 -0.7357408404350281
v 0.40977203845977783 5.120656490325928 -1.4803197383880615
v 0.5189603567123413 5.734594821929932 -0.6314572691917419
v 0.9979469776153564 5.223572731018066 -1.0863078832626343
v 0.9431176781654358 4.590669631958008 -0.9600778818130493
v 0.9528166651725769 5.533870220184326 -0.868534505367279
v 0.06314264237880707 5.174314498901367 -0.6585753560066223
v -0.08823631703853607 4.532728672027588 -0.9952636957168579
v 0.8551859259605408 5.648094177246094 -0.8641740679740906
v 0.6657060384750366 5.328588485717773 -0.19935281574726105
v -0.15198995172977448 5.353233337402344 -1.219085454940796
v 0.8525936007499695 5.407580852508545 -1.1312642097473145
v 0.4984082579612732 4.407532215118408 -1.1302660703659058
v 0.5815516710281372 4.479411602020264 -1.1425840854644775
v -0.0960361659526825 5.3958258628845215 -1.189586877822876
v -0.11698593944311142 4.859948635101318 -0.8078643083572388
v -0.073727548122406 4.808398723602295 -0.9381332993507385
v 0.9373075366020203 4.813846111297607 -1.072653889656067
v 0.7464586496353149 4.251778602600098 -0.9699842929840088
v -0.100487120449543 4.879159450531006 -0.7394484281539917
v 1.1440484523773193 4.693861961364746 -0.22348780930042267
v 0.05753263458609581 5.176285743713379 -0.6614561676979065
v 0.5815322399139404 5.042840957641602 -1.3865622282028198
v 0.33464357256889343 4.478487968444824 -0.5768253207206726
v 0.0664743185043335 4.469841480255127 -0.708221435546875
v -0.22081997990608215 5.300179958343506 -1.293061375617981
v 0.6653744578361511 5.790395736694336 -0.7077914476394653
v -0.1651347577571869 5.528119087219238 -1.3878096342086792
v 0.513752281665802 4.38358211517334 -1.2432458400726318
v 0.9109079241752625 5.149229049682617 -1.1227960586547852
v 0.9446218013763428 5.338895320892334 -0.3304538130760193
v 0.5296119451522827 4.44736909866333 -0.9184157848358154
v 0.5424331426620483 5.747560024261475 -0.6443729996681213
v 0.942442774772644 5.001237869262695 -1.1265571117401123
v 0.1940402090549469 4.915621280670166 -1.360952377319336
v 0.5692415237426758 4.365980625152588 -0.35267502069473267
v 0.21623681485652924 5.550984859466553 -1.1275076866149902
v 0.1728558987379074 5.263802528381348 -0.5364465117454529
v 0.4438624382019043 5.692007541656494 -0.9321104884147644
v -0.00846181996166706 4.558038234710693 -1.0464674234390259
v 0.2436457723379135 5.178760051727295 -0.3592508137226105
v 0.08839727938175201 5.3384857177734375 -1.4827642440795898
v 0.3577786386013031 5.107180118560791 -1.4809001684188843
v 0.09959433227777481 5.017689228057861 -0.3873378336429596
v 0.2404288500547409 4.384580612182617 -0.3231515884399414
v 0.12282103300094604 4.906940937042236 -1.3068801164627075
v 0.6054433584213257 5.803925037384033 -0.8152692914009094
v 0.4897356927394867 4.4788899421691895 -1.0047863721847534
v 0.3689180612564087 5.692327499389648 -0.7647885084152222
v 0.3330429494380951 4.744801044464111 -1.3657416105270386
v 0.5897709727287292 4.422930717468262 -0.6178401708602905
v 0.31309857964515686 4.436957836151123 -1.020918846130371
v 0.07392381131649017 4.459439754486084 -1.0105152130126953
v 0.6504437327384949 4.264825344085693 -0.7199500799179077
v 0.18368951976299286 4.582247257232666 -0.4688725769519806
v 0.1106930822134018 5.1651611328125 -0.6134199500083923
v -0.09582870453596115 5.953880310058594 -1.4417543411254883
v 0.6182506084442139 5.184118270874023 -0.10497333109378815
v 1.3204164505004883 5.007882595062256 0.07164155691862106
v 0.5399704575538635 5.508778095245361 -1.2764866352081299
v 0.2624896764755249 4.736107349395752 -0.3004133105278015
v 0.12486660480499268 5.0270209312438965 -0.38270604610443115
v 1.0284291505813599 4.658466815948486 -0.3756179213523865
v 1.2090001106262207 5.056331157684326 -0.6160000562667847
v 0.04982815682888031 4.476995468139648 -0.703508734703064
v 0.036933187395334244 5.318324089050293 -1.5416654348373413
v 1.2721494436264038 4.7845964431762695 -0.09498926252126694
v 0.021862264722585678 4.597519874572754 -1.0565032958984375
v 0.00973187480121851 5.315025806427002 -1.5608712434768677
v 1.095848560333252 5.07710599899292 -0.3568897247314453
v 0.8683434724807739 4.8872575759887695 -0.12737885117530823
v 0.28753843903541565 4.473812580108643 -0.9672256708145142
v 0.9918507933616638 5.299898147583008 -1.1206741333007812
v 0.3317238688468933 4.3822407722473145 -0.561500072479248
v 0.006204107776284218 5.941999912261963 -1.537295937538147
v 0.2280668169260025 5.168026447296143 -0.41208308935165405
v 1.1628702878952026 5.227660179138184 -0.19147485494613647
v -0.06545154750347137 5.112407684326172 -0.7519614696502686
v -0.015878641977906227 4.754866600036621 -0.5692790746688843
v 0.3104313313961029 4.50189733505249 -0.5994453430175781
v 0.6134090423583984 4.295817852020264 -0.8687717318534851
v 0.1797577142715454 4.826661586761475 -0.37470197677612305
v 0.9990484118461609 5.186144828796387 -1.0743753910064697
v 0.1598762571811676 5.0501508712768555 -0.3659743070602417
v 0.008999964222311974 5.502580642700195 -0.9636276364326477
v 0.018675265833735466 5.779366493225098 -1.314288854598999
v 0.7459824681282043 5.606205940246582 -0.9973903894424438
v 1.0398937463760376 5.248948097229004 -1.0062363147735596
v 0.9519954323768616 4.615843296051025 -0.33173036575317383
v 0.9702838659286499 5.322422504425049 -1.133922815322876
v 0.5123007893562317 4.310723781585693 -0.2954254746437073
v 0.6344329714775085 4.864202976226807 -0.12115241587162018
v 0.1595025211572647 4.699071884155273 -1.1007883548736572
v -0.12790589034557343 5.314972400665283 -0.9225553870201111
v 0.6853695511817932 5.8438262939453125 -0.8173840641975403
v -0.010270336642861366 4.908590793609619 -1.1572312116622925
v -0.078729547560215 4.746129512786865 -0.6822120547294617
v 0.5383551716804504 5.5090718269348145 -1.2770005464553833
v 0.1013064756989479 5.436314582824707 -0.6095644235610962
v -0.11184792965650558 5.238195896148682 -1.48399019241333
v 0.3541312515735626 4.593605995178223 -0.2519915997982025
v 0.7066456079483032 4.726329326629639 -1.284746766090393
v 1.0431090593338013 4.96790885925293 -0.22221823036670685
v 1.0549999475479126 4.532649517059326 -0.6778961420059204
v 0.5104990005493164 5.739964485168457 -0.8738336563110352
v 0.686509907245636 5.854135036468506 -0.8154700398445129
v 0.3649049997329712 5.107852458953857 -1.4801476001739502
v 0.19722068309783936 4.458639621734619 -1.1741060018539429
v 0.08692597597837448 5.364384651184082 -0.6869837045669556
v 1.0448139905929565 4.992893695831299 -0.2433052659034729
v 0.4447590112686157 4.848987102508545 -1.3644871711730957
v 0.7476847767829895 5.151745796203613 -0.12002892047166824
v 0.8692614436149597 4.639486312866211 -0.2511327266693115
v 0.12277613580226898 5.164000034332275 -0.59519362449646
v 0.08500922471284866 5.358155250549316 -0.6881817579269409
v -0.03812551870942116 4.916079521179199 -1.10319185256958
v 0.19707082211971283 5.533270359039307 -1.1370980739593506
v 1.0329710245132446 4.521371841430664 -0.5927609801292419
v 0.6967491507530212 5.324625015258789 -0.18910029530525208
v 0.6379738450050354 4.531157970428467 -1.1063344478607178
v 0.024641674011945724 5.939937591552734 -1.517716646194458
v 0.9890539646148682 5.338923454284668 -0.3701125681400299
v 0.36111631989479065 4.7395548820495605 -1.3886420726776123
v 0.9569999575614929 5.511312484741211 -0.7391420006752014
v 0.6871516108512878 5.326043605804443 -0.1917230188846588
v -0.13435271382331848 5.706247329711914 -1.4180736541748047
v 0.18023930490016937 4.691066741943359 -1.1326878070831299
v 1.1463100910186768 5.06453275680542 -0.9017530679702759
v 0.5896998643875122 4.422786712646484 -0.9210334420204163
v 0.7375990748405457 5.602255344390869 -1.0498775243759155
v 0.1113278791308403 4.6747589111328125 -1.06867253780365
v 0.8110068440437317 5.062852382659912 -1.2013664245605469
v 0.09199342131614685 5.1552958488464355 -1.5374149084091187
v 0.9310122132301331 5.280097484588623 -0.2557317614555359
v 1.1191723346710205 4.748655319213867 -0.845078706741333
v 0.48644810914993286 4.282120704650879 -0.45661985874176025
v 0.039380792528390884 4.9028120040893555 -1.229007601737976
v 0.7406507730484009 5.8097357749938965 -0.6628777384757996
v 1.0766456127166748 5.1269636154174805 -0.30894583463668823
v 0.9597751498222351 4.424261569976807 -0.5821270942687988
v 0.30434906482696533 5.326046943664551 -0.3090377151966095
v 1.329023838043213 5.287224292755127 -0.2401721328496933
v 0.7413296103477478 5.9239583015441895 -0.6967734098434448
v 1.0535426139831543 4.53004264831543 -0.6622560620307922
v 1.2314565181732178 4.974761009216309 -0.6546739935874939
v 0.6939816474914551 5.903926372528076 -0.8006691336631775
v 0.589628279209137 4.548727512359619 -0.22222445905208588
v 0.49325206875801086 4.350557804107666 -0.5541405081748962
v 0.3539675176143646 5.106731414794922 -1.481460690498352
v 1.1582638025283813 5.284069061279297 -0.3887401521205902
v 1.0548044443130493 5.155063152313232 -0.2505977153778076
v 0.36662307381629944 5.4693922996521 -1.2953846454620361
v 0.9437848329544067 5.083707332611084 -1.0917847156524658
v 0.8691758513450623 4.956051349639893 -0.11590028554201126
v 1.1102080345153809 5.155220031738281 -0.8338876962661743
v 0.9472633004188538 4.419763565063477 -0.7092130780220032
v 0.9467652440071106 5.008778095245361 -1.1226130723953247
v 0.7291610836982727 5.7817277908325195 -0.7988828420639038
v 0.9227353930473328 5.383804798126221 -1.0816506147384644
v 0.6351885795593262 5.6107354164123535 -0.48160499334335327
v 0.4292285144329071 4.4274749755859375 -1.338232159614563
v 0.47786030173301697 5.685012340545654 -0.8763167262077332
v 0.0077546038664877415 5.481881618499756 -0.8705061078071594
v 0.19381700456142426 4.46150016784668 -1.2252771854400635
v 0.8458225131034851 5.408935546875 -1.1356654167175293
v 0.912000298500061 5.3892645835876465 -1.0903820991516113
v 0.8722656965255737 4.652616024017334 -0.24014990031719208
v 0.9599228501319885 4.80987024307251 -1.0550626516342163
v 0.7431954145431519 5.657670021057129 -0.5619744658470154
v 0.9275328516960144 5.036839485168457 -0.15118847787380219
v 0.9496634006500244 5.331455707550049 -1.1418806314468384
v 0.013662489131093025 5.428023815155029 -1.2040157318115234
v 0.7814164161682129 5.7840681076049805 -0.7325156927108765
v 0.819338321685791 5.855918884277344 -0.7224605083465576
v 0.05015677586197853 5.321654796600342 -1.5306503772735596
v 0.5931872725486755 5.647675514221191 -1.045324444770813
v 0.09222966432571411 4.454036712646484 -1.0060737133026123
v 1.2270950078964233 4.989619731903076 -0.6458873152732849
v 0.8724525570869446 4.960588455200195 -0.11736277490854263
v 0.7490341067314148 4.293280601501465 -0.9435068964958191
v 0.011162879876792431 5.941999912261963 -1.5323371887207031
v 1.0238595008850098 4.564230442047119 -0.869376540184021
v 1.043294906616211 4.552969932556152 -0.8029080629348755
v 0.2893379032611847 4.469300746917725 -1.3469189405441284
v -0.1652960330247879 5.256866931915283 -1.0594801902770996
v 0.9475346207618713 4.61309814453125 -0.3313872218132019
v 0.1347171813249588 4.434149742126465 -0.8809556365013123
v 0.7023895978927612 5.86577033996582 -0.7140213251113892
v -0.21638691425323486 5.171502590179443 -1.143889307975769
v -0.09778579324483871 4.882632255554199 -0.7286432385444641
v 0.5536758303642273 4.413570404052734 -0.6712325215339661
v 0.839314877986908 4.910830497741699 -0.10728344321250916
v -0.1559731364250183 5.130882740020752 -0.9461266994476318
v 0.16316118836402893 4.992487907409668 -0.36738449335098267
v 1.2754161357879639 5.085536479949951 -0.08268249034881592
v 0.5364671349525452 4.420677661895752 -0.6806870698928833
v 1.301019549369812 4.953785419464111 0.05247274786233902
v -0.14442060887813568 5.674609184265137 -1.4141931533813477
v 1.2535488605499268 4.772423267364502 -0.10476397722959518
v 0.8149119019508362 5.050212860107422 -1.1964852809906006
v 0.2984786629676819 4.506265163421631 -0.6096231937408447
v 0.860392153263092 5.6349968910217285 -0.6981077194213867
v 0.6818920969963074 4.520209312438965 -1.0597093105316162
v -0.14168982207775116 5.37416410446167 -1.5130711793899536
v 1.0284188985824585 4.815528869628906 -0.2553088963031769
v 0.9629275798797607 5.3711838722229 -0.8997605443000793
v 0.016224918887019157 4.59301233291626 -1.0555040836334229
v 0.8493339419364929 4.264320373535156 -0.8942431807518005
v 1.051366925239563 4.54522180557251 -0.7427864670753479
v 1.143595576286316 4.693597793579102 -0.22360116243362427
v 0.7317258715629578 4.993419170379639 -1.2705967426300049
v 0.41061967611312866 4.433823108673096 -1.3491315841674805
v 0.2806754410266876 4.413696765899658 -1.0772899389266968
v 0.11393772065639496 5.146633625030518 -1.53477942943573
v -0.11314021795988083 5.787714004516602 -1.4291585683822632
v 1.1034727096557617 4.770305156707764 -0.9154571890830994
v 0.6487413644790649 5.332849025726318 -0.20613233745098114
v 0.43283310532569885 4.851799964904785 -1.3671666383743286
v 0.8224042057991028 5.85716438293457 -0.7297123670578003
v 0.5825080871582031 4.875279903411865 -0.11818906664848328
v 0.951094925403595 5.5269999504089355 -0.6669411659240723
v 0.9569618701934814 5.5120954513549805 -0.7340624928474426
v 0.6053131222724915 5.6175923347473145 -0.48277369141578674
v 0.35496655106544495 5.096517086029053 -0.22830361127853394
v 0.6794888973236084 4.523013114929199 -1.0625128746032715
v 0.6701040267944336 5.599911212921143 -0.4857354164123535
v -0.17220507562160492 4.5532050132751465 -0.8449626564979553
v 0.5013848543167114 4.390263080596924 -1.2648485898971558
v 0.3499976396560669 5.464159965515137 -1.301804542541504
v 1.0125653743743896 4.595084190368652 -0.47311484813690186
v 0.01150001771748066 5.476291656494141 -1.0190465450286865
v 0.00521669490262866 5.423203945159912 -1.2006545066833496
v 0.8292118310928345 5.566096305847168 -0.5119125247001648
v 0.052307914942502975 5.177504062652588 -0.6645159721374512
v 0.1142490804195404 5.372368335723877 -1.4116355180740356
v -0.15080922842025757 5.442349433898926 -1.5068353414535522
v 0.9959999918937683 5.284407138824463 -1.110453724861145
v -0.17221958935260773 4.553219795227051 -0.844570517539978
v 1.2254465818405151 4.9493608474731445 -0.11461825668811798
v -0.0791313573718071 4.8116068840026855 -0.9307865500450134
v 1.1437522172927856 4.830791473388672 -0.4545346796512604
v 0.7507826685905457 5.710382461547852 -0.902374267578125
v 0.7424747347831726 5.739847183227539 -0.8684918880462646
v 0.5559888482093811 5.022200584411621 -0.11240148544311523
v 0.2287541925907135 5.454293727874756 -0.40921396017074585
v 0.31519970297813416 4.426218032836914 -1.0292466878890991
v 0.9533602595329285 4.415999889373779 -0.6343382596969604
v 0.3655129075050354 4.524948596954346 -0.23400436341762543
v 0.21680685877799988 5.397371292114258 -1.3414185047149658
v 0.022712629288434982 5.470304012298584 -1.5321495532989502
v 0.7863647937774658 5.129221439361572 -1.223244309425354
v 1.0859280824661255 5.313000679016113 -0.6786449551582336
v 0.9258420467376709 5.313368320465088 -0.28388160467147827
v 0.7453478574752808 4.636847972869873 -0.2209199070930481
v 0.5571638345718384 4.413949966430664 -0.5888547301292419
v 1.2390332221984863 4.764077186584473 -0.12513156235218048
v 0.7599455118179321 5.419322490692139 -1.2070212364196777
v 0.2204158902168274 4.489458084106445 -1.270842432975769
v -0.13556654751300812 5.702150344848633 -1.4174667596817017
v 0.7303570508956909 5.860000133514404 -0.6777041554450989
v 0.5827295780181885 5.126364707946777 -1.3367972373962402
v 0.4688361585140228 4.725022315979004 -1.3750969171524048
v 0.9972405433654785 4.966084957122803 -0.19959239661693573
v 1.2712737321853638 5.3831658363342285 -0.06772631406784058
v 0.304531455039978 4.504455089569092 -0.6044100522994995
v 1.2181177139282227 5.020264625549316 -0.6279119849205017
v 1.056203007698059 5.076785564422607 -0.23013532161712646
v 0.46769946813583374 4.408900260925293 -1.3082895278930664
v 0.9649704098701477 4.643470287322998 -0.21844176948070526
v 0.5128718614578247 5.089108467102051 -1.4017634391784668
v 1.0046260356903076 4.654035568237305 -0.3468858003616333
v 1.0350795984268188 5.263114929199219 -1.0087742805480957
v 0.4912799000740051 4.398632049560547 -1.1451448202133179
v 0.8885664343833923 5.399418354034424 -1.1083372831344604
v 0.0010127987479791045 4.506829261779785 -1.0207948684692383
v 0.575771152973175 5.105895042419434 -1.3355814218521118
v -0.1648585945367813 5.343513011932373 -1.2289549112319946
v 0.35013964772224426 5.098930358886719 -0.2308894544839859
v 1.0652340650558472 4.800241470336914 -0.22526602447032928
v -0.02757018245756626 5.414730548858643 -1.1929129362106323
v 0.9607000946998596 4.420499324798584 -0.595001757144928
v 0.2821347415447235 5.2637939453125 -0.320315957069397
v -0.17717328667640686 5.138052463531494 -1.018934965133667
v 0.6276929974555969 5.340203762054443 -0.21890343725681305
v 0.8052660822868347 4.914872169494629 -1.2970211505889893
v -0.08247284591197968 5.401356220245361 -1.1885000467300415
v 0.8767551183700562 5.5783538818359375 -0.6816191077232361
v 0.09314195811748505 5.167295455932617 -0.6348722577095032
v 0.022500019520521164 5.456771373748779 -1.5338681936264038
v 0.10648222267627716 5.167705535888672 -0.5181340575218201
v 0.4863928258419037 4.289089202880859 -0.39689356088638306
v 0.9564082026481628 5.328820705413818 -1.1394503116607666
v 0.9379812479019165 5.026425361633301 -1.0851750373840332
v 1.214085340499878 4.752556800842285 -0.1660480499267578
v -0.11353358626365662 5.777886390686035 -1.4269874095916748
v 0.3392331302165985 4.45943021774292 -0.5678653120994568
v 0.9658243656158447 5.0452985763549805 -1.1066755056381226
v -0.1722133755683899 5.25554084777832 -1.076324462890625
v 0.9943503737449646 5.293036460876465 -1.1157993078231812
v 0.6151066422462463 5.196314811706543 -1.3335989713668823
v 0.20637735724449158 5.006715297698975 -0.3416227102279663
v 0.2973380386829376 4.46228551864624 -0.9875526428222656
v 0.8075032830238342 5.130114555358887 -0.14796273410320282
v 0.1934218555688858 4.561487674713135 -0.4534094035625458
v 1.0747007131576538 5.127449989318848 -0.305217981338501
v 1.106655240058899 4.76359224319458 -0.44293683767318726
v 0.8179976344108582 5.040570259094238 -1.192628026008606
v 0.7694064378738403 4.6912102699279785 -1.23763108253479
v 1.2341625690460205 4.952554225921631 -0.6638250946998596
v 0.7429393529891968 5.570873737335205 -0.48863476514816284
v 1.1160000562667847 4.691396713256836 -0.5277063846588135
v 0.09984220564365387 5.165999889373779 -0.6281159520149231
v 0.7104310989379883 5.398388385772705 -1.2585264444351196
v 0.037141650915145874 5.668456077575684 -1.5248229503631592
v 0.16285419464111328 5.454451560974121 -0.5096516013145447
v 1.1335813999176025 4.850629806518555 -0.1533704400062561
v 0.34355008602142334 5.643599987030029 -1.0109999179840088
v -0.22387003898620605 5.294511795043945 -1.3021061420440674
v 0.043633878231048584 4.978325366973877 -0.49629610776901245
v 0.30177485942840576 5.621963024139404 -1.0543855428695679
v 0.9177292585372925 4.735724925994873 -0.21771712601184845
v 0.9482054710388184 4.416470527648926 -0.6629139184951782
v 1.0269578695297241 4.6945366859436035 -0.33120468258857727
v 0.41849273443222046 5.677952766418457 -0.5949597954750061
v 0.035415805876255035 5.190822601318359 -1.5615612268447876
v -0.024622980505228043 4.911266326904297 -1.1330201625823975
v 0.05224376171827316 4.469160556793213 -1.0152826309204102
v 0.7425679564476013 4.415612697601318 -0.46156781911849976
v 0.6658266186714172 5.288856506347656 -1.3190866708755493
v 0.6128560900688171 5.615852355957031 -0.4815295934677124
v 0.33748751878738403 4.420416355133057 -0.5614957809448242
v 0.5649999976158142 5.052971363067627 -1.3315082788467407
v 0.7266702055931091 5.160537242889404 -0.11187270283699036
v 1.123685598373413 5.22373104095459 -0.21121497452259064
v 0.7093311548233032 5.877320289611816 -0.8171132802963257
v 0.6971051692962646 5.881416320800781 -0.8157188892364502
v -0.15066777169704437 5.130221843719482 -0.9255609512329102
v 0.8059419393539429 5.08915376663208 -1.2102935314178467
v -0.09895270317792892 4.734547138214111 -0.739302933216095
v 1.1367580890655518 4.986180782318115 -0.41083380579948425
v -0.038290753960609436 5.161126136779785 -0.7082768082618713
v 0.4315503239631653 4.731776714324951 -1.3853428363800049
v 0.11442716419696808 5.410276412963867 -1.3373738527297974
v 0.12815968692302704 4.6862263679504395 -1.0766695737838745
v 1.0405000448226929 5.004871845245361 -0.2182186394929886
v 0.8486507534980774 4.98549222946167 -1.212587594985962
v -0.16488641500473022 5.3434906005859375 -1.2289785146713257
v 0.2911219000816345 4.37251091003418 -0.2860161364078522
v 1.3789769411087036 5.000283241271973 -0.07213526219129562
v -0.15232309699058533 4.552529335021973 -0.908941924571991
v 0.039003726094961166 5.6810173988342285 -1.5224955081939697
v 0.6845537424087524 4.58440637588501 -0.2326294481754303
v 0.4819687604904175 5.365302085876465 -1.3755520582199097
v 1.1183844804763794 5.161060333251953 -0.8156870007514954
v 0.518771231174469 4.380171775817871 -1.231571912765503
v 1.312466025352478 5.293844699859619 -0.26206573843955994
v 0.33013981580734253 5.637569904327393 -1.0255892276763916
v 0.40925148129463196 5.682899475097656 -0.6136717200279236
v 0.5148518681526184 4.383069038391113 -1.2412667274475098
v 0.9564110040664673 5.0739006996154785 -0.17105823755264282
v 0.34495100378990173 4.470241069793701 -0.8825428485870361
v 0.3613382577896118 4.370830535888672 -1.059499979019165
v 0.949509859085083 5.247609615325928 -0.23961949348449707
v 0.743827760219574 5.6598381996154785 -0.5635102987289429
v 0.9582772850990295 5.507871150970459 -0.7582181692123413
v 0.07226212322711945 5.285791397094727 -0.6130315065383911
v 0.9826995134353638 5.08504056930542 -1.0957578420639038
v 0.21796688437461853 4.48823356628418 -1.266250491142273
v 1.2220897674560547 4.898679256439209 -0.6794423460960388
v -0.09825035184621811 5.338312149047852 -0.8738754987716675
v 0.3610825538635254 4.549839496612549 -0.23461316525936127
v 1.132564902305603 4.996587753295898 -0.40570610761642456
v 1.2306638956069946 5.299269199371338 -0.34336137771606445
v 0.9959999918937683 5.274500846862793 -1.1055004596710205
v 0.5456778407096863 4.337968349456787 -0.3464030921459198
v 0.8766328692436218 4.669465065002441 -0.2295340746641159
v 0.6941701173782349 5.617976188659668 -1.0502195358276367
v -0.18646182119846344 5.1446733474731445 -1.0563855171203613
v 0.08110669255256653 5.160390853881836 -1.5387227535247803
v 0.7196155786514282 5.78249979019165 -0.8072081804275513
v 1.3542577028274536 4.9537787437438965 -0.07237883657217026
v 0.7753695845603943 5.908796310424805 -0.7293914556503296
v 0.956773579120636 5.521907806396484 -0.6832296252250671
v -0.07720612734556198 5.064675331115723 -0.8029276132583618
v 0.551437497138977 5.47609806060791 -0.3846930265426636
v -0.14293622970581055 5.37852668762207 -1.5135385990142822
v 0.35262519121170044 4.5981245040893555 -0.2539997696876526
v 1.0686107873916626 4.7054443359375 -0.40933293104171753
v 0.5514219403266907 5.4760894775390625 -0.3846976161003113
v 0.8673097491264343 4.95346736907959 -0.11532601714134216
v -0.1230255737900734 4.4902262687683105 -0.7207739949226379
v 0.5049150586128235 4.7168965339660645 -1.3635942935943604
v -0.07634227722883224 5.068130970001221 -0.7990402579307556
v 0.6059737801551819 4.5514092445373535 -0.2274090200662613
v 0.02106442116200924 4.484086990356445 -0.6967390179634094
v 0.7925336360931396 4.916046619415283 -1.3129032850265503
v 0.7934033274650574 5.1336989402771 -0.14140161871910095
v 0.9636155962944031 5.08415412902832 -0.1754615604877472
v 0.20243073999881744 4.389290809631348 -0.3978011906147003
v 0.8638445734977722 5.566115856170654 -0.9744628071784973
v 0.563448429107666 5.149448394775391 -1.3720593452453613
v 1.027205467224121 4.982559680938721 -0.22583985328674316
v 0.951706051826477 5.19368314743042 -1.1141488552093506
v 1.1595630645751953 4.898681163787842 -0.43584442138671875
v 0.3081185519695282 4.677339553833008 -0.2784581780433655
v -0.07019367069005966 5.098657608032227 -0.7654728889465332
v 1.3721611499786377 5.13593053817749 0.06432496756315231
v 0.014716871082782745 5.1904144287109375 -0.6575774550437927
v 0.2489767223596573 4.375268936157227 -0.5566931366920471
v 0.640069842338562 5.7876176834106445 -0.6960986852645874
v 0.9993870854377747 5.206984996795654 -1.0811777114868164
v 1.2765001058578491 5.057100772857666 -0.09495148062705994
v 0.26440751552581787 5.109337329864502 -1.5068953037261963
v 0.9495313763618469 4.940319061279297 -0.16644008457660675
v 0.9558533430099487 5.37005615234375 -0.904627799987793
v 1.1679999828338623 4.787191390991211 -0.7251060605049133
v 0.2525431513786316 4.7485480308532715 -0.30750173330307007
v -0.1068914532661438 4.871969699859619 -0.7642586827278137
v 0.6002994179725647 4.871767044067383 -0.12134991586208344
v 0.7461174130439758 5.60654354095459 -0.9970798492431641
v 0.8827240467071533 5.109438896179199 -0.1893923133611679
v 0.1737804114818573 4.697451114654541 -1.1180731058120728
v 0.060606881976127625 5.175205707550049 -0.6598775386810303
v 0.7466081380844116 5.811313152313232 -0.6564279198646545
v 0.7972462773323059 5.103288650512695 -1.2161990404129028
v 1.4140256643295288 5.06049108505249 -0.06582319736480713
v 0.9362978339195251 5.336583137512207 -0.3184303045272827
v 0.7432050108909607 5.418010234832764 -1.2221317291259766
v 1.1861909627914429 4.846602916717529 -0.6946029663085938
v -0.07581967860460281 5.070437431335449 -0.7964902520179749
v 0.44678473472595215 4.457071781158447 -0.7740016579627991
v 1.3405709266662598 5.28151798248291 -0.2243400365114212
v 0.04048532620072365 4.9027509689331055 -1.2304803133010864
v 1.0540215969085693 4.999459743499756 -0.2561236321926117
v -0.08194439858198166 5.956378936767578 -1.4160979986190796
v 0.10618530958890915 4.61899995803833 -0.5666177868843079
v 0.228543221950531 5.1657819747924805 -0.32315218448638916
v 0.993994951248169 5.294013500213623 -1.1165099143981934
v 1.088476538658142 5.202125072479248 -0.23101568222045898
v 0.06226472184062004 4.769999980926514 -0.4763321280479431
v 0.29572442173957825 5.444791793823242 -1.323708176612854
v 0.9565765261650085 5.520194053649902 -0.6993806958198547
v 0.5353018045425415 5.61947774887085 -0.5028601884841919
v 0.5444827079772949 4.705804347991943 -1.348307490348816
v 0.8278234601020813 5.855821132659912 -0.7866765260696411
v 0.7421805262565613 5.932796001434326 -0.7644999623298645
v 0.2729126513004303 4.509068965911865 -0.6326218247413635
v 0.011594025418162346 4.762037754058838 -0.5313620567321777
v 0.9811242818832397 5.202305793762207 -0.23724211752414703
v -0.1417875438928604 5.374505996704102 -1.5131077766418457
v 0.6436040997505188 4.560925006866455 -0.2323657125234604
v 0.483735591173172 4.284206867218018 -0.4331384301185608
v 0.49084925651550293 4.280550003051758 -0.4787715971469879
v 1.0506844520568848 4.546359539031982 -0.749383807182312
v -0.11700920015573502 4.854536533355713 -0.8278574347496033
v 0.027773335576057434 5.643710613250732 -1.5298633575439453
v 0.6231708526611328 4.27686882019043 -0.7853557467460632
v -0.05200660601258278 4.803467750549316 -0.9657920598983765
v 1.1143214702606201 5.034857273101807 -0.3828500509262085
v 0.29988187551498413 5.243276596069336 -1.4348210096359253
v 0.42741909623146057 4.732502460479736 -1.386515736579895
v 1.1014999151229858 4.637246608734131 -0.7255195379257202
v 0.9341289401054382 5.096775054931641 -0.2237527221441269
v 0.7305594086647034 5.759520530700684 -0.8332789540290833
v 0.8593920469284058 4.9184770584106445 -1.2271136045455933
v 0.7547367811203003 5.925572395324707 -0.7664934992790222
v 1.1310502290725708 5.073968410491943 -0.9219340682029724
v 1.0465941429138184 5.041800498962402 -0.22261174023151398
v 0.49212291836738586 4.349303245544434 -0.5532623529434204
v 0.46759870648384094 4.378670692443848 -1.0919280052185059
v 0.01062320638448 5.315124988555908 -1.5603760480880737
v 0.25198549032211304 4.5126471519470215 -0.6564481854438782
v 1.0284651517868042 5.348263740539551 -0.2582867741584778
v 0.32576730847358704 4.401487350463867 -1.0457454919815063
v 0.19105218350887299 4.460202217102051 -0.9054045081138611
v 0.8960529565811157 4.906789779663086 -0.13852640986442566
v 0.16860629618167877 4.560680866241455 -1.2164431810379028
v 0.14029555022716522 4.445522785186768 -0.7552728652954102
v 0.6356760263442993 4.2706618309021 -0.7483451962471008
v 0.23375727236270905 4.438784599304199 -1.1178299188613892
v 0.3837714195251465 5.646388530731201 -0.9709514379501343
v 0.5646527409553528 4.549137115478516 -0.21321380138397217
v 0.7144403457641602 5.610327243804932 -1.050318956375122
v -0.08137231320142746 5.046255111694336 -0.8614892959594727
v 0.248565211892128 4.513500213623047 -0.6610506176948547
v 0.9175394177436829 5.542153358459473 -0.9064605832099915
v 0.2161303609609604 4.798778057098389 -0.3471865653991699
v 0.5049074292182922 5.511687755584717 -1.2820311784744263
v 0.730459988117218 5.781550884246826 -0.7979381680488586
v 1.0031753778457642 4.652245998382568 -0.34742939472198486
v -0.015897681936621666 4.7548627853393555 -0.5693088173866272
v 0.5322179794311523 5.742359161376953 -0.6384166479110718
v -0.08371146768331528 5.351375579833984 -0.8444229960441589
v 0.06197492033243179 5.325989246368408 -1.5180250406265259
v 0.1563582569360733 5.04686975479126 -0.36807936429977417
v 0.3284584879875183 4.465539455413818 -0.8970414996147156
v 0.9403706192970276 5.3657379150390625 -0.9166387915611267
v 0.1580183207988739 4.991383075714111 -0.37004220485687256
v 0.3661794662475586 4.932112216949463 -0.19430455565452576
v 0.17078572511672974 5.261077404022217 -0.5373095273971558
v 0.6359582543373108 4.863852024078369 -0.12088172882795334
v 0.4057254195213318 4.4829325675964355 -0.756088137626648
v 0.14127445220947266 4.987880229949951 -0.37917256355285645
v 0.7324672937393188 4.269383907318115 -0.9532648921012878
v 1.2320054769515991 4.761002540588379 -0.13699059188365936
v 0.4505000114440918 5.5221452713012695 -0.4060268998146057
v -0.05601070821285248 4.748229026794434 -0.6369069218635559
v 0.7403547167778015 5.238899230957031 -1.2554134130477905
v 0.6146654486656189 4.405357360839844 -0.6698194742202759
v 0.3394725024700165 5.64188289642334 -1.0152921676635742
v 1.2701787948608398 5.384169578552246 -0.06882122159004211
v 0.189311221241951 4.571471691131592 -0.459877610206604
v 1.1520411968231201 4.9216532707214355 -0.3613167405128479
v 0.8830458521842957 5.406094551086426 -0.40681079030036926
v 0.44691771268844604 4.848517894744873 -1.3640179634094238
v 0.9505782723426819 5.5269999504089355 -0.6653173565864563
v 1.105458378791809 4.651416778564453 -0.6508949995040894
v 0.31881311535835266 4.39047384262085 -1.0612435340881348
v 0.6603944897651672 4.973034381866455 -1.3756781816482544
v -0.07904968410730362 5.051375865936279 -0.8510107398033142
v 0.33351245522499084 5.251836776733398 -1.4358322620391846
v 0.7481775879859924 5.611693859100342 -0.9923416376113892
v 0.0017618965357542038 4.578946590423584 -1.0498046875
v 0.4438279867172241 5.548723220825195 -0.4669112265110016
v 0.9683826565742493 5.323418617248535 -1.1349186897277832
v 0.9971827864646912 5.229538440704346 -1.0883461236953735
v 0.8220343589782715 4.662686347961426 -1.1809117794036865
v 0.49263933300971985 4.3989081382751465 -1.1610032320022583
v 0.6185118556022644 5.810670852661133 -0.8063538670539856
v 0.18187670409679413 4.584664344787598 -0.4710479974746704
v 0.29715824127197266 4.461269855499268 -0.9334172606468201
v 1.0503184795379639 5.054569244384766 -0.2255232334136963
v 1.1173019409179688 5.173718452453613 -0.4201243221759796
v 1.0634063482284546 5.003779411315918 -0.2666095197200775
v 0.37153953313827515 5.690409183502197 -0.7916185259819031
v -0.10836931318044662 4.835049152374268 -0.8782163262367249
v -0.15120108425617218 5.42313289642334 -1.5118043422698975
v 0.38590550422668457 5.474678993225098 -1.28900945186615
v 0.17302116751670837 4.698666095733643 -1.1162508726119995
v 0.6794223785400391 4.300848007202148 -0.9306522607803345
v 0.47129368782043457 4.841413974761963 -1.358426570892334
v 1.1548113822937012 4.8621134757995605 -0.4469622075557709
v 0.5137395858764648 4.714690208435059 -1.3602851629257202
v 0.29103901982307434 5.297904968261719 -0.31099992990493774
v 0.6464443206787109 5.258083343505859 -1.3278889656066895
v 0.6152606010437012 4.4063005447387695 -0.37534040212631226
v 0.38616707921028137 4.3204498291015625 -0.5845000147819519
v -0.10059165209531784 5.948385715484619 -1.461526870727539
v 0.28885164856910706 5.420131683349609 -0.3423571288585663
v -0.01952575333416462 5.9444708824157715 -1.558321237564087
v -0.1086558923125267 5.231043338775635 -1.482424259185791
v 1.2510530948638916 5.394973278045654 -0.09254862368106842
v 0.05991571396589279 4.627878189086914 -1.059000015258789
v 1.3705146312713623 5.259571075439453 -0.18395186960697174
v 1.1136051416397095 4.716063022613525 -0.022431684657931328
v 0.2703123688697815 5.26039981842041 -0.31759172677993774
v 1.071913242340088 5.096215724945068 -0.976422905921936
v 0.5290585160255432 5.027696132659912 -0.11698822677135468
v 0.6647336483001709 5.17520809173584 -0.1015000119805336
v 0.138835147023201 5.222466945648193 -0.5353077054023743
v 0.11449827998876572 5.374237060546875 -1.4087698459625244
v 0.6920667886734009 4.50933313369751 -1.046899676322937
v -0.13836966454982758 4.550549030303955 -0.9309824109077454
v 1.0781018733978271 5.094549655914307 -0.9709482789039612
v 0.676728367805481 4.962917804718018 -1.371789813041687
v 0.4849969446659088 4.2871623039245605 -0.4103589355945587
v 1.192479133605957 4.764434814453125 0.009499936364591122
v 1.1679999828338623 4.7945122718811035 -0.7199540734291077
v 1.044447660446167 5.103221416473389 -0.9982749819755554
v 0.16890957951545715 4.429295063018799 -0.8559707999229431
v 0.48229992389678955 5.367999076843262 -1.3745003938674927
v 0.35164710879325867 5.256577968597412 -1.4340870380401611
v -0.20714552700519562 5.161865234375 -1.1211931705474854
v 1.0264180898666382 4.797055244445801 -1.009249210357666
v 1.3185317516326904 5.003035068511963 0.07038383185863495
v 0.21444815397262573 4.486217975616455 -1.2599092721939087
v 0.749061644077301 5.782893180847168 -0.7814382910728455
v 0.8904350399971008 5.540010929107666 -0.6736412644386292
v 0.7483790516853333 5.673462867736816 -0.5732884407043457
v 0.653135359287262 4.858762741088867 -0.11569508910179138
v 0.8418958187103271 5.674949645996094 -0.7099658846855164
v 0.7255939841270447 4.682281970977783 -0.17715561389923096
v 0.03767991438508034 4.478893756866455 -0.6997124552726746
v 1.1134999990463257 4.675793647766113 -0.564765989780426
v 0.6843193769454956 5.3129472732543945 -1.3096630573272705
v 0.801003634929657 5.731496334075928 -0.7291978001594543
v 0.7175675630569458 4.720054626464844 -1.2795547246932983
v 0.02522105537354946 4.904119968414307 -1.2093814611434937
v 0.4616031348705292 4.411246299743652 -1.314396858215332
v 0.6462952494621277 5.808734893798828 -0.7656006813049316
v 0.086710624396801 4.462382793426514 -0.7176174521446228
v 1.0285816192626953 4.796478271484375 -1.007951021194458
v 0.6047613620758057 4.297533988952637 -0.7166932225227356
v 0.4528249204158783 4.467837333679199 -0.8249642252922058
v 0.15762872993946075 4.836248397827148 -0.3899344801902771
v -0.0993349552154541 4.497398376464844 -0.7115806341171265
v 0.14588844776153564 5.449820041656494 -0.538043200969696
v 0.30959007143974304 4.442046642303467 -1.0148166418075562
v -0.11217992007732391 5.382972717285156 -1.1964441537857056
v -0.06616786122322083 4.747499942779541 -0.6581692099571228
v 0.782599925994873 5.831531524658203 -0.6659789085388184
v 1.1268054246902466 4.734590530395508 -0.7898550629615784
v 0.6076571941375732 5.351794719696045 -0.23059609532356262
v 0.18325725197792053 4.582823753356934 -0.4693912863731384
v 1.0167791843414307 4.636312007904053 -0.29862990975379944
v 1.019469141960144 4.669460296630859 -0.12707053124904633
v 0.13741162419319153 5.162729263305664 -0.5711943507194519
v 0.9572887420654297 5.53355073928833 -0.8624653220176697
v 0.06986711174249649 5.016326904296875 -0.3718670904636383
v 1.1016759872436523 4.645514011383057 -0.6824020147323608
v 0.663508951663971 4.259389877319336 -0.6972703337669373
v 0.0013572711031883955 5.902907848358154 -1.366469144821167
v 0.7937330007553101 5.762693405151367 -0.7378523945808411
v 0.047839924693107605 5.471041679382324 -1.2492324113845825
v 0.4761998653411865 5.414000034332275 -0.3011001646518707
v 0.5918000340461731 4.681678295135498 -1.3184391260147095
v 0.7494072914123535 4.41094970703125 -0.4684073328971863
v 0.7482380270957947 5.930283546447754 -0.7664118409156799
v 0.371133416891098 5.690770149230957 -0.7904003262519836
v 1.0763219594955444 5.095028877258301 -0.9725229740142822
v -0.05577290803194046 5.370102405548096 -0.7852275967597961
v -0.1293974667787552 4.549527645111084 -0.9436538219451904
v 1.0564260482788086 5.110590934753418 -0.23557382822036743
v -0.06484575569629669 4.803319454193115 -0.9502745866775513
v 0.9252963662147522 4.809744834899902 -1.1458185911178589
v 0.7998350858688354 5.843376159667969 -0.6854923367500305
v 0.8555572628974915 5.639438629150391 -0.8670572638511658
v 1.1002739667892456 4.640451908111572 -0.7115126848220825
v 1.1738344430923462 5.2154622077941895 -0.6547830104827881
v 0.573645293712616 4.4209699630737305 -0.600615382194519
v 0.14481592178344727 5.1621479988098145 -0.5604241490364075
v 0.8849440813064575 5.554837703704834 -0.9461542963981628
v 1.4056388139724731 5.0432257652282715 -0.06646532565355301
v 0.0026978240348398685 5.897680759429932 -1.3646891117095947
v 0.7474226951599121 5.782604217529297 -0.7830772399902344
v -0.0009121718467213213 4.758397102355957 -0.5483424067497253
v 0.15889661014080048 5.247107028961182 -0.5390793085098267
v 0.6965030431747437 4.4991302490234375 -1.039357304573059
v 0.4984247088432312 5.723599433898926 -0.621416449546814
v -0.22739554941654205 5.288261890411377 -1.3105543851852417
v 0.7935826182365417 5.760653018951416 -0.7646695375442505
v -0.05876293033361435 4.522032737731934 -1.016935110092163
v 0.6683521866798401 4.303056716918945 -0.9286817908287048
v 1.051451325416565 4.54508113861084 -0.7419711351394653
v 0.44839102029800415 5.653665542602539 -0.5610539317131042
v 1.0198394060134888 4.672300815582275 -0.34143438935279846
v 0.9649290442466736 5.085905075073242 -0.17616219818592072
v 0.9446500539779663 5.535190582275391 -0.8765561580657959
v 1.167734980583191 4.804096698760986 -0.7132590413093567
v 0.45490992069244385 5.475942611694336 -0.35002443194389343
v 0.3388461470603943 5.253336429595947 -1.4353878498077393
v 0.19823883473873138 4.389500141143799 -0.4079682230949402
v 0.45522260665893555 4.412923336029053 -1.0554890632629395
v 0.4137565791606903 5.122442722320557 -1.4804571866989136
v 0.04131095111370087 4.978682994842529 -0.5018354058265686
v 0.2479228675365448 4.755162715911865 -0.3119736313819885
v 0.39125120639801025 5.706139087677002 -0.8547243475914001
v 0.8791526556015015 5.110724925994873 -0.18696382641792297
v 0.8025087714195251 5.845381736755371 -0.6896701455116272
v 0.8681772351264954 4.634878158569336 -0.2562832236289978
v 1.2682126760482788 5.301337242126465 -0.3095998167991638
v 1.2116888761520386 4.929302215576172 -0.1134999468922615
v 0.3573826849460602 4.501006126403809 -0.6823580265045166
v 0.09674958884716034 4.453291893005371 -1.0044418573379517
v 0.7739201188087463 5.154749870300293 -1.2293598651885986
v 0.45228341221809387 4.904179096221924 -0.1346035748720169
v 0.6713032126426697 4.435817718505859 -0.41162794828414917
v 0.7780588269233704 4.686537742614746 -1.2253446578979492
v 0.7289077043533325 5.605799674987793 -1.0510509014129639
v 1.0269436836242676 4.812157154083252 -0.25573042035102844
v 0.8244006633758545 5.1272687911987305 -0.15396945178508759
v 0.8841547966003418 5.142477035522461 -1.140546202659607
v 1.103029727935791 5.299246311187744 -0.6464405655860901
v 1.4112660884857178 5.204103946685791 -0.12037546932697296
v -0.11245979368686676 5.795146465301514 -1.4308102130889893
v 1.1564364433288574 4.9288434982299805 -0.4314236044883728
v 0.6870347261428833 5.7972211837768555 -0.8082324266433716
v -0.09436147660017014 4.708695411682129 -0.8353034853935242
v 0.8261494040489197 5.834595680236816 -0.7833985686302185
v 0.49682435393333435 5.675044059753418 -0.9743683338165283
v 0.12442412227392197 4.427714824676514 -0.8771076202392578
v -0.2059755176305771 5.258490562438965 -1.1184848546981812
v 0.17399761080741882 4.5432233810424805 -1.2254953384399414
v 0.9528471827507019 5.344254970550537 -0.34310224652290344
v 0.9653788805007935 5.3249921798706055 -1.1364920139312744
v 0.8106287121772766 5.734414100646973 -0.7995544672012329
v 0.4380602538585663 5.292899131774902 -1.4123892784118652
v 0.794608473777771 5.133366584777832 -0.14198343455791473
v 0.5241825580596924 4.427304744720459 -0.6880385875701904
v 0.9267598986625671 4.610622406005859 -0.32927045226097107
v 0.8296976685523987 5.3609185218811035 -1.228965163230896
v -0.17187923192977905 5.524072647094727 -1.3857862949371338
v -0.15167205035686493 5.623263359069824 -1.405655860900879
v 0.9477978944778442 4.440104007720947 -0.5526449680328369
v -0.04744071513414383 4.803407669067383 -0.9711408019065857
v 0.8654777407646179 4.885108470916748 -0.12630409002304077
v -0.16308411955833435 5.530482292175293 -1.3891327381134033
v 0.019934404641389847 5.1883649826049805 -0.6594408750534058
v -0.15778882801532745 5.34916877746582 -1.2229455709457397
v 0.444017618894577 5.496451377868652 -1.2849451303482056
v 0.8215033411979675 5.580832481384277 -1.012330174446106
v -0.14696170389652252 5.659758567810059 -1.4115478992462158
v 0.738333523273468 4.71722936630249 -0.15374986827373505
v -0.07949649542570114 4.506138324737549 -0.6702552437782288
v 1.261083722114563 4.777389049530029 -0.09863311052322388
v 0.2207494080066681 4.44598388671875 -1.1325174570083618
v 0.07866760343313217 5.339669227600098 -0.691499650478363
v 0.17628632485866547 4.913581371307373 -1.348542332649231
v 0.5477867722511292 5.750364303588867 -0.64692223072052
v -0.06715179234743118 5.107174873352051 -0.7572598457336426
v 1.3624262809753418 5.116867542266846 0.07103440165519714
v 0.7610709071159363 5.1828227043151855 -1.2351878881454468
v 0.4846957325935364 4.476789951324463 -1.0102462768554688
v -0.09992440789937973 4.537967205047607 -0.9835755825042725
v 0.4063846468925476 4.435032844543457 -1.3507952690124512
v 1.3769216537475586 4.99736213684082 -0.07245973497629166
v 0.8576922416687012 4.259819507598877 -0.8878136873245239
v 0.9587110877037048 4.762301921844482 -0.23233267664909363
v 0.6584574580192566 4.858171463012695 -0.11244267225265503
v 0.018067512661218643 5.561622619628906 -1.5299662351608276
v 0.0281521063297987 4.766526699066162 -0.5093210339546204
v 0.03299272060394287 5.53134822845459 -1.2832974195480347
v -0.07726576179265976 5.064436912536621 -0.8031959533691406
v -0.010951132513582706 5.943829536437988 -1.5516278743743896
v 0.7711407542228699 5.908939361572266 -0.741258442401886
v 1.0039681196212769 5.3213629722595215 -1.0277009010314941
v 0.379082590341568 4.348034381866455 -0.25999996066093445
v 0.04860517010092735 5.469923496246338 -1.2479373216629028
v -0.09827664494514465 4.735223293304443 -0.7364859580993652
v 0.2111743986606598 4.8032121658325195 -0.3510991930961609
v 0.10080969333648682 5.455504417419434 -1.2788716554641724
v 1.2328367233276367 5.299520015716553 -0.34152284264564514
v 0.7185877561569214 5.4070634841918945 -1.2479121685028076
v 0.7506588101387024 5.857473373413086 -0.6701838374137878
v 1.083941102027893 4.7284393310546875 -0.42494115233421326
v 0.08258992433547974 5.424248218536377 -0.6456403732299805
v -0.011438209563493729 4.5030927658081055 -0.6500315070152283
v 0.615003228187561 5.191738605499268 -1.3421560525894165
v 0.10825332999229431 4.767645835876465 -0.44672781229019165
v 0.5485094785690308 4.704403400421143 -1.346495270729065
v 1.2192730903625488 4.89285135269165 -0.6814478635787964
v -0.0007911249995231628 4.519063472747803 -0.6436547040939331
v 0.723499596118927 5.161269187927246 -0.11101915687322617
v 0.33488738536834717 5.252237796783447 -1.4357177019119263
v 1.4079649448394775 5.047005653381348 -0.06588379293680191
v 0.13163825869560242 4.432271480560303 -0.8793857097625732
v 0.9510245323181152 5.172758102416992 -1.108220100402832
v 1.0664006471633911 4.702286720275879 -0.406965047121048
v -0.08933762460947037 4.742119312286377 -0.7049036622047424
v 0.6053174138069153 5.353496551513672 -0.2318723499774933
v 0.5354426503181458 4.708215236663818 -1.3522249460220337
v 0.2655562162399292 5.2527899742126465 -0.3182258605957031
v 0.7607864737510681 5.913438320159912 -0.6821854114532471
v 0.020134717226028442 5.527614116668701 -1.5291826725006104
v 1.0039938688278198 4.96921968460083 -0.20451413094997406
v 0.45056918263435364 5.515323162078857 -0.394976943731308
v 0.7182486653327942 5.4067487716674805 -1.2484397888183594
v 1.0657048225402832 5.282040596008301 -0.47465214133262634
v 0.02864755503833294 5.941006183624268 -1.509704828262329
v 1.0704829692840576 4.8031721115112305 -0.21981018781661987
v 0.6786838173866272 5.4814229011535645 -0.36609402298927307
v -0.19593803584575653 5.3214497566223145 -1.2570840120315552
v 0.9488597512245178 5.012668132781982 -1.1209673881530762
v 1.0480403900146484 4.549459457397461 -0.7751356363296509
v 0.6221820712089539 5.640903949737549 -1.0500320196151733
v 0.21230213344097137 4.802203178405762 -0.3502088785171509
v 0.7386963963508606 5.9280314445495605 -0.7044869065284729
v 1.047716736793518 4.924880504608154 -0.23758406937122345
v 0.7622790336608887 5.41943883895874 -1.2050378322601318
v 0.6925873160362244 5.590519428253174 -0.4898033142089844
v 0.8152961730957031 4.91349983215332 -1.2837527990341187
v 0.37848690152168274 5.109963417053223 -1.4796829223632812
v 0.17731063067913055 5.127016544342041 -1.532139778137207
v 0.15454234182834625 4.440083026885986 -0.7741536498069763
v 0.42149877548217773 5.279351234436035 -1.419740915298462
v 0.8964048624038696 5.396393299102783 -1.1022869348526
v 0.795267641544342 5.907937049865723 -0.7226765155792236
v -0.15422658622264862 4.552745342254639 -0.7601984739303589
v 0.08504367619752884 5.426571846008301 -0.6395982503890991
v 0.6311958432197571 5.825992107391357 -0.7958041429519653
v 0.23335272073745728 4.92521333694458 -1.3924821615219116
v 0.039890240877866745 4.571525573730469 -0.6144745945930481
v 0.09534014016389847 4.768787384033203 -0.45361724495887756
v 0.19653566181659698 4.461525917053223 -0.9080516695976257
v 1.1832834482192993 4.758855819702148 0.007356652058660984
v 1.103695273399353 4.6484270095825195 -0.6650970578193665
v -0.18179744482040405 5.331101894378662 -1.2436473369598389
v 1.1102262735366821 4.769602298736572 -0.4452883005142212
v 1.0475000143051147 4.879426002502441 -0.2494879961013794
v 0.5458112955093384 4.443953514099121 -1.1395478248596191
v 1.1579536199569702 4.86948823928833 -0.13697665929794312
v -0.19998587667942047 5.1549859046936035 -1.0997612476348877
v 0.2878090441226959 5.421058177947998 -0.3431100845336914
v 0.25474298000335693 4.427493095397949 -1.0971041917800903
v 1.0151314735412598 4.667840480804443 -0.13324791193008423
v 0.45075616240501404 5.689340114593506 -0.9384262561798096
v 0.9415136575698853 4.4495320320129395 -0.5397246479988098
v 0.8475644588470459 4.265255451202393 -0.8954823017120361
v -0.12157957255840302 5.860238552093506 -1.4541590213775635
v 0.6943539381027222 5.866274356842041 -0.7375662922859192
v 0.008637489750981331 5.500691890716553 -0.8923836946487427
v 0.5526784062385559 4.410426139831543 -0.5850101113319397
v 0.9947188496589661 5.140563011169434 -0.20003154873847961
v 0.13436870276927948 5.446218490600586 -0.5576945543289185
v 0.7036961913108826 5.865956783294678 -0.7095416784286499
v -0.11027798801660538 5.234963417053223 -1.4833704233169556
v 1.0228571891784668 4.801469326019287 -0.25644901394844055
v 0.34448978304862976 4.618020057678223 -0.26142939925193787
v 0.3857628405094147 4.492618560791016 -0.7243791818618774
v -0.08116963505744934 5.956333637237549 -1.4150041341781616
v 0.9626248478889465 5.503399848937988 -0.7857244610786438
v 1.0690340995788574 4.802253246307373 -0.22146587073802948
v 0.7097793817520142 5.1648664474487305 -0.1073412224650383
v 0.508028507232666 4.418270587921143 -1.134251594543457
v 0.7817819118499756 5.418560981750488 -1.187157154083252
v -0.12176647782325745 4.546422004699707 -0.9551580548286438
v -0.15237872302532196 5.6080169677734375 -1.403863787651062
v 0.8021333813667297 5.089290142059326 -1.2104299068450928
v 0.7440302968025208 4.635530471801758 -0.22182293236255646
v 0.7452028393745422 5.418511867523193 -1.2203091382980347
v 0.4266223609447479 5.062446594238281 -0.17439894378185272
v -0.11468452960252762 5.013828754425049 -0.8513288497924805
v 0.02511134184896946 5.233255386352539 -0.6994352340698242
v 0.953528881072998 5.21990442276001 -1.120586633682251
v 0.6360840797424316 5.787097930908203 -0.6941924095153809
v 0.7673124670982361 5.739978790283203 -0.6602701544761658
v -0.1123027428984642 4.532325267791748 -0.7021499872207642
v 0.06483307480812073 4.902484893798828 -1.258325457572937
v -0.052638690918684006 5.140040874481201 -0.725640594959259
v 0.9169851541519165 4.9586310386657715 -1.159255862236023
v 1.2723006010055542 5.102396488189697 -0.07850081473588943
v 0.7288509607315063 4.692194938659668 -0.17001430690288544
v 1.0405000448226929 5.006312370300293 -0.21829065680503845
v 0.953624427318573 4.415999889373779 -0.6327530741691589
v 0.7434382438659668 5.590618133544922 -1.0173205137252808
v 0.7737169861793518 4.2990851402282715 -0.5847519040107727
v 0.9778310060501099 4.553718566894531 -0.49011266231536865
v 0.22927260398864746 5.168509006500244 -0.4090684652328491
v 0.9124913215637207 4.731402397155762 -0.2168225347995758
v 0.20956501364707947 5.009463310241699 -0.33662912249565125
v 0.6911091208457947 5.477169036865234 -0.36561694741249084
v 0.7660753130912781 5.78343391418457 -0.7593210339546204
v 0.16763539612293243 5.256089210510254 -0.5394096970558167
v -0.0936317890882492 4.707089900970459 -0.8395357131958008
v 0.26944801211357117 5.43701171875 -0.3591325581073761
v 0.8385593891143799 5.575390815734863 -0.9979769587516785
v 0.4917771816253662 4.281668663024902 -0.5077880024909973
v 0.7465918064117432 5.923300743103027 -0.6931555867195129
v 0.43331363797187805 5.688057899475098 -0.9225437641143799
v -0.00922499317675829 5.198546409606934 -0.6792632341384888
v 0.44398176670074463 4.729669094085693 -1.381838321685791
v -0.002095156582072377 5.168773651123047 -0.6947619915008545
v 1.0415364503860474 5.3517303466796875 -0.253782719373703
v 0.17031575739383698 5.159154891967773 -0.5265295505523682
v 0.6017541885375977 4.334391117095947 -0.7092710137367249
v 0.1336948722600937 4.689280033111572 -1.0789599418640137
v 0.01715240254998207 5.763523578643799 -1.3094571828842163
v 0.008441251702606678 4.484852313995361 -0.6944438815116882
v 0.02199997939169407 5.399437427520752 -1.5488996505737305
v 0.642089307308197 5.249917507171631 -1.3289777040481567
v -0.027572404593229294 5.414730072021484 -1.1929124593734741
v 0.5819723010063171 5.041646480560303 -1.3864364624023438
v -0.020113281905651093 5.09513521194458 -0.6980503797531128
v 1.1374390125274658 4.984546184539795 -0.411582887172699
v 0.06065214425325394 5.019193172454834 -0.3646014630794525
v 0.015437225811183453 4.5423479080200195 -0.6327680349349976
v 0.6395028829574585 4.3057942390441895 -0.9176486134529114
v 0.6959128975868225 4.5002570152282715 -1.0405911207199097
v 0.828730046749115 5.578664302825928 -1.0061606168746948
v 1.400514006614685 5.034818172454834 -0.06773194670677185
v 1.0990110635757446 4.7068562507629395 -0.03268999606370926
v 0.748467206954956 5.612417697906494 -0.9916754961013794
v 1.165744423866272 5.201828479766846 -0.7003504037857056
v 0.8858023285865784 5.5444159507751465 -0.5773360133171082
v 1.2221412658691406 5.01181697845459 -0.6328768134117126
v 0.09267162531614304 4.903847694396973 -1.281476378440857
v 1.1829832792282104 4.950491428375244 -0.4565471112728119
v 0.5681034326553345 5.762254238128662 -0.6592734456062317
v 0.5217940807342529 5.029311656951904 -0.1199340969324112
v 0.7785933613777161 5.90696907043457 -0.6855889558792114
v -0.11646523326635361 5.013383865356445 -0.8508837223052979
v 0.1300840675830841 5.16325569152832 -0.582076370716095
v 1.0123251676559448 4.7664337158203125 -0.24177715182304382
v 0.722398042678833 5.60634183883667 -1.0502372980117798
v 1.2901474237442017 4.916935443878174 0.0379783920943737
v 0.8725297451019287 5.403694152832031 -1.1190822124481201
v 1.1926116943359375 5.292799472808838 -0.3680157959461212
v 0.11342093348503113 5.404604434967041 -1.3473255634307861
v 0.14160247147083282 5.162519931793213 -0.5655366778373718
v -0.0033861498814076185 4.568416595458984 -1.0476917028427124
v 0.6683533191680908 5.2918572425842285 -1.3178231716156006
v 0.3610045313835144 4.550464153289795 -0.23482131958007812
v 0.924765944480896 4.810380935668945 -1.1427427530288696
v 0.8565106391906738 4.878196716308594 -0.1230035275220871
v 1.2931318283081055 5.29910945892334 -0.2850462794303894
v 1.0635875463485718 5.340702056884766 -0.7455346584320068
v 0.2999979555606842 5.288761138916016 -0.31973662972450256
v 1.0284911394119263 5.35940408706665 -0.8189191222190857
v 1.0425430536270142 4.973569393157959 -0.22108614444732666
v 0.9151650071144104 5.53795862197876 -0.6127270460128784
v 1.1726093292236328 5.211479663848877 -0.6642787456512451
v 0.5953739285469055 4.790563106536865 -1.332312822341919
v 0.30185309052467346 4.505626678466797 -0.6067535281181335
v 0.7801175117492676 5.8522725105285645 -0.8009341359138489
v 1.0737861394882202 5.127678394317627 -0.30346494913101196
v 0.6806297302246094 5.596113681793213 -0.4876788258552551
v 0.31994402408599854 5.394345760345459 -0.32756543159484863
v 0.9504960179328918 4.50911808013916 -0.5068464279174805
v 0.7790470719337463 5.751461505889893 -0.740217924118042
v 0.6136780977249146 4.388583183288574 -0.6879507303237915
v 1.0984718799591064 5.370986461639404 -0.22701595723628998
v 0.9371677041053772 5.0231709480285645 -1.0855365991592407
v 0.46369513869285583 4.410449504852295 -1.3123048543930054
v 0.763036847114563 4.258825778961182 -0.6159965991973877
v 0.1938055157661438 4.46150016784668 -1.2248873710632324
v 0.9524701237678528 5.5269999504089355 -0.6712633371353149
v 0.05567440763115883 4.97797966003418 -0.46970242261886597
v 0.7824404835700989 5.136768341064453 -1.224753737449646
v 0.11354472488164902 5.3912763595581055 -1.3740369081497192
v 0.14891588687896729 5.450536727905273 -0.5328392386436462
v 1.0782912969589233 4.719686508178711 -0.419291228055954
v 0.7343565821647644 5.342098236083984 -1.2775204181671143
v 0.5105573534965515 4.827853679656982 -1.3511178493499756
v 0.5739550590515137 4.4455647468566895 -0.9305168390274048
v 0.18221139907836914 4.997403621673584 -0.35716840624809265
v 1.052457332611084 5.303553581237793 -0.46847862005233765
v 0.015485081821680069 5.733052730560303 -1.3013807535171509
v 0.8549281358718872 5.654512882232666 -0.8617820739746094
v 0.5978034734725952 5.646787643432617 -1.0462121963500977
v 0.759454071521759 5.66495943069458 -0.948813796043396
v -0.07852593809366226 5.052685260772705 -0.8482612371444702
v 0.852712869644165 4.874873638153076 -0.12173765152692795
v 0.6460485458374023 5.257341384887695 -1.327987790107727
v 0.0366264209151268 5.18977689743042 -1.5606807470321655
v 0.8960403800010681 5.549384117126465 -0.9306516647338867
v 0.19164778292179108 5.4576263427734375 -0.4628414213657379
v 0.7651013135910034 5.859875679016113 -0.6778609156608582
v 0.5649999976158142 5.046504497528076 -1.3333559036254883
v 1.1874076128005981 4.995534896850586 -0.783884584903717
v 0.16753123700618744 4.430468559265137 -0.8745781779289246
v 1.0096534490585327 4.776111125946045 -0.2617386281490326
v 0.9442841410636902 5.530266284942627 -0.6532929539680481
v 0.1445767879486084 4.443945407867432 -0.7611313462257385
v 1.4256125688552856 5.168062210083008 -0.09358736872673035
v 1.1766912937164307 5.400669097900391 -0.16656246781349182
v 0.6047372221946716 5.48305082321167 -0.37429559230804443
v 0.18252268433570862 4.914226531982422 -1.3528432846069336
v 0.22413590550422668 4.428033828735352 -0.4305485785007477
v 0.06085119768977165 4.977370738983154 -0.46087148785591125
v -0.020324187353253365 4.754033088684082 -0.5762252807617188
v 0.5122889876365662 4.479781150817871 -0.9791015982627869
v 1.1721032857894897 5.209835052490234 -0.6682002544403076
v 1.1601749658584595 4.871181011199951 -0.1358131617307663
v 0.8177811503410339 4.874680519104004 -0.10612720251083374
v 0.31766924262046814 4.498849868774414 -0.5941122174263
v 0.6407521367073059 4.425560474395752 -0.3933691084384918
v -0.17960922420024872 5.252729892730713 -1.0902223587036133
v 1.1728768348693848 5.025991916656494 -0.8177957534790039
v 0.11304912716150284 4.619435787200928 -0.5585152506828308
v 0.9880164265632629 5.124386310577393 -0.1932237297296524
v 1.0925276279449463 5.102838516235352 -0.34529930353164673
v 0.05173423886299133 4.90175199508667 -1.244356632232666
v 0.035901475697755814 4.767894268035889 -0.5002041459083557
v 1.1024004220962524 5.214206695556641 -0.2222435623407364
v 1.2084776163101196 5.399881839752197 -0.13514035940170288
v 0.925930917263031 4.815168380737305 -1.0899747610092163
v 0.12796463072299957 5.028818607330322 -0.381681352853775
v 0.5991687774658203 4.3152594566345215 -0.7138030529022217
v 0.8284769654273987 5.85788631439209 -0.7461130619049072
v 0.7292367815971375 4.693416118621826 -0.16911423206329346
v -0.10019491612911224 5.214376926422119 -1.4763572216033936
v 0.013928436674177647 4.905142784118652 -1.1939283609390259
v 0.8612741231918335 4.944623947143555 -0.11299324035644531
v 0.9615169167518616 4.629207611083984 -0.25355052947998047
v 0.14461946487426758 4.909552097320557 -1.3246642351150513
v 0.07558979839086533 4.642608642578125 -1.0599626302719116
v 0.9541837573051453 4.416022777557373 -0.6298801302909851
v 0.4023789167404175 4.734318733215332 -1.3915824890136719
v 0.768006443977356 5.770432472229004 -0.7087226510047913
v 0.11442242562770844 5.384775638580322 -1.3892155885696411
v 1.263107419013977 5.0080461502075195 -0.10911337286233902
v 0.19353793561458588 4.4600605964660645 -1.1935298442840576
v 0.0771864503622055 5.461968898773193 -1.208470344543457
v -0.09503915905952454 4.738700866699219 -0.7214750647544861
v 0.5716570615768433 4.368165969848633 -0.35371020436286926
v 0.3580121397972107 5.466736316680908 -1.2986559867858887
v -0.16147713363170624 5.132266521453857 -0.9652537107467651
v 0.7535162568092346 5.599751949310303 -1.0492520332336426
v 0.9596914649009705 4.809918403625488 -1.0551879405975342
v 0.03310761973261833 4.767401218414307 -0.5034911036491394
v 0.7540626525878906 5.800966739654541 -0.6579327583312988
v 0.40984633564949036 5.7064080238342285 -0.8849174380302429
v 0.961675763130188 4.809504985809326 -1.0541131496429443
v 0.7345000505447388 5.755499839782715 -0.8440625071525574
v 0.04977089539170265 4.582286357879639 -0.6064217686653137
v 0.06803148239850998 4.597416400909424 -0.593119204044342
v 0.11441323906183243 5.410185813903809 -1.3375409841537476
v -0.09024355560541153 5.199578762054443 -1.4677436351776123
v 0.48328325152397156 5.714325428009033 -0.6142772436141968
v 1.0553100109100342 5.07181978225708 -0.22930991649627686
v 0.6596335172653198 4.754810333251953 -1.301008701324463
v -0.14223957061767578 5.297638416290283 -0.9572228193283081
v 0.26367050409317017 4.369368553161621 -0.5698547959327698
v 0.7315459847450256 5.931363582611084 -0.7165447473526001
v 0.45592302083969116 5.472092628479004 -0.34637701511383057
v 0.1459280103445053 4.695436954498291 -1.0892252922058105
v 0.46955931186676025 4.3198981285095215 -0.5349788069725037
v 0.5030825734138489 4.389218330383301 -1.261975646018982
v 0.2946544885635376 4.358853816986084 -0.5854079127311707
v 0.05468321964144707 4.475658416748047 -0.704953134059906
v 0.2180691808462143 4.386982440948486 -0.5113339424133301
v 0.2638219892978668 5.238075256347656 -0.31893834471702576
v 0.39319247007369995 4.439323425292969 -1.35648775100708
v -0.06146359071135521 5.123865604400635 -0.7403417825698853
v 0.9429653286933899 4.811854362487793 -1.0669713020324707
v 0.4672601819038391 4.460585594177246 -0.8467438817024231
v 0.6840617060661316 5.830179214477539 -0.8195636868476868
v 0.7281966805458069 4.425723552703857 -0.44992050528526306
v 1.076286792755127 5.127053260803223 -0.3082580864429474
v 1.215198040008545 4.9349164962768555 -0.1134999468922615
v -0.15925036370754242 5.268936634063721 -1.0214401483535767
v 0.9327242374420166 5.008647918701172 -1.089426040649414
v 0.8487069010734558 5.66227388381958 -0.7063344717025757
v 1.0481162071228027 4.549383640289307 -0.7744535207748413
v 0.11047092080116272 5.435024261474609 -1.3007572889328003
v 1.0274945497512817 4.7791337966918945 -0.25495627522468567
v 0.08317849040031433 4.649580001831055 -1.0608972311019897
v 1.1137815713882446 5.0359368324279785 -0.382094144821167
v 0.15874816477298737 5.161864757537842 -0.5439808964729309
v 0.3102807104587555 4.354321479797363 -0.5868775248527527
v 0.845211386680603 4.975628852844238 -1.1825515031814575
v 0.18908202648162842 5.084157466888428 -0.3478488326072693
v -0.10093022882938385 4.4971208572387695 -0.7124823927879333
v 1.1996009349822998 5.294089317321777 -0.3637959063053131
v 0.20629297196865082 4.453725814819336 -1.1526497602462769
v 1.0551995038986206 5.071230411529541 -0.22919952869415283
v 1.2024519443511963 5.222023963928223 -0.15881605446338654
v 1.0036113262176514 4.801726341247559 -1.0249204635620117
v 0.2247001677751541 5.155564785003662 -0.3249284625053406
v 0.7920993566513062 5.417590141296387 -1.1782654523849487
v 1.0462969541549683 4.943678379058838 -0.2306879460811615
v 0.4550318419933319 5.676607608795166 -0.8954141139984131
v 0.02974364347755909 5.242428302764893 -0.6451788544654846
v -0.02206062525510788 4.51310396194458 -1.0249584913253784
v 1.1742347478866577 5.022111892700195 -0.810867190361023
v -0.09950911998748779 4.723063945770264 -0.7812447547912598
v 0.5971491932868958 4.409196376800537 -0.9162114262580872
v 0.948319137096405 4.420819282531738 -0.7265156507492065
v 0.7515974044799805 4.292914390563965 -0.9426829218864441
v 0.0867781862616539 5.157721996307373 -1.5380555391311646
v -0.1618579477071762 5.263055801391602 -1.0400056838989258
v 1.1679164171218872 4.799920082092285 -0.7161641716957092
v 0.007424725219607353 5.492319107055664 -0.8797439932823181
v 0.7560441493988037 5.696405410766602 -0.5931785106658936
v 0.9183903336524963 4.610355854034424 -0.3284917175769806
v 0.4923418462276459 4.2804999351501465 -0.4837171733379364
v 0.8204612135887146 5.413401126861572 -1.1537715196609497
v 1.0813783407211304 5.363755226135254 -0.23679541051387787
v 1.1965559720993042 4.953444004058838 -0.5177689790725708
v 0.7576122879981995 5.677826881408691 -0.9366359114646912
v 0.6071583032608032 4.871194839477539 -0.12220732122659683
v 0.016092168167233467 5.7535271644592285 -1.3065789937973022
v 0.07875553518533707 5.013716697692871 -0.37917032837867737
v 0.6309513449668884 4.995123863220215 -1.3797123432159424
v 1.1806447505950928 4.94932222366333 -0.44906356930732727
v 0.16968341171741486 5.059304237365723 -0.3600899875164032
v 0.9518207311630249 5.5269999504089355 -0.6692222952842712
v 0.5784177780151367 5.114628791809082 -1.33637535572052
v -0.12549622356891632 4.547855377197266 -0.949505627155304
v 0.2330992966890335 4.439080715179443 -1.1185208559036255
v 0.9552475214004517 4.517841815948486 -0.5045396089553833
v 1.02719247341156 4.561730861663818 -0.8589609861373901
v 0.6324694156646729 5.78662633895874 -0.6924636960029602
v 0.22709724307060242 4.383833885192871 -0.5284953117370605
v 0.19381996989250183 4.46150016784668 -1.225378155708313
v 1.0681623220443726 4.657055854797363 -0.2504328191280365
v 1.2689584493637085 5.150120258331299 -0.09105220437049866
v 0.7239876389503479 4.6775360107421875 -0.18059782683849335
v 0.44217148423194885 5.693048477172852 -0.9301593899726868
v 0.5139501690864563 4.433303356170654 -0.6953283548355103
v 1.0840988159179688 4.811999320983887 -0.2032012790441513
v 0.2115345150232315 4.388000011444092 -0.4952241778373718
v 1.2330162525177002 5.2995405197143555 -0.3413708508014679
v 0.5681936144828796 5.762310028076172 -0.6593248844146729
v 0.0283543448895216 5.940927982330322 -1.510291337966919
v 0.6614633202552795 5.789743900299072 -0.706487774848938
v 1.0027580261230469 5.340454578399658 -0.26470908522605896
v 1.0330052375793457 4.7327775955200195 -0.2992170453071594
v 1.0434876680374146 5.352639675140381 -0.7893269658088684
v 0.759756326675415 5.921432018280029 -0.7618078589439392
v -0.05346902087330818 4.748620510101318 -0.6316279768943787
v -0.058198586106300354 5.129742622375488 -0.7351176738739014
v -0.15022915601730347 5.1302947998046875 -0.9234408736228943
v 0.12003909796476364 4.451325416564941 -0.9923338294029236
v 0.8535658121109009 5.359499931335449 -1.2099342346191406
v 0.7595347762107849 5.647003650665283 -0.963290810585022
v 0.4448208808898926 5.545992374420166 -0.4602091908454895
v 1.2157968282699585 5.02930212020874 -0.6238902807235718
v 0.48762065172195435 5.510032653808594 -1.2825000286102295
v 0.7682467699050903 5.783188343048096 -0.7517664432525635
v 1.2325851917266846 5.299490928649902 -0.3417356014251709
v -0.10106886923313141 5.942781448364258 -1.4914488792419434
v 0.5694085359573364 5.654587745666504 -1.0379122495651245
v 0.9958918690681458 4.803380489349365 -1.0304343700408936
v -0.13683106005191803 5.697882652282715 -1.416875958442688
v 1.1706650257110596 4.776504993438721 -0.7341064810752869
v 1.222014307975769 5.012430667877197 -0.6325382590293884
v 0.21933144330978394 4.468400001525879 -0.4241656959056854
v 0.5919910073280334 4.548643112182617 -0.2230682224035263
v 0.8935471177101135 4.7114434242248535 -0.21710063517093658
v -0.07526974380016327 5.357797622680664 -0.8275394439697266
v 0.6042577624320984 5.645546913146973 -1.0474534034729004
v 0.7332308888435364 5.0112128257751465 -1.2615762948989868
v 1.011151909828186 4.569424152374268 -0.8897720575332642
v 0.4602598249912262 5.316299915313721 -1.3967602252960205
v 0.7758558392524719 5.568971633911133 -0.4767937958240509
v 0.7484567165374756 5.612391471862793 -0.9916996955871582
v 1.249383807182312 4.984472751617432 -0.11420533806085587
v 0.48431235551834106 4.285937309265137 -0.4188151955604553
v 0.04542787745594978 5.269797325134277 -0.6994999647140503
v 0.8336947560310364 5.853626251220703 -0.7931684255599976
v -0.07026219367980957 4.971286296844482 -0.9932464361190796
v 1.4241758584976196 5.093717098236084 -0.06962187588214874
v 0.9493934512138367 4.4163007736206055 -0.656635046005249
v 0.5890929102897644 5.03260612487793 -1.3848347663879395
v 1.0433917045593262 4.96508264541626 -0.22278346121311188
v 0.9614545702934265 4.418613433837891 -0.6025459170341492
v 0.00933799147605896 5.948711395263672 -1.4235492944717407
v 0.5088042616844177 4.828510761260986 -1.35133695602417
v 0.5900956988334656 4.422943592071533 -0.6181517839431763
v 0.9650699496269226 5.325153827667236 -1.1366539001464844
v 1.054422378540039 5.136568069458008 -0.2474130094051361
v 1.1402781009674072 4.822730541229248 -0.4553253948688507
v 0.00769659923389554 5.489962577819824 -0.8776595592498779
v 1.0030207633972168 4.765147686004639 -0.263713002204895
v 1.1182477474212646 5.221277236938477 -0.21341796219348907
v 0.272964209318161 5.250542163848877 -0.3197695314884186
v 0.11452265828847885 5.38372802734375 -1.391543984413147
v 0.7998432517051697 5.361938953399658 -1.248706340789795
v 0.46666428446769714 4.433868885040283 -1.0470036268234253
v 0.3063427805900574 4.446376323699951 -1.0094046592712402
v 0.48706910014152527 4.292707443237305 -0.3505040109157562
v 0.44786837697029114 4.4699296951293945 -0.816780686378479
v 1.2835614681243896 5.371208190917969 -0.05665178969502449
v 0.8816408514976501 4.605144500732422 -0.30867502093315125
v 0.20539149641990662 4.3890790939331055 -0.39103367924690247
v 0.07517080008983612 5.408878803253174 -0.6798890829086304
v 0.9851093292236328 5.119194984436035 -0.19156241416931152
v 0.4435915946960449 4.471663475036621 -0.8100404143333435
v 0.011043388396501541 5.864826202392578 -1.3506336212158203
v 0.9530497193336487 4.588967323303223 -0.948143720626831
v 0.9887872934341431 5.338523864746094 -1.037767767906189
v 0.9291120767593384 5.538811683654785 -0.8937466740608215
v -0.22263860702514648 5.178793907165527 -1.1575965881347656
v -0.12849482893943787 5.2919793128967285 -1.4959948062896729
v 0.9025343656539917 4.941091060638428 -1.1794201135635376
v 0.36873146891593933 5.6930742263793945 -0.7597484588623047
v -0.19104993343353271 5.2541823387146 -1.1059606075286865
v 0.1130218654870987 5.426678657531738 -1.311875820159912
v 0.09516783058643341 4.661167621612549 -1.0640088319778442
v 1.2027417421340942 4.867363452911377 -0.6893781423568726
v 0.624660313129425 4.554209232330322 -0.2316209226846695
v -0.16097350418567657 5.264647960662842 -1.0338146686553955
v 0.14105398952960968 5.03427267074585 -0.3762274384498596
v 1.1019076108932495 5.222437381744385 -0.4638445973396301
v 0.19121071696281433 4.915186405181885 -1.3588848114013672
v 0.03160690516233444 5.560792446136475 -1.294858455657959
v 1.0716856718063354 5.183372974395752 -0.2399698942899704
v 0.8263345956802368 5.723471164703369 -0.8152602314949036
v 0.11423670500516891 4.619605541229248 -0.5571581125259399
v 0.8441274166107178 4.91843318939209 -0.10740271210670471
v 0.954500675201416 4.430999279022217 -0.5680015087127686
v 1.078301191329956 5.26285457611084 -0.47768542170524597
v 1.0623233318328857 5.288592338562012 -0.4731726050376892
v 0.012929319404065609 4.988632678985596 -0.5726649761199951
v 1.0552350282669067 5.1222381591796875 -0.23835405707359314
v 0.8133013844490051 4.867140769958496 -0.10703793913125992
v -0.22937732934951782 5.271085262298584 -1.326905608177185
v 1.2334702014923096 4.929929256439209 -0.6708730459213257
v -0.060013845562934875 5.408437252044678 -1.1878738403320312
v 0.8150145411491394 4.665949821472168 -1.1842783689498901
v 0.24093519151210785 5.112508296966553 -1.511389136314392
v 0.3236825466156006 4.412492275238037 -1.040503978729248
v 0.7524321675300598 5.599616527557373 -1.0491164922714233
v 0.9084256887435913 4.947443962097168 -1.1717779636383057
v 0.2976634204387665 4.370940685272217 -0.2836611270904541
v 1.0462548732757568 4.944077968597412 -0.230519637465477
v 0.09379586577415466 4.614709377288818 -0.5772543549537659
v 0.6126012802124023 5.808100700378418 -0.8101990818977356
v 0.5551029443740845 4.700507640838623 -1.343198537826538
v 0.3239262104034424 4.409811973571777 -1.0418440103530884
v 0.42241135239601135 4.732641220092773 -1.3874894380569458
v 0.7878470420837402 5.280778884887695 -0.17171858251094818
v 0.7980650067329407 5.10092306137085 -1.215198278427124
v 1.1805424690246582 5.401054382324219 -0.16328886151313782
v 0.22498662769794464 5.1563215255737305 -0.32472386956214905
v 0.3684045374393463 4.49979829788208 -0.6957069039344788
v -0.07343093305826187 4.747048854827881 -0.6726855039596558
v 0.384062260389328 4.493468761444092 -0.7214638590812683
v 0.5710760354995728 4.693110466003418 -1.3347628116607666
v -0.15863367915153503 4.553125858306885 -0.8967248797416687
v 0.5020999312400818 4.893270969390869 -0.11695163697004318
v 0.7727512717247009 4.7962751388549805 -0.12081743031740189
v 1.0329095125198364 4.732275009155273 -0.2998153269290924
v 0.7373965382575989 5.6386895179748535 -0.5512692928314209
v -0.1613086760044098 5.532968044281006 -1.3905531167984009
v 0.04114634543657303 5.180477619171143 -0.666702389717102
v 1.125294804573059 4.737234115600586 -0.8030235171318054
v 0.9898648262023926 5.305193901062012 -1.1229910850524902
v 0.4665881097316742 4.28894567489624 -0.548357367515564
v 0.5148804783821106 4.306209564208984 -0.296930193901062
v 0.8224195837974548 4.276193618774414 -0.908991813659668
v 0.36468416452407837 4.449081897735596 -1.3614766597747803
v 0.9477578997612 4.420258045196533 -0.7172560691833496
v 0.6152874231338501 5.615433216094971 -0.48161330819129944
v 0.36872828006744385 5.693086624145508 -0.7596626281738281
v 0.27401214838027954 5.604888916015625 -1.080346703529358
v 1.1487385034561157 4.697116374969482 -0.22200414538383484
v 1.1861109733581543 5.291331768035889 -0.37179034948349
v 1.0306886434555054 4.713817596435547 -0.31893420219421387
v 0.39657920598983765 5.685806751251221 -0.6438911557197571
v 0.32315903902053833 4.461381435394287 -1.3567107915878296
v 0.5338689684867859 4.708634853363037 -1.3529068231582642
v -0.02788020670413971 4.492311000823975 -0.6912704110145569
v 0.9681019186973572 5.090669631958008 -0.17833496630191803
v 0.49612346291542053 5.6752190589904785 -0.9738425612449646
v 0.4927408993244171 4.2808518409729 -0.4999992251396179
v 0.6532090306282043 4.263702392578125 -0.7150377035140991
v 0.0492500364780426 5.177987098693848 -0.6664474010467529
v 0.19608710706233978 5.121971130371094 -1.5260297060012817
v 0.28067779541015625 4.477297306060791 -0.956652820110321
v 0.8550665378570557 5.650601387023926 -0.8630993962287903
v 0.07874657213687897 5.0137200355529785 -0.3791644275188446
v 0.008197973482310772 5.50810432434082 -0.9342517256736755
v 0.09841490536928177 5.165999889373779 -0.6299630999565125
v 0.7355596423149109 4.710641384124756 -0.1579105108976364
v 0.7430527210235596 5.594472885131836 -1.0130800008773804
v 0.6993334889411926 4.29162073135376 -0.936265230178833
v 0.274470716714859 4.473538875579834 -1.3396440744400024
v 0.7865996360778809 4.681889057159424 -1.2132782936096191
v 0.28535470366477966 4.470066547393799 -1.3449273109436035
v 0.8039069771766663 4.915029525756836 -1.2987412214279175
v 0.7340177893638611 4.710991382598877 -1.2714893817901611
v 0.49300676584243774 4.834536075592041 -1.3539605140686035
v 0.2853572964668274 4.474976062774658 -0.963881254196167
v 0.17541499435901642 4.627420425415039 -1.1810529232025146
v 0.009467260912060738 4.990327835083008 -0.5808932185173035
v 0.16716380417346954 4.456946849822998 -0.758769690990448
v 0.11416603624820709 5.42192268371582 -1.3196587562561035
v 0.15409134328365326 4.990570545196533 -0.3720734715461731
v 0.5770807862281799 4.473543643951416 -1.1434224843978882
v 0.6124960780143738 5.783979415893555 -0.6806778907775879
v 0.2911405861377716 5.615509033203125 -1.0641518831253052
v -0.132114976644516 5.320444583892822 -1.5024349689483643
v 1.1204217672348022 5.222177028656006 -0.21245832741260529
v 0.263263076543808 5.235550403594971 -1.430530309677124
v 1.1773583889007568 5.016211986541748 -0.8039257526397705
v -0.013100418262183666 5.0068769454956055 -0.6359772086143494
v -0.02010246552526951 4.5127058029174805 -1.0248528718948364
v 1.1085987091064453 5.045102119445801 -0.37539833784103394
v 1.0616176128387451 4.696082592010498 -0.40237653255462646
v 0.7263673543930054 5.412682056427002 -1.2401326894760132
v 0.8773728013038635 5.575779914855957 -0.6808983087539673
v 1.0208497047424316 4.676174163818359 -0.3397502601146698
v 0.8461191654205322 4.921847343444824 -0.10811402648687363
v -0.11717136204242706 5.379027843475342 -1.198923110961914
v 0.5911080241203308 5.174472808837891 -1.356162190437317
v 1.2484445571899414 4.769093990325928 -0.10898061841726303
v 0.6820908784866333 4.252491474151611 -0.6709133982658386
v 0.4725242257118225 4.406487941741943 -1.303196668624878
v 0.5218285918235779 4.377500057220459 -1.182788610458374
v 0.9455742835998535 4.500504970550537 -0.5102301239967346
v 1.043492317199707 4.8572235107421875 -0.2541307508945465
v 0.02605823427438736 4.904075622558594 -1.2105271816253662
v -0.16333569586277008 4.553500175476074 -0.8833268880844116
v 0.14842651784420013 5.039572238922119 -0.37252122163772583
v 0.9823950529098511 4.652947425842285 -0.18335138261318207
v 0.908991813659668 5.544787883758545 -0.9159742593765259
v 0.48508012294769287 5.634637832641602 -0.5309923887252808
v 0.13655540347099304 4.839321613311768 -0.4042661488056183
v 0.33844390511512756 5.641449928283691 -1.0163748264312744
v 0.8858416080474854 4.237439155578613 -0.8361459374427795
v 0.637884795665741 5.609914779663086 -0.48154276609420776
v -0.15652810037136078 5.550854682922363 -1.3959625959396362
v 1.1853156089782715 4.9516401290893555 -0.46394726634025574
v 0.22057367861270905 4.489545822143555 -1.2711288928985596
v 0.03586554527282715 5.254086971282959 -0.6994999647140503
v -0.21804842352867126 5.2598490715026855 -1.1240774393081665
v -0.1159990057349205 5.769566059112549 -1.426062822341919
v 0.15004946291446686 4.441880226135254 -0.7684626579284668
v 0.9349996447563171 5.5329999923706055 -0.640499472618103
v 0.8905000686645508 4.2286376953125 -0.7819399237632751
v 0.3739358186721802 4.9288129806518555 -0.18656423687934875
v 0.7170368432998657 4.656789302825928 -0.19558703899383545
v 0.5275891423225403 5.739936351776123 -0.635566234588623
v -0.056705355644226074 5.132430553436279 -0.7327286005020142
v 0.03727506846189499 5.9428253173828125 -1.4835985898971558
v -0.14044173061847687 4.548550128936768 -0.7386500835418701
v 0.04852968081831932 5.27467155456543 -0.6996268033981323
v 1.272825837135315 5.036289215087891 -0.10184848308563232
v 1.0102416276931763 4.594005107879639 -0.47411078214645386
v 0.321189820766449 5.105500221252441 -1.4902029037475586
v 1.1520471572875977 5.060127258300781 -0.8914057612419128
v 0.4332900941371918 4.382478713989258 -1.0694514513015747
v -0.11392876505851746 5.326637268066406 -0.8987586498260498
v 0.2888585329055786 4.373054027557373 -0.286830872297287
v 0.46757781505584717 4.3786702156066895 -1.0919079780578613
v -0.1521325558423996 4.552326679229736 -0.755591630935669
v 0.6142304539680481 4.392073631286621 -0.684274435043335
v 0.48409634828567505 4.2852888107299805 -0.4237838685512543
v 0.0005231295363046229 5.906125068664551 -1.3675416707992554
v 0.3027219772338867 5.293247699737549 -0.3179739713668823
v 1.0540918111801147 5.066343784332275 -0.22829590737819672
v -0.2296149879693985 5.281497478485107 -1.3183101415634155
v 0.3541468679904938 5.465493679046631 -1.3001744747161865
v 1.4224473237991333 5.177852630615234 -0.10010553151369095
v 0.32782718539237976 5.105500221252441 -1.4882760047912598
v 0.1948436051607132 4.389406204223633 -0.4187818467617035
v 0.6017584800720215 5.35608434677124 -0.23381353914737701
v 0.9879847168922424 5.308455467224121 -1.1248362064361572
v 0.33663269877433777 4.473101615905762 -0.5736865401268005
v 0.09136789292097092 4.460247993469238 -0.7197520136833191
v 0.3105493485927582 4.946132183074951 -0.22826449573040009
v 0.9614580869674683 4.418604850769043 -0.602580726146698
v 0.765323281288147 4.693115711212158 -1.2433475255966187
v 0.031929079443216324 5.574492454528809 -1.2978582382202148
v -0.10723011195659637 4.871673583984375 -0.7654016017913818
v 0.5649999976158142 5.04135799407959 -1.3348263502120972
v 1.140490174293518 4.823124408721924 -0.45535576343536377
v 0.4845782518386841 4.286604404449463 -0.413847953081131
v 0.7337402701377869 5.756259918212891 -0.8418782949447632
v 0.8199583292007446 5.8151021003723145 -0.7769014835357666
v 0.7435438632965088 5.0310540199279785 -1.2509628534317017
v 0.7708616256713867 5.909280300140381 -0.7418476939201355
v 0.8362717032432556 5.856113910675049 -0.7702439427375793
v 0.38482534885406494 4.468010902404785 -0.8433809876441956
v 1.2539875507354736 5.180526256561279 -0.10550551861524582
v 0.018790090456604958 5.599876403808594 -1.5293951034545898
v 0.6061068177223206 4.359557151794434 -0.7017862200737
v 0.32376596331596375 4.411574363708496 -1.040962815284729
v -0.08220352977514267 5.956394195556641 -1.416463851928711
v 0.20752070844173431 5.11904764175415 -1.5218528509140015
v 1.0298411846160889 4.818925857543945 -0.2550487518310547
v 1.2725342512130737 5.3011884689331055 -0.30602338910102844
v 0.25029313564300537 5.448577404022217 -0.38002151250839233
v 0.7477294206619263 4.2540178298950195 -0.614026665687561
v 1.3943439722061157 5.024292469024658 -0.06918376684188843
v 0.6644988059997559 4.571199417114258 -0.23180004954338074
v 0.590874195098877 4.420751094818115 -0.9202505946159363
v 0.775992751121521 5.064993381500244 -1.2300037145614624
v 0.5725224614143372 5.653595447540283 -1.039147138595581
v 0.8503384590148926 5.121040344238281 -0.1667112112045288
v 0.7954099774360657 5.760876655578613 -0.7472802996635437
v 0.8894235491752625 4.2332305908203125 -0.8174207210540771
v 0.9406171441078186 4.998195171356201 -1.1283828020095825
v 0.485289990901947 4.287553310394287 -0.4079163670539856
v 0.8255370259284973 5.01870584487915 -1.1855971813201904
v 0.7260806560516357 4.274564743041992 -0.9487484693527222
v 0.3027128577232361 5.2932329177856445 -0.3179799020290375
v -0.14749659597873688 5.130249500274658 -0.9089807271957397
v 0.7578810453414917 5.847212314605713 -0.6737820506095886
v 0.8342815637588501 5.410876274108887 -1.1439241170883179
v 0.2947347164154053 5.414933681488037 -0.3384387493133545
v 0.030602378770709038 5.651066303253174 -1.5284488201141357
v 0.21406567096710205 4.449863433837891 -1.1407625675201416
v 0.2831767499446869 5.283504486083984 -0.3135216236114502
v 0.04153096675872803 5.693367958068848 -1.5195930004119873
v 0.019526667892932892 4.595902919769287 -1.0562337636947632
v 0.3368733823299408 4.457836627960205 -1.3589421510696411
v 0.7362850904464722 5.416123390197754 -1.22842276096344
v 1.0264294147491455 4.562303066253662 -0.8613455295562744
v 1.0076227188110352 4.592789173126221 -0.4752330780029297
v 1.0211056470870972 4.677155017852783 -0.3393239974975586
v 0.528349757194519 4.4475178718566895 -0.9173585772514343
v 0.025679536163806915 5.635457992553711 -1.5297399759292603
v 0.5713301301002502 4.367870330810547 -0.35357004404067993
v 0.8583389520645142 5.118497848510742 -0.17150360345840454
v 0.9866469502449036 5.330574035644531 -0.26749879121780396
v 0.6069215536117554 4.38369607925415 -0.9085783958435059
v 0.4769322872161865 5.042141914367676 -0.14364075660705566
v -0.18637703359127045 5.32781457901001 -1.2480807304382324
v 0.36950773000717163 4.329155445098877 -0.5845000147819519
v 0.17027975618839264 4.429779529571533 -0.8355236053466797
v -0.1479695588350296 5.455682277679443 -1.5015604496002197
v 0.8265511989593506 5.105151176452637 -1.1943740844726562
v 0.30596697330474854 5.3309006690979 -0.3086332380771637
v 1.1898789405822754 5.401268005371094 -0.15438874065876007
v 0.4053129255771637 4.296967029571533 -0.5677054524421692
v 0.5625107884407043 5.021152496337891 -0.11175788193941116
v 0.6454548835754395 4.42786169052124 -0.3964698314666748
v 0.5261101126670837 4.478865623474121 -0.964048445224762
v 0.9215614199638367 4.813938617706299 -1.1200324296951294
v 0.6944213509559631 5.589264392852783 -0.49009281396865845
v 0.9757149815559387 4.582356929779053 -0.9259994029998779
v 0.173687145113945 4.468474388122559 -0.744037926197052
v 0.11005629599094391 5.358035087585449 -1.4341411590576172
v -0.007502409163862467 4.908147811889648 -1.1616727113723755
v 0.10674713551998138 5.168367862701416 -0.5183724164962769
v 0.7960339188575745 5.840525150299072 -0.6795530319213867
v 0.39900273084640503 5.075748920440674 -0.19658103585243225
v 0.9092267751693726 5.148846626281738 -1.1236366033554077
v 0.19613178074359894 4.461428165435791 -0.9078567028045654
v -0.135260671377182 5.342564105987549 -1.5076649188995361
v 0.483181893825531 4.453818321228027 -0.8683637380599976
v -0.11008293926715851 4.837820529937744 -0.8718946576118469
v 0.7815971970558167 5.418570041656494 -1.1873326301574707
v 0.6884939074516296 5.217999458312988 -1.2870078086853027
v 0.8681213855743408 5.134983062744141 -1.1547752618789673
v -0.10834471881389618 5.230291366577148 -1.4822427034378052
v 0.3086126744747162 5.449375152587891 -1.3198000192642212
v 0.49124404788017273 4.2804999351501465 -0.48026710748672485
v 0.5845351219177246 5.482182025909424 -0.37755659222602844
v 0.08418634533882141 5.425912857055664 -0.641444742679596
v 0.43690985441207886 5.6959147453308105 -0.9240179061889648
v 0.9061087369918823 4.914331436157227 -0.14355437457561493
v 0.8789687752723694 5.569129943847656 -0.6790363788604736
v 0.4236619770526886 4.911133766174316 -0.1481408178806305
v -0.10601583123207092 5.015995979309082 -0.8534960746765137
v 0.3640972375869751 5.1077880859375 -1.4802122116088867
v 0.6275608539581299 4.3039231300354 -0.9055375456809998
v 0.5444414615631104 5.129441261291504 -1.3835325241088867
v 0.5962417125701904 5.358548641204834 -0.23798395693302155
v 1.426722764968872 5.112564563751221 -0.07400252670049667
v 1.057366132736206 5.0841522216796875 -0.2309107780456543
v 1.0243946313858032 4.805642604827881 -0.2562292814254761
v 0.8654393553733826 5.405112266540527 -1.1233363151550293
v 0.6584886908531189 5.278482437133789 -1.3225051164627075
v 0.5018978118896484 5.674081802368164 -0.9775611758232117
v -0.1636018604040146 5.25991678237915 -1.0510094165802002
v 0.27190592885017395 5.6035847663879395 -1.082152009010315
v 1.0381921529769897 5.350987434387207 -0.25502148270606995
v 1.1987488269805908 5.223145961761475 -0.16310514509677887
v 0.13532115519046783 5.162834167480469 -0.5740165114402771
v 0.4908411204814911 4.280552864074707 -0.478732168674469
v 0.39368924498558044 4.48843240737915 -0.7372027635574341
v 1.1552752256393433 5.057315826416016 -0.8850404620170593
v 0.0416434220969677 5.696516513824463 -1.519930362701416
v 0.4615914225578308 4.451481819152832 -0.7488964200019836
v 1.1486825942993164 4.841648101806641 -0.45286697149276733
v 0.7443233728408813 5.569951057434082 -0.4880965054035187
v 0.4501386284828186 5.529559135437012 -0.4183118939399719
v 1.170906662940979 5.032855987548828 -0.8318732380867004
v 0.10262828320264816 4.980701923370361 -0.4085738956928253
v 0.857863187789917 5.118683815002441 -0.17119336128234863
v 0.6383306384086609 5.60981559753418 -0.4815922677516937
v 0.06770330667495728 5.310297012329102 -0.6966091990470886
v 0.1989622265100479 4.462115287780762 -0.9091320633888245
v 1.162920594215393 4.707940578460693 -0.21692772209644318
v 0.22358570992946625 4.446338176727295 -0.4261714816093445
v 1.054618000984192 5.068129062652588 -0.228617861866951
v 0.7372971177101135 4.263811111450195 -0.9595808386802673
v 0.11283251643180847 5.396010398864746 -1.3633123636245728
v 0.1528496891260147 4.446640968322754 -0.9350460171699524
v 1.0455198287963867 5.351555824279785 -0.784856379032135
v 1.1358649730682373 4.988337516784668 -0.40983134508132935
v 0.8168193101882935 4.240756511688232 -0.632075846195221
v 0.6048305630683899 4.299265384674072 -0.7163469791412354
v 0.6721555590629578 5.483521461486816 -0.36656028032302856
v -0.050724536180496216 4.497502326965332 -0.6932867169380188
v 0.4972826838493347 4.354902744293213 -0.5570617914199829
v 0.9686201810836792 5.321548938751221 -0.27395087480545044
v 0.94343501329422 5.002891540527344 -1.1255649328231812
v 0.5073754787445068 4.379535675048828 -1.1482421159744263
v 0.8199482560157776 5.128125190734863 -0.15259940922260284
v 0.7027512192726135 5.586943626403809 -0.49031445384025574
v 0.8502658605575562 5.416134834289551 -0.39469441771507263
v 0.9504567980766296 4.589530944824219 -0.9508494138717651
v 1.1906156539916992 5.223823547363281 -0.17056071758270264
v 1.247806191444397 5.190931797027588 -0.10902447253465652
v 0.7389267683029175 5.8081841468811035 -0.667705237865448
v 1.1175342798233032 4.718420505523682 -0.01987770013511181
v 1.0804892778396606 4.782881736755371 -0.9615160822868347
v 0.2143831104040146 4.466001987457275 -0.9136276841163635
v 1.1219974756240845 4.743171215057373 -0.8250131011009216
v 0.506761372089386 5.733405590057373 -0.8745888471603394
v 0.783089280128479 5.418490886688232 -1.1859240531921387
v 0.04062889516353607 4.478433132171631 -0.7006340026855469
v 0.2058628648519516 5.45717191696167 -0.4423264265060425
v 0.7493181228637695 5.715818881988525 -0.896590530872345
v 0.8076902627944946 5.72451639175415 -0.7262411117553711
v 0.7138635516166687 4.721826076507568 -1.281326174736023
v 0.0018616082379594445 5.182685852050781 -0.6950000524520874
v 0.4619079530239105 4.463295936584473 -0.838283896446228
v 0.8215391039848328 4.8813910484313965 -0.1063956692814827
v -0.010122621431946754 4.510399341583252 -1.0235494375228882
v 0.32204124331474304 5.105500221252441 -1.4899557828903198
v 0.8457605838775635 4.97516393661499 -1.1831852197647095
v 0.16247150301933289 5.161798000335693 -0.5401244163513184
v 1.0451327562332153 4.650940895080566 -0.26397034525871277
v 0.37390202283859253 5.690000057220459 -0.799521267414093
v 0.7480543255805969 5.418679714202881 -1.217625379562378
v 1.192962884902954 4.902101039886475 -0.1189042329788208
v 0.4557408094406128 4.4526519775390625 -0.7585986852645874
v 0.6815600395202637 5.309083938598633 -1.311134696006775
v 1.0470991134643555 4.935415744781494 -0.23409400880336761
v 0.04495961591601372 5.811944007873535 -1.552580714225769
v 0.43523818254470825 4.9083356857299805 -0.1419505476951599
v 0.8152796030044556 5.853654861450195 -0.7135898470878601
v 0.9710692763328552 5.370602130889893 -0.8965620994567871
v 0.16656576097011566 4.832762718200684 -0.38370198011398315
v 1.1149570941925049 5.1503705978393555 -0.3862018883228302
v 0.5340399742126465 5.509856224060059 -1.2783735990524292
v -0.12006470561027527 4.537698745727539 -0.7128973603248596
v -0.09938766062259674 5.950539588928223 -1.454882264137268
v 0.9333603978157043 5.365971565246582 -0.9187418818473816
v 0.3154084086418152 4.748327732086182 -1.3386900424957275
v 0.9508498311042786 5.5269999504089355 -0.6661707758903503
v 0.7737389206886292 4.244022369384766 -0.6144253611564636
v 0.9175585508346558 4.959513187408447 -1.1582854986190796
v 0.7408824563026428 5.933185577392578 -0.7644999623298645
v 0.7693206071853638 4.289996147155762 -0.9349880814552307
v 0.4870241582393646 4.292572498321533 -0.3492012619972229
v -0.08402664214372635 5.011686325073242 -0.9281538724899292
v 0.46522414684295654 5.70172119140625 -0.6062902212142944
v -0.1406497061252594 5.685084342956543 -1.415450096130371
v 0.4433535039424896 5.4962053298950195 -1.2849204540252686
v 0.28247448801994324 5.4257493019104 -0.3470652401447296
v -0.08237391710281372 5.1867594718933105 -1.459976315498352
v 1.1933000087738037 4.9537248611450195 -0.49559932947158813
v 0.8372951745986938 5.855403423309326 -0.7750784754753113
v 0.03310954570770264 5.657557964324951 -1.5271613597869873
v 0.2671976685523987 4.729982852935791 -0.2971216142177582
v 0.05833758786320686 5.1760029792785645 -0.6610428094863892
v 0.5569336414337158 4.461749076843262 -0.9399759769439697
v 0.7782152891159058 4.288257122039795 -0.929770827293396
v 0.6208884716033936 5.183656692504883 -0.10415667295455933
v 0.31264528632164 4.4379730224609375 -1.0199087858200073
v 0.0391179583966732 5.187625408172607 -1.5588687658309937
v 0.2020413726568222 4.9168524742126465 -1.3667993545532227
v 0.5905935764312744 4.416758060455322 -0.6425774693489075
v 0.7583437561988831 5.705382823944092 -0.60289067029953
v 0.9954090118408203 5.181705951690674 -0.24126198887825012
v 0.3635413348674774 5.259749889373779 -1.4317500591278076
v 0.9514879584312439 4.416001796722412 -0.6455639004707336
v 0.3103143572807312 4.674368381500244 -0.27768316864967346
v 1.126449704170227 5.010484218597412 -0.3983329236507416
v -0.1693522185087204 5.2559494972229 -1.0695801973342896
v 0.08835987001657486 5.369044780731201 -0.6860876083374023
v 1.035768985748291 5.3290581703186035 -0.45721131563186646
v 0.7207039594650269 4.668112277984619 -0.18764135241508484
v 0.9281283020973206 4.610950946807861 -0.3293251097202301
v 0.0225257258862257 5.4937286376953125 -1.5300514698028564
v 0.3782329559326172 5.263218402862549 -1.428281545639038
v -0.16786906123161316 4.553500175476074 -0.8672776818275452
v 0.7550027370452881 5.1971940994262695 -1.2389986515045166
v 0.36960121989250183 4.930670738220215 -0.1908988058567047
v 0.7134683728218079 4.284023761749268 -0.9416494965553284
v 1.3245348930358887 5.289336681365967 -0.24650938808918
v 0.015400407835841179 5.712493419647217 -1.296298623085022
v 0.015520195476710796 5.710696697235107 -1.295939326286316
v -0.23037715256214142 5.194070339202881 -1.181885838508606
v 0.16762591898441315 4.457805156707764 -0.7575154304504395
v 0.4731244146823883 5.043323516845703 -0.14574167132377625
v 0.5415616035461426 4.706583499908447 -1.3495732545852661
v 1.0060993432998657 5.341795921325684 -0.2640853226184845
v 0.9136483073234558 4.953497409820557 -1.164902925491333
v 0.8335551619529724 4.913703441619873 -1.2568154335021973
v 0.39435678720474243 4.46536922454834 -0.8357741236686707
v 0.6194539666175842 4.286175727844238 -0.7218590974807739
v 0.1098359078168869 5.439111709594727 -0.5962849855422974
v -0.15501631796360016 5.279723644256592 -0.9933050870895386
v 1.3724526166915894 5.257956504821777 -0.18126024305820465
v -0.11226685345172882 4.84250020980835 -0.8615990877151489
v 0.22789768874645233 4.4917168617248535 -1.2845122814178467
v 0.774677038192749 4.247934341430664 -0.6102181077003479
v 0.8274706602096558 5.865176200866699 -0.7864999771118164
v 0.36241596937179565 5.09279203414917 -0.2243129163980484
v 0.925311803817749 5.3112473487854 -0.28096505999565125
v 1.0226762294769287 4.6707072257995605 -0.1226162388920784
v 0.21956834197044373 4.446849822998047 -1.1340134143829346
v 0.7919303178787231 5.1155219078063965 -1.2188043594360352
v 0.7364102602005005 5.8711981773376465 -0.8200000524520874
v 1.0512089729309082 5.3486456871032715 -0.7726184129714966
v 0.3974420726299286 4.342479228973389 -0.25999996066093445
v 0.3935813903808594 4.854388236999512 -1.380751132965088
v 1.3850343227386475 5.243932247161865 -0.16309863328933716
v 1.0388613939285278 5.251926422119141 -1.006638526916504
v 0.431271493434906 4.294948101043701 -0.5574139356613159
v 0.2273835688829422 5.4544548988342285 -0.41139087080955505
v 0.19487152993679047 4.462589740753174 -1.2380363941192627
v 1.2949819564819336 5.29875373840332 -0.2832673192024231
v 0.8836529850959778 5.555532932281494 -0.9479420185089111
v 0.015334402211010456 5.713483810424805 -1.2964967489242554
v -0.08508791029453278 4.531247138977051 -0.9984121322631836
v -0.20198023319244385 5.156980514526367 -1.106990933418274
v 0.043517276644706726 4.978343486785889 -0.4965740740299225
v 0.8614897131919861 4.919112205505371 -1.2250868082046509
v -0.08178475499153137 4.5298566818237305 -1.0013935565948486
v 1.198907494544983 4.9503889083862305 -0.5464941263198853
v 0.7448709607124329 4.293842792510986 -0.9449144601821899
v 0.9935543537139893 5.136681079864502 -0.19809049367904663
v 0.05640365183353424 5.268404006958008 -0.6264973282814026
v 0.7173284292221069 4.657761573791504 -0.1949549913406372
v 0.018915655091404915 5.231415748596191 -0.6532406806945801
v 0.07390173524618149 5.015519618988037 -0.3759017884731293
v 0.7601296901702881 5.7121148109436035 -0.6105668544769287
v 0.6705958843231201 5.484022617340088 -0.36667171120643616
v 1.2333451509475708 4.958400249481201 -0.66157066822052
v 0.8308796882629395 5.693332195281982 -0.7152116298675537
v 0.7982056140899658 5.7755889892578125 -0.690584123134613
v 0.3168625831604004 5.452545166015625 -1.31710946559906
v 1.3442858457565308 5.074357509613037 0.07897622883319855
v 0.462677001953125 4.378612041473389 -1.08751380443573
v 0.6080561876296997 5.187351226806641 -1.3461779356002808
v 0.8492682576179504 5.571743965148926 -0.9881076216697693
v 1.1709226369857788 5.206626892089844 -0.6797736287117004
v 0.00957941822707653 4.585259437561035 -1.0529197454452515
v -0.12021008878946304 5.756031036376953 -1.4244836568832397
v 1.1067891120910645 5.048816680908203 -0.372894287109375
v 1.0111719369888306 4.972409725189209 -0.20956535637378693
v 0.710346519947052 4.635748386383057 -0.20933452248573303
v 0.7264444231987 4.9384026527404785 -1.3565019369125366
v 0.5684083700180054 4.453537940979004 -0.9325968623161316
v 1.05278480052948 5.347857475280762 -0.7692700028419495
v 1.147132158279419 4.838428020477295 -0.45334404706954956
v -0.006500031799077988 5.940537452697754 -1.3788706064224243
v 0.6192702651023865 4.278844833374023 -0.7991487383842468
v 0.778261661529541 5.145383834838867 -1.2269244194030762
v 0.21299122273921967 4.801586627960205 -0.3496648371219635
v 0.08937202394008636 5.0131916999816895 -0.38534876704216003
v 0.9572674036026001 5.520244598388672 -0.6923613548278809
v 1.3992161750793457 5.032604217529297 -0.06803730130195618
v 0.018343016505241394 5.43095064163208 -1.205892562866211
v 1.1405755281448364 5.226943016052246 -0.20324069261550903
v 0.7136979103088379 5.466289520263672 -0.3665420711040497
v 1.2025744915008545 5.294620513916016 -0.36199042201042175
v 0.670640766620636 5.806050777435303 -0.7957923412322998
v 0.7569254040718079 4.765235900878906 -0.13095958530902863
v 1.0280296802520752 4.658114433288574 -0.3754534423351288
v 0.5662737488746643 5.064484596252441 -1.331636905670166
v 0.7817842960357666 4.684500694274902 -1.219930648803711
v 0.4892638921737671 5.698843479156494 -0.87107914686203
v 0.042623501271009445 5.723086357116699 -1.5223642587661743
v 0.7816165685653687 5.784231662750244 -0.7321516871452332
v 0.9081013202667236 4.726754188537598 -0.21630604565143585
v 0.052505336701869965 5.4642229080200195 -1.2413371801376343
v 1.0211749076843262 5.161046028137207 -0.24168573319911957
v 0.7150295376777649 4.6076226234436035 -0.23269759118556976
v 1.0178608894348145 4.669282913208008 -0.3423903286457062
v -0.08794306963682175 5.9546799659729 -1.4274928569793701
v 0.10542858392000198 4.767880916595459 -0.4479047954082489
v 0.06423740088939667 4.977027893066406 -0.45515087246894836
v 0.7352996468544006 5.6304731369018555 -0.5474242568016052
v 0.9536552429199219 4.514902114868164 -0.5052744746208191
v 0.9914975762367249 4.657299041748047 -0.16970360279083252
v 0.22978746891021729 5.168715000152588 -0.4077813923358917
v 0.7971827387809753 5.813218116760254 -0.6599435806274414
v 0.6529445648193359 5.631497383117676 -1.0509371757507324
v 0.3585447072982788 5.258435249328613 -1.4327605962753296
v 0.6938734650611877 5.794388294219971 -0.6875633001327515
v 0.22589397430419922 4.386524200439453 -0.3502120077610016
v 0.8920735120773315 5.5426740646362305 -0.5843038558959961
v 0.8760582804679871 5.547299861907959 -0.565829873085022
v 0.5635833144187927 4.87856912612915 -0.1140444353222847
v 0.8488984704017639 4.983015060424805 -1.2086244821548462
v 0.697047233581543 5.881437301635742 -0.8157109618186951
v 0.79057776927948 5.837608337402344 -0.6744391322135925
v 0.869875431060791 4.611848831176758 -0.2913522720336914
v 0.2938283681869507 4.460853576660156 -0.9377877712249756
v 0.7287874221801758 4.937432765960693 -1.3556939363479614
v 0.40924763679504395 4.481433868408203 -0.76136314868927
v 0.7796500325202942 4.3315253257751465 -0.5483247637748718
v 0.008788539096713066 5.505768775939941 -0.9501558542251587
v 0.6711283922195435 4.855712413787842 -0.10454218089580536
v 0.39055293798446655 4.922519683837891 -0.17153915762901306
v 1.2632945775985718 5.301490783691406 -0.3137143850326538
v 0.0357537604868412 5.24869966506958 -0.640475332736969
v 0.6371551156044006 4.269922256469727 -0.7449432015419006
v 0.9474763870239258 5.250787258148193 -0.24076329171657562
v 0.2900257408618927 4.469168186187744 -1.3472628593444824
v 0.744817316532135 4.9305830001831055 -1.3495830297470093
v 0.9615297913551331 5.036807537078857 -1.1102265119552612
v 0.6402435302734375 5.806102275848389 -0.7287564277648926
v 0.7103690505027771 5.33162260055542 -1.2793753147125244
v 0.27129054069519043 5.262139320373535 -0.3172965943813324
v -0.19310210645198822 5.149523735046387 -1.0768845081329346
v 0.5653913617134094 5.479868412017822 -0.38155320286750793
v 0.8236925601959229 5.857398509979248 -0.7335780262947083
v 1.2060738801956177 5.220212936401367 -0.15383580327033997
v 0.259940505027771 5.232782363891602 -0.31858542561531067
v 1.3952769041061401 5.02588415145874 -0.06896419078111649
v 1.2520790100097656 5.184555530548096 -0.10635373741388321
v -0.11231356114149094 5.327869892120361 -0.896022617816925
v 0.8288453221321106 5.857857704162598 -0.7467647194862366
v 0.6389923095703125 5.8064961433410645 -0.7352169156074524
v 1.2015581130981445 4.743545055389404 -0.18490616977214813
v 1.091934323310852 5.1306304931640625 -0.32349902391433716
v 0.5937966108322144 5.359437465667725 -0.23998455703258514
v 0.03372344747185707 5.945302486419678 -1.4556703567504883
v 0.2805921733379364 4.374781608581543 -0.2889951765537262
v 0.20432348549365997 5.161355018615723 -0.4648529887199402
v 0.6127513647079468 4.2945027351379395 -0.8635103702545166
v -0.12732163071632385 5.730045318603516 -1.4215049743652344
v 0.33345770835876465 4.387009143829346 -0.561500072479248
v 0.7450006008148193 5.6638593673706055 -0.5663586854934692
v 0.5998611450195312 4.312921047210693 -0.7142152190208435
v 0.5037475228309631 4.4151787757873535 -1.1340136528015137
v 1.211639642715454 5.04624080657959 -0.6179197430610657
v 1.1227744817733765 5.077770233154297 -0.9309110045433044
v 0.1478835791349411 5.161764621734619 -0.5554391145706177
v 0.7556928396224976 5.695451736450195 -0.5923255085945129
v 0.030064187943935394 5.604353427886963 -1.2943257093429565
v 1.1603243350982666 5.39791202545166 -0.18022297322750092
v 0.749870777130127 5.0388407707214355 -1.2456094026565552
v 0.4505000114440918 5.524144649505615 -0.4094006419181824
v 0.4772632122039795 4.455697536468506 -0.8610789775848389
v -0.09831243008375168 4.735187530517578 -0.736635148525238
v 0.707528829574585 4.441250324249268 -1.0064808130264282
v 0.5699505805969238 5.058205604553223 -1.3961639404296875
v 0.582402765750885 5.481906890869141 -0.37803810834884644
v 0.6426902413368225 4.267489910125732 -0.7342895865440369
v 0.49365565180778503 4.2804999351501465 -0.4878462553024292
v 0.15976913273334503 4.437760353088379 -0.7849879264831543
v 0.2495461106300354 5.111300468444824 -1.509625792503357
v 0.4937604069709778 5.720832347869873 -0.6191897988319397
v 0.7846137285232544 4.682977199554443 -1.2157952785491943
v 1.4207342863082886 5.1828203201293945 -0.10353143513202667
v 0.6536186933517456 5.811071395874023 -0.7766424417495728
v 0.6147581934928894 4.8693037033081055 -0.12249993532896042
v 1.065053105354309 5.339627742767334 -0.7422128915786743
v 0.13984040915966034 4.98757266998291 -0.38004329800605774
v 0.14658620953559875 4.4432053565979 -0.7638812065124512
v 0.8100599050521851 5.415188312530518 -1.1627520322799683
v 0.6468185782432556 4.860349178314209 -0.11807913333177567
v 0.15960438549518585 4.437836647033691 -0.7845950722694397
v 0.34827202558517456 4.356813907623291 -0.2655569911003113
v 1.045697808265686 4.865431308746338 -0.2524417042732239
v 0.368719220161438 5.692915916442871 -0.7831577658653259
v 1.0375369787216187 5.256959438323975 -1.007962942123413
v 0.6152583956718445 4.287529468536377 -0.720776379108429
v 0.06441222876310349 4.977048873901367 -0.4548937976360321
v -0.11047381907701492 4.542289733886719 -0.9706314206123352
v 0.2411869764328003 4.929206848144531 -1.4024004936218262
v 0.9632163047790527 5.502926826477051 -0.7891544103622437
v -0.023359989747405052 4.910929203033447 -1.135209321975708
v 0.6852643489837646 5.842878341674805 -0.817559540271759
v 0.4990340769290924 4.893864631652832 -0.11794060468673706
v 0.21502916514873505 4.487715244293213 -0.4247737526893616
v 0.6171631217002869 5.345911026000977 -0.22489622235298157
v 0.35191646218299866 4.375541687011719 -1.059499979019165
v 0.7501475214958191 5.418802738189697 -1.2156552076339722
v 1.1036661863327026 4.648388385772705 -0.6652812361717224
v 0.10155175626277924 5.345982551574707 -1.4558275938034058
v -0.23749221861362457 5.213057994842529 -1.203992247581482
v 1.0943772792816162 4.744807243347168 -0.43390366435050964
v 0.3930661678314209 5.078717231750488 -0.20152811706066132
v 0.8086531162261963 5.723493576049805 -0.7258800268173218
v 0.31281590461730957 4.498683929443359 -0.6351654529571533
v -0.09223126620054245 5.9368109703063965 -1.5334827899932861
v 0.6480832695960999 5.808138847351074 -0.7695737481117249
v 0.04726580157876015 5.3208513259887695 -1.5340231657028198
v -0.14269916713237762 5.297040939331055 -0.9584178924560547
v 0.7598662376403809 5.7112717628479 -0.6096183061599731
v 1.1185754537582397 4.783462047576904 -0.44979235529899597
v -0.12715758383274078 4.488486289978027 -0.7225136756896973
v 0.10290860384702682 4.90481424331665 -1.2898850440979004
v 0.9665010571479797 4.535563945770264 -0.49781179428100586
v 0.1896243691444397 4.914961338043213 -1.3577409982681274
v 0.6968415975570679 4.732230186462402 -1.2886030673980713
v 0.7829103469848633 5.831792831420898 -0.6663220524787903
v 0.2109978049993515 4.388000011444092 -0.4938580095767975
v -0.17914345860481262 5.139459609985352 -1.0277576446533203
v 0.1331467479467392 4.908205986022949 -1.3159409761428833
v 0.04134561866521835 5.832738399505615 -1.5563960075378418
v 0.3697851002216339 5.2612481117248535 -1.4302515983581543
v 0.9509938359260559 4.435462474822998 -0.5600314736366272
v 1.1161668300628662 4.697082996368408 -0.5154169201850891
v 0.3990875482559204 5.075706481933594 -0.19651037454605103
v 0.7460735440254211 5.8270039558410645 -0.6668112874031067
v 1.2868006229400635 5.300161838531494 -0.29144221544265747
v 0.663590133190155 4.85724401473999 -0.10923249274492264
v 0.5808183550834656 4.875617504119873 -0.11783540993928909
v 0.7187424302101135 4.610820293426514 -0.23218940198421478
v -0.1619018316268921 5.132382392883301 -0.9664506316184998
v 0.08600782603025436 5.427313804626465 -0.6375216245651245
v 0.3805398941040039 4.488460540771484 -0.23870578408241272
v 1.1160000562667847 4.689438819885254 -0.5317026972770691
v -0.14557413756847382 5.130212783813477 -0.8975189924240112
v 0.10946772992610931 5.438989162445068 -0.5968496203422546
v 0.022202514111995697 5.646987438201904 -1.2914009094238281
v 0.9258918166160583 4.741690158843994 -0.21928687393665314
v 0.40093985199928284 5.116696834564209 -1.4800151586532593
v 0.01150001771748066 5.474746227264404 -1.0211378335952759
v 1.1083605289459229 4.660221099853516 -0.6133248805999756
v 0.16840530931949615 4.584081172943115 -1.2046079635620117
v 0.008999964222311974 5.5029730796813965 -0.9621719121932983
v 1.047154188156128 4.526280403137207 -0.6353363990783691
v -0.15988822281360626 4.553265571594238 -0.8931006193161011
v 0.5496553182601929 4.46776008605957 -0.944506824016571
v 1.1055034399032593 4.651517391204834 -0.6504345536231995
v 0.4089154601097107 4.297364711761475 -0.5676355361938477
v 0.28218409419059753 4.476638317108154 -0.9590063095092773
v 0.5593754649162292 4.415356636047363 -0.5905511379241943
v -0.03850417956709862 4.91632080078125 -1.1022623777389526
v 0.3743584454059601 4.9286322593688965 -0.18614153563976288
v 0.24252012372016907 5.232812404632568 -1.430270791053772
v 1.3441118001937866 5.0738348960876465 0.07895682007074356
v 1.0531514883041382 5.063679218292236 -0.22782579064369202
v 0.6152768731117249 4.2842230796813965 -0.8201351761817932
v 0.9592309594154358 5.032374382019043 -1.1120327711105347
v 0.008421472273766994 5.483680248260498 -0.8721017837524414
v 0.13398297131061554 4.689438819885254 -1.0790791511535645
v -0.052809447050094604 4.803574562072754 -0.9648286700248718
v 0.29455485939979553 5.304350852966309 -0.31099992990493774
v 1.119761347770691 4.7474775314331055 -0.8402197957038879
v 0.6069520711898804 4.366600513458252 -0.7000958919525146
v 0.7431949377059937 5.657668590545654 -0.5619734525680542
v 1.1392992734909058 4.731252193450928 -0.008452627807855606
v -0.0810260996222496 5.956325054168701 -1.4148015975952148
v 0.5256338715553284 5.107936382293701 -1.3938952684402466
v 0.19771169126033783 5.533810138702393 -1.1367944478988647
v 0.010105312801897526 4.9057464599609375 -1.1886967420578003
v 0.32716667652130127 4.460105895996094 -1.357439398765564
v 0.03322259336709976 5.249241352081299 -0.6994999647140503
v 0.04302790388464928 4.978418827056885 -0.49774113297462463
v 1.0613198280334473 5.002743721008301 -0.26415184140205383
v -0.17628337442874908 5.335390567779541 -1.237826943397522
v 0.8765912652015686 4.966318607330322 -0.1192728579044342
v 0.361442506313324 5.646178245544434 -0.9915574789047241
v 0.03357661888003349 5.183561325073242 -0.6638987064361572
v 0.16798238456249237 4.432221412658691 -0.8127838373184204
v 1.397678017616272 5.227038860321045 -0.1430913805961609
v 1.1071933507919312 4.657886981964111 -0.6245661973953247
v 0.3538137972354889 4.3745927810668945 -1.059499979019165
v 0.2532064616680145 5.1107378005981445 -1.5089218616485596
v -0.14672408998012543 5.292238712310791 -0.9672168493270874
v 1.1508660316467285 4.949443340301514 -0.42614954710006714
v 0.118979312479496 4.422979354858398 -0.8705418705940247
v 0.2918018102645874 5.107466220855713 -1.5003993511199951
v 1.168510913848877 4.812330722808838 -0.7080848217010498
v 1.0322519540786743 4.7576799392700195 -0.2273639738559723
v 1.1117080450057983 4.6759114265441895 -0.2334735095500946
v -0.08446582406759262 5.014760494232178 -0.9224443435668945
v -0.19286738336086273 5.3237152099609375 -1.2535462379455566
v 0.1927909106016159 4.461027145385742 -1.2081185579299927
v 0.40962862968444824 4.353260517120361 -1.0666495561599731
v 0.8853431940078735 4.928541660308838 -1.2009963989257812
v -0.14770686626434326 5.402506351470947 -1.5136172771453857
v 0.04599244147539139 5.181888580322266 -1.5533885955810547
v 0.23914074897766113 4.927806854248047 -1.3991695642471313
v -0.00023989520559553057 5.175067901611328 -0.6950000524520874
v 0.4428180456161499 5.5509514808654785 -0.47274249792099
v 1.4217451810836792 5.080348491668701 -0.06678593903779984
v -0.06011781841516495 4.498928546905518 -0.6956663131713867
v -0.0877944678068161 5.036831855773926 -0.832683801651001
v 0.20911438763141632 4.502017021179199 -0.7046113610267639
v 0.7749594449996948 4.3735809326171875 -0.5078648924827576
v -0.10769548267126083 4.541168689727783 -0.9739938378334045
v 0.9173544049263 5.343752861022949 -1.1608648300170898
v -0.05907510221004486 4.4987921714782715 -0.6953489780426025
v 0.41975152492523193 4.912482261657715 -0.15056797862052917
v 0.6313756704330444 4.994770526885986 -1.3796770572662354
v 0.7310792803764343 5.860000133514404 -0.6773946285247803
v 1.0966838598251343 5.073764324188232 -0.35867980122566223
v 0.15319186449050903 5.505730628967285 -1.1558078527450562
v 0.7035375237464905 4.948763847351074 -1.3636757135391235
v 0.8760417103767395 5.355825424194336 -1.1901270151138306
v 0.1642773449420929 4.76456880569458 -0.4241202175617218
v 0.916231632232666 4.612173557281494 -0.32781004905700684
v -0.21262723207473755 5.167389869689941 -1.1348308324813843
v -0.08839821815490723 4.742556571960449 -0.7027512192726135
v 1.149527668952942 4.86314582824707 -0.14220701158046722
v 0.74466472864151 5.932050704956055 -0.7644999623298645
v 0.2615550756454468 5.596747875213623 -1.0914448499679565
v 0.20219945907592773 5.39609956741333 -1.3537346124649048
v 1.1049445867538452 5.1371870040893555 -0.35364648699760437
v 0.44792068004608154 4.456693172454834 -0.772013783454895
v -0.15085238218307495 5.634066581726074 -1.4073690176010132
v 0.33246177434921265 4.384270191192627 -0.561500072479248
v 0.14593712985515594 4.449511528015137 -0.9496486783027649
v 0.7965335249900818 5.132835388183594 -0.14291270077228546
v 0.6006194353103638 5.181839466094971 -1.3508003950119019
v 0.6879011392593384 5.869098663330078 -0.7557452917098999
v 1.1037216186523438 5.216314315795898 -0.45953595638275146
v 0.3491375744342804 4.356570720672607 -0.26534053683280945
v 1.2039474248886108 5.22127628326416 -0.15675988793373108
v 0.9704940915107727 5.370643138885498 -0.8967880010604858
v 0.2379181981086731 4.489290714263916 -1.3021272420883179
v 0.7751094102859497 5.875914096832275 -0.6790977120399475
v 0.021689584478735924 5.412002086639404 -1.5440855026245117
v 0.10741504281759262 5.353305339813232 -1.4425357580184937
v 0.38374578952789307 5.70004415512085 -0.8385881781578064
v 0.552963137626648 4.464783191680908 -0.9425221085548401
v 0.11914198845624924 5.164000034332275 -0.6008718609809875
v 0.6019901633262634 4.342654705047607 -0.7073872685432434
v 0.7319024801254272 4.424868583679199 -0.4527711272239685
v 0.0733780637383461 4.770190238952637 -0.4677640199661255
v 0.42044156789779663 4.732696056365967 -1.3878724575042725
v 0.10916510969400406 4.673017978668213 -1.0680060386657715
v 1.072016716003418 4.7103095054626465 -0.41298210620880127
v 0.48429954051971436 4.28482723236084 -0.5258552432060242
v 0.9960881471633911 5.330827713012695 -1.0331639051437378
v 1.0100888013839722 4.569955825805664 -0.891366720199585
v 0.45489925146102905 5.475982666015625 -0.35006263852119446
v 0.7196686267852783 4.25531530380249 -0.6334698796272278
v 1.0135042667388916 5.365435600280762 -0.8443670868873596
v 0.7463935613632202 5.0345611572265625 -1.248551607131958
v -0.23472143709659576 5.2053632736206055 -1.1957836151123047
v 0.821625292301178 4.276458263397217 -0.9093227982521057
v 0.943438708782196 5.080989837646484 -1.0914591550827026
v 0.8576034903526306 4.918100833892822 -1.2289962768554688
v 0.5327470302581787 4.392816066741943 -0.5769850015640259
v 0.3953377604484558 4.854754447937012 -1.379862904548645
v 1.256853461265564 4.996944427490234 -0.1116717979311943
v 0.01117065828293562 5.941999912261963 -1.5323293209075928
v 0.6099932193756104 4.374981880187988 -0.694013774394989
v 0.0449393168091774 5.182755947113037 -1.5542558431625366
v 0.7378244400024414 5.246364116668701 -1.258513331413269
v 0.18057437241077423 4.914024829864502 -1.3514995574951172
v 0.7607012391090393 5.85220193862915 -0.675300657749176
v 0.15469753742218018 4.608868598937988 -0.5057365894317627
v 0.7580522894859314 5.913073539733887 -0.6832790970802307
v 0.696127712726593 5.913515090942383 -0.797370195388794
v -0.16901715099811554 4.553497314453125 -0.8619341850280762
v 0.9233236312866211 5.540380477905273 -0.9003666043281555
v 0.6086651086807251 4.783194065093994 -1.3266587257385254
v 1.0007416009902954 5.194153785705566 -1.0784307718276978
v -0.08440248668193817 5.956314563751221 -1.4198668003082275
v 0.6834108829498291 5.217126369476318 -1.293182611465454
v 0.6026281714439392 4.425389766693115 -0.6362618207931519
v -0.10460034012794495 5.221242904663086 -1.4800585508346558
v 0.7318171262741089 4.270134449005127 -0.9524147510528564
v 0.751941442489624 5.3067498207092285 -0.17597047984600067
v 0.8442798852920532 4.266983985900879 -0.8977295160293579
v 0.6039612889289856 4.426161766052246 -0.6357004642486572
v 0.5091909766197205 5.081514358520508 -1.4045737981796265
v 0.4416159391403198 4.4586262702941895 -0.7830154895782471
v 0.49691975116729736 5.7227396965026855 -0.6206998229026794
v 0.7575941681861877 5.855976581573486 -0.6676352024078369
v -0.11592574417591095 5.013518333435059 -0.8510185480117798
v 0.02845153771340847 5.645473957061768 -1.5295242071151733
v -0.015173548832535744 5.008584022521973 -0.6397576332092285
v 0.5241267681121826 4.822689533233643 -1.349597692489624
v 0.35095497965812683 5.644922256469727 -1.0026228427886963
v 0.011852935887873173 5.861588001251221 -1.3491302728652954
v 0.35463276505470276 5.645447731018066 -0.9984197616577148
v 0.3614504933357239 4.370774745941162 -1.059499979019165
v 0.5835784077644348 5.7974371910095215 -0.829626202583313
v 0.26380184292793274 4.423040866851807 -1.0885823965072632
v 0.19430874288082123 5.530943870544434 -1.1384063959121704
v -0.16033674776554108 4.553315162658691 -0.8918049335479736
v 1.10985267162323 5.083874702453613 -0.9437496662139893
v -0.2042507380247116 5.15919303894043 -1.1142902374267578
v 0.6594812273979187 5.604173183441162 -0.4840601682662964
v 0.6143763661384583 5.009494304656982 -1.380814790725708
v 0.1804436892271042 4.6613240242004395 -1.160394310951233
v 0.6429862380027771 4.26736307144165 -0.7337397933006287
v 0.06568499654531479 4.633153915405273 -1.0590622425079346
v -0.03746127709746361 5.162200450897217 -0.7074881792068481
v 0.7409233450889587 5.417387962341309 -1.2242059707641602
v 0.03281811252236366 5.533705711364746 -1.284432291984558
v 0.13242840766906738 4.765829563140869 -0.43646714091300964
v 1.0895458459854126 4.66493558883667 -0.24156424403190613
v 0.8090171813964844 5.091558933258057 -1.2080329656600952
v 0.020125605165958405 5.315999984741211 -1.5537832975387573
v -0.09068210422992706 4.704412460327148 -0.8508248329162598
v 0.11462977528572083 5.382442474365234 -1.3941140174865723
v 0.7407971620559692 5.0267205238342285 -1.253252387046814
v 0.7713328003883362 4.248834609985352 -0.613737940788269
v 0.0677577555179596 4.635132789611816 -1.0592507123947144
v 1.0447087287902832 4.957553386688232 -0.22541745007038116
v 0.7011719942092896 5.879937171936035 -0.8162734508514404
v 0.24208934605121613 4.434532165527344 -1.109063744544983
v 0.4826297163963318 4.722319602966309 -1.3712291717529297
v 1.2284804582595825 4.9840779304504395 -0.6494498252868652
v 0.2866688072681427 4.4090352058410645 -1.072961449623108
v 0.08433554321527481 5.336589813232422 -1.4892631769180298
v 0.42587244510650635 4.335875511169434 -0.2646870017051697
v 0.6242783665657043 5.813022136688232 -0.8027216196060181
v 0.4918254315853119 5.037362575531006 -0.13546662032604218
v -0.06545428931713104 4.951362609863281 -1.0252010822296143
v 0.8076566457748413 5.8486328125 -0.6974848508834839
v 0.018413318321108818 5.6702799797058105 -1.291224479675293
v 0.011020275764167309 5.8649187088012695 -1.3506766557693481
v 0.02644641324877739 5.638635158538818 -1.5298495292663574
v 0.46498486399650574 4.4292426109313965 -1.0494697093963623
v 1.1187463998794556 4.722567558288574 -0.4796786308288574
v 1.1681591272354126 5.203744411468506 -0.6921930313110352
v 0.00713559053838253 4.906143665313721 -1.184417486190796
v -0.10152998566627502 5.9472126960754395 -1.466922402381897
v -0.13092336058616638 5.30613899230957 -1.4992700815200806
v 0.4484682083129883 5.536880970001221 -0.43479394912719727
v 0.14341862499713898 5.449093818664551 -0.5422564148902893
v 0.7138368487358093 4.371946811676025 -0.997907817363739
v 0.9212289452552795 4.923637390136719 -0.15060991048812866
v 0.3143836557865143 4.429890155792236 -1.0263804197311401
v 1.1259934902191162 5.224830150604248 -0.21033579111099243
v 0.6877059936523438 5.8707966804504395 -0.8117787837982178
v -0.08517514169216156 5.019725799560547 -0.9134860634803772
v 0.17473308742046356 4.695927143096924 -1.1203596591949463
v 0.06693754345178604 4.634349822998047 -1.0591760873794556
v 0.21261614561080933 5.124785900115967 -0.3324373662471771
v 0.4570128321647644 4.903110504150391 -0.1327209174633026
v 0.5095038414001465 5.738142967224121 -0.8740901947021484
v 1.426239013671875 5.162841796875 -0.0912904441356659
v 0.7147667407989502 5.876016139984131 -0.8173307180404663
v -0.004560244735330343 4.7574849128723145 -0.5535791516304016
v 1.1302579641342163 4.685697555541992 -0.22729523479938507
v 1.1961499452590942 4.953849792480469 -0.5150901079177856
v -0.12359369546175003 4.547039985656738 -0.9523594975471497
v 0.208123117685318 4.452709197998047 -1.1483793258666992
v 0.6380923986434937 4.423370361328125 -0.39164793491363525
v 0.2177707850933075 5.552789211273193 -1.1266053915023804
v 0.9923453330993652 5.132650852203369 -0.1960756629705429
v 1.1113260984420776 5.199624538421631 -0.4476246237754822
v 0.052872996777296066 5.264873027801514 -0.6290193200111389
v 1.2173269987106323 4.754640102386475 -0.16146279871463776
v 1.1037061214447021 5.215594291687012 -0.22150912880897522
v 0.501318097114563 5.057725429534912 -1.4165010452270508
v -0.15027256309986115 5.642184257507324 -1.4088186025619507
v 0.8015795350074768 5.7746148109436035 -0.705393373966217
v 0.7598552703857422 5.850705146789551 -0.6748452186584473
v -0.005298600997775793 5.933252811431885 -1.3763375282287598
v 0.918362021446228 5.386068820953369 -1.0851149559020996
v 0.3816719949245453 4.494664192199707 -0.7173663377761841
v 0.8409987092018127 5.409815788269043 -1.138974666595459
v 1.1968679428100586 5.2936015129089355 -0.36545515060424805
v 0.45645424723625183 5.687321662902832 -0.9432603716850281
v 0.9491683840751648 4.589811325073242 -0.9521939158439636
v 0.44302457571029663 5.657378196716309 -0.5650607943534851
v 1.0618921518325806 5.099186897277832 -0.9841942191123962
v 0.8918330669403076 4.9322099685668945 -1.1939423084259033
v 1.0440813302993774 4.788479328155518 -0.24466359615325928
v 0.8965694308280945 5.549172401428223 -0.9300166368484497
v 0.9495531320571899 4.421606540679932 -0.7410839200019836
v 0.6915878057479858 5.894527912139893 -0.8041476607322693
v 0.863616406917572 5.132332801818848 -1.158750295639038
v 0.8199669718742371 4.240367889404297 -0.6352306008338928
v 0.591880202293396 5.1461005210876465 -1.3360799551010132
v 1.0600939989089966 5.099740028381348 -0.9855083227157593
v 0.8438122868537903 4.236448764801025 -0.669073224067688
v 0.28015583753585815 4.508001804351807 -0.6260097622871399
v 0.9596872925758362 5.505521297454834 -0.7702903151512146
v 1.0727384090423584 5.009277820587158 -0.2789734899997711
v 1.1068803071975708 5.013199329376221 -0.2958006262779236
v 0.46151697635650635 4.8441548347473145 -1.3607759475708008
v 0.8388881683349609 5.57527494430542 -0.9976869225502014
v 1.155880093574524 5.228930950164795 -0.1962408721446991
v 0.4466395378112793 5.690640449523926 -0.9349596500396729
v 0.4823060631752014 4.897463798522949 -0.12345215678215027
v 0.7509208917617798 5.447638988494873 -0.37189745903015137
v 0.7126367688179016 4.388132572174072 -1.0001211166381836
v 0.6386149525642395 4.305742263793945 -0.9171785116195679
v 1.1062095165252686 4.65504789352417 -0.6370176076889038
v -0.0952889621257782 5.9538421630859375 -1.44086754322052
v 0.7372552156448364 5.248356819152832 -1.2593672275543213
v 0.6125823259353638 4.383761882781982 -0.6894847750663757
v 0.23833082616329193 4.770753860473633 -0.324711412191391
v 0.709109365940094 4.724772930145264 -1.2835798263549805
v 0.7119885683059692 5.863897800445557 -0.6967273354530334
v 0.9819908738136292 4.63607931137085 -0.3422897160053253
v 0.4930287003517151 5.675992965698242 -0.9715215563774109
v 1.1434420347213745 4.970871448516846 -0.417942076921463
v 0.20420865714550018 4.388780117034912 -0.4765765964984894
v -0.07971810549497604 5.049704551696777 -0.8545200228691101
v 0.7769523859024048 5.148240566253662 -1.2277575731277466
v 0.6779452562332153 5.3271942138671875 -0.19431225955486298
v 1.1010191440582275 5.151370525360107 -0.8833269476890564
v 0.880415678024292 4.2262349128723145 -0.7356265783309937
v 1.234139323234558 5.200860500335693 -0.12043117731809616
v 1.1330325603485107 4.850237846374512 -0.15376245975494385
v 0.785886287689209 5.834299087524414 -0.6696112155914307
v 0.5626249313354492 5.021124839782715 -0.111750029027462
v 0.005620727315545082 4.528680801391602 -0.6397107243537903
v 0.6362024545669556 5.637049198150635 -1.051200270652771
v 0.8070202469825745 5.361612796783447 -1.2444652318954468
v -0.06566397100687027 4.95226526260376 -1.0237427949905396
v 0.14484955370426178 5.036281585693359 -0.37452432513237
v 0.6036549210548401 4.419615268707275 -0.6386106014251709
v 0.9229577779769897 4.81254243850708 -1.132134199142456
v 0.8787528872489929 5.5700297355651855 -0.6792884469032288
v 1.1676918268203735 4.940883159637451 -0.4073421061038971
v 0.0997055321931839 5.151175498962402 -0.5112937688827515
v 0.510918378829956 5.7407755851745605 -0.8736938834190369
v 0.04215649887919426 5.710724830627441 -1.5211564302444458
v 0.967225968837738 4.950254917144775 -0.17788945138454437
v 0.21504034101963043 5.013094425201416 -0.32551369071006775
v 1.1960318088531494 4.858043670654297 -0.6919876933097839
v 0.30196619033813477 4.46150016784668 -0.9269744753837585
v 0.17603467404842377 4.629485607147217 -1.179791808128357
v 0.4887828826904297 5.6981987953186035 -0.8710964918136597
v 0.6811417937278748 5.8197550773620605 -0.8202642202377319
v 0.23736704885959625 5.575181007385254 -1.1130956411361694
v -0.05862602964043617 4.935213565826416 -1.053297519683838
v 0.4482840597629547 5.53909158706665 -0.4393989145755768
v 0.705436646938324 4.252223491668701 -0.6490632891654968
v 0.6106120944023132 4.402426719665527 -0.3722414970397949
v 0.3801436424255371 5.473185062408447 -1.2907167673110962
v 0.5733404159545898 5.031369686126709 -1.3526808023452759
v -0.08954423666000366 5.032639026641846 -0.8381475210189819
v 0.1535807102918625 5.161649227142334 -0.5487176775932312
v 0.7668240070343018 4.278769493103027 -0.6041494607925415
v 0.8514570593833923 5.1243205070495605 -1.1705429553985596
v 0.009056931361556053 4.503971576690674 -1.0173754692077637
v 1.2349662780761719 5.299765586853027 -0.33972078561782837
v 0.6126784682273865 5.784008502960205 -0.6807799339294434
v 0.5105196237564087 5.740004539489746 -0.8738268613815308
v 0.7948582768440247 5.762164115905762 -0.7428655624389648
v 0.7614906430244446 5.051208972930908 -1.2381001710891724
v -0.11902792006731033 4.545509338378906 -0.9593571424484253
v 0.04855005443096161 5.274703502655029 -0.6996281147003174
v 0.4641645848751068 5.4410552978515625 -0.32021963596343994
v -0.08296007663011551 4.745222568511963 -0.6900687217712402
v 0.738662600517273 4.718010902404785 -0.15325620770454407
v 0.6383492946624756 5.8061747550964355 -0.7324844002723694
v 0.9593712687492371 4.587344646453857 -0.9416287541389465
v 1.385514497756958 5.243395805358887 -0.16242064535617828
v 1.0997098684310913 5.30180025100708 -0.6530803442001343
v 0.7335600852966309 5.931229591369629 -0.7141279578208923
v 0.39035388827323914 4.922602653503418 -0.17170509696006775
v 0.6320551633834839 4.529184818267822 -1.111971378326416
v 0.3197137713432312 5.105500221252441 -1.4906314611434937
v 0.8007556200027466 5.844066619873047 -0.6869306564331055
v 0.24124683439731598 4.378457546234131 -0.5485849380493164
v 1.0839663743972778 5.197397708892822 -0.23332713544368744
v 0.27034273743629456 5.246967315673828 -0.3195311427116394
v 0.1917167603969574 4.4884209632873535 -0.7219310998916626
v -0.1265145242214203 5.283475399017334 -1.493820309638977
v 0.5451146364212036 5.777599811553955 -0.8552619218826294
v 1.1975932121276855 5.400800704956055 -0.14630720019340515
v 0.09028735756874084 4.460743427276611 -0.7192566990852356
v 0.6622476577758789 5.603250980377197 -0.4844059646129608
v 0.21146605908870697 5.545542240142822 -1.1302542686462402
v 0.08667387813329697 4.769759178161621 -0.45879560708999634
v 0.48619043827056885 4.288785457611084 -0.3995240032672882
v -0.05520082637667656 4.498287200927734 -0.6941697597503662
v 1.1682007312774658 4.81146240234375 -0.708518922328949
v 0.4092044234275818 5.706506729125977 -0.8839298486709595
v 0.7445433735847473 5.603405475616455 -1.0012104511260986
v 0.764947235584259 4.924276351928711 -1.3396273851394653
v 1.3165711164474487 5.341901779174805 -0.03534843400120735
v 0.14597764611244202 5.1620025634765625 -0.5585362911224365
v 0.5740963220596313 5.3679680824279785 -0.2537585496902466
v 0.022249925881624222 5.439998149871826 -1.5367504358291626
v 0.7603632807731628 4.3984551429748535 -0.4819085896015167
v 0.9957510828971863 4.646435737609863 -0.345815509557724
v 0.6301082968711853 5.226169109344482 -1.3314522504806519
v 0.22896932065486908 4.924117565155029 -1.3889755010604858
v 0.5677631497383118 5.075282573699951 -1.3323816061019897
v 0.1954108327627182 5.457848072052002 -0.4573076367378235
v 0.773983359336853 5.874224662780762 -0.6793792247772217
v 0.43457552790641785 4.908483028411865 -0.14229412376880646
v 0.6147735714912415 4.403303146362305 -0.6710089445114136
v 0.7369605302810669 5.781259059906006 -0.7927985191345215
v 0.4386637806892395 5.682410717010498 -0.9157074093818665
v 0.2466396540403366 4.43207311630249 -1.10450279712677
v 1.2270557880401611 4.7588372230529785 -0.14534355700016022
v 1.0828865766525269 4.781383514404297 -0.9579200744628906
v 0.9604226350784302 4.631943225860596 -0.250267893075943
v 0.9462205767631531 5.534895896911621 -0.8751819729804993
v 1.070489764213562 4.8031768798828125 -0.2198018878698349
v 1.1293554306030273 5.226430892944336 -0.209055095911026
v 0.9391905069351196 4.9958176612854 -1.1298094987869263
v 0.08084096759557724 4.978379249572754 -0.43238428235054016
v 1.0604102611541748 5.342992305755615 -0.7526270747184753
v -0.05043596029281616 5.411291599273682 -1.1889305114746094
v 0.538317084312439 4.420060634613037 -0.6795417666435242
v 1.0994980335235596 5.01404333114624 -0.29495686292648315
v 0.2935819625854492 5.616904258728027 -1.0618265867233276
v 0.9328651428222656 5.338183403015137 -1.150890588760376
v 1.1850353479385376 5.401498317718506 -0.15946292877197266
v 0.18557240068912506 5.457731246948242 -0.47223788499832153
v 0.9349098801612854 5.334475517272949 -0.31488528847694397
v 0.6105763912200928 4.511106967926025 -1.1324236392974854
v 0.7627118229866028 5.145007133483887 -0.1261298507452011
v 1.1676239967346191 5.040158271789551 -0.8450512290000916
v 1.1476272344589233 5.3918304443359375 -0.18900413811206818
v 0.024388320744037628 5.434692859649658 -1.2081955671310425
v 0.007729046046733856 5.489681720733643 -0.8774107694625854
v 0.9379255175590515 5.0262017250061035 -1.0851998329162598
v 0.9227554202079773 4.812744617462158 -1.1303797960281372
v 0.002583148190751672 5.898155689239502 -1.3648693561553955
v 0.4051806330680847 4.387046813964844 -1.0579766035079956
v 0.3344443738460541 4.360695838928223 -0.27016448974609375
v 0.967052161693573 4.808393478393555 -1.0511176586151123
v 1.1095982789993286 4.674983024597168 -0.2341485321521759
v 0.6473913192749023 4.994443416595459 -0.10985565185546875
v 0.5570203065872192 5.755455493927002 -0.6528468728065491
v 0.25517144799232483 4.427250862121582 -1.0967130661010742
v 1.1253058910369873 4.794510841369629 -0.4520021677017212
v 0.5450548529624939 4.705651760101318 -1.3480596542358398
v 0.8674202561378479 5.4047160148620605 -1.122147798538208
v 0.7159607410430908 5.775309085845947 -0.811191976070404
v 0.3677966296672821 5.693604469299316 -0.77702796459198
v 0.7875902652740479 5.074301242828369 -1.2229880094528198
v 0.11323432624340057 5.164653301239014 -0.6097352504730225
v 0.807633638381958 5.84861946105957 -0.6974504590034485
v 0.3874526023864746 5.704018592834473 -0.8474051356315613
v 0.7399412393569946 5.8090972900390625 -0.6648644208908081
v 0.5468801259994507 4.881855010986328 -0.11219880729913712
v 0.12853415310382843 5.4442458152771 -0.5674741864204407
v -0.1034369170665741 4.831526279449463 -0.8877288699150085
v 0.6500918865203857 4.306000232696533 -0.9232991933822632
v -0.033246640115976334 5.942984580993652 -1.5657002925872803
v 0.7568895220756531 5.351802349090576 -1.2733763456344604
v 0.610705554485321 4.4025044441223145 -0.37230372428894043
v -0.11416711658239365 4.844852447509766 -0.8553134202957153
v 0.006255371496081352 5.471198558807373 -0.8647304177284241
v 0.8209714889526367 5.890366077423096 -0.7748982310295105
v 1.1947144269943237 4.737091541290283 -0.1932935118675232
v -0.22929640114307404 5.272461414337158 -1.3258532285690308
v 0.09340257197618484 4.459375858306885 -0.7207477688789368
v 0.3355203866958618 4.398989677429199 -0.5614796280860901
v 1.2586793899536133 5.301290512084961 -0.3185303211212158
v -0.00730728218331933 4.559192657470703 -1.046645164489746
v 0.5164037942886353 4.888944149017334 -0.11465663462877274
v 0.9220912456512451 5.0983452796936035 -0.2159910649061203
v 0.7091425657272339 5.864646911621094 -0.7009215950965881
v 0.8813403844833374 4.972894191741943 -0.12146473675966263
v 1.1998289823532104 5.294130325317383 -0.3636573851108551
v -0.21834610402584076 5.302653789520264 -1.2889971733093262
v 0.3527514934539795 5.356372833251953 -0.3133922815322876
v -0.08537933975458145 5.029844284057617 -0.8943795561790466
v 0.9709477424621582 5.322074890136719 -1.1335750818252563
v 0.7888479828834534 5.123277187347412 -1.2213574647903442
v 0.610680103302002 4.376813888549805 -0.6926398873329163
v 0.015499971807003021 5.738990306854248 -1.3028252124786377
v 0.0363478809595108 4.9794464111328125 -0.5136704444885254
v 0.7796310782432556 4.331364631652832 -0.5485041737556458
v -0.045749764889478683 5.9408392906188965 -1.5706428289413452
v 0.8627427220344543 5.405643939971924 -1.1249687671661377
v 0.7519054412841797 5.867126941680908 -0.8188508749008179
v 0.11275562644004822 5.401278495788574 -1.3528695106506348
v 1.1488678455352783 5.186513423919678 -0.7553129196166992
v 0.9467877149581909 4.4185686111450195 -0.6919646859169006
v 0.695560872554779 4.500929355621338 -1.0413272380828857
v 0.3191269338130951 4.4626641273498535 -1.3559776544570923
v 0.19810979068279266 4.389500141143799 -0.4083230793476105
v 0.10050055384635925 5.406001567840576 -0.6769992113113403
v 0.5044056177139282 5.627023696899414 -0.5175549983978271
v -0.03565409407019615 5.040581226348877 -0.7052035331726074
v 1.0520766973495483 5.354696273803711 -0.24981571733951569
v 0.191741943359375 5.159553050994873 -0.4904630482196808
v 0.9793279767036438 5.371984481811523 -0.8876877427101135
v 1.0649051666259766 4.700246810913086 -0.40544477105140686
v 0.7334275245666504 4.711349964141846 -1.2717862129211426
v 1.0314817428588867 4.559689998626709 -0.8471409678459167
v 0.7128523588180542 4.284485816955566 -0.9413158297538757
v 0.03108878992497921 5.586257457733154 -1.2961775064468384
v -0.11700001358985901 4.8513641357421875 -0.8369253873825073
v -0.1486661732196808 4.551426887512207 -0.7495931386947632
v -0.08437696844339371 5.014138698577881 -0.9235993027687073
v 0.03831011429429054 5.48953104019165 -1.2639573812484741
v 0.23620569705963135 5.172004222869873 -0.3896814286708832
v 1.423541784286499 5.174679279327393 -0.0979166105389595
v 0.9450779557228088 5.093729496002197 -1.0930780172348022
v 0.6170140504837036 5.2005696296691895 -1.3333054780960083
v 0.5881835222244263 5.172117710113525 -1.3578029870986938
v 0.729554295539856 4.694421768188477 -0.16837327182292938
v 0.5649999976158142 5.051304817199707 -1.3319844007492065
v 1.1249210834503174 4.737887859344482 -0.8064796924591064
v 0.9727905988693237 5.060899257659912 -1.1010183095932007
v 0.25756481289863586 5.234663963317871 -1.4305000305175781
v 0.09972812235355377 4.452795028686523 -1.0033496618270874
v -0.22609670460224152 5.183707237243652 -1.1663177013397217
v 0.9975946545600891 4.803015232086182 -1.029218077659607
v 0.3273487091064453 4.465188980102539 -0.8981513381004333
v 0.46937766671180725 5.704663276672363 -0.6081939339637756
v -0.08596853911876678 5.025720119476318 -0.9035126566886902
v 0.13944999873638153 4.765559673309326 -0.4340365529060364
v 0.09346702694892883 5.341380596160889 -1.4735949039459229
v 0.734605073928833 5.57367467880249 -0.49204495549201965
v 0.2637028098106384 5.237912654876709 -0.318927526473999
v 1.0574531555175781 5.10237455368042 -0.23311704397201538
v 0.837529718875885 4.913968563079834 -1.2507210969924927
v -0.16203944385051727 5.132420063018799 -0.9668383598327637
v 0.21913594007492065 4.469540119171143 -0.4240679144859314
v -0.1827782243490219 5.253182888031006 -1.0945985317230225
v 0.956844687461853 5.3705973625183105 -0.9034562706947327
v 0.6182993650436401 5.6149139404296875 -0.48171716928482056
v 1.4276643991470337 5.127303123474121 -0.07807574421167374
v 1.3957502841949463 5.229856491088867 -0.14641016721725464
v 0.5954890847206116 5.618929386138916 -0.48435869812965393
v 1.1110831499099731 5.3747382164001465 -0.21702300012111664
v 0.19515858590602875 4.389268398284912 -0.4516468644142151
v 0.9758379459381104 5.324501991271973 -0.2709980309009552
v 0.6415834426879883 5.248968601226807 -1.3291041851043701
v 1.2349079847335815 4.963111877441406 -0.1153494268655777
v 1.0475000143051147 4.877331256866455 -0.24998077750205994
v 0.26393866539001465 5.109385967254639 -1.5069761276245117
v 1.070457100868225 4.803154468536377 -0.21984145045280457
v 0.33400458097457886 4.480131149291992 -0.57792067527771
v 1.1897358894348145 4.953499794006348 -0.4776451289653778
v 1.1676571369171143 5.04010009765625 -0.8449139595031738
v 0.3947174847126007 5.0778913497924805 -0.20015214383602142
v 0.003411289304494858 4.485766887664795 -0.6937124133110046
v 0.3271617293357849 4.399272441864014 -1.0465656518936157
v 0.7480627298355103 4.293419361114502 -0.9438191056251526
v 0.6090906262397766 5.009109973907471 -0.11007996648550034
v 0.0027558289002627134 4.994531631469727 -0.5982541441917419
v -0.10639411956071854 4.872405052185059 -0.7625800967216492
v 0.7316319346427917 4.992621898651123 -1.2709718942642212
v 1.2794440984725952 4.8806657791137695 0.036222249269485474
v 1.0124843120574951 4.800020694732666 -1.0185825824737549
v 0.3317409157752991 4.384368419647217 -1.0599781274795532
v 0.5177401900291443 4.47909688949585 -0.9730664491653442
v 0.6563018560409546 4.567134380340576 -0.23213325440883636
v 1.075028896331787 5.009644508361816 -0.28025612235069275
v 0.9260354042053223 4.815180778503418 -1.0897903442382812
v 1.3328676223754883 5.285404682159424 -0.23489169776439667
v 0.4508516490459442 5.51052188873291 -0.38876399397850037
v 0.5807416439056396 5.796573638916016 -0.831352949142456
v 0.48002588748931885 4.898050308227539 -0.12423399835824966
v 0.9537192583084106 5.021795272827148 -1.1169240474700928
v 0.1808009147644043 4.672578811645508 -1.150925874710083
v 1.0836890935897827 5.364472389221191 -0.2354409247636795
v 0.3631156086921692 5.468376636505127 -1.296651005744934
v 0.06810519099235535 4.59748649597168 -0.5930790901184082
v 1.104556918144226 5.151634216308594 -0.8529064655303955
v 0.7850193977355957 4.666259765625 -0.20312157273292542
v 0.30010345578193665 4.466518878936768 -1.3506507873535156
v -0.014898859895765781 4.755050182342529 -0.5677482485771179
v 0.8750512599945068 4.6639299392700195 -0.23210421204566956
v 0.4090803563594818 5.6829681396484375 -0.6140652298927307
v 0.8658837080001831 5.3583903312683105 -1.1985410451889038
v -0.07640402764081955 4.527839183807373 -1.0057655572891235
v -0.046058714389801025 5.014138221740723 -0.7012444138526917
v 0.42844918370246887 5.284219741821289 -1.4178534746170044
v -0.043355681002140045 5.154613971710205 -0.7131006121635437
v 0.4505471885204315 4.455197334289551 -0.7674638628959656
v 0.48402515053749084 4.2850751876831055 -0.4254209101200104
v -0.08456260710954666 4.816019535064697 -0.9219608306884766
v 0.4874359667301178 4.2817254066467285 -0.4619540870189667
v 1.056712031364441 5.080009937286377 -0.23047475516796112
v 1.0820683240890503 4.69685173034668 -0.047985903918743134
v 1.0250047445297241 4.80729866027832 -0.25614216923713684
v -0.04334971681237221 5.035672187805176 -0.680409848690033
v 0.7245475053787231 4.295381546020508 -0.9487634897232056
v 0.7982957363128662 5.775408744812012 -0.6919359564781189
v 0.19446268677711487 4.46207857131958 -1.2349698543548584
v 1.0270496606826782 4.672431945800781 -0.11639469861984253
v 0.04372892528772354 5.183752536773682 -1.5552526712417603
v -0.014092794619500637 5.417766571044922 -1.1956777572631836
v 0.19398900866508484 4.38949728012085 -0.44393959641456604
v 0.9194033145904541 4.962351322174072 -1.1551636457443237
v 0.5729650259017944 4.410457134246826 -0.6546872854232788
v 1.0901925563812256 4.778886795043945 -0.9453763365745544
v 0.7631087303161621 5.913747787475586 -0.6812565922737122
v 0.5786290168762207 4.374629020690918 -0.35651442408561707
v 0.3596786558628082 4.473330497741699 -0.8668213486671448
v 0.5849706530570984 5.131254196166992 -1.336593508720398
v -0.0570107139647007 5.369715213775635 -0.7873937487602234
v 1.0539860725402832 4.530486106872559 -0.6649167537689209
v 0.6249467134475708 5.814274787902832 -0.8020533323287964
v 0.4259866178035736 4.302902698516846 -0.5721108317375183
v 0.7648309469223022 5.354177951812744 -1.2701863050460815
v 1.0393437147140503 4.785882949829102 -0.24823248386383057
v 0.8218345046043396 5.127762317657471 -0.15317989885807037
v 0.09775692969560623 5.146081447601318 -0.5087907910346985
v 0.8802537322044373 4.226249694824219 -0.7352585792541504
v 0.9255726933479309 5.3015642166137695 -0.27220937609672546
v 0.565484881401062 4.549107551574707 -0.21360020339488983
v 0.43021073937416077 4.427188396453857 -1.337618350982666
v 0.868428647518158 4.229146957397461 -0.7096341252326965
v 0.2387908697128296 5.576790809631348 -1.111956238746643
v 0.132859468460083 5.445685863494873 -0.5602691769599915
v 1.1035648584365845 5.057056427001953 -0.36787861585617065
v -0.07620852440595627 5.357093334197998 -0.8294171094894409
v 0.008999964222311974 5.503260135650635 -0.9611043334007263
v 0.6496771574020386 4.859426975250244 -0.11734144389629364
v 0.8985733389854431 5.395567417144775 -1.1006346940994263
v -0.002876256825402379 4.998554706573486 -0.6115297675132751
v 0.8700135350227356 4.611494541168213 -0.29201677441596985
v 0.6001610159873962 4.87177848815918 -0.1213325783610344
v 0.5129261612892151 4.309629440307617 -0.29579025506973267
v 0.29636871814727783 4.950002193450928 -0.23450277745723724
v 0.04484286531805992 5.762471675872803 -1.5353716611862183
v 0.07593441754579544 5.413175582885742 -0.6695519089698792
v 0.4416111409664154 5.296262741088867 -1.4105204343795776
v -0.16878242790699005 5.134259223937988 -0.9860943555831909
v 0.39461007714271545 4.9208292961120605 -0.16815829277038574
v 0.5963591933250427 4.495676040649414 -1.1393661499023438
v 0.43118593096733093 4.295153617858887 -0.5577564835548401
v 0.2211247682571411 5.45567512512207 -0.42081281542778015
v 0.48251956701278687 4.722340106964111 -1.371260166168213
v 0.45311591029167175 5.650330066680908 -0.5574407577514648
v 1.1525102853775024 5.059741497039795 -0.8904795050621033
v -0.1450464278459549 5.130476951599121 -0.8938250541687012
v 0.2359994500875473 4.513823509216309 -0.6761476993560791
v 1.1098867654800415 4.662811279296875 -0.6032170653343201
v 0.6629837155342102 4.25957727432251 -0.6981708407402039
v 0.47327494621276855 4.449524879455566 -0.7350375056266785
v 1.1817113161087036 4.889437198638916 -0.124805748462677
v 0.8106562495231628 5.850454330444336 -0.7025651335716248
v 0.706581175327301 4.453903675079346 -1.0129315853118896
v 0.19772709906101227 4.546255588531494 -0.44515493512153625
v 1.0506001710891724 4.681578159332275 -0.3916889727115631
v -0.12499269843101501 5.73902702331543 -1.422503113746643
v 0.9790951013565063 5.371933937072754 -0.8879712820053101
v 0.7810421586036682 5.783761501312256 -0.7331960201263428
v -0.04383379593491554 5.41312837600708 -1.189820408821106
v -0.05398295074701309 4.520660877227783 -1.0191535949707031
v 1.160374641418457 4.743567943572998 0.00030659991898573935
v -0.12814614176750183 4.542572975158691 -0.7231736183166504
v 0.7899538278579712 5.905407428741455 -0.7050383687019348
v 0.48310160636901855 4.379894256591797 -1.107995867729187
v 0.26933881640434265 5.437106609344482 -0.3592708110809326
v 0.13339625298976898 5.031081676483154 -0.3794182240962982
v 0.16124562919139862 4.992055416107178 -0.36837318539619446
v 0.01150001771748066 5.478456974029541 -1.0161173343658447
v 0.02786867693066597 5.616156578063965 -1.2934342622756958
v 0.7208436727523804 5.408692836761475 -1.2456563711166382
v -0.14735962450504303 5.657881736755371 -1.4112602472305298
v 1.0233644247055054 4.653713226318359 -0.372410386800766
v 1.0090595483779907 4.570470333099365 -0.8929106593132019
v 0.9499016404151917 4.416228294372559 -0.6539489030838013
v -0.02321101352572441 5.41537618637085 -1.1937202215194702
v 0.08096638321876526 5.346292018890381 -0.690463125705719
v 0.6340087652206421 4.271495342254639 -0.7521798014640808
v 0.939602255821228 4.934520721435547 -0.16025513410568237
v 1.0876880884170532 4.779677391052246 -0.9497261047363281
v 0.9851318597793579 4.959763050079346 -0.1900528073310852
v 0.2839809060096741 4.953525543212891 -0.24032917618751526
v 0.9695845246315002 4.64651346206665 -0.2073882818222046
v -0.14960551261901855 5.130398750305176 -0.920426607131958
v 0.3322967290878296 5.3852152824401855 -0.3229837119579315
v -0.06634365767240524 4.955436706542969 -1.0185320377349854
v 0.8524162173271179 5.40761661529541 -1.1313793659210205
v 0.9502527713775635 5.331214904785156 -1.1415324211120605
v 0.3370746076107025 4.417664051055908 -0.5613582730293274
v 1.1153768301010132 4.683130264282227 -0.5459238290786743
v 1.1148874759674072 5.158562660217285 -0.8224312663078308
v 0.5303196310997009 4.820266246795654 -1.3490591049194336
v 0.023586848750710487 4.983469009399414 -0.5457952618598938
v 0.018580516800284386 5.188896656036377 -0.658957302570343
v 1.019879698753357 4.637551784515381 -0.29118868708610535
v -0.21968740224838257 5.260395526885986 -1.1250921487808228
v 0.8619217276573181 4.882441520690918 -0.12497065216302872
v 0.5511515736579895 5.475948810577393 -0.38477998971939087
v 0.9959999918937683 5.281175136566162 -1.108837604522705
v 0.10960648208856583 5.437864303588867 -1.2977935075759888
v 0.808992862701416 5.735505104064941 -0.7975914478302002
v 0.8102685213088989 5.06525182723999 -1.2022603750228882
v 0.2527715563774109 5.589756011962891 -1.1002284288406372
v 0.7354646921157837 5.631422519683838 -0.5477957129478455
v 0.033060505986213684 5.657432556152344 -1.5271885395050049
v 1.1361290216445923 4.987690448760986 -0.41014188528060913
v 1.0326428413391113 4.730875015258789 -0.30148229002952576
v 0.008999964222311974 5.503220081329346 -0.9612533450126648
v 0.2558736503124237 5.592392921447754 -1.0971263647079468
v 0.5923461318016052 5.014043807983398 -0.11126095056533813
v 0.6329894661903381 4.993425369262695 -1.3795424699783325
v 0.2764859199523926 4.365004539489746 -0.5789344906806946
v 0.8572126030921936 5.568714618682861 -0.9802874326705933
v 0.5669618844985962 5.0375285148620605 -1.3394237756729126
v 0.6039838194847107 5.171657562255859 -1.3351550102233887
v 0.01600727252662182 5.703295707702637 -1.2944635152816772
v 0.982974648475647 5.372776985168457 -0.8832483291625977
v 0.9637829065322876 5.502473831176758 -0.7924407124519348
v 0.6863350868225098 4.298711776733398 -0.932224690914154
v 0.3360085189342499 4.410556793212891 -0.5610028505325317
v 0.2647266685962677 5.4323201179504395 -1.3319733142852783
v 0.8664669990539551 5.404906749725342 -1.1227197647094727
v 1.4105247259140015 5.205529689788818 -0.12168712913990021
v 0.7800899147987366 4.345529079437256 -0.5335609316825867
v 0.5376585125923157 5.122365951538086 -1.3873170614242554
v 0.08617102354764938 5.29925012588501 -0.601671040058136
v 1.4144102334976196 5.198057651519775 -0.11481279134750366
v 0.6953513622283936 5.377285480499268 -1.2690496444702148
v -0.11337568610906601 5.7813568115234375 -1.4277459383010864
v 0.7563803195953369 5.631247043609619 -0.9749504327774048
v 0.9959999918937683 5.258289813995361 -1.0985127687454224
v 0.48919519782066345 5.718053340911865 -0.6170063614845276
v 0.4553937315940857 5.04985237121582 -0.15540334582328796
v 0.2598487138748169 4.47918176651001 -1.3282426595687866
v 0.9475799202919006 4.417340278625488 -0.6770208477973938
v 1.117304801940918 5.17374324798584 -0.42015767097473145
v 0.8859077095985413 4.226646423339844 -0.7534537315368652
v 0.1651080846786499 4.992927551269531 -0.36637967824935913
v 1.0013283491134644 4.585160255432129 -0.47783535718917847
v 0.7515172362327576 5.349907398223877 -1.2748972177505493
v 0.8559999465942383 5.615872859954834 -0.8691949248313904
v 0.9793546795845032 5.3259406089782715 -0.269559383392334
v 0.5994923710823059 4.788503646850586 -1.3310024738311768
v 0.16861991584300995 4.431456089019775 -0.8169916868209839
v 0.2554020583629608 4.3730340003967285 -0.5633978247642517
v 0.4719058871269226 4.458051681518555 -0.854345977306366
v 0.817480206489563 5.896490573883057 -0.7689113616943359
v 0.33947768807411194 4.448789596557617 -0.5648056864738464
v 0.5268610119819641 5.5106072425842285 -1.2798211574554443
v 1.1065319776535034 5.08529806137085 -0.9468563795089722
v 0.7838062644004822 5.747567653656006 -0.7369731068611145
v 1.243328332901001 5.300422191619873 -0.33272629976272583
v -0.06644336879253387 4.804218292236328 -0.9480778574943542
v -0.057218506932258606 5.4089436531066895 -1.188147783279419
v 0.7669666409492493 5.738710880279541 -0.6573885679244995
v -0.036441344767808914 5.038249492645264 -0.7052792906761169
v 0.497171550989151 4.392527103424072 -1.270904779434204
v 0.6145615577697754 4.395053863525391 -0.6796388030052185
v 0.9466729164123535 4.418740749359131 -0.6939737796783447
v -0.09424413740634918 4.739694595336914 -0.7169037461280823
v -0.02388003095984459 4.911067962646484 -1.134307861328125
v 1.181646466255188 4.840759754180908 -0.6961177587509155
v 0.2235334813594818 4.44684362411499 -0.42606687545776367
v -0.0052464487962424755 5.952248573303223 -1.4120025634765625
v 0.6491109132766724 5.8064775466918945 -0.7198447585105896
v 0.35694658756256104 4.581373691558838 -0.2459503710269928
v 0.3308773636817932 4.46630334854126 -0.8946225643157959
v 0.3815666437149048 5.6897664070129395 -0.6909667253494263
v 0.6239688396453857 4.414028167724609 -0.3811459243297577
v 0.7852762937545776 5.13608980178833 -0.13750174641609192
v 0.8256602883338928 4.8879899978637695 -0.10649996995925903
v 0.5108864307403564 5.672807693481445 -0.9833088517189026
v 0.37136077880859375 5.261626243591309 -1.4298733472824097
v 0.12618833780288696 4.450007915496826 -0.7432642579078674
v -0.17249202728271484 4.553492069244385 -0.8372148275375366
v 0.4160338044166565 4.432034969329834 -1.3464314937591553
v 0.33012330532073975 4.466064929962158 -0.8953767418861389
v 1.013899803161621 4.66740608215332 -0.1350591778755188
v 1.1585402488708496 5.195424556732178 -0.723147988319397
v 0.9742856621742249 5.501589298248291 -0.8454281091690063
v 0.3860085606575012 4.345997333526611 -0.25999996066093445
v 0.8282966613769531 5.1065239906311035 -1.1928398609161377
v 0.8199026584625244 5.814995765686035 -0.7768306732177734
v -0.18233881890773773 5.330680847167969 -1.2442187070846558
v 0.40799152851104736 5.272092342376709 -1.4224309921264648
v 0.10594484955072403 5.447036266326904 -1.2859086990356445
v 0.679408609867096 5.306072235107422 -1.3122820854187012
v 0.4206506907939911 4.85421085357666 -1.3704757690429688
v 0.42705580592155457 4.46150016784668 -0.8028453588485718
v -0.06313272565603256 4.944397926330566 -1.0354160070419312
v 0.28537464141845703 4.3738250732421875 -0.28787925839424133
v 0.10768306255340576 5.170707702636719 -0.5192146897315979
v 1.196502447128296 4.9068603515625 -0.1172848492860794
v -0.03776467218995094 5.413595199584961 -1.1909875869750977
v 0.8022240400314331 5.774534225463867 -0.7075684666633606
v 0.8447710275650024 5.409145832061768 -1.136348843574524
v 0.25310218334198 4.373834133148193 -0.5609979629516602
v 0.7336366772651672 5.934500217437744 -0.7559099793434143
v 1.048294186592102 4.897885322570801 -0.24502867460250854
v 1.1873401403427124 4.73057746887207 -0.20226550102233887
v 0.7870297431945801 5.765976428985596 -0.7250476479530334
v 0.4317229390144348 5.691511631011963 -0.9268012642860413
v 0.2370399832725525 4.384765625 -0.3280528783798218
v 0.7762717008590698 4.311472415924072 -0.5706416964530945
v 0.7088037133216858 5.396543979644775 -1.259936809539795
v -0.2207333743572235 5.300266742706299 -1.2929191589355469
v 0.2503947615623474 5.111170291900635 -1.509462594985962
v 0.04516281560063362 5.182571887969971 -1.5540717840194702
v -0.1619153469800949 4.55349063873291 -0.8872445821762085
v 0.7455984354019165 5.732081890106201 -0.8784672617912292
v 0.47581788897514343 5.709217548370361 -0.611133873462677
v 0.6254701614379883 5.217478275299072 -1.3320757150650024
v 0.7474351525306702 4.250651836395264 -0.9712613224983215
v 1.1336748600006104 4.68779993057251 -0.2261124700307846
v 0.5769362449645996 4.421910285949707 -0.604846715927124
v 0.824206531047821 4.239789962768555 -0.6406264901161194
v 0.8741258382797241 5.560856819152832 -0.960552453994751
v -0.15265238285064697 5.600385665893555 -1.4030429124832153
v 0.7330677509307861 5.415213584899902 -1.2317190170288086
v -0.14447802305221558 5.358017444610596 -1.2149842977523804
v 0.5185586214065552 4.380331039428711 -1.2321034669876099
v 0.045212820172309875 5.7656779289245605 -1.536851406097412
v 1.2207568883895874 5.297910213470459 -0.3509655296802521
v 0.21658025681972504 4.483217239379883 -0.42337778210639954
v 0.13438500463962555 4.433948040008545 -0.8807777166366577
v 1.1670149564743042 5.20288610458374 -0.6961976289749146
v 1.033206820487976 4.754098892211914 -0.2221119999885559
v 0.9443309307098389 5.333637237548828 -1.1450318098068237
v 0.16114702820777893 5.131391525268555 -1.534160852432251
v 0.29572975635528564 5.618144989013672 -1.059794306755066
v 0.24332374334335327 5.177632808685303 -0.363115131855011
v 0.018000025302171707 5.574281692504883 -1.5291272401809692
v 1.1591410636901855 4.889049053192139 -0.43804606795310974
v 0.9531144499778748 5.21513032913208 -1.119471788406372
v 0.685718297958374 4.516660213470459 -1.05502450466156
v -0.1361970156431198 5.7000226974487305 -1.4171515703201294
v 0.7627884149551392 5.913705348968506 -0.6813845634460449
v -0.17241334915161133 4.553413391113281 -0.8393399119377136
v 0.3111586570739746 4.500341415405273 -0.6231504082679749
v 0.7224228978157043 5.766654014587402 -0.8161534070968628
v 0.2721748352050781 4.474505424499512 -1.3385565280914307
v 0.1394405961036682 5.223167896270752 -0.535530686378479
v 0.5526262521743774 4.465086460113525 -0.9427242875099182
v 0.9506978392601013 5.3438215255737305 -0.3406424820423126
v 0.48282337188720703 4.8380513191223145 -1.355544090270996
v 0.2678554356098175 4.72914981842041 -0.2966393530368805
v 0.18081749975681305 4.682833671569824 -1.140277624130249
v 1.0334552526474 4.753167629241943 -0.22074611485004425
v 0.9514082670211792 5.1846537590026855 -1.1116735935211182
v 0.4682827889919281 5.64145040512085 -0.5451282262802124
v 0.9487600326538086 5.063199996948242 -0.165849968791008
v 1.098941445350647 5.302391529083252 -0.6546173691749573
v 0.659196138381958 5.211174011230469 -1.3143963813781738
v 0.7394457459449768 5.644837379455566 -0.5545993447303772
v 0.48764434456825256 4.478018283843994 -1.007051944732666
v 0.9356300830841064 5.335813045501709 -0.31694307923316956
v 0.17646092176437378 4.455484390258789 -0.8986828327178955
v 1.1160000562667847 4.693742275238037 -0.5229348540306091
v -0.0003034559194929898 5.46302604675293 -0.8478800654411316
v 0.3049771189689636 5.106191158294678 -1.4958016872406006
v 1.024828314781189 5.287343502044678 -1.0146890878677368
v 0.4593426585197449 5.315211296081543 -1.3975259065628052
v 0.4641773998737335 5.320820331573486 -1.393143892288208
v 0.1979193389415741 4.545371055603027 -0.44469356536865234
v 0.9482523202896118 4.420752048492432 -0.7254120111465454
v 0.0675673708319664 4.462495803833008 -1.0118305683135986
v 0.26356035470962524 4.479162693023682 -0.9369820356369019
v 1.096331000328064 5.075175762176514 -0.3579237461090088
v 0.7862338423728943 4.9177961349487305 -1.3206028938293457
v 0.07820430397987366 4.978259086608887 -0.4357399642467499
v 0.2969273328781128 4.461241245269775 -0.9337203502655029
v 0.07766100019216537 5.170296669006348 -0.6493390202522278
v 0.4285723865032196 4.461479663848877 -0.8009225130081177
v -0.17653530836105347 5.3351945877075195 -1.2380928993225098
v -0.014375335536897182 4.498686790466309 -0.6511737108230591
v 0.761589765548706 5.300443649291992 -0.1744813323020935
v 0.884474515914917 4.928050518035889 -1.2019405364990234
v -0.032217781990766525 5.055811405181885 -0.7024294137954712
v 0.9128974080085754 5.017696380615234 -0.14159822463989258
v 1.077057123184204 5.189341068267822 -0.23668740689754486
v 0.7560654878616333 4.698877334594727 -1.2556477785110474
v 0.17127776145935059 4.597555637359619 -1.1964398622512817
v 1.0483015775680542 4.898033618927002 -0.2449914813041687
v 0.7592579126358032 4.77036714553833 -0.12909364700317383
v 0.7276674509048462 5.413551330566406 -1.2387808561325073
v 0.2657032012939453 5.59974479675293 -1.0874686241149902
v 0.09318826347589493 5.38571310043335 -0.6821631789207458
v -0.10053375363349915 5.214898109436035 -1.4766439199447632
v 0.38322654366493225 5.473984241485596 -1.2898032665252686
v 0.6373659372329712 5.805243968963623 -0.7495973706245422
v 0.9250254034996033 4.925915241241455 -0.1524321287870407
v 0.7139440178871155 4.370339393615723 -0.9976398348808289
v 0.7550956010818481 5.690425872802734 -0.9234392642974854
v 1.0837403535842896 5.316397666931152 -0.6860027313232422
v 0.09830156713724136 5.400381565093994 -0.6779770255088806
v 0.6692372560501099 5.600288391113281 -0.48558473587036133
v 0.7768844962120056 5.878576755523682 -0.6786538362503052
v 1.269370198249817 5.131228923797607 -0.08255936950445175
v 0.8717090487480164 4.249663829803467 -0.8686090707778931
v 0.3671140670776367 5.090601444244385 -0.2209935337305069
v 0.7904667854309082 5.763226509094238 -0.7305469512939453
v 1.078992247581482 5.0943098068237305 -0.970160722732544
v 1.0617607831954956 4.696263790130615 -0.40251001715660095
v 0.16353365778923035 4.449487686157227 -0.7700585722923279
v 0.7674444913864136 5.567322254180908 -0.47832220792770386
v -0.09867516160011292 4.881488800048828 -0.7322006821632385
v 0.018000025302171707 5.5810441970825195 -1.528999924659729
v 0.7122277021408081 5.611724853515625 -1.0504353046417236
v 1.0803687572479248 5.3634419441223145 -0.23738731443881989
v 0.06993215531110764 5.460262775421143 -1.2156399488449097
v 1.1134999990463257 4.675220966339111 -0.5661976337432861
v 0.3295721411705017 4.465890884399414 -0.895927906036377
v 0.10992183536291122 5.176112651824951 -0.5210375189781189
v 0.31490665674209595 4.427012920379639 -1.0286033153533936
v 0.09796101599931717 5.399511337280273 -0.6781284809112549
v 0.03420941159129143 5.940881729125977 -1.4998177289962769
v 0.3349326550960541 5.639966011047363 -1.0200774669647217
v 0.3351413309574127 4.396109104156494 -0.561500072479248
v 1.1977334022521973 4.952533721923828 -0.5388665199279785
v 0.20993483066558838 4.8043212890625 -0.35207778215408325
v 0.11785077303647995 5.441402912139893 -0.5838432312011719
v 0.5582694411277771 4.446523189544678 -0.9322846531867981
v 1.0518181324005127 4.5442047119140625 -0.7368858456611633
v 1.1416995525360107 4.974531173706055 -0.4161994159221649
v 1.2499949932098389 5.188955307006836 -0.10728003829717636
v -0.11770299822092056 5.252825736999512 -1.4867165088653564
v 0.7515477538108826 5.783332347869873 -0.7789522409439087
v 1.1583725214004517 4.885513782501221 -0.4394294321537018
v 0.9150857329368591 5.1501784324646 -1.1207071542739868
v 0.9657317996025085 5.5013957023620605 -0.8025316596031189
v 0.9966388940811157 5.330198287963867 -1.0328493118286133
v -0.15355996787548065 5.576081275939941 -1.4007002115249634
v -0.07290288805961609 5.161949634552002 -1.4508705139160156
v 0.8782351016998291 4.968594551086426 -0.12003158777952194
v 0.6040417551994324 5.184406280517578 -1.3486613035202026
v -0.09959601610898972 4.827726364135742 -0.8960476517677307
v 0.8974465727806091 5.548821449279785 -0.9289641976356506
v -0.042597174644470215 5.1555891036987305 -0.712378203868866
v 0.06372661888599396 5.30265474319458 -0.6974676847457886
v 0.6501506567001343 4.859273910522461 -0.11721920967102051
v 0.7452092170715332 5.733206272125244 -0.8770858645439148
v 0.31284433603286743 4.353603839874268 -0.5866724848747253
v 0.2807009220123291 5.439176559448242 -1.3278032541275024
v 0.10821562260389328 5.473493576049805 -1.1799137592315674
v 0.5753989219665527 5.018071174621582 -0.111061230301857
v 0.8553414940834045 5.644826412200928 -0.865574300289154
v -0.0010289220372214913 4.518706798553467 -0.643826425075531
v 0.9118217825889587 5.389358997344971 -1.0905187129974365
v 0.2918618321418762 5.107459545135498 -1.5003793239593506
v 0.12093450874090195 5.195897579193115 -0.5279631018638611
v 0.787077009677887 5.127802848815918 -1.2229315042495728
v 0.7291406393051147 4.693111896514893 -0.16933853924274445
v 0.035409361124038696 4.567239284515381 -0.6187605261802673
v -0.1508854627609253 5.633603572845459 -1.407286286354065
v 0.9455649852752686 5.059206008911133 -0.16385306417942047
v 0.37870699167251587 5.263323783874512 -1.4281762838363647
v 1.034000039100647 4.739139556884766 -0.29136204719543457
v 1.0226572751998901 5.291685104370117 -1.0163776874542236
v -0.05590540170669556 5.409398555755615 -1.1882994174957275
v 0.2576025426387787 5.427634239196777 -1.3333542346954346
v 1.1974999904632568 4.952791690826416 -0.5315834283828735
v -0.04079629108309746 5.032280445098877 -0.6787022948265076
v 0.47839298844337463 5.041688442230225 -0.14283491671085358
v 0.9605376124382019 5.371354579925537 -0.9006995558738708
v 1.3686128854751587 5.129594326019287 0.06660604476928711
v 0.48372772336006165 5.6911773681640625 -0.8733432292938232
v 1.4269161224365234 5.157199859619141 -0.08880787342786789
v 1.1439653635025024 5.182742595672607 -0.7654951810836792
v 0.9916567206382751 5.1865620613098145 -0.23993758857250214
v 0.6697825193405151 4.573524475097656 -0.23158876597881317
v 0.9603397846221924 4.4217209815979 -0.5905961990356445
v 0.2448110580444336 4.760189533233643 -0.3155641555786133
v 0.5188233256340027 4.888184070587158 -0.11431097239255905
v -0.18485194444656372 5.32877779006958 -1.2467963695526123
v 1.3560798168182373 5.105443477630615 0.07399611920118332
v 0.45045289397239685 4.904636859893799 -0.13534720242023468
v 0.2869403064250946 5.290351390838623 -0.31217676401138306
v 0.2383417934179306 5.412006378173828 -1.3356645107269287
v 0.5443800687789917 5.748579978942871 -0.645300030708313
v 0.00541804451495409 5.463788986206055 -0.8589416146278381
v 0.7033138275146484 4.475320816040039 -1.0224310159683228
v 0.738602876663208 5.807892799377441 -0.668612003326416
v 0.9390607476234436 5.030742645263672 -1.0846952199935913
v 0.014286762103438377 4.987999439239502 -0.5694975852966309
v 0.17835575342178345 4.473211288452148 -0.7373901605606079
v -0.1594485193490982 5.2683916091918945 -1.0228767395019531
v 0.42951837182044983 5.131571292877197 -1.4797706604003906
v 0.2823925316333771 4.7100090980529785 -0.2873036563396454
v 0.7891713976860046 5.575511455535889 -0.4765680134296417
v 1.055586576461792 5.117306709289551 -0.23641330003738403
v 0.015919042751193047 4.987237453460693 -0.5656888484954834
v 0.85596764087677 5.62466287612915 -0.8674677014350891
v 0.5056166648864746 4.363682746887207 -0.5628539323806763
v 0.7499162554740906 4.7010698318481445 -1.2605698108673096
v -0.15227438509464264 5.6110429763793945 -1.4041768312454224
v 1.0061205625534058 4.8011884689331055 -1.0231282711029053
v 0.635399580001831 5.637304782867432 -1.051127314567566
v 1.4089056253433228 5.208590030670166 -0.12444113194942474
v 0.5724032521247864 5.792788982391357 -0.8375725150108337
v 0.04146481305360794 5.263503074645996 -0.6994999647140503
v 0.1499658226966858 4.765141487121582 -0.4295550286769867
v 0.6009234189987183 5.802027702331543 -0.8184158205986023
v 0.2863357365131378 5.240480899810791 -1.4328268766403198
v 0.4761762320995331 4.449202537536621 -0.731330394744873
v 0.49888837337493896 5.715998649597168 -0.8729073405265808
v -0.152241051197052 5.284300804138184 -0.9835726618766785
v 1.1188775300979614 5.1616530418396 -0.4044283926486969
v 0.75337815284729 4.699817657470703 -1.2577974796295166
v 0.14788572490215302 4.989286422729492 -0.37528321146965027
v -0.06457358598709106 4.499512195587158 -0.6970221400260925
v 0.007624296937137842 5.218844413757324 -0.6628756523132324
v 0.6394133567810059 4.988071918487549 -1.37900710105896
v 1.3647217750549316 5.264398574829102 -0.1919977068901062
v 1.0967326164245605 5.208415508270264 -0.22551153600215912
v -0.09444252401590347 5.3417840003967285 -0.8663850426673889
v 0.8904210925102234 5.55186128616333 -0.9379401803016663
v 0.28450390696525574 4.459200859069824 -0.9501614570617676
v 1.0432945489883423 4.856531143188477 -0.2542790472507477
v 1.2632513046264648 5.389221668243408 -0.07635960727930069
v 0.32808706164360046 4.349390029907227 -0.5864999890327454
v 0.1867634654045105 4.998920917510986 -0.35451292991638184
v 0.011025980114936829 5.459373474121094 -1.039870023727417
v 0.8789416551589966 4.678429126739502 -0.2253958135843277
v 0.04416318237781525 5.751079559326172 -1.5302950143814087
v 0.023771455511450768 4.983403205871582 -0.545360267162323
v 0.683684229850769 5.826026439666748 -0.8201929330825806
v 0.12351160496473312 5.164000034332275 -0.5940443277359009
v 0.3206031918525696 4.659588813781738 -0.2737049162387848
v 0.7382028698921204 5.806851387023926 -0.6779056191444397
v 1.2026481628417969 4.915683746337891 -0.11519385874271393
v 0.8749004602432251 4.892286777496338 -0.13000468909740448
v 0.24553392827510834 4.759022235870361 -0.3147300183773041
v 0.661358118057251 5.211738586425781 -1.312880277633667
v 0.9707496762275696 5.322178840637207 -1.1336787939071655
v 0.32602059841156006 4.651029109954834 -0.27133479714393616
v 0.6236624717712402 4.866431713104248 -0.12249993532896042
v 0.19582568109035492 4.46378231048584 -1.2451926469802856
v 1.0083036422729492 5.315714359283447 -1.024598240852356
v 1.1671191453933716 5.2029643058776855 -0.6958327293395996
v 0.03679851070046425 5.249789714813232 -0.6396576762199402
v 0.16777141392230988 4.4302287101745605 -0.8713358044624329
v 0.5157166719436646 4.432672500610352 -0.6938143372535706
v 1.2374628782272339 5.197537422180176 -0.11799394339323044
v 0.3207927644252777 4.747386932373047 -1.350118637084961
v 0.33366283774375916 4.34721565246582 -0.5860539078712463
v 1.0745357275009155 5.3286967277526855 -0.7136785984039307
v 1.1122863292694092 5.194103240966797 -0.44210314750671387
v 1.1762291193008423 4.760449409484863 -0.7480950355529785
v 0.7495492696762085 4.293207168579102 -0.9433412551879883
v 0.7627003788948059 4.291269302368164 -0.938807487487793
v 0.47496768832206726 4.8403425216674805 -1.3575080633163452
v 0.004320251755416393 4.526730537414551 -0.640433132648468
v 0.08699613064527512 5.337831497192383 -1.4850060939788818
v 0.3569037616252899 4.935359001159668 -0.20311638712882996
v 0.39831769466400146 5.076091289520264 -0.19715189933776855
v 0.2643148601055145 5.441025733947754 -0.3651118576526642
v 0.9066612124443054 5.009261608123779 -0.13738083839416504
v 0.4438706636428833 5.0548906326293945 -0.16173851490020752
v 0.24061915278434753 5.451870918273926 -0.3922174870967865
v -0.22187869250774384 5.299120903015137 -1.2948006391525269
v 1.0510766506195068 4.682104110717773 -0.3920765817165375
v 1.0405000448226929 5.0024003982543945 -0.21809493005275726
v 0.6947543025016785 5.327558517456055 -1.2790098190307617
v 0.8701305389404297 4.643274784088135 -0.2477300763130188
v 0.20317375659942627 4.497630596160889 -0.7108262181282043
v -0.22868694365024567 5.2641215324401855 -1.3329719305038452
v 1.087443232536316 4.733911514282227 -0.42844322323799133
v 0.20946404337882996 4.452043056488037 -1.1463329792022705
v -0.09542941302061081 5.95385217666626 -1.4410983324050903
v 0.5649999976158142 5.04056978225708 -1.3350515365600586
v 0.7626627683639526 5.052454471588135 -1.2372944355010986
v -0.15420113503932953 5.28104829788208 -0.9905538558959961
v 0.3699292540550232 5.261282920837402 -1.4302170276641846
v 1.1174999475479126 4.710091590881348 -0.4937138259410858
v 0.3144201636314392 4.668813705444336 -0.2762340009212494
v -0.12218402326107025 4.539010524749756 -0.7156331539154053
v 1.0480101108551025 4.892204284667969 -0.24644893407821655
v 0.5146867632865906 4.306548118591309 -0.2968173027038574
v -0.08500001579523087 5.035162448883057 -0.8835847973823547
v 0.9822266101837158 4.652863025665283 -0.18361465632915497
v -0.09125471115112305 4.741247653961182 -0.7092607617378235
v 0.6820217370986938 5.62217378616333 -1.0505000352859497
v -0.16434599459171295 5.133049011230469 -0.9733387231826782
v 0.5986093282699585 5.357687473297119 -0.2360469102859497
v 0.3346307575702667 4.36064338684082 -0.27008241415023804
v -0.006201266776770353 4.488615036010742 -0.6926442980766296
v 0.3091394603252411 5.34012508392334 -0.3079134523868561
v 0.35166704654693604 5.098166465759277 -0.23007115721702576
v 1.265984296798706 5.015369415283203 -0.10728270560503006
v 0.9551370143890381 5.253899574279785 -1.1269999742507935
v 0.6112032532691956 5.1876068115234375 -1.3341995477676392
v 0.05283240228891373 5.176857948303223 -1.5490717887878418
v 0.76358562707901 4.651890754699707 -0.21020717918872833
v 1.112089991569519 5.219452381134033 -0.21683883666992188
v 0.7738418579101562 5.805995941162109 -0.6589999794960022
v 0.9457335472106934 5.33306360244751 -1.1442028284072876
v 0.3909345865249634 5.687625408172607 -0.6612589359283447
v 0.8172237873077393 5.042988300323486 -1.193595290184021
v 0.1223217323422432 5.442610740661621 -0.5769564509391785
v 0.23688337206840515 4.47208833694458 -0.9225298762321472
v 0.012542694807052612 5.427316665649414 -1.2035443782806396
v 0.6067842245101929 4.427796363830566 -0.6345118880271912
v 0.11098399758338928 5.178661823272705 -0.5218872427940369
v 0.2148398905992508 4.506119728088379 -0.6986600756645203
v 0.7527077198028564 5.702815532684326 -0.9103613495826721
v -0.09609650820493698 4.823688507080078 -0.9041234254837036
v 0.6055895686149597 4.355246067047119 -0.7028208374977112
v 1.1242396831512451 4.739080429077148 -0.8127826452255249
v 0.16842272877693176 4.69950008392334 -1.1105149984359741
v 0.25099867582321167 5.448312759399414 -0.37909552454948425
v 1.4071474075317383 5.045677185058594 -0.06608811020851135
v -0.15556135773658752 5.350950717926025 -1.2210521697998047
v 0.45401570200920105 4.452997207641602 -0.7614738345146179
v 1.180254340171814 4.949127197265625 -0.44781413674354553
v 0.998635470867157 4.574277877807617 -0.9038644433021545
v 1.0910999774932861 5.013216972351074 -0.29101669788360596
v 1.3540377616882324 5.272945880889893 -0.2055644392967224
v -0.14943085610866547 5.354861736297607 -1.2176895141601562
v 1.204990029335022 4.746184825897217 -0.1793624609708786
v 1.006873369216919 5.317774295806885 -1.0254793167114258
v 0.28571465611457825 4.409777641296387 -1.073650598526001
v 1.1963679790496826 5.293512344360352 -0.3657587468624115
v -0.06976133584976196 5.362091064453125 -0.8139317035675049
v 0.5356879234313965 5.1201491355896 -1.3884254693984985
v -0.03371715918183327 4.913858413696289 -1.1131364107131958
v 1.147528886795044 5.063787937164307 -0.9001280665397644
v 0.7808077931404114 5.750020980834961 -0.7390174269676208
v -0.01044235099107027 5.135091304779053 -0.6945000290870667
v 1.1166349649429321 4.698721885681152 -0.5123734474182129
v 0.5073382258415222 5.734402179718018 -0.8744839429855347
v 0.81700599193573 5.097731590270996 -1.2022229433059692
v 0.9472928047180176 4.938975811004639 -0.16500738263130188
v -0.09880761802196503 4.523573875427246 -0.687307596206665
v 0.30887097120285034 4.443005561828613 -1.0136183500289917
v 1.2765001058578491 5.065328121185303 -0.09097960591316223
v 0.21531133353710175 4.486896991729736 -0.42451977729797363
v 0.5934166312217712 4.388324737548828 -0.3626404106616974
v 0.8364201188087463 4.238598823547363 -0.6572290062904358
v 0.41694876551628113 4.4316864013671875 -1.34586501121521
v 0.9654819965362549 4.64398193359375 -0.21656592190265656
v 0.2725244164466858 4.509114742279053 -0.6330329775810242
v 0.41468554735183716 4.732855796813965 -1.3889917135238647
v 0.7096565365791321 5.164903163909912 -0.10730833560228348
v 1.1599327325820923 4.892690181732178 -0.43662121891975403
v 0.12596677243709564 5.027971267700195 -0.38250601291656494
v 0.1705034077167511 4.912944793701172 -1.3441137075424194
v 0.7080869078636169 4.436413764953613 -1.0061087608337402
v 0.41473257541656494 4.914213180541992 -0.15368320047855377
v 1.2730623483657837 5.09801721572876 -0.07945289462804794
v 0.8961403965950012 4.935073375701904 -1.1888229846954346
v 0.26363813877105713 5.235622882843018 -1.4305737018585205
v 0.09994969516992569 4.618648052215576 -0.5738081932067871
v 0.7744662165641785 5.568431377410889 -0.47694817185401917
v -0.13771139085292816 5.303354263305664 -0.9457914233207703
v 0.6313460469245911 5.3382368087768555 -0.21707692742347717
v -0.17701312899589539 5.137938022613525 -1.018202781677246
v 0.4781142473220825 4.448980808258057 -0.7288921475410461
v 0.1673857420682907 4.993442058563232 -0.36520418524742126
v 0.281635582447052 4.363160610198975 -0.5813394784927368
v 0.12047646939754486 4.766626834869385 -0.44144827127456665
v 0.022500019520521164 5.4486403465271 -1.5349173545837402
v 0.9221657514572144 4.8133344650268555 -1.1252702474594116
v 0.5326896905899048 5.026554584503174 -0.11626209318637848
v 0.7319988012313843 4.295133590698242 -0.9482668042182922
v 0.602693498134613 4.394266128540039 -0.9128064513206482
v 0.13069500029087067 5.163174152374268 -0.5809360146522522
v 1.114740252494812 4.681220531463623 -0.5506982803344727
v -0.10645405203104019 5.225722312927246 -1.481139898300171
v 0.42151403427124023 5.279360771179199 -1.4197386503219604
v 0.8345586657524109 5.715941429138184 -0.8220174312591553
v 0.08590900152921677 4.978861331939697 -0.426109254360199
v -0.16847433149814606 5.134174823760986 -0.9851980805397034
v 0.5886132121086121 5.139099597930908 -1.3363133668899536
v 1.026454210281372 4.656724452972412 -0.37480464577674866
v 0.913305938243866 4.61463737487793 -0.3268861174583435
v 0.7655689120292664 5.730947971343994 -0.6404643654823303
v -0.13572579622268677 5.346031665802002 -1.5084515810012817
v 0.6567485332489014 5.330524444580078 -0.20303282141685486
v 0.09768854826688766 4.904265880584717 -1.2856571674346924
v 1.0306559801101685 5.274219512939453 -1.0110313892364502
v 0.48891258239746094 4.28336238861084 -0.5174591541290283
v -0.11410733312368393 5.826251029968262 -1.4399914741516113
v 0.09333641827106476 5.386176109313965 -0.6819964647293091
v 1.1160000562667847 4.6893205642700195 -0.531955897808075
v 0.8086377382278442 5.091265678405762 -1.2083089351654053
v 1.159139633178711 5.195957660675049 -0.7212168574333191
v 1.219372034072876 5.212554931640625 -0.13542409241199493
v 0.8675491809844971 5.61328649520874 -0.69193434715271
v 1.1856112480163574 4.729095458984375 -0.20436492562294006
v 0.7017932534217834 5.615185737609863 -1.0501164197921753
v 0.9514358043670654 4.4239678382873535 -0.7617941498756409
v 1.1169523000717163 4.7809648513793945 -0.4492930471897125
v 0.5504181385040283 5.7517876625061035 -0.6484454870223999
v 1.0328035354614258 4.731719493865967 -0.3004768490791321
v 0.8972184062004089 4.907663822174072 -0.1391092836856842
v -0.16842977702617645 5.134162902832031 -0.9850683808326721
v 0.0120902881026268 4.50245475769043 -1.0155830383300781
v 0.7287580966949463 5.934623718261719 -0.7368493676185608
v 0.6931145787239075 5.794017791748047 -0.811491072177887
v 1.2583822011947632 5.391386032104492 -0.0823107585310936
v -0.15102657675743103 5.425837993621826 -1.511106252670288
v 1.0484331846237183 4.995574951171875 -0.24843516945838928
v 0.05962095037102699 4.902011394500732 -1.2528765201568604
v 1.1299481391906738 5.383224010467529 -0.20216386020183563
v 0.871605634689331 4.2497429847717285 -0.8687734603881836
v 1.0564870834350586 4.789146423339844 -0.9874693155288696
v 0.7605559229850769 5.920699119567871 -0.7612080574035645
v 1.4131262302398682 5.200526714324951 -0.11708423495292664
v 0.5277408957481384 5.110605239868164 -1.3927714824676514
v -0.20380422472953796 5.158781051635742 -1.1132254600524902
v -0.14432626962661743 5.358140468597412 -1.2148759365081787
v 0.8542159199714661 5.650815486907959 -0.7027683854103088
v -0.09077689051628113 4.704346656799316 -0.8506935238838196
v 0.8823071122169495 5.141758441925049 -1.1419833898544312
v 1.1495702266693115 4.953003883361816 -0.4249627888202667
v 0.7219040393829346 5.766848564147949 -0.8146617412567139
v 0.6554866433143616 4.533167362213135 -1.087180733680725
v 0.6113997101783752 4.512259483337402 -1.1316004991531372
v 0.6632311344146729 5.790038585662842 -0.7070770263671875
v -0.12254709005355835 5.319462299346924 -0.913575291633606
v 0.7474235892295837 5.7784743309021 -0.6938337683677673
v 0.8326189517974854 5.360592842102051 -1.2269121408462524
v 0.09069294482469559 5.377331733703613 -0.6844335794448853
v 0.91383957862854 5.538290023803711 -0.6109045147895813
v 0.24342094361782074 4.486539363861084 -1.3103814125061035
v 1.344846487045288 5.075895309448242 0.07888451963663101
v 0.7876145243644714 5.843562602996826 -0.7911215424537659
v 0.35301560163497925 4.596953392028809 -0.2534792721271515
v 0.03432008624076843 5.251253604888916 -0.6994999647140503
v 0.3347603380680084 4.383964538574219 -1.0502514839172363
v 0.48516613245010376 5.715600967407227 -0.6150795221328735
v 0.7430567145347595 4.634556770324707 -0.22249232232570648
v 0.2348838746547699 5.171192169189453 -0.3937251567840576
v 0.016227586194872856 5.429641246795654 -1.2050867080688477
v 0.7369909286499023 4.628490924835205 -0.22666244208812714
v 0.04247363656759262 5.719287395477295 -1.5214736461639404
v 0.9247249364852905 4.81043004989624 -1.1425044536590576
v 0.9485536813735962 5.126091003417969 -1.0966432094573975
v 1.014516830444336 4.799657821655273 -1.0171308517456055
v 0.022541578859090805 5.493251800537109 -1.530083179473877
v 0.1086055114865303 4.767616271972656 -0.4465809762477875
v 0.027229217812418938 5.9406280517578125 -1.512541651725769
v 0.8663690686225891 5.618400573730469 -0.6935079097747803
v 1.0738670825958252 4.69288444519043 -0.056132931262254715
v 0.6327520608901978 4.99362325668335 -1.379562258720398
v 0.981278657913208 4.957688331604004 -0.1873851865530014
v 0.31902727484703064 5.395023345947266 -0.32792413234710693
v 0.015186094678938389 5.715708255767822 -1.2969416379928589
v 1.139433741569519 5.068734645843506 -0.9109218120574951
v 0.7656250596046448 4.2707085609436035 -0.6082081198692322
v 0.7292746901512146 5.605769157409668 -1.051096796989441
v 0.2988852858543396 5.106679439544678 -1.4980381727218628
v 0.10536006093025208 4.45185661315918 -1.0012845993041992
v 0.535995602607727 5.666787147521973 -1.0100303888320923
v 0.7087914347648621 5.586359024047852 -0.4901196360588074
v 0.7876707315444946 5.418032646179199 -1.1820299625396729
v 1.314538598060608 4.992870807647705 0.06784273684024811
v 0.8519412279129028 5.570823669433594 -0.9855587482452393
v 0.07836491614580154 5.416956424713135 -0.6614503860473633
v 0.37801486253738403 4.469839096069336 -0.8490656614303589
v 0.15818575024604797 5.452895164489746 -0.5171729326248169
v 0.36709064245224 4.518583297729492 -0.23459063470363617
v 0.9671733975410461 4.623164176940918 -0.33527299761772156
v -0.04620976373553276 4.518069744110107 -1.0227164030075073
v 0.30332306027412415 5.32296895980835 -0.3092941641807556
v 0.7955542802810669 5.417256832122803 -1.1751888990402222
v -0.005152218975126743 4.907732963562012 -1.1654052734375
v 0.8138391971588135 4.868009567260742 -0.10683111101388931
v 1.1677279472351074 4.940955638885498 -0.40759575366973877
v 0.5620343685150146 4.358246326446533 -0.35044920444488525
v 0.8740773797035217 4.660224914550781 -0.23435239493846893
v -0.09722097218036652 4.497766017913818 -0.7103857398033142
v -0.03427976369857788 5.046864032745361 -0.7040255069732666
v 1.1724590063095093 5.28835391998291 -0.3797481656074524
v 0.3482804596424103 5.106062412261963 -1.4822969436645508
v -0.16463987529277802 4.553999900817871 -0.7824296355247498
v 0.8882111310958862 5.545279502868652 -0.6745259761810303
v 0.9490315914154053 5.342411518096924 -0.3378228545188904
v 0.9313690066337585 5.005106449127197 -1.091170310974121
v 0.08380890637636185 5.119686603546143 -0.4922398030757904
v 0.8342127203941345 5.111194133758545 -1.1875466108322144
v -0.020115207880735397 4.4908552169799805 -0.691386878490448
v 0.11178865283727646 5.430694103240967 -1.305275321006775
v 0.992009162902832 5.335489273071289 -1.0354946851730347
v -0.10142134875059128 5.216263771057129 -1.477394938468933
v 0.7405412793159485 5.648394584655762 -0.556582510471344
v 0.8909879326820374 4.231926918029785 -0.8088163137435913
v 0.7746427059173584 4.68848991394043 -1.230224847793579
v 1.1194649934768677 4.748070240020752 -0.8426637649536133
v 0.6929202079772949 5.866513252258301 -0.740672767162323
v 1.117295265197754 4.70615816116333 -0.4998652935028076
v 0.019233236089348793 5.604754447937012 -1.5296555757522583
v 1.348230004310608 4.932293891906738 -0.06981285661458969
v -0.003439265303313732 4.5150909423828125 -0.6455672979354858
v 0.4805024266242981 5.356015205383301 -1.3779959678649902
v 1.0086380243301392 4.659506320953369 -0.34469732642173767
v 0.22738631069660187 4.441651344299316 -1.1245194673538208
v 0.9516137838363647 5.2443437576293945 -0.23846442997455597
v 1.1586531400680542 4.870021343231201 -0.1366102546453476
v 0.7149702906608582 4.43076753616333 -0.4404810965061188
v -0.08009376376867294 4.812388896942139 -0.9292226433753967
v 0.4432580769062042 4.906435489654541 -0.13827009499073029
v 0.8367103934288025 4.989389896392822 -1.1786556243896484
v 0.7635481357574463 4.2507853507995605 -0.6101903915405273
v 1.100663185119629 4.754063606262207 -0.43871310353279114
v 0.0812496617436409 5.170097351074219 -0.6457502841949463
v 1.170650601387024 5.205901622772217 -0.6824935674667358
v 0.9190755486488342 5.360409736633301 -0.9260261654853821
v 0.29728004336357117 5.4127349853515625 -0.3372817635536194
v -0.08511195331811905 5.400553226470947 -1.1885000467300415
v 1.00510835647583 4.654693126678467 -0.34662267565727234
v 0.6590500473976135 5.809885501861572 -0.7838572263717651
v 0.48998719453811646 4.446338176727295 -0.7178447246551514
v -0.11408818513154984 4.8644609451293945 -0.7925190925598145
v 0.7741129994392395 4.798750877380371 -0.12007470428943634
v 0.32413747906684875 4.654066562652588 -0.27215856313705444
v 0.41489481925964355 4.479928016662598 -0.7696457505226135
v 0.15348099172115326 4.445052146911621 -0.8891820311546326
v 0.004067638888955116 5.1885271072387695 -0.6955224871635437
v 0.6029160618782043 5.355242729187012 -0.23318222165107727
v 0.14303970336914062 4.613897323608398 -0.5196925401687622
v 0.22284668684005737 4.387227535247803 -0.35630670189857483
v 0.009979672729969025 5.4542365074157715 -1.0452436208724976
v 0.8031889796257019 4.848377704620361 -0.10995639860630035
v 0.7449928522109985 4.735233306884766 -0.14400893449783325
v 0.4139571785926819 5.6806769371032715 -0.6037746071815491
v 0.12490460276603699 4.7662577629089355 -0.439418762922287
v 0.7433825135231018 5.591175079345703 -1.016707420349121
v 0.1971203088760376 4.461667060852051 -0.9083338975906372
v 0.9327749013900757 5.008778095245361 -1.0893609523773193
v -0.07123816013336182 4.97421407699585 -0.9887616038322449
v 0.6911301612854004 4.588242530822754 -0.23317748308181763
v 0.9563932418823242 5.3703508377075195 -0.9039897918701172
v 0.5256267786026001 4.8221025466918945 -1.3494672775268555
v 0.94773268699646 4.420232772827148 -0.7168391346931458
v 0.8347617983818054 5.111627578735352 -1.187055230140686
v 1.157397985458374 4.879052639007568 -0.44171378016471863
v 1.165303111076355 5.2014360427856445 -0.7017236948013306
v -0.026821454986929893 4.513985633850098 -1.0246058702468872
v 0.44825151562690735 4.456583023071289 -0.7714347839355469
v 0.20952138304710388 5.118633270263672 -1.5209559202194214
v 0.9473763704299927 4.93902587890625 -0.1650608628988266
v 1.1138114929199219 5.081981658935547 -0.9399629235267639
v 1.1649279594421387 4.937888145446777 -0.39559271931648254
v 0.2504863142967224 5.44850492477417 -0.3797680139541626
v 0.5722984671592712 5.653640270233154 -1.039075493812561
v 0.554273784160614 5.619500160217285 -0.4960848391056061
v 0.21385759115219116 5.117736339569092 -1.5190120935440063
v 0.8772673010826111 4.2450408935546875 -0.8587940335273743
v -0.10946603119373322 4.836498260498047 -0.8748028874397278
v -0.10793779790401459 5.015515327453613 -0.8530155420303345
v 0.512743353843689 5.7443037033081055 -0.8730855584144592
v 0.17733967304229736 4.455835819244385 -0.8990694880485535
v 0.021077459678053856 5.618897438049316 -1.5303350687026978
v 0.38637563586235046 5.081888675689697 -0.20681431889533997
v 0.5870222449302673 5.135690689086914 -1.3364269733428955
v 0.6151235699653625 4.336270809173584 -0.899629533290863
v 0.7768582701683044 5.438042163848877 -0.3769737184047699
v 1.2918977737426758 5.299346923828125 -0.2862328886985779
v 1.0517239570617676 4.544440269470215 -0.7382540702819824
v 1.2839415073394775 5.300434112548828 -0.2947097420692444
v 1.1768943071365356 4.758644104003906 -0.749615490436554
v 0.9425023794174194 5.001337051391602 -1.1264976263046265
v 1.1261961460113525 4.683197498321533 -0.22870127856731415
v 0.3109586238861084 4.749138832092285 -1.332015037536621
v 0.17163772881031036 4.83121919631958 -0.3808352053165436
v 0.44756990671157837 4.729190826416016 -1.380881428718567
v 0.7561139464378357 5.30402135848999 -0.17532865703105927
v 0.6559434533119202 5.4851531982421875 -0.3683871030807495
v 0.10365355014801025 5.165999889373779 -0.6231836080551147
v -0.09870749711990356 5.951786518096924 -1.4511412382125854
v 1.369782567024231 5.131683349609375 0.06585398316383362
v 0.9046795964241028 5.3931403160095215 -1.0959804058074951
v 1.112858533859253 4.670151710510254 -0.5785457491874695
v 0.6103646755218506 4.402220726013184 -0.3720764219760895
v 0.9722229838371277 5.370520114898682 -0.896108865737915
v 0.7680974006652832 4.787456512451172 -0.12333215028047562
v 1.1355713605880737 4.989071369171143 -0.4094642102718353
v 0.17285974323749542 4.547612190246582 -1.2232195138931274
v 0.4785968065261841 4.326452255249023 -0.2823816239833832
v 0.07347074151039124 5.33125114440918 -1.5046536922454834
v 0.8261266946792603 5.017010688781738 -1.1851550340652466
v 0.9845051765441895 4.805258750915527 -1.038792371749878
v 0.7580915689468384 5.783127307891846 -0.7705444693565369
v 0.08521465212106705 4.46306848526001 -0.7169317603111267
v 1.1946088075637817 4.95470666885376 -0.504761815071106
v 0.3892640769481659 4.466457366943359 -0.8400519490242004
v 0.034459952265024185 5.945101737976074 -1.4578800201416016
v 0.1480816751718521 5.450351238250732 -0.5342760682106018
v 0.995375394821167 5.337057590484619 -0.373067170381546
v 0.9091500043869019 4.948244571685791 -1.170863151550293
v 0.03642892464995384 4.479197025299072 -0.6994016170501709
v 1.1894828081130981 5.2239179611206055 -0.17159916460514069
v 0.37611547112464905 4.364120960235596 -1.060856819152832
v 0.3195055425167084 5.453602313995361 -1.3161579370498657
v 0.46070748567581177 4.451658248901367 -0.7503208518028259
v 1.013954758644104 4.568022727966309 -0.8855677247047424
v 1.2149478197097778 4.934516429901123 -0.1134999468922615
v 0.5747542977333069 5.030309200286865 -1.35550856590271
v 0.7980560064315796 5.7344441413879395 -0.7309663891792297
v -0.1647375077009201 5.257872104644775 -1.056687593460083
v 0.6358813643455505 5.180823802947998 -0.10249994695186615
v 1.1113536357879639 5.199465751647949 -0.44746580719947815
v -0.22263267636299133 5.297481536865234 -1.2974040508270264
v 0.8448057174682617 5.560571670532227 -0.5278058052062988
v -0.15269823372364044 5.599147319793701 -1.4029053449630737
v 1.0549999475479126 4.533838272094727 -0.6850297451019287
v 0.4825766086578369 5.370304584503174 -1.3735780715942383
v 0.5539246201515198 5.619500160217285 -0.4962158203125
v -0.1705619841814041 5.134744644165039 -0.9912712574005127
v 0.38180652260780334 5.473616123199463 -1.2902240753173828
v 0.11394394189119339 5.146631240844727 -1.5347793102264404
v 0.008221382275223732 5.508057117462158 -0.9226362109184265
v 0.3300119638442993 4.9424147605896 -0.2204330414533615
v 0.4908377230167389 5.7008891105651855 -0.8715513348579407
v 0.007421539630740881 5.49234676361084 -0.879768431186676
v 0.4801703989505768 5.354846000671387 -1.3782471418380737
v -0.17471957206726074 5.254289150238037 -1.0814391374588013
v 0.9684551358222961 5.355403900146484 -1.0504041910171509
v 0.8058957457542419 4.242135047912598 -0.6233246326446533
v 1.1116465330123901 4.714791297912598 -0.023708825930953026
v 0.11130965501070023 5.3610429763793945 -1.428375482559204
v 0.3764803111553192 4.363957405090332 -1.06089448928833
v -0.14848153293132782 4.5519585609436035 -0.9157249927520752
v 0.7079375982284546 4.629312992095947 -0.21370509266853333
v 0.4968115985393524 4.451286792755127 -0.8853116035461426
v 1.2718969583511353 5.104717254638672 -0.07799632847309113
v 0.7923665046691895 5.762146472930908 -0.7340261936187744
v 0.6258894801139832 4.865830898284912 -0.12237296253442764
v 0.1147315576672554 5.375986576080322 -1.4060866832733154
v 0.016197213903069496 5.697977542877197 -1.2935138940811157
v 0.3492105305194855 5.463915824890137 -1.3021446466445923
v 0.2986731231212616 4.46694803237915 -1.3502932786941528
v 0.6063264012336731 5.6449785232543945 -1.047847867012024
v 1.1060912609100342 4.7626519203186035 -0.4425608217716217
v 0.3358381986618042 4.406617164611816 -0.5611618161201477
v 0.9900368452072144 4.577596664428711 -0.9124630689620972
v 0.7871635556221008 5.135515213012695 -0.13840433955192566
v 0.02742760442197323 5.437264919281006 -1.2098432779312134
v 0.4731786549091339 5.639351844787598 -0.5411649346351624
v 0.8825600147247314 5.141856670379639 -1.1417866945266724
v 1.36165189743042 5.11547327041626 0.07139591127634048
v 1.1639540195465088 5.286593914031982 -0.3847339153289795
v 0.1145050972700119 4.451499938964844 -0.9965596795082092
v 0.21701939404010773 4.448464393615723 -1.1371870040893555
v 0.18044354021549225 4.661322593688965 -1.1603952646255493
v 0.7405496835708618 5.80964469909668 -0.6631607413291931
v 0.11282458901405334 5.3961052894592285 -1.3631141185760498
v -0.02564750798046589 5.076840400695801 -0.7004302740097046
v 1.031999945640564 4.719902038574219 -0.3145225942134857
v 0.9473996162414551 4.50369930267334 -0.5089752078056335
v 0.4803205728530884 4.40228796005249 -1.2945761680603027
v 0.691559374332428 4.954622268676758 -1.3674126863479614
v 0.4995940625667572 5.717586517333984 -0.8729661703109741
v 0.27199333906173706 4.479860782623291 -0.9446326494216919
v 0.42769140005111694 4.46150016784668 -0.8020331859588623
v 0.5462720394134521 5.022848129272461 -0.11369699984788895
v 0.9526379704475403 5.209731578826904 -1.118201494216919
v 1.1737558841705322 4.717380523681641 -0.2117467224597931
v 0.3963630199432373 5.115176200866699 -1.4800000190734863
v 0.6170579195022583 4.778971195220947 -1.322837233543396
v 0.6363482475280762 5.637002944946289 -1.0512135028839111
v 0.3353554308414459 4.458187103271484 -1.3587086200714111
v 1.1181596517562866 5.165781497955322 -0.4098314940929413
v 0.8240877389907837 5.857470512390137 -0.734762966632843
v 1.0839979648590088 5.36456823348999 -0.23525972664356232
v 0.962361752986908 5.342525482177734 -0.35088688135147095
v 0.6869237422943115 5.859719753265381 -0.8142289519309998
v 0.8966601490974426 4.995713710784912 -0.13021744787693024
v 1.0082333087921143 4.658954620361328 -0.34491825103759766
v 0.41105717420578003 4.309476852416992 -0.5798143148422241
v -0.14600770175457 5.666197776794434 -1.4127403497695923
v 0.157220259308815 5.452573299407959 -0.5187284350395203
v -0.12288638204336166 4.54679536819458 -0.9534409046173096
v 0.5092137455940247 4.379499912261963 -1.151795506477356
v 0.3148344159126282 4.462544918060303 -0.9106655716896057
v 0.4597911238670349 5.685764312744141 -0.9461523294448853
v 0.10103578865528107 4.666451930999756 -1.0658173561096191
v 0.6088526844978333 4.371940612792969 -0.6962945461273193
v 1.2242902517318726 5.001430988311768 -0.6386070251464844
v 0.593916654586792 4.492535591125488 -1.1407619714736938
v -0.09581977874040604 4.737725257873535 -0.7259635925292969
v 0.44137266278266907 5.296037197113037 -1.4106459617614746
v 0.3930738568305969 5.686975479125977 -0.6546034812927246
v 0.007347533944994211 4.583135604858398 -1.0520390272140503
v 0.004975934512913227 4.505507946014404 -1.019209623336792
v 1.0545836687088013 5.300895690917969 -0.4695418179035187
v 0.21904133260250092 4.509012222290039 -0.6944635510444641
v 0.4659028649330139 5.322811126708984 -1.39155113697052
v 0.9801313281059265 4.957070350646973 -0.18659089505672455
v 0.07513872534036636 5.329703330993652 -0.6928828358650208
v 0.8974083065986633 4.9362664222717285 -1.1869583129882812
v 1.1415685415267944 4.856912612915039 -0.14766523241996765
v 0.7295494079589844 5.931496620178223 -0.7189406752586365
v 1.1159942150115967 5.0315117835998535 -0.3851918578147888
v 0.36077171564102173 4.500999927520752 -0.6859898567199707
v 1.2013413906097412 5.222579002380371 -0.16034314036369324
v 0.025876589119434357 4.48283576965332 -0.6975821852684021
v 1.0972787141799927 5.0881452560424805 -0.955041766166687
v 1.033921480178833 4.746431827545166 -0.280714213848114
v 0.6073805689811707 5.351995944976807 -0.2307470738887787
v 0.8727657198905945 5.113039493560791 -0.18203556537628174
v -0.02487351931631565 5.178408145904541 -0.6953735947608948
v 0.4506458044052124 5.652073860168457 -0.5593296885490417
v 0.45191916823387146 5.493134021759033 -0.36867451667785645
v 0.9205869436264038 5.384956359863281 -1.0832608938217163
v -0.07433118671178818 5.166113376617432 -1.4521410465240479
v 0.8662517070770264 4.622244834899902 -0.27151066064834595
v -0.022275753319263458 5.953123092651367 -1.4028005599975586
v 1.0074902772903442 4.571178436279297 -0.8950096368789673
v 0.940445601940155 5.5316386222839355 -0.6476473212242126
v 0.06847693026065826 4.469174385070801 -0.7091558575630188
v 1.3032429218292236 5.354151248931885 -0.04574201628565788
v -0.1339736133813858 5.307403564453125 -0.9376928210258484
v 1.1645431518554688 5.200760364532471 -0.7040879130363464
v 1.1482830047607422 5.063263893127441 -0.8989339470863342
v 0.41638702154159546 5.276132583618164 -1.420498251914978
v 0.13126319646835327 4.451000213623047 -0.9796972274780273
v 0.31067579984664917 5.105798244476318 -1.4936401844024658
v 1.0891926288604736 5.131263256072998 -0.31864839792251587
v 0.17332497239112854 5.456561088562012 -0.4919719099998474
v 0.8870409727096558 5.400012016296387 -1.1095236539840698
v 0.6224825382232666 4.776010513305664 -1.3201346397399902
v 0.11099859327077866 5.16510009765625 -0.612977147102356
v 0.2787363827228546 4.471742630004883 -1.3416646718978882
v 0.5433199405670166 4.882797718048096 -0.11198945343494415
v -0.006071700714528561 5.157242298126221 -0.6931713223457336
v -0.23001538217067719 5.192803859710693 -1.1800768375396729
v 0.4536568522453308 5.499936580657959 -1.284347414970398
v 0.8873017430305481 5.547906398773193 -0.6751322150230408
v 0.3344539403915405 4.38501501083374 -1.0502077341079712
v 0.9529052376747131 4.433029651641846 -0.5643756985664368
v 0.284227579832077 5.61149787902832 -1.070733904838562
v 1.3723613023757935 5.258032321929932 -0.1813870668411255
v 0.2982833683490753 4.357765197753906 -0.5863755345344543
v 0.7897249460220337 5.904950141906738 -0.702750027179718
v 0.48750004172325134 4.293636322021484 -0.3661540448665619
v 0.8246960639953613 5.361828327178955 -1.2321479320526123
v 0.07548297941684723 5.4123125076293945 -0.6714596152305603
v 0.45588451623916626 5.648427963256836 -0.555271565914154
v 0.9466185569763184 4.5023322105407715 -0.5095123052597046
v 0.800933837890625 4.915178298950195 -1.302457571029663
v 0.7295615673065186 4.621692180633545 -0.22920767962932587
v 0.5402605533599854 4.883607387542725 -0.11180943995714188
v 0.14640434086322784 4.443272113800049 -0.7636322379112244
v -0.11751753836870193 4.856570243835449 -0.8199782371520996
v 0.6582552194595337 5.8105669021606445 -0.7827218174934387
v 0.8678650259971619 4.633551597595215 -0.25776585936546326
v 0.9747126698493958 5.370981216430664 -0.8933064341545105
v 0.6910316348075867 4.588184833526611 -0.2331693321466446
v -0.10190105438232422 5.944502353668213 -1.4817839860916138
v 0.5498288869857788 5.662275314331055 -1.0243288278579712
v 0.7208962440490723 4.295499801635742 -0.9490043520927429
v 0.9033195972442627 5.004634857177734 -0.13506747782230377
v 0.3990733325481415 5.684975624084473 -0.636962890625
v 0.947379469871521 4.417680740356445 -0.6816086173057556
v 1.2931194305419922 4.9270782470703125 0.041299398988485336
v 0.7492354512214661 4.640735626220703 -0.2182599902153015
v 0.9767688512802124 5.104708194732666 -0.1850491464138031
v 0.26435670256614685 4.510107517242432 -0.641714870929718
v 1.1806455850601196 4.888427257537842 -0.1252545267343521
v 0.8159765601158142 4.278340816497803 -0.9116764068603516
v 0.3996574282646179 4.918808460235596 -0.16403426229953766
v -0.08813841640949249 4.499760150909424 -0.7056592702865601
v 0.47307220101356506 4.449547290802002 -0.7352966666221619
v 0.8636002540588379 5.566210746765137 -0.9746664762496948
v -0.12662820518016815 5.284066677093506 -1.493979573249817
v -0.015204218216240406 5.944183826446533 -1.5549949407577515
v 1.0883204936981201 5.30881404876709 -0.669672966003418
v 0.5821624994277954 5.041130065917969 -1.3863821029663086
v 1.1775517463684082 5.289407253265381 -0.3767627477645874
v 0.31194761395454407 4.393314838409424 -1.0619536638259888
v 0.5627821087837219 4.411499977111816 -0.6632582545280457
v 0.6128254532814026 4.294651031494141 -0.8641039729118347
v 0.6295266151428223 5.78629207611084 -0.6907536387443542
v 0.2964721918106079 4.506476402282715 -0.6113128662109375
v 0.38751333951950073 4.388115882873535 -1.0577901601791382
v 0.40194621682167053 5.074276924133301 -0.1941566914319992
v 0.5685970187187195 5.655024528503418 -1.037475347518921
v 0.8224225640296936 5.101939678192139 -1.1978145837783813
v 1.1107354164123535 5.0834527015686035 -0.9429052472114563
v 1.101742148399353 4.67087984085083 -0.23691348731517792
v 0.6526855826377869 4.8588128089904785 -0.11596992611885071
v 0.3542666435241699 4.740533351898193 -1.3844833374023438
v 1.1106719970703125 5.155551433563232 -0.8323633074760437
v 0.6955487132072449 4.293628215789795 -0.9350841045379639
v 0.4744224548339844 5.638839244842529 -0.5401378870010376
v 0.7678892612457275 5.742093563079834 -0.6650766134262085
v 0.19272394478321075 4.389103412628174 -0.4293801784515381
v 0.5876051783561707 5.362236022949219 -0.24448862671852112
v 1.2378252744674683 5.197175025939941 -0.11772814393043518
v 0.31118449568748474 4.393736362457275 -1.0621418952941895
v -0.10785116255283356 5.229098796844482 -1.48195481300354
v 1.1767898797988892 4.947073936462402 -0.43737003207206726
v 1.1150050163269043 4.835932731628418 -0.16854307055473328
v 1.0341204404830933 4.795001029968262 -1.0046277046203613
v 0.6108306050300598 5.616278648376465 -0.48172280192375183
v 0.8585585355758667 5.359499931335449 -1.2049415111541748
v 0.16745427250862122 4.587409973144531 -1.2031813859939575
v 0.9411819577217102 5.048274517059326 -1.0856366157531738
v 0.47185853123664856 4.324622631072998 -0.538028359413147
v 0.7796638607978821 5.591501235961914 -1.0391688346862793
v -0.13171783089637756 5.310016632080078 -0.9324663281440735
v 1.2148311138153076 5.2153825759887695 -0.14055103063583374
v 1.0040541887283325 4.767783164978027 -0.24315118789672852
v 0.4955870509147644 5.036158561706543 -0.13344097137451172
v 0.011915607377886772 5.46359920501709 -1.0354220867156982
v 0.7504743337631226 5.800690650939941 -0.6573807001113892
v 0.23790301382541656 4.384608745574951 -0.32624828815460205
v 1.0187064409255981 5.161398887634277 -0.24309636652469635
v 1.2234857082366943 5.209956645965576 -0.13109396398067474
v 1.3748748302459717 4.994453430175781 -0.07278287410736084
v 0.6125391721725464 4.293725490570068 -0.8600876331329346
v 0.4121072590351105 5.706060409545898 -0.8883957862854004
v 0.47154858708381653 5.3327555656433105 -1.3867928981781006
v -0.1291273683309555 5.294509410858154 -1.4966273307800293
v 1.0812796354293823 4.782387733459473 -0.9603304266929626
v 0.9273337125778198 5.323087215423584 -0.2937532067298889
v 1.145483374595642 4.835003852844238 -0.4538513422012329
v 0.4874880313873291 4.293964385986328 -0.36265403032302856
v 0.8147491812705994 5.095987796783447 -1.203864336013794
v 0.8794773817062378 4.681375503540039 -0.22405660152435303
v 0.5939010977745056 5.0283989906311035 -1.3838331699371338
v 0.44058090448379517 5.49517822265625 -1.2848178148269653
v 0.5428775548934937 5.664757251739502 -1.0177289247512817
v 0.29545825719833374 4.4636640548706055 -0.9842943549156189
v 0.457207053899765 4.727829456329346 -1.3783049583435059
v 0.9223058819770813 4.813194274902344 -1.1264848709106445
v 1.0028520822525024 4.5728020668029785 -0.8996478915214539
v 0.11478971689939499 5.380523204803467 -1.3979530334472656
v 0.17165032029151917 4.453559875488281 -0.8965661525726318
v -0.011102329939603806 4.5553975105285645 -1.0460612773895264
v 0.6621671915054321 4.570173263549805 -0.231893390417099
v 0.02155246213078499 5.620458126068115 -1.530199408531189
v 0.05373765900731087 4.977864742279053 -0.4736602008342743
v 1.0336110591888428 4.558618068695068 -0.8408611416816711
v -0.1394147127866745 5.3013105392456055 -0.9498783349990845
v 0.7423271536827087 4.256545543670654 -0.9645816683769226
v 0.9626685976982117 4.763451099395752 -0.23372286558151245
v -0.07718349248170853 5.175644874572754 -1.4549113512039185
v 0.4062730073928833 5.684019088745117 -0.6204918026924133
v 0.6514298915863037 4.979281902313232 -1.3776235580444336
v 0.5193576216697693 5.7348408699035645 -0.6316465139389038
v 0.1679067611694336 4.458326816558838 -0.756753146648407
v 0.4908054769039154 5.510500907897949 -1.2825000286102295
v 0.721718430519104 4.718069553375244 -1.2775695323944092
v 1.1179022789001465 4.750829696655273 -0.8523546457290649
v 0.2197471708059311 4.795252799987793 -0.34436339139938354
v 0.6482867002487183 5.178342819213867 -0.10211428254842758
v 0.35892215371131897 4.335673809051514 -0.5841217637062073
v 0.6966445446014404 5.379298210144043 -1.2685096263885498
v 0.20027166604995728 4.495453834533691 -0.7137283682823181
v 0.2773871123790741 5.274626731872559 -0.31390756368637085
v 0.9176317453384399 5.360008716583252 -0.9265876412391663
v 1.3041504621505737 4.963873863220215 0.05699504166841507
v -0.05899950489401817 4.522088050842285 -1.0168237686157227
v 0.8465561866760254 5.121985912322998 -0.16463090479373932
v -0.11133900284767151 5.80728816986084 -1.433762788772583
v 1.0944851636886597 4.666993618011475 -0.23950614035129547
v 0.8362574577331543 5.420872211456299 -0.3905022144317627
v 0.6978518962860107 4.496555328369141 -1.0365369319915771
v 0.38420188426971436 4.736120700836182 -1.3914475440979004
v 1.0546985864639282 4.537904262542725 -0.7037189602851868
v 0.8901317119598389 4.703474044799805 -0.2178596556186676
v 0.26935067772865295 5.434211730957031 -1.3305020332336426
v 0.28326430916786194 4.459016799926758 -0.9518703818321228
v 0.08023780584335327 4.646884441375732 -1.0605297088623047
v 0.7450922727584839 4.705089569091797 -1.2645896673202515
v 0.9262310862541199 4.926638603210449 -0.1530109941959381
v -0.009817855432629585 5.943734645843506 -1.5507307052612305
v 0.7065475583076477 4.454358100891113 -1.013167142868042
v 0.28648436069488525 5.2895097732543945 -0.31235218048095703
v 0.08070813864469528 5.113795280456543 -0.48882898688316345
v 1.1183725595474243 5.026717662811279 -0.38848426938056946
v 1.0689910650253296 4.802230358123779 -0.22150897979736328
v 0.07426472753286362 5.288016319274902 -0.6113627552986145
v 0.2067081183195114 4.5147809982299805 -0.4318297207355499
v 0.9959999918937683 5.285754203796387 -1.1111271381378174
v 0.6091732978820801 4.871026992797852 -0.12245918810367584
v 1.0757869482040405 4.715930461883545 -0.41678687930107117
v 0.011401343159377575 4.587385177612305 -1.0536283254623413
v 0.6671520471572876 5.80625581741333 -0.792919397354126
v 1.0412660837173462 5.024330139160156 -0.21944956481456757
v 0.22315655648708344 5.151484966278076 -0.3260310888290405
v 0.4503802955150604 5.526175498962402 -0.412752628326416
v 0.616479218006134 5.6421709060668945 -1.0496095418930054
v 0.5077527165412903 5.078399181365967 -1.405782699584961
v 0.46808600425720215 4.460134983062744 -0.8480953574180603
v 0.4894512891769409 5.676887035369873 -0.9688385128974915
v 0.5181177258491516 4.4791178703308105 -0.972646951675415
v 0.19730158150196075 4.458599090576172 -1.1736408472061157
v 0.03570360690355301 5.248647212982178 -0.640514612197876
v 0.8291544914245605 4.6598381996154785 -1.179202914237976
v 1.0314093828201294 4.7169413566589355 -0.3167715072631836
v 0.7173236608505249 4.657745361328125 -0.19496551156044006
v 0.087849460542202 5.012202262878418 -0.38473981618881226
v 0.8759734034538269 4.609202861785889 -0.29935187101364136
v 0.4337521195411682 4.731383800506592 -1.3847137689590454
v 0.009718910790979862 5.870124340057373 -1.3530935049057007
v 0.007829646579921246 5.877203941345215 -1.3563635349273682
v 1.1834295988082886 4.950714588165283 -0.45797479152679443
v -0.14541509747505188 4.551488399505615 -0.9211188554763794
v 0.5112457871437073 5.7306227684021 -0.6276229023933411
v 1.1075221300125122 5.046961784362793 -0.3740279972553253
v 0.9219264388084412 4.816132545471191 -1.106707215309143
v 1.1457014083862305 5.184078216552734 -0.7618891000747681
v 1.1182278394699097 4.838695049285889 -0.1656271368265152
v 0.7489169239997864 5.151209831237793 -0.12051088362932205
v 0.745063841342926 5.80027437210083 -0.6565483808517456
v 0.7788452506065369 5.76800012588501 -0.7171308994293213
v 0.7467408776283264 5.3098063468933105 -0.17708642780780792
v 1.0688523054122925 5.359877586364746 -0.24340291321277618
v 1.0116270780563354 5.342819690704346 -0.2626521587371826
v 1.0023247003555298 4.968477725982666 -0.20333966612815857
v 0.7433220744132996 4.731265068054199 -0.1460975557565689
v 0.7127850651741028 4.6426167488098145 -0.2047988921403885
v 0.9878553748130798 5.339400768280029 -1.0384256839752197
v 0.8259050846099854 5.017648220062256 -1.1853212118148804
v 0.7628015875816345 5.721706390380859 -0.6242851614952087
v 0.9761152863502502 4.582252502441406 -0.9256339073181152
v 1.0474920272827148 4.5500078201293945 -0.780072033405304
v 0.7334765195846558 5.5740065574646 -0.49250084161758423
v -0.14889603853225708 5.2897047996521 -0.9717417359352112
v 1.0235904455184937 4.9803595542907715 -0.22253914177417755
v -0.11446895450353622 4.863572597503662 -0.7961997985839844
v 0.01527454610913992 5.726735591888428 -1.2996960878372192
v 0.7367283701896667 4.713417053222656 -0.15615732967853546
v 0.24048417806625366 5.578484535217285 -1.1107920408248901
v 0.4048004448413849 4.3406901359558105 -0.26093557476997375
v 0.9206098914146423 4.964244365692139 -1.1534936428070068
v 0.9261589646339417 5.2978339195251465 -0.2694930136203766
v 0.9988574385643005 4.57420015335083 -0.9036425352096558
v -0.02758166380226612 4.492239475250244 -0.6912465691566467
v 0.8817903399467468 5.141557216644287 -1.1423852443695068
v 0.033064283430576324 5.183770179748535 -0.6637089252471924
v -0.0741143599152565 5.079305648803711 -0.786940336227417
v 0.7913738489151001 5.905911922454834 -0.7094840407371521
v 1.1052225828170776 5.085700511932373 -0.9480146169662476
v 0.4371982514858246 5.549452781677246 -0.4802356958389282
v 0.33134496212005615 4.381198883056641 -0.561500072479248
v 0.35809949040412903 4.450788974761963 -1.3609888553619385
v 1.2038615942001343 4.745316505432129 -0.18118512630462646
v 1.0221116542816162 4.670487880706787 -0.12340059876441956
v 1.0015872716903687 4.662274360656738 -0.15406040847301483
v 0.14144675433635712 5.162527561187744 -0.5657467842102051
v -0.042291708290576935 4.918731212615967 -1.092965841293335
v 0.39572253823280334 4.296510696411133 -0.5635953545570374
v 0.14883047342300415 4.442368030548096 -0.7669185996055603
v 0.11383215337991714 5.184800148010254 -0.5239681601524353
v 0.4570232629776001 5.687056064605713 -0.9437535405158997
v 0.2970349192619324 4.467439651489258 -1.349883794784546
v 0.6863869428634644 5.3158416748046875 -1.3085603713989258
v 1.0539461374282837 4.5304460525512695 -0.664677619934082
v 0.4060097932815552 4.297000885009766 -0.5679988265037537
v 1.1548609733581543 4.937350273132324 -0.4295332431793213
v 1.1161261796951294 5.153857231140137 -0.3915882408618927
v -0.12785829603672028 5.289433002471924 -1.4953583478927612
v 1.2528202533721924 5.182990550994873 -0.1060243770480156
v 0.6432487964630127 5.3342390060424805 -0.20936444401741028
v 0.7772355079650879 4.366252422332764 -0.5142064690589905
v 0.3717205226421356 4.3900346755981445 -1.062846064567566
v 1.2540639638900757 5.180435657501221 -0.10543173551559448
v 1.3117446899414062 4.985235214233398 0.06524474918842316
v 1.2769548892974854 5.37754487991333 -0.06204511597752571
v 0.07153598964214325 5.171365737915039 -0.6542653441429138
v -0.164917454123497 4.553999900817871 -0.7831582427024841
v 0.15248380601406097 4.838623046875 -0.39409005641937256
v 0.7091553211212158 4.433986186981201 -0.43676552176475525
v 0.19186809659004211 5.457639217376709 -0.46251752972602844
v 1.0425834655761719 5.030187606811523 -0.22043749690055847
v 0.7767099738121033 5.753373622894287 -0.7418113946914673
v 0.7000221014022827 4.730350494384766 -1.2874464988708496
v 0.5781117677688599 4.4748969078063965 -1.1432291269302368
v 0.05225035548210144 5.264250755310059 -0.6294640898704529
v 0.9432004690170288 5.530885696411133 -0.6513580083847046
v -0.08500001579523087 5.034937381744385 -0.8839995861053467
v 0.851931631565094 5.682247161865234 -0.8482949137687683
v 0.48447859287261963 4.286435604095459 -0.41499221324920654
v 1.031999945640564 4.722388744354248 -0.3115698993206024
v 0.36768728494644165 4.351367473602295 -0.2603675425052643
v 0.04464973881840706 5.815352916717529 -1.5532004833221436
v 0.17603474855422974 4.829143524169922 -0.3778044581413269
v 0.3966011106967926 5.685799598693848 -0.6438302993774414
v -0.1794797033071518 5.139699935913086 -1.0291987657546997
v 1.2501119375228882 5.395443916320801 -0.09390147030353546
v 0.3771422803401947 4.496599197387695 -0.7096639275550842
v 0.6607398390769958 5.789623260498047 -0.7062466144561768
v 0.014155566692352295 5.8514533042907715 -1.3439955711364746
v 0.4063301384449005 4.3403449058532715 -0.2611822783946991
v 1.0549999475479126 4.533214092254639 -0.68128502368927
v 1.2675048112869263 5.38662052154541 -0.07149521261453629
v 0.7012057900428772 5.587092876434326 -0.4903643727302551
v 0.7444793581962585 5.734978675842285 -0.8747923374176025
v 0.9548036456108093 5.364231109619141 -1.057930588722229
v 1.2090001106262207 5.061335563659668 -0.6160000562667847
v 0.9304927587509155 5.281266212463379 -0.2565109431743622
v 0.1899404674768448 4.459933757781982 -0.9048677682876587
v 0.5242081880569458 4.711665153503418 -1.3564614057540894
v -0.11741786450147629 5.251766204833984 -1.4865127801895142
v 1.427859902381897 5.130037307739258 -0.07875935733318329
v 0.44825899600982666 4.905185222625732 -0.13623853027820587
v 0.11289030313491821 5.164721965789795 -0.6102340817451477
v 0.7357547879219055 5.81190299987793 -0.659620463848114
v 0.9497177600860596 4.421935558319092 -0.7428945899009705
v 0.48592138290405273 5.6341118812561035 -0.5302563309669495
v 0.3970250189304352 4.855076313018799 -1.3790595531463623
v 1.3904510736465454 5.017921447753906 -0.0700097605586052
v 1.047778606414795 4.8873515129089355 -0.2476067990064621
v 0.9670109748840332 4.536360740661621 -0.4974612593650818
v 0.647321879863739 5.207864761352539 -1.321997880935669
v 0.696790874004364 4.251500129699707 -0.6571606993675232
v 0.5203988552093506 4.379491329193115 -1.2269306182861328
v -0.2231735736131668 5.2961835861206055 -1.299459457397461
v -0.005274228751659393 5.952259063720703 -1.4119821786880493
v 1.1411551237106323 5.226966381072998 -0.20293933153152466
v 0.9569999575614929 5.510322570800781 -0.7458244562149048
v 0.12363620847463608 5.164000034332275 -0.5938496589660645
v 0.8019700646400452 5.089731216430664 -1.2105770111083984
v 1.1144551038742065 4.677120208740234 -0.2325943261384964
v 0.576341986656189 5.767727851867676 -0.6624873280525208
v 0.4432874917984009 5.5502095222473145 -0.4705595076084137
v 0.7416373491287231 4.416362762451172 -0.4607013761997223
v 0.9930709004402161 4.576416969299316 -0.909429132938385
v 1.119795560836792 5.0237298011779785 -0.3903340697288513
v -0.0744955763220787 5.3583784103393555 -0.8259910941123962
v 0.16771170496940613 4.430288314819336 -0.8721422553062439
v 0.6147601008415222 5.784341812133789 -0.6819456815719604
v 0.8178126811981201 5.041147708892822 -1.1928590536117554
v 1.1967417001724243 4.953258037567139 -0.5189952850341797
v 0.07131456583738327 5.165382385253906 -1.5409479141235352
v 0.5970773696899414 5.1791157722473145 -1.3528459072113037
v 0.6806895732879639 4.300612926483154 -0.93088698387146
v 0.7612232565879822 5.443020343780518 -0.37402889132499695
v -0.10206421464681625 4.5256028175354 -0.6904039978981018
v 0.21626244485378265 4.38823127746582 -0.36901262402534485
v 0.4757072329521179 4.45637845993042 -0.8591340184211731
v 0.467631459236145 5.505067348480225 -1.2836432456970215
v 0.5397830009460449 5.024325370788574 -0.1148434653878212
v 1.1154929399490356 4.683478832244873 -0.5450529456138611
v 0.11167820543050766 4.982176780700684 -0.40005722641944885
v 0.8669255375862122 4.620223522186279 -0.27555322647094727
v 1.1178439855575562 5.178595542907715 -0.42662736773490906
v 0.06994712352752686 5.316031455993652 -0.6953627467155457
v 0.1805305927991867 4.678796291351318 -1.1433566808700562
v 0.6457036733627319 5.808932304382324 -0.7642858028411865
v 1.148729920387268 4.955945014953613 -0.42391249537467957
v 1.0490877628326416 4.548412322998047 -0.76512211561203
v 0.31003254652023315 4.461974620819092 -0.9165186882019043
v 0.06040871888399124 5.325317859649658 -1.519591212272644
v 0.6909947395324707 5.218356609344482 -1.283792495727539
v 0.09529583901166916 4.458793640136719 -0.7219129204750061
v 0.019048703834414482 5.5482330322265625 -1.5295000076293945
v 0.10551503300666809 5.165287971496582 -0.5172635912895203
v 1.0058170557022095 5.329864025115967 -0.3730907440185547
v 0.5135715007781982 4.383666515350342 -1.243571400642395
v 0.7077415585517883 4.439406394958496 -1.0063389539718628
v 0.1414688378572464 4.4450907707214355 -0.7568783760070801
v 0.09617568552494049 4.66217565536499 -1.064361572265625
v 0.3170628249645233 4.462841987609863 -0.908437192440033
v 1.0554718971252441 5.072683811187744 -0.22947199642658234
v 0.36680877208709717 5.46944522857666 -1.2953182458877563
v 0.6889494061470032 4.737271308898926 -1.291492223739624
v 1.1455140113830566 4.8350677490234375 -0.4538418650627136
v 0.8137677907943726 4.241115570068359 -0.6293833255767822
v 0.5716847777366638 5.018938064575195 -0.11112523823976517
v 1.2215383052825928 5.2980523109436035 -0.35049203038215637
v 0.1089847981929779 5.165503025054932 -0.6158970594406128
v 1.2957578897476196 4.936165809631348 0.04423104599118233
v 0.61442631483078 4.2973313331604 -0.8751104474067688
v 1.190651297569275 5.401230812072754 -0.1535794883966446
v 0.549088180065155 5.61944580078125 -0.4979887008666992
v 0.9476171135902405 4.420117378234863 -0.7149327993392944
v 0.5608561038970947 5.146856307983398 -1.3736435174942017
v 0.6571425199508667 4.97528600692749 -1.3764287233352661
v 0.8163247108459473 4.872079849243164 -0.10602319240570068
v 1.0269429683685303 4.657155513763428 -0.3750058710575104
v 0.5471735596656799 5.132173538208008 -1.3820147514343262
v -0.19246241450309753 5.149026393890381 -1.074823260307312
v 0.34512317180633545 4.455108642578125 -1.3599203824996948
v 1.0544335842132568 4.538699150085449 -0.7074295282363892
v 0.03415718674659729 5.250955104827881 -0.6994999647140503
v 0.45301273465156555 5.677073955535889 -0.8972002863883972
v 0.3688718378543854 5.692512512207031 -0.7635399103164673
v 1.1007487773895264 4.643746376037598 -0.6942742466926575
v 0.018000025302171707 5.567410469055176 -1.529636263847351
v 0.14225126802921295 4.450181484222412 -0.9583606123924255
v -0.0868430882692337 4.707070350646973 -0.8561403751373291
v 0.5972058176994324 5.3581976890563965 -0.23719529807567596
v 0.9449456334114075 5.333385944366455 -1.144668459892273
v -0.1117473691701889 4.531940460205078 -0.7013810276985168
v 0.9972303509712219 4.803093433380127 -1.0294783115386963
v 0.009066043421626091 4.533848762512207 -0.6377966403961182
v 0.4505959451198578 5.514869213104248 -0.3943895101547241
v 0.07164674252271652 5.097437381744385 -0.4801439940929413
v 0.19245918095111847 4.460805892944336 -1.2051328420639038
v -0.099826879799366 4.725288391113281 -0.7723471522331238
v 0.02266092225909233 5.468649864196777 -1.5323562622070312
v 1.228500485420227 5.205999851226807 -0.1257493793964386
v 0.8251897692680359 4.91349983215332 -1.2689967155456543
v -0.20219773054122925 5.3165483474731445 -1.2652387619018555
v 0.6866297721862793 5.8557515144348145 -0.8151107430458069
v -0.22930362820625305 5.2723388671875 -1.3259469270706177
v 0.027167582884430885 4.982190132141113 -0.5373550057411194
v 0.4160008430480957 4.338153839111328 -0.2627886235713959
v -0.03170788660645485 5.169679641723633 -0.7020225524902344
v 0.566159188747406 5.619635581970215 -0.491915762424469
v 0.28225135803222656 5.610213279724121 -1.0726113319396973
v 0.24638710916042328 4.757643699645996 -0.3137456476688385
v 0.37646156549453735 4.4925384521484375 -0.23957963287830353
v 0.8640990853309631 5.116243839263916 -0.17526020109653473
v 1.107536792755127 5.084982395172119 -0.9459648132324219
v 0.9197642207145691 4.609198570251465 -0.3289255201816559
v 0.8583062291145325 4.918248653411865 -1.2282565832138062
v -0.05543210357427597 5.1347222328186035 -0.7306913733482361
v 0.7957069277763367 5.760183811187744 -0.7496557235717773
v 1.2236504554748535 4.901800632476807 -0.6784390211105347
v -0.13116015493869781 4.5440802574157715 -0.7267526984214783
v -0.07038457691669464 5.3615922927856445 -0.8156768083572388
v 0.5565052032470703 5.0221662521362305 -0.11233258992433548
v 0.4081422686576843 4.733251094818115 -1.3903017044067383
v 0.7756766676902771 5.76800012588501 -0.7149630188941956
v 0.8585432767868042 4.259361743927002 -0.8871590495109558
v 0.6003435254096985 5.021618366241455 -1.3826926946640015
v 0.02200634963810444 5.4322028160095215 -1.538455605506897
v 0.5265689492225647 4.4312028884887695 -1.1369256973266602
v 0.02298850379884243 5.479846000671387 -1.5309768915176392
v 0.08553764224052429 5.169323444366455 -0.6417161822319031
v 1.142590045928955 4.972660541534424 -0.41709014773368835
v 0.7818927764892578 5.590796947479248 -1.0375263690948486
v -0.030258992686867714 5.953000068664551 -1.3994227647781372
v -0.07156926393508911 4.975207805633545 -0.9870398640632629
v 0.16806809604167938 4.562783718109131 -1.2153410911560059
v 0.9650662541389465 5.225498676300049 -0.23530417680740356
v -0.05501077324151993 4.748383045196533 -0.6348299980163574
v 0.47976163029670715 4.898118495941162 -0.12432453036308289
v 1.247315764427185 4.981297492980957 -0.11457396298646927
v 0.1084211990237236 4.454894542694092 -0.7301141619682312
v 0.3670889437198639 4.351534843444824 -0.2605351209640503
v 0.6234328150749207 4.302966594696045 -0.8998721837997437
v 0.3575821816921234 4.935121536254883 -0.20247189700603485
v 1.038428544998169 5.324688911437988 -0.45930081605911255
v 0.42155611515045166 4.478235721588135 -0.77863609790802
v 0.12729962170124054 5.443921089172363 -0.5693584680557251
v 0.4294590353965759 4.299081802368164 -0.5647991299629211
v 1.0673191547393799 5.006469249725342 -0.2724785804748535
v 0.10713190585374832 5.444464206695557 -1.2896677255630493
v 1.3687161207199097 4.983939170837402 -0.07299992442131042
v 0.9515241384506226 5.188225269317627 -1.112693428993225
v 1.1203967332839966 5.078859806060791 -0.9334869384765625
v 0.873201310634613 4.922818660736084 -1.2137666940689087
v 0.3449842631816864 4.470247268676758 -0.8825137615203857
v 0.4946756660938263 4.398297309875488 -1.1632431745529175
v 0.08781716227531433 5.428705215454102 -0.6336245536804199
v 0.5684723854064941 5.154326915740967 -1.369045615196228
v -0.1207752451300621 5.3208794593811035 -0.9107404351234436
v 0.7732293605804443 5.76861572265625 -0.7130372524261475
v 0.29706498980522156 4.371084213256836 -0.28387656807899475
v 0.7600871324539185 5.049717903137207 -1.2390650510787964
v 0.3333969712257385 5.106220245361328 -0.23842650651931763
v 0.23625999689102173 4.471916675567627 -0.922228991985321
v 1.0750902891159058 4.659445285797119 -0.24756605923175812
v 0.3556355834007263 5.096182346343994 -0.2279452085494995
v 0.7060610055923462 5.330167770385742 -1.2794445753097534
v 0.8467387557029724 4.922909259796143 -0.1083352342247963
v 1.194430947303772 4.954573154449463 -0.5035159587860107
v 0.07694953680038452 4.902575969696045 -1.2687596082687378
v 0.245971217751503 5.450168132781982 -0.3856489360332489
v 1.307401418685913 4.973124027252197 0.06069148704409599
v 0.13480140268802643 5.162859916687012 -0.574718177318573
v 0.04580879583954811 5.178577899932861 -0.6684291958808899
v 0.5710731148719788 5.055158615112305 -1.3956828117370605
v 1.1471773386001587 4.961379528045654 -0.4219715893268585
v 0.7680763602256775 4.387953281402588 -0.4936527907848358
v 0.4882911443710327 4.446998119354248 -0.7193524241447449
v 0.9977273941040039 5.337436199188232 -0.26531267166137695
v 0.15376627445220947 5.451614856719971 -0.5244858264923096
v 0.5733463764190674 4.801632881164551 -1.3388572931289673
v -0.1392790824174881 5.365603446960449 -1.5120129585266113
v 0.005569464061409235 5.94939661026001 -1.4204659461975098
v -0.04256695136427879 5.4132256507873535 -1.1900640726089478
v 1.075006365776062 5.269914627075195 -0.4783914089202881
v 0.5750648379325867 5.160529136657715 -1.3651822805404663
v 0.9658696055412292 5.35708475112915 -1.0520652532577515
v 0.16814729571342468 4.562057971954346 -1.2157292366027832
v 0.606974720954895 4.38356351852417 -0.908525288105011
v 0.8940406441688538 4.905383586883545 -0.13762308657169342
v 0.5843867659568787 4.548914432525635 -0.22035245597362518
v 0.9542120695114136 5.533770561218262 -0.8666408658027649
v 1.0720304250717163 4.8042311668396 -0.21793684363365173
v 0.786612868309021 5.128744602203369 -1.2231489419937134
v 0.2611357867717743 5.442960739135742 -0.3681527078151703
v 0.31583377718925476 4.425322532653809 -1.0300298929214478
v 0.9548543095588684 5.257717132568359 -1.1269999742507935
v 0.6495627760887146 4.265096187591553 -0.7215765714645386
v 1.3510055541992188 5.091960430145264 0.07671915739774704
v 0.806036651134491 5.847687721252441 -0.6950550079345703
v 0.7295000553131104 5.931910991668701 -0.7211241126060486
v 0.2765147387981415 4.4163384437561035 -1.0800293684005737
v 0.8593646287918091 4.880523204803467 -0.12401176244020462
v 0.7862599492073059 4.682077884674072 -1.2136555910110474
v 1.0513026714324951 5.058259963989258 -0.22675341367721558
v 1.0783222913742065 4.719733238220215 -0.4193221926689148
v 1.1687442064285278 5.227086544036865 -0.18761898577213287
v 0.9662983417510986 5.319474220275879 -0.27532103657722473
v 0.11525982618331909 4.677863121032715 -1.0707420110702515
v 0.5698143243789673 4.366498947143555 -0.3529203534126282
v 0.11017333716154099 5.4392242431640625 -0.5957675576210022
v 0.05617852509021759 5.17470645904541 -1.5476378202438354
v 0.9986310601234436 4.581669807434082 -0.4789459705352783
v -0.24381357431411743 5.220222473144531 -1.2103135585784912
v 1.272033452987671 5.103932857513428 -0.07816671580076218
v 0.9762411117553711 4.649927616119385 -0.19351783394813538
v 0.00807929690927267 5.508341312408447 -0.9270415902137756
v 0.4602028727531433 4.3789496421813965 -1.0860518217086792
v 1.108083963394165 5.206603050231934 -0.45290207862854004
v 0.6425716876983643 4.532576084136963 -1.1018140316009521
v 0.018182041123509407 5.592275619506836 -1.5290910005569458
v 0.7646725177764893 5.916659832000732 -0.7559848427772522
v 1.3430694341659546 5.070708274841309 0.07884110510349274
v 1.1014063358306885 5.300495147705078 -0.6496873497962952
v 0.024958662688732147 5.201916217803955 -1.5746660232543945
v 1.0167092084884644 4.761486053466797 -0.2393883615732193
v 0.7512075901031494 5.920403003692627 -0.6894222497940063
v 0.3664310574531555 4.390696048736572 -1.064664363861084
v 0.9383463263511658 4.610830783843994 -0.33037692308425903
v 0.19910676777362823 5.160236835479736 -0.4752865731716156
v 0.8903478980064392 4.232460021972656 -0.8123363852500916
v 0.6854483485221863 5.844534873962402 -0.8172527551651001
v 0.5956464409828186 5.482769966125488 -0.37564903497695923
v 1.2849111557006836 4.899123668670654 0.035369884222745895
v 0.5921584367752075 5.014097690582275 -0.11127443611621857
v 1.062660813331604 5.287938594818115 -0.473320335149765
v 0.6017218828201294 4.34174919128418 -0.707722544670105
v -0.031043091788887978 5.170544147491455 -0.7013909220695496
v 1.0321497917175293 4.644951820373535 -0.27686354517936707
v -0.12894375622272491 5.2937750816345215 -1.496443748474121
v -0.02677122876048088 5.0727667808532715 -0.7008516192436218
v 0.9082321524620056 4.947230339050293 -1.1720225811004639
v 0.272332102060318 5.603848457336426 -1.0817867517471313
v 0.8346008658409119 5.360889911651611 -1.2250292301177979
v 0.4474739730358124 4.905381679534912 -0.13655751943588257
v 1.1001847982406616 4.6417388916015625 -0.7049902081489563
v -0.15441089868545532 5.13053560256958 -0.9405720829963684
v 0.2545658349990845 5.42501163482666 -1.3336303234100342
v 0.210969939827919 5.162779331207275 -0.45070725679397583
v 1.0405797958374023 4.554710388183594 -0.8155756592750549
v 0.18085846304893494 4.671256065368652 -1.152536153793335
v 0.21516302227973938 4.387709140777588 -0.5043105483055115
v -0.1005040854215622 5.941840171813965 -1.495967149734497
v -0.13844549655914307 5.362639427185059 -1.5116424560546875
v 1.2458406686782837 4.767420291900635 -0.11133206635713577
v 0.0824379101395607 4.455372333526611 -1.0087441205978394
v 0.9777776598930359 5.072678565979004 -1.0987532138824463
v 0.6245022416114807 5.00329065322876 -0.10950006544589996
v 0.9659695625305176 5.50136137008667 -0.8035170435905457
v 0.7416004538536072 5.652101516723633 -0.5587008595466614
v 0.34064117074012756 4.469386577606201 -0.88630211353302
v 0.4793910086154938 4.448768138885498 -0.7276862859725952
v 0.1516600251197815 4.765073299407959 -0.42880961298942566
v 0.7880264520645142 4.286252021789551 -0.9240399599075317
v -0.15091802179813385 5.633147716522217 -1.4072048664093018
v 0.21018077433109283 5.0098419189453125 -0.33530309796333313
v 0.22220315039157867 5.400845050811768 -1.3396992683410645
v 0.03743308037519455 5.944290637969971 -1.466799259185791
v 0.6508558988571167 5.809413433074951 -0.7733270525932312
v 0.654867947101593 5.331070423126221 -0.20376072824001312
v 0.758952260017395 4.769694805145264 -0.12933826446533203
v 0.637427568435669 4.422822952270508 -0.39121782779693604
v 0.3330667316913605 4.361081600189209 -0.2707706093788147
v 0.2312132865190506 4.3826904296875 -0.5353554487228394
v 0.9959999918937683 5.287664413452148 -1.1120823621749878
v 1.2765001058578491 5.068594455718994 -0.08940273523330688
v 0.16716031730175018 4.43253755569458 -0.8841704726219177
v 0.4351778030395508 4.90834903717041 -0.1419818103313446
v 0.1870328187942505 4.577167510986328 -0.46443429589271545
v 0.022231997922062874 5.502273082733154 -1.5289279222488403
v 1.058185338973999 5.161914825439453 -0.24849754571914673
v 0.9512631893157959 5.1801605224609375 -1.1103692054748535
v 0.5044716596603394 4.415701866149902 -1.1340539455413818
v -0.16142408549785614 5.132252216339111 -0.9651042222976685
v 0.2883937656879425 4.373165607452393 -0.28699830174446106
v 0.16851939260959625 5.159205913543701 -0.5288925170898438
v -0.15584886074066162 5.130855560302734 -0.9456848502159119
v 0.6846107840538025 5.836218357086182 -0.8186487555503845
v 0.6851954460144043 4.517121315002441 -1.0556702613830566
v 0.15894536674022675 4.60603666305542 -0.5000728964805603
v 0.8677506446838379 4.886813163757324 -0.12715646624565125
v 0.1683066338300705 4.561580181121826 -1.2159769535064697
v 1.2097175121307373 5.21830415725708 -0.14858677983283997
v -0.11338142305612564 5.7812018394470215 -1.4277114868164062
v -0.1373187005519867 5.358633041381836 -1.5111416578292847
v -0.1572965681552887 4.553276538848877 -0.7664549350738525
v -0.14956557750701904 5.130405426025391 -0.9202336072921753
v 0.2456471174955368 4.932258605957031 -1.4094429016113281
v 0.8955196142196655 5.549592018127441 -0.9312764406204224
v -0.09950348734855652 5.950326919555664 -1.455519199371338
v 1.147645354270935 5.185573101043701 -0.7578518986701965
v 0.7765600085258484 5.149096488952637 -1.2280073165893555
v 0.25472986698150635 4.74592399597168 -0.30589818954467773
v 1.0324385166168213 4.559255123138428 -0.8445311188697815
v 0.18905283510684967 5.0841169357299805 -0.34787166118621826
v 0.015605387277901173 4.90487813949585 -1.1962231397628784
v 0.16924218833446503 4.558773517608643 -1.2174322605133057
v 0.9374348521232605 5.375332355499268 -1.0704654455184937
v 0.307655930519104 5.403944969177246 -0.3326474726200104
v 1.0499626398086548 4.791247367858887 -0.23947414755821228
v 0.9509090781211853 5.5269999504089355 -0.6663574576377869
v 0.10791352391242981 4.767673969268799 -0.4468693137168884
v 0.7600000500679016 5.657986164093018 -0.9552299380302429
v 0.9338939785957336 5.377415657043457 -1.0733815431594849
v 1.0447907447814941 4.957115650177002 -0.22558176517486572
v 0.6042090654373169 4.504709243774414 -1.1353309154510498
v 0.913676917552948 5.543440818786621 -0.9103231430053711
v 0.7677767872810364 4.281032085418701 -0.6016485095024109
v 1.0898665189743042 5.2459516525268555 -0.4756334125995636
v 0.03397746756672859 5.860067367553711 -1.5620225667953491
v 0.6327283978462219 5.3374924659729 -0.21638590097427368
v 0.16682296991348267 4.600624084472656 -0.4904535710811615
v 0.6008714437484741 4.322921276092529 -0.711816668510437
v 0.5972908735275269 5.3581671714782715 -0.23712566494941711
v 0.5853161811828613 4.422752857208252 -0.6135635375976562
v 0.8933290243148804 5.105865478515625 -0.19683632254600525
v 0.5341028571128845 5.667327880859375 -1.0077319145202637
v 0.028169145807623863 5.644740104675293 -1.529665470123291
v 0.1207597553730011 5.023474216461182 -0.38345277309417725
v 0.22880405187606812 4.386099338531494 -0.3445921242237091
v 0.23372052609920502 4.490694522857666 -1.2951358556747437
v 0.32790592312812805 4.942765712738037 -0.22122274339199066
v 1.0120402574539185 4.766770362854004 -0.24193257093429565
v 1.3252297639846802 5.332230091094971 -0.028391871601343155
v 0.778873085975647 5.570213317871094 -0.47652667760849
v 0.656350314617157 5.812199592590332 -0.7800004482269287
v 1.1737011671066284 4.717329025268555 -0.21177709102630615
v 0.1705833375453949 4.597991943359375 -0.4861290752887726
v -0.15780846774578094 5.131327152252197 -0.9527431726455688
v 1.049692988395691 5.052223205566406 -0.2247411012649536
v 0.8879053592681885 4.929989814758301 -1.1982115507125854
v 1.081613302230835 4.810537338256836 -0.20627175271511078
v 1.183058738708496 4.842575550079346 -0.6956470608711243
v 0.02352328784763813 5.626933574676514 -1.529636263847351
v 0.5230996012687683 5.670017719268799 -0.9950995445251465
v 0.5848049521446228 4.874777317047119 -0.11861962080001831
v -0.0939059630036354 5.204995155334473 -1.470951795578003
v 0.6442127227783203 5.608508110046387 -0.4822458028793335
v 0.6511344909667969 5.606955051422119 -0.48301681876182556
v 0.8725262880325317 4.227921009063721 -0.7176316976547241
v 0.0076994881965219975 5.196699142456055 -0.6967332363128662
v 0.7736390233039856 4.298695087432861 -0.5852007865905762
v 1.0727050304412842 5.009272575378418 -0.2789548337459564
v 0.06220627203583717 4.977210998535156 -0.45855987071990967
v 0.04651603847742081 5.8001298904418945 -1.5502259731292725
v 0.30843982100486755 4.443580150604248 -1.0128997564315796
v 0.5639155507087708 4.878513813018799 -0.11408873647451401
v 0.4770874083042145 5.67952823638916 -0.9592727422714233
v -0.2074144035577774 5.162113666534424 -1.121834397315979
v 0.5381956696510315 5.509100914001465 -1.277051329612732
v 0.3123316168785095 4.366960048675537 -0.27901777625083923
v -0.14303745329380035 5.131056308746338 -0.8690130114555359
v 0.6415168046951294 5.80790376663208 -0.7571298480033875
v 0.4255807399749756 4.2973127365112305 -0.5701258182525635
v -0.08500001579523087 5.036733150482178 -0.8806850910186768
v 0.8833011388778687 4.226066589355469 -0.7427380084991455
v 0.4578869044780731 5.463920593261719 -0.33895257115364075
v -0.020201288163661957 5.944433212280273 -1.5587341785430908
v 0.6817213892936707 5.17169189453125 -0.10215947031974792
v 1.1732673645019531 5.227260589599609 -0.18483534455299377
v 0.1563161164522171 4.446588039398193 -0.8900088667869568
v 0.41637226939201355 4.338068008422852 -0.2628600299358368
v 0.8414567112922668 5.3619184494018555 -1.2185161113739014
v 1.09151029586792 5.089760780334473 -0.35015612840652466
v -0.2137414813041687 5.307384490966797 -1.2809828519821167
v 0.2297312468290329 4.440596103668213 -1.122057318687439
v 0.8791016340255737 4.226354122161865 -0.7326401472091675
v -0.16515779495239258 5.52810525894165 -1.3878027200698853
v 0.8807871341705322 4.226201057434082 -0.7364706993103027
v -0.04984879866242409 5.044445991516113 -0.6843092441558838
v 1.0736806392669678 5.330018997192383 -0.716737687587738
v 0.9087476134300232 5.544857501983643 -0.9162707328796387
v 0.06074778363108635 5.079830169677734 -0.4803977906703949
v 1.1000348329544067 4.64093017578125 -0.7088828086853027
v 0.8667852878570557 5.564972400665283 -0.9720122814178467
v -0.1686699390411377 5.134228229522705 -0.9857670664787292
v 0.777895987033844 5.066516876220703 -1.2288624048233032
v 0.7789818644523621 5.908999919891357 -0.7205361723899841
v 0.13907887041568756 5.447817325592041 -0.5496595501899719
v 0.47339290380477905 4.84080171585083 -1.3579018115997314
v 0.3464287519454956 5.1006178855896 -0.23284146189689636
v 0.4744711220264435 4.405514240264893 -1.301141619682312
v 1.0350691080093384 4.645543098449707 -0.2749137580394745
v 1.209938645362854 4.877167224884033 -0.6865245699882507
v 0.28106939792633057 5.280272960662842 -0.3136620819568634
v -0.0956200584769249 4.887229919433594 -0.7129303812980652
v 0.7935293912887573 5.432617664337158 -0.3803277611732483
v 0.18074312806129456 4.664917945861816 -1.1582978963851929
v 1.1727194786071777 5.0266218185424805 -0.8191336393356323
v 0.5342891812324524 5.026051998138428 -0.11594221740961075
v 0.7420920729637146 5.800045490264893 -0.6560911536216736
v 1.1580238342285156 5.194965362548828 -0.7248122692108154
v -0.03845106437802315 5.949109077453613 -1.3966689109802246
v 1.2777498960494995 4.874856948852539 0.03646434098482132
v 0.7536079287528992 5.776047229766846 -0.6982554197311401
v 0.769873857498169 5.782958507537842 -0.7470012903213501
v 1.2274725437164307 4.909445285797119 -0.6759819388389587
v 1.125892996788025 5.167818546295166 -0.8016394376754761
v 0.6181540489196777 5.614939212799072 -0.481712281703949
v 1.0640113353729248 4.786425590515137 -0.981339693069458
v 0.4066848158836365 5.0719075202941895 -0.19051165878772736
v -0.1792357861995697 5.516472816467285 -1.3815557956695557
v 0.7043778896331787 5.865900993347168 -0.7079432010650635
v 1.1581571102142334 4.921540260314941 -0.43249422311782837
v 0.9995198845863342 5.187559604644775 -1.0752511024475098
v 0.7422410845756531 5.2337117195129395 -1.2532912492752075
v 1.167893648147583 4.800447463989258 -0.7157974243164062
v -0.21744348108768463 5.172646999359131 -1.1460906267166138
v 0.18801379203796387 4.574715614318848 -0.46247249841690063
v 0.33664754033088684 5.252751350402832 -1.4355710744857788
v 1.062434434890747 5.0032453536987305 -0.26537787914276123
v 0.19713222980499268 5.121622562408447 -1.5257858037948608
v -0.0520889088511467 4.803478717803955 -0.9656932950019836
v 0.05790829285979271 5.1735944747924805 -1.5468964576721191
v 0.40664029121398926 4.91677188873291 -0.15908807516098022
v 0.8201542496681213 5.4254584312438965 -0.38653552532196045
v 0.010202432051301003 4.503398895263672 -1.0166985988616943
v 0.566186785697937 5.020265102386475 -0.11150437593460083
v 0.811089813709259 4.27993106842041 -0.9137804508209229
v 0.12031734734773636 4.681856155395508 -1.0734038352966309
v 0.4200942814350128 4.732705593109131 -1.3879400491714478
v 0.6008058190345764 4.399039268493652 -0.9145863056182861
v 0.4769188165664673 4.723390102386475 -1.372835397720337
v -0.08940337598323822 5.032991409301758 -0.8376779556274414
v 0.2540226876735687 5.447178840637207 -0.375126451253891
v 0.39692410826683044 4.8550567626953125 -1.3791075944900513
v 0.4806893467903137 5.686957359313965 -0.8746936321258545
v 1.2341265678405762 5.200873374938965 -0.12044050544500351
v 1.0759806632995605 5.188145160675049 -0.23734523355960846
v 0.9979776740074158 5.2233381271362305 -1.0862263441085815
v -0.21305857598781586 5.167864799499512 -1.135952353477478
v 1.2763441801071167 5.074928283691406 -0.08659747242927551
v -0.14717401564121246 5.39888334274292 -1.5138304233551025
v 0.2805348336696625 5.108222961425781 -1.5035605430603027
v -0.012506073340773582 4.536575794219971 -1.0489909648895264
v 0.04630683735013008 5.78016996383667 -1.5430680513381958
v -0.02569158561527729 5.076680660247803 -0.7004468441009521
v 0.4660571813583374 4.289059162139893 -0.5490019917488098
v 0.6099481582641602 4.510448455810547 -1.1327483654022217
v 0.5596765279769897 5.7872185707092285 -0.8455419540405273
v 0.9372604489326477 5.532434940338135 -0.6434668302536011
v 1.35816490650177 5.269804954528809 -0.20020800828933716
v 0.7756189107894897 5.876678466796875 -0.6789703369140625
v 0.7448499202728271 4.734893798828125 -0.14418761432170868
v 0.14260618388652802 5.136348724365234 -1.5352556705474854
v 0.6905183792114258 5.218288421630859 -1.284404993057251
v 0.33929145336151123 4.6283721923828125 -0.2646191418170929
v -0.08502820134162903 5.018697261810303 -0.9151756167411804
v 0.7908682823181152 4.6795172691345215 -1.2085353136062622
v -0.07193618267774582 5.407188415527344 -1.1871873140335083
v 0.20313197374343872 4.389240741729736 -0.3961983919143677
v 0.18076187372207642 4.5204901695251465 -1.2369115352630615
v 0.8820105195045471 4.926822662353516 -1.204557180404663
v 0.45576584339141846 4.379554748535156 -1.0834299325942993
v 0.948535144329071 5.331917762756348 -1.142547369003296
v 0.21753239631652832 5.015835762023926 -0.32327085733413696
v 0.7072400450706482 5.877822399139404 -0.817029595375061
v 0.5355808138847351 5.770993232727051 -0.8606128096580505
v 0.11930371075868607 4.423303604125977 -0.8710908889770508
v -0.21772794425487518 5.17295503616333 -1.1466832160949707
v -0.18741141259670258 5.14533805847168 -1.059234380722046
v 0.5045556426048279 5.72959566116333 -0.8749898672103882
v 0.4618999660015106 5.502944469451904 -1.2838555574417114
v 0.883398175239563 5.555670261383057 -0.9482948780059814
v 0.21817860007286072 4.388094425201416 -0.3654539883136749
v 0.7508497834205627 5.920823574066162 -0.6897590160369873
v 1.2831768989562988 5.300507068634033 -0.295583575963974
v 0.604849100112915 4.3523030281066895 -0.7038134932518005
v 0.48406827449798584 4.285204887390137 -0.4244295656681061
v 0.7631949186325073 4.25089168548584 -0.6102610230445862
v 0.5578953623771667 4.353373050689697 -0.3494614064693451
v 0.14749954640865326 4.612152576446533 -0.5144571661949158
v -0.023546671494841576 4.753323078155518 -0.580562174320221
v 0.025841105729341507 5.636127471923828 -1.5297629833221436
v 0.21370252966880798 4.388000011444092 -0.5007426738739014
v 0.5152812004089355 5.749210357666016 -0.8722395896911621
v -0.17472513020038605 5.136382102966309 -1.007821798324585
v -0.015848491340875626 4.909246921539307 -1.1480437517166138
v 1.1478191614151 4.735949516296387 -0.0046302443370223045
v 0.82049959897995 5.8912506103515625 -0.7742494940757751
v 0.6184555292129517 5.483454704284668 -0.3726816773414612
v 0.794325590133667 5.760529041290283 -0.7616977095603943
v 0.7183578610420227 5.863687992095947 -0.6877200603485107
v 1.0038011074066162 5.368969440460205 -0.8606683611869812
v 0.022708777338266373 5.315999984741211 -1.5502606630325317
v 0.03543543815612793 5.855693817138672 -1.560564637184143
v 0.46706423163414 4.4349188804626465 -1.0464036464691162
v 1.4123343229293823 5.202049732208252 -0.11848553270101547
v 0.22224049270153046 4.3873677253723145 -0.3575189709663391
v 0.6943712830543518 5.79321813583374 -0.8118908405303955
v 0.7372655868530273 5.021030902862549 -1.2562638521194458
v -0.06597007066011429 4.499744892120361 -0.6974409818649292
v 0.4624815583229065 4.463009357452393 -0.8391852974891663
v 0.1143207848072052 5.385791778564453 -1.3868778944015503
v 0.28152647614479065 4.374594688415527 -0.28877711296081543
v 0.5688178539276123 4.464553356170654 -1.143057942390442
v 0.8471614718437195 5.3607096672058105 -1.2146451473236084
v 0.3272218108177185 4.649077415466309 -0.27080926299095154
v 0.7374558448791504 5.806860446929932 -0.6718235015869141
v 0.45099419355392456 5.50809907913208 -0.38562849164009094
v 0.7602784037590027 5.71259069442749 -0.6111021637916565
v 0.12034890055656433 5.194983005523682 -0.527633786201477
v 1.1351712942123413 4.990071773529053 -0.40896400809288025
v -0.15739057958126068 5.131222724914551 -0.9512283802032471
v 0.6638495922088623 5.62772798538208 -1.0505000352859497
v 0.6623421907424927 5.2844767570495605 -1.320792317390442
v 0.8574723601341248 5.359499931335449 -1.206027626991272
v -0.001684678834863007 4.575708389282227 -1.048420786857605
v 0.3359343707561493 4.940896034240723 -0.21766023337841034
v 0.4773201644420624 5.344870567321777 -1.380384922027588
v -0.07268683612346649 4.52642822265625 -1.0085093975067139
v 0.18233147263526917 4.584057807922363 -0.47050216794013977
v 0.43072760105133057 4.3830885887146 -1.0679872035980225
v 0.6952326893806458 4.434004783630371 -0.42715349793434143
v 0.19998246431350708 5.535722255706787 -1.135718822479248
v -0.18490244448184967 5.3287458419799805 -1.246838927268982
v 0.8111220598220825 4.6681718826293945 -1.1877920627593994
v 0.8288453221321106 5.721378803253174 -0.8172130584716797
v 0.8297699689865112 5.565910339355469 -0.5124971270561218
v 0.8564602732658386 4.91786003112793 -1.2301996946334839
v 0.7569076418876648 4.292156219482422 -0.9409761428833008
v 0.7639061212539673 5.419478416442871 -1.203636646270752
v 0.5338749885559082 4.4468674659729 -0.9219264984130859
v -0.11593326181173325 4.8468146324157715 -0.8498186469078064
v 1.3177648782730103 5.340632915496826 -0.03438806161284447
v 0.9565888047218323 5.522195339202881 -0.6827366948127747
v 0.049282632768154144 4.581725120544434 -0.6067880392074585
v 1.4284945726394653 5.138923645019531 -0.08098101615905762
v 0.770738959312439 5.769482135772705 -0.7109799981117249
v 0.534294068813324 4.474188804626465 -0.9570336937904358
v -0.04898539558053017 4.9244866371154785 -1.076535940170288
v 0.8905000686645508 4.229043483734131 -0.7866719961166382
v 0.21355126798152924 4.465780258178711 -0.9133504033088684
v -0.09497282654047012 4.822690010070801 -0.9062753319740295
v 0.8331466913223267 5.3606719970703125 -1.2264106273651123
v 1.0724122524261475 4.804492473602295 -0.2174745798110962
v 0.22076629102230072 4.387707710266113 -0.3604673445224762
v 1.2550760507583618 5.3929619789123535 -0.08676563203334808
v 1.1140739917755127 4.679222106933594 -0.5559076070785522
v 0.4435540437698364 5.692197322845459 -0.9317546486854553
v 0.27712056040763855 5.2742180824279785 -0.3139253556728363
v 0.9221575856208801 5.384130001068115 -1.082047939300537
v 0.7890654802322388 5.838824272155762 -0.7851929664611816
v 1.1076295375823975 4.766327381134033 -0.9013522267341614
v 0.918086588382721 5.360135078430176 -0.9264107942581177
v 0.029237231239676476 4.602625846862793 -1.0573543310165405
v 0.11376562714576721 5.146695613861084 -1.5347843170166016
v 0.6377297043800354 4.269635200500488 -0.7436217665672302
v 0.8557723760604858 5.41437292098999 -0.3962363302707672
v 0.18707816302776337 4.459242820739746 -0.9034860730171204
v 0.7500963807106018 5.4480085372924805 -0.37172678112983704
v 0.7576244473457336 5.816736221313477 -0.6514442563056946
v 1.0951218605041504 5.207188129425049 -0.22658540308475494
v 1.0135307312011719 4.568234920501709 -0.8862038254737854
v 1.1316165924072266 5.173013687133789 -0.7897668480873108
v 0.018558071926236153 5.596976280212402 -1.5292789936065674
v 0.2933783233165741 4.466756820678711 -0.97944575548172
v 1.0148645639419556 4.596151351928711 -0.47212958335876465
v 0.7750683426856995 4.373363018035889 -0.508093535900116
v -0.07592438906431198 4.986541271209717 -0.9679952263832092
v 0.05571359768509865 4.977974891662598 -0.46963560581207275
v 1.0991272926330566 4.773408889770508 -0.9256999492645264
v 0.2908095121383667 5.297483921051025 -0.31099992990493774
v 1.1078256368637085 5.20705509185791 -0.4532034397125244
v 0.9395874738693237 5.096602439880371 -0.22609943151474
v -0.1690351516008377 4.553494453430176 -0.8618652820587158
v 0.07501145452260971 5.015120983123779 -0.3766742944717407
v 1.1974999904632568 4.952906131744385 -0.5345589518547058
v 0.9510381817817688 4.416065692901611 -0.6479415893554688
v -0.0934249609708786 4.740261077880859 -0.7141931653022766
v 0.8744760751724243 4.661900043487549 -0.23307643830776215
v 0.33811986446380615 5.253154754638672 -1.4354482889175415
v 0.8632569909095764 4.9478559494018555 -0.11407910287380219
v 1.0711528062820435 4.709075450897217 -0.412056565284729
v 1.1156001091003418 5.152299880981445 -0.3891598880290985
v 0.03050481528043747 5.601860523223877 -1.2945144176483154
v 0.9371082782745361 4.463831901550293 -0.526451587677002
v -0.13157515227794647 5.715505599975586 -1.4194624423980713
v 0.47376611828804016 5.680700302124023 -0.9567329287528992
v 0.8191028833389282 4.91349983215332 -1.2779308557510376
v -0.16274423897266388 5.261460781097412 -1.0462095737457275
v 1.0523250102996826 4.791143894195557 -0.9904660582542419
v -0.17256377637386322 5.135456085205078 -0.9985589981079102
v 0.7569957971572876 5.6808953285217285 -0.9334790706634521
v 0.6133251786231995 4.3501691818237305 -0.9019699096679688
v 0.14183227717876434 5.225937366485596 -0.5364118218421936
v 0.2340790033340454 5.453667163848877 -0.40075698494911194
v 0.6484131813049316 4.859834671020508 -0.1176675409078598
v 0.2386321872472763 5.194197654724121 -0.3194333612918854
v 0.14005568623542786 4.692843914031982 -1.0842397212982178
v -0.09070981293916702 5.029725551605225 -0.8420327305793762
v 0.4895918369293213 4.346490859985352 -0.5512936115264893
v 0.918157696723938 5.024749755859375 -0.14506575465202332
v 0.4508611559867859 4.331507205963135 -0.27268749475479126
v 0.9775834083557129 4.553305625915527 -0.4902777075767517
v 0.5791043639183044 4.3751044273376465 -0.3566645085811615
v 0.9949929714202881 5.291269302368164 -1.1145139932632446
v -0.08663959056138992 4.743533611297607 -0.698452353477478
v 0.5655494928359985 5.058219909667969 -1.3315000534057617
v 0.5044214725494385 4.43934965133667 -0.7036870121955872
v 0.8489999771118164 4.978309631347656 -1.1985118389129639
v 1.4199877977371216 5.184808731079102 -0.10491035878658295
v 0.8015270829200745 5.774621486663818 -0.7052165865898132
v 0.695734977722168 4.500596523284912 -1.0409631729125977
v 1.3551470041275024 4.9570393562316895 -0.07282346487045288
v -0.18334472179412842 5.253263473510742 -1.0953809022903442
v 0.9231302738189697 5.3417158126831055 -1.1569311618804932
v 0.9132608771324158 5.538434982299805 -0.6101087331771851
v 1.1042195558547974 4.649126052856445 -0.661776065826416
v 0.7837678790092468 5.747599124908447 -0.7369991540908813
v 0.12249596416950226 4.619955539703369 -0.5472781658172607
v 0.17280833423137665 4.5478105545043945 -1.2231167554855347
v -0.07926547527313232 5.956221580505371 -1.4123159646987915
v 0.5268515348434448 5.10947847366333 -1.393245816230774
v 0.46931228041648865 5.680906295776367 -0.8821408152580261
v 0.9387218952178955 4.457123756408691 -0.5318874716758728
v 0.7653927803039551 5.803811073303223 -0.6587027311325073
v 0.009290950372815132 5.497218132019043 -0.9785188436508179
v 0.9908932447433472 5.338747978210449 -0.37151387333869934
v 0.3120129406452179 4.672070503234863 -0.27708369493484497
v -0.18597182631492615 5.1443305015563965 -1.0549155473709106
v 1.0973262786865234 5.088130474090576 -0.9549996852874756
v 0.9382126927375793 5.2643208503723145 -0.24747391045093536
v 0.1695028841495514 4.594006061553955 -1.1989542245864868
v 0.5548102855682373 4.463120937347412 -0.9414137601852417
v 0.6368510723114014 4.8635640144348145 -0.12065134197473526
v 0.8222630023956299 5.857138633728027 -0.7292890548706055
v 0.28182828426361084 5.609938621520996 -1.073013186454773
v 0.5286788940429688 5.111793518066406 -1.3922711610794067
v 0.6421187520027161 5.249972343444824 -1.3289703130722046
v 0.9353808760643005 5.536928653717041 -0.8860952258110046
v 0.9418734312057495 5.531281471252441 -0.6495214104652405
v 1.0330301523208618 4.662533283233643 -0.3775250315666199
v 0.758373498916626 5.189441204071045 -1.2373132705688477
v 1.216283917427063 5.025282859802246 -0.62535160779953
v 0.9613764882087708 5.0365118980407715 -1.110347032546997
v 0.022925684228539467 5.477121829986572 -1.5312973260879517
v 0.07937832921743393 5.418532848358154 -0.6580721735954285
v 1.1270626783370972 4.734140396118164 -0.7877331972122192
v 0.04212309047579765 5.185074806213379 -1.556575059890747
v 0.852738618850708 5.570504665374756 -0.9847613573074341
v 0.19645936787128448 5.1598896980285645 -0.4806913137435913
v 0.9527600407600403 4.942255973815918 -0.1685064733028412
v 0.6160710453987122 4.287267208099365 -0.720986008644104
v 0.5888829231262207 5.13967752456665 -1.3362940549850464
v 0.597671627998352 5.801289081573486 -0.8206329941749573
v 0.18125976622104645 4.6874775886535645 -1.1371815204620361
v 0.7329356074333191 4.703946590423584 -0.16198906302452087
v 0.9571231007575989 5.075027942657471 -0.17159220576286316
v 1.2096927165985107 4.876835346221924 -0.6866229176521301
v 0.08050723373889923 4.60741662979126 -0.5857123732566833
v 0.7623394727706909 5.569364070892334 -0.4803641736507416
v 0.27725493907928467 5.256590843200684 -0.3200836479663849
v 1.1171878576278687 5.172691345214844 -0.4187551736831665
v 1.0575000047683716 5.0954179763793945 -0.23226867616176605
v -0.15490418672561646 5.279905796051025 -0.9929265975952148
v 0.4928417205810547 5.676039695739746 -0.9713813066482544
v 0.754543125629425 5.198251247406006 -1.239228367805481
v 0.7667956948280334 4.253509998321533 -0.6153521537780762
v 0.8395820260047913 5.7103095054626465 -0.826947033405304
v 0.6115885972976685 4.358468532562256 -0.9032405614852905
v 0.24012045562267303 4.379053592681885 -0.5473922491073608
v -0.008463672362267971 4.489141464233398 -0.6924149394035339
v 0.45562633872032166 4.728116512298584 -1.3787329196929932
v 0.7394048571586609 5.3445024490356445 -1.2767993211746216
v 1.0131925344467163 5.163080215454102 -0.24510200321674347
v 0.0034076592419296503 5.213624000549316 -0.6670923233032227
v 0.7910195589065552 5.117727756500244 -1.2194269895553589
v 0.7887700796127319 5.840744972229004 -0.7877046465873718
v 0.642276406288147 5.206159591674805 -1.3249256610870361
v 0.2116430401802063 4.503871440887451 -0.7019140720367432
v 0.7777048349380493 5.418764591217041 -1.1910302639007568
v 0.6131762862205505 4.295352458953857 -0.8669096827507019
v 0.4750284254550934 4.326944351196289 -0.28102803230285645
v -0.03602008894085884 4.515714645385742 -1.0239462852478027
v 0.8179953694343567 5.855247497558594 -0.7196402549743652
v 0.878491997718811 5.5711164474487305 -0.6795927286148071
v 0.008999964222311974 5.501376628875732 -0.968100368976593
v 1.1114548444747925 5.012676239013672 -0.29632332921028137
v 1.134397029876709 4.728632926940918 -0.010788372717797756
v 0.2752349376678467 4.417027473449707 -1.0808168649673462
v 0.7500755190849304 5.0390801429748535 -1.2454527616500854
v 0.14361931383609772 4.439554691314697 -0.8857246041297913
v 0.7897080779075623 5.121079444885254 -1.2205928564071655
v 1.0347325801849365 4.645448684692383 -0.2751748263835907
v 0.617435872554779 4.4082207679748535 -0.3767905831336975
v 0.46092063188552856 4.411506652832031 -1.3150794506072998
v 1.1639788150787354 4.87407922744751 -0.1338205486536026
v 0.7171171307563782 4.295499801635742 -0.9491618275642395
v 0.6126457452774048 4.410817623138428 -0.6610466241836548
v 0.11691255122423172 4.451445579528809 -0.9948590993881226
v -0.07871980220079422 4.99358606338501 -0.9574074745178223
v 0.775421142578125 5.064478874206543 -1.230289340019226
v 0.49416589736938477 4.280566692352295 -0.4923039376735687
v 0.47874459624290466 5.349855899810791 -1.3793165683746338
v -0.028619451448321342 5.953000068664551 -1.4000978469848633
v 1.2807538509368896 5.3007378578186035 -0.2983526885509491
v 0.7236690521240234 5.782476902008057 -0.8028770685195923
v 0.9566375613212585 5.515349864959717 -0.7174749374389648
v 0.2933560907840729 5.616775035858154 -1.0620416402816772
v 0.7851826548576355 4.817819595336914 -0.11604519188404083
v 0.6566898822784424 5.21054744720459 -1.3161194324493408
v 0.03040488250553608 5.243810176849365 -0.6994999647140503
v 0.9846786260604858 4.579512596130371 -0.9176052808761597
v 0.8715210556983948 5.562387466430664 -0.9646621346473694
v 0.39486438035964966 4.316528797149658 -0.5836553573608398
v 0.9269794821739197 4.991938591003418 -1.096876621246338
v 0.6337710022926331 4.271614074707031 -0.7527265548706055
v 0.6321816444396973 5.181563854217529 -0.10249994695186615
v 1.3038902282714844 5.353571891784668 -0.045265089720487595
v 0.7939793467521667 4.915644645690918 -1.3111363649368286
v 1.1570602655410767 4.870949745178223 -0.4440772235393524
v 0.8132530450820923 5.414549827575684 -1.1601974964141846
v 1.0250086784362793 4.655448913574219 -0.3742094933986664
v 0.16663138568401337 4.69950008392334 -1.1085445880889893
v 0.2906966805458069 5.107589244842529 -1.500767707824707
v 0.5914895534515381 4.489902019500732 -1.1412622928619385
v 0.6014704704284668 4.397324085235596 -0.914029598236084
v 0.7789745926856995 4.686014175415039 -1.2240363359451294
v 0.9570289850234985 5.509952068328857 -0.7482314705848694
v -0.17311310768127441 5.1356916427612305 -1.0009132623672485
v 0.07620399445295334 5.106555938720703 -0.48321521282196045
v 0.8158192038536072 5.854028224945068 -0.7148764729499817
v 0.7412862181663513 5.599908828735352 -1.0487043857574463
v 0.7462451457977295 4.7382073402404785 -0.14244362711906433
v 0.9360507130622864 5.047132968902588 -0.1571076214313507
v 0.38137996196746826 5.110734939575195 -1.4797793626785278
v 0.835183322429657 5.856658458709717 -0.7642579078674316
v 0.3352413475513458 5.3830389976501465 -0.3219594955444336
v -0.09827353805303574 5.940136909484863 -1.5086324214935303
v 0.8558114767074585 5.127374172210693 -1.1661885976791382
v 0.5976167917251587 4.422302722930908 -0.6385113596916199
v 0.6240134835243225 4.775092124938965 -1.3192925453186035
v 0.6437441110610962 4.42736291885376 -0.39532941579818726
v 1.3476532697677612 5.083146095275879 0.07794888317584991
v -0.15942086279392242 5.34786319732666 -1.2243328094482422
v 0.3941875100135803 4.488166809082031 -0.7379999756813049
v -0.10070803016424179 5.021233558654785 -0.8483394384384155
v 0.11329100281000137 5.164641857147217 -0.6096531748771667
v 0.9510058760643005 4.941203594207764 -0.16738371551036835
v 1.2136765718460083 5.041796684265137 -0.6194010376930237
v -0.09736079722642899 5.210062503814697 -1.47394597530365
v 0.01692127250134945 5.941188335418701 -1.5267410278320312
v 1.086098551750183 4.699346542358398 -0.044339533895254135
v 0.3980414569377899 5.268567085266113 -1.424636960029602
v 0.6105378270149231 4.364773273468018 -0.9051319360733032
v 0.4894949495792389 5.63187837600708 -0.5271294116973877
v -0.19624710083007812 5.321202278137207 -1.2574961185455322
v 0.9147461652755737 4.733545303344727 -0.2171434462070465
v 1.3414254188537598 5.280983924865723 -0.22316497564315796
v -0.07027697563171387 5.361678600311279 -0.8153755068778992
v 0.7454618215560913 4.254406452178955 -0.6146098375320435
v 1.2365914583206177 5.299952983856201 -0.3383457064628601
v 0.6027767658233643 5.6181960105896 -0.48325684666633606
v 0.5901390910148621 4.488492965698242 -1.141438364982605
v 0.3239879012107849 4.409132957458496 -1.0421836376190186
v 0.9569999575614929 5.51074743270874 -0.7429546117782593
v 0.33655551075935364 4.41420316696167 -0.5611852407455444
v 0.01644701138138771 5.690983295440674 -1.2922650575637817
v 1.2035698890686035 5.221465110778809 -0.1572788953781128
v -0.08258756250143051 5.043825149536133 -0.8663676977157593
v 0.12091606110334396 5.164000034332275 -0.598099946975708
v 0.6307075023651123 5.825076580047607 -0.7962924838066101
v 0.496059387922287 4.3536152839660645 -0.5562248229980469
v 0.9581018090248108 5.030196666717529 -1.1129199266433716
v -0.10234371572732925 4.525777339935303 -0.6906659603118896
v 0.7344025373458862 5.454150199890137 -0.36933740973472595
v 0.4334571361541748 4.334506988525391 -0.2669857144355774
v 0.59930419921875 4.499462604522705 -1.1376832723617554
v 1.0646330118179321 5.339935779571533 -0.7431653141975403
v -0.14714738726615906 5.130191326141357 -0.907001793384552
v 0.15951304137706757 4.605658054351807 -0.49931591749191284
v 0.10988228023052216 5.474410057067871 -1.1792471408843994
v 0.5561886429786682 4.41318416595459 -0.5880188345909119
v 1.1003594398498535 4.64243745803833 -0.7016721367835999
v 0.22411930561065674 4.421279430389404 -0.4324541985988617
v 1.1086978912353516 4.660829544067383 -0.6107470393180847
v 0.9387996792793274 4.482821464538574 -0.5154784321784973
v 0.46600547432899475 5.434490203857422 -0.3154931962490082
v 0.32860827445983887 4.488447666168213 -0.5841137766838074
v 1.0635370016098022 5.170276641845703 -0.2448182851076126
v 0.6312322616577148 5.000422477722168 -0.10950006544589996
v 0.9529569745063782 4.415999889373779 -0.6367584466934204
v 1.003973364830017 4.572409629821777 -0.8985265493392944
v 0.9886634349822998 4.578117847442627 -0.9138197898864746
v 0.22540947794914246 4.491924285888672 -1.2797431945800781
v 0.0765552818775177 5.461793422698975 -1.2094171047210693
v 0.3712620437145233 5.692500114440918 -0.739165723323822
v -0.0042708138935267925 4.488043308258057 -0.692858874797821
v 1.026853322982788 4.561985015869141 -0.8600207567214966
v 0.24615702033042908 4.932596683502197 -1.410205364227295
v 0.6008370518684387 4.4205546379089355 -0.6340708136558533
v 0.49807319045066833 4.832688808441162 -1.3531394004821777
v -0.12142892926931381 5.859786510467529 -1.4538577795028687
v 1.1469684839248657 4.73541784286499 -0.004949233029037714
v 1.0030373334884644 5.322512626647949 -1.0284126996994019
v 0.7554725408554077 4.926756858825684 -1.3445137739181519
v 0.5507948398590088 5.136019229888916 -1.3798781633377075
v 0.20710541307926178 4.50054407119751 -0.706754207611084
v 0.7765840291976929 5.065467357635498 -1.229649543762207
v 0.48811283707618713 4.380228519439697 -1.1153978109359741
v 1.218519687652588 4.93977689743042 -0.11375240981578827
v 0.7812291383743286 5.286129474639893 -0.1719999462366104
v 0.4490832984447479 5.677980899810791 -0.9006763100624084
v 0.017273670062422752 5.9410905838012695 -1.5264081954956055
v 0.8554578423500061 4.877275466918945 -0.12265253812074661
v 0.7075780034065247 4.628233909606934 -0.21447567641735077
v 1.0034838914871216 5.321960926055908 -1.0280711650848389
v 0.9694826006889343 5.354736328125 -1.0497363805770874
v 0.8433525562286377 4.2366108894348145 -0.668316125869751
v 0.18322177231311798 4.9142985343933105 -1.353325366973877
v 0.07680664211511612 5.3329033851623535 -1.5001407861709595
v 0.7432180643081665 5.5928192138671875 -1.0148988962173462
v 1.0480281114578247 4.919051170349121 -0.23911218345165253
v 1.234646201133728 4.962718963623047 -0.1153658777475357
v 0.22791264951229095 4.491715431213379 -1.2845408916473389
v 1.04134202003479 4.671768665313721 -0.38445165753364563
v 0.7647197842597961 4.2908806800842285 -0.9376423954963684
v 1.0328677892684937 4.521509647369385 -0.5936903953552246
v 0.5112147927284241 4.420571804046631 -1.13442862033844
v 0.35281476378440857 4.597555637359619 -0.25374701619148254
v 0.5522997975349426 5.6609272956848145 -1.0267997980117798
v 1.1226162910461426 5.379558086395264 -0.20766283571720123
v 0.06394500285387039 4.769999980926514 -0.4750019609928131
v -0.11517912894487381 5.3255791664123535 -0.9009707570075989
v 0.5553678870201111 4.350313663482666 -0.34853023290634155
v -0.05383427068591118 4.74856424331665 -0.6323865652084351
v -0.07574623078107834 5.956014633178711 -1.407347559928894
v 1.1805354356765747 5.0043158531188965 -0.7877024412155151
v 0.07393863052129745 5.331470966339111 -1.5040757656097412
v 0.43461427092552185 5.492968559265137 -1.2845968008041382
v 0.1933821439743042 4.561583042144775 -0.45346495509147644
v 1.0084539651870728 4.774106502532959 -0.2621488571166992
v 1.2155379056930542 5.031437397003174 -0.6231138110160828
v 0.1807037889957428 4.674813270568848 -1.1482058763504028
v 0.2433473765850067 4.377345561981201 -0.5508089661598206
v 0.5240000486373901 4.376637935638428 -1.2026543617248535
v 1.0655262470245361 5.282386302947998 -0.4745740592479706
v 0.6642811894416809 5.287021160125732 -1.319859504699707
v 1.157881736755371 4.742208480834961 -0.0008265288197435439
v -0.003681877627968788 4.999148845672607 -0.6135125756263733
v 0.011513426899909973 5.461688995361328 -1.0374327898025513
v 1.0547510385513306 4.9997878074646 -0.2569260895252228
v 0.9828589558601379 5.085505485534668 -1.095930576324463
v 0.5886791944503784 4.4246416091918945 -0.9216068983078003
v 0.03210901841521263 5.443650722503662 -1.2141005992889404
v 0.25159063935279846 4.935940265655518 -1.4173107147216797
v 0.1971658617258072 4.548837184906006 -0.44650188088417053
v 1.2097362279891968 5.050393581390381 -0.616535484790802
v 0.7192261815071106 5.78249979019165 -0.8076299428939819
v 0.7570384740829468 5.63303279876709 -0.973258376121521
v 1.1554911136627197 4.925144195556641 -0.3672885000705719
v 0.8112795948982239 5.4279913902282715 -0.384319931268692
v 0.029990701004862785 5.946837425231934 -1.4481501579284668
v 1.045222520828247 5.313916206359863 -0.46420150995254517
v 0.17036035656929016 4.4298601150512695 -0.8342339396476746
v 0.35066288709640503 4.4528422355651855 -1.3604239225387573
v 0.4792122542858124 5.351492881774902 -1.3789658546447754
v 0.4590349793434143 4.290741443634033 -0.5546030402183533
v 0.49761122465133667 5.713125228881836 -0.8728009462356567
v 0.3039095401763916 4.682552814483643 -0.27946242690086365
v 0.09454755485057831 5.389960765838623 -0.6806340217590332
v 1.1567391157150269 4.927496433258057 -0.4316434860229492
v 0.5112177133560181 5.624014377593994 -0.5133947134017944
v 0.25261545181274414 4.7484612464904785 -0.30744868516921997
v 0.5431283116340637 4.549062252044678 -0.20325151085853577
v 0.8475614786148071 5.664908409118652 -0.7072508335113525
v -0.07794148474931717 5.956143379211426 -1.4104467630386353
v 1.153295874595642 4.856998443603516 -0.44866707921028137
v 0.4524843096733093 4.7285356521606445 -1.3795708417892456
v 0.6525969505310059 4.564972877502441 -0.23228763043880463
v 0.2533330023288727 5.223654747009277 -0.3180222809314728
v 0.6065409183502197 5.186280727386475 -1.3470994234085083
v 0.012459873221814632 4.988852024078369 -0.5737603306770325
v 1.0383331775665283 4.523083209991455 -0.6084995865821838
v 1.1116288900375366 4.666548252105713 -0.5899361371994019
v 0.8489999771118164 4.979055881500244 -1.200228214263916
v 0.016526350751519203 4.986954212188721 -0.564271867275238
v 1.1065528392791748 5.049420356750488 -0.37252670526504517
v 0.7558041214942932 5.856423854827881 -0.6682319641113281
v -0.06105737388134003 4.5225725173950195 -1.0158554315567017
v 0.011789374984800816 4.98916482925415 -0.5753248929977417
v 1.2700611352920532 5.122045993804932 -0.08015813678503036
v 0.8622766137123108 5.131545066833496 -1.1599324941635132
v 0.3311726450920105 4.500167369842529 -0.6550889611244202
v 0.4831558167934418 5.714238166809082 -0.6142234206199646
v 0.39861994981765747 4.314833164215088 -0.582928478717804
v 0.9620368480682373 5.037785053253174 -1.109828233718872
v 0.38199540972709656 4.494502544403076 -0.71792072057724
v 0.8782727122306824 4.2264299392700195 -0.7307562828063965
v 0.7572331428527832 5.846066474914551 -0.6734333038330078
v 0.7532119154930115 5.688443183898926 -0.5860395431518555
v 0.5916206240653992 4.417569160461426 -0.6419827342033386
v 0.9740691781044006 4.547448635101318 -0.4926205575466156
v 0.7451812028884888 5.664478778839111 -0.5667972564697266
v 0.7762567400932312 4.687567710876465 -1.2279189825057983
v 0.8557384610176086 5.632917404174805 -0.867238461971283
v 0.5480440258979797 5.474327087402344 -0.3857256770133972
v 0.7705158591270447 4.921492099761963 -1.3349868059158325
v 1.274773120880127 5.088879585266113 -0.08178241550922394
v 0.9393234252929688 4.996039390563965 -1.1296765804290771
v 0.9803912043571472 4.6519455909729 -0.18648259341716766
v 0.712270975112915 4.944705963134766 -1.3609504699707031
v 1.3511943817138672 4.94177770614624 -0.0710778459906578
v 1.1708494424819946 4.818878173828125 -0.7048109173774719
v 0.38176998496055603 5.689708232879639 -0.6902115345001221
v 0.36290544271469116 4.537786483764648 -0.23350003361701965
v 0.4106220304965973 4.297528266906738 -0.567726194858551
v 0.5603459477424622 5.47934627532959 -0.3824230432510376
v 1.248103380203247 5.396042823791504 -0.09635396301746368
v 0.8277063965797424 5.851724624633789 -0.78679358959198
v 0.22327575087547302 5.455245018005371 -0.4175863564014435
v 0.35565105080604553 4.473494052886963 -0.8711018562316895
v 0.10796123743057251 5.442667484283447 -1.2922940254211426
v 0.5509994029998779 4.880764484405518 -0.11244119703769684
v 0.47432661056518555 5.337924957275391 -1.3837167024612427
v 0.5449650287628174 5.748886585235596 -0.6455785632133484
v 0.769012451171875 4.922243595123291 -1.3362395763397217
v 0.3045944273471832 5.326783180236816 -0.30897635221481323
v 0.989342451095581 5.189557075500488 -0.23912078142166138
v 1.165182113647461 5.227239608764648 -0.18989858031272888
v 0.39429983496665955 5.646500110626221 -0.9640308618545532
v 0.7249342203140259 4.680302619934082 -0.1785695105791092
v 0.1715046763420105 4.831259727478027 -0.38091033697128296
v 0.20735491812229156 4.917907238006592 -1.3704031705856323
v 0.49837833642959595 4.39188814163208 -1.2692010402679443
v 0.2005911022424698 4.462522506713867 -0.9095974564552307
v 0.8918123245239258 5.144993305206299 -1.1345165967941284
v -0.1804564893245697 5.140397548675537 -1.033384919166565
v 0.11941030621528625 4.766716003417969 -0.4419369101524353
v 0.47523394227027893 5.339625835418701 -1.3825825452804565
v 1.173193335533142 4.825481414794922 -0.701608419418335
v 0.022037463262677193 5.433199882507324 -1.5382375717163086
v 0.8466535806655884 5.360836505889893 -1.2149752378463745
v -0.19526450335979462 5.254483222961426 -1.1116803884506226
v 1.075029969215393 5.32795524597168 -0.7119981646537781
v 1.0398465394973755 5.322359085083008 -0.46041515469551086
v 0.45198115706443787 4.380040168762207 -1.0811609029769897
v 0.01838650181889534 5.5948309898376465 -1.5291932821273804
v 0.9608537554740906 5.23155403137207 -0.23583073914051056
v 0.5305572152137756 4.820173263549805 -1.3490384817123413
v 0.8489611744880676 4.982388019561768 -1.2076212167739868
v -0.1403183490037918 5.686113357543945 -1.4155681133270264
v 0.007970991544425488 5.5038018226623535 -0.8986038565635681
v 0.7943611741065979 5.570318222045898 -0.4868171215057373
v -0.020521389320492744 5.093820095062256 -0.6982317566871643
v 0.9320099353790283 5.53374719619751 -0.636014997959137
v 0.06886369735002518 4.469045162200928 -0.7093363404273987
v 0.48446542024612427 5.677755832672119 -0.9649730920791626
v 0.7120278477668762 5.7851057052612305 -0.8118452429771423
v 0.19540861248970032 5.122197151184082 -1.5261880159378052
v 0.9106742739677429 5.3899664878845215 -1.0913960933685303
v 0.5565074682235718 4.879748821258545 -0.11310095340013504
v -0.03485165908932686 4.515472888946533 -1.0240110158920288
v 0.9352481365203857 4.471772193908691 -0.5229762196540833
v 0.7792150378227234 5.5916428565979 -1.0394995212554932
v 0.7199438810348511 4.427828311920166 -0.44364607334136963
v 0.7317163944244385 4.623651027679443 -0.22852200269699097
v 0.29797491431236267 5.311101913452148 -0.3105441927909851
v 0.180405393242836 4.477310657501221 -0.7338765263557434
v -0.02707999385893345 4.514033317565918 -1.0245866775512695
v 0.16987816989421844 4.43041467666626 -0.8268183469772339
v 0.5254044532775879 4.384261608123779 -0.5738332271575928
v 0.49305662512779236 4.280788898468018 -0.4982943534851074
v -0.014898118562996387 5.008357524871826 -0.6392554044723511
v -0.14018574357032776 5.68656063079834 -1.415617823600769
v 0.5664498805999756 5.479977607727051 -0.3813706636428833
v -0.05032472684979439 5.411330223083496 -1.1889432668685913
v 0.26613715291023254 4.368454456329346 -0.5716519951820374
v 0.01148483157157898 4.761995315551758 -0.531519889831543
v 0.5774869322776794 5.619935035705566 -0.48854750394821167
v 0.5721369385719299 4.410064697265625 -0.6553847193717957
v 0.06382336467504501 5.083930969238281 -0.47757861018180847
v 0.04197574406862259 5.705821514129639 -1.5209273099899292
v 0.25611263513565063 5.446018218994141 -0.3729575574398041
v 0.6783079504966736 4.524390697479248 -1.0638906955718994
v 0.25321632623672485 5.590134143829346 -1.0997836589813232
v 0.6313506364822388 5.200925350189209 -1.3315995931625366
v -0.11700001358985901 4.850516319274902 -0.8393373489379883
v 1.1867375373840332 4.996391296386719 -0.7842569351196289
v 0.2957136929035187 5.3064751625061035 -0.31099992990493774
v 0.3928532004356384 4.465452671051025 -0.8371941447257996
v 0.7526856660842896 5.041853427886963 -1.2438215017318726
v 0.9149675369262695 4.955526828765869 -1.162670373916626
v 1.2664172649383545 5.301399230957031 -0.31108558177948
v 0.572405219078064 5.018764019012451 -0.11107545346021652
v 1.3941293954849243 5.023926734924316 -0.06923428922891617
v 0.14445796608924866 5.1621928215026855 -0.5610058307647705
v 1.2710165977478027 5.0287957191467285 -0.1041145920753479
v 1.0924763679504395 4.817594051361084 -0.1929176300764084
v -0.00340585527010262 4.515141010284424 -0.6455431580543518
v 1.0982232093811035 4.774082660675049 -0.9278771877288818
v 1.0860552787780762 4.699319839477539 -0.04437850043177605
v 0.8545351028442383 5.66827392578125 -0.8578502535820007
v 0.02947162091732025 5.648126125335693 -1.529014229774475
v 0.7696850895881653 4.285564422607422 -0.5966390371322632
v 1.3453748226165771 5.0772600173950195 0.07870835810899734
v 1.1764919757843018 5.400649070739746 -0.1667318046092987
v 0.36702582240104675 4.368195056915283 -1.0599164962768555
v 0.36714473366737366 4.51833438873291 -0.23464471101760864
v 1.1183773279190063 5.37772274017334 -0.2110549509525299
v 1.3859037160873413 5.010645866394043 -0.07091931253671646
v 0.9419999122619629 5.064661026000977 -1.089234471321106
v 0.5070801377296448 4.37962007522583 -1.147630214691162
v 0.5012023448944092 5.0556416511535645 -1.4177744388580322
v 1.1822803020477295 4.950139999389648 -0.45429715514183044
v 1.2558788061141968 5.3925604820251465 -0.08561161160469055
v 0.6639283895492554 4.304203510284424 -0.9280263781547546
v 0.3877096474170685 5.688342094421387 -0.6712921857833862
v 1.2516332864761353 5.300975799560547 -0.32580557465553284
v 0.3958340287208557 4.48738431930542 -0.7406550049781799
v 0.32688799500465393 4.465043544769287 -0.8986120223999023
v -0.11319026350975037 4.866556167602539 -0.7838391661643982
v 1.1182374954223633 5.3776655197143555 -0.21116933226585388
v 1.205045223236084 4.746227264404297 -0.17927297949790955
v 1.0150984525680542 5.364779472351074 -0.8416180610656738
v 1.0283077955245972 4.6442131996154785 -0.2793755829334259
v 0.8919782638549805 5.536795616149902 -0.6732555031776428
v 0.015499971807003021 5.7350029945373535 -1.3018628358840942
v 0.30930501222610474 5.340603351593018 -0.30787670612335205
v 0.9959999918937683 5.269672393798828 -1.1030861139297485
v 0.9382346272468567 4.590956687927246 -0.9678333401679993
v 0.7790480852127075 4.326409339904785 -0.5540425777435303
v 1.0796756744384766 4.695635795593262 -0.05032431334257126
v 0.2067134529352188 4.514762878417969 -0.4318254292011261
v 0.11869017779827118 5.164000034332275 -0.6015778183937073
v 1.1268614530563354 4.734492301940918 -0.7893926501274109
v 0.5771702527999878 5.049330234527588 -1.3898297548294067
v -0.07124704867601395 4.974240779876709 -0.9887152910232544
v 0.7676221132278442 5.804386138916016 -0.6588466167449951
v 1.1270986795425415 4.734077453613281 -0.7874363660812378
v 0.21750357747077942 5.136816501617432 -0.32980576157569885
v 0.17290596663951874 4.601681709289551 -1.1937649250030518
v 0.41705211997032166 4.337911128997803 -0.26299071311950684
v 0.18054363131523132 4.678497314453125 -1.1437208652496338
v 0.5370182394981384 4.884466171264648 -0.1116187572479248
v 0.9885966181755066 5.338703155517578 -1.0379023551940918
v 0.4339640736579895 4.382318019866943 -1.0698366165161133
v 0.3205588757991791 4.747420310974121 -1.3495672941207886
v 0.9299057722091675 5.282587051391602 -0.2573913037776947
v 0.045674264430999756 5.76967716217041 -1.5386971235275269
v -0.1708746701478958 4.553187847137451 -0.8548137545585632
v 0.3776228427886963 4.469921588897705 -0.8494164347648621
v 1.1375055313110352 4.984386444091797 -0.4116562306880951
v 1.4192836284637451 5.073459148406982 -0.06627834588289261
v 0.702142596244812 5.788714408874512 -0.8140000104904175
v 0.9542597532272339 5.329638957977295 -1.139961838722229
v 0.019323688000440598 4.54734468460083 -0.6294368505477905
v 0.777945339679718 4.240047931671143 -0.6127740144729614
v 0.952002227306366 5.202524662017822 -1.1165058612823486
v 0.4874320328235626 4.293796062469482 -0.3610287308692932
v 0.4468558430671692 4.470351696014404 -0.8150930404663086
v 1.247400164604187 4.981418609619141 -0.11456877738237381
v 0.09715495258569717 4.6631550788879395 -1.064704418182373
v -0.07588353753089905 5.07010555267334 -0.7968477010726929
v 1.00412917137146 5.368912696838379 -0.8602833151817322
v 0.9390671253204346 5.2631378173828125 -0.2467508763074875
v 0.1968243569135666 5.159915924072266 -0.4799352288246155
v -0.15082649886608124 5.442815780639648 -1.5067144632339478
v 0.8910211324691772 5.551534175872803 -0.9370126724243164
v 0.361501008272171 4.353099346160889 -0.2620996832847595
v 1.112752079963684 5.191425323486328 -0.43942514061927795
v 1.048250436782837 4.897010803222656 -0.24524734914302826
v 1.0553287267684937 5.346585750579834 -0.7638639211654663
v 0.57476806640625 4.4446892738342285 -0.9299026131629944
v 0.15695342421531677 4.9911627769470215 -0.3705930709838867
v -0.12376722693443298 5.318485736846924 -0.9155275225639343
v 0.7485084533691406 5.308994293212891 -0.176498681306839
v 0.19029167294502258 5.085840702056885 -0.34690210223197937
v 0.9656221270561218 5.086829662322998 -0.1765318661928177
v 0.9856283664703369 5.3726301193237305 -0.880371630191803
v 1.0423502922058105 4.553599834442139 -0.8074733018875122
v 0.5201587080955505 4.379578590393066 -1.22762930393219
v 1.1735665798187256 4.882006645202637 -0.12861332297325134
v 0.8182552456855774 5.729527950286865 -0.8080524802207947
v 1.0411700010299683 4.554386615753174 -0.8131779432296753
v 0.7650915384292603 5.729274749755859 -0.6373555660247803
v 1.079123616218567 5.36305570602417 -0.23811714351177216
v 0.3350132405757904 4.636012077331543 -0.2670639455318451
v 0.46383944153785706 4.462330341339111 -0.8413191437721252
v 0.37078243494033813 5.69108247756958 -0.789347231388092
v 0.887989342212677 5.545919418334961 -0.6746736764907837
v 0.9768812656402588 4.631270408630371 -0.3398853838443756
v 1.0453323125839233 4.993249416351318 -0.24397777020931244
v 1.119734764099121 4.747530460357666 -0.8404378294944763
v 0.6497732996940613 4.265031337738037 -0.7211876511573792
v -0.1538916677236557 5.56546688079834 -1.399041771888733
v -0.026254519820213318 5.176681995391846 -0.6967545747756958
v 1.314669132232666 5.293110370635986 -0.25933825969696045
v 0.05613333359360695 5.463214874267578 -1.23622727394104
v 0.21658143401145935 5.014789581298828 -0.32412663102149963
v 0.9334474205970764 5.365968704223633 -0.91871577501297
v 0.5822119116783142 5.651658058166504 -1.0422477722167969
v 0.3767622411251068 4.3250932693481445 -0.5845000147819519
v -0.08229491114616394 5.4014105796813965 -1.1885000467300415
v 0.6449459791183472 5.806315898895264 -0.7240540981292725
v 1.1753013134002686 4.7188401222229 -0.21088813245296478
v -0.09422354400157928 5.936976909637451 -1.5286681652069092
v 0.7145305871963501 4.7215070724487305 -1.281007170677185
v 0.14331379532814026 4.9094014167785645 -1.3237100839614868
v 0.7045703530311584 5.86584997177124 -0.7076594829559326
v 0.1697157919406891 5.259383201599121 -0.5380227565765381
v 1.1580623388290405 4.927913188934326 -0.3728267252445221
v 0.5017852783203125 4.47982120513916 -0.9905093908309937
v 0.5887131094932556 5.139313697814941 -1.3363062143325806
v 0.48271653056144714 4.7223029136657715 -1.3712047338485718
v 0.3853362798690796 5.688869476318359 -0.6786760687828064
v 0.8100849390029907 5.129717826843262 -0.14895570278167725
v 0.37813881039619446 5.690622806549072 -0.7039446234703064
v 0.423210471868515 5.672998428344727 -0.5856642723083496
v 0.7134826183319092 4.377260208129883 -0.9987934231758118
v 0.5979482531547546 4.677597999572754 -1.311933159828186
v 0.290031760931015 5.241306304931641 -1.433245062828064
v 0.026607166975736618 5.239155292510986 -0.6476335525512695
v 0.7451251745223999 5.779367923736572 -0.6921737790107727
v 0.9454883933067322 4.590529918670654 -0.9563124775886536
v 1.1622666120529175 5.22776985168457 -0.19188643991947174
v 0.8828169107437134 4.898168087005615 -0.1332138329744339
v 0.3964471220970154 4.854966163635254 -1.3793346881866455
v 0.23957404494285583 5.196025848388672 -0.31937795877456665
v 0.37340471148490906 4.389824390411377 -1.0622670650482178
v 0.010189393535256386 5.202032566070557 -0.6976143717765808
v 0.7883923649787903 5.074957370758057 -1.2224775552749634
v 0.11266924440860748 5.400846481323242 -1.353589653968811
v 0.8816311955451965 5.545531749725342 -0.5723574161529541
v 0.923084020614624 4.812398910522461 -1.1329877376556396
v 0.058814145624637604 5.270849227905273 -0.6247207522392273
v 1.107012391090393 5.138690948486328 -0.3583461344242096
v 0.4513643682003021 4.454677104949951 -0.7660524249076843
v 0.4899763762950897 5.037959098815918 -0.13648061454296112
v 1.0858415365219116 4.699187755584717 -0.04457199573516846
v -0.09285054355859756 5.3432536125183105 -0.8632010817527771
v 1.0935789346694946 5.23717737197876 -0.4719211161136627
v -0.0970243588089943 4.711122035980225 -0.8226466774940491
v 0.30855852365493774 4.443422317504883 -1.0130975246429443
v 0.4253450036048889 4.4772748947143555 -0.7836829423904419
v 0.8551040291786194 5.649816513061523 -0.8634358644485474
v 0.18045510351657867 5.159317970275879 -0.5119078755378723
v 0.7821536660194397 5.418542385101318 -1.1868040561676025
v 0.7536532878875732 5.6985602378845215 -0.9148532152175903
v 1.05586576461792 5.158113956451416 -0.2500671446323395
v 0.7241618633270264 5.319360733032227 -0.18199557065963745
v 0.7578773498535156 5.676236152648926 -0.9381384253501892
v 0.31190523505210876 4.499594688415527 -0.6285626888275146
v 0.9807242751121521 5.202830791473389 -0.23716700077056885
v 0.705158531665802 5.166252613067627 -0.10610897839069366
v 0.19312205910682678 4.46124792098999 -1.211098551750183
v 0.42254388332366943 5.487797260284424 -1.284500002861023
v 1.1382156610488892 4.8189005851745605 -0.4550308585166931
v 0.6059688925743103 5.64508056640625 -1.0477797985076904
v 0.7740395069122314 5.826433181762695 -0.6574528813362122
v 0.603234589099884 4.550610065460205 -0.22661013901233673
v 0.7600000500679016 5.653773784637451 -0.958652913570404
v 0.45531773567199707 4.41318941116333 -1.0555269718170166
v 0.6050360798835754 4.290826797485352 -0.7181383967399597
v 0.6330927014350891 5.638038635253906 -1.0509175062179565
v -0.08358582854270935 5.041828632354736 -0.8705604076385498
v 0.23018786311149597 4.38590145111084 -0.34192347526550293
v 1.0265076160430908 4.982134819030762 -0.22520262002944946
v 0.6258353590965271 5.19816780090332 -1.3352763652801514
v 0.28651997447013855 5.612868785858154 -1.0685524940490723
v 0.612302303314209 4.870095729827881 -0.12249993532896042
v 0.6979144215583801 5.923520088195801 -0.794154167175293
v 0.8186861276626587 4.91349983215332 -1.2785683870315552
v 0.025307876989245415 4.483031749725342 -0.6974841356277466
v 0.5012491345405579 5.62781286239624 -0.5193963646888733
v 1.0484999418258667 4.903463840484619 -0.24353773891925812
v -0.0757196694612503 4.8095703125 -0.9354380965232849
v 0.4357722997665405 5.696412086486816 -0.9226670861244202
v 1.1001818180084229 4.641726970672607 -0.7050466537475586
v 0.743004560470581 5.594954490661621 -1.0125502347946167
v 1.176979660987854 4.758411884307861 -0.7498108744621277
v 0.5022879838943481 4.389707565307617 -1.2633203268051147
v 0.8539873361587524 5.651255130767822 -0.7028913497924805
v 0.9991220235824585 4.582304954528809 -0.47874388098716736
v 0.7314791679382324 5.758520603179932 -0.83537757396698
v 0.733874499797821 5.784583568572998 -0.6832078695297241
v -0.04595440998673439 4.496459007263184 -0.6928394436836243
v -0.09178156405687332 4.741008281707764 -0.7104580402374268
v 0.8754988312721252 4.227071762084961 -0.7244259715080261
v 0.7819468379020691 5.784502029418945 -0.7315512895584106
v -0.11193567514419556 4.841790676116943 -0.8631603121757507
v 1.1721261739730835 5.209909439086914 -0.6680233478546143
v 0.8904455304145813 4.93142557144165 -1.1954504251480103
v 0.16304628551006317 4.912116527557373 -1.3383138179779053
v 0.3513948619365692 5.358407497406006 -0.31397366523742676
v 0.9490622878074646 5.131685733795166 -1.0979995727539062
v 0.7689807415008545 5.566707611083984 -0.4777076542377472
v 0.5933089256286621 4.422582626342773 -0.6222827434539795
v 0.8874614238739014 4.235558032989502 -0.8287314772605896
v 0.7332323789596558 5.158118724822998 -0.11422429978847504
v 0.17220109701156616 5.061892032623291 -0.3586175739765167
v 0.15682059526443481 4.698688983917236 -1.0979149341583252
v 1.3286820650100708 5.029525279998779 0.07564055174589157
v 0.9339458346366882 5.011789321899414 -1.0878554582595825
v -0.15280772745609283 5.596190929412842 -1.4025768041610718
v 0.6374092102050781 4.559216499328613 -0.2321520745754242
v 0.7570837736129761 5.699398040771484 -0.5959610939025879
v 0.8233580589294434 5.4129319190979 -1.151261329650879
v -0.10620187968015671 4.540553569793701 -0.975838840007782
v 0.9959999918937683 5.276790142059326 -1.1066449880599976
v 0.9992143511772156 4.661107540130615 -0.15779004991054535
v 0.9686210751533508 4.645920753479004 -0.2095377892255783
v 0.03425956517457962 4.5661396980285645 -0.6198603510856628
v 0.6772010326385498 4.962640762329102 -1.371675729751587
v 0.7502826452255249 5.9214911460876465 -0.6902928352355957
v 0.02196960709989071 5.509273052215576 -1.5280202627182007
v 0.7101225256919861 4.409486293792725 -1.0008443593978882
v 0.850648820400238 5.407969951629639 -1.132528305053711
v 0.5223383903503418 4.377500057220459 -1.1840120553970337
v 0.43270403146743774 4.334632396697998 -0.2667347192764282
v -0.16465787589550018 4.553999900817871 -0.7824769020080566
v 0.50383061170578 5.727863788604736 -0.874702513217926
v 0.88917475938797 4.600142955780029 -0.31817489862442017
v 0.1855206936597824 5.525055885314941 -1.1420354843139648
v -0.16403770446777344 5.259131908416748 -1.0531885623931885
v 0.7365438938140869 5.752427101135254 -0.8492739796638489
v 0.6531192064285278 5.631436824798584 -1.0509296655654907
v 0.8219171762466431 5.818841457366943 -0.7793945074081421
v 0.7882916331291199 5.7649664878845215 -0.7270668148994446
v 0.8908801078796387 5.352201461791992 -1.1785749197006226
v 0.769942581653595 5.910403728485107 -0.7437878847122192
v 0.3045889437198639 4.450840473175049 -1.0045076608657837
v 0.4838099479675293 4.284429550170898 -0.4311317205429077
v 0.4478904604911804 5.542609691619873 -0.44695642590522766
v 0.015195428393781185 5.715568542480469 -1.296913743019104
v 0.9446321725845337 5.090273857116699 -1.0926320552825928
v -0.0708259791135788 5.096887111663818 -0.7671801447868347
v 0.8607349991798401 4.918879985809326 -1.225812554359436
v 0.30316489934921265 4.456061840057373 -0.9990487694740295
v 1.0114024877548218 4.639856815338135 -0.35576489567756653
v 0.7713502645492554 5.141236305236816 -0.13038086891174316
v 0.5579959154129028 4.353495121002197 -0.349498450756073
v 0.03599696606397629 4.767911434173584 -0.5000918507575989
v 0.07716941088438034 4.978212356567383 -0.43705710768699646
v 0.17035362124443054 4.430097579956055 -0.8307798504829407
v 0.827115535736084 5.579174041748047 -1.0074350833892822
v 0.6378796100616455 5.335459232330322 -0.21326935291290283
v 0.6190265417098999 4.777987003326416 -1.3219424486160278
v 0.9926466941833496 5.133655548095703 -0.19657793641090393
v 1.4177194833755493 5.190606117248535 -0.10894328355789185
v 0.12386467307806015 5.44301700592041 -0.5746012926101685
v -0.1514906883239746 5.6256208419799805 -1.406018614768982
v 0.7791463136672974 5.143453598022461 -1.2263613939285278
v 0.3316071927547455 4.745092391967773 -1.3641302585601807
v 0.7862827181816101 4.819511890411377 -0.11562204360961914
v 0.43565133213996887 4.425601482391357 -1.33421790599823
v 0.4975763261318207 5.723114967346191 -0.6210125684738159
v 0.7045387625694275 4.46823787689209 -1.016441822052002
v 0.7058792114257812 5.878225803375244 -0.8169153332710266
v 0.37441056966781616 4.364884853363037 -1.0606803894042969
v 0.4102208912372589 5.070139408111572 -0.1877915859222412
v 1.1018280982971191 5.15415620803833 -0.9021665453910828
v 0.8237623572349548 5.102982044219971 -1.1966981887817383
v 1.308445930480957 4.976048469543457 0.061840470880270004
v -0.09718022495508194 4.824938774108887 -0.9016225934028625
v -0.07363501936197281 5.081798076629639 -0.784256100654602
v 1.0471770763397217 4.871643543243408 -0.25125834345817566
v 0.11885692924261093 4.451370716094971 -0.9932886362075806
v 1.1246050596237183 4.722672939300537 -0.015471418388187885
v 0.04655396565794945 4.902327537536621 -1.2383129596710205
v 1.119118094444275 4.724178314208984 -0.4784398674964905
v 0.9937820434570312 4.576140403747559 -0.908717930316925
v 0.4452984035015106 5.655822277069092 -0.5633854269981384
v 0.8425394296646118 5.1230082511901855 -0.16241087019443512
v 0.011907162144780159 5.465671062469482 -1.0328651666641235
v 0.8264978528022766 5.871008396148682 -0.7864950299263
v 0.887546181678772 4.227015495300293 -0.7602232694625854
v 0.8122503161430359 4.27955961227417 -0.9132698774337769
v 0.30713024735450745 5.24497127532959 -1.435490369796753
v 1.1484602689743042 4.9568891525268555 -0.4235752820968628
v 0.16171802580356598 4.443244457244873 -0.7787554860115051
v 1.1787018775939941 5.0114898681640625 -0.7974103689193726
v 0.18406517803668976 4.914385795593262 -1.3539069890975952
v 0.8846001625061035 5.35403299331665 -1.1825000047683716
v 0.023036062717437744 5.625332832336426 -1.5297755002975464
v 0.3162771463394165 4.7480669021606445 -1.3397325277328491
v 1.1715030670166016 4.773990154266357 -0.7363417744636536
v -0.15397126972675323 5.562918663024902 -1.3986436128616333
v 0.24079450964927673 4.38459587097168 -0.32280105352401733
v 0.4652111232280731 5.437317371368408 -0.31752845644950867
v -0.19292375445365906 5.14938497543335 -1.0763098001480103
v 0.7563498020172119 4.763969421386719 -0.13142021000385284
v 0.30287930369377136 5.243951320648193 -1.4351502656936646
v 1.3942288160324097 5.0240960121154785 -0.06921087950468063
v 0.9211437106132507 5.028802394866943 -0.14698532223701477
v 0.07652883976697922 4.466490268707275 -0.7129135131835938
v 0.030754169449210167 5.594630241394043 -1.2952624559402466
v 1.2128112316131592 5.043684482574463 -0.6187717914581299
v 0.9551001191139221 5.524510860443115 -0.6787670254707336
v 0.15783320367336273 5.132427215576172 -1.5340572595596313
v 0.3065449297428131 5.404844284057617 -0.33312365412712097
v 0.6588391065597534 4.261075496673584 -0.7052788138389587
v 0.19419391453266144 4.389313220977783 -0.4220302700996399
v 0.1508035957813263 5.134299278259277 -1.5344871282577515
v 0.46372315287590027 5.50361967086792 -1.2837879657745361
v 0.8264895677566528 5.8710432052612305 -0.7864750027656555
v 0.14644382894039154 4.612565517425537 -0.5156963467597961
v 0.8590767979621887 5.413278102874756 -0.3972218930721283
v 0.41136401891708374 4.85505485534668 -1.3733323812484741
v -0.08500001579523087 5.034799098968506 -0.8842551112174988
v 0.6124311685562134 4.383097171783447 -0.6896963715553284
v 0.8419398665428162 4.979620456695557 -1.1795759201049805
v 0.48431769013404846 4.283091068267822 -0.44440600275993347
v 0.19916054606437683 5.099887847900391 -0.3414197266101837
v 0.6558653712272644 4.43121862411499 -0.40321865677833557
v -0.05680432543158531 5.132252216339111 -0.7328868508338928
v 0.04582813009619713 5.771009922027588 -1.5393123626708984
v -0.05866518244147301 4.935264587402344 -1.0532035827636719
v 0.9758595824241638 5.318902969360352 -1.1319280862808228
v 0.9215378165245056 4.609369277954102 -0.3290615379810333
v -0.14813093841075897 5.405023574829102 -1.5134812593460083
v 0.8279021382331848 5.858575820922852 -0.7865978479385376
v 0.3704269230365753 4.49908447265625 -0.6988000869750977
v 0.6221279501914978 5.811875820159912 -0.804144024848938
v 0.3484535813331604 4.7415995597839355 -1.3808523416519165
v 0.11311283707618713 5.403064250946045 -1.34989333152771
v 0.0215002354234457 5.417507171630859 -1.5419983863830566
v 0.6260688900947571 5.816379070281982 -0.8009311556816101
v 0.10422493517398834 5.348888397216797 -1.449652075767517
v 0.6000868082046509 4.423918724060059 -0.6373319625854492
v -0.06242426112294197 5.408336639404297 -1.1876729726791382
v 1.111886739730835 5.039422988891602 -0.37958312034606934
v -0.08464054018259048 5.015983581542969 -0.920173168182373
v 0.016280850395560265 5.8417463302612305 -1.338808298110962
v -0.09396607428789139 4.4983320236206055 -0.7085460424423218
v -0.00293337251059711 5.921344757080078 -1.3724000453948975
v 1.017491340637207 4.6365966796875 -0.2969207167625427
v 0.5659534931182861 5.062058448791504 -1.3315000534057617
v 0.994956374168396 4.65897798538208 -0.16444317996501923
v 0.21743416786193848 5.3977789878845215 -1.3408914804458618
v 0.32260099053382874 4.747128486633301 -1.3543808460235596
v 1.2697296142578125 4.783040523529053 -0.09516216814517975
v 0.8293216228485107 4.91349983215332 -1.2631635665893555
v 0.027418270707130432 4.482304096221924 -0.6978480219841003
v 0.2323332279920578 4.382379531860352 -0.5372220873832703
v 0.5057453513145447 4.45021915435791 -0.8945260643959045
v 0.36045804619789124 4.554835796356201 -0.23627862334251404
v 0.5707733035087585 4.802812099456787 -1.339607834815979
v 1.1141966581344604 5.14808988571167 -0.3827050030231476
v 0.49788999557495117 4.832760334014893 -1.3531712293624878
v 1.0521348714828491 4.682653903961182 -0.08008138835430145
v 0.623745858669281 5.483968257904053 -0.37203168869018555
v -0.039127301424741745 5.413490295410156 -1.190725564956665
v 0.6717521548271179 4.574390888214111 -0.23150993883609772
v 0.34350696206092834 5.643581867218018 -1.011045217514038
v 0.19450335204601288 5.457794189453125 -0.4586420953273773
v 1.1523441076278687 4.852283000946045 -0.4503118097782135
v -0.20142251253128052 5.1564226150512695 -1.1049691438674927
v 0.7082552313804626 4.321371555328369 -0.9793713092803955
v 0.7302381992340088 4.271446704864502 -0.9512429237365723
v 0.22361592948436737 4.468464374542236 -0.9167053699493408
v 1.1655917167663574 5.04371452331543 -0.8534343838691711
v 0.38403722643852234 4.468286991119385 -0.8439721465110779
v 0.17844560742378235 4.527891635894775 -1.2333042621612549
v 1.2948763370513916 4.933129787445068 0.043251559138298035
v 0.4833593964576721 5.5093464851379395 -1.2825512886047363
v -0.15128378570079803 5.285942077636719 -0.9798803925514221
v 0.23920823633670807 5.174129962921143 -0.3797973692417145
v 0.9930905699729919 4.576409339904785 -0.9094094038009644
v 0.1689712107181549 4.566546440124512 -1.2132338285446167
v 0.859498918056488 5.118043899536133 -0.1722601056098938
v 0.6905988454818726 4.512353897094727 -1.0489954948425293
v 0.18310412764549255 4.480903625488281 -0.7303957939147949
v 0.812153697013855 5.129399299621582 -0.1497514694929123
v 0.9566680788993835 5.512829780578613 -0.7306824922561646
v 0.20739690959453583 5.542054653167725 -1.1321920156478882
v 0.848332941532135 5.572055816650391 -0.9889910221099854
v 0.2984410226345062 4.461476802825928 -0.9894644618034363
v 0.023329641669988632 5.626297473907471 -1.5296915769577026
v 0.48361727595329285 4.283441543579102 -0.44020357728004456
v 0.5063596367835999 5.7281341552734375 -0.6251951456069946
v -0.08888236433267593 5.346899509429932 -0.8550466299057007
v 0.1760212630033493 5.127255439758301 -1.5327128171920776
v 0.5191607475280762 4.377660751342773 -0.5711402297019958
v 0.28369998931884766 4.47038459777832 -1.344099998474121
v 0.19576656818389893 4.491930961608887 -0.7181512713432312
v 0.8102904558181763 5.85020112991333 -0.7016925811767578
v 0.9531552195549011 5.215592861175537 -1.119580626487732
v 0.9526554942131042 4.415999889373779 -0.6385675072669983
v 0.941830575466156 4.610134124755859 -0.3308996260166168
v 1.1449495553970337 4.694387435913086 -0.22326260805130005
v 1.0308078527450562 5.358322620391846 -0.8139767050743103
v 0.037417229264974594 5.2503790855407715 -0.6392344832420349
v 0.8177334070205688 5.362215995788574 -1.2369143962860107
v 1.0015413761138916 5.3693623542785645 -0.8633210062980652
v 1.0742117166519165 5.3291826248168945 -0.7147800326347351
v 0.6545292735099792 5.605823516845703 -0.48344114422798157
v 0.8289045691490173 5.361062526702881 -1.229469895362854
v 0.9883737564086914 5.125024795532227 -0.1934279054403305
v 1.2385417222976685 4.763862133026123 -0.12596066296100616
v 0.2587364912033081 5.594592571258545 -1.0942635536193848
