v -1.5821303129196167 10.694942474365234 0.9752705693244934
v 1.20548677444458 7.363778591156006 0.699730634689331
v 4.338284015655518 13.160009384155273 4.525415420532227
v 5.3043437004089355 14.914273262023926 3.253959894180298
v 1.9965304136276245 8.316231727600098 3.7332985401153564
v 0.9166386723518372 10.781865119934082 1.3796241283416748
v 4.613501071929932 11.355855941772461 2.1977860927581787
v 1.9772491455078125 8.664302825927734 4.210803508758545
v -2.864877223968506 8.436349868774414 3.448368549346924
v 5.136068820953369 15.039998054504395 3.318727731704712
v 0.8560965657234192 10.398619651794434 3.180724620819092
v 1.3133436441421509 11.14144229888916 1.250139594078064
v -0.42495325207710266 12.604132652282715 3.084556818008423
v 5.381856918334961 14.863858222961426 1.5491381883621216
v -0.07768698036670685 12.7921724319458 1.4624607563018799
v 5.389581203460693 13.417943000793457 1.512213110923767
v 2.4811534881591797 8.654627799987793 3.318856954574585
v 6.737495422363281 14.300893783569336 3.532313823699951
v 7.381643772125244 13.090849876403809 2.00539493560791
v -2.073270082473755 11.478598594665527 3.092301845550537
v 3.1317267417907715 8.79312515258789 0.7330772876739502
v -0.2235529124736786 12.992061614990234 1.8662910461425781
v 3.898855686187744 14.363354682922363 1.97434401512146
v -2.6109395027160645 9.058209419250488 1.0768437385559082
v 2.036684513092041 9.859789848327637 3.9359707832336426
v -1.369718074798584 12.662076950073242 1.841630458831787
v 5.385940074920654 15.39364242553711 3.203620195388794
v -3.137298345565796 9.848390579223633 3.379014492034912
v -1.0189944505691528 11.93502426147461 3.562391996383667
v 4.579183101654053 11.283185005187988 2.921337366104126
v 5.345733642578125 14.539203643798828 1.6044557094573975
v 5.217101097106934 15.382285118103027 2.0377197265625
v 0.24008651077747345 8.707820892333984 0.12681341171264648
v 5.3086981773376465 14.890968322753906 3.21429705619812
v 0.40729179978370667 10.316014289855957 1.7954834699630737
v 2.397840738296509 7.451546669006348 1.0395184755325317
v -1.645192265510559 12.716890335083008 2.2114224433898926
v 4.234193801879883 13.324756622314453 4.641012668609619
v 1.9949681758880615 9.271565437316895 3.2228236198425293
v 0.19225049018859863 10.321738243103027 1.9417681694030762
v 3.3147947788238525 13.601716041564941 2.4873714447021484
v 3.8690850734710693 7.4648566246032715 4.734379768371582
v 4.9021100997924805 8.124661445617676 0.45391276478767395
v 1.3591463565826416 10.716805458068848 1.492669939994812
v 0.5463600158691406 10.676405906677246 3.536625862121582
v 2.1768813133239746 8.56856918334961 1.0800241231918335
v 4.182962894439697 8.498766899108887 3.8159902095794678
v 2.3712246417999268 7.927029132843018 0.004680951125919819
v 7.4108171463012695 12.838353157043457 2.499690294265747
v 0.06354395300149918 8.017280578613281 3.6273326873779297
v -2.7678780555725098 9.747453689575195 4.058053016662598
v 4.417082786560059 7.597189426422119 1.206118106842041
v 5.204514980316162 8.683303833007812 0.5100093483924866
v -1.681883454322815 10.650519371032715 3.1235601902008057
v 3.044516086578369 8.233758926391602 3.777827262878418
v 4.615814685821533 13.194552421569824 0.2235988974571228
v 5.287841320037842 8.051852226257324 4.296472549438477
v 0.2757004201412201 9.356289863586426 1.4871290922164917
v -2.69240403175354 8.65664291381836 0.0217849500477314
v -0.5191603302955627 8.968859672546387 3.174960136413574
v 2.2460591793060303 8.24535846710205 4.68479585647583
v 4.798327922821045 14.856675148010254 3.1218252182006836
v -3.267202854156494 8.535697937011719 3.5211336612701416
v 2.489509344100952 10.634941101074219 3.5392627716064453
v -0.2152353972196579 8.555177688598633 1.0235595703125
v 3.0337843894958496 8.739937782287598 0.5577216744422913
v 3.9157257080078125 14.31058406829834 2.356656312942505
v 5.248764991760254 15.407783508300781 2.1959919929504395
v 5.238218784332275 14.857416152954102 3.8605966567993164
v 5.953021049499512 14.425426483154297 1.7178994417190552
v 2.054961681365967 10.11490249633789 2.8769690990448
v 4.700347900390625 15.062861442565918 2.1436240673065186
v 2.682793617248535 8.907320976257324 4.3585662841796875
v 2.8248963356018066 7.495780944824219 0.26912984251976013
v 5.212737083435059 8.712125778198242 0.32632383704185486
v 5.332695007324219 15.183638572692871 3.524068832397461
v 5.660053253173828 14.761080741882324 1.6790094375610352
v 4.12774133682251 10.866409301757812 3.112375020980835
v 3.804488182067871 13.9639310836792 1.8967517614364624
v 5.116894245147705 8.810659408569336 0.36003801226615906
v 3.8875410556793213 12.908361434936523 3.012814521789551
v -0.4997166097164154 8.296319007873535 4.1376190185546875
v -3.829277276992798 9.719339370727539 3.870715379714966
v 2.6896896362304688 9.200268745422363 3.2043685913085938
v 4.498239994049072 14.683294296264648 1.957051157951355
v 5.884617805480957 14.361266136169434 3.6686313152313232
v -0.7688543200492859 8.354656219482422 4.133929252624512
v 2.475463628768921 10.28677749633789 0.7825459241867065
v 2.9414448738098145 10.791566848754883 1.4306695461273193
v 4.36253547668457 12.71677303314209 2.6828482151031494
v 5.312565803527832 8.362395286560059 3.610657215118408
v 0.6797093152999878 8.279172897338867 0.2808431088924408
v 2.083183526992798 10.277510643005371 2.77677583694458
v -2.0489251613616943 13.454228401184082 2.068366289138794
v 4.233512878417969 12.815319061279297 -0.4816426634788513
v 3.4728760719299316 13.65321159362793 2.0083677768707275
v 3.3352065086364746 8.251669883728027 3.808370351791382
v -0.9138050675392151 8.274630546569824 4.0257248878479
v 1.150467872619629 8.190492630004883 0.6516813039779663
v -1.9182217121124268 8.561727523803711 0.805794358253479
v -1.3383944034576416 11.615506172180176 0.7711442708969116
v -1.2626899480819702 10.442785263061523 1.215800166130066
v 0.4676765501499176 8.814345359802246 0.938764214515686
v -0.2912416160106659 10.722315788269043 1.1804941892623901
v 4.213492393493652 7.5566816329956055 3.922788381576538
v 1.4609503746032715 10.430941581726074 1.751970887184143
v -0.12332715094089508 11.112231254577637 1.552982211112976
v 5.587730884552002 8.80311393737793 0.35916680097579956
v -1.1240736246109009 11.510693550109863 3.5039873123168945
v -2.8798952102661133 8.012877464294434 0.6924302577972412
v -0.24480997025966644 10.220799446105957 4.01177453994751
v -2.526348829269409 9.394389152526855 4.369986534118652
v 4.141389846801758 14.309794425964355 1.957775354385376
v 2.2053723335266113 9.464091300964355 4.226522445678711
v 6.0199079513549805 9.30274772644043 0.9148485660552979
v 2.9871983528137207 12.909903526306152 1.5868397951126099
v -3.1583142280578613 9.4312105178833 4.504729270935059
v 3.931671380996704 13.016194343566895 4.445796489715576
v 4.076903820037842 13.093828201293945 0.8351898193359375
v 2.7944443225860596 8.217875480651855 3.781665086746216
v -0.31500768661499023 12.101547241210938 0.9315974116325378
v 2.402670383453369 12.342575073242188 3.590775489807129
v 4.320838451385498 13.847137451171875 1.4573593139648438
v 0.8273248672485352 10.789359092712402 1.3565362691879272
v 2.2494590282440186 8.933283805847168 4.448915958404541
v 7.253930568695068 14.154257774353027 2.0144898891448975
v 3.1779398918151855 14.211868286132812 1.925852656364441
v -2.9800758361816406 9.845830917358398 4.252455234527588
v 3.9039711952209473 13.014636039733887 2.9377880096435547
v -2.6483256816864014 8.51149845123291 -0.09312636405229568
v 0.6472597718238831 7.860373020172119 4.802502155303955
v 4.476691722869873 12.821700096130371 1.3195794820785522
v 1.6859676837921143 8.0936918258667 0.9452419877052307
v 4.4856181144714355 12.692753791809082 0.5495169758796692
v 5.123506546020508 14.783219337463379 2.0160889625549316
v 3.628424882888794 8.117806434631348 3.624422311782837
v 5.614223003387451 14.950215339660645 3.9307632446289062
v 6.687057018280029 13.48367977142334 3.581514835357666
v 2.6247854232788086 10.227811813354492 0.7860348224639893
v 3.3622066974639893 14.20600700378418 2.4894306659698486
v 0.3758474886417389 8.385619163513184 0.8121784925460815
v 1.9102448225021362 8.153491020202637 3.80476450920105
v 5.228097915649414 15.19969654083252 1.9099222421646118
v 3.4983553886413574 7.923980712890625 0.0743858814239502
v 3.4874508380889893 13.624106407165527 2.003613233566284
v 4.8285231590271 14.292098045349121 3.461578845977783
v 5.447709560394287 12.675077438354492 3.280273914337158
v -1.6523445844650269 7.780807971954346 0.8307608366012573
v 1.896282434463501 8.571820259094238 3.9716830253601074
v 4.80349588394165 7.831567287445068 3.6447243690490723
v -2.516336441040039 9.052948951721191 4.51343297958374
v 2.796600818634033 9.747175216674805 3.9984028339385986
v 7.217402458190918 14.609682083129883 2.753213882446289
v 6.100724697113037 14.515897750854492 3.400858163833618
v -0.6130226850509644 8.360698699951172 4.580693244934082
v -0.19470666348934174 8.413435935974121 3.9339425563812256
v 5.7701096534729 13.812077522277832 3.567051887512207
v 0.5432292819023132 9.908116340637207 1.2883247137069702
v 3.344527244567871 7.442352771759033 0.6564260721206665
v 6.558359622955322 13.003265380859375 2.0975914001464844
v 2.3604016304016113 8.666800498962402 1.363965392112732
v 2.9633629322052 7.385246753692627 4.26265287399292
v 0.36037614941596985 9.698446273803711 0.5167392492294312
v 0.36683428287506104 7.518548011779785 3.711846351623535
v -0.5538751482963562 10.500020980834961 2.8548243045806885
v -1.2743369340896606 8.068425178527832 4.738356590270996
v 4.212932109832764 13.12790584564209 0.8600735068321228
v -0.12250979244709015 8.0259428024292 3.6150572299957275
v -0.6103118062019348 12.848737716674805 1.4497209787368774
v -2.1322250366210938 8.755802154541016 4.029824733734131
v 5.646882057189941 15.296199798583984 3.026637554168701
v -2.3619956970214844 8.2271728515625 0.9302458763122559
v 1.9681371450424194 10.461563110351562 1.3893145322799683
v 3.8562567234039307 7.4657816886901855 4.737331390380859
v 3.349271774291992 14.310412406921387 2.4902193546295166
v -2.48813533782959 7.997696399688721 0.8744593262672424
v 3.0316660404205322 8.21155071258545 0.7018881440162659
v 2.8021581172943115 8.621075630187988 1.4275596141815186
v 5.678110599517822 9.51502799987793 0.7515292167663574
v 3.8288309574127197 11.59182357788086 3.3833389282226562
v 5.548248291015625 9.555331230163574 0.7692890763282776
v 2.5827276706695557 10.040087699890137 2.8531832695007324
v 5.684722900390625 15.335566520690918 1.3640906810760498
v -3.7474205493927 9.08553409576416 3.390834331512451
v 4.340951919555664 10.839210510253906 2.2032127380371094
v -1.7090473175048828 12.955404281616211 2.230025053024292
v -0.7367438077926636 10.200766563415527 1.5533486604690552
v -1.3357658386230469 7.654404163360596 0.07350537180900574
v 4.9291253089904785 11.976448059082031 2.9627840518951416
v 5.374395370483398 8.932926177978516 3.8605189323425293
v 2.5879714488983154 10.132241249084473 3.9048819541931152
v 4.695023536682129 15.080880165100098 2.2905256748199463
v 4.6580586433410645 9.042981147766113 4.104180335998535
v -2.34521222114563 8.696374893188477 1.068188190460205
v 0.016118429601192474 12.525388717651367 3.1173319816589355
v 4.9791460037231445 9.105902671813965 4.032578468322754
v 0.1853943020105362 8.548558235168457 1.1002811193466187
v 4.925668239593506 8.411256790161133 4.542770862579346
v -2.7157411575317383 12.427560806274414 1.8009347915649414
v 1.1458525657653809 8.22213363647461 4.079346656799316
v 5.30094051361084 8.669490814208984 3.5671491622924805
v -3.134812831878662 9.208826065063477 4.778492450714111
v 4.641392707824707 8.44898509979248 4.640224456787109
v -3.247769594192505 9.251396179199219 0.723141074180603
v 2.9363677501678467 8.227022171020508 3.775355100631714
v -2.6630682945251465 8.886445045471191 -0.015988580882549286
v -0.3924519121646881 10.124326705932617 2.1568918228149414
v 1.0848932266235352 8.242426872253418 4.447718143463135
v 0.14528463780879974 8.269148826599121 0.2955622971057892
v -0.34676775336265564 9.974943161010742 1.6170225143432617
v 4.6539483070373535 8.263184547424316 1.4378539323806763
v 3.4768474102020264 10.208776473999023 2.8345324993133545
v 5.799359321594238 13.473841667175293 3.5189638137817383
v 1.1655385494232178 7.646811008453369 -0.17160174250602722
v 2.639962673187256 8.209033012390137 4.369397163391113
v 5.4878249168396 15.60478687286377 1.4755773544311523
v 2.8767621517181396 8.223419189453125 3.7766594886779785
v -2.699700355529785 8.572042465209961 -0.016686366870999336
v -0.5995236039161682 9.255237579345703 0.8368954658508301
v 5.860241889953613 9.261754989624023 1.3437405824661255
v 3.1384778022766113 11.311874389648438 1.1122268438339233
v 6.942923545837402 14.54196834564209 2.0602035522460938
v 0.047999102622270584 9.879742622375488 3.2408790588378906
v 4.5104804039001465 14.001272201538086 1.4801040887832642
v -3.615658760070801 9.653364181518555 3.395655870437622
v 0.04805914685130119 10.448471069335938 3.7153310775756836
v 5.152883052825928 15.079751968383789 3.1959755420684814
v 4.4567365646362305 8.15735149383545 4.852935791015625
v 2.0119128227233887 9.529672622680664 1.27168607711792
v -0.9040862917900085 8.945812225341797 3.3742129802703857
v -2.8566391468048096 8.321366310119629 4.158854007720947
v 4.223687648773193 12.689650535583496 2.6949000358581543
v 2.0127947330474854 9.169435501098633 1.1981401443481445
v 2.5357494354248047 7.990466594696045 4.174717426300049
v 4.234015941619873 12.687334060668945 2.494128704071045
v -3.281733274459839 9.922971725463867 4.233910083770752
v -0.9136150479316711 8.340413093566895 3.63037109375
v -3.323808193206787 9.473212242126465 4.51336145401001
v 4.652523040771484 8.508757591247559 3.535416603088379
v 3.934473752975464 13.082779884338379 3.5704798698425293
v -0.6147946119308472 9.376075744628906 4.271002292633057
v 0.06858114898204803 8.556530952453613 1.1476905345916748
v 4.254942417144775 12.649248123168945 -0.40412959456443787
v -2.587893486022949 9.177482604980469 -0.11660515516996384
v 1.430914044380188 12.271520614624023 3.6030354499816895
v -1.1913601160049438 10.159894943237305 2.348898410797119
v 2.261509895324707 11.086442947387695 1.5038303136825562
v 5.737924575805664 13.467422485351562 3.5134189128875732
v 7.424490928649902 13.92411994934082 3.410212993621826
v 4.0999345779418945 13.095579147338867 0.39290839433670044
v 2.597301483154297 8.106905937194824 4.318633079528809
v 3.8814504146575928 13.078755378723145 4.588860034942627
v 0.1994861215353012 11.05890941619873 3.6929140090942383
v 3.894052028656006 14.600372314453125 2.5515053272247314
v -1.8698099851608276 12.41041374206543 2.17868971824646
v -0.10827923566102982 8.865914344787598 3.462027072906494
v 5.61759614944458 15.024709701538086 1.9306414127349854
v 3.0077593326568604 7.70281457901001 0.0338139683008194
v 4.762861728668213 12.875611305236816 -0.21661712229251862
v 4.523337364196777 8.2014799118042 4.864593505859375
v 6.653501510620117 14.344696044921875 3.5384976863861084
v 0.1580999493598938 8.26418685913086 0.6312193870544434
v -0.15707704424858093 10.889192581176758 1.2239587306976318
v 2.4690542221069336 8.399015426635742 0.42779505252838135
v 7.634308815002441 13.480341911315918 1.9877686500549316
v -0.18458205461502075 9.626932144165039 1.5890847444534302
v 2.263101100921631 10.857645034790039 3.3529274463653564
v 5.714310646057129 15.616137504577637 1.8718137741088867
v 5.331998348236084 15.18327808380127 3.4886558055877686
v 2.0481722354888916 10.78982162475586 1.5380558967590332
v 5.042592525482178 12.190196990966797 2.0516884326934814
v 7.086241722106934 13.204266548156738 3.411151885986328
v -0.7946319580078125 8.794475555419922 4.364626884460449
v -1.0794191360473633 8.53756332397461 3.797670602798462
v 2.1476032733917236 8.898598670959473 1.080681562423706
v -0.9094671607017517 8.25997257232666 3.789083957672119
v 1.990346074104309 11.481925010681152 1.150107979774475
v 4.954076766967773 9.22311019897461 1.7382123470306396
v 0.013945359736680984 10.282161712646484 1.693649411201477
v 2.7009596824645996 10.17470645904541 2.0458695888519287
v 4.22312068939209 13.756823539733887 1.440601110458374
v 1.1792188882827759 7.448062896728516 4.506906509399414
v -0.6606791019439697 12.306377410888672 3.3709797859191895
v 4.513875961303711 8.95352554321289 4.106194972991943
v -3.0491344928741455 12.756937026977539 1.7757855653762817
v -0.7867875695228577 11.925370216369629 3.578192710876465
v -2.644984006881714 11.061064720153809 1.60420823097229
v 3.754215717315674 10.772031784057617 1.5062544345855713
v 4.177743911743164 12.874015808105469 -0.47711068391799927
v -1.5359714031219482 12.884411811828613 1.7565292119979858
v 5.7315545082092285 9.335118293762207 1.3629761934280396
v 2.140016794204712 10.2228364944458 2.7380924224853516
v 2.042919158935547 8.238225936889648 4.690849304199219
v 0.8583276271820068 8.22992992401123 0.4608316123485565
v -1.8030649423599243 12.93098258972168 2.2259273529052734
v 0.19752269983291626 7.68352746963501 4.793060302734375
v -0.9924517869949341 10.115455627441406 2.057692050933838
v 5.747621059417725 8.571488380432129 1.5314310789108276
v 2.1360950469970703 10.438324928283691 3.697957992553711
v 6.5776591300964355 12.99305248260498 3.1367404460906982
v -2.244452476501465 9.004945755004883 0.01161893643438816
v 4.095585346221924 13.127586364746094 4.46077823638916
v 3.5450241565704346 8.177048683166504 4.815238952636719
v -0.7823995351791382 11.291112899780273 0.9370487332344055
v 3.9170665740966797 12.796758651733398 3.3260586261749268
v 3.892064332962036 12.217448234558105 3.534287214279175
v 1.0195406675338745 7.858312606811523 4.830968379974365
v -2.040795087814331 11.890480041503906 1.1132408380508423
v -0.6948679685592651 8.387629508972168 0.6425650715827942
v 0.6856855154037476 11.043346405029297 3.7118515968322754
v 2.0068140029907227 9.039094924926758 4.246377944946289
v 2.4737730026245117 9.171102523803711 0.415844202041626
v 5.149395942687988 9.05527114868164 3.838024139404297
v 1.447400450706482 11.463937759399414 3.9201526641845703
v 1.8379102945327759 8.2266206741333 4.684964656829834
v 4.403841495513916 10.920659065246582 2.1965417861938477
v -2.863050699234009 9.616555213928223 3.230949640274048
v 4.044531345367432 13.091317176818848 1.4568846225738525
v 7.980320930480957 13.40909481048584 3.0021374225616455
v 2.148376703262329 11.032022476196289 1.677821397781372
v 2.8192436695098877 9.484986305236816 4.118830680847168
v -0.08304304629564285 8.654596328735352 3.744067668914795
v 3.425997018814087 8.301100730895996 4.675479412078857
v -2.3695554733276367 9.366515159606934 3.6069064140319824
v 4.96371603012085 8.109654426574707 4.822112560272217
v -0.20347711443901062 8.477713584899902 4.076132297515869
v 5.495757102966309 8.482531547546387 0.4262612462043762
v -2.294893264770508 9.102838516235352 0.26691120862960815
v -2.390366792678833 9.416354179382324 3.6017744541168213
v -3.118104934692383 12.259819984436035 2.0242252349853516
v 5.948057174682617 12.849674224853516 2.878267288208008
v -2.846883535385132 9.347236633300781 -0.08616560697555542
v 4.094817161560059 13.09521770477295 0.49120697379112244
v 7.097311973571777 13.555875778198242 3.5461008548736572
v -0.5960921049118042 10.735652923583984 3.6926169395446777
v -0.12363722175359726 11.111658096313477 1.5521125793457031
v 4.768738269805908 8.835848808288574 3.5268445014953613
v 3.600804567337036 14.291770935058594 1.9911633729934692
v 0.3428155779838562 8.374876976013184 0.38261091709136963
v 4.488180160522461 13.136419296264648 4.675485610961914
v 7.405007839202881 12.841190338134766 2.436415433883667
v 5.529389381408691 15.151219367980957 3.887389898300171
v -0.33234620094299316 10.802736282348633 1.4160741567611694
v -0.18490713834762573 8.477514266967773 0.1954038441181183
v 5.3341145515441895 15.427627563476562 1.652871012687683
v -1.437498927116394 12.778449058532715 1.8508719205856323
v 4.231221675872803 12.853157997131348 5.341158390045166
v -2.8728857040405273 9.375897407531738 0.7903157472610474
v -1.6637566089630127 10.335933685302734 2.77138614654541
v -0.799389123916626 10.188112258911133 3.859215497970581
v 5.249921798706055 14.735689163208008 1.785133719444275
v 4.622115612030029 8.754327774047852 1.5947318077087402
v -1.2134734392166138 8.446051597595215 4.296313285827637
v -1.7611720561981201 8.032487869262695 0.9702633619308472
v -0.2320024073123932 9.061260223388672 1.3638437986373901
v 4.207437992095947 12.693297386169434 3.010891914367676
v -0.7144364714622498 7.8639421463012695 3.5538694858551025
v -0.010813562199473381 10.265851974487305 1.9852280616760254
v -2.5151023864746094 9.046031951904297 4.513195991516113
v -0.8682239055633545 11.929594039916992 3.5744261741638184
v -0.8394086956977844 10.131964683532715 2.4891841411590576
v 4.053171634674072 12.734025001525879 3.4506595134735107
v 2.8155858516693115 9.5699462890625 4.0763163566589355
v -2.2762932777404785 8.333963394165039 3.4766929149627686
v 7.621585369110107 12.901522636413574 2.7910380363464355
v 5.773256778717041 12.756881713867188 2.603626012802124
v -0.38876527547836304 8.234415054321289 4.731681823730469
v 3.977792263031006 7.895605564117432 1.3191064596176147
v 4.154586315155029 12.847513198852539 3.481201648712158
v 1.49445641040802 11.465235710144043 3.9251251220703125
v 0.37840569019317627 10.133203506469727 1.6620508432388306
v 4.448780059814453 11.02583122253418 2.8941702842712402
v 4.450448036193848 14.67836856842041 2.0260519981384277
v 1.0404337644577026 8.261130332946777 0.0550089068710804
v 2.159759759902954 8.012868881225586 4.134690284729004
v 2.565217971801758 10.185993194580078 2.7761123180389404
v 3.0783824920654297 8.978391647338867 0.695857584476471
v 3.336632013320923 13.640036582946777 1.965511441230774
v 2.5007920265197754 7.476868629455566 3.742422580718994
v 3.7571041584014893 14.823298454284668 2.508965492248535
v -1.0809767246246338 12.94095516204834 2.6375555992126465
v 5.576444149017334 15.702092170715332 1.868396282196045
v 2.809713840484619 8.208074569702148 3.9020845890045166
v 1.962845802307129 10.028287887573242 1.045186161994934
v -3.3643805980682373 9.302149772644043 3.3324689865112305
v 4.4188055992126465 8.222061157226562 0.23253032565116882
v -2.5534822940826416 8.55811595916748 -0.11674647033214569
v 2.510390043258667 7.610073566436768 0.012966882437467575
v -0.678041398525238 8.22360897064209 4.1543121337890625
v 5.5511980056762695 14.652968406677246 1.960415244102478
v 7.731698513031006 13.20433521270752 2.1031877994537354
v 5.581223011016846 14.758538246154785 3.6841814517974854
v -0.4719025492668152 7.451081275939941 3.9005286693573
v -2.8545849323272705 12.581594467163086 1.6668126583099365
v -1.0843321084976196 8.496049880981445 0.3801298439502716
v 0.2984451949596405 10.686302185058594 3.538522481918335
v 2.4285287857055664 8.666031837463379 0.377443790435791
v 2.8755993843078613 8.863954544067383 3.55265736579895
v 0.04813006520271301 10.449907302856445 3.714747190475464
v 4.766097068786621 8.645813941955566 4.797512054443359
v 3.1808905601501465 8.866347312927246 0.9398533701896667
v 5.775836944580078 8.623359680175781 0.9238089323043823
v 4.121133327484131 8.387527465820312 0.23960807919502258
v -1.050329566001892 8.881160736083984 3.9716954231262207
v 6.768890380859375 14.718830108642578 3.3016154766082764
v -1.9176418781280518 11.038040161132812 3.1231958866119385
v -2.082561731338501 7.771464824676514 0.6261878609657288
v -2.064415693283081 12.474116325378418 2.107430934906006
v 2.6679205894470215 8.24648666381836 4.011931896209717
v 2.820700168609619 8.852496147155762 4.232174873352051
v 4.479980945587158 11.479043006896973 3.116236686706543
v 5.1732282638549805 14.860610008239746 3.6278741359710693
v 4.678914546966553 13.16540813446045 0.1261492669582367
v 4.948504447937012 8.142704963684082 0.4666188657283783
v 1.3428255319595337 7.873631954193115 4.835469722747803
v 5.4091105461120605 14.557416915893555 1.6153883934020996
v -0.014033309184014797 11.914323806762695 3.6835455894470215
v -3.134860038757324 8.234428405761719 0.051768455654382706
v 2.6222498416900635 9.824254035949707 2.962920665740967
v 1.1346466541290283 8.221755981445312 4.2452073097229
v 7.112201690673828 13.584364891052246 3.544754981994629
v -0.009543263353407383 10.18706226348877 2.658853530883789
v -0.2750859260559082 9.854288101196289 2.9976909160614014
v 5.948991775512695 14.208250999450684 3.6000816822052
v -1.4284453392028809 8.513612747192383 0.16626307368278503
v 0.02795436419546604 9.64223575592041 1.6840466260910034
v -0.5222806930541992 8.593355178833008 4.381202697753906
v 7.362324237823486 13.761850357055664 3.4587037563323975
v -0.5970802903175354 7.791816234588623 4.771353244781494
v -2.7204482555389404 11.573936462402344 2.420583963394165
v 7.083592414855957 14.036381721496582 1.8882520198822021
v 5.101284027099609 8.609127044677734 1.5540733337402344
v 3.276456832885742 10.405258178710938 3.2120473384857178
v -3.0105466842651367 8.777093887329102 4.577613353729248
v 2.885758876800537 9.058537483215332 0.4786396026611328
v -1.5169464349746704 8.563859939575195 4.271894931793213
v 2.0710954666137695 9.390268325805664 4.132281303405762
v 3.5904455184936523 7.7824602127075195 1.2557265758514404
v -2.336568593978882 11.983799934387207 2.7898101806640625
v 4.265701770782471 12.926888465881348 -0.481367290019989
v 1.9318156242370605 8.507884979248047 4.100691318511963
v 6.520288944244385 12.90218448638916 2.8138961791992188
v -0.2346315234899521 8.359386444091797 3.7627856731414795
v -1.7734899520874023 13.22977352142334 1.9354162216186523
v 3.8898239135742188 13.015000343322754 3.2149658203125
v 4.889942646026611 14.765926361083984 1.750690221786499
v 2.5903940200805664 7.366372585296631 3.950251579284668
v 5.135678768157959 15.036504745483398 3.3094482421875
v 5.506710529327393 13.009527206420898 1.6581509113311768
v 6.234006881713867 14.373279571533203 1.5161192417144775
v -0.4222407937049866 10.80606746673584 3.7195870876312256
v 4.751368999481201 15.107086181640625 2.2888495922088623
v 4.096897125244141 12.54930591583252 -0.14355888962745667
v 7.225770473480225 13.402193069458008 1.8870112895965576
v -0.17365822196006775 8.287970542907715 3.989039659500122
v 3.327113628387451 11.07181167602539 1.1928094625473022
v 3.9244792461395264 13.08200454711914 3.7624905109405518
v 3.88022780418396 12.882568359375 -0.011960274539887905
v 6.059813022613525 14.509843826293945 1.6675145626068115
v 2.8940048217773438 10.621007919311523 1.321874737739563
v 5.398288726806641 15.061727523803711 3.7334227561950684
v 0.9344446063041687 12.221753120422363 3.605480670928955
v 5.238304615020752 8.916439056396484 4.644371032714844
v 2.7309157848358154 10.66959285736084 3.1571295261383057
v 4.0060133934021 10.527231216430664 2.1700098514556885
v 4.363084316253662 10.865697860717773 2.201291084289551
v -0.039972979575395584 10.711687088012695 3.7138164043426514
v 1.9789584875106812 10.726561546325684 3.2331652641296387
v 3.84795880317688 14.546069145202637 1.9559075832366943
v 4.684148788452148 15.045153617858887 2.9269020557403564
v 5.930352687835693 15.139236450195312 2.122467517852783
v 4.20176362991333 13.25059986114502 0.2523804306983948
v 5.698521614074707 14.641412734985352 3.497896671295166
v 5.281004905700684 15.41354751586914 3.8675153255462646
v 3.3537991046905518 7.9130988121032715 0.0677807405591011
v -0.4437742829322815 8.561452865600586 3.4030508995056152
v -0.10419916361570358 9.005562782287598 0.1618242710828781
v 6.348888397216797 14.921418190002441 3.369837760925293
v -0.16210491955280304 9.132913589477539 4.136749267578125
v 6.208843231201172 14.183652877807617 1.845908284187317
v -0.6756928563117981 8.02675724029541 4.739480018615723
v 5.380395889282227 14.715529441833496 3.4602463245391846
v 5.917480945587158 13.150556564331055 3.416147232055664
v -2.2114028930664062 8.171828269958496 0.9303592443466187
v -1.2236958742141724 11.51478099822998 3.476419687271118
v -1.735568881034851 7.7143378257751465 4.074726104736328
v 2.9016971588134766 9.704066276550293 3.649536371231079
v 2.243053913116455 8.17416763305664 0.7812119722366333
v -0.7204084992408752 9.265015602111816 4.298311233520508
v 2.2944538593292236 7.964132785797119 3.602393627166748
v -0.23653438687324524 7.437804698944092 3.920219898223877
v 5.277421951293945 15.420952796936035 3.8562099933624268
v 5.374350070953369 15.015851020812988 3.1254942417144775
v 0.49839717149734497 8.676253318786621 0.6607105731964111
v -1.1751123666763306 8.516416549682617 0.38036227226257324
v 5.5191650390625 15.252020835876465 2.9659831523895264
v 2.598144292831421 10.83575439453125 3.2700161933898926
v 2.247525215148926 7.404069900512695 4.247615337371826
v -3.3925435543060303 9.331341743469238 3.32147216796875
v 0.38216328620910645 8.955803871154785 1.1334786415100098
v -2.711458444595337 9.77280044555664 3.8294365406036377
v 2.1364564895629883 10.955845832824707 3.102940320968628
v -2.2125837802886963 8.966426849365234 -0.12712523341178894
v 4.927880764007568 9.469907760620117 1.1543822288513184
v 7.185670852661133 14.625041007995605 3.069061517715454
v -0.09454820305109024 9.067888259887695 3.9951727390289307
v 1.7243841886520386 10.71566104888916 1.4354764223098755
v 4.375942707061768 7.579099178314209 1.1964101791381836
v 3.890972137451172 13.014970779418945 3.192483425140381
v 3.7857184410095215 8.121469497680664 1.3391056060791016
v -0.8159076571464539 8.202654838562012 4.0399322509765625
v -0.8288177251815796 10.082551002502441 3.203709125518799
v 0.0420425683259964 8.561711311340332 1.1554319858551025
v 2.051241874694824 9.712919235229492 3.9909632205963135
v 5.351581573486328 14.901833534240723 3.087810754776001
v -0.518502950668335 8.262554168701172 4.185800552368164
v 3.384763717651367 13.67445182800293 2.224531412124634
v 5.088475704193115 8.984737396240234 0.41681838035583496
v 4.9914679527282715 9.450981140136719 0.9301645755767822
v 1.3672298192977905 10.93864631652832 1.3389078378677368
v 5.405026435852051 15.672835350036621 1.9608759880065918
v 3.5166375637054443 8.301153182983398 4.454085826873779
v 4.231126308441162 12.527939796447754 -0.2827332317829132
v 0.7637633085250854 11.525603294372559 1.108160138130188
v 4.4616241455078125 12.551626205444336 -0.28639867901802063
v 4.49691104888916 13.119022369384766 4.676226615905762
v 4.762828826904297 12.09460163116455 3.2548389434814453
v 2.74562931060791 8.173247337341309 1.0973217487335205
v 4.746399879455566 8.466581344604492 5.097766399383545
v 5.313779354095459 12.441520690917969 2.3061349391937256
v 4.586116313934326 7.688199043273926 1.2402137517929077
v -3.2306344509124756 8.166861534118652 0.7355350255966187
v 2.4749231338500977 12.94756031036377 2.4378349781036377
v 0.2115529328584671 10.811254501342773 1.1790183782577515
v -1.8801406621932983 8.538053512573242 -0.20529572665691376
v 2.3033087253570557 10.568791389465332 3.660534381866455
v 4.309567928314209 10.793304443359375 2.890244483947754
v 5.5844926834106445 9.025147438049316 0.2908506989479065
v 3.9457688331604004 13.196857452392578 5.246494770050049
v 2.633967399597168 10.029308319091797 0.7177518606185913
v 2.1166491508483887 8.155896186828613 3.7253029346466064
v 4.051361083984375 12.734454154968262 3.4907748699188232
v 7.272618293762207 12.891164779663086 2.9957382678985596
v -0.2850014269351959 8.255961418151855 4.119630813598633
v -2.4863693714141846 8.619138717651367 -0.2138943076133728
v 2.497504949569702 9.504043579101562 0.508764922618866
v 2.670804977416992 10.315549850463867 3.207622528076172
v 2.405282497406006 8.131349563598633 4.400374412536621
v -2.03287672996521 13.225998878479004 2.220261335372925
v -3.3196861743927 9.449217796325684 4.406595230102539
v -2.4864301681518555 10.865192413330078 2.6878364086151123
v 6.074101448059082 14.234145164489746 1.6864992380142212
v -1.760825276374817 12.754053115844727 1.7950290441513062
v 2.0705394744873047 10.850316047668457 1.4504187107086182
v 5.716365814208984 8.89480209350586 0.48527684807777405
v 4.114115238189697 8.410984992980957 3.9929332733154297
v 1.1869162321090698 11.89659309387207 3.8845572471618652
v 1.8969258069992065 7.689301013946533 3.6160190105438232
v 4.195128440856934 13.127298355102539 1.1287753582000732
v 2.3208112716674805 10.379887580871582 3.811718463897705
v 1.8017667531967163 10.902488708496094 1.352113962173462
v -0.4111088514328003 10.490955352783203 1.7608779668807983
v -1.5328261852264404 8.533210754394531 3.895172119140625
v -2.969592571258545 12.530417442321777 2.148646354675293
v 5.341100692749023 12.470078468322754 2.613084316253662
v 4.010087966918945 13.826075553894043 2.5627858638763428
v 5.330790042877197 13.230490684509277 3.4926042556762695
v -2.8420894145965576 8.791017532348633 4.5983099937438965
v 5.645464897155762 13.443052291870117 3.5039095878601074
v -0.8589648008346558 8.399401664733887 4.577365875244141
v 1.7011336088180542 7.979622840881348 3.6235837936401367
v 4.954568386077881 7.737827301025391 3.8227434158325195
v 0.5616708993911743 8.23591136932373 4.2182536125183105
v 3.6716597080230713 14.139476776123047 2.021867513656616
v 5.497843265533447 15.297760009765625 2.315704107284546
v 6.274905681610107 14.316193580627441 1.5419573783874512
v 2.7142975330352783 9.049721717834473 3.251068353652954
v 5.4927849769592285 8.680724143981934 0.5564208030700684
v 1.6107633113861084 7.431727886199951 0.4304070770740509
v 5.547784328460693 15.468881607055664 3.6817939281463623
v 5.129766941070557 8.289957046508789 4.943171977996826
v -0.8521624207496643 11.084586143493652 3.510803699493408
v 4.302408218383789 12.98774242401123 4.4503703117370605
v -3.982079029083252 9.327667236328125 3.856804370880127
v 5.339612007141113 15.17264461517334 1.9242910146713257
v 4.737664222717285 7.9783172607421875 1.4077156782150269
v 5.869384288787842 9.358531951904297 1.1750227212905884
v -2.851384401321411 12.3551664352417 1.9142920970916748
v 2.0472238063812256 9.061381340026855 4.292530059814453
v -0.9051210284233093 10.749115943908691 1.066762089729309
v 0.38071542978286743 10.542171478271484 1.044525146484375
v -1.2821730375289917 7.63379430770874 4.128887176513672
v 5.080433368682861 8.197432518005371 0.49726808071136475
v -1.2639343738555908 12.065770149230957 0.8214510083198547
v -2.9520602226257324 8.573227882385254 -0.20238707959651947
v -0.934781014919281 8.356779098510742 0.8597416877746582
v -3.5349676609039307 8.863519668579102 3.473317861557007
v 4.154374122619629 12.56010627746582 -0.3009413480758667
v 0.3377012610435486 7.4209699630737305 3.947986364364624
v 2.444373846054077 9.294596672058105 3.0868654251098633
v -0.7697752118110657 10.648270606994629 3.1887223720550537
v 4.345972061157227 13.322084426879883 5.011695384979248
v -1.0525823831558228 12.692065238952637 3.0505216121673584
v 6.089743614196777 13.464576721191406 3.5541810989379883
v 5.0151286125183105 8.336676597595215 5.095726490020752
v 4.121697425842285 14.317201614379883 2.583714246749878
v 4.224542140960693 14.510080337524414 2.9263460636138916
v 0.2674398720264435 8.247132301330566 0.5998159646987915
v 1.5955005884170532 8.239328384399414 4.416266918182373
v -2.7353780269622803 8.050759315490723 3.8845770359039307
v 4.827347755432129 14.29099178314209 3.461610794067383
v 2.1127400398254395 10.855025291442871 3.2627298831939697
v -0.523758590221405 11.466232299804688 3.643101215362549
v -2.286463975906372 8.454591751098633 4.647213935852051
v 2.794785976409912 8.195385932922363 3.8707454204559326
v 6.078058242797852 14.201489448547363 1.5238192081451416
v 2.9015085697174072 11.61087703704834 1.0437052249908447
v 2.614534854888916 8.740708351135254 4.432986736297607
v 2.67128324508667 9.36772346496582 3.150341033935547
v -0.7999683618545532 8.762231826782227 3.325096845626831
v -3.303632974624634 9.137129783630371 0.10288581997156143
v 6.172863483428955 14.382704734802246 3.742469072341919
v 0.42451176047325134 8.384710311889648 0.5752087235450745
v 4.888537883758545 8.675085067749023 4.906120777130127
v -0.4816797971725464 9.68684196472168 0.7643672823905945
v 1.7238339185714722 10.208792686462402 2.03075909614563
v -0.8217275142669678 10.504220008850098 3.490879535675049
v 0.6226354241371155 10.388422012329102 3.1548352241516113
v 3.9737846851348877 13.119595527648926 4.468820095062256
v 5.255440711975098 15.369306564331055 1.9048669338226318
v 0.3042759597301483 8.572883605957031 0.1992018073797226
v 5.243487358093262 12.338163375854492 2.9167511463165283
v 3.786269187927246 13.181840896606445 4.677021026611328
v -2.7594120502471924 12.645658493041992 1.668076753616333
v 2.6367573738098145 10.494112968444824 1.9875916242599487
v 2.7006638050079346 8.282851219177246 4.219907760620117
v 3.594116449356079 11.379324913024902 3.3999109268188477
v 4.320794582366943 14.529312133789062 2.510871410369873
v 7.869121551513672 13.176340103149414 2.2389984130859375
v -1.5029447078704834 12.422247886657715 1.0812017917633057
v 5.200656414031982 12.309142112731934 2.605839490890503
v 3.8117642402648926 14.788395881652832 1.9334408044815063
v 4.135248184204102 12.709396362304688 4.414581298828125
v 5.415999412536621 15.310471534729004 3.025217056274414
v 6.2134108543396 14.500077247619629 3.5347177982330322
v 4.356632232666016 12.994601249694824 0.43099096417427063
v 2.725590229034424 10.161758422851562 2.923372745513916
v -1.497414231300354 11.077187538146973 3.381774663925171
v -2.683976650238037 8.685768127441406 3.442232370376587
v -1.2356109619140625 7.770594120025635 4.666926860809326
v 4.148303508758545 8.407011985778809 3.819455146789551
v 2.4780869483947754 10.173033714294434 2.021315574645996
v 5.1579060554504395 14.828777313232422 3.5228781700134277
v 6.194879055023193 14.174424171447754 1.5580949783325195
v 6.309933662414551 15.029250144958496 2.215547561645508
v 3.7348225116729736 14.333413124084473 1.9735411405563354
v 4.032171726226807 12.738988876342773 3.9159462451934814
v 4.539958953857422 14.605506896972656 2.5109996795654297
v 4.785816192626953 12.66870403289795 3.47570538520813
v -0.7967258095741272 11.477965354919434 3.5845587253570557
v -0.7208397388458252 8.128375053405762 3.5611445903778076
v 5.769371509552002 9.124918937683105 0.48935431241989136
v -0.45583900809288025 8.325325012207031 4.320265769958496
v 5.18118143081665 12.449803352355957 1.8631644248962402
v 4.0792555809021 13.376078605651855 5.000977039337158
v 3.4231479167938232 8.220459938049316 1.1278389692306519
v -0.7508542537689209 7.770451068878174 -0.222539484500885
v 4.406918525695801 12.865028381347656 5.267118453979492
v -0.8134737014770508 11.287668228149414 0.9254503846168518
v 5.431199550628662 8.628120422363281 4.6908369064331055
v 0.058736078441143036 8.35265064239502 0.2391732633113861
v 3.8133978843688965 13.806001663208008 2.9842870235443115
v 1.518404245376587 10.426576614379883 1.7534295320510864
v 3.9561755657196045 13.013092994689941 1.9147870540618896
v 4.561154842376709 14.933051109313965 2.0118348598480225
v -1.1670780181884766 8.392205238342285 0.8347182273864746
v -2.479224443435669 9.566245079040527 3.586354970932007
v 2.778278350830078 10.359705924987793 3.053006410598755
v 1.2562639713287354 10.450529098510742 1.738480567932129
v 4.166260242462158 12.702537536621094 3.811542510986328
v 5.174121856689453 8.062797546386719 4.124845504760742
v -1.15230393409729 7.94529914855957 3.5571494102478027
v 2.8724098205566406 8.73068904876709 1.4437898397445679
v -0.17086397111415863 7.9875640869140625 4.764688014984131
v 0.6034018397331238 7.687756538391113 -0.17720575630664825
v 2.6606996059417725 7.458069801330566 0.49250417947769165
v 2.45367693901062 7.465527057647705 0.4636910855770111
v 0.24217934906482697 7.472455024719238 0.38683953881263733
v -2.3000619411468506 13.462265014648438 1.9597744941711426
v 3.993798017501831 7.515531539916992 0.7845755815505981
v 4.484542369842529 12.692964553833008 0.5681614875793457
v 3.925598382949829 8.444960594177246 0.6103391647338867
v 4.314496994018555 10.809520721435547 2.204550266265869
v -3.460808038711548 9.0928955078125 4.589102268218994
v -2.3799469470977783 11.37984561920166 2.8366425037384033
v 3.1412711143493652 14.166024208068848 2.4962189197540283
v 5.794969081878662 8.703442573547363 0.689818263053894
v 4.090509414672852 7.487697601318359 4.666131496429443
v -0.7389940023422241 8.367151260375977 4.31517219543457
v -3.1626086235046387 8.893526077270508 4.56229829788208
v 0.2649489641189575 12.023736000061035 1.0090370178222656
v 4.99233865737915 13.75711441040039 1.3894940614700317
v 5.390719890594482 9.062235832214355 0.6994500756263733
v -1.6501420736312866 13.230591773986816 1.9577152729034424
v 5.571194171905518 12.775752067565918 3.2735683917999268
v -1.8753094673156738 12.655707359313965 2.6302525997161865
v 4.934753894805908 9.473740577697754 1.155275583267212
v 5.424924850463867 8.902117729187012 4.04035758972168
v 2.8148281574249268 7.392086029052734 4.253542423248291
v 2.5154154300689697 8.516563415527344 1.3624756336212158
v 0.8263278603553772 7.4831156730651855 3.7306771278381348
v 6.591546535491943 13.34398078918457 1.841356635093689
v 7.498132228851318 14.472411155700684 2.7622714042663574
v -2.4457406997680664 9.521806716918945 3.5904297828674316
v 4.990392208099365 12.615914344787598 1.5285545587539673
v -0.8026440739631653 8.476180076599121 -0.06320083886384964
v 4.35722541809082 13.086779594421387 2.315112352371216
v 1.3819221258163452 10.254297256469727 2.769773244857788
v 4.565190315246582 14.043195724487305 1.4834977388381958
v -1.1300255060195923 8.15036392211914 0.9743331074714661
v 5.398881912231445 15.214798927307129 3.402080774307251
v 2.259050130844116 7.315946578979492 0.8008927702903748
v -1.8454786539077759 12.873563766479492 2.212883234024048
v 0.26619699597358704 12.501583099365234 3.1431705951690674
v 1.309251070022583 8.12893295288086 4.799463272094727
v -0.49036017060279846 10.279305458068848 4.000464916229248
v 4.068843841552734 13.12287712097168 3.03428316116333
v 4.828357219696045 8.854272842407227 3.5286014080047607
v -0.28608381748199463 9.933904647827148 4.113873481750488
v 4.1659464836120605 13.09705924987793 4.445005416870117
v 6.580485820770264 14.808038711547852 3.335247755050659
v 4.524386405944824 12.821487426757812 0.4881984293460846
v -1.4672050476074219 10.175798416137695 1.5080413818359375
v 2.834484100341797 9.3350830078125 3.3023855686187744
v 1.4226881265640259 7.5544281005859375 -0.01529079768806696
v -0.502380907535553 8.364107131958008 4.268039703369141
v 4.3220319747924805 12.962985038757324 3.6357805728912354
v 5.2024102210998535 15.347758293151855 3.662308692932129
v -0.06923074275255203 9.994248390197754 3.0606913566589355
v 5.247191429138184 14.717126846313477 1.798788070678711
v 4.770281791687012 12.977812767028809 0.10588401556015015
v 3.145693778991699 8.954011917114258 1.0518819093704224
v 0.3908943831920624 8.245031356811523 4.1962785720825195
v 2.020017385482788 7.4011640548706055 4.517528533935547
v 5.185328006744385 9.121840476989746 0.2719292640686035
v 4.536125659942627 14.987299919128418 2.2947657108306885
v 2.040163278579712 8.641914367675781 3.4856574535369873
v 7.264492511749268 13.957572937011719 3.4596469402313232
v -1.3977547883987427 12.456666946411133 1.0619620084762573
v 3.013449192047119 12.959601402282715 3.0267422199249268
v 4.106623649597168 7.500416278839111 1.1227293014526367
v 7.166933059692383 14.203730583190918 1.971209168434143
v 2.9026525020599365 13.174515724182129 2.2005503177642822
v 6.537201404571533 15.022944450378418 2.4697725772857666
v 2.0730221271514893 7.683224678039551 1.1486560106277466
v 3.357545852661133 7.461523532867432 4.759108066558838
v 0.5944238305091858 7.725131511688232 3.602126359939575
v -2.3376824855804443 11.88131332397461 2.8086814880371094
v 7.252747058868408 13.5360689163208 3.491696357727051
v -2.1706643104553223 8.155198097229004 0.9326047897338867
v 1.994428277015686 7.898336410522461 -0.04867418855428696
v 5.585148811340332 14.639337539672852 3.825896739959717
v 1.0099109411239624 8.134121894836426 4.7954559326171875
v 3.0263562202453613 7.520543575286865 0.28627368807792664
v 1.4795788526535034 11.464825630187988 3.923553466796875
v -3.3548147678375244 9.272294044494629 4.549489974975586
v 3.6558871269226074 11.398724555969238 1.2083662748336792
v -0.44699349999427795 9.883121490478516 0.8629345297813416
v -0.14585399627685547 8.600107192993164 3.996187210083008
v 2.9899024963378906 8.203598022460938 0.8765884041786194
v -0.767733097076416 9.673172950744629 3.098888397216797
v 5.019528388977051 9.005303382873535 4.692197322845459
v 5.323807239532471 14.841394424438477 3.959061861038208
v 4.1914448738098145 13.387297630310059 4.791190147399902
v 3.1954879760742188 7.649982452392578 4.860681056976318
v 0.6927140951156616 11.430824279785156 3.843087673187256
v 0.2747676372528076 12.210022926330566 3.4607858657836914
v -0.2197161316871643 8.487576484680176 3.671274423599243
v 2.291004180908203 9.199052810668945 1.5726920366287231
v -1.616539716720581 8.155914306640625 4.717360019683838
v 3.2388346195220947 13.12036418914795 2.855543851852417
v 5.703270435333252 15.602094650268555 1.9427869319915771
v 5.348270893096924 15.291370391845703 1.4914281368255615
v -0.4471467435359955 7.604850769042969 4.517290115356445
v 3.289975643157959 13.650711059570312 2.4876062870025635
v -2.8914663791656494 8.463266372680664 3.446621894836426
v 1.4761370420455933 7.614080905914307 4.842339992523193
v -1.7979397773742676 7.823617458343506 0.8430984020233154
v 5.381043910980225 13.412047386169434 1.5104535818099976
v 4.450142860412598 13.096055030822754 0.9207481145858765
v -3.2049970626831055 12.617283821105957 2.1336722373962402
v 4.143991470336914 14.710329055786133 2.4968297481536865
v 2.517181634902954 8.155845642089844 0.6536142230033875
v 3.9363653659820557 8.157299041748047 1.3432875871658325
v 2.0031650066375732 9.015488624572754 3.319840669631958
v 4.227762699127197 13.121917724609375 2.4130284786224365
v 2.294445514678955 9.428739547729492 1.6287565231323242
v 3.7139272689819336 14.84561824798584 2.403289318084717
v -0.18075408041477203 8.234986305236816 0.6173076629638672
v -0.8518466353416443 7.655123710632324 3.6826956272125244
v 5.7458672523498535 15.600663185119629 1.6167782545089722
v 0.49946558475494385 10.50809097290039 1.5613933801651
v 2.3928020000457764 8.227916717529297 0.6403672099113464
v 2.175182342529297 8.07249927520752 3.7949912548065186
v -0.3244282901287079 9.123611450195312 0.3294954299926758
v -2.9486167430877686 8.183568954467773 3.8640151023864746
v 0.48325711488723755 10.609573364257812 1.5635876655578613
v 4.217777252197266 14.548213958740234 2.616760730743408
v 8.072108268737793 13.664201736450195 2.825392961502075
v 3.64334774017334 7.95027494430542 0.09649239480495453
v 4.410730361938477 8.683793067932129 1.2457081079483032
v 5.393831729888916 15.46998405456543 3.8575611114501953
v -0.2141488641500473 7.580265998840332 3.7113327980041504
v 5.394464492797852 8.852133750915527 0.3960132300853729
v 5.773372650146484 8.672507286071777 0.6874551773071289
v 2.615736961364746 7.594888687133789 4.855234146118164
v 0.5487592816352844 9.725574493408203 1.185557246208191
v -2.8010716438293457 8.110262870788574 0.22800974547863007
v 2.22440505027771 9.949104309082031 2.8288354873657227
v 0.3903881311416626 10.419341087341309 0.9461618661880493
v 4.690737724304199 13.14851188659668 0.12688225507736206
v 4.502954006195068 11.106083869934082 2.1851582527160645
v 2.7504186630249023 10.124589920043945 3.8326313495635986
v 7.758254528045654 12.938112258911133 2.5000174045562744
v 2.645944595336914 8.166580200195312 1.1074597835540771
v -2.4193124771118164 9.193643569946289 0.03572562709450722
v -1.2505558729171753 10.29330062866211 2.8895208835601807
v 5.079254150390625 8.28869915008545 5.031939506530762
v 4.334878921508789 12.722180366516113 3.162109136581421
v 5.408689498901367 14.641644477844238 3.5091781616210938
v -0.9618180990219116 8.812963485717773 3.4314136505126953
v 2.071694850921631 8.140786170959473 0.044038474559783936
v 5.36008358001709 15.614425659179688 1.7707571983337402
v -0.5609099268913269 8.381312370300293 4.28825569152832
v -0.10440260171890259 8.254942893981934 0.3525156080722809
v 3.582324743270874 7.450757026672363 4.258987903594971
v 4.139800548553467 12.7083740234375 4.326005458831787
v -0.9974620342254639 12.499013900756836 1.0603588819503784
v 5.324523448944092 8.086381912231445 1.1397385597229004
v 7.496337890625 14.232657432556152 2.196699619293213
v 2.8419277667999268 10.028253555297852 3.7084505558013916
v -0.3683716356754303 8.41331958770752 0.22848494350910187
v 0.05776653066277504 10.676810264587402 3.6074106693267822
v 5.360764980316162 9.507577896118164 0.595164954662323
v 6.018352031707764 14.253201484680176 1.5277025699615479
v 0.05464772507548332 10.748294830322266 3.5697758197784424
v 5.404590606689453 12.523219108581543 2.6095426082611084
v 4.170387268066406 12.701611518859863 3.731339693069458
v -0.5403966903686523 8.548436164855957 3.382115364074707
v 2.7742106914520264 7.461637020111084 1.0662719011306763
v 3.498291254043579 7.472711086273193 4.7678728103637695
v -0.4292145073413849 9.115086555480957 1.2144112586975098
v -0.22225621342658997 10.18828296661377 2.5981545448303223
v -1.8321514129638672 7.884903430938721 4.5610737800598145
v -2.674471378326416 11.93577766418457 2.148073673248291
v 2.055854082107544 7.453545093536377 0.4658351540565491
v -1.290610671043396 7.6471028327941895 0.07274598628282547
v 3.9061989784240723 14.655625343322754 1.942679762840271
v 4.07267427444458 7.49511194229126 1.1143853664398193
v 5.4408040046691895 12.684990882873535 1.9192931652069092
v 5.237076759338379 15.317549705505371 3.0091309547424316
v 1.3012757301330566 7.658276557922363 1.0845069885253906
v -1.0649080276489258 9.062182426452637 3.914158344268799
v 5.512556552886963 15.341593742370605 1.6516058444976807
v 2.3097026348114014 8.485859870910645 3.3815500736236572
v -2.611029624938965 9.313798904418945 0.0233824010938406
v -2.8780839443206787 8.67860221862793 -0.014762282371520996
v -3.4558932781219482 12.474361419677734 1.852297067642212
v 7.217686176300049 12.853704452514648 2.4430630207061768
v -0.11287540197372437 8.808869361877441 1.2785598039627075
v 2.327230930328369 9.089755058288574 4.3907389640808105
v 5.151151180267334 14.87765121459961 3.301210641860962
v 2.1424663066864014 8.264345169067383 3.5849623680114746
v 4.767984390258789 9.315924644470215 1.590309977531433
v -0.34003889560699463 7.743350505828857 0.9922140836715698
v -1.7843992710113525 12.2500638961792 1.1085665225982666
v -0.20354440808296204 11.219330787658691 3.3050007820129395
v 2.295725107192993 8.215078353881836 0.4464763104915619
v 1.9292247295379639 9.680622100830078 3.8094046115875244
v 1.0130115747451782 8.173382759094238 -0.09731721132993698
v -3.7126240730285645 9.022107124328613 3.7230336666107178
v 1.546809434890747 7.426380634307861 0.430644154548645
v 4.211877346038818 13.07226848602295 4.496227264404297
v -1.680940866470337 8.412248611450195 4.674764156341553
v 5.967812538146973 14.316020011901855 3.375842332839966
v 2.603832244873047 8.094685554504395 0.7074227929115295
v 2.107741594314575 9.013459205627441 0.7591308355331421
v 2.1022162437438965 11.946795463562012 1.1738808155059814
v 7.7333526611328125 13.559575080871582 3.293120861053467
v 3.831444025039673 8.292564392089844 1.176716923713684
v 4.764615535736084 7.841697692871094 4.172079563140869
v -2.5831642150878906 9.489439010620117 4.3525004386901855
v -0.07494088262319565 10.126437187194824 3.984412908554077
v 4.254694938659668 8.595696449279785 4.169120788574219
v 4.599603176116943 8.319299697875977 4.795765399932861
v -0.07971873134374619 10.059165954589844 4.005066871643066
v 4.03851318359375 15.158628463745117 2.0780560970306396
v 5.249959945678711 14.464609146118164 3.4930038452148438
v 2.226788282394409 8.870408058166504 3.230943441390991
v 0.09148328751325607 9.71141242980957 3.5283031463623047
v -2.120368003845215 7.77753210067749 0.6219064593315125
v 4.17633056640625 13.126649856567383 1.4123936891555786
v 4.147405624389648 8.127695083618164 0.20378658175468445
v 7.6812310218811035 13.7188720703125 2.029390335083008
v 4.945071697235107 9.392790794372559 0.6675409078598022
v 5.323935508728027 15.195968627929688 4.035478591918945
v 0.8363173604011536 12.591832160949707 1.5758672952651978
v 2.2657907009124756 10.84268569946289 3.3689587116241455
v 0.03592349588871002 9.229069709777832 3.435805320739746
v 2.3976430892944336 8.49217700958252 0.42048487067222595
v 4.3862738609313965 13.26029109954834 1.308976650238037
v -0.7777676582336426 8.220903396606445 4.127138614654541
v -3.8908562660217285 9.274096488952637 3.294839382171631
v -1.0249054431915283 8.422390937805176 4.562439441680908
v -2.909139633178711 9.85167121887207 3.5822789669036865
v -3.377368211746216 9.03915786743164 0.0940341055393219
v -0.8841460943222046 8.938958168029785 3.351900339126587
v 4.114280700683594 8.491177558898926 0.635346531867981
v 4.094990253448486 14.264602661132812 1.9492124319076538
v -0.28801876306533813 9.906973838806152 4.122262477874756
v -0.4819546937942505 10.343307495117188 3.973292827606201
v 4.630331516265869 14.09354305267334 1.486437439918518
v 4.066498756408691 13.180525779724121 -0.3351524770259857
v -0.4966531991958618 8.589509963989258 4.376831531524658
v 4.193605422973633 12.821372985839844 5.337095737457275
v 3.315152883529663 7.761195182800293 3.6425585746765137
v -0.34139978885650635 12.484294891357422 1.1385986804962158
v 1.9109653234481812 8.46085262298584 4.011474132537842
v 4.349449634552002 8.199517250061035 0.2199551910161972
v -0.33013635873794556 7.441728115081787 3.9134304523468018
v 4.13560152053833 13.125887870788574 3.8408868312835693
v -3.0019750595092773 8.39899730682373 4.137168884277344
v 4.051150798797607 8.423337936401367 0.8399821519851685
v 1.1765333414077759 8.250677108764648 0.07259587198495865
v 0.22087155282497406 10.175386428833008 1.860592246055603
v 3.695603847503662 8.31562614440918 4.632915496826172
v 4.978485584259033 12.274974822998047 1.7831246852874756
v -0.2857499122619629 8.696166038513184 3.350691080093384
v 3.2013602256774902 8.244832038879395 3.788485527038574
v 4.87617301940918 9.180935859680176 0.4819251000881195
v -2.520261764526367 10.752062797546387 2.5679996013641357
v 1.4671636819839478 8.142464637756348 -0.03200656548142433
v -1.0270159244537354 8.370986938476562 0.8528125286102295
v 7.802634239196777 13.569859504699707 2.0972766876220703
v 5.3245110511779785 9.114293098449707 1.6959948539733887
v 6.513039588928223 12.88725471496582 2.688603401184082
v 3.7658822536468506 13.726649284362793 2.043900489807129
v 1.9830752611160278 11.073534965515137 3.8638224601745605
v 3.4960923194885254 10.642879486083984 3.2936270236968994
v 3.607802152633667 13.6809720993042 2.5893006324768066
v 4.403639793395996 11.09469223022461 1.931382656097412
v -0.38473954796791077 8.635026931762695 0.3307729959487915
v 4.406151294708252 13.15477466583252 5.23356819152832
v 2.738582134246826 13.021580696105957 2.5593550205230713
v 4.020654201507568 7.642096519470215 0.4955308437347412
v -2.7744388580322266 8.764413833618164 3.434177875518799
v 7.488849639892578 13.60647964477539 3.4306857585906982
v -2.2080838680267334 8.300052642822266 3.4845736026763916
v 3.6196095943450928 13.98830509185791 2.0268099308013916
v 2.871065855026245 8.210801124572754 0.7865602374076843
v 0.5186546444892883 10.459915161132812 1.404874324798584
v 1.1461812257766724 11.89147663116455 3.881490707397461
v -2.959603786468506 9.236761093139648 4.406361103057861
v 6.4868364334106445 14.177924156188965 1.7711024284362793
v 2.422255039215088 12.862505912780762 2.002997636795044
v 4.026963233947754 12.919806480407715 0.15695272386074066
v 3.9667975902557373 13.085287094116211 2.949728012084961
v -2.573119640350342 8.513039588928223 -0.19397898018360138
v 4.807033538818359 8.17579460144043 5.015683174133301
v 5.363944053649902 15.562837600708008 2.165863513946533
v 4.160508155822754 13.126091003417969 1.651114583015442
v 0.6808502078056335 7.434873104095459 4.23951530456543
v 4.549109935760498 8.875941276550293 4.579639434814453
v 2.385464906692505 9.303472518920898 4.357525825500488
v 0.3348951041698456 7.704950332641602 1.0326602458953857
v 5.3316216468811035 15.124798774719238 1.5452630519866943
v 1.3881829977035522 7.651457786560059 1.0966498851776123
v 2.6945202350616455 10.176294326782227 2.7646403312683105
v -2.516303539276123 8.017306327819824 0.3356885313987732
v -0.15093466639518738 10.943510055541992 1.2892756462097168
v 4.175199031829834 8.47746467590332 3.8160057067871094
v 4.457386493682861 12.82176685333252 1.6560922861099243
v 5.3288798332214355 15.150018692016602 4.042572498321533
v -0.6126375794410706 12.848777770996094 1.4498053789138794
v 7.8845038414001465 13.051956176757812 2.4714062213897705
v -3.255279779434204 8.690023422241211 4.346347808837891
v -2.4384047985076904 12.218923568725586 2.0987355709075928
v 4.597726345062256 11.809547424316406 1.6501057147979736
v 3.0171773433685303 12.961639404296875 3.027599334716797
v 3.8788902759552 10.625699043273926 1.8437139987945557
v 7.935606956481934 13.994160652160645 2.7109832763671875
v 0.10542654991149902 9.985060691833496 3.45892333984375
v -2.5999202728271484 8.937097549438477 -0.19959646463394165
v 1.9688416719436646 8.355280876159668 4.199202060699463
v 0.34859976172447205 8.206461906433105 3.9616293907165527
v 5.3094329833984375 14.887558937072754 3.2085843086242676
v 1.5565136671066284 11.928201675415039 1.1928825378417969
v 2.966562032699585 10.282852172851562 1.3979544639587402
v 2.83255934715271 9.612895965576172 0.7074854373931885
v 7.932586669921875 13.945769309997559 2.857408285140991
v 1.4678800106048584 10.430317878723145 1.7522400617599487
v -2.3677828311920166 8.97826099395752 3.41778302192688
v -0.391732394695282 10.347624778747559 2.8065600395202637
v 3.5231878757476807 13.560715675354004 2.582939863204956
v -2.4318134784698486 9.16125202178955 0.9839188456535339
v 3.470609664916992 7.4712371826171875 4.76599645614624
v 2.9579100608825684 7.922695159912109 0.023539764806628227
v 2.935628652572632 9.48031234741211 3.735081195831299
v 3.310487985610962 13.180901527404785 1.6961181163787842
v 5.665422439575195 15.09070873260498 1.4159084558486938
v 0.0277390256524086 9.626482009887695 1.6771034002304077
v -2.4348323345184326 13.403076171875 2.156489610671997
v 4.000437259674072 13.011852264404297 1.0473442077636719
v 4.622348308563232 12.848332405090332 0.35868436098098755
v -0.8455360531806946 9.100728034973145 4.308223247528076
v 0.47357872128486633 9.955487251281738 0.8212677836418152
v 3.0880861282348633 7.731978893280029 3.659571409225464
v -0.18448525667190552 12.553768157958984 3.0974388122558594
v 7.44106912612915 12.867390632629395 2.776200294494629
v 3.819653034210205 13.89866828918457 2.0605292320251465
v 2.1683225631713867 10.347755432128906 3.19339656829834
v -2.9475784301757812 12.760045051574707 2.147045612335205
v -2.7135519981384277 12.826947212219238 2.1463468074798584
v -0.12186636030673981 8.995953559875488 3.3959591388702393
v 5.435629367828369 15.19638442993164 1.6890056133270264
v -1.8496912717819214 12.759249687194824 2.1040847301483154
v 5.945003032684326 14.23514461517334 3.477864980697632
v 3.303853750228882 7.455503463745117 4.7557525634765625
v 6.515151500701904 12.890029907226562 2.716418504714966
v 5.667947292327881 15.409846305847168 1.559035062789917
v 2.2730491161346436 8.156301498413086 3.807896137237549
v -0.20768918097019196 11.244993209838867 3.273113965988159
v 5.219991207122803 9.4369478225708 0.5999873280525208
v 2.9795114994049072 8.197938919067383 0.9009870886802673
v 1.7872406244277954 7.436629295349121 4.736382007598877
v -0.879347562789917 12.846881866455078 1.4370242357254028
v 4.966770172119141 12.022180557250977 2.2787764072418213
v -1.742844820022583 11.464052200317383 3.405614137649536
v 3.2093474864959717 13.498992919921875 2.2212913036346436
v -3.0782923698425293 8.287766456604004 3.823573589324951
v 1.9762682914733887 8.236115455627441 4.268682479858398
v 6.085285663604736 14.474294662475586 1.8290760517120361
v -0.6006763577461243 9.235589027404785 4.326723575592041
v -0.16041117906570435 11.450746536254883 3.6885006427764893
v 1.8587583303451538 9.183810234069824 3.5352301597595215
v 2.3525428771972656 11.516609191894531 1.1353018283843994
v 2.1948258876800537 7.353652000427246 3.9467272758483887
v 5.693535327911377 12.799299240112305 2.276254415512085
v 2.689222812652588 10.432412147521973 2.7905380725860596
v -4.0330424308776855 9.450260162353516 4.077538013458252
v 3.2718396186828613 7.930385112762451 4.821311950683594
v -1.6213853359222412 8.574761390686035 0.37990155816078186
v 3.776716470718384 11.21345043182373 3.3304553031921387
v -2.4820950031280518 8.629754066467285 -0.2159384936094284
v -3.9631245136260986 9.638456344604492 3.9022607803344727
v 6.1958842277526855 14.488107681274414 1.7786797285079956
v 4.501698970794678 13.26667308807373 0.18461252748966217
v 2.102468967437744 9.702584266662598 0.7803034782409668
v 3.1058785915374756 8.328032493591309 0.883224606513977
v 3.935565948486328 12.696595191955566 -0.036079905927181244
v 2.8237802982330322 8.258056640625 0.22377385199069977
v 4.678813934326172 8.321889877319336 4.618027210235596
v 4.337984561920166 12.458821296691895 0.04052470624446869
v 0.7234378457069397 12.448391914367676 3.1860294342041016
v 4.478763103485107 8.806288719177246 1.5189098119735718
v 6.512186527252197 14.404328346252441 3.544093370437622
v 2.656723976135254 7.948571681976318 1.208166480064392
v -2.9678139686584473 12.280805587768555 1.8807255029678345
v 2.270930051803589 11.490328788757324 3.9547207355499268
v 2.1889102458953857 8.916475296020508 4.435908317565918
v -0.7146652340888977 7.617742538452148 4.492954730987549
v 2.8836405277252197 8.26246452331543 1.1326903104782104
v 4.7443366050720215 13.092713356018066 -0.031572259962558746
v -2.4670355319976807 7.99138069152832 0.8706287741661072
v 3.800966262817383 12.659966468811035 5.10004997253418
v -1.8590766191482544 8.625958442687988 0.010969293303787708
v -2.4961090087890625 8.515764236450195 1.0275588035583496
v 6.839967250823975 13.380165100097656 3.538576364517212
v 4.398995399475098 7.618202209472656 4.404841423034668
v 3.162590742111206 8.691009521484375 0.9574899673461914
v 2.637373447418213 10.482643127441406 1.983910083770752
v -2.5718681812286377 8.577858924865723 3.464221954345703
v -0.8963888883590698 11.044425010681152 0.9304746389389038
v 5.382113456726074 15.263521194458008 1.83137845993042
v 1.525577187538147 7.709203720092773 3.6290109157562256
v -0.22137828171253204 7.503544807434082 0.36579006910324097
v -0.9151079654693604 12.501468658447266 1.0670710802078247
v 6.231890678405762 14.495059967041016 3.522336721420288
v 0.18434244394302368 7.420277118682861 3.9373953342437744
v 4.244617462158203 13.12112045288086 2.151766061782837
v 6.162801742553711 14.54627513885498 3.5281033515930176
v 3.732316255569458 14.079710006713867 2.3156630992889404
v -2.9225552082061768 12.621745109558105 2.134847402572632
v 5.3191046714782715 8.33005142211914 0.5741698145866394
v 2.2782185077667236 10.448784828186035 0.9091829061508179
v -2.06539249420166 7.958860397338867 3.5499343872070312
v 7.835171222686768 13.556392669677734 3.2204508781433105
v 4.580139636993408 11.562403678894043 1.729217767715454
v 3.941392660140991 12.773938179016113 -0.2861558794975281
v 4.026243686676025 12.740389823913574 4.047298431396484
v 6.508124351501465 14.843195915222168 3.3476545810699463
v -2.552729845046997 12.94349193572998 2.1417200565338135
v 0.024605724960565567 10.023887634277344 1.848669409751892
v 3.005448579788208 9.231215476989746 0.7459961175918579
v -0.3747428059577942 9.654542922973633 1.4484599828720093
v -2.327155590057373 12.113204002380371 2.7417778968811035
v 2.2627055644989014 11.489731788635254 3.9546844959259033
v -3.4468352794647217 9.321338653564453 4.653773307800293
v 4.300698757171631 8.55390739440918 0.6658730506896973
v 2.020841598510742 10.239994049072266 2.7328145503997803
v 3.5228049755096436 7.714205741882324 0.07853946089744568
v 5.206543922424316 15.29961109161377 3.430258274078369
v -2.9530839920043945 8.651962280273438 -0.09208641946315765
v 4.777744293212891 8.345144271850586 4.554501533508301
v 4.67765474319458 12.013162612915039 3.2699344158172607
v -1.0619372129440308 8.598872184753418 4.0463032722473145
v 3.7863965034484863 11.485580444335938 1.238342523574829
v -0.6120221018791199 8.266289710998535 4.7209014892578125
v 7.469114303588867 14.308684349060059 3.199774980545044
v -0.1239824891090393 8.224950790405273 0.8536893725395203
v 2.0895752906799316 8.118410110473633 4.190351486206055
v 1.99474036693573 10.240878105163574 1.4608017206192017
v -1.0364582538604736 12.690773010253906 3.0548036098480225
v 2.8891162872314453 10.325834274291992 3.2219643592834473
v 4.900938510894775 8.394157409667969 4.827964782714844
v -1.5219272375106812 8.453178405761719 0.8055163621902466
v 1.1355364322662354 7.3675103187561035 0.6903431415557861
v 4.006019592285156 12.793213844299316 1.394230604171753
v 4.094708442687988 7.737607002258301 0.3005901873111725
v 2.705505847930908 10.46241283416748 3.63175630569458
v 5.378811836242676 8.97969913482666 0.7337589859962463
v 3.0662240982055664 8.384391784667969 1.0837444067001343
v -2.373591423034668 13.468750953674316 2.041482448577881
v -0.42026132345199585 12.493191719055176 1.1293022632598877
v 1.5507937669754028 8.15068244934082 0.743826150894165
v 5.469864368438721 8.301614761352539 1.4394348859786987
v 6.231164932250977 13.1600980758667 3.4111344814300537
v 0.48900192975997925 7.868813514709473 4.805587291717529
v 5.379076957702637 15.611517906188965 2.1017518043518066
v 4.677939414978027 12.559316635131836 3.4604275226593018
v 5.989512920379639 15.066071510314941 3.331973075866699
v 2.9179975986480713 9.051751136779785 0.5067533850669861
v 6.036580562591553 15.230751037597656 3.077857494354248
v -2.367396831512451 11.310769081115723 1.2275454998016357
v -2.1618106365203857 12.48431396484375 1.894744873046875
v 4.767634391784668 12.862310409545898 0.07744153589010239
v 1.63557767868042 8.11962604522705 4.807043552398682
v 0.3617354929447174 10.224705696105957 1.7181257009506226
v 5.119191646575928 12.199187278747559 2.6132571697235107
v 0.17764049768447876 8.20799732208252 3.9315168857574463
v -3.0550310611724854 9.165081024169922 4.735134601593018
v -1.7052918672561646 12.641166687011719 2.8814353942871094
v -1.7144701480865479 12.961572647094727 2.229944944381714
v 4.788328170776367 9.034239768981934 4.356162071228027
v 3.0288138389587402 8.299511909484863 4.45143461227417
v 2.9505181312561035 8.613178253173828 1.3681423664093018
v -1.9865812063217163 13.364551544189453 1.927950143814087
v -0.837999165058136 8.921391487121582 3.3125274181365967
v 2.6188459396362305 8.63231086730957 1.4597927331924438
v -0.6593658328056335 8.314214706420898 0.8620421290397644
v -2.373814105987549 11.182007789611816 2.8051862716674805
v -2.9882652759552 8.775541305541992 -0.4450856149196625
v 6.7885422706604 13.031009674072266 3.260533094406128
v -2.7852847576141357 9.005126953125 -0.20896115899085999
v 2.464982271194458 8.23551082611084 4.446292400360107
v 1.8608657121658325 7.655282497406006 1.1443403959274292
v -2.1676113605499268 8.011113166809082 3.545466184616089
v 5.394370079040527 15.467893600463867 3.8612146377563477
v 2.0472776889801025 8.705140113830566 3.4419384002685547
v -2.3155441284179688 7.925087928771973 0.32246118783950806
v 4.286657333374023 11.652436256408691 3.265981674194336
v -0.6188989877700806 8.02406120300293 4.740176677703857
v 5.563962936401367 14.945143699645996 3.8427772521972656
v 0.0003592700231820345 9.341716766357422 4.075286388397217
v 0.32575350999832153 7.421178340911865 3.9472429752349854
v -0.8099371790885925 8.284271240234375 4.712673187255859
v 5.361962795257568 15.243143081665039 1.9538494348526
v -3.2622804641723633 12.482575416564941 2.1121253967285156
v 1.3834673166275024 10.429095268249512 3.2259202003479004
v -1.4182229042053223 7.736624717712402 4.411849498748779
v 0.06697852909564972 10.189212799072266 2.6757161617279053
v -1.59053373336792 12.692811012268066 1.8019018173217773
v 3.51888108253479 13.300969123840332 3.1159560680389404
v 0.4358828365802765 9.850621223449707 1.5034250020980835
v 2.9613544940948486 9.10660457611084 3.5946600437164307
v 2.2743775844573975 8.598027229309082 0.5075427889823914
v 0.31492698192596436 7.740540981292725 3.5795280933380127
v -2.3750481605529785 12.15090560913086 1.488900899887085
v -3.527606725692749 8.874868392944336 0.26923027634620667
v 0.009163879789412022 11.070451736450195 1.131972312927246
v 0.11201253533363342 7.98737907409668 1.0580470561981201
v 1.9600939750671387 8.102499008178711 0.9625810384750366
v 6.323916435241699 14.27535343170166 1.67629075050354
v -3.0781233310699463 8.438261985778809 4.12785530090332
v 7.65811014175415 13.624007225036621 3.3597302436828613
v -0.05002925172448158 8.99321174621582 3.8212080001831055
v 2.3298099040985107 8.132482528686523 4.385925769805908
v -0.1310177892446518 8.300475120544434 4.337373733520508
v 5.4731316566467285 8.719627380371094 3.7379231452941895
v 4.461031913757324 14.650029182434082 1.9625515937805176
v 5.391269683837891 8.913718223571777 0.14181266725063324
v -0.011242689564824104 10.2804594039917 1.6876084804534912
v -0.9695894718170166 7.68765926361084 3.6697349548339844
v 2.366328716278076 7.966000556945801 3.9044835567474365
v 5.692824363708496 15.4275484085083 1.3779257535934448
v 2.812479019165039 10.219107627868652 3.6145272254943848
v -2.777047634124756 11.226339340209961 1.9573581218719482
v 7.572065353393555 12.92369556427002 2.266165018081665
v 4.025973796844482 10.754243850708008 3.1182875633239746
v 5.324226379394531 8.086115837097168 1.1396143436431885
v 5.269586086273193 8.328174591064453 0.3523670434951782
v -0.3337039649486542 12.483382225036621 1.1394689083099365
v 1.9827760457992554 10.671600341796875 3.313765525817871
v -0.45593270659446716 9.824435234069824 0.8331777453422546
v 3.1004526615142822 7.417987823486328 4.5154266357421875
v 2.8798794746398926 10.606545448303223 1.8170536756515503
v 4.228265762329102 12.824599266052246 4.444093227386475
v -2.0905919075012207 12.787544250488281 1.7513242959976196
v 3.443427324295044 7.448685646057129 0.6734721064567566
v -2.1528077125549316 10.505143165588379 1.584166169166565
v 4.122969627380371 13.124771118164062 2.2176461219787598
v 0.4653575122356415 10.383210182189941 3.1484973430633545
v -2.8757810592651367 13.033917427062988 2.040036201477051
v 0.7511240243911743 8.236262321472168 0.4534774422645569
v 3.8044188022613525 8.340600967407227 4.42962121963501
v 2.938045024871826 8.287341117858887 3.9988975524902344
v 0.014824319630861282 7.564671039581299 3.7293529510498047
v 1.6554499864578247 10.4088773727417 3.1948771476745605
v -0.20375457406044006 8.747781753540039 1.2012031078338623
v -1.1875932216644287 7.879302978515625 -0.2741072177886963
v -0.12704072892665863 12.243423461914062 3.402869701385498
v -2.497016668319702 13.382861137390137 1.9434945583343506
v -3.3036022186279297 12.297225952148438 1.8387575149536133
v -0.2769230604171753 8.7356595993042 0.17572301626205444
v 4.041374683380127 14.712677001953125 1.9622710943222046
v 7.163478374481201 14.681806564331055 2.862504005432129
v 2.713634729385376 8.40461540222168 3.5661916732788086
v 5.289362907409668 15.037358283996582 2.131600856781006
v 0.4107035994529724 8.827034950256348 0.30127036571502686
v 1.9848217964172363 8.675692558288574 4.237034797668457
v 3.135817050933838 9.00661563873291 1.1580921411514282
v 3.2224366664886475 13.554859161376953 2.174408435821533
v -3.5956387519836426 9.013145446777344 4.481090545654297
v -2.699756383895874 11.705780029296875 2.3885297775268555
v 0.487095445394516 9.275141716003418 0.44090592861175537
v -0.19616176187992096 8.450358390808105 4.020497798919678
v -0.3977966010570526 9.797893524169922 0.6446802020072937
v 5.716854095458984 15.652580261230469 1.5565192699432373
v 1.6512084007263184 7.859844207763672 4.80871057510376
v 2.8246819972991943 10.166895866394043 2.75563645362854
v 2.486696481704712 9.613829612731934 0.5398836731910706
v 4.609172344207764 15.0337553024292 2.2920336723327637
v -0.9704083800315857 9.262280464172363 4.114897727966309
v 2.5916075706481934 8.183813095092773 3.780431032180786
v 4.865816116333008 8.480060577392578 5.127335071563721
v -1.81602942943573 12.474698066711426 1.276950478553772
v 1.8869109153747559 8.229707717895508 4.6861252784729
v -0.07916847616434097 8.208841323852539 4.718101978302002
v 4.024394989013672 7.651888370513916 1.2728807926177979
v 5.8145928382873535 14.174240112304688 3.570523262023926
v 4.079835414886475 13.09405517578125 0.778921902179718
v 4.508426189422607 8.01921558380127 0.21192291378974915
v -2.663733720779419 8.897963523864746 -0.5086823105812073
v -1.4414547681808472 10.996740341186523 0.9331700205802917
v 2.9731950759887695 12.50661849975586 3.3624117374420166
v 1.336777925491333 8.239614486694336 4.093090057373047
v 4.897525787353516 8.67330265045166 4.904646396636963
v -3.1382787227630615 8.951539039611816 -0.2525188624858856
v 3.4076900482177734 13.969853401184082 2.498945951461792
v 5.549084663391113 9.104290008544922 0.511472761631012
v -0.9964360594749451 9.188262939453125 3.5928244590759277
v 2.469407081604004 10.641480445861816 0.9857414364814758
v -1.3882802724838257 7.717885971069336 0.8238658308982849
v 4.982267379760742 7.864220142364502 4.288786888122559
v 4.0463666915893555 13.122086524963379 3.373569965362549
v -2.297736644744873 9.115941047668457 0.48440462350845337
v -2.119752883911133 13.470136642456055 2.0740904808044434
v 3.532679557800293 14.505043983459473 2.5399153232574463
v -0.16375309228897095 10.385605812072754 1.976367473602295
v -0.49078309535980225 10.682409286499023 3.390056848526001
v 4.202857971191406 12.694324493408203 3.0999038219451904
v 4.262754440307617 12.680984497070312 1.9352794885635376
v 3.949321985244751 7.775984287261963 4.844398021697998
v 5.507134914398193 12.554407119750977 2.905468463897705
v 1.955415964126587 10.184867858886719 1.0969703197479248
v 5.504147052764893 13.007575988769531 1.6575168371200562
v 4.291596412658691 13.1190767288208 1.423978567123413
v -1.4498188495635986 8.468038558959961 3.697111129760742
v -2.5263655185699463 7.881061553955078 0.6115313172340393
v 4.084879398345947 13.094446182250977 0.6820365190505981
v 2.663935899734497 8.620133399963379 3.410616636276245
v 4.011322021484375 12.715831756591797 3.492853879928589
v -2.7734291553497314 8.577371597290039 -0.5103341341018677
v 2.0132761001586914 8.571634292602539 4.282485008239746
v 1.5839570760726929 12.778424263000488 2.421067476272583
v 3.5318191051483154 7.459698677062988 0.688024640083313
v -3.2911510467529297 9.236603736877441 0.5398960709571838
v 2.4993550777435303 7.309369087219238 0.8308182954788208
v 3.550349712371826 11.341221809387207 3.4119677543640137
v 2.236013889312744 8.108756065368652 4.328488826751709
v 5.267927169799805 13.334610939025879 1.4866191148757935
v 4.387651443481445 12.822000503540039 2.8718433380126953
v 1.9611488580703735 9.390400886535645 1.0640708208084106
v 3.9188058376312256 12.910906791687012 2.3723227977752686
v -1.6367965936660767 12.890054702758789 1.8315948247909546
v -2.585545301437378 9.679377555847168 3.5821712017059326
v -1.160346508026123 7.561209678649902 0.6441894769668579
v -0.18920254707336426 8.275177001953125 0.4306100010871887
v 2.015167713165283 7.5427703857421875 -0.03636978566646576
v -0.13315048813819885 8.99207878112793 3.384136199951172
v 4.326416492462158 13.171149253845215 4.5245561599731445
v 0.07843191921710968 7.521672248840332 0.869746208190918
v -3.302942991256714 12.701231956481934 1.8902661800384521
v -3.4474399089813232 9.178318977355957 4.683342456817627
v 5.664123058319092 15.682514190673828 1.9457576274871826
v 2.8131892681121826 10.295742988586426 0.9593861103057861
v -0.6764522194862366 7.593846321105957 4.249162197113037
v 0.09036879986524582 8.552337646484375 1.140655755996704
v 1.8865972757339478 9.131644248962402 3.8436737060546875
v 1.9612431526184082 9.475369453430176 1.0886273384094238
v 4.703895092010498 15.054011344909668 2.3235669136047363
v 5.369912624359131 8.199660301208496 1.414293885231018
v 2.1150052547454834 10.893553733825684 1.765541911125183
v -3.412248134613037 9.911530494689941 4.254223346710205
v 0.4580835700035095 7.94326639175415 -0.13612137734889984
v 6.0537309646606445 12.894464492797852 3.083768844604492
v -1.3502800464630127 8.333191871643066 4.688685417175293
v 5.217361927032471 15.123074531555176 3.793503761291504
v -3.9769034385681152 9.627849578857422 3.9051802158355713
v -2.954824686050415 12.287957191467285 1.88397216796875
v 6.023143291473389 12.845303535461426 2.587327480316162
v 1.3813740015029907 8.148755073547363 3.8009111881256104
v 7.676924228668213 13.644769668579102 2.006582498550415
v 5.5740766525268555 15.224374771118164 2.315155267715454
v 1.2204383611679077 11.478322982788086 1.1664743423461914
v 4.8874382972717285 8.384464263916016 4.8297882080078125
v 4.164472579956055 13.126209259033203 1.5913143157958984
v 5.109611988067627 7.939011096954346 4.287206649780273
v 5.476759433746338 9.442218780517578 1.3905444145202637
v 2.436967372894287 7.920795440673828 1.1774598360061646
v -0.3191421329975128 10.187043190002441 1.753019094467163
v 5.4261651039123535 14.643461227416992 3.508500099182129
v 4.749256134033203 7.743583679199219 4.3270955085754395
v -3.01717472076416 9.05069351196289 1.0283653736114502
v 2.3058078289031982 10.626060485839844 2.021684169769287
v -3.2741546630859375 8.703516960144043 0.9125134348869324
v 0.5055572390556335 12.009197235107422 1.0583058595657349
v -3.1508424282073975 9.290131568908691 0.15121929347515106
v 0.04140327870845795 8.215163230895996 3.791586399078369
v -2.768111228942871 13.021864891052246 1.785488247871399
v -0.7323469519615173 8.347195625305176 4.137375831604004
v 1.6186325550079346 8.095726013183594 0.9364653825759888
v -1.2025288343429565 13.01029109954834 2.219666004180908
v 6.22031831741333 14.408923149108887 1.845742106437683
v -2.149502992630005 10.550459861755371 1.5049598217010498
v 4.5495924949646 14.60278606414795 2.512317657470703
v -1.8331841230392456 12.5712308883667 1.3923178911209106
v 3.923924207687378 12.925774574279785 5.32420539855957
v 1.220432162284851 7.536642551422119 4.7313103675842285
v 2.485905647277832 9.623488426208496 0.5423398613929749
v 0.8468172550201416 7.848018169403076 4.8007659912109375
v 3.072438955307007 12.095416069030762 3.554516553878784
v 4.43510627746582 12.821825981140137 2.044468879699707
v 3.9856812953948975 13.338451385498047 4.7348833084106445
v -1.5877834558486938 7.668611526489258 0.30206185579299927
v -1.3953746557235718 7.719996452331543 0.8233548998832703
v 1.7203967571258545 8.200722694396973 4.047727108001709
v 2.25199556350708 7.600654602050781 4.862490653991699
v 5.286964416503906 15.27485466003418 3.0764577388763428
v 6.811160564422607 13.076117515563965 3.332078695297241
v 4.058603763580322 13.198591232299805 4.488708019256592
v 2.7673890590667725 10.41982650756836 3.0165538787841797
v -2.4000403881073 11.030324935913086 1.3368667364120483
v 1.9840173721313477 9.266043663024902 0.7867854237556458
v 4.542247295379639 8.926728248596191 4.3324737548828125
v -2.851071357727051 8.121443748474121 3.875380516052246
v 4.216004848480225 12.691373825073242 2.844223976135254
v 2.0065953731536865 10.384115219116211 1.5139083862304688
v 3.499634027481079 13.589618682861328 1.8180989027023315
v 0.2659371495246887 11.096202850341797 1.7166519165039062
v 3.521759271621704 13.61330509185791 1.8215091228485107
v 4.796216011047363 9.028711318969727 3.642537832260132
v 2.982245683670044 10.202224731445312 1.3528966903686523
v 5.847176551818848 14.169159889221191 3.5725276470184326
v 3.089370012283325 10.817745208740234 1.4230648279190063
v -3.3673276901245117 9.831603050231934 3.6204304695129395
v -1.104012370109558 12.496472358703613 1.0513839721679688
v 1.8159403800964355 8.232650756835938 4.262542247772217
v 4.5635666847229 12.727343559265137 0.34788164496421814
v 0.5126768946647644 10.253670692443848 1.4902809858322144
v 7.551867961883545 14.360215187072754 2.412930965423584
v 5.2489824295043945 9.48581600189209 1.4022043943405151
v 5.647605895996094 8.7086763381958 1.6707602739334106
v -1.8686742782592773 12.367820739746094 1.7900259494781494
v -2.1939189434051514 10.38338851928711 1.9254307746887207
v 1.295176386833191 8.099608421325684 0.9170500636100769
v -0.9104936718940735 8.666951179504395 3.4395365715026855
v 7.676344871520996 13.639861106872559 2.005341053009033
v 5.377443313598633 15.030006408691406 1.818846344947815
v 2.680793523788452 9.268378257751465 3.183098554611206
v 1.6409673690795898 12.312108039855957 1.3736624717712402
v 2.178575038909912 9.822443962097168 4.071508407592773
v 3.051715612411499 8.420915603637695 0.5618985295295715
v 2.4764387607574463 10.150444030761719 1.896067500114441
v -2.877957820892334 9.40251350402832 0.5805062651634216
v 7.197540283203125 12.94558048248291 2.148897886276245
v -2.018990993499756 12.636530876159668 1.7646872997283936
v 4.0873703956604 13.094639778137207 0.6341776847839355
v 3.6948459148406982 14.013033866882324 2.5329043865203857
v 5.4977521896362305 14.840168952941895 3.6611502170562744
v 4.587239742279053 13.135069847106934 0.3420245051383972
v -0.41946932673454285 9.058486938476562 4.3400139808654785
v -1.9712517261505127 12.932385444641113 1.7869940996170044
v -0.16533294320106506 10.355311393737793 1.9603500366210938
v 7.358983039855957 13.081122398376465 3.2550272941589355
v 2.236649513244629 11.022810935974121 1.4533486366271973
v 0.38421109318733215 7.879715442657471 4.797940254211426
v 4.345827102661133 13.11673355102539 0.5837239623069763
v 1.6453884840011597 10.421944618225098 1.752083659172058
v 3.828917980194092 14.276406288146973 2.5662965774536133
v -0.21899452805519104 8.870393753051758 0.17004860937595367
v 4.446939468383789 8.709774017333984 4.734165668487549
v 0.24523189663887024 8.873159408569336 1.2401832342147827
v -3.18013858795166 9.149517059326172 4.198442459106445
v 4.320030689239502 13.083066940307617 2.8732264041900635
v 3.3460986614227295 7.912978172302246 0.06706898659467697
v 2.2385895252227783 10.210484504699707 2.7508368492126465
v 3.300045967102051 13.63058853149414 2.4864490032196045
v 6.096633434295654 14.608929634094238 1.779146671295166
v 4.100308418273926 13.090309143066406 5.328710079193115
v 2.2393174171447754 10.098731994628906 2.748981475830078
v 2.9383225440979004 9.233379364013672 3.552561044692993
v 0.20395442843437195 10.917559623718262 1.3117066621780396
v -0.2288520336151123 8.023338317871094 1.0450764894485474
v 4.442577838897705 12.151647567749023 3.3672256469726562
v 1.608860969543457 8.21955680847168 0.08734872937202454
v -2.526885509490967 10.598865509033203 2.1175456047058105
v 1.5624629259109497 11.037412643432617 3.799215316772461
v 4.323148250579834 13.117772102355957 0.935060977935791
v 4.105499267578125 8.360601425170898 4.207156181335449
v -3.0669400691986084 8.562164306640625 4.392086505889893
v 0.8763302564620972 12.720292091369629 1.971985101699829
v 3.9095730781555176 12.903051376342773 0.17654970288276672
v 5.057575225830078 8.57126522064209 1.5367131233215332
v 5.661207675933838 12.693841934204102 2.607174873352051
v 1.5336198806762695 7.7076826095581055 3.6284310817718506
v 0.8766812086105347 10.78560733795166 1.3691548109054565
v 4.169604301452637 12.701786994934082 3.7465615272521973
v 1.6011930704116821 7.915075778961182 1.0925754308700562
v -3.4308345317840576 8.339821815490723 0.7485600113868713
v 4.351291179656982 12.964579582214355 3.1614155769348145
v 3.5481653213500977 11.973825454711914 3.55666184425354
v -3.538684606552124 9.1198091506958 3.3053300380706787
v 0.43453076481819153 7.732450008392334 3.5878467559814453
v 6.213013172149658 14.24516487121582 1.5140807628631592
v 4.70188045501709 7.866934776306152 0.6678090691566467
v -2.224332094192505 10.541177749633789 2.631596326828003
v -0.051712632179260254 9.824481964111328 0.45996248722076416
v 5.701229572296143 8.559938430786133 0.900175929069519
v 4.268732070922852 8.622029304504395 4.164564609527588
v 6.269759178161621 14.306169509887695 1.5390348434448242
v 4.61331844329834 13.232616424560547 0.12866553664207458
v -2.0640063285827637 11.294624328613281 1.080135464668274
v 3.9747226238250732 13.085902214050293 2.7975852489471436
v 0.5491982698440552 7.480267524719238 0.12102614343166351
v -1.158038854598999 12.493743896484375 1.049328327178955
v -0.2450268566608429 7.7427849769592285 -0.24038009345531464
v -2.773679494857788 9.369049072265625 0.23640955984592438
v 2.9384963512420654 8.3236722946167 0.5105249285697937
v 0.09095270186662674 10.74669361114502 2.9017248153686523
v -0.30430489778518677 8.266098022460938 -0.140287384390831
v 1.1543973684310913 7.494117736816406 3.7424721717834473
v -2.5572409629821777 11.751181602478027 2.594512462615967
v 5.49367094039917 15.64651107788086 1.5107868909835815
v -2.6873977184295654 9.618632316589355 4.327862739562988
v -2.886608600616455 9.817307472229004 3.3705852031707764
v 3.955317258834839 13.013121604919434 1.9316058158874512
v -2.2771639823913574 12.583966255187988 2.09112811088562
v 4.2943806648254395 12.961478233337402 4.083976745605469
v -2.7464072704315186 8.414352416992188 -0.2749965190887451
v -0.9414803981781006 9.586381912231445 3.8464484214782715
v -2.1726913452148438 8.944197654724121 -0.1268477886915207
v -3.4857177734375 9.834832191467285 4.396589279174805
v -0.5314901471138 9.582779884338379 0.9881365895271301
v 1.0789165496826172 8.258505821228027 0.06002798676490784
v 0.5394815802574158 8.232759475708008 0.6365935802459717
v 3.845644950866699 12.904851913452148 3.8709795475006104
v 2.3622641563415527 8.218476295471191 0.894133985042572
v 5.606863021850586 12.668805122375488 3.124666929244995
v -2.5247795581817627 8.715160369873047 -0.046951986849308014
v 4.422089576721191 12.8218994140625 2.271364688873291
v 3.8102495670318604 13.580231666564941 3.1301944255828857
v -2.3502044677734375 8.792860984802246 4.579882621765137
v 5.625970363616943 12.744836807250977 2.2808210849761963
v 4.465184211730957 12.970787048339844 1.3151624202728271
v -2.698212146759033 8.82570743560791 -0.5533249974250793
v -3.200721502304077 12.350339889526367 2.110034704208374
v 4.086785316467285 12.726081848144531 2.7058472633361816
v 5.461911201477051 15.272317886352539 3.492485284805298
v 2.281031370162964 10.73535442352295 3.477879524230957
v -3.2150821685791016 8.994771003723145 4.280405044555664
v 4.0060038566589355 13.08832836151123 2.1968445777893066
v 1.5461944341659546 8.210886001586914 4.206516265869141
v 5.073437213897705 9.474117279052734 0.7186701893806458
v 6.758418560028076 13.491387367248535 1.8102161884307861
v 5.96829891204834 14.43358039855957 1.6465142965316772
v 2.9959330558776855 12.917305946350098 1.5889434814453125
v 2.393352746963501 10.737619400024414 1.4640048742294312
v -0.11646784842014313 8.347183227539062 0.4137844741344452
v 4.7223968505859375 12.706413269042969 0.08188654482364655
v 5.201150417327881 9.139284133911133 0.27969807386398315
v 0.4565616846084595 10.382970809936523 3.1485915184020996
v 6.024035930633545 15.054986953735352 3.342967987060547
v 2.8966758251190186 8.873893737792969 3.588437795639038
v 5.0447282791137695 12.333541870117188 1.8103854656219482
v 3.084441900253296 10.539776802062988 1.7047761678695679
v 2.7864270210266113 8.162429809570312 4.808473587036133
v 0.1897777020931244 7.504858016967773 4.253917217254639
v -1.2145123481750488 12.370365142822266 3.326650619506836
v -3.0939366817474365 9.797505378723145 4.388766765594482
v 2.964630126953125 8.850173950195312 0.5263239741325378
v 4.972019195556641 9.054624557495117 4.379509925842285
v 4.46223783493042 13.203764915466309 5.0220046043396
v -1.6278077363967896 12.694161415100098 2.208953857421875
v 7.249547004699707 14.341300964355469 2.0986547470092773
v -3.3216588497161865 8.382647514343262 0.0881950780749321
v 4.366091728210449 10.881658554077148 2.887227773666382
v 1.1316882371902466 8.143388748168945 3.8092308044433594
v 4.323305606842041 13.117765426635742 0.9326161742210388
v 6.442727088928223 15.081357955932617 2.4635236263275146
v 5.5030837059021 15.548951148986816 3.6065378189086914
v -3.727226734161377 9.220117568969727 4.463089942932129
v 2.4422080516815186 8.317537307739258 3.520862579345703
v 5.4802775382995605 8.748523712158203 0.24128472805023193
v -0.27726057171821594 10.475287437438965 1.3476327657699585
v 4.013328552246094 13.088896751403809 2.0561137199401855
v 2.4993736743927 8.164155960083008 0.6072353720664978
v -2.766549825668335 8.028005599975586 -0.004918242804706097
v 2.248424768447876 10.735137939453125 1.4627821445465088
v 3.5347416400909424 14.50180721282959 2.539436101913452
v 1.8543858528137207 9.070384979248047 3.5793511867523193
v 6.14665412902832 14.519549369812012 3.529261827468872
v 2.4393973350524902 9.00865650177002 0.3832372725009918
v 5.49652624130249 8.29501724243164 4.06448221206665
v 1.991374135017395 10.620898246765137 1.4538233280181885
v -0.125736266374588 7.57459020614624 4.532389163970947
v 1.9709738492965698 8.203824043273926 3.875534772872925
v 5.281486511230469 14.913931846618652 3.486459970474243
v -3.250751256942749 9.249711036682129 0.7225706577301025
v 6.590944290161133 13.482072830200195 1.7968127727508545
v 2.99684739112854 7.721683025360107 3.66257905960083
v -3.9010069370269775 9.255640029907227 3.9064276218414307
v 2.158602237701416 7.66636848449707 -0.06905539333820343
v 4.563419818878174 8.997024536132812 4.0985918045043945
v -3.0339932441711426 8.194866180419922 0.8885796666145325
v 3.3307225704193115 7.762603282928467 3.641380548477173
v 4.429421424865723 15.141366004943848 2.3100016117095947
v 4.542294979095459 12.583232879638672 -0.283307820558548
v -0.8897216320037842 8.429428100585938 0.6426039338111877
v -1.8062593936920166 13.263838768005371 1.938138484954834
v -1.7275723218917847 11.874869346618652 3.3648300170898438
v 7.390763282775879 13.136606216430664 3.3024001121520996
v 5.235973358154297 8.991231918334961 4.222545623779297
v -3.712867021560669 9.15866470336914 4.278792858123779
v 5.17410135269165 14.729997634887695 3.618762493133545
v 4.459258556365967 15.136065483093262 2.4898011684417725
v 3.8438425064086914 12.573025703430176 4.9400153160095215
v 3.7935142517089844 12.50677490234375 3.4993555545806885
v 5.944376468658447 15.25423526763916 3.0556318759918213
v -0.6292316913604736 11.304917335510254 0.9844711422920227
v -0.24286207556724548 8.549165725708008 4.201683521270752
v 3.079331874847412 8.313669204711914 4.256713390350342
v -1.9597450494766235 10.321327209472656 2.3636891841888428
v -2.7590534687042236 8.990538597106934 -0.41338661313056946
v -3.481464147567749 9.736530303955078 3.3897225856781006
v -1.436429500579834 12.446501731872559 1.0671426057815552
v 3.853506088256836 7.851548194885254 1.2972297668457031
v 3.404597759246826 14.202281951904297 1.9728599786758423
v 1.8417309522628784 7.47259521484375 3.7684175968170166
v 5.01619815826416 12.308317184448242 1.798644781112671
v 2.083566665649414 8.697502136230469 3.399991512298584
v 3.2557170391082764 14.222332954406738 2.493119239807129
v 4.124383926391602 14.922484397888184 1.9460082054138184
v 7.569056510925293 14.305891990661621 2.9914844036102295
v 4.726181507110596 12.765861511230469 -0.23887167870998383
v 4.090503215789795 13.123637199401855 2.707491397857666
v -0.5747926235198975 10.727251052856445 2.839995861053467
v -0.4444229006767273 10.379379272460938 1.4173904657363892
v 0.5550621151924133 11.04786491394043 3.7141425609588623
v -0.6054909825325012 8.608098983764648 4.3853936195373535
v -0.3452676236629486 9.989123344421387 1.6260652542114258
v 4.9990057945251465 9.429952621459961 1.6139073371887207
v 2.6940720081329346 8.209755897521973 0.4787493348121643
v -2.767302989959717 11.222445487976074 2.1091785430908203
v -0.7700283527374268 9.661798477172852 3.101686716079712
v 2.5293638706207275 11.077838897705078 1.3529132604599
v 4.785837173461914 8.515396118164062 5.096450328826904
v 4.3837432861328125 13.189374923706055 5.228419780731201
v 0.400519460439682 8.539299964904785 0.8732677102088928
v -0.42575404047966003 10.693289756774902 3.4176690578460693
v 2.487192392349243 8.039851188659668 4.295249938964844
v -2.69913387298584 10.883672714233398 2.0740864276885986
v 3.3384954929351807 12.901912689208984 1.34261155128479
v -0.9655606746673584 7.660856246948242 4.481712818145752
v 0.0680883526802063 8.017130851745605 3.627654552459717
v -2.683600902557373 10.954560279846191 2.3704659938812256
v 3.03075909614563 8.239575386047363 0.7393071055412292
v -2.588752031326294 12.509618759155273 1.7346442937850952
v 3.1239755153656006 7.926158428192139 0.04368751123547554
v -0.46696576476097107 8.093585014343262 3.5848588943481445
v 4.462282657623291 8.848379135131836 3.632397174835205
v 2.430804491043091 12.633283615112305 1.575856328010559
v 6.902498722076416 14.079694747924805 1.8553075790405273
v -0.6028116345405579 8.43509578704834 0.20339472591876984
v 4.346240043640137 13.08568286895752 2.4798977375030518
v 1.287937045097351 10.427759170532227 3.2230265140533447
v -0.12397317588329315 7.5510334968566895 4.257979393005371
v 4.442806720733643 11.368289947509766 1.676897406578064
v 3.405559539794922 7.916759490966797 0.069949671626091
v -1.4726382493972778 8.555398941040039 0.3801112174987793
v 2.568438768386841 8.38523006439209 1.2597140073776245
v 0.042424071580171585 10.340489387512207 3.7595410346984863
v 5.225050926208496 15.119332313537598 1.7652111053466797
v 2.70990252494812 8.075691223144531 4.107344150543213
v 5.336836338043213 9.188785552978516 0.39274534583091736
v 5.329041481018066 15.116361618041992 2.0145716667175293
v -0.45620808005332947 9.968544006347656 1.4407750368118286
v 2.023555040359497 8.124274253845215 3.930227041244507
v -2.7119548320770264 8.69953441619873 4.629147052764893
v -1.4868744611740112 12.687788009643555 2.939471483230591
v -3.4090576171875 8.847163200378418 4.511476039886475
v -2.3733842372894287 11.525177001953125 2.8421502113342285
v 4.519263744354248 12.95360279083252 -0.4619561433792114
v 3.6125612258911133 12.355259895324707 3.4971470832824707
v -2.7833058834075928 12.885409355163574 1.7131108045578003
v 2.8453845977783203 7.934938430786133 1.2424521446228027
v 2.149710178375244 8.1107177734375 4.782987594604492
v 6.77841329574585 13.608379364013672 1.794301152229309
v 5.126506805419922 14.705121994018555 3.407364845275879
v 0.9283239841461182 12.64410400390625 2.8210065364837646
v 2.5386440753936768 8.033987998962402 3.8031485080718994
v 2.809169292449951 7.494740009307861 0.2677316963672638
v 4.205162525177002 11.078561782836914 1.6194700002670288
v 5.24517297744751 15.122159957885742 1.9864625930786133
v 0.5821820497512817 7.3670430183410645 0.6762481927871704
v 2.8235058784484863 9.779335021972656 0.7630146741867065
v 4.614410877227783 8.278144836425781 4.785013675689697
v -2.542623519897461 13.300167083740234 1.791911244392395
v -0.23033301532268524 10.188151359558105 2.5953798294067383
v 2.1225991249084473 8.751996040344238 0.9781854152679443
v 5.632228851318359 15.447023391723633 2.0526821613311768
v 5.544344425201416 13.036063194274902 1.6669689416885376
v 2.8282225131988525 7.423548698425293 4.717886924743652
v -0.9122350215911865 8.070883750915527 -0.2092173993587494
v -3.1354260444641113 8.265767097473145 0.8902169466018677
v 0.37749722599983215 9.320847511291504 0.3240715563297272
v 5.0351128578186035 14.847073554992676 1.778119683265686
v 3.4502828121185303 14.239013671875 2.4927444458007812
v -2.12576961517334 7.778398513793945 0.6212945580482483
v -0.9874668717384338 9.144896507263184 3.509894609451294
v 4.900763511657715 8.463598251342773 0.2998608350753784
v -3.8616342544555664 9.393365859985352 4.4501519203186035
v -0.5372830629348755 8.11080551147461 3.5784659385681152
v 4.604160308837891 8.385009765625 4.923280715942383
v 2.461052417755127 9.303723335266113 0.45825788378715515
v 0.6279832124710083 11.538657188415527 1.0835715532302856
v -0.8439898490905762 8.646458625793457 3.3791086673736572
v -2.0907695293426514 12.282505989074707 1.3200634717941284
v 5.299890995025635 14.865217208862305 3.4233756065368652
v 3.592244863510132 14.500645637512207 2.5585007667541504
v 3.800793170928955 13.84627914428711 2.5335006713867188
v 5.396665573120117 15.112115859985352 3.7402753829956055
v 7.51621675491333 13.004233360290527 3.1607062816619873
v -3.4978766441345215 8.649518966674805 0.22978214919567108
v -1.5481764078140259 12.401677131652832 1.0949581861495972
v -2.35823655128479 11.401358604431152 1.2107774019241333
v 5.564774513244629 15.431974411010742 3.839966297149658
v -2.3600754737854004 8.194709777832031 4.529012680053711
v -0.07587263733148575 12.071024894714355 0.9692865610122681
v 1.4358311891555786 7.553032398223877 -0.014624071307480335
v 4.51452112197876 8.262859344482422 0.24661801755428314
v 3.0026822090148926 12.073238372802734 3.563819646835327
v 4.052874565124512 7.787273406982422 4.839251518249512
v 1.9095708131790161 9.046439170837402 3.973991632461548
v 5.127170562744141 14.854626655578613 2.0478878021240234
v 6.101537227630615 8.96418285369873 1.3713263273239136
v 5.288265705108643 8.051892280578613 3.63983154296875
v 4.047735214233398 13.091565132141113 1.3953838348388672
v -3.2118349075317383 9.006218910217285 -0.2631647288799286
v -2.4876604080200195 8.836468696594238 -0.33480513095855713
v 2.4792091846466064 8.907917976379395 3.1989002227783203
v 6.141519069671631 14.302672386169434 3.364718198776245
v -2.482321262359619 12.099563598632812 2.422783851623535
v 6.233081340789795 15.158636093139648 3.111607789993286
v 5.107494831085205 12.408862113952637 3.2826364040374756
v 2.032562017440796 8.167510032653809 3.8007495403289795
v 2.344776153564453 10.088008880615234 3.9722535610198975
v 2.323573350906372 8.79885482788086 0.44237759709358215
v 3.7035071849823 14.230133056640625 2.535111665725708
v -2.548311710357666 12.537025451660156 2.0896010398864746
v -0.491908460855484 7.840899467468262 3.5672733783721924
v 4.641613960266113 14.877676010131836 2.0376083850860596
v 3.1352643966674805 9.415133476257324 1.0229994058609009
v 4.301511287689209 8.554269790649414 0.6660122871398926
v -0.714931845664978 9.875142097473145 4.097898960113525
v 3.9875707626342773 13.01218318939209 1.2993918657302856
v -0.16345855593681335 8.613258361816406 3.5552899837493896
v -2.781022310256958 11.698436737060547 2.1251606941223145
v 3.772271156311035 13.742194175720215 2.9847042560577393
v 0.4088825285434723 7.698756694793701 -0.19513075053691864
v 3.4357070922851562 11.914362907409668 3.573801040649414
v -3.039565086364746 12.384674072265625 2.1282427310943604
v 0.02818937599658966 9.659441947937012 1.6916301250457764
v 2.3134865760803223 12.615988731384277 1.5874521732330322
v 0.46831014752388 12.0108060836792 1.049904465675354
v 4.502790451049805 13.923611640930176 3.4487826824188232
v 4.864673137664795 15.154664993286133 2.2832255363464355
v -0.8090084791183472 8.312952995300293 4.184207916259766
v 3.8961877822875977 12.909066200256348 2.8356175422668457
v 0.46631255745887756 8.293108940124512 0.27816739678382874
v -3.332669258117676 8.996267318725586 4.301123142242432
v -1.9037106037139893 8.055331230163574 -0.2752879559993744
v 2.477471113204956 8.653386116027832 3.3186593055725098
v -1.5092517137527466 12.367120742797852 3.2885634899139404
v 0.9169290661811829 7.848254203796387 4.8105387687683105
v 2.9303133487701416 8.602221488952637 4.045975208282471
v -2.465254068374634 8.726399421691895 -0.1387970745563507
v 0.26257970929145813 9.039495468139648 0.1791234165430069
v -1.0171066522598267 7.921798229217529 3.553992748260498
v -2.7097604274749756 8.836702346801758 -0.5500519275665283
v 5.195679664611816 15.32901382446289 2.110905885696411
v 0.9025194048881531 8.211933135986328 4.0674638748168945
v -3.4548280239105225 9.292314529418945 4.659717082977295
v 4.307097911834717 12.727535247802734 3.643585681915283
v -2.3934338092803955 9.422911643981934 3.6010446548461914
v 1.350608229637146 10.717947959899902 1.4923064708709717
v 5.5944623947143555 15.179632186889648 3.98087739944458
v -1.9294095039367676 7.777846336364746 0.3018123507499695
v 2.6391117572784424 10.976176261901855 1.247310757637024
v -0.389845073223114 10.6611328125 1.869802713394165
v 1.2452377080917358 7.8778767585754395 4.851068496704102
v 3.5913450717926025 12.93733024597168 3.4012060165405273
v 2.1142971515655518 9.304039001464844 0.6102573871612549
v 7.657010555267334 13.35793399810791 3.3278329372406006
v 2.3904612064361572 8.049227714538574 4.336135387420654
v -2.1155688762664795 7.927463531494141 4.2934746742248535
v 7.226287364959717 12.845621109008789 2.5273356437683105
v 4.037593841552734 12.75613784790039 0.3066404163837433
v -2.7658567428588867 8.57787799835205 -0.5129942893981934
v -2.1485097408294678 8.840960502624512 0.20087793469429016
v 7.15224027633667 13.020362854003906 3.236661434173584
v 6.182902812957764 9.183877944946289 0.8748252987861633
v -2.736856460571289 13.212743759155273 2.0594866275787354
v 3.0732836723327637 10.538406372070312 1.7060548067092896
v 2.958531379699707 8.228352546691895 3.7750847339630127
v 2.968562126159668 9.166251182556152 0.5910253524780273
v 2.1423139572143555 10.644307136535645 3.5186500549316406
v 6.959168434143066 12.985918998718262 3.138204336166382
v 3.631897449493408 8.365480422973633 0.5788664221763611
v 4.163923740386963 13.509736061096191 3.394829511642456
v -0.29182344675064087 7.746375560760498 -0.2432892620563507
v -0.5292093753814697 11.07204818725586 3.5602376461029053
v 2.8390588760375977 8.598278999328613 3.5950419902801514
v 1.948475956916809 7.411504745483398 4.521613597869873
v 5.174044132232666 14.735713005065918 3.623460531234741
v 4.103147983551025 12.798381805419922 3.4844400882720947
v -0.005825025029480457 11.144975662231445 3.2607598304748535
v -0.8362878561019897 8.412399291992188 4.251075267791748
v 5.53294038772583 9.35777473449707 1.6217553615570068
v 2.069347858428955 8.266613960266113 4.307978630065918
v 5.360721111297607 9.136175155639648 0.4758872985839844
v 5.531455039978027 8.389372825622559 0.8670647740364075
v -1.5032143592834473 12.65491771697998 2.206880807876587
v -0.08474040031433105 9.190295219421387 0.20893403887748718
v 4.76389741897583 9.038639068603516 0.4307616651058197
v 2.0151712894439697 10.24061107635498 2.733278274536133
v 5.571575164794922 15.107919692993164 4.041929244995117
v -2.868013620376587 8.374513626098633 0.9774731397628784
v 0.38383370637893677 10.10842514038086 0.7397279739379883
v -1.7869491577148438 12.33170223236084 3.203279495239258
v 1.9781312942504883 8.665464401245117 4.213563442230225
v 2.6735475063323975 8.560131072998047 0.32803982496261597
v -2.684227228164673 8.800132751464844 -0.5588565468788147
v 4.110267639160156 14.82414436340332 2.489720344543457
v 7.607730865478516 13.348457336425781 1.994895577430725
v -2.5426454544067383 8.935091972351074 -0.3334323465824127
v 7.373189449310303 14.420494079589844 3.129686117172241
v 1.4669265747070312 7.344884395599365 3.961743116378784
v 2.3167736530303955 9.090322494506836 4.390046119689941
v -1.426507830619812 11.611554145812988 0.766837477684021
v -2.7310879230499268 9.301222801208496 3.311426877975464
v -0.6627051830291748 8.152274131774902 3.829411506652832
v 2.3224687576293945 9.228354454040527 0.5066519379615784
v 3.805675745010376 11.239047050476074 3.3249704837799072
v 2.7783589363098145 8.07466983795166 0.7506673336029053
v -0.04936615005135536 8.294434547424316 0.8513646721839905
v 3.4781301021575928 10.953506469726562 3.3973681926727295
v 3.005959987640381 12.074280738830566 3.563382863998413
v 7.928247928619385 13.829031944274902 3.0417590141296387
v -3.4360265731811523 8.86839771270752 4.506300926208496
v 2.104215383529663 9.58448314666748 0.7408755421638489
v 5.5115485191345215 15.302943229675293 3.8207390308380127
v 4.325403690338135 14.69882583618164 2.616790771484375
v 3.39733624458313 13.711936950683594 2.4915921688079834
v 6.411659240722656 15.060731887817383 3.1014320850372314
v 5.556422710418701 8.730400085449219 0.45470789074897766
v 1.8517944812774658 9.633091926574707 3.5990662574768066
v 1.8519409894943237 9.62647819519043 3.602154493331909
v -2.8434524536132812 9.76577091217041 4.283864974975586
v -0.25035393238067627 8.023967742919922 1.0446038246154785
v 2.189542770385742 7.567802906036377 -0.021421775221824646
v -0.42410069704055786 8.242634773254395 0.8682605624198914
v -1.9396371841430664 8.577478408813477 4.643162727355957
v 4.002936363220215 10.92131233215332 1.5509556531906128
v 2.5810134410858154 8.461723327636719 3.422912836074829
v 5.274590492248535 8.269058227539062 4.779326915740967
v -1.6044371128082275 8.602429389953613 4.267287731170654
v 3.289945602416992 12.683855056762695 3.3899338245391846
v 0.373089998960495 10.163162231445312 1.6809929609298706
v 5.089292526245117 8.995016098022461 0.41818341612815857
v 4.758800506591797 8.202177047729492 5.027703285217285
v -0.9820512533187866 7.691208839416504 3.6680359840393066
v 1.8663667440414429 10.112305641174316 3.355450391769409
v 4.5193681716918945 14.950520515441895 2.0000972747802734
v 4.883889198303223 8.096907615661621 3.57352876663208
v 4.713558197021484 7.725096225738525 4.33832311630249
v 0.2457837015390396 8.34887409210205 0.8901144862174988
v 4.348665714263916 8.712259292602539 4.380875587463379
v -2.863323211669922 8.996374130249023 -0.2930773198604584
v 0.2636476159095764 7.531691551208496 4.488077640533447
v -2.5221402645111084 13.22819995880127 1.7283942699432373
v 4.2010722160339355 12.694725036621094 3.1346347332000732
v 3.8358895778656006 14.95051097869873 1.9577431678771973
v 1.5519697666168213 10.649930953979492 3.5550053119659424
v 4.358526706695557 13.11620807647705 0.38697776198387146
v 3.7813422679901123 13.962775230407715 2.05046010017395
v 2.93162202835083 8.299541473388672 4.709890365600586
v 3.991319417953491 14.083107948303223 2.0440971851348877
v 4.713981628417969 13.100557327270508 -0.21616728603839874
v 0.5260947942733765 12.008310317993164 1.0629377365112305
v -2.1879215240478516 12.604965209960938 1.7793221473693848
v -3.061845064163208 12.85297679901123 2.031890630722046
v 2.614875555038452 8.09729290008545 0.8712059259414673
v 4.632967472076416 12.89980697631836 0.3584892153739929
v 4.837575435638428 8.66537857055664 4.796146392822266
v 2.2948741912841797 8.608138084411621 0.48148664832115173
v 3.2194933891296387 13.107662200927734 2.850922107696533
v -0.9022103548049927 7.578375339508057 0.06115075573325157
v 3.4792864322662354 10.164183616638184 2.4194812774658203
v -3.196427822113037 8.994447708129883 -0.26279616355895996
v -2.4089605808258057 12.924625396728516 1.7350527048110962
v -2.944058656692505 8.371109008789062 4.144591808319092
v 1.1735894680023193 7.409569263458252 4.23564338684082
v -3.7330880165100098 9.078840255737305 4.018643856048584
v -2.73006534576416 8.994120597839355 -0.41397157311439514
v 1.9282293319702148 7.479860782623291 3.7594923973083496
v -2.7787811756134033 13.122783660888672 1.8915002346038818
v 7.43044900894165 12.843269348144531 2.6642980575561523
v -0.5955506563186646 8.009248733520508 -0.1858343780040741
v 2.97400164604187 12.065077781677246 3.5678179264068604
v -0.21347437798976898 10.553464889526367 3.8701212406158447
v 0.9394150376319885 8.248641014099121 4.435427188873291
v -1.093933343887329 7.559536457061768 0.30623456835746765
v 1.7031499147415161 7.435856342315674 0.43604472279548645
v -3.1877427101135254 9.12420654296875 4.205171585083008
v -0.33959630131721497 10.183408737182617 2.5638275146484375
v 0.1349400281906128 8.34524154663086 0.9370937943458557
v -3.1407241821289062 12.513421058654785 2.120556354522705
v 2.4719643592834473 9.170522689819336 0.416793555021286
v 1.125569224357605 8.161531448364258 -0.07018592953681946
v 0.7506027221679688 8.006990432739258 3.617687940597534
v -2.5974977016448975 8.555305480957031 1.0300461053848267
v 5.354053020477295 9.190176963806152 0.3017900884151459
v 3.7940566539764404 10.572811126708984 1.8238064050674438
v -2.6165010929107666 8.703104019165039 0.009092832915484905
v 7.176077842712402 14.4631986618042 3.3859944343566895
v 7.294931888580322 14.506731033325195 2.3780806064605713
v -0.5488208532333374 7.524167060852051 0.06907330453395844
v -0.7637513875961304 7.639732360839844 3.6876444816589355
v -0.8636381030082703 8.3485689163208 3.7355947494506836
v 1.3472306728363037 8.128206253051758 4.799642562866211
v -0.614362359046936 10.208721160888672 1.5740348100662231
v 5.600522994995117 15.607892036437988 1.4751880168914795
v 5.060335636138916 15.228999137878418 2.2752652168273926
v 3.553670883178711 11.34411334991455 3.411052703857422
v 2.7883102893829346 8.255078315734863 0.22198539972305298
v 4.023078918457031 13.089653015136719 1.8688983917236328
v 4.417591094970703 13.092805862426758 1.4092168807983398
v 2.969999074935913 9.069037437438965 3.606862783432007
v 4.175150394439697 12.983589172363281 4.423285961151123
v 3.803781032562256 14.440028190612793 1.9756096601486206
v 1.2673213481903076 7.751871585845947 3.6613056659698486
v 5.385800361633301 15.394302368164062 3.2045726776123047
v 7.068190574645996 12.864717483520508 2.916112184524536
v 1.5548338890075684 7.431973934173584 0.9838375449180603
v 3.9937989711761475 12.793730735778809 1.6596065759658813
v 4.129673480987549 12.710646629333496 4.522974014282227
v 4.649046421051025 8.507453918457031 4.647779941558838
v 0.2016778290271759 10.269583702087402 1.9115879535675049
v 2.3497061729431152 7.942703723907471 4.042167663574219
v 2.7195587158203125 8.991178512573242 3.271538257598877
v 4.5254693031311035 14.979715347290039 2.2954418659210205
v 4.899518966674805 7.731661319732666 4.521969795227051
v 4.014962196350098 13.171049118041992 -0.19244986772537231
v -0.20388604700565338 10.902472496032715 3.615028142929077
v -0.3305230438709259 10.812844276428223 1.4260879755020142
v 5.174733638763428 9.145071983337402 0.3522319197654724
v 2.905935525894165 10.180957794189453 2.079597234725952
v -2.099931240081787 11.335254669189453 3.082242965698242
v 4.3339056968688965 8.647090911865234 3.6321840286254883
v -2.3921875953674316 12.694062232971191 1.754389762878418
v -0.8638513684272766 9.572226524353027 4.049563407897949
v 7.17800235748291 13.759039878845215 3.5191760063171387
v 0.47715461254119873 8.531537055969238 0.558946430683136
v 2.977033853530884 8.177870750427246 0.7424942255020142
v 1.3808640241622925 11.131463050842285 1.257976770401001
v 3.899371385574341 14.196983337402344 2.5678744316101074
v -0.6953674554824829 12.643691062927246 3.099125385284424
v -0.21932478249073029 11.069880485534668 1.0884368419647217
v 5.59622859954834 15.577138900756836 1.4508416652679443
v 4.626657485961914 8.501800537109375 4.924194812774658
v 4.702195167541504 8.087181091308594 0.2583059072494507
v -2.5194742679595947 8.903385162353516 -0.33067017793655396
v 4.01053524017334 12.91847038269043 0.4933919608592987
v -0.043518323451280594 7.970916271209717 4.777809143066406
v 6.367996692657471 13.708582878112793 3.6385581493377686
v 4.213830947875977 12.502984046936035 0.19799983501434326
v -2.2259621620178223 10.411284446716309 2.3046228885650635
v -1.932939887046814 8.638142585754395 4.389977931976318
v -0.05242180451750755 12.755760192871094 2.755936622619629
v 3.940201997756958 13.313213348388672 4.726883411407471
v 5.510621547698975 15.51662540435791 3.4834327697753906
v 3.4289114475250244 11.090143203735352 1.203331708908081
v 5.269276142120361 9.059693336486816 0.46195024251937866
v 2.2274892330169678 10.941500663757324 1.3161299228668213
v 5.295027256011963 8.646751403808594 0.4948108196258545
v 2.0650267601013184 8.998291969299316 1.0027978420257568
v 4.498922348022461 8.897326469421387 1.5310310125350952
v 2.457933187484741 8.535709381103516 3.3623950481414795
v 2.144967555999756 10.222089767456055 2.738431930541992
v -1.8576345443725586 12.47982120513916 1.7661408185958862
v -0.005728225689381361 10.78837776184082 1.1103347539901733
v 2.6715400218963623 10.056307792663574 1.8398932218551636
v 1.9831550121307373 8.420475959777832 3.715024709701538
v 5.320555210113525 14.831247329711914 3.493417978286743
v -1.0322234630584717 9.10010814666748 4.042757511138916
v 4.302439212799072 12.726532936096191 5.264713764190674
v -0.23803555965423584 8.288158416748047 0.7046467065811157
v 2.50763201713562 7.675408363342285 1.1884245872497559
v 5.463602066040039 12.68806266784668 3.279370069503784
v 3.805940628051758 7.511361122131348 3.9093596935272217
v 2.1016221046447754 9.744598388671875 0.7931420803070068
v 5.299619674682617 14.944561004638672 3.3145461082458496
v -0.8036280870437622 7.56675910949707 0.059583328664302826
v 3.8655319213867188 13.27588939666748 5.107537269592285
v 6.7749834060668945 14.715508460998535 3.300647258758545
v 3.0284080505371094 8.169623374938965 0.09710994362831116
v 6.664676189422607 13.870588302612305 1.7907174825668335
v 4.194631576538086 13.123289108276367 2.9262735843658447
v 4.307419776916504 13.118422508239746 1.1788253784179688
v -1.4034348726272583 10.304403305053711 2.8415870666503906
v 1.8580223321914673 8.1205415725708 4.806596279144287
v 5.603072166442871 15.073512077331543 3.9646244049072266
v -0.141383096575737 8.278984069824219 3.9785728454589844
v 3.399677038192749 7.445272922515869 0.6661862134933472
v 3.165971040725708 13.92099380493164 2.486891984939575
v 0.12297675758600235 8.285938262939453 0.26774877309799194
v -1.1458090543746948 8.513653755187988 -0.0679326206445694
v 2.7030997276306152 8.161968231201172 0.07027112692594528
v 4.370830059051514 12.822099685668945 3.1650514602661133
v 5.559134483337402 12.638397216796875 3.1318798065185547
v 3.555163860321045 7.974957466125488 4.831793308258057
v 2.4404656887054443 8.256538391113281 1.1221023797988892
v -0.0430011972784996 10.846603393554688 3.622476100921631
v 0.4650966227054596 9.397111892700195 0.4704960286617279
v 2.1798784732818604 12.87303352355957 2.4380524158477783
v 0.043459877371788025 9.737053871154785 3.2873055934906006
v 4.97727632522583 12.148967742919922 3.1591556072235107
v 1.959223747253418 10.135818481445312 1.0796157121658325
v 5.443841457366943 15.3325777053833 2.682486057281494
v -2.375530242919922 12.15231990814209 1.4915331602096558
v 6.089084148406982 14.355155944824219 1.902622938156128
v -3.3974361419677734 8.531349182128906 0.8636473417282104
v 0.035166185349226 9.241374015808105 3.4324934482574463
v 1.989276647567749 10.550493240356445 3.4731812477111816
v -0.053728338330984116 8.226348876953125 3.7859067916870117
v 4.7516961097717285 11.619150161743164 2.5864546298980713
v -2.641336679458618 8.959415435791016 -0.07979857921600342
v 4.218608856201172 13.122297286987305 2.554832935333252
v 5.386017322540283 15.475729942321777 1.5465292930603027
v 4.110802173614502 11.76742935180664 1.3141406774520874
v 5.671267509460449 9.517939567565918 0.7523331046104431
v -2.9042582511901855 8.82374095916748 -0.50419020652771
v -1.0744290351867676 8.866433143615723 3.8712351322174072
v -0.7794365286827087 11.050517082214355 0.9612729549407959
v 5.173257350921631 12.466370582580566 3.289607048034668
v 5.898601055145264 14.25439453125 3.5992016792297363
v 3.363129138946533 11.167254447937012 3.4913909435272217
v 5.511241912841797 15.331008911132812 1.6475692987442017
v 0.7961471676826477 10.21876335144043 2.2964606285095215
v -1.173501968383789 7.661451816558838 0.8465205430984497
v -1.1700243949890137 13.01418399810791 2.2233831882476807
v 6.196846961975098 12.974543571472168 3.1700425148010254
v 0.08280497789382935 9.532374382019043 3.5716609954833984
v 7.11314582824707 13.937182426452637 3.538444757461548
v -1.4962546825408936 7.799648761749268 4.614386081695557
v -1.4827897548675537 12.533421516418457 1.7987250089645386
v 2.0697765350341797 9.45206069946289 4.105898857116699
v 0.7118777632713318 7.49636697769165 4.49448823928833
v -3.3816161155700684 9.261987686157227 4.744617938995361
v 3.1952903270721436 12.76446533203125 1.2846856117248535
v -2.845994234085083 8.516254425048828 -0.4275493621826172
v 7.159830093383789 14.59817123413086 2.344717025756836
v -2.8089230060577393 8.109132766723633 0.8880293965339661
v 4.76031494140625 8.356019973754883 4.559525012969971
v 0.3518334627151489 8.15088939666748 4.7443528175354
v 6.543298244476318 14.825301170349121 3.3420298099517822
v -0.987572968006134 8.391927719116211 4.303896903991699
v -2.3558032512664795 9.194331169128418 0.5087220072746277
v 2.2506632804870605 10.735315322875977 1.4628236293792725
v 5.6954569816589355 8.52902603149414 1.5094105005264282
v -3.8462584018707275 9.314522743225098 4.21644401550293
v 4.180798053741455 8.462516784667969 0.4692785143852234
v 1.6507078409194946 12.72412395477295 2.0191047191619873
v 3.1021857261657715 14.053720474243164 1.971374273300171
v -2.675262451171875 11.968931198120117 1.9564034938812256
v 0.12575340270996094 8.268648147583008 0.6308187246322632
v 5.061440944671631 9.341809272766113 0.547932505607605
v 3.866140604019165 14.041842460632324 1.9104869365692139
v -1.6336669921875 8.536259651184082 3.8406713008880615
v 0.5250439643859863 11.550551414489746 1.0675039291381836
v -2.7877845764160156 8.753252983093262 -0.2553829848766327
v 1.160583734512329 12.704032897949219 1.9887598752975464
v 4.3571271896362305 13.116266250610352 0.408669114112854
v 7.1754679679870605 14.451502799987793 3.402080774307251
v 7.1732940673828125 14.435273170471191 3.4221551418304443
v 7.434391498565674 12.851541519165039 2.71193790435791
v 5.389002323150635 8.409523963928223 0.3898724317550659
v 4.217979431152344 12.690930366516113 2.8058416843414307
v 6.265439033508301 14.201484680175781 1.7976710796356201
v -2.6052143573760986 8.359339714050293 -0.27397263050079346
v -0.2068164348602295 10.375439643859863 2.831594467163086
v -2.3472795486450195 8.90062141418457 4.020162582397461
v 3.3173372745513916 7.405919551849365 4.273053169250488
v 4.265874862670898 12.796157836914062 -0.4801534116268158
v 3.137800693511963 9.22710132598877 1.2832859754562378
v 3.8127994537353516 12.902178764343262 4.543819427490234
v 5.254684925079346 15.092851638793945 1.6651500463485718
v 1.6003472805023193 8.220414161682129 0.08722501248121262
v -2.8634464740753174 8.842936515808105 3.4229676723480225
v 5.48558235168457 9.540849685668945 0.972170889377594
v 4.552567958831787 7.730346202850342 4.204253196716309
v -0.3661649227142334 8.231081008911133 0.8640438318252563
v 5.402972221374512 12.52877426147461 3.1559224128723145
v -3.1561965942382812 8.642780303955078 4.572333335876465
v 4.627016544342041 8.502545356750488 4.924252986907959
v 5.301966667175293 8.433204650878906 1.538151741027832
v -3.085801362991333 9.207164764404297 4.224431991577148
v 4.773122787475586 7.688177108764648 3.861980676651001
v 2.2930757999420166 8.112443923950195 0.9964153170585632
v -2.1534574031829834 8.594833374023438 0.925925612449646
v 4.7756123542785645 11.923025131225586 3.132560968399048
v -3.1116673946380615 9.234825134277344 4.7684221267700195
v 4.850966930389404 8.358823776245117 4.836543083190918
v 5.105989456176758 8.49985408782959 5.002737045288086
v -0.16589614748954773 8.63742733001709 4.074947834014893
v 3.06965708732605 7.703464984893799 0.05016479268670082
v 4.961720943450928 8.871039390563965 3.5338170528411865
v -0.9503631591796875 8.303159713745117 4.7093706130981445
v 4.226099967956543 13.21955680847168 4.518176555633545
v -2.128467082977295 11.210795402526855 3.05863618850708
v -3.218438148498535 12.754484176635742 2.0483272075653076
v 5.292321681976318 8.647064208984375 0.4952585697174072
v 4.348793029785156 13.0859375 2.4416074752807617
v 0.7114735245704651 7.977299690246582 1.051239013671875
v 4.016261577606201 13.08912467956543 1.9998245239257812
v -0.18138353526592255 9.142927169799805 4.1600341796875
v 5.529544830322266 8.214411735534668 4.3030548095703125
v 5.381253242492676 15.511472702026367 3.5118865966796875
v 4.610816478729248 7.674614429473877 4.3722453117370605
v 0.02412017434835434 9.094189643859863 1.4382505416870117
v 7.410099506378174 14.053947448730469 2.0308077335357666
v 5.3232831954956055 14.465785026550293 3.6188743114471436
v 4.256451606750488 12.737444877624512 4.521416187286377
v -1.7808213233947754 12.541983604431152 1.7640236616134644
v 7.082613945007324 13.340214729309082 1.8892199993133545
v 6.261968612670898 14.421507835388184 3.515864133834839
v 2.397718667984009 7.355942249298096 3.9470877647399902
v -3.4312167167663574 12.465744972229004 2.08892560005188
v -3.049273729324341 9.326603889465332 4.510228633880615
v 2.8310799598693848 8.258620262145996 0.22411291301250458
v 4.5450849533081055 12.704619407653809 0.341964453458786
v 5.432573318481445 15.326272010803223 1.7897459268569946
v -3.745941638946533 9.656285285949707 4.416554927825928
v 3.480741024017334 14.154853820800781 2.5046379566192627
v -0.3745471239089966 9.964028358459473 0.7402637004852295
v 5.525728702545166 8.053417205810547 3.7599375247955322
v -3.1012070178985596 9.850512504577637 3.379929780960083
v 3.93000864982605 12.91181755065918 2.142976999282837
v -3.042782783508301 8.67795181274414 3.43537974357605
v -2.9246058464050293 8.92035961151123 -0.33279821276664734
v 0.35954585671424866 7.521877288818359 4.478438854217529
v -2.2309837341308594 9.074454307556152 0.8004320859909058
v 3.776088237762451 14.13380241394043 2.3294661045074463
v 5.7277960777282715 8.555679321289062 1.5226948261260986
v 2.48403263092041 7.476851463317871 3.7406656742095947
v 3.996581792831421 7.5486626625061035 4.246315956115723
v 2.594282627105713 10.051129341125488 3.947235584259033
v 7.925969123840332 13.82003402709961 3.050504207611084
v 8.030942916870117 13.537814140319824 2.9778246879577637
v 3.9503002166748047 8.006022453308105 4.83297061920166
v 5.750892639160156 9.108999252319336 0.48242151737213135
v 7.6642961502075195 13.580394744873047 1.9941771030426025
v 2.4820096492767334 10.32440185546875 3.1933510303497314
v -0.31074437499046326 8.545331001281738 0.2681737542152405
v -1.2570745944976807 8.17657470703125 0.975348711013794
v 5.296579837799072 8.666431427001953 3.565277338027954
v 2.8160910606384277 9.551678657531738 4.085256099700928
v -3.238543748855591 9.349390029907227 4.753634452819824
v 3.778254985809326 13.00829792022705 4.5211591720581055
v 4.444777965545654 8.59994125366211 4.770317077636719
v 4.758240222930908 7.721854209899902 0.977343738079071
v 4.534300327301025 13.061116218566895 5.026623249053955
v 5.502899646759033 8.760676383972168 0.24625876545906067
v 5.2934441566467285 8.681120872497559 0.3227381110191345
v 5.3538689613342285 14.889402389526367 1.9581791162490845
v 5.637959003448486 8.536140441894531 4.277538299560547
v -2.6170570850372314 12.79227066040039 2.1493916511535645
v -1.2695637941360474 12.483030319213867 1.049914836883545
v -3.0110883712768555 8.8125581741333 1.0464802980422974
v 4.003287315368652 12.745914459228516 4.555963516235352
v 5.459668159484863 9.523087501525879 1.1957632303237915
v -3.7839763164520264 9.132345199584961 3.9938433170318604
v 5.11852502822876 9.039474487304688 4.403648853302002
v 0.4617764353752136 12.38255786895752 1.2557953596115112
v 2.936350107192993 12.866303443908691 1.5763134956359863
v 4.686668872833252 8.024023056030273 4.8284783363342285
v -3.4881508350372314 8.98430347442627 0.6110028028488159
v 2.8053903579711914 8.256635665893555 0.2229197472333908
v -0.8145312666893005 8.33974552154541 0.8635122179985046
v 4.525428771972656 13.254363059997559 0.19182537496089935
v 0.5284743905067444 10.806554794311523 1.2948397397994995
v 3.792572021484375 7.830896854400635 1.2854957580566406
v 0.939806342124939 10.220574378967285 2.3139772415161133
v -1.4689587354660034 7.603695869445801 3.783212900161743
v 5.678044319152832 8.537227630615234 0.8959835171699524
v -2.7507216930389404 9.523300170898438 4.46516752243042
v 2.014791250228882 7.396304607391357 4.252448081970215
v 5.06071138381958 9.030699729919434 4.187310695648193
v 4.229137420654297 7.579071044921875 4.426003932952881
v 5.321726322174072 14.82314682006836 3.4867372512817383
v 5.48528528213501 8.345169067382812 0.8556637167930603
v -0.08499249070882797 12.537585258483887 3.108037233352661
v 1.9634007215499878 10.188153266906738 3.0367887020111084
v -2.7717669010162354 8.426199913024902 -0.27543288469314575
v -2.7761428356170654 12.634143829345703 1.6669425964355469
v 0.45738786458969116 8.576973915100098 0.8204292058944702
v 5.328160285949707 8.643536567687988 0.4891633093357086
v 2.028048276901245 7.905489444732666 -0.044504564255476
v 5.329254627227783 13.625289916992188 3.5159926414489746
v 4.598665237426758 8.349851608276367 4.7028937339782715
v -0.04919791594147682 9.646529197692871 0.3382161855697632
v 2.0141453742980957 8.260407447814941 4.440396308898926
v 5.422593116760254 8.8096284866333 4.465350151062012
v 6.321256637573242 14.351871490478516 1.6218013763427734
v 0.4043676257133484 8.831604957580566 0.29023420810699463
v 6.602295875549316 14.943450927734375 3.067059278488159
v -1.7537469863891602 8.02197265625 -0.2661287486553192
v 5.255463600158691 12.464048385620117 2.0710318088531494
v 3.877532958984375 14.973753929138184 2.4970781803131104
v -2.696892023086548 13.179821968078613 2.1434102058410645
v -3.51296329498291 8.929902076721191 0.5746387839317322
v 2.2190496921539307 9.885375022888184 2.86081862449646
v 2.9258337020874023 10.364398002624512 1.1669459342956543
v 0.21220256388187408 8.553193092346191 1.085093379020691
v 1.020814061164856 8.241853713989258 4.442792892456055
v 5.882816314697266 15.317194938659668 2.7496347427368164
v 4.787324905395508 11.732134819030762 2.9329428672790527
v 2.0460052490234375 10.061800003051758 2.9043471813201904
v 2.6312694549560547 11.202139854431152 1.1591078042984009
v 6.141154766082764 14.302467346191406 3.364670753479004
v 2.071406126022339 9.37948989868164 4.136645793914795
v 4.384751796722412 14.99319076538086 1.9803792238235474
v -1.1195400953292847 12.495688438415527 1.0507932901382446
v -3.815905809402466 9.286314964294434 4.232289791107178
v 0.5260869860649109 10.069173812866211 1.3891726732254028
v -0.33831462264060974 11.46191692352295 3.6701478958129883
v 1.988671064376831 10.146361351013184 1.4258880615234375
v 1.0293924808502197 8.110885620117188 0.9037471413612366
v 6.184680461883545 14.519586563110352 3.607684850692749
v 2.924072742462158 12.052083015441895 3.574995756149292
v 0.6845083832740784 11.430843353271484 3.8413403034210205
v -0.5403252840042114 9.159913063049316 0.8401628136634827
v -1.42067289352417 7.925715446472168 0.9537459015846252
v 3.9889962673187256 13.01214599609375 1.2714660167694092
v 0.09857242554426193 10.586725234985352 3.4918713569641113
v 4.1888909339904785 12.775567054748535 0.41308513283729553
v 5.942844390869141 14.36829948425293 3.7305519580841064
v -1.1361457109451294 8.493002891540527 0.18117795884609222
v 2.898181200027466 9.752479553222656 3.6313111782073975
v 7.624130725860596 13.442455291748047 1.9883649349212646
v 4.05765438079834 13.09233570098877 1.204838514328003
v -0.7988523244857788 10.64293384552002 3.2824769020080566
v 4.283131122589111 12.822492599487305 4.693760395050049
v -0.4037220776081085 7.450074195861816 0.6555936932563782
v 4.906911849975586 8.3985013961792 4.827345848083496
v 5.408693313598633 15.238911628723145 2.43231463432312
v -2.226672410964966 10.531824111938477 2.6149654388427734
v -0.49327296018600464 9.06202507019043 0.7541821599006653
v 4.658002853393555 8.583368301391602 4.736895561218262
v -1.1213964223861694 8.432648658752441 4.003456115722656
v -0.5411908030509949 10.215678215026855 1.5867470502853394
v 2.202096700668335 8.920672416687012 4.4400410652160645
v 5.618573188781738 8.836636543273926 0.5535587668418884
v 0.9557663798332214 7.709242820739746 1.018531084060669
v 4.784805774688721 11.820913314819336 1.9979993104934692
v -3.3857593536376953 8.97982406616211 4.49614143371582
v 2.4313035011291504 7.983518600463867 4.210766315460205
v 2.8324196338653564 7.588383674621582 4.824639320373535
v -1.2698955535888672 8.179327011108398 0.9753989577293396
v 0.5787438154220581 7.446858882904053 4.250253200531006
v 3.7672293186187744 11.809125900268555 3.5110645294189453
v 3.6219191551208496 7.474725723266602 4.77221155166626
v -1.292931318283081 8.470014572143555 4.076619625091553
v 0.016105489805340767 9.59576416015625 3.9873385429382324
v -3.1710546016693115 8.610248565673828 0.9659239649772644
v 5.151571273803711 14.893594741821289 1.8035680055618286
v 2.6286075115203857 8.237313270568848 4.01336145401001
v 5.513281345367432 8.41389274597168 4.701555252075195
v 3.8766674995422363 12.907476425170898 3.235644817352295
v 4.282313346862793 13.119502067565918 1.5677976608276367
v 3.6622798442840576 14.157007217407227 2.018393039703369
v 4.479168891906738 12.971549034118652 1.0885021686553955
v 2.3040530681610107 10.616188049316406 2.017848491668701
v -3.408658027648926 9.198233604431152 4.2584733963012695
v -0.8309503793716431 9.781023025512695 3.984222412109375
v 5.871089458465576 14.32996940612793 3.589797258377075
v 5.295868873596191 8.668764114379883 0.5874934792518616
v 3.701071262359619 12.88311767578125 4.634077072143555
v 2.8229994773864746 9.436083793640137 3.2608261108398438
v 0.01863107457756996 11.62149715423584 0.9835891127586365
v -2.7674319744110107 11.543310165405273 1.7328526973724365
v 0.3354303538799286 7.703061580657959 -0.19605474174022675
v -0.5347771644592285 9.953681945800781 4.1122822761535645
v 4.002815246582031 8.405122756958008 4.00380277633667
v 4.125898838043213 14.461234092712402 2.550363540649414
v -2.6211330890655518 12.771416664123535 1.6904228925704956
v 3.1671066284179688 10.384637832641602 3.2223620414733887
v 5.414778709411621 15.055184364318848 1.7372112274169922
v 4.33400297164917 12.722342491149902 3.1772823333740234
v -3.0920372009277344 8.087379455566406 0.7178171277046204
v 2.2890982627868652 12.612533569335938 1.5896013975143433
v 4.080672264099121 12.72752571105957 2.841301202774048
v -1.8472826480865479 8.618691444396973 4.395439147949219
v 3.111699104309082 8.979560852050781 1.2612249851226807
v 4.341527462005615 10.84296989440918 2.888317823410034
v -1.9561867713928223 12.675908088684082 2.1755740642547607
v 5.0530524253845215 13.803888320922852 1.4024269580841064
v 3.9905428886413574 12.916743278503418 0.9028811454772949
v 1.9586414098739624 7.453024864196777 0.9843546748161316
v -2.9738211631774902 9.120380401611328 4.5654683113098145
v 2.8204941749572754 10.181638717651367 0.9077661037445068
v 4.8147993087768555 11.782788276672363 2.937426805496216
v 2.7840147018432617 8.25736141204834 1.1836378574371338
v -3.0857045650482178 9.171262741088867 4.227092742919922
v 4.238349437713623 14.758673667907715 1.9939368963241577
v 0.19165313243865967 7.502579689025879 0.8636354207992554
v 3.4541361331939697 13.481100082397461 2.5861027240753174
v -2.9592738151550293 8.868459701538086 4.563680648803711
v -0.4852334260940552 8.940052032470703 0.9680882692337036
v 4.026996612548828 7.895321846008301 3.6197915077209473
v 1.9595519304275513 11.123162269592285 1.2405016422271729
v 2.6124343872070312 12.342744827270508 1.2688053846359253
v 6.896467208862305 14.647732734680176 3.2823455333709717
v 2.2114174365997314 8.218816757202148 4.053497791290283
v 5.6519646644592285 15.168885231018066 1.5710484981536865
v -3.1900224685668945 9.253750801086426 4.789851665496826
v 0.2641947567462921 12.71033763885498 1.4961893558502197
v 4.38023567199707 8.424590110778809 4.806283950805664
v 4.492029666900635 12.782190322875977 5.142204761505127
v 2.8745651245117188 8.340435981750488 0.45704400539398193
v -2.557696580886841 7.971953868865967 3.901069164276123
v 4.744919300079346 7.667731761932373 4.547317028045654
v 5.533783435821533 15.316203117370605 2.093926191329956
v 4.378061771392822 14.381892204284668 3.105396032333374
v 4.078014373779297 12.728154182434082 2.9001998901367188
v 2.9077038764953613 9.640093803405762 3.6743202209472656
v 5.633311748504639 14.605290412902832 1.8994331359863281
v 5.140920162200928 8.094993591308594 0.7748361229896545
v 2.213259220123291 7.391961097717285 4.7160139083862305
v -0.5257261395454407 9.637828826904297 1.0103280544281006
v 3.303147792816162 8.206221580505371 1.1117795705795288
v 2.3188772201538086 10.179327964782715 2.012573719024658
v 0.3785252869129181 10.571321487426758 1.0711274147033691
v 0.5121375322341919 7.408644676208496 3.9495527744293213
v -0.2387499064207077 8.226614952087402 0.8533565402030945
v 2.4638020992279053 10.409671783447266 0.8425652384757996
v -1.8321348428726196 13.351425170898438 1.99148428440094
v 4.4282732009887695 13.09093952178955 0.4121849536895752
v -2.627957582473755 11.263565063476562 2.5944440364837646
v 4.465254783630371 14.670022964477539 2.0304903984069824
v 5.280053615570068 8.965526580810547 4.227396011352539
v -3.1567931175231934 8.600022315979004 0.970565676689148
v -1.6946531534194946 8.257283210754395 -0.23768368363380432
v 2.9844465255737305 10.799384117126465 1.427521824836731
v 1.3927843570709229 7.737720012664795 3.6432740688323975
v 5.564488887786865 8.738215446472168 0.45734477043151855
v 3.1161530017852783 8.982372283935547 1.2459850311279297
v -1.1136038303375244 12.083502769470215 0.8264162540435791
v 4.646265506744385 8.01431941986084 4.826579570770264
v 5.258044719696045 8.297863960266113 0.5571077466011047
v 2.7047955989837646 11.080716133117676 3.8430256843566895
v 0.5721837282180786 12.458184242248535 3.1742770671844482
v 7.1710991859436035 13.764385223388672 1.8739298582077026
v 2.8975443840026855 10.76323413848877 1.4907054901123047
v 2.3351664543151855 10.230222702026367 3.8946876525878906
v 3.9015371799468994 10.401585578918457 2.8617048263549805
v 4.435542106628418 12.702566146850586 1.4174039363861084
v 2.4346847534179688 7.956164360046387 4.007429599761963
v 3.8763692378997803 13.270936965942383 4.710603713989258
v 0.12516069412231445 10.76971435546875 3.1041858196258545
v -2.4468727111816406 12.678325653076172 1.7498443126678467
v 4.223690032958984 13.339265823364258 5.03529691696167
v 4.54981803894043 12.587306022644043 -0.28300705552101135
v -2.5479183197021484 9.588101387023926 3.3792805671691895
v -1.3113371133804321 11.927576065063477 3.507944107055664
v 2.2212040424346924 9.277141571044922 3.0729615688323975
v 4.5005364418029785 9.070286750793457 1.3325574398040771
v -2.4740846157073975 8.681778907775879 -0.1273643970489502
v 7.3909912109375 14.361593246459961 2.2472352981567383
v 4.627090930938721 7.672292232513428 0.9562507271766663
v 4.301400661468506 10.73668098449707 2.5198545455932617
v -3.0977299213409424 9.892181396484375 4.239105224609375
v 1.2463754415512085 12.705655097961426 1.9948261976242065
v 0.5042724609375 8.897991180419922 0.45319893956184387
v 5.168543815612793 8.614490509033203 0.38170450925827026
v 3.628652811050415 14.71472454071045 2.3996710777282715
v 2.9648609161376953 9.09046745300293 3.59993577003479
v 2.1596126556396484 8.36532211303711 3.503596067428589
v 2.935837745666504 8.542302131652832 3.9011011123657227
v -2.1876823902130127 8.988455772399902 0.6512035727500916
v 7.755779266357422 12.939709663391113 2.473085403442383
v 5.953434467315674 15.307317733764648 2.759916305541992
v 1.1349587440490723 7.540187358856201 4.727087497711182
v 2.9160170555114746 9.580306053161621 3.697096586227417
v -0.09121975302696228 8.648907661437988 3.711026430130005
v 3.956432342529297 13.767772674560547 3.1380481719970703
v 2.710019588470459 8.63955307006836 3.426950454711914
v 1.235756516456604 7.4421305656433105 4.512070655822754
v 5.632721424102783 8.825494766235352 0.46764278411865234
v 4.56699275970459 11.257513046264648 2.9191830158233643
v -3.1093409061431885 8.606059074401855 -0.24079731106758118
v 4.258802890777588 13.076952934265137 3.7920541763305664
v 2.890022039413452 11.60888671875 1.0441311597824097
v -0.3014076352119446 7.550055980682373 0.8872068524360657
v -0.3660474121570587 10.033220291137695 0.7735130190849304
v 5.399664878845215 7.942654132843018 3.777092218399048
v 4.429495811462402 13.093994140625 1.2305793762207031
v 4.914254188537598 7.737280368804932 4.520190238952637
v 3.2151968479156494 7.917690753936768 0.05271470919251442
v 4.091394424438477 14.626566886901855 2.519009828567505
v 0.48396268486976624 12.658170700073242 1.5308690071105957
v 5.291182994842529 8.816011428833008 0.17477262020111084
v 4.484506130218506 12.559364318847656 -0.2854084074497223
v 4.71169376373291 8.939635276794434 0.4080096483230591
v 6.0356974601745605 14.571773529052734 3.533442258834839
v 4.005842685699463 13.22132396697998 -0.13561615347862244
v -0.3139724135398865 9.277581214904785 0.4053846597671509
v 2.016296625137329 10.644458770751953 3.5149788856506348
v -3.8555777072906494 9.611632347106934 3.683587074279785
v 7.478201866149902 14.237873077392578 3.259795904159546
v 1.1721794605255127 7.48261833190918 0.1860406994819641
v 2.0641539096832275 8.161513328552246 3.770585536956787
v 1.7789878845214844 8.123072624206543 0.8002374768257141
v 4.75377082824707 9.355799674987793 1.1325199604034424
v -1.0560376644134521 8.412590026855469 3.8147592544555664
v 7.796266078948975 13.079343795776367 2.999056577682495
v 4.003023147583008 12.793344497680664 1.4592828750610352
v 4.647271156311035 8.98319149017334 1.6645640134811401
v 0.379939466714859 8.339000701904297 0.6848121285438538
v 3.9075686931610107 13.080693244934082 4.087220191955566
v 4.124278545379639 12.717220306396484 1.8750966787338257
v 0.9480488300323486 7.673478603363037 -0.1430593580007553
v -0.848938524723053 8.383570671081543 4.018609523773193
v 2.963252067565918 9.273357391357422 0.6678597927093506
v 6.591646194458008 13.005992889404297 3.167600393295288
v -2.7979347705841064 13.136347770690918 2.058912515640259
v 4.966662406921387 7.873219966888428 3.641935348510742
v -1.0685967206954956 8.982304573059082 3.7373454570770264
v 3.9822824001312256 7.4804534912109375 1.094431757926941
v -0.11507900804281235 10.818670272827148 1.170582890510559
v 3.664801836013794 11.437928199768066 3.386927366256714
v -0.49907368421554565 8.402946472167969 0.4205314517021179
v 2.825702667236328 9.987845420837402 0.8284925222396851
v 4.072269916534424 13.12301254272461 2.9825973510742188
v 2.7745842933654785 10.549047470092773 1.9736675024032593
v -0.6004470586776733 8.142709732055664 3.9400062561035156
v 4.907962799072266 8.261966705322266 4.569474220275879
v -2.6910898685455322 9.715140342712402 3.372745990753174
v 2.131072759628296 10.282432556152344 1.7294166088104248
v -0.5250915288925171 8.326704978942871 4.317511558532715
v 3.701247215270996 13.22583293914795 1.429893136024475
v 7.931273937225342 13.96484661102295 2.808316946029663
v 4.78172492980957 15.121204376220703 2.2879464626312256
v 1.9613850116729736 9.318490028381348 3.968885660171509
v -2.6097939014434814 8.971753120422363 -0.2055198699235916
v 5.1690449714660645 7.856114864349365 4.481637001037598
v -2.44362735748291 9.200738906860352 4.3917999267578125
v 5.553584098815918 14.660552024841309 1.9532526731491089
v 0.32502466440200806 10.508740425109863 1.517379641532898
v -2.962057113647461 9.246944427490234 4.4058146476745605
v 4.303244590759277 15.132401466369629 1.9789893627166748
v 1.2552680969238281 10.253971099853516 2.7580485343933105
v 2.248354434967041 8.27088451385498 3.5392067432403564
v 0.0218037161976099 9.09040641784668 3.824373960494995
v -3.235957384109497 8.925620079040527 4.463950157165527
v -2.8922290802001953 8.824183464050293 4.583017826080322
v 3.2685577869415283 11.655840873718262 0.9614220261573792
v -1.3820722103118896 8.209972381591797 0.9765713810920715
v 2.0293071269989014 7.503306865692139 0.19329962134361267
v -1.1799957752227783 7.856321334838867 4.7153801918029785
v 3.4837071895599365 14.305554389953613 1.9864486455917358
v -2.587347984313965 9.321981430053711 0.26878148317337036
v 4.474939823150635 8.91324520111084 3.9532456398010254
v 2.2217321395874023 9.18327522277832 3.1090641021728516
v 7.8779730796813965 13.060813903808594 2.4123647212982178
v -0.4909161329269409 7.452092170715332 3.899887800216675
v 1.9530861377716064 7.360257625579834 3.9416191577911377
v 2.2821152210235596 11.07369613647461 3.885838031768799
v -2.519484043121338 8.741695404052734 -0.052311673760414124
v 0.02498619258403778 9.290772438049316 1.529776692390442
v 2.593797206878662 9.985139846801758 2.8820223808288574
v 5.65574312210083 14.599922180175781 1.6731077432632446
v 7.8231425285339355 13.158435821533203 3.0554869174957275
v -1.186385154724121 8.518896102905273 0.38038039207458496
v -0.2028854489326477 12.090338706970215 0.9515355229377747
v 5.128667831420898 14.570408821105957 3.3756539821624756
v 3.8883652687072754 12.604053497314453 3.5022335052490234
v -2.6256446838378906 9.66533088684082 3.375901460647583
v 2.8220274448394775 10.773639678955078 1.4382520914077759
v -0.660744309425354 8.167898178100586 4.0320515632629395
v -1.8966513872146606 7.844418048858643 0.8442185521125793
v 3.964451551437378 13.885886192321777 2.5558557510375977
v 4.351259231567383 12.964577674865723 3.161935329437256
v -3.1142079830169678 12.266816139221191 1.864284634590149
v 4.0303850173950195 13.092059135437012 5.323306083679199
v 1.9551845788955688 10.71152400970459 2.881824493408203
v 5.0164289474487305 8.219671249389648 0.2912089228630066
v -0.5803091526031494 9.353296279907227 4.2885918617248535
v 4.8720598220825195 13.046527862548828 1.3923157453536987
v 4.813506126403809 8.744566917419434 0.3712739944458008
v -2.0774433612823486 13.31787395477295 1.8382854461669922
v -2.2560839653015137 12.906549453735352 2.1683766841888428
v 4.072625637054443 13.376189231872559 4.998887062072754
v 4.608185768127441 8.511984825134277 4.733285903930664
v -2.0620615482330322 11.562491416931152 3.093930244445801
v 6.068816184997559 14.184289932250977 3.6566054821014404
v 5.538090229034424 8.510366439819336 0.438106507062912
v 5.999040603637695 9.168636322021484 0.5984054207801819
v 0.5516954064369202 9.250306129455566 0.7524014115333557
v 5.45064640045166 9.210413932800293 0.492371141910553
v -1.5717235803604126 8.465926170349121 0.8043837547302246
v 5.335514068603516 15.48183822631836 1.711240530014038
v 4.658702373504639 11.464694023132324 2.9252476692199707
v -2.266005039215088 8.924237251281738 0.9806742668151855
v 2.3834939002990723 11.107702255249023 1.3919897079467773
v 4.322989463806152 8.564531326293945 0.6693806052207947
v 4.173562526702881 11.941666603088379 3.3903841972351074
v 2.388009786605835 8.007579803466797 3.826716661453247
v -0.8802658319473267 9.09467601776123 4.284965515136719
v 3.1033732891082764 8.62671947479248 1.2063490152359009
v 3.935786485671997 12.578075408935547 4.649713039398193
v 2.793074607849121 10.278026580810547 3.1029248237609863
v 2.545461654663086 10.967859268188477 1.2629016637802124
v 5.123337745666504 14.673069953918457 3.370671272277832
v 2.8853001594543457 9.19373893737793 0.5014190673828125
v -0.43964606523513794 8.562079429626465 3.4039371013641357
v -3.0289626121520996 8.483149528503418 0.9874533414840698
v 1.0958491563796997 7.479515552520752 0.183427631855011
v 2.597576856613159 9.899821281433105 4.0208024978637695
v 5.3024115562438965 9.552624702453613 0.7657913565635681
v 5.15903902053833 9.09831428527832 0.5369144082069397
v 0.9879995584487915 8.226890563964844 0.4741143584251404
v 5.757846355438232 8.80190658569336 1.7170262336730957
v 7.931643486022949 13.95947551727295 2.8221380710601807
v 4.0926408767700195 8.34324836730957 4.210730075836182
v -1.6932436227798462 11.014677047729492 1.0116889476776123
v -1.0130131244659424 8.731990814208984 3.5788066387176514
v 4.867301940917969 15.155709266662598 2.2830686569213867
v 2.798342227935791 10.168255805969238 2.7557387351989746
v 2.7995524406433105 10.716081619262695 1.2200241088867188
v -1.4425837993621826 12.988202095031738 2.1355042457580566
v 2.386312961578369 9.422765731811523 4.284757137298584
v 3.95696759223938 13.18419361114502 0.05442604050040245
v -3.426649570465088 9.368596076965332 3.306696653366089
v -3.232879638671875 9.350785255432129 4.752767562866211
v -0.38342317938804626 12.275890350341797 3.383209466934204
v 0.18584568798542023 11.901823997497559 3.7249417304992676
v 0.2088290899991989 9.80600643157959 0.49814650416374207
v -2.868425130844116 8.151585578918457 0.23655863106250763
v 5.142816066741943 14.68934154510498 3.4924230575561523
v 2.7433061599731445 10.628983497619629 3.191101312637329
v 2.2923200130462646 10.040811538696289 1.8153119087219238
v -2.5251238346099854 8.714064598083496 -0.04679565876722336
v 2.147067070007324 7.89231538772583 1.1364737749099731
v 2.7200350761413574 10.406854629516602 3.6739163398742676
v -3.474121570587158 12.500078201293945 1.8440136909484863
v 1.6345335245132446 10.916450500488281 1.3642356395721436
v 4.236400127410889 12.499368667602539 0.20232786238193512
v 2.503194808959961 8.662059783935547 3.320038318634033
v -2.0073294639587402 8.603522300720215 0.6018974184989929
v 4.427172660827637 12.968714714050293 1.9313448667526245
v -2.0028507709503174 8.205607414245605 3.51484751701355
v 2.2961370944976807 10.458658218383789 1.9636479616165161
v 7.1321258544921875 12.990278244018555 3.179884195327759
v -2.508923053741455 8.57968521118164 -0.20747655630111694
v 2.0014448165893555 12.576667785644531 1.5969632863998413
v 2.7562525272369385 8.257710456848145 1.1909738779067993
v 2.6521687507629395 10.754098892211914 1.4468661546707153
v 1.4501372575759888 10.193221092224121 2.3903472423553467
v -2.3835384845733643 13.414278984069824 2.16039776802063
v 5.176076412200928 15.098625183105469 1.9644135236740112
v -0.42969486117362976 8.889713287353516 3.2240350246429443
v -0.428832471370697 8.242274284362793 3.6763153076171875
v -0.5656427145004272 7.4570159912109375 3.897414445877075
v 4.411846160888672 15.068534851074219 2.552053213119507
v 3.8698034286499023 7.775524616241455 0.13064034283161163
v 3.0992610454559326 13.844030380249023 2.159456253051758
v -2.386756420135498 8.21495246887207 4.524844646453857
v 2.8138010501861572 8.847816467285156 1.4947974681854248
v -0.8900001645088196 9.016801834106445 3.3466732501983643
v 5.278350830078125 8.649726867675781 0.4979270398616791
v 0.41661974787712097 7.988508701324463 1.0429861545562744
v 4.85413932800293 9.42556381225586 1.1451386213302612
v 7.939565658569336 14.018108367919922 2.6200881004333496
v 5.2142415046691895 15.08651351928711 1.7765382528305054
v -2.5430495738983154 13.299878120422363 1.79181706905365
v 3.4527862071990967 11.09488582611084 1.207934021949768
v 6.929197788238525 13.595785140991211 3.5897610187530518
v 4.497835159301758 12.771833419799805 3.5026869773864746
v 6.185649394989014 14.359359741210938 3.380368709564209
v 2.6541669368743896 9.63796615600586 0.5994696617126465
v 5.742880344390869 14.183874130249023 3.567620277404785
v 4.2875237464904785 12.675427436828613 1.4537150859832764
v 1.9634219408035278 7.395877838134766 4.251827716827393
v 1.9278607368469238 8.497872352600098 4.080689430236816
v 2.14144229888916 8.210244178771973 0.42478182911872864
v 5.377365589141846 15.142099380493164 2.1968932151794434
v 4.577192306518555 15.001751899719238 2.546013116836548
v 5.089828968048096 9.361943244934082 0.558212399482727
v 3.0174546241760254 8.725725173950195 1.3421741724014282
v 5.327203750610352 14.815707206726074 3.947669506072998
v 1.9869654178619385 8.67955493927002 4.245600700378418
v -3.331190347671509 8.923357963562012 -0.1382613182067871
v 5.655909061431885 8.591510772705078 0.46703246235847473
v 3.2897696495056152 13.506458282470703 2.0348997116088867
v 4.2801833152771 12.960704803466797 4.314111709594727
v -0.3607529401779175 7.765011310577393 4.779572486877441
v 1.9974068403244019 8.11833667755127 4.800426006317139
v 4.107656955718994 13.096113204956055 0.2445784956216812
v -0.6351535320281982 8.32485580444336 4.144617557525635
v -1.315186858177185 7.597356796264648 0.2954587936401367
v 2.957632541656494 10.336174964904785 1.4270962476730347
v 2.465202808380127 8.619612693786621 4.507565975189209
v -0.07661960273981094 8.872428894042969 3.983351707458496
v 4.246029376983643 13.121062278747559 2.129887819290161
v 3.8021814823150635 13.201141357421875 4.68363618850708
v 7.378033638000488 14.33979606628418 2.205387830734253
v 2.618438959121704 9.660248756408691 4.126791954040527
v 5.203402042388916 8.640054702758789 0.382378488779068
v -3.4491186141967773 9.04794979095459 0.6423336863517761
v 5.597987651824951 9.544027328491211 0.7621264457702637
v 7.249913692474365 14.440461158752441 3.2616159915924072
v 0.06688793748617172 7.9622273445129395 -0.18273937702178955
v -3.155808687210083 9.456933975219727 4.381272315979004
v 0.5436496138572693 10.164116859436035 1.1971871852874756
v 4.328927040100098 12.559076309204102 5.000460624694824
v 5.442075252532959 15.268909454345703 1.7139908075332642
v -2.527195692062378 10.599124908447266 2.123525381088257
v -1.7575433254241943 10.403257369995117 1.512765884399414
v 3.4539852142333984 7.691550254821777 4.860966682434082
v 4.7449164390563965 8.702653884887695 0.3604210615158081
v 5.570828914642334 15.204753875732422 2.335552453994751
v 2.800689220428467 8.507918357849121 1.3297698497772217
v 0.222088024020195 8.205578804016113 3.938206911087036
v -1.1469742059707642 7.69116735458374 4.460527420043945
v -2.8284661769866943 8.82494831085205 -0.5336576104164124
v -0.050430942326784134 11.630776405334473 0.971920907497406
v -2.3526532649993896 11.501472473144531 1.1992231607437134
v -1.0562270879745483 8.412824630737305 3.8156774044036865
v 4.587387561798096 8.601953506469727 0.3406035602092743
v -0.06697174906730652 8.012585639953613 1.0482754707336426
v -0.5300862789154053 12.097554206848145 0.8930334448814392
v 7.469119071960449 14.308648109436035 3.199810266494751
v -1.6987870931625366 12.691439628601074 1.788604497909546
v 5.855555057525635 8.66680908203125 1.6016769409179688
v -2.65090012550354 8.007197380065918 3.8924760818481445
v -0.9476916193962097 7.54424524307251 0.3194091320037842
v -0.5042816996574402 8.899083137512207 4.372573375701904
v 4.477861404418945 12.971477508544922 1.1096789836883545
v 5.233556747436523 8.624999046325684 3.542534112930298
v 1.900519847869873 8.774876594543457 3.7884421348571777
v 6.078929901123047 14.408487319946289 3.3424792289733887
v 2.304983615875244 7.968188762664795 3.9398231506347656
v -0.3077585995197296 10.265907287597656 1.8063912391662598
v 2.182123899459839 7.387640476226807 4.71441125869751
v 4.360658645629883 8.682897567749023 4.6100592613220215
v 3.8137872219085693 12.864914894104004 4.511025905609131
v -0.4310852587223053 8.722967147827148 4.360086917877197
v -0.8505458235740662 9.66187572479248 4.022655487060547
v 2.3604140281677246 8.277701377868652 1.0471857786178589
v 5.690305233001709 15.542120933532715 1.436091423034668
v 3.5420188903808594 8.302240371704102 4.656388759613037
v -0.263950377702713 8.42348861694336 0.28237688541412354
v 4.37705135345459 13.374375343322754 -0.08233244717121124
v -2.7526166439056396 8.728887557983398 4.62157678604126
v 4.681310176849365 11.516181945800781 2.9252724647521973
v 2.2094907760620117 8.149923324584961 0.04663601517677307
v 2.9788663387298584 10.167356491088867 1.579559087753296
v -2.454955816268921 8.263243675231934 4.509673595428467
v -2.565532684326172 9.608067512512207 3.3786604404449463
v -2.2792680263519287 8.68510627746582 3.5306904315948486
v 5.592411518096924 15.471920013427734 1.717637062072754
v 3.090209484100342 8.880568504333496 1.2983922958374023
v 1.938573956489563 8.259325981140137 3.9692790508270264
v -0.6461390256881714 12.84936237335205 1.4510166645050049
v 5.655775547027588 8.541671752929688 0.6580737233161926
v 4.697537422180176 9.045469284057617 1.6744799613952637
v 2.5777595043182373 8.762223243713379 1.488504409790039
v 4.632691860198975 13.029029846191406 -0.35752710700035095
v 3.008113384246826 7.952316761016846 1.2526843547821045
v 3.556443452835083 11.909832000732422 1.0699632167816162
v 1.8513078689575195 9.655102729797363 3.5887887477874756
v 4.367397308349609 14.76604175567627 2.614544153213501
v 1.6504930257797241 11.458080291748047 1.1644415855407715
v 2.2790870666503906 7.679704666137695 -0.053679291158914566
v 5.584072113037109 15.47766399383545 1.7817670106887817
v 4.652784824371338 11.989317893981934 3.271176815032959
v 0.040736034512519836 9.002327919006348 3.4898629188537598
v 2.1420366764068604 10.30466079711914 3.80287504196167
v -2.424516439437866 13.249858856201172 2.163484573364258
v 4.212512016296387 14.271989822387695 2.0406055450439453
v 6.039121150970459 14.438261985778809 1.5301722288131714
v 7.050863742828369 14.705492973327637 2.505225896835327
v -2.300342559814453 8.867819786071777 4.025014877319336
v 4.585349082946777 13.306340217590332 -0.06793159246444702
v 2.6611716747283936 8.489545822143555 3.4434943199157715
v -1.8941408395767212 10.271055221557617 2.0933053493499756
v 1.8834360837936401 11.118617057800293 1.2490862607955933
v 2.4142367839813232 9.077786445617676 4.399275779724121
v 2.068553924560547 12.584080696105957 1.5970808267593384
v 7.230438709259033 14.592109680175781 2.850128173828125
v -2.885206460952759 8.757346153259277 -0.011362913064658642
v -2.3443100452423096 8.922266006469727 -0.16900058090686798
v 5.320984840393066 8.20587158203125 0.8132064938545227
v 3.8684628009796143 12.584285736083984 3.5024447441101074
v 0.020582593977451324 11.07109260559082 1.4805896282196045
v 2.9544200897216797 7.488915920257568 1.0922715663909912
v -1.238524317741394 7.629433631896973 4.136682987213135
v 2.769792079925537 7.841623783111572 4.824115753173828
v 2.474902391433716 11.1664400100708 1.1797125339508057
v 3.296613931655884 8.25994873046875 0.8416474461555481
v 4.208327293395996 8.437925338745117 1.2379931211471558
v 0.15893594920635223 8.546591758728027 1.1134763956069946
v -3.359766721725464 9.345252990722656 4.722328186035156
v 3.867854118347168 13.015666007995605 3.6455349922180176
v 3.9275944232940674 12.641647338867188 3.5005874633789062
v -0.01506031583994627 8.282980918884277 4.623838901519775
v 0.4087505340576172 9.13070297241211 0.2913326323032379
v -0.3805813193321228 12.48893928527832 1.1341687440872192
v 3.7018775939941406 14.000185012817383 2.533151865005493
v 3.9649641513824463 13.012866020202637 1.7424373626708984
v 6.302919864654541 14.302597045898438 1.770546555519104
v 5.126476764678955 8.496384620666504 4.8773088455200195
v 4.771955966949463 8.657048225402832 1.5150394439697266
v 2.9691553115844727 9.278351783752441 3.8013811111450195
v -0.9448911547660828 8.352859497070312 3.6514580249786377
v 0.4525701403617859 10.749259948730469 1.4439657926559448
v 1.3649775981903076 7.871857643127441 4.829669952392578
v 3.036585807800293 13.313680648803711 2.2127015590667725
v 2.2070651054382324 9.306295394897461 4.291199684143066
v 2.7200815677642822 7.696460723876953 -0.011736651882529259
v 4.463562965393066 12.47812557220459 0.06350189447402954
v 4.321352005004883 12.064226150512695 3.3731765747070312
v 2.1166460514068604 9.70238208770752 1.531320333480835
v 0.09284624457359314 8.298619270324707 0.2504216730594635
v 2.0014774799346924 10.330784797668457 1.4946023225784302
v 3.1304948329925537 8.0142822265625 3.6410698890686035
v 4.637681007385254 12.967619895935059 0.36227473616600037
v 2.8134024143218994 9.628046035766602 4.050006866455078
v -0.388910710811615 8.333924293518066 3.589148998260498
v 3.9346249103546143 13.013747215270996 2.3369569778442383
v 4.640326023101807 8.042040824890137 0.3864896297454834
v 5.388721942901611 15.513348579406738 1.5683640241622925
v -3.699505567550659 9.791625022888184 4.2819414138793945
v 3.794368267059326 14.440485000610352 2.573519706726074
v 0.3953455984592438 8.197202682495117 0.8913273215293884
v 5.507187843322754 15.380741119384766 3.162435293197632
v -2.6079647541046143 8.970697402954102 -0.20577557384967804
v 6.0407514572143555 14.416468620300293 3.7619035243988037
v 4.379000663757324 12.822078704833984 3.0226340293884277
v 5.46144437789917 14.518611907958984 3.626335620880127
v 7.707644462585449 14.176453590393066 3.0354509353637695
v 7.935629367828369 13.895417213439941 2.9589576721191406
v 0.3889164626598358 7.556797504425049 4.717647552490234
v -0.7233948111534119 8.43060302734375 0.41536328196525574
v 2.602813482284546 8.234745025634766 0.20746029913425446
v -2.3176960945129395 13.31885051727295 1.7850970029830933
v 3.581787347793579 11.038440704345703 3.3645412921905518
v 4.673482418060303 13.165789604187012 -0.21946623921394348
v 2.8616604804992676 9.172069549560547 3.3669028282165527
v 4.080939292907715 13.375481605529785 4.756975173950195
v -1.056347131729126 7.843113422393799 -0.2574043869972229
v -0.8302743434906006 8.395828247070312 4.578881740570068
v -0.27625322341918945 8.58907413482666 0.2174772322177887
v -1.4053997993469238 7.663569927215576 0.072552390396595
v 7.110828876495361 14.705735206604004 2.6775145530700684
v 2.224492073059082 8.936139106750488 3.208242654800415
v -2.716369867324829 13.080506324768066 1.7949172258377075
v 0.08043520152568817 7.72338342666626 -0.20914699137210846
v 3.79730224609375 13.216107368469238 5.097121238708496
v -0.04289973899722099 10.838590621948242 3.627817153930664
v 2.545746326446533 10.74522876739502 1.4545743465423584
v -2.5861334800720215 12.958186149597168 1.7216497659683228
v 1.4139446020126343 11.938852310180664 1.194056510925293
v 3.8945438861846924 13.930033683776855 2.9740512371063232
v 5.95337438583374 14.202596664428711 1.7090063095092773
v -1.940258264541626 12.501803398132324 2.1747987270355225
v 3.7203121185302734 14.392820358276367 2.560218334197998
v -2.7836251258850098 9.125658988952637 1.0680204629898071
v -1.2792876958847046 8.513663291931152 0.5956913828849792
v -2.2237637042999268 10.40042495727539 2.267707586288452
v 5.380599021911621 8.709185600280762 0.6516295671463013
v 2.4816536903381348 10.215792655944824 1.9185078144073486
v 1.510766863822937 12.550644874572754 1.6374032497406006
v -0.372758150100708 8.968558311462402 1.1749601364135742
v -0.40053078532218933 10.334626197814941 1.0739853382110596
v 7.692233085632324 13.976286888122559 2.179157257080078
v 0.10654310882091522 11.434844970703125 3.7166054248809814
v -2.7086148262023926 9.00490665435791 -0.205520898103714
v 3.8795766830444336 12.887901306152344 -0.011184325441718102
v 1.3906915187835693 7.985440731048584 3.6398234367370605
v 0.533001184463501 7.481009006500244 0.11962902545928955
v 4.768186569213867 7.906238555908203 0.6824273467063904
v -1.0401484966278076 7.7043890953063965 3.6585817337036133
v 2.9822819232940674 8.615265846252441 1.3480768203735352
v 2.9661386013031006 10.046592712402344 1.024204969406128
v -0.35009050369262695 10.682747840881348 1.3188605308532715
v -2.798245906829834 8.591200828552246 -0.008806268684566021
v 2.949615478515625 8.507682800292969 1.2721002101898193
v -2.13319730758667 12.523193359375 1.8527634143829346
v 2.639299154281616 10.446779251098633 1.9723992347717285
v -2.764751434326172 9.575582504272461 3.2359936237335205
v 3.1764376163482666 13.891160011291504 2.489035129547119
v 5.575021743774414 14.490532875061035 3.5519065856933594
v 2.778536081314087 8.622666358947754 1.4341564178466797
v 4.047346115112305 12.791614532470703 0.4966018497943878
v -1.6660549640655518 12.645999908447266 2.1965527534484863
v -0.6751928329467773 8.617011070251465 4.380125045776367
v -2.3240966796875 9.194540977478027 0.802910566329956
v -2.467376470565796 7.991482734680176 0.8706908822059631
v 3.883683681488037 14.528100967407227 1.9625515937805176
v 2.527703285217285 11.060721397399902 1.334349513053894
v -0.32119613885879517 7.595228672027588 4.527243614196777
v -0.42829257249832153 9.502836227416992 0.47859352827072144
v -1.8706552982330322 12.411322593688965 2.1786468029022217
v 0.10618023574352264 11.90752124786377 3.709700107574463
v 2.824075222015381 8.691962242126465 3.5326523780822754
v 2.602627992630005 8.432649612426758 0.3742085099220276
v 1.8874902725219727 9.110615730285645 3.8551673889160156
v 0.4941022992134094 7.868453502655029 4.805629730224609
v 2.799379587173462 10.708792686462402 1.2133760452270508
v 3.4808590412139893 7.92260217666626 0.07316941767930984
v 0.4754205048084259 8.524557113647461 0.5728870630264282
v 2.9302544593811035 9.607015609741211 1.622741937637329
v 2.803849935531616 8.25744342803955 1.1761056184768677
v 3.920569896697998 13.081701278686523 3.8375065326690674
v 7.067760944366455 14.150142669677734 3.58355450630188
v 2.9308228492736816 8.831252098083496 3.482381820678711
v 4.315731048583984 13.365409851074219 4.805943012237549
v 1.8896327018737793 9.684889793395996 3.311283826828003
v 3.1299190521240234 9.091382026672363 1.0180548429489136
v 3.881840705871582 14.956725120544434 1.9583131074905396
v -2.0314857959747314 7.962966442108154 4.530848503112793
v 0.30185648798942566 10.204877853393555 2.2344467639923096
v -1.6562268733978271 12.344937324523926 3.245488166809082
v -0.7148759365081787 10.7573881149292 3.070528745651245
v 4.373305797576904 12.607773780822754 0.3390029966831207
v 3.510924816131592 7.764154434204102 1.2458312511444092
v -2.6594831943511963 13.14498233795166 1.7966927289962769
v 5.14141321182251 15.16310977935791 2.0932023525238037
v 1.6607346534729004 11.46943187713623 3.936781406402588
v 5.521803855895996 15.344366073608398 3.523285150527954
v 0.46200835704803467 7.648067951202393 4.813468933105469
v 8.03103256225586 13.538082122802734 2.977712869644165
v 5.560398578643799 12.639203071594238 3.131686210632324
v -2.9925522804260254 9.32555866241455 4.39908504486084
v 2.747565269470215 8.12678050994873 3.968661069869995
v -0.18976470828056335 8.276183128356934 0.4285176694393158
v 3.913389205932617 14.85973834991455 1.958014965057373
v 3.782104253768921 8.315667152404785 3.8167965412139893
v -0.8894198536872864 8.382492065429688 4.303956508636475
v 2.8056440353393555 8.677469253540039 3.504751443862915
v 4.1935577392578125 14.147684097290039 1.7382967472076416
v 1.426572561264038 8.146506309509277 -0.037623003125190735
v 0.27689307928085327 9.047211647033691 1.3580704927444458
v 5.462658882141113 14.524173736572266 3.637662649154663
v 3.427375078201294 8.168498992919922 0.13497355580329895
v 3.7010743618011475 11.060795783996582 1.3698396682739258
v -0.6058129668235779 9.039738655090332 3.146629571914673
v 4.703056335449219 9.047077178955078 3.9908130168914795
v 8.033092498779297 13.873289108276367 2.577765464782715
v 3.860369920730591 7.494075775146484 4.482555389404297
v 6.629426956176758 13.898316383361816 3.6317689418792725
v 5.082193374633789 12.149968147277832 2.6200332641601562
v 3.488560676574707 7.774551868438721 3.6268160343170166
v 5.37230920791626 15.602936744689941 1.6837215423583984
v 4.761739730834961 12.642343521118164 3.4719183444976807
v 5.05397891998291 9.525522232055664 1.1694844961166382
v 5.4598469734191895 8.805617332458496 0.7035156488418579
v 3.6989197731018066 12.634105682373047 1.1558605432510376
v 4.153353691101074 8.427135467529297 4.19506311416626
v 3.8272624015808105 12.903356552124023 4.2475810050964355
v -2.7613847255706787 8.066296577453613 3.8822898864746094
v -3.0424692630767822 9.768022537231445 4.390467643737793
v 2.977595090866089 9.242142677307129 1.5074968338012695
v 5.3611249923706055 8.762673377990723 4.6803388595581055
v 2.5747830867767334 10.243314743041992 3.8473613262176514
v 2.7829928398132324 10.176569938659668 2.05910062789917
v 2.223480701446533 9.081548690795898 0.5299552083015442
v 1.6209795475006104 12.312175750732422 1.373531460762024
v 3.4572441577911377 13.689946174621582 2.0133750438690186
v -2.6559324264526367 9.228775024414062 3.3227105140686035
v -0.5879428386688232 10.773436546325684 3.666046142578125
v 0.27577289938926697 10.687644004821777 3.5382802486419678
v 7.4161882400512695 13.176640510559082 3.328352689743042
v 4.441773414611816 12.969511032104492 1.6946816444396973
v -0.755638837814331 9.732657432556152 3.084230661392212
v 1.8387436866760254 8.230293273925781 0.36616483330726624
v -2.623778820037842 11.746820449829102 1.5342761278152466
v 4.455306529998779 13.09657096862793 0.8432790637016296
v 3.0355112552642822 10.068864822387695 2.4378888607025146
v 0.5463134050369263 9.864364624023438 1.2637273073196411
v 3.408798933029175 13.821043968200684 1.9845820665359497
v 1.177268385887146 11.161585807800293 1.2352268695831299
v -3.2959108352661133 9.414586067199707 4.310952186584473
v 0.8763623237609863 8.22916030883789 0.4628540575504303
v 2.989164352416992 10.11392879486084 1.5602048635482788
v 0.954460859298706 10.342784881591797 1.956827998161316
v 0.011891347356140614 8.471232414245605 1.0683776140213013
v 0.2148617058992386 8.358551025390625 0.26892951130867004
v -0.39251095056533813 10.178449630737305 2.5539093017578125
v -2.059424638748169 12.468911170959473 1.8348948955535889
v 4.097907543182373 12.723453521728516 2.459416627883911
v 5.46143913269043 14.51858901977539 3.6262869834899902
v 5.417323589324951 14.927464485168457 3.6659457683563232
v 2.9997925758361816 8.26732349395752 0.23788897693157196
v -1.8715167045593262 12.412249565124512 2.178602933883667
v -1.853108286857605 12.641876220703125 1.524084210395813
v -0.44616734981536865 9.890591621398926 0.8666258454322815
v -3.312950372695923 8.23159122467041 0.7394432425498962
v -2.077803134918213 12.989252090454102 1.7792719602584839
v 4.452491760253906 13.955859184265137 1.474857211112976
v 3.3575644493103027 14.524011611938477 2.0436344146728516
v 4.627455711364746 15.089794158935547 2.3147048950195312
v -0.4858473539352417 9.07547378540039 4.362424850463867
v 0.2786240875720978 10.508899688720703 1.5046942234039307
v -1.3848602771759033 7.697214126586914 -0.19369013607501984
v 1.0573722124099731 12.647531509399414 2.834359645843506
v -0.9273010492324829 9.690056800842285 3.814124584197998
v 4.382282733917236 11.063942909240723 1.929086446762085
v 4.19793176651001 10.857278823852539 1.9066424369812012
v 4.317429065704346 7.970546245574951 0.1666947901248932
v 1.6438003778457642 7.861390590667725 -0.0794750526547432
v 5.976955890655518 14.308244705200195 3.372239589691162
v 4.214175701141357 8.481926918029785 0.4633592665195465
v -2.58978009223938 9.498798370361328 4.350823402404785
v -0.37068912386894226 8.817846298217773 0.3280382752418518
v 5.571713924407959 14.589998245239258 1.650161623954773
v 2.7470643520355225 10.20770263671875 3.794875383377075
v -0.6039401292800903 7.532179832458496 0.0636882483959198
v -0.20396317541599274 8.479496002197266 4.07940149307251
v 2.50335431098938 7.309250354766846 0.8311335444450378
v -2.615602731704712 13.284130096435547 2.1481094360351562
v 4.271073818206787 13.078179359436035 3.607898235321045
v -1.4389753341674805 8.536321640014648 0.5864250063896179
v 6.0216288566589355 14.554672241210938 3.4397695064544678
v -0.49739184975624084 10.6236572265625 2.786604881286621
v 4.211090564727783 13.07219123840332 4.508040904998779
v 3.6041080951690674 7.469280242919922 0.7012234926223755
v 2.2908923625946045 9.863017082214355 1.7551766633987427
v -0.7787443995475769 7.562902927398682 0.05931881442666054
v 4.375704288482666 12.965909957885742 2.765739679336548
v 4.338896751403809 10.783366203308105 2.524184226989746
v 2.8353288173675537 9.316245079040527 0.5206428170204163
v -2.275927782058716 8.197550773620605 0.9290816783905029
v -0.591926097869873 7.765291213989258 -0.23853883147239685
v 1.516514778137207 11.459671020507812 1.161385416984558
v -0.3327639400959015 10.811391830444336 1.1393109560012817
v 3.1260430812835693 13.411028861999512 2.2182419300079346
v 4.501737117767334 12.663576126098633 0.3402438163757324
v -0.8776589632034302 9.28953742980957 4.2499189376831055
v -1.6424514055252075 12.346908569335938 3.2501914501190186
v 6.055385112762451 14.130114555358887 1.7055195569992065
v 0.525019645690918 7.491076469421387 0.8812404870986938
v 4.67655611038208 7.740617275238037 1.2513223886489868
v 4.431806564331055 13.09422492980957 1.195881724357605
v -0.18397952616214752 8.307623863220215 4.332930088043213
v 3.027184247970581 8.303779602050781 4.0031962394714355
v 6.253172874450684 14.380456924438477 3.6475093364715576
v 1.861649990081787 9.267864227294922 3.501699447631836
v 3.142054796218872 8.27597713470459 0.25947681069374084
v 3.5442042350769043 8.353228569030762 4.036726951599121
v -3.0590603351593018 12.855132102966309 2.0315871238708496
v 0.519880473613739 10.165350914001465 1.4415209293365479
v -2.4330127239227295 9.500128746032715 3.59267520904541
v -0.17490729689598083 8.623357772827148 1.1530735492706299
v 1.6895911693572998 7.484961032867432 0.2221205085515976
v 0.0028481034096330404 10.187298774719238 2.6614696979522705
v 5.638701438903809 14.60285472869873 1.7947256565093994
v 5.414988994598389 15.320629119873047 1.9257175922393799
v 4.798486232757568 13.108522415161133 3.498389482498169
v 1.5979686975479126 8.145819664001465 0.7554410696029663
v 3.1005759239196777 13.004803657531738 1.6183767318725586
v 5.15684175491333 13.489317893981934 3.493607521057129
v 2.0088062286376953 9.641995429992676 3.085812568664551
v 5.256753444671631 9.007466316223145 3.85207200050354
v 3.0211288928985596 13.296865463256836 2.21146297454834
v -0.3667612373828888 9.381031036376953 4.339250564575195
v 4.002342224121094 13.088044166564941 2.2671561241149902
v 2.0110762119293213 9.325395584106445 1.2303614616394043
v -1.6710656881332397 10.650466918945312 3.1245405673980713
v 3.359431266784668 13.789022445678711 2.483776807785034
v 5.493875980377197 15.128219604492188 3.262394428253174
v 2.8031623363494873 7.697879314422607 3.6583333015441895
v 2.3748812675476074 8.779168128967285 1.4111937284469604
v 7.025600910186768 13.054350852966309 2.0173561573028564
v 2.836552619934082 8.555869102478027 4.229355812072754
v 5.282864570617676 15.488370895385742 2.084500789642334
v 0.025897245854139328 11.121675491333008 1.5562247037887573
v 1.1859999895095825 12.32364273071289 1.3704867362976074
v 5.3025431632995605 12.853410720825195 1.6066685914993286
v 3.2461044788360596 10.561817169189453 1.6922610998153687
v 1.8906406164169312 8.129133224487305 0.01860506273806095
v 6.526740550994873 12.939732551574707 2.984654664993286
v 4.5204243659973145 12.852377891540527 5.141089916229248
v 5.128663539886475 14.572010040283203 3.377281427383423
v 4.016512393951416 13.816844940185547 2.564450740814209
v 3.0373892784118652 13.314554214477539 2.212766408920288
v 3.7346320152282715 8.265974044799805 1.1660592555999756
v 7.707092761993408 13.492284774780273 3.3116886615753174
v 2.351212501525879 11.14844799041748 1.194389820098877
v -0.26965221762657166 7.661945819854736 4.749606132507324
v 0.5537043809890747 8.240400314331055 4.654004096984863
v -1.7135043144226074 7.690112113952637 0.6422896981239319
v -1.6840291023254395 12.927285194396973 2.2300868034362793
v -0.3433631956577301 8.462716102600098 4.243536472320557
v 5.601579189300537 14.649896621704102 3.501404285430908
v 3.3917176723480225 7.542996406555176 0.36414188146591187
v 1.3304041624069214 8.147058486938477 3.8025872707366943
v 5.240992069244385 9.056986808776855 0.19556587934494019
v -0.6379415988922119 10.522228240966797 3.8286259174346924
v 4.003532886505127 13.088136672973633 2.244302272796631
v 4.055654525756836 12.720531463623047 0.3112070560455322
v 4.526822566986084 12.504883766174316 0.06828700006008148
v 2.9101812839508057 10.181195259094238 2.080198049545288
v 3.665318489074707 8.183993339538574 0.16222544014453888
v -3.16182804107666 9.101067543029785 4.7647013664245605
v -2.0692977905273438 11.508331298828125 3.0928795337677
v -0.14645135402679443 12.459524154663086 1.163996934890747
v 2.59022855758667 10.002854347229004 2.8727242946624756
v 1.18804931640625 7.494349002838135 3.7438418865203857
v 4.329484939575195 13.117462158203125 0.8368850946426392
v -0.9448258876800537 9.656855583190918 3.3468739986419678
v 3.470378875732422 8.263354301452637 3.816481828689575
v 0.25947538018226624 9.330138206481934 0.29321998357772827
v -2.721397638320923 11.566949844360352 2.421534299850464
v 4.235522270202637 12.686995506286621 2.4648218154907227
v -1.026215672492981 11.935239791870117 3.561720132827759
v 5.381467342376709 9.54118824005127 1.1952320337295532
v 2.557739019393921 8.891860961914062 1.5237270593643188
v 2.123659133911133 8.144611358642578 0.04724062234163284
v 1.437351942062378 12.6953125 2.8631231784820557
v 4.009463787078857 12.744455337524414 4.419116020202637
v 4.034273624420166 10.720892906188965 1.8808202743530273
v 5.464693069458008 15.535551071166992 1.4389244318008423
v 3.7777633666992188 14.963932991027832 2.217416286468506
v 5.102773189544678 12.203751564025879 2.9391825199127197
v 0.015862714499235153 7.963832855224609 -0.18584421277046204
v 7.873316764831543 13.101468086242676 2.8465471267700195
v -0.32072609663009644 8.260546684265137 4.1213908195495605
v -1.0480338335037231 9.145330429077148 3.7637245655059814
v -2.1672825813293457 12.499531745910645 2.042074680328369
v 3.1558592319488525 10.826864242553711 1.4269187450408936
v 0.46060657501220703 8.60295295715332 0.36865368485450745
v 3.7291812896728516 14.619385719299316 1.9304897785186768
v -3.1876156330108643 9.159852027893066 -0.09785504639148712
v -0.8110361099243164 10.133400917053223 2.498868227005005
v -1.6900275945663452 11.199568748474121 0.9516628980636597
v 5.3705525398254395 14.999972343444824 3.1011452674865723
v 4.373079776763916 13.088362693786621 2.0771632194519043
v 2.91811466217041 7.593359470367432 4.826399326324463
v -0.6594460606575012 7.768435955047607 -0.2297590672969818
v 0.6581494212150574 10.673029899597168 3.5385971069335938
v -0.4374823272228241 7.773104667663574 4.772339820861816
v -2.675354480743408 10.991660118103027 2.4332268238067627
v 0.45481568574905396 9.109227180480957 0.3460274338722229
v 5.7774457931518555 15.290196418762207 3.0244593620300293
v -2.255784273147583 13.468050956726074 1.960205078125
v 0.33104488253593445 8.906402587890625 1.1805206537246704
v 3.4070119857788086 8.299912452697754 0.3371358811855316
v 0.4962448179721832 8.231337547302246 0.642406702041626
v -0.6536210179328918 10.32958698272705 3.049262762069702
v 4.27204704284668 13.046786308288574 -0.46498435735702515
v 0.05521661415696144 10.045059204101562 3.1791272163391113
v -3.332343578338623 12.669548034667969 1.658469796180725
v 6.536194801330566 12.952410697937012 3.0307321548461914
v -1.909905195236206 11.185211181640625 3.1996052265167236
v 2.9302027225494385 8.60238265991211 4.046480655670166
v 2.0493171215057373 8.283546447753906 3.6572141647338867
v 4.001762390136719 13.153583526611328 -0.1993723213672638
v 1.89012610912323 10.336814880371094 3.1989457607269287
v -2.5040903091430664 8.011077880859375 0.33455437421798706
v 4.3974432945251465 7.742767333984375 0.6020190715789795
v -0.19399283826351166 8.4380464553833 3.991260290145874
v 0.9332545399665833 8.264127731323242 0.2664339542388916
v 0.5719083547592163 7.503467082977295 4.49209451675415
v 3.1074233055114746 14.185853958129883 1.9924274682998657
v 0.07257477939128876 7.722156524658203 1.0281308889389038
v 2.6691982746124268 9.395005226135254 3.1415607929229736
v 2.7605178356170654 10.029577255249023 3.874258279800415
v -0.8101390600204468 8.361700057983398 -0.17230729758739471
v -0.8456748127937317 10.396344184875488 3.541027784347534
v -1.172827959060669 8.391908645629883 -0.20644231140613556
v -0.254430890083313 8.937662124633789 3.2753005027770996
v 0.3506433963775635 7.883602619171143 4.794723987579346
v -0.019828854128718376 10.588945388793945 0.9158610701560974
v 4.691905498504639 9.123806953430176 0.5800222754478455
v 2.503239393234253 8.133634567260742 4.80169153213501
v -0.6130521893501282 7.515783309936523 0.34171080589294434
v 2.038858652114868 8.11923885345459 0.6892788410186768
v -0.40427854657173157 10.927310943603516 3.607390880584717
v 2.8438844680786133 10.015501976013184 3.713578462600708
v 5.2321085929870605 14.639841079711914 1.8410351276397705
v 3.9842007160186768 11.239386558532715 1.4436774253845215
v -0.38143542408943176 11.463296890258789 3.6646485328674316
v -0.15529581904411316 10.90389347076416 1.241077184677124
v -1.421345829963684 12.959080696105957 2.187821626663208
v 7.786835670471191 13.04477596282959 2.9580321311950684
v -1.0397546291351318 9.09292221069336 4.016114711761475
v -3.213388681411743 8.939173698425293 4.555049419403076
v -0.746744692325592 12.84988784790039 1.450365424156189
v 3.954724073410034 13.143367767333984 -0.15291738510131836
v 2.699349880218506 11.497129440307617 3.8105568885803223
v -0.7440249919891357 10.200460433959961 1.5521482229232788
v 5.532250881195068 15.400691032409668 2.364652395248413
v -1.327670931816101 10.730626106262207 0.9991753697395325
v -1.9773894548416138 10.352606773376465 2.437213659286499
v -2.99891996383667 8.801289558410645 -0.17994721233844757
v 0.5096652507781982 8.231363296508789 0.6409790515899658
v 2.7203352451324463 8.901982307434082 3.303964376449585
v 4.012104034423828 13.011551856994629 0.8186153769493103
v 4.880692005157471 13.664523124694824 1.3676551580429077
v 5.615610122680664 13.085899353027344 1.683570384979248
v 3.6866495609283447 11.456517219543457 3.384282112121582
v -0.2277354747056961 8.485003471374512 3.659632682800293
v 0.5335483551025391 9.999483108520508 1.343785047531128
v 3.51541805267334 7.777517318725586 3.623211145401001
v -2.972548246383667 8.94206428527832 3.398754358291626
v 5.880446434020996 13.142620086669922 3.4085025787353516
v -2.404913902282715 10.982492446899414 1.367074966430664
v -0.014277120120823383 8.632534980773926 0.10323833674192429
v 2.4440321922302246 9.388394355773926 3.0580544471740723
v 6.874332427978516 13.776859283447266 3.6247546672821045
v 2.9161734580993652 8.731441497802734 3.987741470336914
v 5.570242881774902 9.336124420166016 1.6194932460784912
v -0.48423489928245544 8.73445987701416 4.379016399383545
v 3.8797287940979004 13.665677070617676 3.132112741470337
v 6.041775226593018 14.416831016540527 3.7618496417999268
v 1.947487235069275 10.700238227844238 2.905203342437744
v 0.8060641884803772 7.397485733032227 3.974526882171631
v 3.93286395072937 13.08265495300293 3.6014244556427
v 5.872300624847412 14.219438552856445 1.6386486291885376
v 4.634438514709473 8.043802261352539 3.6040148735046387
v 4.618014812469482 14.572016716003418 2.549765110015869
v -1.598833680152893 10.649584770202637 3.130634307861328
v 4.629695892333984 8.50316333770752 3.5340914726257324
v -2.5026321411132812 9.347024917602539 4.3796539306640625
v -1.589026927947998 8.5541353225708 4.0561323165893555
v -2.1020309925079346 13.15221881866455 2.2110824584960938
v 0.6208370923995972 10.38835620880127 3.1547038555145264
v 5.217188835144043 8.133087158203125 0.7897365093231201
v 0.26583725214004517 10.503227233886719 1.9666906595230103
v -1.0822081565856934 8.744540214538574 3.8645119667053223
v 2.825042247772217 9.718852996826172 0.7436046004295349
v -2.1902339458465576 8.703356742858887 0.9516597986221313
v -0.04441539943218231 12.532475471496582 3.1118428707122803
v 4.848783493041992 8.7634916305542 4.759896755218506
v 7.0774736404418945 14.396940231323242 2.042001247406006
v 1.1086955070495605 12.45320987701416 3.2346084117889404
v 3.8918159008026123 7.865232944488525 1.3046770095825195
v 4.315921783447266 12.734881401062012 0.41392216086387634
v -0.7014824151992798 8.226283073425293 4.156486988067627
v 5.125527381896973 8.956311225891113 1.642506718635559
v 3.8185369968414307 13.017036437988281 4.612029552459717
v 3.140495538711548 8.964790344238281 1.0062111616134644
v -1.3930230140686035 12.757946968078613 1.3389958143234253
v 4.090702056884766 14.810019493103027 1.9643182754516602
v 2.4823007583618164 8.946853637695312 4.451997756958008
v 4.333378791809082 13.084399223327637 2.672879457473755
v -3.478156805038452 8.48378849029541 0.08651325106620789
v 1.1682246923446655 8.233548164367676 4.6750288009643555
v 2.3175594806671143 7.504914283752441 0.20338541269302368
v -2.842424154281616 9.836122512817383 3.5807695388793945
v 4.458215713500977 13.05190658569336 0.4202519357204437
v -1.7303277254104614 10.526365280151367 1.3563741445541382
v -2.056178092956543 12.097477912902832 1.1909071207046509
v 3.3337063789367676 8.039836883544922 3.632997751235962
v 5.929659843444824 14.33359146118164 1.7890719175338745
v -0.3928101360797882 9.200401306152344 4.321532726287842
v 2.7038896083831787 8.511825561523438 1.3574762344360352
v 3.1167430877685547 13.019234657287598 3.0481932163238525
v -0.18778887391090393 9.435111999511719 1.515116572380066
v 7.79023551940918 13.382826805114746 3.2488601207733154
v 3.2379140853881836 12.160962104797363 3.5365099906921387
v -1.364829421043396 8.525856018066406 0.5905936360359192
v -2.391644239425659 9.123591423034668 0.9823638200759888
v 3.6963729858398438 12.825406074523926 5.066995143890381
v -0.9104336500167847 9.924821853637695 3.73417329788208
v 6.658197402954102 13.813328742980957 1.784166693687439
v -0.04062727838754654 7.534158706665039 0.8828027248382568
v 7.051471710205078 12.819210052490234 2.7632808685302734
v 4.150570392608643 14.91679859161377 1.9466139078140259
v -0.9514522552490234 11.933012008666992 3.568674325942993
v 2.8359200954437256 9.324248313903809 3.3069005012512207
v 1.5013349056243896 7.403690338134766 4.235411167144775
v 4.535086154937744 8.664715766906738 0.8965731263160706
v 2.738367795944214 8.539678573608398 3.487454891204834
v 3.1351866722106934 7.339176654815674 0.9388620257377625
v -0.5685803890228271 8.35200309753418 4.58207368850708
v 4.353789329528809 13.142669677734375 4.526486873626709
v -0.888210654258728 8.045604705810547 4.764995574951172
v 5.648059368133545 8.449234008789062 1.2028460502624512
v -3.365034341812134 9.438732147216797 4.547813892364502
v 0.18443354964256287 11.059464454650879 3.6903371810913086
v 5.23854398727417 15.014677047729492 1.7104133367538452
v 5.333041667938232 15.13213062286377 1.5416897535324097
v -0.17881187796592712 8.8504056930542 3.381967306137085
v 5.10543966293335 8.522296905517578 4.751191139221191
v 2.4956579208374023 10.190483093261719 2.777378559112549
v 7.840890407562256 13.927484512329102 2.2771623134613037
v 5.680522918701172 15.267852783203125 1.3587630987167358
v -2.2799415588378906 13.275307655334473 2.1822092533111572
v 2.3710858821868896 7.840092658996582 4.812017440795898
v 5.512786388397217 8.692251205444336 0.5509917736053467
v 0.5531857013702393 7.977230072021484 1.042785882949829
v -1.4346880912780762 11.915895462036133 3.4695351123809814
v 5.483232021331787 14.674312591552734 3.8048038482666016
v 5.542968273162842 15.462380409240723 2.3279271125793457
v -1.590848445892334 12.546433448791504 1.7768534421920776
v -2.5844545364379883 9.395123481750488 3.271684169769287
v 4.341270923614502 12.0789794921875 3.3715593814849854
v -1.4671878814697266 8.098786354064941 4.736634731292725
v -3.0831902027130127 9.42227840423584 4.386227130889893
v -0.7351106405258179 8.226249694824219 3.6747653484344482
v 3.9260032176971436 12.994791984558105 -0.25817981362342834
v 3.189861297607422 8.280356407165527 0.2673009932041168
v -1.568981647491455 10.428509712219238 1.179024577140808
v -3.2835867404937744 9.405111312866211 4.71019172668457
v 4.482753276824951 14.445326805114746 1.7705092430114746
v 3.7058603763580322 7.738276481628418 4.841554164886475
v -3.204373359680176 9.486854553222656 4.512745380401611
v 4.604069232940674 7.999213218688965 4.823149681091309
v 3.88280987739563 12.210137367248535 3.534933090209961
v -0.6206931471824646 10.15144157409668 2.5374720096588135
v 5.603783130645752 15.067992210388184 3.9628758430480957
v 3.2130744457244873 13.295933723449707 1.8449040651321411
v 2.632582187652588 8.110346794128418 0.9964313507080078
v -0.9536807537078857 9.480728149414062 3.882021903991699
v 6.305564880371094 14.928492546081543 2.0762453079223633
v 4.412858963012695 12.967935562133789 2.163346290588379
v 2.8321309089660645 9.20229434967041 0.46647030115127563
v 5.232326984405518 14.57873821258545 3.631732702255249
v 2.4155070781707764 8.90825080871582 1.4882279634475708
v -3.311476469039917 8.554457664489746 0.4597693979740143
v 2.8784103393554688 8.482566833496094 4.085806846618652
v 4.268365859985352 14.882343292236328 1.9710487127304077
v -0.6568014025688171 8.28921890258789 4.2351837158203125
v -0.16315004229545593 11.069411277770996 3.6232681274414062
v 1.6241278648376465 7.8605217933654785 4.808065414428711
v 4.850139617919922 8.638082504272461 4.673218250274658
v -2.5006613731384277 9.251964569091797 3.2805068492889404
v -1.7975826263427734 12.341446876525879 1.1639513969421387
v 3.6240861415863037 8.187248229980469 4.8074846267700195
v 2.239312171936035 8.541014671325684 1.1716166734695435
v -0.06147954240441322 10.819491386413574 1.1770881414413452
v -2.598022222518921 8.71642017364502 -0.5306392312049866
v 3.1770217418670654 8.873122215270996 0.9269992113113403
v 3.613428831100464 12.012781143188477 3.5497512817382812
v -3.9109625816345215 9.256596565246582 3.6572318077087402
v 5.409806251525879 15.123316764831543 1.4042004346847534
v 5.250736236572266 15.478198051452637 3.5623114109039307
v 2.5432522296905518 7.414885997772217 4.727273941040039
v -0.40273284912109375 7.748452186584473 -0.24590802192687988
v 4.3014678955078125 12.672297477722168 1.182516098022461
v 7.132574081420898 14.69808292388916 2.7474989891052246
v -2.331731081008911 12.073720932006836 2.7601699829101562
v 4.53641414642334 12.821399688720703 0.27852922677993774
v 1.0229120254516602 11.189361572265625 1.2289576530456543
v 3.0984485149383545 8.972657203674316 1.297255039215088
v 3.854661464691162 13.016005516052246 3.9041800498962402
v 2.6345481872558594 10.680497169494629 1.0175429582595825
v -2.6909947395324707 8.656916618347168 0.021554598584771156
v -3.46551513671875 9.026288986206055 0.4816279709339142
v 0.19538378715515137 8.206391334533691 3.9336495399475098
v -0.6914416551589966 7.525120735168457 0.339415043592453
v -0.14900179207324982 8.6073579788208 4.012237548828125
v 4.9508867263793945 13.297121047973633 3.488130807876587
v 2.4726145267486572 9.85350513458252 0.6178232431411743
v 2.343618631362915 10.737034797668457 1.4642632007598877
v 4.040313243865967 13.010725021362305 0.2658044993877411
v 5.467350959777832 15.418730735778809 2.296851873397827
v 2.057142972946167 8.258562088012695 4.286224365234375
v -0.3459742069244385 11.06784439086914 1.0570909976959229
v 0.19513221085071564 7.540614128112793 4.499109745025635
v 2.0067026615142822 10.916515350341797 1.3413801193237305
v -2.5400588512420654 8.876762390136719 -0.0692034438252449
v 3.034485101699829 7.884483814239502 4.8253631591796875
v 1.2092779874801636 8.17874813079834 0.6710401773452759
v 2.228696346282959 7.6782450675964355 1.160324215888977
v 3.9709479808807373 13.200152397155762 0.056968193501234055
v 5.473517894744873 8.565824508666992 1.6066184043884277
v -2.065082550048828 11.282742500305176 1.0830668210983276
v 3.880833387374878 12.907814979553223 3.1502747535705566
v 0.8157379031181335 12.2173490524292 3.5995185375213623
v 6.381179332733154 14.89819622039795 2.0845603942871094
v -0.03813378885388374 10.6480073928833 3.7575149536132812
v 5.163879871368408 8.273176193237305 0.32273605465888977
v 1.9821202754974365 10.507739067077637 1.2427031993865967
v 2.9031267166137695 8.990432739257812 3.431621789932251
v 4.342318534851074 12.720733642578125 3.033109188079834
v 6.125778675079346 14.37633991241455 3.343947172164917
v 3.8672547340393066 13.756928443908691 2.536259889602661
v 2.1837339401245117 10.183293342590332 2.0114312171936035
v 5.690212249755859 8.491941452026367 1.2125788927078247
v 5.376410007476807 14.75901985168457 3.499185562133789
v 3.3924827575683594 13.258221626281738 1.7178125381469727
v 5.15533971786499 13.96224308013916 3.568281888961792
v 4.132553577423096 11.265833854675293 3.2000722885131836
v 5.413611888885498 14.968191146850586 1.784077763557434
v 4.196356296539307 15.032648086547852 1.9521070718765259
v 6.531209945678711 12.885648727416992 2.3748672008514404
v 4.643082141876221 15.0595703125 2.5348331928253174
v 4.638627529144287 9.260176658630371 1.3711026906967163
v 2.6414058208465576 8.289994239807129 4.447391986846924
v -2.067186117172241 13.441180229187012 1.976024866104126
v -1.8646578788757324 12.690170288085938 2.5647518634796143
v -0.1810387820005417 8.0209379196167 1.0458849668502808
v 5.363858222961426 12.609231948852539 3.2842857837677
v 4.160003185272217 14.914263725280762 1.9481098651885986
v 0.33881524205207825 11.576454162597656 1.0413213968276978
v 3.0585899353027344 8.229613304138184 0.5100958347320557
v 3.734734535217285 12.779216766357422 4.640743255615234
v 0.6102637052536011 12.454117774963379 3.1763548851013184
v -0.8371735215187073 8.241317749023438 3.7314059734344482
v 3.594507932662964 13.692684173583984 1.834336280822754
v 5.135107040405273 14.999774932861328 3.2245535850524902
v 4.142550468444824 7.67318058013916 0.5326640605926514
v 5.155056953430176 12.745742797851562 1.572375774383545
v 4.542547225952148 11.588776588439941 3.121507167816162
v 5.085860729217529 8.74820327758789 3.553189516067505
v 3.905388355255127 12.90981388092041 2.6472883224487305
v 4.509218215942383 11.06495189666748 2.542355537414551
v 0.3538564145565033 10.26476001739502 1.7418395280838013
v -0.30278506875038147 8.558327674865723 0.25334686040878296
v -2.7395360469818115 8.232779502868652 4.185593128204346
v -0.006111800204962492 9.42590045928955 0.28550344705581665
v -0.07572200149297714 8.013279914855957 1.0480533838272095
v -2.680325508117676 10.9692964553833 2.3953933715820312
v 7.970063209533691 13.668597221374512 2.2905941009521484
v 3.560851812362671 8.236969947814941 1.1465647220611572
v 2.278048515319824 10.438643455505371 0.9049408435821533
v -0.8328548073768616 8.365484237670898 -0.17566733062267303
v -0.005301169119775295 8.878908157348633 0.10222996771335602
v 2.895908832550049 8.794806480407715 3.7400341033935547
v -0.9797922372817993 12.939838409423828 2.6584413051605225
v 4.237604141235352 13.34526252746582 -0.12007751315832138
v 0.23147135972976685 9.1969633102417 0.2087792605161667
v -1.9416993856430054 12.347363471984863 2.920300006866455
v -0.919247567653656 8.265446662902832 3.9990622997283936
v 4.5876641273498535 11.29527759552002 2.193615436553955
v 4.4779486656188965 13.14395809173584 5.126429080963135
v 0.46193793416023254 10.66997241973877 1.6429036855697632
v 5.088887691497803 8.299564361572266 5.029966354370117
v -2.6559104919433594 10.99978256225586 1.666649580001831
v 3.1435797214508057 9.368632316589355 1.0075700283050537
v -2.1841177940368652 13.170944213867188 2.1984405517578125
v -4.002226829528809 9.429511070251465 4.112780570983887
v 4.500502109527588 8.933055877685547 3.9548709392547607
v 5.953857898712158 12.866734504699707 3.087440013885498
v 5.104058742523193 9.538982391357422 1.1733026504516602
v 4.659796714782715 15.020116806030273 2.032510280609131
v 0.3552509546279907 10.665140151977539 1.954028606414795
v 5.608413219451904 15.71478271484375 1.763776183128357
v -1.1837425231933594 13.012613296508789 2.2218313217163086
v 0.3717881441116333 9.910782814025879 0.6258772611618042
v 0.40771108865737915 9.427933692932129 0.41754981875419617
v 3.9726181030273438 13.01266860961914 1.5924971103668213
v 4.287325859069824 13.031111717224121 5.329423427581787
v 2.322571277618408 11.512983322143555 1.1374179124832153
v -3.956716537475586 9.407428741455078 3.437117099761963
v -2.0219674110412598 8.74412727355957 4.243993759155273
v 4.219337463378906 12.69062614440918 2.77943754196167
v 7.453372478485107 14.15534782409668 2.1130173206329346
v 0.2003956288099289 8.30466365814209 0.40737295150756836
v 4.275883197784424 8.543380737304688 4.6414337158203125
v 3.2630064487457275 10.23551082611084 2.0548641681671143
v 4.505297660827637 11.132771492004395 2.905240774154663
v 4.6402363777160645 14.721390724182129 2.5631368160247803
v 1.5782314538955688 11.467408180236816 3.931884527206421
v -2.0400352478027344 11.860885620117188 3.0726945400238037
v 6.10426664352417 14.142083168029785 1.6006324291229248
v 2.8974294662475586 8.174460411071777 4.810006618499756
v 7.405026435852051 14.404223442077637 2.3318307399749756
v 4.39868688583374 7.743032455444336 0.6023254990577698
v -2.0199391841888428 13.347082138061523 2.2106714248657227
v -0.6468921899795532 11.91756820678711 3.5807933807373047
v 6.609355926513672 13.358128547668457 3.542415142059326
v 1.7131953239440918 11.92216682434082 1.186420202255249
v 5.1999711990356445 8.773479461669922 0.25030311942100525
v 0.255047470331192 9.040705680847168 0.17610400915145874
v 3.1138503551483154 13.397758483886719 2.217618227005005
v 5.186018466949463 8.25613021850586 0.5313575267791748
v -1.3710168600082397 10.443328857421875 1.1997971534729004
v -0.6346151828765869 10.62151050567627 2.9518463611602783
v -0.3834889233112335 11.463362693786621 3.664386510848999
v 2.984492063522339 8.30998420715332 0.56854248046875
v 3.0109055042266846 8.296083450317383 0.6129128932952881
v 1.1829050779342651 7.538111686706543 4.729493618011475
v 0.21859081089496613 12.721403121948242 1.4888802766799927
v 5.434915065765381 8.671466827392578 4.828068256378174
v 4.804248809814453 9.263175964355469 0.6217966675758362
v 5.301025390625 8.64605712890625 0.4938179552555084
v 5.447063446044922 8.311307907104492 0.8459640741348267
v -2.671682357788086 9.22677230834961 -0.10643240809440613
v 0.3219519555568695 7.705209732055664 1.0325360298156738
v 6.554882049560547 12.971150398254395 3.0844109058380127
v 5.317862510681152 15.501299858093262 1.7970892190933228
v -2.3191215991973877 7.864986896514893 3.6486947536468506
v 4.356378555297852 13.116297721862793 0.4202638268470764
v 4.53889274597168 11.5050048828125 1.7115753889083862
v 2.739318370819092 8.582104682922363 4.379328727722168
v -0.1112484410405159 8.232616424560547 3.782517194747925
v 2.353562593460083 8.113107681274414 1.0036323070526123
v 2.377411365509033 8.261774063110352 4.694882869720459
v 3.0804550647735596 8.740998268127441 1.2567721605300903
v 4.0216193199157715 12.824833869934082 4.437287330627441
v 5.886977195739746 12.837174415588379 3.0924623012542725
v -0.658309817314148 8.168139457702637 4.032397270202637
v 4.650509357452393 11.987133979797363 3.2712907791137695
v 0.2321484386920929 7.901177883148193 4.789424419403076
v 1.9200345277786255 8.153340339660645 3.8052873611450195
v 4.4442033767700195 12.7008695602417 1.26728093624115
v 4.3527913093566895 7.856305122375488 4.8076958656311035
v -0.3425339460372925 9.219480514526367 3.1293413639068604
v 4.223051071166992 13.355067253112793 0.06955937296152115
v 2.1826696395874023 10.729792594909668 1.4615998268127441
v 5.262515068054199 8.323942184448242 0.35028764605522156
v 2.1118195056915283 10.644330978393555 3.517632484436035
v 5.148144721984863 14.458223342895508 1.568684458732605
v -3.988241672515869 9.423051834106445 3.633406639099121
v 3.68461537361145 14.778115272521973 2.398853302001953
v 4.37601375579834 12.633270263671875 5.145514965057373
v 6.112532138824463 14.415400505065918 1.88432776927948
v -0.4102262854576111 10.651572227478027 1.6184682846069336
v -0.3565010130405426 8.712019920349121 1.0825015306472778
v 2.133052349090576 8.078506469726562 3.8215713500976562
v 6.208789348602295 12.973477363586426 3.1672422885894775
v 6.2619099617004395 15.048657417297363 2.205617666244507
v 2.3038551807403564 8.35364818572998 0.6171415448188782
v -2.040473222732544 11.868210792541504 1.107385277748108
v -0.3998863399028778 9.416594505310059 1.3468531370162964
v 7.054052352905273 12.827163696289062 2.7946200370788574
v 4.0800676345825195 13.211423873901367 0.22437122464179993
v 4.163036346435547 12.707961082458496 1.016327977180481
v 4.341906547546387 11.485276222229004 1.560636043548584
v 3.735048294067383 13.868412017822266 1.8763561248779297
v 3.79331636428833 12.652201652526855 4.786896228790283
v -1.8640843629837036 12.362956047058105 1.790283203125
v 0.8873876333236694 10.238560676574707 2.751058340072632
v 4.741355895996094 7.678171157836914 3.871263027191162
v 2.105795383453369 9.526671409606934 0.7185868620872498
v 4.783326625823975 8.666081428527832 1.5203458070755005
v 3.9259212017059326 13.815592765808105 1.7460386753082275
v 3.884028434753418 12.856071472167969 -0.015134986490011215
v -0.46656614542007446 8.246848106384277 4.124354839324951
v 2.7382922172546387 8.346843719482422 0.4019433557987213
v 0.14600208401679993 10.374382019042969 3.1472651958465576
v 4.818361759185791 15.12069034576416 2.9248034954071045
v 4.785107135772705 8.640109062194824 4.759591102600098
v 3.6453757286071777 12.377930641174316 3.4959049224853516
v 1.8631314039230347 10.034722328186035 3.3929359912872314
v -3.5875463485717773 8.936372756958008 4.060126781463623
v -2.3710365295410156 9.309915542602539 3.867382764816284
v 4.230265140533447 12.688175201416016 2.567084550857544
v 1.063470482826233 10.990360260009766 1.3106688261032104
v 3.1155295372009277 12.182158470153809 1.0215728282928467
v 4.724695205688477 8.535810470581055 3.5387823581695557
v 3.0352606773376465 7.411341667175293 4.519328594207764
v -3.0143253803253174 8.727048873901367 -0.3811311721801758
v 1.546933650970459 7.862205982208252 4.807112216949463
v 5.536616802215576 15.329401969909668 2.077291488647461
v -3.2968602180480957 8.98849868774414 4.295120716094971
v 1.6514077186584473 11.10836124420166 1.2637779712677002
v -0.9874414801597595 8.364609718322754 0.8558940291404724
v 4.434877395629883 12.82182788848877 2.0484495162963867
v 1.9085572957992554 10.19921875 3.528513193130493
v 4.413612365722656 12.706764221191406 1.7975499629974365
v -2.5668818950653076 9.647770881652832 3.8342909812927246
v 3.9112067222595215 13.080975532531738 4.017402172088623
v -2.879390001296997 8.195088386535645 3.5998260974884033
v 3.162893056869507 11.435348510742188 3.6046557426452637
v 7.164991855621338 14.679072380065918 2.8762288093566895
v 4.797914505004883 8.406164169311523 4.546565055847168
v 5.602899074554443 15.074851989746094 3.9650487899780273
v 1.9589945077896118 8.34384536743164 4.1670708656311035
v 0.9004545211791992 7.580854892730713 -0.057769715785980225
v 2.412092685699463 11.961572647094727 1.1361119747161865
v 5.847065448760986 8.780813217163086 0.7025901079177856
v 4.623671531677246 13.326457023620605 3.476245641708374
v 5.877144813537598 9.251534461975098 1.3413335084915161
v -2.413717269897461 8.036057472229004 4.232370853424072
v -2.5311875343322754 12.73021411895752 1.7338595390319824
v 2.054600238800049 9.685935974121094 4.001753807067871
v 4.945024013519287 7.867342472076416 3.642624855041504
v 5.614629745483398 8.929971694946289 0.5456082820892334
v -2.06526255607605 8.761094093322754 4.240718364715576
v -3.206254482269287 12.503292083740234 1.6847138404846191
v -0.20739205181598663 10.427929878234863 0.826466977596283
v 2.2862324714660645 8.155097007751465 3.8071322441101074
v 2.8607823848724365 9.176239013671875 3.3653643131256104
v -2.612778425216675 7.990563869476318 3.895881175994873
v 6.898561477661133 14.427167892456055 1.9552911520004272
v -1.0721110105514526 8.867294311523438 3.880751609802246
v 5.416418552398682 15.260395050048828 1.3786753416061401
v 2.3479740619659424 8.227456092834473 0.8706210255622864
v 4.321129322052002 12.724786758422852 3.4004108905792236
v 3.2144670486450195 7.396030426025391 4.272882461547852
v -3.2396504878997803 8.432719230651855 3.78126859664917
v 1.8808763027191162 7.457594394683838 0.9820936322212219
v 6.637514591217041 14.968912124633789 2.4714362621307373
v 5.397487640380859 12.53327465057373 2.3046984672546387
v -3.190382719039917 9.110518455505371 4.577744007110596
v -3.065951108932495 12.8069429397583 1.8991241455078125
v 5.511848449707031 15.517974853515625 2.188927173614502
v 4.249859809875488 12.49804401397705 1.2348198890686035
v 1.3179035186767578 12.267191886901855 3.601330280303955
v 5.933413028717041 14.355212211608887 1.7908153533935547
v -0.37136515974998474 9.990001678466797 0.7530852556228638
v -1.5943430662155151 10.425396919250488 1.1754021644592285
v 2.4773707389831543 8.150405883789062 0.6561263203620911
v 5.169402122497559 7.976272106170654 4.291362285614014
v 4.103826522827148 13.406089782714844 4.956550598144531
v 2.0730905532836914 9.325810432434082 4.1579508781433105
v -1.5944818258285522 7.627028465270996 3.779672145843506
v 4.748633861541748 7.89396333694458 0.6771981120109558
v 5.127227306365967 8.428466796875 5.004958629608154
v 3.0639164447784424 14.185302734375 2.3780200481414795
v -0.22972995042800903 10.213452339172363 2.8836259841918945
v -3.0467472076416016 8.896937370300293 -0.23077934980392456
v -3.2861287593841553 9.462785720825195 4.399925708770752
v -0.3962773084640503 10.976469039916992 3.56563138961792
v 0.03472825512290001 10.371167182922363 3.136472463607788
v -2.5582759380340576 8.940326690673828 -0.21406203508377075
v 5.476315498352051 15.234109878540039 3.3945987224578857
v -1.555007815361023 8.534741401672363 3.884305715560913
v 2.640794038772583 11.94822883605957 3.752075672149658
v -1.478089451789856 12.99089527130127 2.007874011993408
v -0.005132417194545269 7.422291278839111 0.6771711707115173
v -0.6617822051048279 8.182819366455078 3.716249465942383
v 3.134268283843994 9.079587936401367 1.033859133720398
v 0.2634446918964386 7.473520755767822 0.38873618841171265
v 7.765556335449219 13.297447204589844 3.2404940128326416
v -0.40628543496131897 10.297962188720703 1.0518803596496582
v 1.3376144170761108 10.442422866821289 1.7453434467315674
v 0.6703958511352539 7.580001354217529 -0.08794837445020676
v 3.1554970741271973 9.146953582763672 1.266181468963623
v 2.9223334789276123 10.390247344970703 1.1784499883651733
v 5.217195987701416 15.328165054321289 1.9836212396621704
v -0.8490285873413086 8.455055236816406 0.39311909675598145
v 7.6686906814575195 13.385741233825684 3.3263111114501953
v 5.157112121582031 8.775821685791016 4.766375541687012
v 5.778535842895508 9.466350555419922 0.7425729036331177
v 2.2069709300994873 8.551977157592773 1.1324474811553955
v -0.9321286082267761 8.470873832702637 0.18966473639011383
v 2.061317205429077 9.016828536987305 0.9552283883094788
v 2.266378879547119 7.449158668518066 1.0228312015533447
v 0.20966404676437378 9.918959617614746 0.5579960346221924
v 7.761795520782471 12.934110641479492 2.5517311096191406
v 2.072253942489624 9.052740097045898 0.8430176377296448
v 0.09622335433959961 8.211751937866211 4.078091144561768
v 3.4134669303894043 8.258199691772461 3.8158090114593506
v 0.36594444513320923 9.775248527526855 0.5522677898406982
v 4.151148319244385 12.816960334777832 0.409702867269516
v 3.423403739929199 7.468649864196777 4.762767791748047
v 5.268529891967773 15.397591590881348 3.318948268890381
v -0.48239779472351074 7.757202625274658 0.9798346161842346
v 5.586254596710205 14.650589942932129 1.667266607284546
v 5.389397621154785 8.010029792785645 4.435780048370361
v 6.106405258178711 14.514876365661621 3.401716470718384
v 5.5235090255737305 15.33907699584961 3.503842353820801
v 2.225609302520752 8.898255348205566 3.2215752601623535
v 0.9035272598266602 8.006014823913574 3.6253561973571777
v -2.499157428741455 13.325701713562012 1.8018784523010254
v 5.500375270843506 15.510432243347168 3.8222246170043945
v 3.95235013961792 8.398701667785645 4.186971187591553
v -1.0025303363800049 8.611418724060059 3.5734479427337646
v 0.5355671644210815 12.007901191711426 1.0650745630264282
v 4.815948486328125 7.776768684387207 4.310697555541992
v -0.5614793300628662 8.233756065368652 3.6436901092529297
v 4.151999473571777 13.125783920288086 1.7794965505599976
v -2.984025478363037 8.813485145568848 -0.4395664930343628
v -3.539391279220581 12.696026802062988 1.8695200681686401
v 7.3548712730407715 13.871026039123535 1.9453363418579102
v 5.949098587036133 14.311893463134766 1.6000877618789673
v 6.328872203826904 14.357539176940918 1.6926995515823364
v 0.10042144358158112 10.470010757446289 3.545839786529541
v 0.7532448172569275 12.764909744262695 2.3726511001586914
v -1.289522647857666 10.637819290161133 3.1799275875091553
v 3.0467875003814697 14.135855674743652 2.1833300590515137
v 5.636662006378174 15.554678916931152 2.2019102573394775
v -1.8384838104248047 8.424809455871582 3.504556655883789
v -0.9367092251777649 8.50822925567627 4.211788177490234
v -2.5412354469299316 13.17025375366211 2.1527419090270996
v 5.925641059875488 14.466771125793457 3.4074103832244873
v 5.371672630310059 8.119731903076172 3.648979425430298
v 7.1127190589904785 14.70521354675293 2.683690071105957
v 3.176776170730591 8.32578182220459 4.2559494972229
v 0.08896080404520035 8.55260944366455 1.1411103010177612
v -1.5878735780715942 11.06029224395752 3.3558084964752197
v -2.0610382556915283 11.404829978942871 1.0470409393310547
v 4.160019874572754 13.126076698303223 1.658490538597107
v 5.7040324211120605 8.631786346435547 0.4788922071456909
v 2.0403060913085938 10.029204368591309 2.9209978580474854
v 0.46251562237739563 9.85157299041748 0.7686932682991028
v -2.607814311981201 9.180508613586426 3.3264105319976807
v 7.697592735290527 14.274134635925293 2.773353338241577
v 5.394946098327637 14.782179832458496 1.908023476600647
v 3.595776081085205 8.241393089294434 1.1506168842315674
v -2.3288278579711914 9.168551445007324 3.6268625259399414
v 0.025084545835852623 9.285938262939453 1.5272672176361084
v 4.352389812469482 15.001338005065918 1.9765068292617798
v -2.378995180130005 12.162484169006348 1.51045560836792
v 3.9330337047576904 12.79609203338623 2.979109525680542
v 2.7829172611236572 8.58211898803711 0.34057873487472534
v 4.907923221588135 12.202445983886719 1.759121060371399
v 2.3704543113708496 7.840071678161621 4.812080383300781
v 6.139307022094727 14.1371488571167 1.6145637035369873
v 3.988952875137329 14.254983901977539 2.603614568710327
v -2.8791067600250244 8.802584648132324 -0.0136446887627244
v 5.522989273071289 15.181748390197754 3.8849258422851562
v 4.420374870300293 12.8218994140625 2.301244020462036
v 4.740313529968262 8.069833755493164 0.40945905447006226
v -2.5150723457336426 8.016678810119629 0.3355746567249298
v 6.069108963012695 9.1038179397583 1.314793348312378
v 6.212737560272217 15.067774772644043 2.1941819190979004
v 2.8407962322235107 11.076290130615234 3.783552408218384
v -1.6303602457046509 8.302213668823242 0.975307822227478
v 5.930782318115234 14.222652435302734 3.599334239959717
v 1.975767731666565 9.4517822265625 0.8596485257148743
v 2.787540912628174 10.16881275177002 2.7557811737060547
v 2.5182406902313232 10.971649169921875 3.1132726669311523
v -2.4453747272491455 12.781511306762695 2.159374475479126
v 5.4308671951293945 15.329462051391602 1.7976943254470825
v 4.014869213104248 12.9188232421875 0.40459734201431274
v -3.18546986579895 8.453262329101562 0.4364847242832184
v 1.248050570487976 11.475459098815918 1.1662864685058594
v 0.31845733523368835 7.704087734222412 -0.19615775346755981
v -0.303263396024704 9.70532512664795 4.1925368309021
v 3.86667799949646 14.366186141967773 2.5824151039123535
v 2.8611831665039062 10.079928398132324 3.51753830909729
v -0.06429138779640198 10.107748031616211 3.0152101516723633
v 4.203839302062988 13.127583503723145 0.9973574280738831
v 1.963891863822937 9.561009407043457 1.1119420528411865
v -0.15395720303058624 8.237186431884766 3.7802696228027344
v 5.5662126541137695 14.93245792388916 3.834012508392334
v -3.2865970134735107 9.316717147827148 4.765716075897217
v 5.314391136169434 15.10962200164795 2.080206871032715
v 3.8864758014678955 13.156558990478516 5.242459297180176
v -0.3036780059337616 7.984561920166016 -0.1725568026304245
v -0.7113699316978455 7.527811050415039 0.3389807641506195
v -0.0933876484632492 8.233134269714355 4.083095550537109
v 3.23641300201416 10.182512283325195 2.8049542903900146
v -3.2189228534698486 12.508444786071777 1.685005784034729
v 0.2270216941833496 7.496836185455322 0.8632000684738159
v 3.283632516860962 11.671563148498535 0.9714974761009216
v -0.4153680205345154 10.850268363952637 3.6782066822052
v 4.327373027801514 12.723565101623535 3.2921392917633057
v 4.713501453399658 8.240110397338867 5.038283824920654
v 0.5332921147346497 10.277831077575684 1.269859790802002
v -0.37971219420433044 8.901755332946777 3.236809492111206
v 4.141393661499023 13.336172103881836 -0.09333290904760361
v -1.1406279802322388 12.983772277832031 1.8056758642196655
v -0.16745580732822418 8.238631248474121 3.779559373855591
v 5.376473426818848 15.035116195678711 3.154717206954956
v -0.7314985394477844 11.077998161315918 3.5270493030548096
v 3.4628078937530518 7.7551140785217285 1.2405073642730713
v 0.41572731733322144 7.705759525299072 1.033185601234436
v -2.807408332824707 8.976701736450195 -0.4138255715370178
v 6.533734321594238 14.39665412902832 3.543876886367798
v -2.143970012664795 12.89200210571289 2.183088779449463
v -1.416113018989563 11.000322341918945 0.9275960326194763
v -1.0172675848007202 12.089791297912598 0.8380301594734192
v 1.0966650247573853 8.106493949890137 0.9081590175628662
v -0.08336450159549713 9.795857429504395 3.129382610321045
v -0.03420952707529068 10.313629150390625 0.7359574437141418
v -2.0998029708862305 10.925360679626465 1.203296422958374
v 3.331766128540039 8.304187774658203 4.451412677764893
v 4.250241756439209 13.129189491271973 0.2970857322216034
v 4.448235511779785 11.024846076965332 2.8940978050231934
v 2.6784350872039795 9.95667552947998 1.8065052032470703
v 3.041900873184204 7.7267913818359375 3.661442279815674
v -1.5853842496871948 7.667829990386963 0.3020411431789398
v 7.196002960205078 14.624188423156738 2.604886054992676
v 4.003411769866943 13.315531730651855 5.132881164550781
v 2.332535743713379 10.952919006347656 1.2933499813079834
v -3.316895008087158 8.940561294555664 4.38411808013916
v 3.4299404621124268 13.72127628326416 2.227091073989868
v 4.439696788787842 14.867673873901367 2.596224784851074
v 3.1225168704986572 14.379697799682617 2.204693078994751
v -1.8801826238632202 7.749269008636475 0.07821386307477951
v 5.235694885253906 8.921143531799316 3.6700403690338135
v 0.25155389308929443 10.301610946655273 1.7534745931625366
v -3.5580689907073975 9.766775131225586 3.644209861755371
v 0.5365020036697388 10.250887870788574 1.2524927854537964
v 5.332475662231445 15.10101318359375 2.175975799560547
v -0.014300413429737091 10.186972618103027 2.6578493118286133
v -0.2744264602661133 8.249773979187012 3.7733330726623535
v -3.0121045112609863 9.14269733428955 -0.18173721432685852
v -0.8377403616905212 9.404294967651367 4.205824851989746
v -1.168444037437439 7.6237311363220215 0.06795725971460342
v -3.4570376873016357 9.036355972290039 4.403246879577637
v 5.849457263946533 9.26827621459961 1.3452764749526978
v -0.9483117461204529 10.312090873718262 2.988966464996338
v -2.638082981109619 11.309104919433594 1.4775495529174805
v 4.73288106918335 13.120044708251953 -0.031344495713710785
v 0.5809686779975891 8.209193229675293 4.007359981536865
v 5.828650951385498 8.64139175415039 1.582153558731079
v -0.08066654205322266 9.835016250610352 3.1179490089416504
v 0.4925151765346527 10.405745506286621 1.082790493965149
v 4.149466037750244 10.811064720153809 1.8999652862548828
v 4.899609088897705 12.193401336669922 1.7564603090286255
v 2.693122625350952 8.151437759399414 0.5446449518203735
v 4.995495319366455 8.161304473876953 0.47786107659339905
v 3.8168163299560547 14.775558471679688 2.499607563018799
v 5.697290420532227 9.506867408752441 0.7492743730545044
v -3.2335591316223145 9.190844535827637 4.798146724700928
v -2.108964681625366 11.293818473815918 3.076622247695923
v -2.822756052017212 8.426525115966797 4.438474655151367
v 5.20365571975708 15.201319694519043 3.2242865562438965
v 3.1959125995635986 7.447024345397949 4.745400428771973
v -0.11629650741815567 8.40114688873291 0.9583876132965088
v -2.0047566890716553 12.048551559448242 3.035390853881836
v -2.048722267150879 13.1307373046875 2.2139382362365723
v -2.236893892288208 9.083378791809082 0.8002643585205078
v 1.2191417217254639 7.750217914581299 3.6660306453704834
v -1.3221513032913208 12.373506546020508 3.3182005882263184
v 2.1129438877105713 7.660078525543213 -0.07335184514522552
v 2.5055925846099854 9.440286636352539 0.48655232787132263
v 2.5161402225494385 8.172268867492676 0.5752475261688232
v 2.448343276977539 9.300220489501953 0.46555978059768677
v 1.963034749031067 9.307537078857422 1.035643458366394
v -3.185845136642456 8.38211441040039 3.792191982269287
v 4.34068489074707 13.11694622039795 0.6633893847465515
v 1.0190188884735107 8.172685623168945 -0.09580569714307785
v -2.35040020942688 8.473219871520996 1.023147463798523
v -3.1615943908691406 9.02237319946289 4.260541915893555
v 4.039088726043701 14.034147262573242 2.0475399494171143
v 7.680043697357178 13.695027351379395 3.3464629650115967
v 0.5108641386032104 7.507565498352051 3.710972547531128
v 1.8052266836166382 12.560544967651367 1.6051032543182373
v -3.5902256965637207 9.752694129943848 3.6487040519714355
v 3.7966976165771484 10.276063919067383 2.4836061000823975
v 0.7102109789848328 7.977270603179932 1.0511406660079956
v 5.449952602386475 15.270423889160156 4.037236213684082
v 2.919124126434326 7.387803077697754 4.259472370147705
v 4.170619964599609 12.701559066772461 3.7268197536468506
v -2.5437445640563965 13.199838638305664 1.726374864578247
v 4.877421855926514 9.182219505310059 0.4824008047580719
v 3.994046449661255 12.91702938079834 0.8311402797698975
v 4.727230548858643 8.293821334838867 4.863604545593262
v 6.879096984863281 14.016632080078125 1.8312708139419556
v -2.555880069732666 12.508877754211426 1.8155893087387085
v -1.2850486040115356 7.591609477996826 0.29604318737983704
v -0.18651649355888367 9.473769187927246 1.5291110277175903
v 5.589558124542236 8.663171768188477 4.078200817108154
v -2.5245773792266846 9.486393928527832 4.108246803283691
v 1.916987657546997 8.47360897064209 4.034736156463623
v 4.367032051086426 12.715890884399414 2.604865312576294
v -0.32513800263404846 8.26911449432373 3.797389030456543
v -0.38638514280319214 11.463455200195312 3.6640169620513916
v 4.44755744934082 8.952040672302246 3.8207814693450928
v 3.570326566696167 8.344038963317871 0.570021390914917
v -0.18908557295799255 8.666962623596191 4.132257461547852
v 5.128762722015381 14.586299896240234 3.39227557182312
v -0.26292335987091064 8.024336814880371 1.044327974319458
v -0.4257892370223999 10.78506088256836 3.7384305000305176
v 1.4312018156051636 11.124459266662598 1.262842059135437
v 2.483391761779785 10.447059631347656 2.004700183868408
v 2.208296060562134 8.570330619812012 0.6180717349052429
v 4.505679607391357 12.68887996673584 0.20181797444820404
v -1.452268362045288 7.79189395904541 4.618752956390381
v -1.1389797925949097 10.633782386779785 3.2208359241485596
v 0.0240254458039999 9.090620040893555 1.4366965293884277
v 4.146287441253662 7.955573081970215 1.3491923809051514
v -2.987797737121582 8.757696151733398 -0.44899898767471313
v 2.555773973464966 8.518346786499023 1.3689234256744385
v -0.4317680299282074 9.480831146240234 0.466909259557724
v -0.3377498686313629 8.408161163330078 -0.03632889315485954
v 4.433117389678955 12.694754600524902 5.15650749206543
v -2.2174086570739746 7.969308376312256 4.270758152008057
v -3.432547092437744 8.681723594665527 0.47582414746284485
v 1.4815598726272583 8.242575645446777 4.416416168212891
v -2.935697078704834 8.85294246673584 4.569871425628662
v 2.346808433532715 8.40499496459961 1.1432139873504639
v 3.54435133934021 10.58232307434082 1.6670668125152588
v -3.4563229084014893 9.043712615966797 0.485097736120224
v 3.9988698959350586 12.793525695800781 1.5494792461395264
v 7.880402088165283 13.137856483459473 2.8914828300476074
v 2.207119941711426 7.4043474197387695 4.248603820800781
v 4.336114883422852 13.860125541687012 1.459690809249878
v 2.8143694400787354 9.512910842895508 3.2308285236358643
v 4.454001426696777 12.698948860168457 1.0974568128585815
v 4.368274211883545 15.067522048950195 2.5450732707977295
v 2.6866304874420166 8.512734413146973 1.3602362871170044
v 7.137282371520996 14.538348197937012 2.2154793739318848
v 2.4377055168151855 8.126337051391602 4.798153877258301
v -0.7319188714027405 8.278965950012207 4.714066505432129
v 3.8960025310516357 13.014841079711914 3.0939323902130127
v 2.266500949859619 7.9655256271362305 3.6030385494232178
v 3.802905321121216 12.85769271850586 5.228698253631592
v 5.405768871307373 15.086668014526367 1.4176172018051147
v 3.2387466430664062 8.257628440856934 0.5213820338249207
v 5.613413333892822 14.890646934509277 3.898693084716797
v -1.5394163131713867 8.335183143615723 3.536301851272583
v 0.9428268074989319 8.26319408416748 0.2669200301170349
v 5.984551906585693 14.458972930908203 1.7323490381240845
v 3.8887100219726562 12.832083702087402 -0.01651192083954811
v 6.202842712402344 14.457283020019531 3.6967310905456543
v 4.33499813079834 12.739953994750977 4.523594379425049
v 5.468524932861328 15.279945373535156 3.703291654586792
v -2.8326194286346436 9.345815658569336 0.4389927089214325
v 2.746516704559326 10.225637435913086 3.78660249710083
v 6.747210502624512 14.86336612701416 3.0365090370178223
v 6.101015567779541 14.463676452636719 3.3636891841888428
v 5.12451696395874 8.373161315917969 5.011937618255615
v -0.6851445436477661 10.504758834838867 3.0283727645874023
v 5.468502044677734 14.853986740112305 3.965099573135376
v 4.946656703948975 8.108545303344727 1.4515208005905151
v 5.415035724639893 15.406291961669922 3.9443368911743164
v 4.468660831451416 13.097904205322266 0.642795979976654
v -2.302752733230591 9.14443588256836 3.8626670837402344
v 5.448209285736084 8.043008804321289 4.4354705810546875
v 5.7282633781433105 9.336875915527344 1.36342453956604
v -1.9762940406799316 8.57550048828125 -0.21227356791496277
v 2.6649389266967773 8.065645217895508 3.854872465133667
v -0.5717970132827759 7.526904582977295 0.0660833865404129
v 5.25909948348999 8.742816925048828 0.23554560542106628
v -1.6476138830184937 8.36594009399414 3.5176117420196533
v -2.4636220932006836 8.743709564208984 -0.14133767783641815
v -0.0025690433103591204 10.497114181518555 1.4269819259643555
v -1.946982979774475 8.180286407470703 3.519401788711548
v 7.6073994636535645 13.345730781555176 1.9952248334884644
v 2.720682144165039 8.933423042297363 3.2927916049957275
v 0.07040015608072281 10.189485549926758 2.676650047302246
v 4.655237674713135 12.95366096496582 -0.3633257746696472
v 4.84641170501709 7.889983654022217 4.161793231964111
v -0.23122180998325348 8.804920196533203 4.236203193664551
v 5.942015171051025 14.238321304321289 3.676410436630249
v -2.1574981212615967 10.428610801696777 1.757622480392456
v 6.905871868133545 13.331061363220215 1.8595232963562012
v 2.377321481704712 8.3958740234375 3.4149649143218994
v -1.7760475873947144 12.209542274475098 1.089922547340393
v 4.1926655769348145 13.094646453857422 4.4471516609191895
v 3.7508106231689453 7.486375331878662 4.491816997528076
v 3.3117706775665283 7.711032867431641 0.07368551194667816
v 3.4710206985473633 14.462983131408691 2.5351767539978027
v 6.99167537689209 13.778623580932617 1.8335121870040894
v 2.2813873291015625 10.206727027893066 0.8093076348304749
v 0.02146310731768608 9.033136367797852 1.4123936891555786
v 4.587756156921387 13.250561714172363 0.13091003894805908
v 7.227219104766846 12.844121932983398 2.6284594535827637
v -1.968287706375122 12.198990821838379 2.989945888519287
v 6.021908283233643 14.236294746398926 1.674129605293274
v 4.075339317321777 14.813554763793945 1.9651144742965698
v -2.322692394256592 7.823797702789307 0.6081371307373047
v 5.607494831085205 12.669206619262695 3.1245737075805664
v 0.30266502499580383 8.868532180786133 0.16773991286754608
v -2.012336015701294 13.077356338500977 1.7996101379394531
v 2.770120143890381 9.814759254455566 3.0953922271728516
v -2.0132124423980713 8.305697441101074 -0.2524251639842987
v 3.885474681854248 13.024884223937988 0.022820239886641502
v 4.349462985992432 13.116582870483398 0.5274037718772888
v 2.357083559036255 7.599538326263428 4.867278099060059
v 2.1627020835876465 8.218032836914062 4.051238536834717
v 4.598405361175537 11.273488998413086 2.5605196952819824
v -0.9330003261566162 10.637913703918457 3.260392189025879
v 1.0386794805526733 8.235115051269531 4.663406848907471
v 5.195630073547363 15.0150728225708 1.804800033569336
v 5.8069047927856445 9.293427467346191 1.3516807556152344
v -3.4520437717437744 9.047466278076172 4.474798202514648
v 2.10016131401062 8.998470306396484 0.8124517798423767
v -0.10733919590711594 9.260787010192871 3.250168800354004
v -2.2451353073120117 9.0958251953125 0.8000304102897644
v -2.3697381019592285 9.186302185058594 0.6658710241317749
v 2.5704782009124756 8.205549240112305 0.47008243203163147
v 2.7590622901916504 8.138151168823242 3.993647575378418
v 4.245431900024414 14.67788028717041 2.49607515335083
v 1.9183759689331055 11.931387901306152 1.179037094116211
v 4.372411251068115 13.088295936584473 2.087202310562134
v 0.05512499064207077 10.741520881652832 3.5735929012298584
v 2.737626552581787 11.583662033081055 1.0562735795974731
v 2.843165874481201 9.271370887756348 3.328789710998535
v 2.2079906463623047 9.363192558288574 4.26665735244751
v 5.038435935974121 9.114862442016602 1.7100743055343628
v 4.557140827178955 11.236769676208496 2.917442560195923
v 4.525020122528076 12.821480751037598 0.47714826464653015
v 1.0566402673721313 11.454245567321777 3.893786907196045
v 2.113375663757324 10.862141609191895 3.253376007080078
v 4.234802722930908 13.074557304382324 4.152243614196777
v 1.806769847869873 8.202997207641602 4.049732208251953
v 5.269930839538574 14.04643440246582 3.5708212852478027
v -1.578376293182373 13.180523872375488 1.9642800092697144
v -0.7965803742408752 7.80524206161499 0.9490482807159424
v 4.058095455169678 13.09237003326416 1.1963719129562378
v 5.088342189788818 14.869558334350586 1.7901227474212646
v 0.9977783560752869 7.629752159118652 4.840007305145264
v 1.1074532270431519 12.241844177246094 3.6023056507110596
v -2.0064773559570312 8.595969200134277 0.39087769389152527
v -1.7807819843292236 13.186728477478027 2.227168321609497
v 5.320484638214111 8.958739280700684 0.7409682273864746
v 5.431138515472412 14.785074234008789 3.5653560161590576
v 4.502101898193359 13.994851112365723 1.4795843362808228
v 2.251819610595703 8.229347229003906 4.430002212524414
v 4.751145362854004 9.357528686523438 1.3838610649108887
v 1.5646991729736328 11.92758560180664 1.192747950553894
v -1.0398845672607422 10.736983299255371 1.0515371561050415
v 0.20659130811691284 10.884552001953125 1.2730536460876465
v -1.4401715993881226 12.881340026855469 2.5746970176696777
v -1.9374159574508667 8.175976753234863 3.520324230194092
v -0.7708591818809509 8.406371116638184 4.275401592254639
v -2.5974204540252686 8.53302001953125 -0.10243464261293411
v 3.354782819747925 14.5226469039917 2.0436251163482666
v 4.13314962387085 7.551633834838867 4.4405622482299805
v 4.063162326812744 13.092761993408203 1.0991241931915283
v -2.92641019821167 9.375658988952637 0.20767460763454437
v 4.282386779785156 8.378439903259277 4.809634208679199
v 0.7939823865890503 10.395442962646484 3.1736392974853516
v 5.566889762878418 8.248583793640137 4.303224563598633
v 5.457664489746094 8.685419082641602 0.33681750297546387
v 4.837897777557373 14.722606658935547 1.7506223917007446
v -1.009191870689392 12.835866928100586 1.4094544649124146
v 4.723065376281738 12.344294548034668 1.4518604278564453
v -1.792677402496338 8.594225883483887 0.015262633562088013
v 5.992386817932129 9.288068771362305 1.146152138710022
v -1.2813851833343506 11.51473617553711 3.461766242980957
v -2.8799619674682617 12.337913513183594 1.9046924114227295
v 2.910825252532959 10.329874992370605 3.2226321697235107
v -1.7655844688415527 13.343832969665527 2.094940185546875
v 3.9517135620117188 13.084117889404297 3.239419460296631
v -0.43005359172821045 10.119060516357422 0.9712127447128296
v -0.09159504622220993 9.773106575012207 4.104219436645508
v 5.4197492599487305 15.388340950012207 3.963243246078491
v -2.145622730255127 12.803901672363281 1.750184416770935
v 3.2039194107055664 14.423924446105957 2.4052512645721436
v 2.3060717582702637 7.9981560707092285 3.863771677017212
v 5.146084308624268 15.039031028747559 3.1087276935577393
v 4.378505706787109 13.333606719970703 4.809013843536377
v 5.494167804718018 15.330612182617188 2.688610792160034
v 3.287630796432495 7.933403968811035 4.820609092712402
v 7.089719295501709 12.902745246887207 3.015312671661377
v -2.3009884357452393 9.110097885131836 3.8729474544525146
v 4.270927906036377 7.707024097442627 3.712000608444214
v 4.80873966217041 7.932509899139404 0.6943605542182922
v 4.978360176086426 8.508002281188965 1.5096745491027832
v -0.05970350280404091 8.874682426452637 0.11021410673856735
v -3.243072032928467 8.50707721710205 3.527249336242676
v 4.76389741897583 8.629658699035645 4.670816421508789
v 1.9771736860275269 9.393278121948242 0.8361272811889648
v -0.05661420524120331 10.444586753845215 2.8759605884552
v 5.182823657989502 8.887580871582031 0.20842157304286957
v 2.4975287914276123 8.777749061584473 3.2465763092041016
v 0.03432760015130043 8.882281303405762 0.10096898674964905
v -1.9911003112792969 10.515567779541016 2.7355403900146484
v 1.171250820159912 8.233539581298828 4.67529296875
v 1.2073036432266235 7.434861660003662 0.9505602717399597
v 3.9963250160217285 13.011958122253418 1.1278942823410034
v -0.29866722226142883 9.673108100891113 3.044018030166626
v 5.450644493103027 15.15424633026123 2.2248647212982178
v 6.060371398925781 13.167617797851562 3.4344377517700195
v 0.04810521751642227 9.884459495544434 3.2391905784606934
v 2.9455084800720215 10.223311424255371 1.110510230064392
v 3.469180107116699 11.26640796661377 3.4389381408691406
v -3.255150556564331 12.581954002380371 1.6538969278335571
v 0.04967212677001953 12.763895034790039 1.4714584350585938
v 4.425238609313965 7.895959854125977 4.803282737731934
v 4.065625190734863 12.660014152526855 5.261280536651611
v -0.34445440769195557 10.23249340057373 0.8599057793617249
v -0.6632026433944702 10.204980850219727 1.5656753778457642
v 3.060914993286133 8.235014915466309 3.778489828109741
v 4.256219863891602 8.453533172607422 3.651834726333618
v 2.1047134399414062 9.0084228515625 0.7775982618331909
v 3.6670422554016113 12.959674835205078 4.900108814239502
v -2.8197953701019287 12.605506896972656 1.6642420291900635
v -0.40409424901008606 8.237481117248535 0.8671414256095886
v 2.864217519760132 13.073139190673828 2.536139726638794
v -2.306875705718994 9.128644943237305 0.4881182014942169
v 2.3866026401519775 7.4510040283203125 1.0382108688354492
v -2.730159282684326 8.984003067016602 -0.17684392631053925
v 4.432892799377441 12.95732593536377 4.546485424041748
v 3.643193483352661 7.395784854888916 1.0157254934310913
v 5.1687726974487305 8.912688255310059 0.213738813996315
v 4.632339954376221 13.213120460510254 -0.2194465696811676
v -2.5241453647613525 13.225676536560059 1.7281715869903564
v 4.458103179931641 13.096850395202637 0.8013007044792175
v 0.21139918267726898 10.007569313049316 0.6025439500808716
v -0.09595930576324463 8.737024307250977 0.0886852890253067
v 8.026296615600586 13.822857856750488 2.8122458457946777
v 3.988936185836792 13.120099067687988 4.240067958831787
v 2.419473171234131 9.945881843566895 2.8311192989349365
v -2.6095387935638428 13.209297180175781 1.7877001762390137
v 5.106246471405029 15.292909622192383 2.993459701538086
v 4.916412830352783 14.36974811553955 3.4658803939819336
v -0.10520649701356888 12.540873527526855 3.105883836746216
v 2.199801445007324 8.625666618347168 4.46661901473999
v 4.17618989944458 12.704852104187012 0.7248808741569519
v 4.090890407562256 13.123653411865234 2.701646089553833
v 5.272823333740234 8.686097145080566 0.322591096162796
v -0.5556454658508301 8.502176284790039 4.342403411865234
v -1.5371967554092407 12.40722942352295 1.091044306755066
v 3.5756657123565674 7.570762634277344 1.1723227500915527
v 2.110929250717163 9.817534446716309 1.5606738328933716
v 2.2186200618743896 8.110543251037598 4.784486770629883
v 6.011044979095459 14.386091232299805 3.7643613815307617
v 3.8176560401916504 14.107375144958496 2.0314764976501465
v 5.951891899108887 9.312092781066895 1.1558879613876343
v -1.8100976943969727 13.336068153381348 1.9903843402862549
v 7.229583740234375 12.843432426452637 2.704794406890869
v 3.3676886558532715 7.713196277618408 0.07462451606988907
v 5.577486991882324 15.172683715820312 2.4361701011657715
v 5.147252082824707 15.18235969543457 2.2880120277404785
v 2.895622968673706 10.784218788146973 1.4338401556015015
v 3.4930009841918945 13.038286209106445 1.3959294557571411
v -1.5781081914901733 8.495585441589355 3.688458204269409
v 1.6833267211914062 8.17768669128418 3.7962522506713867
v 0.8722408413887024 8.235763549804688 4.649178981781006
v -1.686626672744751 12.647525787353516 2.8858113288879395
v 1.8602553606033325 8.228028297424316 4.685493469238281
v -0.10249248892068863 11.149085998535156 1.6067432165145874
v -2.230663537979126 7.857502460479736 3.9757537841796875
v 5.149556636810303 15.075708389282227 3.427454710006714
v 2.511671781539917 12.625900268554688 3.246521472930908
v 2.960244655609131 8.851016998291016 0.5221450328826904
v -1.0213611125946045 13.001313209533691 1.8184870481491089
v 2.4284231662750244 12.864175796508789 2.0019261837005615
v 5.628200531005859 15.42541217803955 2.2335641384124756
v -3.4295449256896973 9.053933143615723 4.317404270172119
v 0.8977027535438538 8.137168884277344 4.782808780670166
v 1.9707719087600708 8.118907928466797 4.802785396575928
v -3.2512121200561523 9.472495079040527 4.6382575035095215
v -2.653416872024536 8.968609809875488 -0.18815860152244568
v 0.3208245038986206 7.487658977508545 0.863913893699646
v 2.180506944656372 8.20968246459961 0.4310039281845093
v 3.9977402687072754 13.087687492370605 2.3554787635803223
v 1.3794524669647217 7.652164459228516 1.0954861640930176
v 2.4722344875335693 10.08577823638916 1.8747156858444214
v 6.661411285400391 12.838302612304688 2.6378297805786133
v 4.120309352874756 13.213273048400879 5.2734503746032715
v 0.30788859724998474 8.281011581420898 0.4501355290412903
v 3.709350347518921 14.637349128723145 1.932754397392273
v 3.5532774925231934 13.64704704284668 1.826366662979126
v -3.455317974090576 12.69265079498291 1.875810980796814
v 7.963808059692383 13.643318176269531 2.280087947845459
v 4.5787739753723145 7.683847904205322 1.2389549016952515
v 6.9887590408325195 13.77203369140625 1.8328533172607422
v -2.7864255905151367 8.269821166992188 4.174574851989746
v 4.6760945320129395 8.990545272827148 3.6312148571014404
v 7.5993170738220215 12.905341148376465 2.443049669265747
v -3.0776207447052 9.009663581848145 4.3228302001953125
v -0.7180397510528564 9.848282814025879 4.107265472412109
v 5.142000198364258 15.158205032348633 2.3105897903442383
v -1.1703076362609863 10.634103775024414 3.2127742767333984
v 5.598574638366699 8.64681339263916 4.274332046508789
v -0.30903202295303345 7.498646259307861 0.09907440841197968
v -1.4597835540771484 8.213611602783203 -0.23297053575515747
v 5.240730285644531 15.113515853881836 3.9263663291931152
v 2.486964702606201 8.547033309936523 3.367018699645996
v -2.1355373859405518 8.266105651855469 3.4976119995117188
v -2.6300346851348877 9.66901683807373 3.3756725788116455
v -1.9702386856079102 8.64877700805664 3.6647303104400635
v 2.8212459087371826 12.884382247924805 3.0023579597473145
v -0.9275133013725281 10.429381370544434 1.2485634088516235
v -3.1220459938049316 9.903240203857422 4.035759925842285
v 2.289076566696167 8.154837608337402 3.8069674968719482
v -0.26101118326187134 10.861004829406738 1.304473638534546
v 5.580972671508789 8.483681678771973 0.6380258798599243
v -2.2642502784729004 7.810596942901611 0.6134119033813477
v -3.120414972305298 9.306790351867676 0.3660711348056793
v 3.9003920555114746 12.79741382598877 3.6881651878356934
v 3.950916290283203 12.869385719299316 5.330228805541992
v 5.078384876251221 8.159087181091309 4.810899257659912
v 2.5311052799224854 11.152593612670898 1.452392578125
v 4.999780654907227 12.079641342163086 2.962005615234375
v 4.506558895111084 7.771424770355225 0.6293646693229675
v -0.03472717106342316 7.599646091461182 4.755539417266846
v 2.3706510066986084 9.534650802612305 4.222402095794678
v 5.823537826538086 15.321187019348145 2.7407820224761963
v 0.38951951265335083 10.428942680358887 0.953069806098938
v 2.440645933151245 10.10376262664795 2.4216294288635254
v -0.4806911051273346 8.848936080932617 0.9136139750480652
v -0.2000901699066162 8.987664222717285 0.19904133677482605
v 3.0575430393218994 8.51072883605957 1.1994917392730713
v 1.9140743017196655 8.59479808807373 3.7159554958343506
v 4.942049503326416 9.105609893798828 4.034298419952393
v -2.85611629486084 9.402911186218262 0.5802189707756042
v -0.26669853925704956 10.838536262512207 1.2812665700912476
v 2.9415318965911865 9.529707908630371 1.6026910543441772
v 3.1263203620910645 8.239945411682129 3.7817065715789795
v 2.729862928390503 8.338982582092285 4.35552453994751
v -2.938109874725342 8.917189598083496 -0.18765544891357422
v -1.1891162395477295 8.328239440917969 4.700101375579834
v 3.898452043533325 12.61371898651123 3.5018112659454346
v 4.874022960662842 15.237302780151367 2.5868067741394043
v 2.4639337062835693 10.492680549621582 0.8904711008071899
v 0.42606571316719055 12.012630462646484 1.0403761863708496
v -0.10524273663759232 7.568554401397705 3.7219340801239014
v 2.5165841579437256 8.666611671447754 3.3207361698150635
v 2.656075954437256 9.058168411254883 4.335812568664551
v -0.24340300261974335 10.010403633117676 0.5954952239990234
v 3.199554681777954 8.252115249633789 0.5153369307518005
v 2.9785900115966797 8.189359664916992 0.6906123161315918
v 5.392231464385986 15.537898063659668 3.694077730178833
v 1.9815627336502075 8.172750473022461 4.075692176818848
v 3.1457507610321045 9.191781997680664 1.275461196899414
v 3.8616838455200195 10.615316390991211 1.8394320011138916
v 5.538283824920654 15.067057609558105 3.09352970123291
v -0.44009071588516235 9.959776878356934 0.900689959526062
v 4.4303107261657715 12.821882247924805 2.1280579566955566
v 2.4122469425201416 10.129630088806152 2.7518534660339355
v 2.9014971256256104 9.188468933105469 0.5204999446868896
v 0.7653012871742249 8.269752502441406 0.2733750343322754
v -0.002352667972445488 11.070178031921387 1.130544662475586
v 5.366725921630859 8.72092056274414 0.22656603157520294
v -0.7497501373291016 8.026683807373047 -0.20657585561275482
v 3.32789945602417 13.577239990234375 2.490767240524292
v -2.022736072540283 7.943172931671143 3.551445960998535
v -1.4673995971679688 8.34322738647461 4.675930500030518
v 2.6914942264556885 10.420513153076172 2.7968997955322266
v 3.479422092437744 14.159028053283691 2.503514528274536
v 6.884606838226318 14.786815643310547 3.0185012817382812
v 2.5875461101531982 8.27347469329834 4.701074600219727
v -0.4455083906650543 8.3253755569458 4.3204169273376465
v 3.905099630355835 12.797208786010742 3.585937738418579
v 3.60457181930542 7.569497585296631 0.41157621145248413
v 4.476534366607666 12.848301887512207 -0.46913379430770874
v -2.1043856143951416 10.742654800415039 1.3158384561538696
v -0.6861570477485657 10.251018524169922 3.9500765800476074
v -2.460160493850708 13.002219200134277 1.7253825664520264
v -1.7990635633468628 12.419656753540039 1.767250657081604
v 5.416475772857666 15.257633209228516 1.3787809610366821
v 3.72389817237854 7.741114139556885 4.840446472167969
v 3.9135422706604004 13.014334678649902 2.750152349472046
v 1.9461497068405151 7.688168525695801 3.615020990371704
v 5.1183881759643555 8.32070255279541 4.750063419342041
v -0.0038548714946955442 12.883674621582031 2.3135361671447754
v 4.2464070320129395 13.214157104492188 4.519215106964111
v 0.5619794130325317 8.240408897399902 4.65368127822876
v 4.5310444831848145 13.140460968017578 4.850651264190674
v 7.500450134277344 14.441873550415039 2.982656478881836
v 2.7977871894836426 10.617314338684082 1.136338710784912
v 3.993318557739258 14.290361404418945 1.9924699068069458
v -1.694386601448059 8.073504447937012 3.5477986335754395
v -0.760055422782898 13.01938247680664 1.8385592699050903
v -0.5107812285423279 9.491777420043945 1.1830933094024658
v 2.1265881061553955 7.44565486907959 1.0026119947433472
v -0.1977861374616623 8.440496444702148 0.93780916929245
v 1.0956089496612549 7.418715476989746 0.4389699399471283
v 4.446012020111084 8.60771656036377 0.8831241726875305
v 4.442182540893555 7.626020908355713 0.9136838316917419
v 2.638234853744507 12.922877311706543 1.971900224685669
v 0.684378981590271 7.4757256507873535 0.13359661400318146
v -0.8597205281257629 10.350531578063965 3.340022563934326
v 4.387674331665039 13.348054885864258 0.10768076032400131
v 5.335925102233887 9.191741943359375 0.29984062910079956
v -3.0440785884857178 9.389863014221191 4.391934394836426
v 5.600415229797363 9.516016960144043 0.9672491550445557
v 5.317115783691406 8.298624038696289 4.7768683433532715
v 5.23087215423584 8.239513397216797 4.786433219909668
v -3.1229348182678223 12.360225677490234 2.1188371181488037
v -2.6719846725463867 11.963435173034668 1.8799210786819458
v 3.9901702404022217 12.91360855102539 -0.39119675755500793
v 1.7229368686676025 12.731012344360352 2.0216076374053955
v 1.9791665077209473 8.882098197937012 4.243145942687988
v 3.187180995941162 8.841965675354004 0.9825289845466614
v -0.7343486547470093 12.849909782409668 1.4507474899291992
v -1.3224908113479614 7.638162136077881 4.12261438369751
v -2.9501380920410156 8.664700508117676 -0.4745902717113495
v -2.4031474590301514 12.675350189208984 2.1674020290374756
v -1.0367066860198975 9.095909118652344 4.02696418762207
v -0.13138480484485626 11.097171783447266 1.5300847291946411
v 2.2997825145721436 10.597456932067871 3.6287953853607178
v 3.539750576019287 13.542037010192871 1.9738062620162964
v -3.1006178855895996 9.326401710510254 0.7450058460235596
v -1.547322392463684 8.337485313415527 3.5350863933563232
v -2.86997389793396 9.812324523925781 3.3699588775634766
v 2.0420215129852295 9.800076484680176 3.958772897720337
v 5.903130531311035 8.716193199157715 1.6351877450942993
v 5.543067455291748 15.650177001953125 2.0155625343322754
v -0.4392516314983368 8.988485336303711 1.179852843284607
v 3.0586984157562256 7.7164306640625 1.229175090789795
v 2.163332462310791 9.153291702270508 0.6287564039230347
v 5.89309024810791 14.4587984085083 3.601586103439331
v 6.525561332702637 12.936832427978516 2.973184585571289
v -3.2052974700927734 8.680879592895508 4.5616068840026855
v 5.009586811065674 9.090391159057617 1.7022640705108643
v -3.4208219051361084 9.005420684814453 3.337742805480957
v -3.047408103942871 9.34765338897705 0.17663200199604034
v -0.03837759792804718 8.020981788635254 3.6204469203948975
v -2.3467702865600586 9.03631591796875 -0.12382525950670242
v 2.694206714630127 8.151564598083496 0.5442748069763184
v 4.254322052001953 14.593555450439453 2.615006923675537
v -0.394491970539093 9.209267616271973 0.5175628066062927
v -1.9410958290100098 7.735686779022217 -0.1569746732711792
v 1.9310293197631836 12.56972599029541 1.5970191955566406
v -3.3388593196868896 9.147109985351562 4.7596845626831055
v -3.386268377304077 9.080185890197754 4.516909122467041
v 2.079880952835083 7.893704414367676 1.1290926933288574
v 4.279570579528809 7.7092390060424805 3.710991144180298
v -1.7542060613632202 12.748129844665527 1.79427170753479
v 4.0696492195129395 14.491983413696289 2.5527052879333496
v -1.2331660985946655 10.635833740234375 3.1951308250427246
v 3.1469433307647705 13.697890281677246 2.348879337310791
v 3.0297911167144775 8.237451553344727 0.7452501654624939
v 1.988814353942871 8.663360595703125 3.5526583194732666
v 5.433722496032715 15.36257553100586 1.3781018257141113
v 5.709615707397461 15.610650062561035 1.9122272729873657
v -1.853485107421875 8.622770309448242 0.011880346573889256
v 5.316717624664307 9.48153018951416 1.4000866413116455
v 5.981095314025879 14.54356575012207 3.4957101345062256
v 2.4047865867614746 8.351007461547852 4.492710590362549
v 2.859950065612793 8.528044700622559 4.165964126586914
v 0.3866010308265686 7.46769905090332 0.39879971742630005
v 5.475587368011475 15.434366226196289 2.277211904525757
v 4.538329601287842 9.079024314880371 1.0836632251739502
v 2.761631727218628 7.494332790374756 0.26093655824661255
v 3.2622580528259277 10.109603881835938 2.4298198223114014
v 0.19836491346359253 10.288853645324707 1.9224326610565186
v 4.423075199127197 10.97932243347168 2.8907902240753174
v -3.1908938884735107 12.49726390838623 1.6843478679656982
v -2.4796345233917236 8.27778434753418 4.504363536834717
v 2.640202760696411 7.368000030517578 3.9495246410369873
v -1.175021767616272 7.9490509033203125 3.5583667755126953
v 5.223404884338379 8.707071304321289 0.6069351434707642
v 5.358358860015869 15.35539436340332 1.4985803365707397
v -3.013063907623291 12.314718246459961 1.7315983772277832
v 5.614955902099609 14.724348068237305 3.7805356979370117
v 2.440829038619995 10.82785701751709 3.340428352355957
v 2.6314048767089844 10.75227165222168 1.448175311088562
v 1.121013879776001 8.221369743347168 4.080124378204346
v 5.452624797821045 8.927763938903809 0.7191391587257385
v 3.287367820739746 8.264080047607422 0.529387354850769
v 7.112742900848389 14.705206871032715 2.683769702911377
v 3.9178357124328613 13.12608814239502 0.043809674680233
v -0.5036625862121582 8.873931884765625 3.208970546722412
v 4.955724716186523 8.653111457824707 4.904594898223877
v -2.787487030029297 9.126739501953125 1.0677762031555176
v 0.3859415650367737 8.207967758178711 3.969428062438965
v 0.262048602104187 11.100868225097656 1.728912353515625
v 0.8380007743835449 12.217951774597168 3.6008872985839844
v 3.9305293560028076 13.149524688720703 0.04793167859315872
v 0.542672336101532 9.083600997924805 0.7823756337165833
v 5.283792018890381 15.407784461975098 3.8763132095336914
v 0.11624893546104431 8.344620704650879 0.9419332146644592
v 5.577793121337891 8.536696434020996 0.4481312036514282
v -0.4115804433822632 12.835612297058105 2.75050950050354
v -0.5467461347579956 8.308650970458984 3.5453221797943115
v 5.9545512199401855 12.83011531829834 2.5918641090393066
v 5.50697660446167 8.197888374328613 4.301632404327393
v 4.341265678405762 12.822199821472168 3.6804065704345703
v 5.672590732574463 14.601609230041504 1.6779239177703857
v -0.6026335954666138 7.476943492889404 0.6449022889137268
v 5.241997718811035 15.030105590820312 1.70217764377594
v 0.02288248762488365 11.016318321228027 1.4061487913131714
v 4.366347312927246 12.476284980773926 -0.1445682942867279
v -3.0870776176452637 9.163589477539062 4.228072166442871
v 2.3072831630706787 12.318679809570312 1.3067408800125122
v 3.886654853820801 8.04499626159668 0.15862523019313812
v 5.690648078918457 15.462634086608887 1.3878065347671509
v 2.4712977409362793 9.667519569396973 1.7384872436523438
v 3.9385757446289062 8.157815933227539 1.3431240320205688
v -2.1865389347076416 13.010762214660645 1.7648835182189941
v 0.358107328414917 9.607966423034668 0.47398754954338074
v -0.0873638242483139 7.488247871398926 0.36702102422714233
v -2.534029483795166 12.754419326782227 2.1684410572052
v 5.358109474182129 15.354198455810547 1.4983168840408325
v 3.479928493499756 8.061517715454102 1.2750273942947388
v 2.881089687347412 8.928072929382324 1.520285725593567
v 6.028724670410156 14.369917869567871 1.5088245868682861
v -1.0347821712493896 9.24730396270752 3.4548017978668213
v 4.296777248382568 8.740806579589844 3.9662704467773438
v -1.6963194608688354 11.326749801635742 0.9325809478759766
v -0.8755490779876709 9.095490455627441 4.288475036621094
v 2.2912144660949707 9.889509201049805 1.7639838457107544
v 3.2669260501861572 14.1430082321167 2.4958856105804443
v 4.641424655914307 13.209471702575684 0.12638531625270844
v 4.567001819610596 12.796939849853516 1.2899930477142334
v 0.46621111035346985 11.050182342529297 3.7156054973602295
v 3.871227979660034 12.798583984375 4.321455001831055
v 4.1989922523498535 8.251402854919434 1.3401010036468506
v -0.9152379035949707 7.579862117767334 0.06128741428256035
v -1.0741773843765259 8.493752479553223 0.380054771900177
v 2.407284736633301 10.10684585571289 2.4212217330932617
v 4.468350410461426 7.74385929107666 3.6750543117523193
v -0.6841185688972473 8.969942092895508 3.2002615928649902
v 4.861437797546387 12.147209167480469 1.7457321882247925
v 5.632829189300537 14.585931777954102 3.6507632732391357
v 4.348033428192139 12.738710403442383 0.414878785610199
v 5.208277225494385 8.29946517944336 3.5727686882019043
v -0.12185601145029068 9.412308692932129 0.3085681200027466
v 6.83547830581665 13.11101245880127 3.3697922229766846
v 5.437139987945557 8.95357608795166 0.7237161993980408
v 4.117400169372559 12.535669326782227 0.17501074075698853
v 3.2114686965942383 8.245290756225586 3.7898781299591064
v -1.452489972114563 12.91586971282959 1.7632896900177002
v 2.122260570526123 8.210749626159668 0.42159727215766907
v 3.229240655899048 11.323710441589355 1.119109869003296
v -2.4008169174194336 8.421439170837402 3.4887301921844482
v 5.433077812194824 15.340836524963379 3.9949097633361816
v -3.712139368057251 9.059414863586426 4.027594566345215
v -0.5937591195106506 8.27635383605957 4.226237773895264
v -0.3220740556716919 10.811877250671387 1.141392469406128
v -2.3612093925476074 11.79288387298584 1.2256230115890503
v 3.442868232727051 7.423001289367676 3.9495227336883545
v 0.3149968683719635 12.210261344909668 3.4710724353790283
v 3.6938602924346924 12.021112442016602 1.118138313293457
v 1.5066050291061401 8.22796630859375 0.08681762963533401
v 4.1461334228515625 13.12556266784668 1.8680287599563599
v -3.103332757949829 12.65838623046875 2.1478261947631836
v -0.3863312900066376 11.04418659210205 3.509960889816284
v 5.337565898895264 14.985365867614746 4.030725479125977
v -0.4949527382850647 9.629596710205078 1.2561179399490356
v 3.8903095722198486 13.01498794555664 3.205453634262085
v 5.389896869659424 15.281096458435059 3.0820388793945312
v 1.7901694774627686 11.923551559448242 3.9089300632476807
v -2.7125751972198486 8.464872360229492 -0.18628472089767456
v -0.900702953338623 7.542922019958496 0.32492050528526306
v -2.484365463256836 7.939821720123291 0.14593103528022766
v 3.673189878463745 12.867372512817383 4.890435218811035
v 7.608938217163086 12.884960174560547 2.558427333831787
v 1.1910103559494019 8.102005004882812 0.9130000472068787
v -0.07406657934188843 8.868168830871582 3.9719512462615967
v -2.0935027599334717 8.738277435302734 4.031308174133301
v 2.126753568649292 8.965311050415039 1.3888620138168335
v -0.3617902994155884 8.580955505371094 4.328891754150391
v -1.8021917343139648 12.377531051635742 1.1915837526321411
v -2.4322121143341064 13.247085571289062 2.1630024909973145
v 7.1493611335754395 13.016173362731934 3.229487895965576
v 4.018256664276123 10.931684494018555 1.5563338994979858
v -3.5262749195098877 8.51573657989502 0.0864899605512619
v 4.6172919273376465 15.038379669189453 2.29191517829895
v -2.529672622680664 8.527402877807617 1.02838134765625
v 1.5615684986114502 10.42460823059082 1.753260850906372
v -3.160853147506714 9.27649211883545 4.775173664093018
v 2.349731922149658 9.996649742126465 4.019735813140869
v 7.469001293182373 14.316781997680664 3.1901986598968506
v 4.250095844268799 12.738617897033691 4.631628513336182
v 3.7024459838867188 14.643604278564453 1.933566689491272
v 4.509944915771484 12.973251342773438 0.5895634889602661
v 2.948296308517456 7.341073036193848 0.9067795276641846
v 3.655221462249756 7.63834285736084 0.2037286013364792
v -2.933924674987793 12.966347694396973 2.030372381210327
v 6.810364246368408 14.255623817443848 3.525137186050415
v 3.820695638656616 11.583081245422363 3.3827178478240967
v 0.17481520771980286 12.212896347045898 3.439811944961548
v 4.445341110229492 12.546576499938965 -0.28707003593444824
v 2.3937461376190186 8.149081230163574 3.793846368789673
v 1.170756459236145 10.975442886352539 1.320720911026001
v 3.7474541664123535 7.654054641723633 0.22653135657310486
v 4.204761981964111 15.168181419372559 2.2753753662109375
v 4.296402454376221 8.515288352966309 0.8622931838035583
v 4.034554958343506 13.14273738861084 -0.3465033769607544
v 7.417699813842773 12.836857795715332 2.554232358932495
v -0.26509231328964233 7.980491638183594 -0.1749182939529419
v 2.039755344390869 9.172097206115723 4.245781898498535
v 0.39519912004470825 8.237887382507324 4.657416820526123
v -0.12146259844303131 9.555587768554688 4.185472011566162
v -1.678611397743225 8.573220252990723 0.5890215635299683
v 2.848177909851074 8.983471870422363 4.104913234710693
v 4.357604503631592 12.964923858642578 3.0591228008270264
v 3.972069263458252 11.232168197631836 1.4402258396148682
v 1.694716453552246 8.20024299621582 4.046744346618652
v 4.5345354080200195 13.368080139160156 1.3277992010116577
v 3.276705503463745 14.241353034973145 1.9507182836532593
v -0.19042368233203888 10.522583961486816 2.785797357559204
v 1.593315601348877 7.430761337280273 0.4299769103527069
v 2.9453623294830322 8.438937187194824 0.4656834900379181
v 4.215392112731934 14.497957229614258 2.9277913570404053
v -0.4621144235134125 10.508476257324219 3.904560089111328
v 3.5084030628204346 10.872135162353516 1.4341766834259033
v 1.574874997138977 8.22286319732666 0.08691908419132233
v 4.209774494171143 8.418081283569336 4.66175651550293
v 6.1411309242248535 14.464068412780762 1.5273981094360352
v 5.105046272277832 9.372492790222168 0.5638536810874939
v 4.361433029174805 13.13148021697998 0.39798131585121155
v 1.2920223474502563 8.239921569824219 0.08473669737577438
v 0.021480189636349678 9.057165145874023 3.6713428497314453
v 3.9327304363250732 12.733634948730469 0.14245454967021942
v 3.9095358848571777 12.797015190124512 3.489590644836426
v 0.7646490335464478 10.792136192321777 1.3413774967193604
v 4.313976287841797 12.783040046691895 -0.4759517014026642
v 4.341677665710449 8.476058006286621 0.28358402848243713
v 2.793074607849121 8.163158416748047 4.808321475982666
v -2.065673589706421 11.535453796386719 3.0934054851531982
v 2.946838617324829 8.18865966796875 0.9465371370315552
v -2.242314100265503 7.805312156677246 0.6147862672805786
v -1.9593019485473633 12.45340347290039 1.7902785539627075
v 2.6190872192382812 7.497714996337891 0.23943156003952026
v 2.416555643081665 8.49824333190918 0.4089212119579315
v -3.2002015113830566 8.678340911865234 -0.22987398505210876
v 1.1069339513778687 7.439007759094238 0.9387626647949219
v 2.8188376426696777 9.490269660949707 4.116059303283691
v 2.4372780323028564 7.9848198890686035 4.21047830581665
v 5.261609077453613 12.522090911865234 1.8871567249298096
v 4.357459545135498 12.822128295898438 3.398117780685425
v 2.2131154537200928 10.935108184814453 1.381046175956726
v 4.896897792816162 14.30197811126709 1.514809012413025
v -0.04292768985033035 10.937152862548828 3.5490150451660156
v 0.27727821469306946 9.383833885192871 1.499919056892395
v 2.844895839691162 8.358016014099121 3.8538806438446045
v -3.296248435974121 12.294082641601562 1.840723991394043
v 2.322138547897339 12.329977989196777 3.6162776947021484
v -1.967226505279541 12.684515953063965 2.1753203868865967
v 0.43895453214645386 9.021437644958496 1.0731855630874634
v 4.429839611053467 12.784908294677734 0.4213363826274872
v -0.5638076663017273 13.023101806640625 1.8499127626419067
v 2.9108054637908936 8.880739212036133 3.6129307746887207
v 1.8797664642333984 9.250983238220215 3.7787301540374756
v 2.3402621746063232 7.6839823722839355 -0.044562023133039474
v 7.047029972076416 12.9428071975708 2.157740831375122
v 2.3150932788848877 12.616216659545898 1.587310791015625
v 5.433855056762695 15.323277473449707 2.36871600151062
v 5.3284711837768555 15.450799942016602 2.2999019622802734
v -0.41519927978515625 10.262838363647461 2.84065318107605
v 2.8583548069000244 8.925459861755371 1.5352383852005005
v -0.10343150049448013 12.79743480682373 1.4606515169143677
v -2.039858818054199 11.753257751464844 1.0801582336425781
v 4.58339786529541 8.947470664978027 3.6308369636535645
v 3.7449188232421875 13.645610809326172 1.733455777168274
v -0.5207195281982422 8.338123321533203 4.005265712738037
v 7.7601728439331055 14.127217292785645 2.3622970581054688
v 0.6400598287582397 12.667424201965332 2.7762656211853027
v 4.040250301361084 13.090984344482422 1.5390974283218384
v -0.2524498701095581 7.750380039215088 4.791534900665283
v -0.20185066759586334 8.380589485168457 0.23485299944877625
v -0.37810438871383667 8.713582992553711 4.335195541381836
v 2.3025155067443848 8.153646469116211 3.8054168224334717
v -1.6636914014816284 7.922682762145996 4.707242012023926
v -1.498032808303833 7.6089043617248535 3.7833030223846436
v -1.4735875129699707 7.634443283081055 0.3000549376010895
v 6.520908832550049 12.905109405517578 2.830958843231201
v 3.7222654819488525 13.18575382232666 4.934778690338135
v -2.6547610759735107 8.008895874023438 3.8921313285827637
v 3.326354742050171 13.374459266662598 2.5824637413024902
v 0.484855592250824 8.291960716247559 0.020596956834197044
v 4.083316326141357 8.417948722839355 0.4808085262775421
v 1.4749644994735718 7.482872009277344 0.20026971399784088
v 5.998668193817139 14.20289134979248 3.6695308685302734
v -0.19700190424919128 11.652581214904785 0.9512943029403687
v 2.332326650619507 10.859843254089355 1.1920247077941895
v 4.0932230949401855 7.498322486877441 1.1194360256195068
v 0.3575684428215027 10.817159652709961 1.3271112442016602
v 2.0021824836730957 8.995332717895508 3.326185941696167
v 4.094830513000488 8.37791633605957 0.23408015072345734
v 0.03953561931848526 7.502216815948486 -0.0909755527973175
v 3.7205986976623535 13.085600852966309 5.090116500854492
v 4.076340675354004 12.797839164733887 4.442695617675781
v 0.38330262899398804 10.506159782409668 1.0129679441452026
v 4.22199821472168 8.609414100646973 3.817291498184204
v 5.446157455444336 8.833860397338867 0.17155390977859497
v -1.0624817609786987 10.735758781433105 1.0485285520553589
v 2.9635813236236572 10.24937915802002 1.6119024753570557
v 0.13731861114501953 9.329544067382812 0.2499242126941681
v -0.10574226081371307 8.512070655822754 1.0535508394241333
v 5.255475997924805 12.818916320800781 1.5956764221191406
v 4.766110420227051 12.99155330657959 0.11122868955135345
v 5.684745788574219 15.030009269714355 1.9513969421386719
v -2.4131011962890625 8.43223762512207 3.4898898601531982
v -1.7401267290115356 8.089280128479004 3.5433428287506104
v -3.514089822769165 8.849491119384766 4.065029621124268
v 0.49215543270111084 9.183836936950684 1.1771823167800903
v -2.7388789653778076 8.574356079101562 -0.011341172270476818
v -0.33508244156837463 10.076532363891602 1.6817063093185425
v 5.115128040313721 12.20842170715332 2.3024590015411377
v -0.8206658363342285 7.568790435791016 0.05988873913884163
v 3.1392552852630615 8.97089958190918 0.9892246723175049
v 5.0854878425598145 12.154267311096191 2.619410991668701
v 2.002408742904663 8.140995979309082 3.9768128395080566
v 6.932779788970947 13.49730110168457 1.8231619596481323
v -0.774079442024231 11.924703598022461 3.578727960586548
v 5.627340316772461 15.416975975036621 2.244882583618164
v 3.1884377002716064 13.582701683044434 2.3595075607299805
v 5.1339826583862305 8.993837356567383 0.6234309077262878
v 6.3679046630859375 14.453187942504883 3.5430104732513428
v -0.849693238735199 9.285304069519043 4.2675933837890625
v -1.5027588605880737 12.367569923400879 3.289832830429077
v 6.265242576599121 14.267914772033691 1.8518555164337158
v 2.4453718662261963 9.075281143188477 4.399448871612549
v 0.1987246721982956 11.597155570983887 1.0167224407196045
v 7.20861291885376 14.108390808105469 3.4948031902313232
v 5.409695625305176 8.848434448242188 0.7251039743423462
v 6.085133075714111 14.190088272094727 3.4751462936401367
v 2.4732067584991455 9.840130805969238 0.6128988862037659
v 3.2622029781341553 13.705500602722168 2.49354887008667
v -0.35378649830818176 8.457537651062012 3.515821695327759
v 3.99959659576416 13.822515487670898 3.140949010848999
v -0.9530362486839294 12.68007755279541 3.0733072757720947
v 5.599785804748535 8.124138832092285 4.435859680175781
v 3.9456984996795654 12.79562759399414 2.7041049003601074
v -3.2952089309692383 9.063013076782227 4.236440181732178
v 2.2812156677246094 10.215035438537598 0.8128679990768433
v 3.4505727291107178 7.753366470336914 1.2393053770065308
v 4.246349334716797 12.684565544128418 2.2542970180511475
v 1.143104910850525 11.0366849899292 3.7531471252441406
v -1.8914470672607422 8.05296516418457 -0.27533453702926636
v 2.2686305046081543 7.3992390632629395 4.718735694885254
v 5.469156265258789 14.56944751739502 3.6996867656707764
v -2.193537473678589 10.710516929626465 2.833965301513672
v 5.13647985458374 14.838443756103516 3.207987070083618
v 5.135442733764648 14.8326997756958 3.195056200027466
v -2.9640536308288574 12.317892074584961 1.729320764541626
v 0.29129859805107117 9.18139934539795 0.22959373891353607
v 2.9864840507507324 9.834455490112305 0.9397948384284973
v -0.02581333927810192 12.751150131225586 2.755180835723877
v 3.7270030975341797 12.659040451049805 1.1605695486068726
v -1.32058846950531 12.949604988098145 1.7824792861938477
v -0.48530280590057373 8.713756561279297 0.8072251081466675
v -2.250927686691284 7.8975090980529785 0.31835314631462097
v 4.711855411529541 13.104950904846191 -0.2172470986843109
v 4.095495223999023 12.897764205932617 5.355608940124512
v 5.15810489654541 15.19192123413086 2.0582852363586426
v -1.3684358596801758 7.877338409423828 4.720920085906982
v -1.9074655771255493 12.917986869812012 2.209491729736328
v -1.983389973640442 13.288899421691895 1.8522390127182007
v -0.1691562682390213 8.426892280578613 0.9464569091796875
v 4.9361982345581055 8.099541664123535 1.4498151540756226
v -0.88831627368927 12.093016624450684 0.8531370759010315
v 2.0697381496429443 10.144247055053711 2.41593337059021
v 2.7899293899536133 8.188694953918457 4.115322113037109
v -0.26227837800979614 9.171689987182617 4.241941928863525
v 1.6881113052368164 12.521976470947266 3.2726967334747314
v -0.5879159569740295 7.459127426147461 3.8967084884643555
v 3.8963119983673096 13.932662010192871 2.973762273788452
v 7.131881237030029 14.698351860046387 2.7452845573425293
v 2.085613250732422 7.609264850616455 4.853278636932373
v 1.993504285812378 7.84695291519165 4.836760520935059
v 0.28825950622558594 8.698829650878906 0.15076635777950287
v 3.870605945587158 12.798606872558594 4.334971904754639
v 4.253807544708252 12.737932205200195 4.567262649536133
v 5.1582818031311035 14.463435173034668 1.5707762241363525
v 4.386695861816406 13.0897216796875 1.8728511333465576
v 3.9623758792877197 13.084944725036621 3.034672498703003
v -0.36299434304237366 7.681099891662598 4.746620178222656
v 5.245303153991699 15.47789478302002 3.609025716781616
v -3.5724103450775146 9.855119705200195 4.066258907318115
v 2.01741361618042 8.13663387298584 0.03798307478427887
v 3.8679378032684326 13.015664100646973 3.643904447555542
v -2.482025384902954 8.658342361450195 -0.35401126742362976
v 1.1780438423156738 8.10251235961914 0.9124616980552673
v 5.981958389282227 12.836531639099121 2.5900378227233887
v 4.952490329742432 12.534261703491211 3.407698154449463
v 5.432506084442139 9.116974830627441 0.23410655558109283
v 5.488472938537598 9.24349308013916 0.5011633634567261
v 6.020028114318848 8.994086265563965 1.5698025226593018
v 1.8680185079574585 7.60745906829834 4.844537734985352
v 1.6894395351409912 7.32871150970459 3.943129777908325
v -2.2305045127868652 10.433368682861328 2.3716142177581787
v -0.7316548824310303 9.708098411560059 4.148936748504639
v -0.6877798438072205 10.43100643157959 1.2593557834625244
v 2.1779134273529053 8.066729545593262 4.2470550537109375
v -3.933277130126953 9.659208297729492 3.895481586456299
v -0.653508722782135 8.368227005004883 4.5797576904296875
v 1.947837233543396 8.633429527282715 4.13323974609375
v -0.04419177770614624 8.021214485168457 3.620073080062866
v 5.257166385650635 8.905376434326172 3.674030303955078
v 5.200199604034424 15.07850170135498 1.9371668100357056
v 2.768575429916382 12.445537567138672 3.33691668510437
v 3.6307544708251953 7.462477684020996 4.257343769073486
v 2.9339473247528076 9.332090377807617 3.98637056350708
v 2.4653725624084473 10.381573677062988 0.8275478482246399
v -2.367887020111084 11.306634902954102 1.2285223007202148
v 0.9761956930160522 7.390925407409668 3.9811081886291504
v 1.6034091711044312 7.538250923156738 -0.013923699036240578
v -3.064517021179199 9.382622718811035 3.313096761703491
v -1.7458373308181763 10.454082489013672 1.4400084018707275
v 5.392703533172607 15.484223365783691 3.829211711883545
v -1.6726144552230835 10.193069458007812 2.2828376293182373
v -3.4819021224975586 9.420266151428223 3.2833757400512695
v 2.4388651847839355 9.559550285339355 2.996920585632324
v 2.017815351486206 11.93951416015625 1.1769365072250366
v 5.863903522491455 9.259540557861328 1.34321928024292
v 4.437478065490723 12.810548782348633 -0.4710977375507355
v 0.9739072322845459 11.874654769897461 3.867157220840454
v 1.9994949102401733 9.487220764160156 3.144275426864624
v 3.9763689041137695 12.562976837158203 4.652854919433594
v 4.477424621582031 15.094097137451172 1.9980216026306152
v 3.911748170852661 13.014404296875 2.785288095474243
v 5.645761966705322 14.930459976196289 1.4827104806900024
v -3.8814339637756348 9.215202331542969 3.671053886413574
v -0.5860487818717957 9.100373268127441 4.375547885894775
v 2.6617069244384766 10.852426528930664 1.1875848770141602
v -1.126677393913269 10.11435317993164 2.0434696674346924
v 6.6972784996032715 12.849346160888672 2.371373414993286
v 4.297794818878174 12.67312240600586 1.2539758682250977
v 5.6506218910217285 15.148014068603516 1.578540325164795
v 4.069957733154297 7.665667533874512 3.7162680625915527
v 3.942363739013672 13.013547897338867 2.1853673458099365
v -1.0136772394180298 13.027353286743164 2.2398345470428467
v -2.984795331954956 8.80963134765625 -0.44002512097358704
v 4.22318696975708 12.754581451416016 0.41313275694847107
v -1.8763551712036133 12.896916389465332 2.2112553119659424
v 0.016336875036358833 8.192963600158691 0.6557148098945618
v 2.131352424621582 7.378116607666016 4.512484550476074
v 1.2982697486877441 7.4920334815979 3.7501168251037598
v -0.8626478314399719 8.210512161254883 3.826425790786743
v -1.4304543733596802 8.464123725891113 3.698713779449463
v 4.192648887634277 13.12720012664795 1.1661947965621948
v 3.708195924758911 10.215790748596191 2.4838929176330566
v -0.5006975531578064 10.203733444213867 4.030827045440674
v 4.254117965698242 8.168702125549316 0.20700477063655853
v 0.09705572575330734 8.729337692260742 0.08840835094451904
v 1.1649210453033447 8.187606811523438 0.6564390063285828
v -3.407700300216675 9.3364839553833 4.324423313140869
v 3.1411468982696533 8.521697998046875 0.6804747581481934
v 4.199512004852295 13.328919410705566 -0.13327692449092865
v 5.474113464355469 15.239770889282227 3.4094302654266357
v 4.625823020935059 11.387676239013672 2.9253811836242676
v 4.687033176422119 8.223746299743652 4.675656318664551
v -0.25093215703964233 7.491133689880371 0.10090582817792892
v 4.7639570236206055 12.88248062133789 -0.21517445147037506
v -2.1923437118530273 10.719745635986328 2.8415849208831787
v 0.5273148417472839 10.053976058959961 1.3800755739212036
v 0.8963636159896851 11.972469329833984 1.1333674192428589
v -2.646852970123291 9.32995891571045 0.022603346034884453
v 3.3921101093292236 11.770580291748047 1.016686201095581
v -1.0640331506729126 9.06371021270752 3.9189536571502686
v -2.909964084625244 8.796504020690918 -0.5097078084945679
v 2.6380391120910645 10.816668510437012 3.2007741928100586
v 1.8330086469650269 7.542688846588135 -0.024592863395810127
v 6.713912487030029 13.107575416564941 2.0080080032348633
v 3.3444173336029053 12.727094650268555 3.3946266174316406
v -0.12970194220542908 9.094917297363281 3.2912354469299316
v 5.373083591461182 15.6005277633667 1.6773394346237183
v -0.12413053959608078 12.243019104003906 3.40312123298645
v -2.963606357574463 9.210227012634277 4.635736465454102
v -1.6985422372817993 11.361135482788086 0.92874675989151
v -0.22478903830051422 7.7377495765686035 1.0036301612854004
v 0.382845014333725 10.512819290161133 1.018575668334961
v 3.329373598098755 13.151501655578613 3.079467296600342
v 3.564601421356201 7.44913911819458 3.934464454650879
v -0.1338503360748291 9.065313339233398 3.2962255477905273
v 6.3003644943237305 14.410638809204102 1.626538872718811
v 6.456193923950195 14.183511734008789 1.7659451961517334
v 4.514442443847656 12.121423721313477 1.4055430889129639
v 2.3693392276763916 10.470810890197754 1.7662800550460815
v 2.469543933868408 8.32451057434082 3.5215871334075928
v 3.0861783027648926 10.539990425109863 1.7045774459838867
v 1.9950426816940308 10.915166854858398 1.341949462890625
v -0.5623173713684082 9.401463508605957 3.06254243850708
v -3.1006968021392822 9.869742393493652 3.596409559249878
v 7.569040298461914 14.300100326538086 3.009542942047119
v 4.96550178527832 8.190549850463867 4.642313003540039
v 2.3243250846862793 7.405858039855957 4.721301078796387
v -0.5867398381233215 8.294743537902832 0.8659358024597168
v 4.524145126342773 14.011743545532227 1.4809520244598389
v -3.9197640419006348 9.442476272583008 3.4348020553588867
v 3.643812417984009 11.094413757324219 3.3528404235839844
v 2.805997133255005 8.257454872131348 1.1752671003341675
v -0.8893334269523621 10.211302757263184 3.389329195022583
v -0.5844668745994568 7.7648024559021 -0.23955599963665009
v -2.320948839187622 9.134612083435059 0.27528050541877747
v 5.598495006561279 15.156960487365723 2.929438591003418
v 4.431519031524658 13.094196319580078 1.2002123594284058
v 4.447092533111572 8.647672653198242 1.490361213684082
v 0.5114956498146057 10.26422119140625 1.4968540668487549
v 4.346246242523193 13.085683822631836 2.4797983169555664
v 6.284425258636475 14.327780723571777 1.7917890548706055
v 2.376110076904297 8.399086952209473 1.1666606664657593
v 5.485776901245117 14.74878978729248 3.8829846382141113
v 2.561997175216675 8.707289695739746 0.3276050090789795
v -3.1314425468444824 8.973308563232422 4.610093593597412
v 4.4279303550720215 8.884504318237305 1.0630433559417725
v -1.0004085302352905 8.71973991394043 3.5594136714935303
v -2.6377453804016113 11.435972213745117 1.4622163772583008
v -3.293830156326294 9.819082260131836 3.3780124187469482
v 3.8733596801757812 13.222159385681152 4.5543131828308105
v 0.5535759925842285 8.248600006103516 0.48212388157844543
v 5.66338586807251 14.776905059814453 1.6683324575424194
v 2.4281251430511475 7.413492202758789 4.726353168487549
v 2.446559429168701 9.194910049438477 3.1150999069213867
v 4.326381206512451 7.9737348556518555 0.16797544062137604
v -0.5118372440338135 9.229826927185059 0.6566139459609985
v 0.33716344833374023 8.39804744720459 0.3438771367073059
v 2.157113552093506 8.690033912658691 3.342641830444336
v 0.018337052315473557 8.665104866027832 1.2120306491851807
v 4.133556842803955 12.715027809143066 1.6695111989974976
v 4.726380348205566 8.598090171813965 4.794973373413086
v 3.828652858734131 13.016776084899902 4.413732528686523
v -3.308274745941162 8.227746963500977 0.7394489645957947
v -3.492753267288208 9.880953788757324 4.055725574493408
v 4.413256645202637 12.692553520202637 3.5077929496765137
v -2.036475896835327 12.969768524169922 1.7836718559265137
v 6.26500129699707 14.385746002197266 3.515430450439453
v -1.6553728580474854 10.650389671325684 3.125962018966675
v 3.44602370262146 8.054689407348633 1.2686489820480347
v 2.8977255821228027 8.615178108215332 1.3950059413909912
v 0.1352640837430954 11.434931755065918 3.721407175064087
v 6.047773838043213 14.191032409667969 3.471310615539551
v 3.070849657058716 7.444463729858398 4.7338714599609375
v 4.2357177734375 8.561431884765625 4.174491882324219
v 4.299168586730957 12.961739540100098 4.00636100769043
v 5.185396194458008 14.832758903503418 3.702195405960083
v 4.416665554046631 12.032560348510742 1.3777027130126953
v 5.695650577545166 8.529194831848145 1.509480357170105
v 2.6491942405700684 9.6106538772583 3.0664217472076416
v 3.739995002746582 13.890494346618652 2.624056339263916
v 4.833909511566162 8.298115730285645 0.2854905128479004
v 2.0615015029907227 9.013834953308105 0.963570773601532
v 4.25728702545166 12.800479888916016 -0.4806860685348511
v -0.18960218131542206 11.65148639678955 0.9521432518959045
v -0.39925843477249146 8.858814239501953 4.340236186981201
v 5.1739501953125 14.905074119567871 1.861789584159851
v -3.1522302627563477 12.484469413757324 1.6829036474227905
v 4.330259323120117 7.977345943450928 3.633890151977539
v -3.1782655715942383 9.17430305480957 4.193732738494873
v -0.5535640120506287 9.433929443359375 0.9224144220352173
v 4.602121829986572 14.523937225341797 1.78174889087677
v -1.8432646989822388 12.756891250610352 2.293752670288086
v 2.825477123260498 12.459939002990723 3.3456265926361084
v 2.467958927154541 10.352752685546875 0.8130201697349548
v 2.5817887783050537 9.161109924316406 4.3342814445495605
v 4.145219326019287 12.565077781677246 -0.3013637661933899
v 5.362077713012695 15.296226501464844 2.289604425430298
v -2.8638575077056885 8.239249229431152 0.3785168528556824
v 2.6957709789276123 8.338506698608398 0.4047459065914154
v 6.226670742034912 14.400267601013184 1.8462426662445068
v -0.7668541669845581 12.914179801940918 2.698096990585327
v 7.32486629486084 13.681754112243652 3.474653482437134
v 0.22001796960830688 10.179352760314941 1.8626954555511475
v 7.832581043243408 13.832801818847656 2.201368808746338
v -1.4142566919326782 12.588603973388672 1.7983325719833374
v 5.4496660232543945 9.159087181091309 0.3101365864276886
v 5.849586486816406 12.872048377990723 2.2976205348968506
v -2.3852624893188477 9.16659164428711 0.03752392157912254
v 1.0835561752319336 12.559258460998535 1.6009527444839478
v -2.044008731842041 12.450085639953613 2.10585355758667
v 1.8986754417419434 7.496968746185303 0.20317679643630981
v -0.8499929904937744 8.052218437194824 -0.20814639329910278
v 3.5598256587982178 8.09725284576416 3.624469041824341
v 3.976938247680664 10.395711898803711 2.5036098957061768
v -2.6689858436584473 11.033469200134277 2.479844808578491
v 5.556820392608643 15.393712997436523 1.9812872409820557
v 2.1714439392089844 7.501382350921631 0.19285807013511658
v 0.20876644551753998 10.854781150817871 1.2361911535263062
v -3.245846748352051 9.423576354980469 4.304331302642822
v -0.12729904055595398 8.624343872070312 3.6086933612823486
v 0.043154988437891006 8.355525016784668 0.23809397220611572
v 5.539297103881836 12.666028022766113 2.2909255027770996
v 4.309227466583252 14.287330627441406 3.1157095432281494
v -2.67189884185791 9.340164184570312 0.021547352895140648
v 0.1419965624809265 8.334885597229004 -0.0066709863021969795
v 4.538019180297852 11.197831153869629 2.913282871246338
v 1.5270147323608398 7.337582111358643 3.954896926879883
v -0.6356111764907837 7.537532329559326 0.061519838869571686
v 3.8611319065093994 12.79892349243164 4.540698051452637
v 2.7854652404785156 10.99533462524414 1.221673846244812
v 3.2866244316101074 13.370792388916016 1.8375192880630493
v 2.3042590618133545 10.557525634765625 3.671905994415283
v -2.8398935794830322 8.519804000854492 -0.08753994852304459
v 2.1120474338531494 7.3815412521362305 4.711145877838135
v 3.7424702644348145 7.420044898986816 1.0392694473266602
v 0.43118056654930115 8.430824279785156 0.7537152171134949
v 0.5163164734840393 9.669888496398926 0.8985556960105896
v 5.2860002517700195 15.375701904296875 1.7865478992462158
v -1.881937861442566 7.900674819946289 4.553348541259766
v 5.4242963790893555 8.674171447753906 0.32807657122612
v -0.4658207297325134 10.207512855529785 1.3008190393447876
v 4.641552925109863 15.092988014221191 2.130559206008911
v -0.13056951761245728 8.225422859191895 0.8534916639328003
v 5.271528244018555 14.047503471374512 3.57081937789917
v 5.4656901359558105 14.075657844543457 1.5098944902420044
v 2.3278863430023193 10.316742897033691 3.8488833904266357
v -3.962627649307251 9.646899223327637 4.133479118347168
v 2.2268319129943848 12.604040145874023 1.5936534404754639
v 1.3381284475326538 7.3998003005981445 4.226789474487305
v 5.203108787536621 15.241724014282227 3.307077646255493
v -0.6836469769477844 8.441461563110352 0.19680926203727722
v 4.321730613708496 13.266180038452148 0.2850494682788849
v -2.9968950748443604 8.650845527648926 -0.3150518238544464
v -2.940666437149048 12.322503089904785 1.7321828603744507
v 3.623164653778076 8.317634582519531 4.451094150543213
v 0.5370714068412781 7.978415012359619 1.04250168800354
v -0.7955233454704285 8.232523918151855 3.7004053592681885
v 3.882874011993408 10.428157806396484 2.1566128730773926
v -2.344348430633545 8.376296997070312 3.4804768562316895
v 7.816805362701416 14.106987953186035 2.8389480113983154
v 1.9824681282043457 8.168027877807617 4.061595916748047
v 4.140861511230469 8.409324645996094 4.198128700256348
v -3.420034170150757 12.4550199508667 2.0903382301330566
v 2.1887571811676025 8.520766258239746 0.8603882193565369
v -0.2629813551902771 9.953644752502441 2.9684689044952393
v 4.592196464538574 15.048788070678711 2.0145225524902344
v 3.205503463745117 7.4084553718566895 3.9339332580566406
v -0.4616190195083618 7.608681678771973 3.692329168319702
v 3.936375617980957 13.01793384552002 5.31827449798584
v -1.1938469409942627 8.062352180480957 4.7428693771362305
v -1.8422744274139404 12.870943069458008 2.213047504425049
v 0.03995180502533913 11.437223434448242 3.708136796951294
v -3.8842499256134033 9.218664169311523 3.6698291301727295
v -0.6468316316604614 8.504414558410645 4.3483662605285645
v 4.26407527923584 7.821049690246582 4.820371150970459
v 1.1220927238464355 8.007916450500488 3.6314737796783447
v 7.364964008331299 14.478900909423828 3.0330822467803955
v 4.19230842590332 12.556897163391113 4.641697883605957
v 3.8708181381225586 13.386040687561035 1.4439435005187988
v 4.979080677032471 9.418856620788574 0.6805979609489441
v 3.2685515880584717 8.288070678710938 0.2835177779197693
v 5.7182745933532715 12.726902961730957 2.6059234142303467
v 4.172776699066162 12.486674308776855 3.517408847808838
v 2.6910977363586426 10.98065185546875 1.237754464149475
v 3.6079800128936768 13.486607551574707 2.949470281600952
v -0.38313794136047363 9.555159568786621 1.4064252376556396
v 0.40138962864875793 8.635448455810547 0.9239192008972168
v 4.097813129425049 15.170853614807129 2.2635669708251953
v 4.194540500640869 13.128291130065918 1.2594810724258423
v 2.4317142963409424 8.215413093566895 0.4618995189666748
v 3.5989990234375 11.363886833190918 1.1976267099380493
v -1.4718539714813232 13.027664184570312 2.131495237350464
v 7.226668357849121 12.844926834106445 2.552889585494995
v 5.262983798980713 9.556943893432617 1.1869068145751953
v -3.085310220718384 8.195891380310059 0.038335587829351425
v 5.217371940612793 9.532478332519531 0.9582255482673645
v -0.5116043090820312 7.781217575073242 4.769772529602051
v 4.232824325561523 12.687601089477539 2.5173254013061523
v 4.267942428588867 12.960037231445312 4.512610912322998
v -1.1617763042449951 12.980204582214355 1.803205132484436
v 4.022560119628906 13.011223793029785 0.6137819886207581
v 3.8833212852478027 13.015201568603516 3.342423439025879
v 5.322715759277344 15.028640747070312 3.279770851135254
v 1.4399878978729248 7.866243839263916 4.813912868499756
v 5.59092903137207 9.485688209533691 1.1970003843307495
v 2.327075719833374 8.032735824584961 4.316417694091797
v -1.8282753229141235 12.54708480834961 1.3594402074813843
v 2.6978652477264404 11.080863952636719 3.845097303390503
v 4.504197120666504 9.07751178741455 1.3339638710021973
v 4.191553592681885 8.04257583618164 4.822760581970215
v 4.038086414337158 13.090816497802734 1.5806885957717896
v -2.4889402389526367 13.215381622314453 2.1577634811401367
v -0.7067204713821411 8.0201997756958 -0.2030387967824936
v -3.2057712078094482 9.866963386535645 3.60440731048584
v 5.423125267028809 9.033888816833496 0.17472758889198303
v -0.11972590535879135 9.152116775512695 3.277559518814087
v 5.262651443481445 9.117774963378906 0.6362891793251038
v 5.204442501068115 15.344765663146973 3.6741535663604736
v 3.818227529525757 13.017044067382812 4.618098258972168
v 1.7023801803588867 7.453024387359619 4.744176864624023
v -0.4093685448169708 9.710342407226562 0.5966407656669617
v 2.8385558128356934 9.54857063293457 0.6863303780555725
v 4.114066123962402 13.12447452545166 2.351979970932007
v 6.3970866203308105 14.537216186523438 1.8450427055358887
v 2.1307530403137207 10.934885025024414 3.1456987857818604
v 5.803467750549316 8.601027488708496 1.2446008920669556
v 2.4165287017822266 7.951009273529053 3.600924491882324
v -3.4545841217041016 9.774673461914062 4.430145740509033
v 5.223884105682373 12.421006202697754 2.0702288150787354
v -1.0889359712600708 13.02346420288086 2.2325568199157715
v 0.6119289994239807 8.285245895385742 0.027100639417767525
v 4.490729331970215 8.616487503051758 4.771612167358398
v -2.6046807765960693 7.945812225341797 -0.03687034919857979
v 0.494375616312027 9.15531063079834 1.165441632270813
v -2.904280662536621 12.917320251464844 1.8949053287506104
v 0.04463544860482216 8.56120491027832 1.1546834707260132
v 4.916109561920166 12.210906982421875 1.7618826627731323
v -3.267549514770508 9.537130355834961 4.496728420257568
v 6.532310485839844 12.9472017288208 3.0118019580841064
v 5.311017036437988 9.182814598083496 0.550868570804596
v 5.332599639892578 9.123612403869629 1.698474407196045
v -1.4912946224212646 12.550748825073242 1.8002121448516846
v -2.702760696411133 8.656777381896973 0.023259202018380165
v -0.22688809037208557 7.994845867156982 4.761038780212402
v -0.24868866801261902 9.303732872009277 0.35010597109794617
v -0.25079962611198425 9.960256576538086 0.5670692920684814
v 1.9189578294754028 10.51940631866455 3.2395260334014893
v -2.614366054534912 8.620940208435059 3.4528698921203613
v -2.481821298599243 7.938930034637451 0.14559094607830048
v -3.1011805534362793 9.801666259765625 4.389218807220459
v 4.342309951782227 12.822199821472168 3.6621906757354736
v 2.2800965309143066 7.677656650543213 3.62949538230896
v 2.2834973335266113 10.136361122131348 0.7800167202949524
v 5.432857036590576 15.3257417678833 1.7884259223937988
v 1.0035004615783691 11.194119453430176 1.2290306091308594
v 4.178119659423828 12.555265426635742 4.641408920288086
v 4.4622650146484375 13.044964790344238 0.42142388224601746
v 4.757558345794678 12.82193374633789 0.07624629884958267
v 2.9716503620147705 9.265486717224121 0.6834962368011475
v -0.672903299331665 10.328812599182129 3.0469260215759277
v 2.943230628967285 8.902958869934082 3.674492120742798
v -0.2219264656305313 10.474478721618652 3.907884359359741
v 3.6182854175567627 11.071380615234375 3.357489824295044
v 4.078480243682861 15.115495681762695 1.9598867893218994
v -3.109501838684082 9.42081069946289 3.3063580989837646
v 2.9568819999694824 9.357721328735352 3.7758986949920654
v 5.321897029876709 15.16184139251709 1.9999016523361206
v 0.3328571617603302 10.3563871383667 1.800960659980774
v -0.3490505516529083 8.414422035217285 0.7394106388092041
v 1.0985450744628906 12.651199340820312 2.8375070095062256
v 1.1376380920410156 12.703817367553711 1.9869869947433472
v -0.18154297769069672 10.733333587646484 1.0658241510391235
v 1.5121644735336304 10.26021957397461 2.053377389907837
v 3.885676622390747 13.079029083251953 4.507640361785889
v 4.588396072387695 7.854961395263672 1.3583102226257324
v -0.09237875789403915 10.151734352111816 2.2111289501190186
v -1.453410267829895 8.096504211425781 4.737367630004883
v -2.998375654220581 9.364386558532715 0.18897418677806854
v 2.474372386932373 10.504127502441406 2.0275158882141113
v -0.5662980675697327 9.378180503845215 3.0700461864471436
v 3.4168689250946045 10.910147666931152 3.4241127967834473
v -0.5327427983283997 7.619480133056641 3.6906819343566895
v 2.6765270233154297 9.308602333068848 3.170027017593384
v 0.3281838595867157 7.525446891784668 3.71372127532959
v 1.3570685386657715 7.358010768890381 3.971713066101074
v -3.141535758972168 9.387094497680664 4.7255539894104
v 2.9744601249694824 8.194608688354492 0.6688453555107117
v -2.9836618900299072 8.758482933044434 4.58115816116333
v -0.4995209276676178 8.967484474182129 3.1715810298919678
v 4.375535488128662 8.514841079711914 1.358230471611023
v 3.2286949157714844 12.157113075256348 3.5374436378479004
v 3.859501361846924 12.906075477600098 3.5872080326080322
v 5.45062780380249 14.711483001708984 3.4961397647857666
v 6.879569053649902 13.036676406860352 2.0082647800445557
v 2.7275946140289307 8.133604049682617 4.2042646408081055
v 5.432681083679199 14.580845832824707 1.7409967184066772
v 5.169395923614502 9.129860877990723 0.42102736234664917
v -1.9038094282150269 12.321986198425293 1.812666654586792
v 4.486339569091797 13.099668502807617 0.3775773346424103
v 3.0120091438293457 10.08255672454834 1.2910511493682861
v 2.9193270206451416 8.706390380859375 3.92171573638916
v 2.597736358642578 8.719472885131836 0.32721054553985596
v 5.143343925476074 15.064919471740723 3.3918986320495605
v 0.3064573109149933 10.425971984863281 1.8668386936187744
v -1.0574465990066528 12.0881986618042 0.8328158855438232
v -0.9217430949211121 8.258624076843262 3.979651689529419
v 3.09954571723938 13.861014366149902 2.365957021713257
v 2.3710227012634277 8.171393394470215 3.606405258178711
v 3.4190783500671387 7.546573638916016 0.36989861726760864
v 1.775909423828125 7.858877658843994 4.818196773529053
v 4.001194953918457 12.74640941619873 4.602320671081543
v 2.725990056991577 11.581812858581543 1.0576246976852417
v 5.877882957458496 14.615703582763672 1.7300320863723755
v 2.2103335857391357 8.411931991577148 0.7558085918426514
v 4.41478157043457 12.538437843322754 -0.28693079948425293
v 0.5681217908859253 7.366429805755615 0.6769744753837585
v 5.561646938323975 15.43123722076416 3.4720382690429688
v 2.074126720428467 9.270498275756836 4.178137302398682
v 5.142168998718262 8.645035743713379 1.5688577890396118
v -0.14070291817188263 11.44914436340332 3.6901984214782715
v 4.527164936065674 14.907220840454102 2.9388771057128906
v 5.9078145027160645 9.376797676086426 0.9366967678070068
v 2.0662596225738525 10.200082778930664 2.8309121131896973
v 4.728125095367432 8.275052070617676 4.594913959503174
v -3.2143781185150146 8.95169448852539 4.6146931648254395
v 6.892111778259277 13.238759994506836 1.901365041732788
v 5.987544059753418 14.224333763122559 1.5819438695907593
v 5.287374019622803 14.91463851928711 1.6604435443878174
v 3.0109355449676514 7.518222808837891 0.28450697660446167
v 5.8980278968811035 12.991128921508789 2.011615514755249
v 2.3537094593048096 7.375675201416016 4.509456157684326
v 5.516081809997559 9.428510665893555 1.3868463039398193
v 3.9912562370300293 12.916802406311035 0.8882633447647095
v -0.6695877313613892 8.273964881896973 4.716968536376953
v 4.879459381103516 9.19706916809082 1.727592945098877
v -1.8953408002853394 7.744816303253174 4.0495686531066895
v -2.954782485961914 9.205718994140625 4.405104637145996
v 2.4101409912109375 10.945390701293945 3.2005276679992676
v 4.040371417999268 12.9888277053833 4.431866645812988
v 0.3602296710014343 9.696467399597168 0.5158437490463257
v 1.8909283876419067 8.693967819213867 3.8818376064300537
v 1.910862922668457 10.446442604064941 3.325713872909546
v 0.06352739036083221 7.722604751586914 1.0278880596160889
v 1.3603037595748901 8.244891166687012 0.3109285831451416
v 3.1706337928771973 10.213349342346191 2.075028896331787
v -1.0012331008911133 9.209897994995117 3.649822235107422
v -0.3291952908039093 9.459672927856445 3.084221363067627
v -0.6990168690681458 10.651185989379883 3.308239221572876
v 4.555256366729736 12.529292106628418 -0.12254408746957779
v 5.455319881439209 15.20978832244873 2.1634409427642822
v -2.041663646697998 11.69178295135498 1.066500186920166
v 0.6848567724227905 8.278572082519531 0.2804548740386963
v 1.766971230506897 7.645667552947998 1.1414451599121094
v -0.42921605706214905 9.097233772277832 1.2072341442108154
v 0.41159912943840027 8.82638931274414 0.3028300404548645
v 4.557798385620117 12.940470695495605 5.018863677978516
v -2.1343002319335938 12.590702056884766 1.779890537261963
v 0.2017461508512497 12.7232027053833 2.7502858638763428
v 2.4111835956573486 12.931427001953125 2.441742181777954
v 2.6998395919799805 8.348779678344727 4.382253646850586
v 4.560720920562744 12.16878604888916 1.4170379638671875
v -0.3173324465751648 10.458259582519531 0.9949089288711548
v -2.9651331901550293 8.733219146728516 -0.08694051951169968
v -2.517481565475464 13.192261695861816 2.1548542976379395
v -2.1102826595306396 7.822220802307129 0.10698090493679047
v 5.493241310119629 15.154669761657715 3.2309932708740234
v 3.675579309463501 13.590173721313477 2.9677391052246094
v -0.029707057401537895 10.354353904724121 2.0339720249176025
v 0.1961928755044937 10.199868202209473 2.713054895401001
v 4.148272514343262 13.125635147094727 1.8357396125793457
v -3.7024762630462646 9.179192543029785 4.465487480163574
v 4.417881965637207 12.8218994140625 2.3447043895721436
v -2.5377440452575684 9.4151029586792 4.365940570831299
v -0.5086785554885864 7.581293106079102 4.268771648406982
v -1.496124267578125 7.753143787384033 4.3995585441589355
v 2.110729455947876 10.799361228942871 3.335613250732422
v 3.3732471466064453 7.765977382659912 3.6382415294647217
v 7.344458103179932 14.576355934143066 2.723128318786621
v 0.19537240266799927 11.075977325439453 1.5092179775238037
v 1.7119938135147095 12.556225776672363 1.6172326803207397
v 8.021180152893066 13.781888008117676 2.8940305709838867
v 3.6981465816497803 13.819722175598145 1.8644037246704102
v 5.022431373596191 12.330782890319824 3.2650375366210938
v 5.320704460144043 8.855486869812012 3.688011884689331
v 0.15026593208312988 10.189491271972656 2.2289276123046875
v -0.5527580380439758 7.608760356903076 4.5094780921936035
v -1.0011948347091675 7.918482303619385 3.5540621280670166
v 4.926919937133789 13.758722305297852 3.516667604446411
v -3.2793140411376953 12.359919548034668 2.096759557723999
v 2.7755885124206543 10.45932674407959 3.478455066680908
v 0.314027339220047 9.17430305480957 0.23748211562633514
v -0.3412512242794037 12.831149101257324 1.4446563720703125
v 2.3660852909088135 8.140830993652344 0.655508279800415
v 0.432196706533432 7.51223087310791 3.7103865146636963
v 4.9258317947387695 9.230162620544434 0.5006819367408752
v -0.6786351203918457 9.257817268371582 4.306558609008789
v 5.032392978668213 14.461944580078125 3.4817306995391846
v 5.201416492462158 9.139530181884766 0.2798026204109192
v 5.251197338104248 15.30039119720459 1.8796519041061401
v 1.7798181772232056 8.237481117248535 4.426022529602051
v 3.521953821182251 14.357734680175781 2.538278579711914
v -1.6560794115066528 12.65577507019043 2.8939156532287598
v -2.446819305419922 8.933748245239258 1.0593065023422241
v -0.3925549387931824 11.066516876220703 1.047776460647583
v 1.2178993225097656 7.484846591949463 0.18701595067977905
v 1.9829614162445068 7.898288249969482 1.118367075920105
v 2.6771647930145264 7.92212438583374 0.03384140133857727
v 3.1067938804626465 7.734206199645996 3.6585745811462402
v -3.3617734909057617 9.4584321975708 4.513669967651367
v -2.001833200454712 12.059520721435547 3.032731294631958
v -2.1993789672851562 8.966165542602539 0.4647620916366577
v 4.676024913787842 8.512238502502441 5.024933815002441
v 5.292613983154297 15.226438522338867 2.9887688159942627
v -1.3184940814971924 10.731674194335938 1.0009286403656006
v 0.471976101398468 9.554878234863281 1.3499258756637573
v 1.9028502702713013 10.019719123840332 3.632534980773926
v -2.3387537002563477 12.797637939453125 1.7491828203201294
v 4.760337829589844 14.227869987487793 3.463427782058716
v -3.0933055877685547 8.30052375793457 3.817823648452759
v 0.4732712507247925 8.23953628540039 4.656643390655518
v 0.04744832590222359 8.345481872558594 0.9567901492118835
v 3.9129791259765625 13.01435661315918 2.7611782550811768
v 5.492724895477295 15.405350685119629 1.831915259361267
v 5.5704874992370605 15.203119277954102 2.3371856212615967
v 2.0252747535705566 8.117259979248047 4.797054290771484
v -0.0012366269947960973 10.844269752502441 1.175493836402893
v 4.707492828369141 13.170166015625 -0.03579934313893318
v 0.5952830910682678 8.158585548400879 0.8947334289550781
v -0.4305464029312134 10.47563648223877 1.486533284187317
v 5.990230560302734 14.362068176269531 1.8589177131652832
v 5.20121955871582 8.685843467712402 0.5102977156639099
v 4.254223823547363 8.594813346862793 4.169273853302002
v -1.6259084939956665 8.561432838439941 0.17452311515808105
v 2.8954780101776123 9.023152351379395 3.420285224914551
v 4.436123847961426 12.616772651672363 4.8399505615234375
v 2.2881436347961426 9.139915466308594 1.5611604452133179
v -3.450197219848633 9.345183372497559 4.535900592803955
v 4.075667381286621 13.374074935913086 4.755530834197998
v 0.9225471019744873 11.872109413146973 3.8616442680358887
v 2.622713804244995 12.64174747467041 3.2474398612976074
v 1.505829095840454 10.927803039550781 1.3580834865570068
v 7.564087390899658 14.368154525756836 2.4445600509643555
v 4.289194583892822 13.818730354309082 1.4521455764770508
v 2.0471274852752686 10.668465614318848 1.6320844888687134
v -1.4568023681640625 12.811102867126465 1.8504303693771362
v -1.9024401903152466 13.278919219970703 2.2236902713775635
v 3.824631690979004 13.99074649810791 1.9020028114318848
v 2.099889039993286 10.644340515136719 3.5172348022460938
v 3.102368116378784 14.099437713623047 1.9805184602737427
v 2.6731414794921875 8.736863136291504 0.34129151701927185
v 2.375805616378784 7.948757648468018 4.158341407775879
v -3.0925142765045166 9.406389236450195 3.3089027404785156
v -0.5067803859710693 9.795414924621582 1.0822561979293823
v 3.1552889347076416 7.4068603515625 3.929424524307251
v -1.4420490264892578 8.209077835083008 -0.23199373483657837
v -0.4482208490371704 10.049833297729492 1.489377737045288
v -0.09683101624250412 9.735743522644043 4.116576671600342
v 4.0969085693359375 13.095379829406738 0.4510558843612671
v 5.070072174072266 8.192875862121582 0.4949096739292145
v 5.393940448760986 15.502223014831543 3.7946414947509766
v 4.380897521972656 12.966193199157715 2.681567668914795
v 5.2901787757873535 15.398138999938965 3.893491744995117
v 1.6003581285476685 7.349967002868652 0.7403139472007751
v 1.505586862564087 7.3401947021484375 3.9573731422424316
v -2.5167055130004883 8.017511367797852 0.3357263207435608
v 4.417967796325684 12.618762016296387 0.3433035910129547
v 0.7419995069503784 12.21667194366455 3.58911395072937
v 4.849442958831787 11.84457778930664 2.9446303844451904
v 2.6385929584503174 9.709320068359375 3.0213141441345215
v 0.25305142998695374 8.59014892578125 0.16143500804901123
v -0.6676180958747864 7.858914852142334 3.555776596069336
v -1.8619568347930908 12.484444618225098 1.765657901763916
v -0.21804672479629517 7.437239646911621 3.921069860458374
v -2.0836246013641357 8.724832534790039 0.4170725643634796
v 7.929752349853516 13.53906536102295 3.0859835147857666
v -2.2211267948150635 13.008081436157227 1.7562206983566284
v 3.4059581756591797 7.544857978820801 0.36713799834251404
v 2.2070226669311523 12.802840232849121 2.0302531719207764
v 5.845399856567383 13.474940299987793 3.523655652999878
v 5.14418888092041 15.066506385803223 3.3970327377319336
v 5.888611793518066 15.267104148864746 3.0426783561706543
v -0.9339046478271484 8.377899169921875 -0.19076597690582275
v 2.373985767364502 7.951613903045654 4.166744709014893
v 2.1368985176086426 8.02694320678711 4.014193058013916
v 5.4857025146484375 15.3671293258667 1.920968770980835
v 5.382149696350098 15.490633010864258 3.4273159503936768
v -1.9322307109832764 10.934431076049805 3.065546751022339
v 3.282205820083618 14.056302070617676 2.4936907291412354
v 0.30633461475372314 11.034966468811035 1.611068606376648
v 5.446508407592773 12.580401420593262 2.3011109828948975
v -2.5791754722595215 11.567803382873535 2.6048340797424316
v 4.225066661834717 13.338753700256348 5.03554630279541
v 0.4514163136482239 8.914548873901367 0.9930707812309265
v -3.1135785579681396 9.387033462524414 4.507208824157715
v -2.3403851985931396 13.470518112182617 2.0439231395721436
v 4.880338191986084 9.185215950012207 0.4835101068019867
v 6.240683078765869 14.439126014709473 3.6084322929382324
v 5.159228324890137 15.152685165405273 3.3522067070007324
v -2.947505235671997 12.735326766967773 1.7139716148376465
v 4.002204418182373 12.917724609375 0.664108395576477
v -0.6101099252700806 8.360153198242188 4.580770015716553
v 0.5181629061698914 10.38465404510498 3.1479361057281494
v 3.138578176498413 8.275677680969238 0.2589265704154968
v 5.257085800170898 15.450004577636719 3.4216601848602295
v 3.1612582206726074 8.675251007080078 1.005558967590332
v -2.301767587661743 12.903759956359863 2.162306308746338
v 7.047391414642334 13.459721565246582 3.546327590942383
v 4.380284786224365 11.061065673828125 1.9288716316223145
v -2.7369601726531982 11.412972450256348 2.394547462463379
v 4.193253517150879 13.001916885375977 0.41511377692222595
v 4.773258209228516 12.889126777648926 0.0801001563668251
v -2.5280425548553467 8.704774856567383 -0.04547049105167389
v 4.25454568862915 12.949671745300293 3.475114107131958
v -2.5918545722961426 9.675047874450684 3.8337764739990234
v 2.5024101734161377 8.034793853759766 4.28143835067749
v -1.1484878063201904 12.699225425720215 3.025024652481079
v 6.0893096923828125 14.222946166992188 3.4030497074127197
v -0.5750219225883484 10.726872444152832 2.8404316902160645
v 0.837989866733551 7.481415271759033 4.491382122039795
v -1.7372429370880127 11.76326847076416 0.9153190851211548
v 5.202984809875488 15.124102592468262 3.092633008956909
v 6.50901985168457 13.952727317810059 3.6414663791656494
v 4.101255893707275 13.1240234375 2.545257568359375
v 2.039987087249756 8.38831901550293 3.6218600273132324
v 0.03169175609946251 7.794034481048584 3.584756374359131
v 3.09806227684021 9.163373947143555 0.9090136289596558
v 0.16616898775100708 9.32825756072998 0.25782760977745056
v -3.9473001956939697 9.650339126586914 3.8988473415374756
v 2.1706602573394775 7.680507183074951 1.1560485363006592
v 4.6965227127075195 8.298815727233887 1.4504849910736084
v -0.025757431983947754 8.789175033569336 1.2812365293502808
v 4.988397598266602 8.419474601745605 5.105263710021973
v 4.641637802124023 8.43527889251709 4.636898040771484
v 7.307826519012451 14.254053115844727 2.093158483505249
v 5.461493015289307 8.55518913269043 1.6013509035110474
v 4.833986282348633 8.635780334472656 5.008630752563477
v 2.1051483154296875 11.493078231811523 1.1443372964859009
v 4.108265399932861 13.124244689941406 2.4395039081573486
v 7.077114582061768 14.396360397338867 2.041501760482788
v 3.9036221504211426 13.09044075012207 0.03728218376636505
v 2.5448994636535645 7.989752292633057 4.034844875335693
v 0.2957151532173157 9.180020332336426 0.23112647235393524
v -3.298956871032715 8.61492919921875 4.096500396728516
v -0.5712876319885254 9.348484992980957 3.0793988704681396
v -3.146812677383423 8.421624183654785 0.4248165190219879
v 0.17149710655212402 8.25365924835205 4.641690731048584
v -1.321324110031128 11.514703750610352 3.45162034034729
v 0.6387020349502563 7.557181358337402 4.708380699157715
v -0.14733652770519257 7.576750755310059 4.531939506530762
v -2.587881326675415 11.501448631286621 2.6073789596557617
v 5.197375774383545 14.878392219543457 3.734475612640381
v -0.7238037586212158 7.791015148162842 0.9566265940666199
v -2.424896001815796 13.363632202148438 1.8303954601287842
v 5.321626663208008 8.933141708374023 4.231954574584961
v 5.640430450439453 12.662683486938477 2.900294065475464
v -1.2253259420394897 8.400425910949707 0.8235676884651184
v 4.3729143142700195 13.088345527648926 2.079648494720459
v 0.024385208263993263 9.104159355163574 1.4425883293151855
v -0.9182966351509094 9.769495964050293 3.3072049617767334
v 3.372286319732666 14.074339866638184 2.4969613552093506
v -0.49527522921562195 7.568636417388916 -0.1239018663764
v 5.144845008850098 14.699769973754883 3.501678705215454
v 2.2342300415039062 7.679389476776123 3.6268532276153564
v 5.247699737548828 9.172683715820312 0.29129692912101746
v 4.617766380310059 11.613637924194336 1.7486486434936523
v 1.3502671718597412 8.162168502807617 0.7064496278762817
v 4.614582538604736 13.061944007873535 -0.3603229224681854
v 4.118135929107666 13.371246337890625 5.012137413024902
v 2.5376203060150146 8.61034107208252 4.49310827255249
v -1.298330307006836 8.397846221923828 -0.20887938141822815
v 5.163154125213623 9.513262748718262 0.7414832711219788
v 4.232077598571777 13.128567695617676 0.571135401725769
v -0.5052393674850464 9.543272972106934 0.7005148530006409
v 2.372122287750244 9.132381439208984 0.4529344439506531
v 1.9383958578109741 12.570452690124512 1.5970134735107422
v -0.25833860039711 9.005730628967285 4.2626237869262695
v 5.494117259979248 8.824545860290527 4.05257511138916
v 3.2480661869049072 13.733392715454102 2.4947385787963867
v 5.3823628425598145 8.208449363708496 4.077415943145752
v 7.199074745178223 13.092988014221191 3.3263721466064453
v 2.506777048110962 8.032426834106445 4.275390148162842
v 0.23983027040958405 10.545219421386719 2.0265915393829346
v -1.4136919975280762 11.000664710998535 0.9270638823509216
v -2.265228033065796 8.67235279083252 1.0802550315856934
v 0.43195393681526184 9.873529434204102 1.5147976875305176
v 2.862323045730591 7.429252624511719 4.718861103057861
v 2.9229700565338135 9.54268741607666 3.7114155292510986
v 3.7052900791168213 13.037652969360352 5.0898284912109375
v -1.9040718078613281 12.525856018066406 2.787597894668579
v 4.117122650146484 8.430867195129395 0.47822290658950806
v -0.04904831573367119 9.642939567565918 0.3356052041053772
v 4.271418571472168 13.078213691711426 3.602717638015747
v 4.303189754486084 14.607329368591309 2.917421817779541
v 3.8161373138427734 14.834441184997559 2.5024068355560303
v -2.4711668491363525 8.672327041625977 -0.22448790073394775
v 4.657001495361328 13.154792785644531 0.2383584827184677
v 2.7254080772399902 8.163229942321777 0.07300584763288498
v 4.748231410980225 8.161539077758789 4.933288097381592
v -1.696378469467163 10.890771865844727 1.0716792345046997
v 3.5272068977355957 13.559077262878418 1.9848594665527344
v -2.6424243450164795 13.000055313110352 2.1480798721313477
v 0.4785129129886627 10.622925758361816 1.5800503492355347
v 6.139464378356934 14.393221855163574 1.4945464134216309
v 4.605820178985596 9.024059295654297 4.098268985748291
v 1.684054970741272 10.164085388183594 2.4175329208374023
v -2.0371296405792236 11.889975547790527 3.0681371688842773
v 2.3526060581207275 9.901205062866211 4.064615726470947
v -2.276639461517334 12.612207412719727 1.773836612701416
v -3.148104429244995 9.292047500610352 0.15194709599018097
v -0.25840380787849426 10.135058403015137 4.043766021728516
v 0.22849801182746887 7.54893684387207 3.720942258834839
v 5.311392784118652 14.879268646240234 3.194607973098755
v -2.8119993209838867 8.59691333770752 -0.008427352644503117
v -0.14837491512298584 8.951688766479492 4.146751403808594
v 5.5148115158081055 14.971281051635742 1.4472652673721313
v -0.49651238322257996 10.624820709228516 2.785686731338501
v 5.4139018058776855 8.902822494506836 3.8680062294006348
v 1.6967476606369019 8.200282096862793 4.0468220710754395
v 4.9662628173828125 8.438886642456055 4.820931911468506
v 7.946144104003906 13.325909614562988 2.9925425052642822
v 4.946437358856201 8.691091537475586 4.759768486022949
v -0.16840101778507233 7.574438095092773 3.715862274169922
v -0.8929838538169861 9.869041442871094 3.2720465660095215
v -2.7506790161132812 7.968250751495361 0.665692925453186
v 4.198114395141602 12.699670791625977 0.2390868067741394
v 2.832742691040039 9.243548393249512 4.2344536781311035
v 1.748754858970642 8.170970916748047 3.797152042388916
v 2.3536620140075684 8.990242004394531 0.4172573685646057
v 3.539783477783203 10.216288566589355 2.8410351276397705
v 4.245811939239502 13.129035949707031 0.36391982436180115
v 3.8630824089050293 12.79883861541748 4.49832820892334
v 5.376477241516113 14.758590698242188 3.4987881183624268
v -2.9861397743225098 12.803644180297852 1.7712769508361816
v 7.885018348693848 13.389415740966797 3.099379062652588
v 2.8935089111328125 8.930665016174316 1.5100146532058716
v -2.3241961002349854 7.957047462463379 0.8444168567657471
v -0.03375503420829773 10.23496150970459 0.6895092129707336
v 1.930274486541748 11.071778297424316 3.8539230823516846
v 0.4791853427886963 8.231306076049805 0.6442215442657471
v 4.455899715423584 11.176843643188477 1.9372025728225708
v 3.058584690093994 8.958345413208008 1.3620983362197876
v -0.342445433139801 9.253747940063477 3.122396469116211
v -2.1537063121795654 8.931371688842773 0.6422555446624756
v 7.60396671295166 12.896984100341797 2.4896323680877686
v 5.519702434539795 8.883790969848633 0.6940805315971375
v 3.7178211212158203 12.084200859069824 3.543654441833496
v -2.1103878021240234 8.746149063110352 -0.05161285400390625
v 4.25562047958374 12.682497024536133 2.073923349380493
v -0.05711010843515396 8.915578842163086 3.6277995109558105
v 1.1172091960906982 11.45745849609375 3.896991014480591
v 6.759720802307129 12.967269897460938 3.109853982925415
v 4.393449306488037 7.913337230682373 0.32405707240104675
v 5.593617916107178 15.117236137390137 3.015178918838501
v 4.316519260406494 12.962684631347656 3.725090742111206
v 2.050041913986206 10.355057716369629 3.1883041858673096
v -0.6793955564498901 8.453642845153809 -0.055817678570747375
v 3.960930585861206 13.119138717651367 4.662768840789795
v 1.1400151252746582 10.460134506225586 1.7227405309677124
v 6.9017014503479 14.825470924377441 2.706300735473633
v 7.871982097625732 13.060216903686523 2.7486751079559326
v 7.506381511688232 14.274556159973145 2.2535183429718018
v -1.2359169721603394 7.745087623596191 3.6400108337402344
v 3.5400984287261963 8.30346965789795 0.7723126411437988
v 4.504828929901123 12.709051132202148 4.8678059577941895
v -0.9523156881332397 9.620884895324707 3.357491970062256
v 1.8796935081481934 10.189557075500488 2.0175864696502686
v 3.4137868881225586 13.442621231079102 2.5876567363739014
v -0.6869842410087585 8.530549049377441 3.371488094329834
v 4.601954460144043 11.682724952697754 3.1232733726501465
v -0.9045666456222534 7.515989303588867 3.856079578399658
v 2.4449236392974854 9.262638092041016 3.095919132232666
v 2.4832935333251953 8.221515655517578 0.19833475351333618
v -2.521388053894043 11.97750186920166 2.5329840183258057
v 3.5352563858032227 13.627753257751465 1.8235889673233032
v -2.6571474075317383 9.40537166595459 4.493076801300049
v 4.0321760177612305 12.970863342285156 1.2110425233840942
v 6.015515327453613 8.813323974609375 1.3336894512176514
v 3.250661611557007 8.176918983459473 4.829503536224365
v -2.709415912628174 13.159028053283691 2.142136812210083
v -1.5732206106185913 7.64153528213501 0.6284887790679932
v -3.9636406898498535 9.638059616088867 3.9023704528808594
v -2.4512901306152344 9.345266342163086 4.115226745605469
v 3.018124580383301 10.1644868850708 2.7684574127197266
v 7.476639747619629 14.474905967712402 2.6650383472442627
v 4.438033103942871 8.252875328063965 3.5522172451019287
v -3.5621278285980225 8.895371437072754 3.4658524990081787
v -2.129371404647827 11.206766128540039 3.0574145317077637
v 0.3566465377807617 8.925423622131348 1.1603915691375732
v 5.214544773101807 15.275461196899414 2.277419090270996
v 4.450811386108398 12.821800231933594 1.7706904411315918
v 0.27233782410621643 9.209368705749512 1.4172366857528687
v 3.704681158065796 11.76760482788086 3.512930154800415
v 2.599275827407837 8.599061965942383 4.471717834472656
v 7.578503608703613 14.374743461608887 2.497265577316284
v -1.0863679647445679 7.535704612731934 3.8290305137634277
v 4.9018330574035645 8.180426597595215 0.2748938202857971
v -0.11534041911363602 11.126986503601074 1.5753713846206665
v 5.5668625831604 14.912755966186523 3.9989867210388184
v 5.5133748054504395 15.301070213317871 3.023102045059204
v 2.449347496032715 7.465893745422363 0.4633965492248535
v -0.712404727935791 10.784761428833008 3.5373754501342773
v 1.5096850395202637 10.184889793395996 2.4000375270843506
v 3.928528070449829 13.075129508972168 -0.15757721662521362
v 5.924487590789795 14.398577690124512 3.391786813735962
v 2.3018882274627686 9.894875526428223 0.6922563314437866
v 5.009463310241699 8.591498374938965 4.99490213394165
v 2.065028667449951 7.609111785888672 4.852689743041992
v 0.3901174068450928 7.417915344238281 3.9499223232269287
v 2.1151087284088135 10.623632431030273 1.1666959524154663
v 5.358129024505615 15.613633155822754 1.7799464464187622
v 3.464479923248291 13.254125595092773 3.1057419776916504
v 2.9240055084228516 7.594235420227051 4.826826095581055
v 0.24815192818641663 12.714214324951172 1.4935587644577026
v -0.06274155527353287 10.17193603515625 2.989914894104004
v 3.2404403686523438 11.324604034423828 1.119929313659668
v 4.270599842071533 12.679224967956543 1.7828037738800049
v 4.479990005493164 12.535502433776855 0.2142668068408966
v 6.089523792266846 14.553729057312012 3.6180853843688965
v -0.5785180926322937 7.57542085647583 0.8526334166526794
v 0.001237712218426168 9.24648380279541 4.101765155792236
v 0.7266192436218262 7.855859756469727 4.798473834991455
v 2.8850226402282715 9.931358337402344 1.7112146615982056
v -2.797837018966675 9.128331184387207 1.0669282674789429
v -1.97600519657135 8.29603099822998 -0.25438496470451355
v 5.59524393081665 15.149321556091309 3.982682943344116
v 2.2188963890075684 11.501617431640625 1.1431523561477661
v -1.1166071891784668 8.424007415771484 4.306220054626465
v 5.58557653427124 8.382889747619629 1.190046787261963
v -0.6909152269363403 7.7688446044921875 -0.22602012753486633
v -0.058284640312194824 9.011433601379395 3.8616650104522705
v 0.09641747176647186 8.297637939453125 0.251564621925354
v 7.318927764892578 14.571178436279297 2.5718603134155273
v 2.8117430210113525 9.318954467773438 0.5053324699401855
v 1.5188095569610596 8.163177490234375 3.7997028827667236
v 4.464543342590332 12.821700096130371 1.5313270092010498
v -3.390618324279785 12.564233779907227 1.6674716472625732
v 4.072010040283203 10.584315299987793 2.1819753646850586
v 4.612681865692139 11.48232364654541 1.951343059539795
v 4.644347190856934 13.459756851196289 1.3356021642684937
v 3.219665050506592 13.694572448730469 1.9881755113601685
v -0.8172188401222229 7.606494426727295 0.8470459580421448
v 3.317992687225342 12.312211990356445 1.0650207996368408
v 2.849041223526001 8.720479965209961 3.5874149799346924
v -2.6676387786865234 8.109333038330078 0.3588179051876068
v -0.8816272616386414 8.547099113464355 3.43471097946167
v -0.41662952303886414 8.418570518493652 0.2242024689912796
v -1.8099470138549805 12.940092086791992 2.225696563720703
v 0.5024291276931763 9.146740913391113 0.8906605839729309
v 5.131892681121826 12.21631145477295 2.6109817028045654
v 4.083660125732422 13.12339973449707 2.810748815536499
v -0.18260879814624786 9.694449424743652 1.6191480159759521
v 0.05422014743089676 10.754368782043457 3.5663530826568604
v -1.8444889783859253 12.76182746887207 2.210800886154175
v 2.8620030879974365 8.736181259155273 3.622999906539917
v 4.283137321472168 13.650075912475586 3.4083173274993896
v 5.029435157775879 8.561114311218262 4.671177864074707
v -0.5781448483467102 7.585409641265869 4.2616353034973145
v 5.971307277679443 14.44006061553955 1.6481231451034546
v 4.912502288818359 7.825368881225586 4.295783042907715
v -3.2833821773529053 12.652665138244629 1.6715822219848633
v 5.6521759033203125 14.69565200805664 1.7236820459365845
v 3.778947591781616 13.269730567932129 4.948486804962158
v 0.8527256846427917 8.276128768920898 0.032137833535671234
v -2.8387787342071533 8.676179885864258 -0.5427371263504028
v -0.5912195444107056 8.605937004089355 4.385766506195068
v 0.3979053497314453 8.349743843078613 0.6565953493118286
v 4.1478590965271 12.706656455993652 4.169356822967529
v 3.097536325454712 9.479524612426758 1.3565196990966797
v 0.13523820042610168 11.434931755065918 3.721403121948242
v -1.4737660884857178 8.55554485321045 0.38009050488471985
v 4.509575366973877 12.903280258178711 -0.4673463702201843
v 2.0455446243286133 11.125858306884766 1.2323797941207886
v 3.105405569076538 8.30689811706543 4.708950042724609
v -0.2590058445930481 7.506171226501465 0.365072101354599
v -0.3423377573490143 9.164359092712402 3.142115831375122
v 4.251410007476807 12.738375663757324 4.608841896057129
v 4.008946418762207 13.088557243347168 2.140289306640625
v 3.774184226989746 8.27548885345459 1.1703981161117554
v 2.616807460784912 10.776263236999512 3.347867965698242
v -0.1061677634716034 12.929441452026367 2.30941104888916
v 4.738829612731934 12.852023124694824 0.230478897690773
v 7.600024223327637 14.200782775878906 3.1837406158447266
v 3.342236042022705 7.546267986297607 3.7475295066833496
v -1.0894137620925903 7.5588202476501465 0.3065425753593445
v -1.9475135803222656 10.304899215698242 2.313202142715454
v 0.8165563344955444 8.228181838989258 4.226025581359863
v -1.9258636236190796 10.30343246459961 2.7057313919067383
v 4.360564231872559 8.771025657653809 4.143714904785156
v 1.845775842666626 7.653412818908691 1.1441876888275146
v -2.9022839069366455 9.828608512878418 4.045621395111084
v 2.5971741676330566 8.36319351196289 3.5317983627319336
v 4.027131080627441 13.089967727661133 1.791037917137146
v -0.27830877900123596 9.293428421020508 0.3749275207519531
v 3.249814748764038 13.623482704162598 1.9969791173934937
v 2.4572560787200928 11.96541690826416 3.8071093559265137
v 0.14013303816318512 9.431771278381348 0.30047786235809326
v -0.2677944004535675 8.394771575927734 -0.02745905891060829
v 4.27205228805542 14.42622184753418 2.0331122875213623
v 2.4639904499053955 10.406294822692871 0.8407607078552246
v 2.128788948059082 9.128087043762207 0.6788855791091919
v 7.122171401977539 14.280162811279297 3.536790370941162
v -0.3131296932697296 8.911589622497559 1.2200448513031006
v 5.992192268371582 14.451918601989746 3.736804962158203
v 4.164251804351807 13.126203536987305 1.5946370363235474
v 0.2453990876674652 8.591954231262207 0.15766862034797668
v 5.462136268615723 8.55654239654541 4.69399356842041
v 5.767544269561768 8.664219856262207 0.6868506073951721
v -2.081843852996826 11.42839527130127 3.089900016784668
v 3.7010390758514404 10.458846092224121 3.078279733657837
v 1.167628288269043 11.163023948669434 1.2345761060714722
v -0.1042095199227333 8.235860824584961 0.38814815878868103
v 4.1663432121276855 12.480302810668945 0.010030804201960564
v -2.360917568206787 12.06788158416748 1.3712916374206543
v -0.7842718362808228 10.319499969482422 3.8101282119750977
v -1.872281789779663 12.66589641571045 2.6125004291534424
v 3.8852200508117676 13.078999519348145 4.516416549682617
v 5.301807403564453 15.382428169250488 2.3600516319274902
v 4.3051557540893555 12.585363388061523 5.131434917449951
v 3.1153597831726074 8.629491806030273 1.1851214170455933
v 4.724710464477539 9.17053508758545 0.5938335657119751
v 2.007385492324829 10.357845306396484 3.1845531463623047
v 1.4888488054275513 7.402364253997803 4.234500408172607
v 4.284018039703369 12.676214218139648 1.5218536853790283
v 3.9992849826812744 8.403517723083496 4.0039849281311035
v 7.187699794769287 13.260035514831543 1.9164801836013794
v 4.574457168579102 14.050294876098633 1.4840723276138306
v -1.5346177816390991 8.485664367675781 3.691009998321533
v 4.179750442504883 13.126765251159668 1.3608026504516602
v 1.352509617805481 8.231761932373047 4.678194046020508
v 0.32048702239990234 8.866732597351074 0.18162985146045685
v 5.692915439605713 15.568387031555176 1.457897663116455
v 0.8936594128608704 12.219460487365723 3.604308843612671
v -1.9647796154022217 12.682760238647461 2.175394058227539
v 0.027534037828445435 9.202414512634277 0.1853248029947281
v 5.420446872711182 14.888476371765137 1.8304575681686401
v -3.2258987426757812 12.41435432434082 2.1396024227142334
v 0.37431785464286804 10.214690208435059 2.769962787628174
v 1.4525723457336426 8.230721473693848 0.0870748981833458
v -0.6857139468193054 10.328119277954102 3.0448224544525146
v 6.266882419586182 13.790411949157715 1.6995257139205933
v -0.8398342132568359 9.101737976074219 4.311258792877197
v 5.428252220153809 14.806889533996582 3.584719181060791
v 1.9461123943328857 8.532546997070312 4.164273738861084
v 2.4426159858703613 7.921628475189209 1.1782186031341553
v 3.9220545291900635 13.014070510864258 2.5833985805511475
v 4.380588054656982 13.256555557250977 1.3076633214950562
v 4.724958896636963 13.086076736450195 0.12904755771160126
v 6.321116924285889 12.956727981567383 3.1428446769714355
v 2.945979356765747 9.044920921325684 0.531735897064209
v 5.176328182220459 15.31026554107666 3.0039398670196533
v 4.320473670959473 12.72491455078125 3.4117846488952637
v 4.302424430847168 12.7284517288208 3.7246289253234863
v 2.0782203674316406 10.101691246032715 0.9232369661331177
v 2.240046262741089 8.265951156616211 4.436142444610596
v -3.0050690174102783 8.798226356506348 -0.30712151527404785
v 5.473170280456543 8.056605339050293 4.4356465339660645
v 4.025491237640381 14.655040740966797 2.510484218597412
v -1.8279465436935425 8.591347694396973 0.5987294316291809
v -0.2986190915107727 10.380951881408691 1.8801602125167847
v -2.2209463119506836 8.988940238952637 0.23410603404045105
v 5.218081474304199 8.000080108642578 3.6372547149658203
v 4.399518013000488 13.091001510620117 1.6804437637329102
v -0.33598265051841736 9.26511287689209 0.42587044835090637
v 2.6062796115875244 9.767227172851562 4.080798149108887
v 0.9740946292877197 11.0040283203125 1.2934995889663696
v 1.8900898694992065 8.74080753326416 3.965846061706543
v 0.4462553858757019 8.801361083984375 0.3719303607940674
v 0.6791746020317078 8.242905616760254 0.4551597833633423
v -0.40739890933036804 8.32939624786377 3.580080986022949
v 2.427856922149658 9.750551223754883 2.9187171459198
v -3.377370595932007 8.607331275939941 0.467859148979187
v 1.7231035232543945 10.422450065612793 1.748810052871704
v -2.20554518699646 12.778924942016602 2.171574354171753
v 3.943542957305908 11.613068580627441 1.2761129140853882
v -3.1551473140716553 8.428018569946289 0.4275481104850769
v -3.209120035171509 9.135778427124023 4.5742645263671875
v -2.960578441619873 9.250452995300293 4.520596027374268
v 1.4323443174362183 7.636483669281006 -0.14783048629760742
v 2.419278621673584 11.497129440307617 3.937486410140991
v 4.565794944763184 8.28145694732666 3.54530668258667
v 4.236198425292969 10.894868850708008 1.911821961402893
v 3.70133113861084 13.715855598449707 2.5541465282440186
v -2.4088523387908936 10.934991836547852 1.3994691371917725
v -0.37742316722869873 7.507571697235107 0.3590415418148041
v 7.270358562469482 12.882688522338867 2.9690465927124023
v -0.9392508864402771 9.603926658630371 3.8411197662353516
v 4.583858489990234 8.738874435424805 3.5338854789733887
v 5.110090255737305 7.821507453918457 4.493019104003906
v -0.761314332485199 10.199731826782227 1.549298644065857
v -1.8555996417999268 12.746415138244629 1.9615944623947144
v 0.3292662501335144 7.705063343048096 1.0326063632965088
v 2.3437511920928955 10.200511932373047 2.7654404640197754
v 5.867387294769287 13.474615097045898 3.5260202884674072
v 2.642585039138794 9.873944282531738 0.676978588104248
v -0.4947032332420349 8.765446662902832 3.248966693878174
v 3.549683094024658 13.643198013305664 1.8258122205734253
v -0.3491085469722748 11.067755699157715 1.0564014911651611
v 3.649148464202881 13.747878074645996 2.600135087966919
v 3.809112787246704 10.370325088500977 2.1540560722351074
v 4.666083335876465 14.859382629394531 2.5701746940612793
v 1.9867475032806396 9.236871719360352 0.777850866317749
v 0.0008965847082436085 9.267650604248047 4.096149444580078
v 5.445581912994385 8.875027656555176 3.875908374786377
v 3.601306676864624 7.455350875854492 4.258342742919922
v 1.9809648990631104 9.307147979736328 0.8019487857818604
v -1.0283669233322144 7.532235622406006 3.835453510284424
v 2.4405784606933594 10.82913589477539 3.338948965072632
v 2.659566879272461 8.131807327270508 1.049192190170288
v 4.099678039550781 15.061362266540527 2.5114831924438477
v 3.094378709793091 8.219182968139648 0.7099903225898743
v 1.8947367668151855 10.36129379272461 3.1746630668640137
v 7.176676273345947 14.645417213439941 3.007505416870117
v 2.6943204402923584 8.626410484313965 1.4557380676269531
v -3.0478203296661377 8.932452201843262 4.554856777191162
v -2.8071093559265137 8.047340393066406 0.00010290594218531623
v 3.4684181213378906 12.270415306091309 3.511294364929199
v 2.9345860481262207 8.303656578063965 4.251309394836426
v 2.8064918518066406 9.690081596374512 4.023289203643799
v 3.8464462757110596 11.274353981018066 3.31723690032959
v -2.4347565174102783 7.929361820220947 3.9240784645080566
v 5.576414108276367 8.536259651184082 3.7825543880462646
v 4.361383438110352 14.792194366455078 2.5130579471588135
v 1.2478114366531372 12.705686569213867 1.9949250221252441
v 4.016785621643066 13.12110424041748 3.819878578186035
v 3.064639091491699 7.52474308013916 0.29268163442611694
v -2.9232423305511475 8.360137939453125 4.1476593017578125
v -1.69408118724823 11.29212760925293 0.9364420771598816
v 2.942981243133545 12.921083450317383 3.0105409622192383
v -0.3758402168750763 9.295904159545898 4.286648750305176
v 2.026618480682373 9.92123031616211 2.973086357116699
v 2.9606919288635254 9.379728317260742 1.5514411926269531
v 7.3807148933410645 13.081990242004395 2.0105977058410645
v 5.482499122619629 8.83900260925293 4.0497894287109375
v 4.769278526306152 8.301250457763672 5.103055477142334
v -2.761685848236084 12.414299011230469 1.7144302129745483
v 6.302734375 14.336099624633789 1.7730917930603027
v 2.176699161529541 8.568684577941895 1.0796431303024292
v -3.47945499420166 8.846447944641113 0.08743414282798767
v 4.079756736755371 13.123282432556152 2.8696320056915283
v 4.275885105133057 12.960471153259277 4.383790016174316
v 4.209624290466309 12.692806243896484 2.9683995246887207
v 3.0324292182922363 11.039667129516602 1.2021923065185547
v -1.077138900756836 11.50812816619873 3.5173227787017822
v 2.4309287071228027 8.267149925231934 4.699686527252197
v 7.697607517242432 14.274077415466309 2.7738749980926514
v 4.398632049560547 14.919326782226562 2.5217926502227783
v -3.1693990230560303 9.40548038482666 4.718361854553223
v 0.2684430480003357 10.508746147155762 1.501847743988037
v 5.5995001792907715 15.101972579956055 2.9900991916656494
v 1.9361881017684937 9.982637405395508 3.1553735733032227
v -0.4590499699115753 10.267328262329102 1.340262532234192
v 4.421038627624512 8.749916076660156 1.270437479019165
v 3.567141056060791 14.370477676391602 1.9787973165512085
v -1.8733958005905151 12.662147521972656 2.6190311908721924
v 6.007585048675537 15.238946914672852 3.070854663848877
v 3.8940653800964355 12.750825881958008 4.506191253662109
v -0.171038419008255 8.644989967346191 4.089334011077881
v 5.022345542907715 12.16404914855957 2.0472898483276367
v 6.167524814605713 14.228028297424316 1.7083759307861328
v 1.788232445716858 8.093459129333496 0.9555405378341675
v -1.044778823852539 8.316665649414062 4.704296588897705
v 4.869986534118652 15.23541259765625 2.5855674743652344
v 3.921879529953003 12.780097961425781 0.15048889815807343
v 4.2978692054748535 13.006156921386719 4.451053619384766
v -1.0677012205123901 11.935627937316895 3.5565032958984375
v 0.001210794784128666 9.248143196105957 4.101325035095215
v 1.8598469495773315 8.155549049377441 0.6208664774894714
v 4.989528179168701 8.158931732177734 0.47648775577545166
v 3.973971128463745 7.696176052093506 0.2750087380409241
v 5.611566543579102 15.010672569274902 3.950240135192871
v 4.85060977935791 8.666454315185547 4.796089172363281
v -0.3343981206417084 8.84425163269043 0.2815486490726471
v 0.810248851776123 8.183635711669922 -0.0966675728559494
v 4.754951477050781 8.538393020629883 4.595944404602051
v 4.085461139678955 7.4864325523376465 4.668008804321289
v -0.817787230014801 8.192143440246582 3.9864213466644287
v -1.3139989376068115 8.519089698791504 0.5934385657310486
v 0.6460919380187988 8.007467269897461 3.618579149246216
v 3.1511757373809814 8.685395240783691 0.7107455730438232
v 3.7872092723846436 7.489801406860352 4.4902167320251465
v -2.779144287109375 11.266745567321777 1.8620209693908691
v 4.512914180755615 14.94444465637207 2.5675129890441895
v 7.654056072235107 12.974652290344238 3.062709093093872
v 4.338289260864258 7.722731113433838 3.7027430534362793
v 4.555922031402588 12.852503776550293 4.884062767028809
v 2.559321880340576 7.308653831481934 0.8355656266212463
v 0.4505710005760193 9.751976013183594 1.4553301334381104
v 4.361639022827148 13.263663291931152 0.29857137799263
v -0.4010375738143921 12.599115371704102 3.0848405361175537
v 4.124271392822266 12.495943069458008 4.991805553436279
v 4.237712860107422 12.861553192138672 5.341623306274414
v 2.838469982147217 10.045378684997559 3.233656883239746
v -2.2689619064331055 9.130378723144531 0.7997684478759766
v 2.560450553894043 8.231247901916504 4.422787189483643
v -0.5034772753715515 8.303332328796387 -0.1599019467830658
v -2.720137119293213 8.401833534240723 -0.2744467854499817
v -2.462662696838379 12.923258781433105 2.1429128646850586
v 4.2579569816589355 8.496798515319824 0.8588140606880188
v 3.032951831817627 11.714049339294434 3.6467578411102295
v 5.114224433898926 15.151519775390625 2.216717481613159
v 4.637880802154541 12.955031394958496 0.36200350522994995
v 5.200748443603516 13.996938705444336 3.569941520690918
v 4.48085880279541 8.724747657775879 4.733861446380615
v -0.10562113672494888 8.777568817138672 3.540328025817871
v 3.344758987426758 13.430951118469238 1.828643798828125
v 3.5289885997772217 10.178009033203125 2.416353702545166
v -2.4754538536071777 8.650534629821777 -0.21998853981494904
v 0.3661344349384308 7.521168231964111 4.478169918060303
v -0.7187194228172302 10.853408813476562 3.2171483039855957
v 0.2799476981163025 9.472994804382324 1.539427638053894
v 3.2150497436523438 13.940991401672363 1.9456945657730103
v -3.255728244781494 9.487473487854004 4.512444972991943
v 2.296166181564331 10.499509811401367 1.9768624305725098
v 5.305559158325195 15.01539134979248 1.6067379713058472
v -2.615726947784424 12.776081085205078 1.6917181015014648
v 5.488489151000977 8.795184135437012 4.252546310424805
v -1.9329103231430054 12.427823066711426 1.7907671928405762
v -3.7549543380737305 9.260666847229004 4.460193157196045
v 5.2432708740234375 14.691225051879883 1.8160743713378906
v 5.69606876373291 8.747740745544434 1.6898586750030518
v 2.0551137924194336 11.126100540161133 1.2315272092819214
v 3.1772122383117676 8.474418640136719 0.7918397188186646
v -2.8655877113342285 8.53333568572998 -0.08887340128421783
v 4.365091800689697 12.96533203125 2.937748670578003
v 4.361977577209473 13.320354461669922 -0.2489367574453354
v -1.7231334447860718 12.404711723327637 2.1632566452026367
v -0.19765309989452362 12.960232734680176 2.3073606491088867
v 4.8937554359436035 9.349191665649414 0.6502469182014465
v 2.7340900897979736 10.081130981445312 2.9650068283081055
v 2.2909979820251465 8.296786308288574 0.7462477087974548
v 1.8379133939743042 8.15865707397461 3.8006865978240967
v 4.083386421203613 10.594264030456543 2.18410062789917
v -1.2637314796447754 8.250426292419434 3.5662879943847656
v 0.41550421714782715 7.698388576507568 -0.1949780434370041
v 6.668562889099121 13.126134872436523 3.3710408210754395
v 5.183199405670166 15.276918411254883 2.060431480407715
v -0.6855275630950928 8.295588493347168 4.232455730438232
v 6.209211349487305 14.141605377197266 1.7159055471420288
v -1.8578016757965088 8.545341491699219 0.7999340891838074
v 2.180743932723999 8.557774543762207 0.7081915140151978
v -2.0573720932006836 11.61274242401123 3.0933048725128174
v -1.7384697198867798 12.031899452209473 1.0263293981552124
v -0.5106068253517151 8.299054145812988 4.139252662658691
v 1.5285500288009644 7.6447062492370605 1.1155997514724731
v 2.0655670166015625 7.682682991027832 3.6163783073425293
v 5.430177688598633 9.564851760864258 0.7780439853668213
v -3.0845131874084473 9.189066886901855 4.2251505851745605
v 3.947216272354126 7.648949146270752 3.714613676071167
v 0.44281822443008423 10.679621696472168 3.537703514099121
v 1.8753618001937866 9.538806915283203 3.3764688968658447
v 3.8650152683258057 11.165331840515137 1.4134113788604736
v 4.688340663909912 8.605855941772461 4.742140293121338
v 0.03778494521975517 10.214105606079102 3.808677911758423
v -0.10334919393062592 8.639732360839844 3.6663506031036377
v -3.452440023422241 8.923049926757812 0.08929818123579025
v 5.081495761871338 8.906893730163574 0.4310712218284607
v 2.812838315963745 8.219436645507812 3.7808079719543457
v -1.4515912532806396 7.6585893630981445 4.106992244720459
v 2.841219663619995 8.15191650390625 1.0648396015167236
v 4.045337677001953 12.735877990722656 3.62422776222229
v 3.9806787967681885 13.012441635131836 1.4345513582229614
v -2.142732858657837 8.143871307373047 0.9342213869094849
v -1.1414214372634888 7.618231773376465 0.06678996980190277
v -0.4306069612503052 10.112518310546875 0.9686349034309387
v 4.580427646636963 15.05378246307373 2.0121703147888184
v -0.20833364129066467 10.37063217163086 0.7953509092330933
v -0.5793980956077576 10.421252250671387 2.8848114013671875
v 0.78463214635849 12.76207160949707 2.375478506088257
v -3.4160852432250977 8.722809791564941 -0.16089996695518494
v -0.6311278343200684 10.435152053833008 1.265443205833435
v -0.29214388132095337 12.478439331054688 1.1441850662231445
v 4.0945210456848145 12.72425365447998 2.5344574451446533
v 7.7711076736450195 13.428033828735352 2.0743467807769775
v 3.205080986022949 13.539351463317871 2.3630125522613525
v 2.2952799797058105 8.799262046813965 1.3322467803955078
v 4.403431415557861 8.791089057922363 4.360771179199219
v -0.1748751997947693 9.897842407226562 1.7194136381149292
v 0.011632525362074375 7.5294623374938965 0.8772380352020264
v 2.140059232711792 8.900853157043457 4.413527488708496
v 7.816764831542969 13.717227935791016 2.1472837924957275
v 6.540588855743408 12.956957817077637 3.0442726612091064
v 5.545212745666504 8.460145950317383 0.6297389268875122
v 2.2627055644989014 12.31772232055664 1.3105698823928833
v 7.436018943786621 13.475502014160156 1.9206058979034424
v 7.763926982879639 12.952374458312988 2.7318661212921143
v 2.037458896636963 8.242507934570312 4.245378017425537
v -0.1958170086145401 8.4490327835083 4.017436504364014
v -0.7096782922744751 8.186734199523926 3.729332447052002
v 2.695035934448242 10.984038352966309 1.328149676322937
v 6.937912940979004 12.886590957641602 2.9030489921569824
v 1.6720249652862549 12.55470085144043 1.6221668720245361
v -0.4438426196575165 7.5087432861328125 0.35486775636672974
v 2.9744985103607178 13.104637145996094 1.7925293445587158
v 5.875178813934326 14.423563957214355 3.516099214553833
v 4.196053981781006 8.213997840881348 3.5694174766540527
v -1.4792598485946655 12.821139335632324 2.208583116531372
v 6.236504077911377 14.450270652770996 3.609346628189087
v -3.4878621101379395 9.270317077636719 4.4482903480529785
v 2.4013545513153076 8.050832748413086 4.336723804473877
v -3.265183448791504 9.601186752319336 3.272528886795044
v 3.8804566860198975 13.015312194824219 3.3986167907714844
v 6.00093936920166 14.166144371032715 1.7731492519378662
v 1.9248449802398682 8.208918571472168 4.048748016357422
v 5.4661736488342285 15.195476531982422 3.798776388168335
v -0.9694880247116089 7.545616626739502 0.3170616328716278
v 5.70106840133667 15.164920806884766 2.0751936435699463
v 2.548671007156372 8.115086555480957 4.363508701324463
v 6.949645519256592 12.958762168884277 3.0880768299102783
v 4.77069616317749 13.006322860717773 -0.02470208704471588
v -2.5975441932678223 8.331818580627441 4.483200550079346
v 4.996887683868408 8.63105297088623 4.907717227935791
v 1.952189564704895 9.50856876373291 3.886683702468872
v 5.403172492980957 15.196803092956543 2.4645814895629883
v 4.241049766540527 13.331588745117188 5.038674831390381
v 0.25434088706970215 8.811385154724121 1.1983860731124878
v -2.649672508239746 8.961745262145996 -0.08009881526231766
v 4.328798770904541 12.822261810302734 3.8977136611938477
v 6.713687896728516 13.126620292663574 1.9871500730514526
v 2.1938982009887695 8.924346923828125 1.3456248044967651
v 5.166683197021484 9.514583587646484 0.7421577572822571
v 2.4246134757995605 12.608953475952148 3.2483716011047363
v 0.22706982493400574 12.02766227722168 1.0032652616500854
v 4.319646835327148 13.11791706085205 0.9892930388450623
v 6.477046966552734 13.964953422546387 3.6431641578674316
v 3.2878150939941406 14.008073806762695 2.4880619049072266
v -0.397291898727417 8.076197624206543 3.5906264781951904
v -2.0342442989349365 8.603218078613281 -0.21441350877285004
v 0.27786368131637573 11.080643653869629 1.6839492321014404
v 5.254571914672852 14.92940616607666 1.8256486654281616
v -2.820103406906128 13.108078956604004 2.054586172103882
v 2.358509063720703 8.377442359924316 0.530059814453125
v 0.29548168182373047 8.198417663574219 0.8861814141273499
v 2.543621778488159 7.938027381896973 1.1927106380462646
v 4.5294718742370605 14.959295272827148 2.5609359741210938
v 3.7706964015960693 11.102548599243164 1.3930938243865967
v 7.751688003540039 13.337664604187012 2.0800650119781494
v -0.878150224685669 10.262004852294922 3.3690054416656494
v 2.8909943103790283 8.794784545898438 4.103003025054932
v 2.3582255840301514 7.478707790374756 3.729341745376587
v 4.929038047790527 8.269782066345215 4.568606376647949
v 7.04993200302124 12.810832023620605 2.7047715187072754
v 4.38126277923584 12.822052001953125 2.9832000732421875
v 0.7516525387763977 7.72352933883667 3.6180315017700195
v 0.34886735677719116 8.004595756530762 3.6359503269195557
v 2.292551040649414 9.493271827697754 1.647623062133789
v 4.134411811828613 12.97993278503418 -0.4599202573299408
v 4.311809539794922 13.118240356445312 1.1107581853866577
v 4.206790924072266 12.900023460388184 3.478259325027466
v 2.4166147708892822 10.958266258239746 1.2788326740264893
v 0.4554016590118408 9.709927558898926 0.6905243396759033
v 2.99371337890625 13.118191719055176 1.7994264364242554
v -2.779698133468628 9.005678176879883 -0.20852117240428925
v 5.645960807800293 8.484230995178223 4.275167465209961
v 0.3611257076263428 7.487215518951416 0.8653229475021362
v 1.5588617324829102 7.4209513664245605 4.529036521911621
v -0.26269611716270447 9.1483154296875 0.2821134030818939
v 4.434683799743652 14.407565116882324 1.7635494470596313
v 2.1586105823516846 8.776490211486816 4.4474382400512695
v 4.7950592041015625 8.73354434967041 0.3678668439388275
v 5.613365650177002 14.994620323181152 3.9472594261169434
v 5.075369834899902 13.199148178100586 1.4426121711730957
v -1.17286217212677 10.294320106506348 2.915286064147949
v -3.08675479888916 8.968523025512695 4.559378147125244
v 6.144351959228516 14.069520950317383 3.612830400466919
v 7.475261688232422 13.62421989440918 1.9282721281051636
v 2.451043128967285 8.255651473999023 1.1303189992904663
v -0.9206508994102478 8.245607376098633 3.943767547607422
v -3.2190141677856445 8.305627822875977 0.07657189667224884
v 4.528193950653076 13.081761360168457 5.024816513061523
v -0.12004425376653671 9.566940307617188 4.18077278137207
v 5.413520812988281 15.31400203704834 1.9432015419006348
v 5.196657180786133 9.05431842803955 4.027816295623779
v 4.205305099487305 10.661797523498535 2.8986904621124268
v 2.157198429107666 8.581978797912598 1.0306921005249023
v 4.375536918640137 12.822099685668945 3.0830018520355225
v -1.5819149017333984 10.1287260055542 1.9950684309005737
v 3.1774356365203857 10.552607536315918 1.6972671747207642
v 3.777205228805542 13.113371849060059 3.392157554626465
v -1.533475399017334 7.894594192504883 4.720736026763916
v 2.8823225498199463 8.453462600708008 4.032956600189209
v 4.52432918548584 12.974109649658203 0.3563777506351471
v -1.9520072937011719 12.919315338134766 1.7877240180969238
v 4.80842399597168 8.687644004821777 1.532779574394226
v -2.1589298248291016 8.768730163574219 4.028902530670166
v 3.490281343460083 11.942096710205078 3.5646893978118896
v 0.7647339105606079 7.853145122528076 4.797441482543945
v 3.161327600479126 8.713041305541992 0.9084939360618591
v -0.8427040576934814 8.397395133972168 4.57829475402832
v 3.0048882961273193 10.036161422729492 1.532704472541809
v 1.6853755712509155 10.716146469116211 1.4373068809509277
v -0.12920759618282318 8.232011795043945 0.5107770562171936
v -3.2582523822784424 8.450724601745605 3.7773542404174805
v 4.285553455352783 14.465351104736328 1.974847674369812
v -2.6400949954986572 8.969464302062988 -0.4217812716960907
v -1.645992636680603 8.395429611206055 4.676816940307617
v 4.233797550201416 11.99398136138916 3.3837106227874756
v 4.002024173736572 12.63044548034668 -0.13133420050144196
v -0.4017586410045624 10.943821907043457 3.5927188396453857
v -2.4238409996032715 9.27539348602295 0.8055199980735779
v 2.85674786567688 11.075638771057129 3.774965763092041
v -2.0471057891845703 11.76256275177002 3.0850703716278076
v -2.8285911083221436 8.812217712402344 3.4279215335845947
v -0.27904385328292847 8.352983474731445 4.060179233551025
v 2.7361574172973633 8.62517261505127 1.44603431224823
v 3.321611166000366 7.669647216796875 4.866357326507568
v 1.1400787830352783 10.221763610839844 2.3389322757720947
v -2.1211330890655518 12.374629974365234 1.463160514831543
v -0.5453862547874451 9.497312545776367 3.0324838161468506
v 0.07053111493587494 10.31753921508789 3.0748581886291504
v -1.592977523803711 8.553126335144043 -0.017003163695335388
v 4.919712066650391 8.390789985656738 4.539612293243408
v 2.9201862812042236 9.557751655578613 3.7056822776794434
v -0.5165488123893738 9.695655822753906 2.9874653816223145
v 4.030595302581787 13.12155532836914 3.6115288734436035
v -0.28704869747161865 9.289794921875 0.3823029100894928
v -0.9886082410812378 8.947590827941895 4.191357612609863
v 5.400619029998779 13.676819801330566 3.530186414718628
v -0.08682909607887268 9.741250038146973 3.143425464630127
v -3.358954429626465 9.05427360534668 4.523167610168457
v 1.9424593448638916 8.800566673278809 3.6015706062316895
v -1.5665466785430908 10.976881980895996 0.9410521984100342
v -2.9237585067749023 8.494366645812988 -0.2675657272338867
v 3.886925220489502 12.79789924621582 3.980592727661133
v 5.175504207611084 14.781988143920898 3.662519931793213
v -0.036133091896772385 7.569019794464111 4.5290913581848145
v 4.261585712432861 14.809648513793945 2.5004770755767822
v 0.6015766263008118 12.766542434692383 1.9538769721984863
v 4.475683212280273 12.971359252929688 1.1449755430221558
v 5.315310478210449 9.191544532775879 0.2982426583766937
v 2.2010385990142822 8.37037467956543 3.476762294769287
v 5.517589092254639 8.303189277648926 1.1806106567382812
v 0.9576402306556702 11.007058143615723 1.2895857095718384
v -2.12251353263855 8.344672203063965 -0.24455489218235016
v -0.7875428199768066 10.134749412536621 2.506459951400757
v -1.45566987991333 12.77554702758789 2.2037618160247803
v 0.21139711141586304 8.713176727294922 0.11597289890050888
v 3.972733974456787 13.12945556640625 4.466561317443848
v -2.3144311904907227 12.582084655761719 1.839926838874817
v 3.929011583328247 15.01207447052002 2.502031087875366
v -0.1676023006439209 10.818279266357422 1.153337001800537
v 3.911501884460449 14.121407508850098 2.633697986602783
v -3.086780071258545 9.652467727661133 3.2561984062194824
v 2.192552328109741 9.634002685546875 4.160671710968018
v -2.8423173427581787 13.079425811767578 2.0491554737091064
v -2.915175676345825 8.958518981933594 -0.2990240156650543
v 4.573983669281006 8.765353202819824 4.728999614715576
v -0.4045161306858063 10.559210777282715 1.8005750179290771
v -0.6550372838973999 10.205606460571289 1.5670729875564575
v 1.895329475402832 8.230240821838379 4.686334133148193
v 4.273077487945557 12.73420238494873 4.233250617980957
v 2.605088949203491 7.384655952453613 4.2538251876831055
v 5.384032726287842 14.894076347351074 1.529137372970581
v 5.412817001342773 9.412755012512207 1.624680519104004
v -2.7786800861358643 9.813165664672852 3.5819931030273438
v 4.491328716278076 13.130145072937012 4.675752639770508
v 1.467268705368042 8.101448059082031 0.9240765571594238
v 7.373194694519043 13.106610298156738 3.277989149093628
v 4.900211334228516 9.391599655151367 1.6062281131744385
v 2.8938465118408203 9.056905746459961 0.4856702387332916
v -0.6899575591087341 8.296579360961914 4.231960773468018
v 2.287670612335205 10.948853492736816 1.302836298942566
v 3.9807088375091553 12.650113105773926 -0.1315930187702179
v 3.7003660202026367 11.145395278930664 3.3437588214874268
v 3.401301383972168 7.417179107666016 4.269222736358643
v -2.6359312534332275 8.681437492370605 0.011653618887066841
v 2.1465494632720947 8.936821937561035 1.2948505878448486
v 1.758500576019287 8.092982292175293 0.9533793926239014
v 4.098813533782959 12.723238945007324 2.4393277168273926
v 3.0234014987945557 13.299337387084961 2.2116451263427734
v -0.30040547251701355 8.726792335510254 0.20111243426799774
v 2.7305960655212402 10.361202239990234 3.706810712814331
v 2.953615665435791 8.56558609008789 0.43877479434013367
v 1.5791083574295044 8.219964027404785 4.673863410949707
v -0.31795620918273926 11.071090698242188 3.5964033603668213
v -0.0331260971724987 10.206235885620117 0.6732500195503235
v 2.5340185165405273 11.959524154663086 3.7844996452331543
v 2.9669108390808105 10.280909538269043 1.3968607187271118
v 0.11598028242588043 8.659470558166504 1.18410062789917
v -2.5454914569854736 11.843706130981445 2.5824222564697266
v 5.571608543395996 15.356025695800781 3.2730331420898438
v 4.252336502075195 12.211273193359375 3.4467720985412598
v 4.503543853759766 8.734367370605469 4.733395576477051
v 6.742275238037109 14.93037223815918 2.728454828262329
v 3.7820193767547607 7.998817443847656 4.828160762786865
v 3.1199824810028076 8.307450294494629 4.7088446617126465
v 6.109799861907959 14.60749340057373 1.7823420763015747
v 6.965039253234863 13.93444538116455 3.6224420070648193
v -0.7659400105476379 10.259489059448242 3.1349680423736572
v -1.0119006633758545 9.02316665649414 3.56278133392334
v 2.1378581523895264 8.18181324005127 4.326572418212891
v -0.828274667263031 8.239236831665039 3.7239582538604736
v -2.607168674468994 9.601030349731445 4.091065406799316
v 4.231371879577637 14.684223175048828 2.3336129188537598
v 1.93332040309906 8.709736824035645 3.682786703109741
v 5.380443572998047 14.842312812805176 1.5632812976837158
v 1.7897228002548218 7.689268589019775 3.6183876991271973
v 5.14720344543457 14.962223052978516 2.9750688076019287
v 4.724524974822998 8.84611701965332 1.6091947555541992
v 4.305644512176514 13.310942649841309 4.653318881988525
v 4.263932704925537 12.90520191192627 5.341853141784668
v 1.8225512504577637 12.310129165649414 1.3698670864105225
v -0.9487848281860352 8.151440620422363 3.540674924850464
v -0.38452938199043274 8.859077453613281 1.1039698123931885
v 1.15461266040802 7.410679817199707 4.236588478088379
v 2.5575485229492188 7.842225074768066 4.800722122192383
v 3.668118953704834 7.799478530883789 1.2658988237380981
v 1.958146572113037 12.292183876037598 3.65327787399292
v 2.649545192718506 10.779681205749512 1.114054560661316
v 4.4387526512146 15.105586051940918 1.9942288398742676
v -1.8817499876022339 8.051093101501465 -0.27537181973457336
v 0.055021461099386215 12.050591468811035 0.983153760433197
v 5.955752372741699 12.852426528930664 2.877509355545044
v 4.487880229949951 8.654199600219727 0.6895086765289307
v -2.2316298484802246 8.393852233886719 -0.2510440945625305
v -0.24822849035263062 8.27194595336914 0.5499414801597595
v 6.006595134735107 14.235081672668457 3.4091196060180664
v -3.3234901428222656 12.591529846191406 2.1129708290100098
v 4.375095844268799 13.096012115478516 -0.4544011354446411
v -1.546913981437683 8.12130069732666 4.728268623352051
v 5.486516952514648 15.452261924743652 2.254519462585449
v 5.960943222045898 14.322750091552734 3.3782525062561035
v -0.5733980536460876 10.438095092773438 2.8785829544067383
v 0.490090548992157 7.868736267089844 4.805596351623535
v 4.463797092437744 8.966215133666992 3.8199377059936523
v -2.914069414138794 8.515376091003418 4.613136291503906
v -0.44464755058288574 10.377753257751465 1.416257381439209
v 6.094226360321045 13.0343656539917 2.018284797668457
v 2.3869009017944336 11.970152854919434 3.827389717102051
v 3.1829941272735596 8.81458854675293 1.029632568359375
v 2.6249570846557617 7.677634239196777 1.2021845579147339
v 3.863405466079712 8.334664344787598 4.598324298858643
v 2.9153690338134766 8.735236167907715 3.9960899353027344
v 0.05916623771190643 10.109675407409668 3.155069351196289
v 4.217740058898926 12.690984725952148 2.8104889392852783
v -1.311631679534912 8.542990684509277 0.38208499550819397
v 3.001310348510742 8.302929878234863 4.709279537200928
v 3.0888874530792236 13.882920265197754 2.158482074737549
v 3.527204751968384 14.588761329650879 2.0325541496276855
v 4.036635875701904 12.791987419128418 0.7291643619537354
v 4.631214618682861 11.968634605407715 3.272254467010498
v -2.781428813934326 8.265824317932129 4.175817966461182
v 1.2777804136276245 7.997445583343506 3.6367154121398926
v 2.557171583175659 9.163079261779785 4.3444013595581055
v 5.516551971435547 15.330121994018555 3.7845091819763184
v 4.486884117126465 14.462604522705078 2.5148987770080566
v -2.645740032196045 11.05533504486084 1.6086931228637695
v 3.8455166816711426 13.62341022491455 3.131077527999878
v -2.8896913528442383 8.696630477905273 4.588620662689209
v 5.209778308868408 7.994095802307129 3.6371636390686035
v 0.7174621224403381 8.283817291259766 0.02888651192188263
v 6.013063907623291 14.481019973754883 1.7408424615859985
v -1.892366886138916 8.346626281738281 0.9831863641738892
v 0.9536906480789185 8.262134552001953 0.2674713134765625
v 4.28385066986084 13.07945442199707 3.416149377822876
v 0.43097245693206787 10.218253135681152 2.780987501144409
v 5.380302906036377 15.614036560058594 2.097501516342163
v 2.8990488052368164 10.759684562683105 1.7919888496398926
v 6.119192123413086 15.230311393737793 2.417144775390625
v 5.512121677398682 8.770910263061523 4.256531238555908
v -2.537339210510254 8.86525821685791 -0.43863731622695923
v 5.558637619018555 14.873692512512207 1.7828669548034668
v 6.275901794433594 13.724714279174805 3.6368913650512695
v 3.0684261322021484 7.605417728424072 0.06787754595279694
v 6.96206521987915 14.772322654724121 2.70184063911438
v 1.2427420616149902 8.131589889526367 4.802691459655762
v 4.087672710418701 14.343791007995605 2.582486391067505
v 4.3389692306518555 8.488466262817383 1.3243589401245117
v 3.8606276512145996 12.906170845031738 3.564131259918213
v -0.5146045684814453 12.618800163269043 3.0901577472686768
v 4.2170329093933105 13.12236213684082 2.579237699508667
v 3.9675865173339844 13.09652042388916 -0.22017230093479156
v -2.1475696563720703 8.838638305664062 0.2002841979265213
v 0.44148996472358704 10.729034423828125 1.7492583990097046
v 1.9125488996505737 10.446730613708496 3.0518882274627686
v -0.011509275995194912 8.225282669067383 0.7288978099822998
v 3.9849038124084473 13.012277603149414 1.3516920804977417
v 0.2774883806705475 9.45484447479248 0.3619289696216583
v 7.125783443450928 14.503729820251465 2.161158800125122
v 3.9779052734375 12.915715217590332 1.1618590354919434
v -3.9817464351654053 9.404818534851074 3.634019613265991
v 3.491766929626465 13.541006088256836 2.5309550762176514
v 4.7125325202941895 9.061779022216797 1.6775403022766113
v 4.093449592590332 8.377411842346191 0.23379027843475342
v 0.21429282426834106 7.498758792877197 0.863251805305481
v 5.896806240081787 13.793832778930664 3.5754573345184326
v 2.068148136138916 10.923325538635254 1.337618350982666
v -0.9036136865615845 12.501823425292969 1.068000316619873
v 6.151429176330566 14.363497734069824 1.4836148023605347
v 2.468377113342285 9.998613357543945 1.8451892137527466
v 5.875561714172363 12.879376411437988 2.3045244216918945
v 7.612539768218994 14.353018760681152 2.7400314807891846
v 5.121972560882568 14.887945175170898 3.022122621536255
v 2.2226855754852295 9.02981185913086 3.1746838092803955
v -0.48314371705055237 7.606614112854004 4.514244556427002
v 3.0689821243286133 14.221104621887207 2.380110263824463
v 3.5739283561706543 13.889541625976562 2.255380392074585
v 3.6407034397125244 14.717230796813965 2.012190580368042
v 4.346690654754639 13.116698265075684 0.5703526735305786
v 3.0799334049224854 10.197013854980469 2.0878617763519287
v 3.1877100467681885 11.789454460144043 3.61867356300354
v -0.7213128209114075 12.849932670593262 1.4511497020721436
v -3.451279878616333 9.892159461975098 4.050633907318115
v 0.9784200191497803 10.343439102172852 1.9621907472610474
v -0.35904887318611145 9.824185371398926 1.5272241830825806
v 4.325263977050781 13.117680549621582 0.9022692441940308
v -1.4404816627502441 8.436631202697754 0.8030146360397339
v 3.9196009635925293 13.014134407043457 2.631474256515503
v -2.7577943801879883 8.766522407531738 -0.5640842318534851
v 7.051015853881836 12.816946029663086 2.748750686645508
v 2.83314847946167 10.2377347946167 3.434286594390869
v 2.438560724258423 10.47598648071289 1.7669204473495483
v 2.1340172290802 9.386197090148926 1.4627273082733154
v 4.114402770996094 14.670036315917969 1.989293098449707
v 2.1425862312316895 11.019536018371582 1.6685607433319092
v 4.997316360473633 8.457447052001953 4.817342758178711
v 5.034844398498535 12.10854434967041 2.2921981811523438
v 2.2887513637542725 9.59092903137207 1.6744359731674194
v -3.7914657592773438 9.539495468139648 3.4141440391540527
v 4.726127624511719 12.80419635772705 0.23239056766033173
v 4.438047409057617 12.702075004577637 1.373964786529541
v 2.119006633758545 10.350707054138184 3.1924328804016113
v 6.340373516082764 14.558464050292969 1.8342617750167847
v 4.657471656799316 14.86464786529541 2.0385055541992188
v 2.4842097759246826 8.212294578552246 0.464403361082077
v 6.124313831329346 14.510096549987793 1.775171160697937
v 4.737645626068115 12.792457580566406 -0.2339426726102829
v 2.1366002559661865 12.765059471130371 2.8914692401885986
v 3.748643636703491 10.498908996582031 3.0826354026794434
v -0.679142415523529 7.523464679718018 0.3396376371383667
v -3.2176527976989746 8.974682807922363 0.9966155886650085
v -1.503705620765686 7.618820667266846 0.6191608309745789
v 4.041727542877197 10.557831764221191 2.176316976547241
v 5.512153148651123 15.338120460510254 1.6498701572418213
v 4.150859355926514 12.705992698669434 4.110979080200195
v -0.414703369140625 9.335490226745605 1.3121311664581299
v 5.681917667388916 15.234146118164062 1.36216402053833
v 2.966324806213379 7.385181427001953 4.262842178344727
v -2.494109630584717 10.85132122039795 2.6769492626190186
v 3.5643653869628906 8.273615837097168 3.810136556625366
v 5.335813522338867 9.204984664916992 0.42659929394721985
v 5.3132500648498535 15.57345199584961 1.9511386156082153
v 0.16225197911262512 11.060274124145508 3.686089277267456
v 0.508876383304596 10.287046432495117 1.5111746788024902
v -0.4453386068344116 7.83743143081665 3.5714497566223145
v 3.8118045330047607 11.842266082763672 3.508794069290161
v 6.264915466308594 14.213849067687988 1.5845533609390259
v 5.1981282234191895 15.300735473632812 2.026052474975586
v 2.8900251388549805 9.88219928741455 3.588671922683716
v 3.9655251502990723 13.01285171508789 1.7314420938491821
v -0.8437144756317139 9.101051330566406 4.309193134307861
v 4.533281326293945 13.208377838134766 3.4681787490844727
v 5.644454479217529 15.468979835510254 2.178229570388794
v -2.8223538398742676 9.123431205749512 4.533317565917969
v 4.10849142074585 13.096179008483887 0.2285739779472351
v 7.558141708374023 13.104126930236816 3.236750364303589
v 1.9924167394638062 8.150799751281738 4.006939888000488
v -0.16099146008491516 7.986306190490723 4.7655181884765625
v 4.234960079193115 10.732566833496094 2.202033042907715
v 2.2978568077087402 8.232396125793457 4.442305564880371
v 0.5013052821159363 10.808799743652344 1.2905117273330688
v -0.7584310173988342 12.912830352783203 2.699647903442383
v 2.0189335346221924 10.66543197631836 1.3270533084869385
v 5.169668197631836 14.616318702697754 3.526076316833496
v -2.436854600906372 9.16502571105957 0.9842454791069031
v 5.474497318267822 15.330961227416992 1.9901083707809448
v -2.5707826614379883 8.514827728271484 -0.19442933797836304
v 5.1051201820373535 8.887125015258789 0.28549155592918396
v 2.2952747344970703 9.361509323120117 1.6096471548080444
v 1.7340480089187622 12.283346176147461 3.625248670578003
v 1.454915165901184 7.346310138702393 3.9629690647125244
v 4.662658214569092 13.148193359375 0.23995128273963928
v -2.9741017818450928 8.435097694396973 0.9855256080627441
v -0.8240714073181152 9.851433753967285 3.959834098815918
v 7.816037178039551 14.02005386352539 3.0286097526550293
v 5.975883483886719 9.29787826538086 1.1501199007034302
v -1.9853932857513428 8.31721305847168 4.653078556060791
v 1.7548609972000122 7.442589282989502 4.739711761474609
v 5.528356075286865 15.310782432556152 3.4003539085388184
v 4.157010078430176 13.225760459899902 4.513073444366455
v 5.8320465087890625 15.28028392791748 3.031355381011963
v 2.4387047290802 12.938274383544922 2.4403486251831055
v 7.1900177001953125 13.860392570495605 1.8926500082015991
v 3.160534620285034 13.938943862915039 2.4852449893951416
v 4.383803367614746 13.374775886535645 -0.08168021589517593
v 4.490884304046631 12.821600914001465 1.07218599319458
v -3.408053159713745 9.407377243041992 4.437404155731201
v -0.7385291457176208 9.8124418258667 3.0644824504852295
v 5.48043155670166 15.222114562988281 3.364353895187378
v -0.8153563737869263 7.498693466186523 3.8713159561157227
v -1.7346504926681519 10.50551986694336 1.3797411918640137
v 5.168415546417236 14.999687194824219 3.3990070819854736
v -3.120394468307495 9.234912872314453 -0.07244907319545746
v 0.6390193700790405 8.284772872924805 0.02794957533478737
v -0.7213345766067505 8.392800331115723 0.6437075138092041
v 6.285765171051025 14.935482025146484 2.073678493499756
v -0.42916738986968994 9.111785888671875 1.2130054235458374
v 5.995588302612305 14.564885139465332 3.512376308441162
v -2.2297933101654053 7.802295207977295 0.6155709624290466
v -1.397233009338379 12.90560531616211 2.145876407623291
v -2.7223572731018066 8.8308744430542 0.012301191687583923
v -0.589061975479126 7.770838737487793 0.9710450172424316
v -0.9239881634712219 8.56228256225586 3.4690909385681152
v 2.2799577713012695 11.123374938964844 1.5338226556777954
v 3.9732370376586914 12.28494930267334 3.5282928943634033
v 7.499663352966309 14.47166919708252 2.7724287509918213
v 4.109498500823975 13.21884822845459 4.503528118133545
v -3.067310333251953 8.706812858581543 3.431765556335449
v 4.694310188293457 11.544761657714844 2.9255220890045166
v 7.503598690032959 14.449438095092773 2.9456779956817627
v 4.0693864822387695 7.53410530090332 4.4490742683410645
v 5.065813064575195 9.136487007141113 1.7154282331466675
v 5.509864807128906 9.430678367614746 1.3874307870864868
v -0.30219289660453796 10.316193580627441 1.8399683237075806
v -0.8043243288993835 9.389616966247559 3.173656702041626
v 2.1088006496429443 7.381830215454102 4.5133056640625
v 3.5229580402374268 7.578339099884033 3.747480869293213
v 0.026084115728735924 8.231911659240723 3.9299163818359375
v -0.4736340641975403 11.198775291442871 3.260972023010254
v 2.3788132667541504 7.505955219268799 0.20907379686832428
v 6.293874263763428 15.178667068481445 2.811295509338379
v 2.610365867614746 8.26431655883789 1.2004033327102661
v -2.6408443450927734 9.339791297912598 0.25870344042778015
v 4.035895824432373 13.360734939575195 4.745326995849609
v -2.7475826740264893 8.163714408874512 0.37063106894493103
v 1.5974665880203247 7.482270240783691 0.21737733483314514
v 2.302858352661133 8.020448684692383 4.291439056396484
v 4.308743953704834 7.722507953643799 0.5795864462852478
v 4.164748668670654 14.318385124206543 2.0348498821258545
v 5.325384616851807 8.087154388427734 1.140097737312317
v 4.351755142211914 14.646223068237305 2.5043015480041504
v 7.454519748687744 14.454084396362305 2.4861838817596436
v -2.0447499752044678 7.969226360321045 4.529078960418701
v 0.6357706189155579 7.497683048248291 3.7163643836975098
v 3.3299760818481445 8.028241157531738 1.2511992454528809
v 2.042170524597168 10.355571746826172 3.187612533569336
v 3.8291115760803223 13.164230346679688 3.3888912200927734
v -0.7251128554344177 9.7811918258667 4.129027366638184
v 4.11007833480835 11.240220069885254 3.2020351886749268
v 6.087404727935791 14.1727876663208 3.5936474800109863
v 5.5533905029296875 15.455256462097168 3.5566463470458984
v -0.4766928255558014 9.80630111694336 1.345811128616333
v 0.7735375165939331 11.873048782348633 3.8391237258911133
v -2.8092010021209717 9.371450424194336 0.009928828105330467
v 3.94448184967041 7.462949752807617 4.716494560241699
v 4.2694902420043945 13.120091438293457 1.7664436101913452
v 0.9198718667030334 7.478271484375 0.1644797921180725
v 4.44317102432251 13.095359802246094 1.025330901145935
v 3.5833258628845215 13.761329650878906 2.0268523693084717
v 1.9467216730117798 9.561257362365723 3.863158941268921
v 0.4118470549583435 10.316393852233887 1.796756386756897
v -3.4322783946990967 8.3413724899292 0.7488866448402405
v 3.458364248275757 7.5688629150390625 3.7504801750183105
v 3.5458130836486816 13.41506290435791 2.9297056198120117
v 7.274169445037842 13.58070182800293 3.4903464317321777
v 3.6226449012756348 14.247167587280273 1.9969857931137085
v -2.300532341003418 9.12913703918457 3.865830898284912
v 4.3079633712768555 8.082389831542969 4.821964263916016
v 2.352597713470459 8.11771011352539 4.795177459716797
v 4.0163445472717285 13.817086219787598 2.5644071102142334
v 2.9140615463256836 8.620137214660645 4.103476047515869
v 7.778537750244141 13.684059143066406 3.2590723037719727
v -2.4704651832580566 8.760058403015137 -0.33563336730003357
v 5.209181785583496 8.948974609375 0.7019891142845154
v 3.2214739322662354 8.283584594726562 0.2727937400341034
v 4.97700834274292 8.206588745117188 0.28464779257774353
v -0.3720484673976898 8.795753479003906 3.2834792137145996
v -0.602436363697052 11.098816871643066 3.1691088676452637
v 7.506626605987549 13.763615608215332 1.959263563156128
v -2.832761287689209 12.903493881225586 2.1302030086517334
v 3.5393083095550537 8.090729713439941 3.624842643737793
v 0.6570116281509399 10.218297004699707 2.2773025035858154
v 3.6396443843841553 7.635411739349365 0.20023761689662933
v -3.0236704349517822 9.917503356933594 3.8198559284210205
v 2.534651041030884 12.845362663269043 2.8965203762054443
v 2.886029005050659 9.662437438964844 3.8388121128082275
v 6.061342239379883 14.212411880493164 1.5232415199279785
v -2.9329543113708496 12.36047077178955 1.694606065750122
v 0.5471095442771912 9.631370544433594 1.129675030708313
v 3.2794179916381836 14.073816299438477 2.49491548538208
v 7.064388751983643 13.851536750793457 3.5634925365448
v 2.5879714488983154 10.924054145812988 3.0804362297058105
v 3.1839540004730225 14.159555435180664 1.9293757677078247
v 4.056027889251709 10.570338249206543 2.1789889335632324
v 4.030773162841797 13.090250015258789 1.7211166620254517
v 2.852247476577759 8.83255386352539 4.184414863586426
v -2.432393789291382 8.273009300231934 -0.2556806206703186
v 2.253316640853882 8.212398529052734 0.4408453702926636
v 5.5844035148620605 15.04673957824707 4.033844947814941
v -2.8208930492401123 8.296819686889648 4.1662187576293945
v 3.5817034244537354 7.566648006439209 0.4059597849845886
v -1.2824815511703491 7.57431697845459 0.6260941624641418
v 0.31520238518714905 11.579901695251465 1.037896752357483
v 4.6884589195251465 14.706677436828613 3.0757319927215576
v -3.4611034393310547 9.064138412475586 4.473291397094727
v 5.543527126312256 12.584982872009277 2.9046361446380615
v 3.4671497344970703 7.694471836090088 4.859752178192139
v -1.5708590745925903 12.358497619628906 3.2716634273529053
v 4.719425201416016 7.877077579498291 0.6713321208953857
v -0.40264278650283813 10.234167098999023 1.6112838983535767
v -0.7761965990066528 7.623596668243408 4.487083911895752
v -0.03268454596400261 10.08134937286377 0.6030998826026917
v -3.3865392208099365 8.702723503112793 4.08189058303833
v 0.5305433869361877 12.462629318237305 3.172004461288452
v 0.45983371138572693 10.38305950164795 3.1485562324523926
v 2.008941888809204 9.693328857421875 1.3129976987838745
v 4.312263011932373 14.678417205810547 2.6161725521087646
v -2.8773491382598877 8.54061508178711 -0.08989574760198593
v 4.297674655914307 14.66152286529541 2.4998953342437744
v 2.0785722732543945 10.092172622680664 0.9194120764732361
v 2.447146415710449 8.198135375976562 3.602332592010498
v -2.05570125579834 11.539732933044434 1.0343281030654907
v 6.254416465759277 14.281155586242676 1.5323954820632935
v 2.1831417083740234 8.560724258422852 0.6883201599121094
v 7.509300708770752 13.64067268371582 3.427556037902832
v -0.3242393732070923 8.689301490783691 3.335237503051758
v 5.783862113952637 15.278651237487793 2.3742966651916504
v -0.7802610993385315 10.198933601379395 1.5461757183074951
v -0.33098530769348145 10.810282707214355 1.4235509634017944
v 3.131503105163574 11.417522430419922 3.6225287914276123
v 7.239288330078125 13.507144927978516 3.4906880855560303
v -0.04843076691031456 10.504498481750488 2.853978395462036
v 7.374755859375 12.990013122558594 2.079773187637329
v 7.589456081390381 14.335439682006836 2.84757924079895
v -3.4576127529144287 8.91235637664795 0.7802770733833313
v 3.423520803451538 8.280021667480469 0.7619229555130005
v 1.1805424690246582 10.252632141113281 2.7523109912872314
v -0.6136184930801392 11.033075332641602 2.932340383529663
v 3.7729275226593018 11.812909126281738 3.510894775390625
v -0.5437691807746887 8.328804969787598 4.3170552253723145
v 5.392430305480957 15.250600814819336 3.0357182025909424
v -0.9002479314804077 8.518204689025879 4.253445148468018
v 3.998704195022583 13.519318580627441 1.4354878664016724
v 6.3017258644104 14.2951021194458 1.7693300247192383
v 5.1239776611328125 14.527044296264648 3.496046781539917
v 5.188453674316406 8.257614135742188 0.5322809815406799
v 3.9750592708587646 12.794462203979492 2.066537618637085
v 4.484436511993408 12.692985534667969 0.569990336894989
v 5.336827754974365 14.374898910522461 3.476323366165161
v -1.640734314918518 10.685381889343262 0.9721724390983582
v 1.135214924812317 8.254246711730957 0.06731072068214417
v 7.187399864196777 14.625905990600586 2.503805637359619
v 4.9507575035095215 8.429618835449219 4.822724342346191
v -0.3394172191619873 8.40839672088623 -0.03645416349172592
v 0.22350843250751495 10.624914169311523 0.9821816086769104
v 3.625699043273926 8.283123970031738 3.8076374530792236
v 4.305956840515137 13.211296081542969 -0.38366037607192993
v -2.047250747680664 11.759991645812988 3.0853497982025146
v 1.803462028503418 7.468410015106201 3.7708847522735596
v -0.2923576533794403 7.57515287399292 4.272555351257324
v -2.8715789318084717 12.850067138671875 2.1349737644195557
v -0.704505980014801 8.028112411499023 4.7401227951049805
v 5.289309024810791 15.319687843322754 3.0125608444213867
v 3.865907669067383 14.537004470825195 1.9594063758850098
v -0.17049747705459595 10.174784660339355 1.8674654960632324
v -2.1997475624084473 12.490777015686035 2.2820348739624023
v 5.2926025390625 9.007536888122559 0.16867321729660034
v 4.494856834411621 13.115006446838379 5.134964942932129
v 2.362497091293335 9.673951148986816 4.158493518829346
v -2.859886884689331 8.444893836975098 4.4307990074157715
v -0.8655145168304443 13.027462005615234 2.2527718544006348
v 0.10146346688270569 10.182230949401855 2.226816177368164
v -2.648085355758667 7.966752529144287 -0.027629882097244263
v 5.494016647338867 15.656397819519043 1.5237518548965454
v -1.8293628692626953 8.258475303649902 4.675507068634033
v -3.2024784088134766 8.656420707702637 4.355602264404297
v 0.49515774846076965 10.498191833496094 1.1521449089050293
v 5.458420276641846 14.503575325012207 3.5946569442749023
v -3.728492021560669 9.772500991821289 4.28302001953125
v 5.494803428649902 14.163731575012207 3.5710761547088623
v 2.2776408195495605 10.414376258850098 0.8947892785072327
v 0.12225412577390671 10.338247299194336 3.311807870864868
v -2.623957395553589 11.756852149963379 1.5406121015548706
v 4.594899654388428 11.582501411437988 1.7368401288986206
v -0.38839516043663025 11.029275894165039 3.522174119949341
v -0.49629291892051697 9.61512565612793 1.2484862804412842
v -2.5055465698242188 9.254237174987793 0.028660818934440613
v 7.685664176940918 13.713147163391113 3.3425164222717285
v 2.532550573348999 8.15821361541748 0.6522626280784607
v -0.6572874784469604 10.997611999511719 3.3045668601989746
v 3.140979051589966 14.067988395690918 2.494400978088379
v 2.1223018169403076 10.644322395324707 3.517982244491577
v 5.180436134338379 14.812466621398926 3.6872384548187256
v -3.3857598304748535 12.34753131866455 1.8307687044143677
v 6.67513370513916 14.899736404418945 3.0525197982788086
v -2.360295295715332 8.388718605041504 3.483020782470703
v 4.414234638214111 8.704951286315918 1.254704236984253
v -0.11291836202144623 7.432485103607178 3.9251322746276855
v -1.1396615505218506 8.513439178466797 -0.06844405829906464
v -1.0663909912109375 11.094832420349121 3.4854907989501953
v -0.5264337658882141 11.072016716003418 3.5607149600982666
v 5.235654354095459 15.002632141113281 1.7165608406066895
v 2.181368112564087 7.4806623458862305 3.73056960105896
v 1.7999001741409302 7.343629360198975 3.940793037414551
v -0.5137468576431274 8.91957950592041 0.725909411907196
v 7.183583736419678 13.041624069213867 2.0327794551849365
v -0.5466948747634888 9.193212509155273 0.7735275030136108
v -0.7627807855606079 8.35348129272461 4.134528636932373
v -0.007677673827856779 9.097245216369629 3.9073574542999268
v 3.766007661819458 12.64846134185791 4.9119062423706055
v 3.96667742729187 12.279403686523438 3.5287857055664062
v -2.637748956680298 11.205831527709961 1.515565276145935
v 2.598984956741333 9.860801696777344 4.039518356323242
v 4.1856513023376465 8.040839195251465 4.82343053817749
v 4.601279258728027 9.222222328186035 1.363718032836914
v 2.3429455757141113 7.675382137298584 3.632805109024048
v 1.1959646940231323 8.101811408996582 0.9132055640220642
v 3.687838077545166 12.804483413696289 4.887382984161377
v -1.437340497970581 8.53608512878418 0.5865171551704407
v 2.82492733001709 10.047333717346191 0.8502108454704285
v 4.211001396179199 12.692498207092285 2.941593885421753
v -0.9233457446098328 12.934852600097656 2.6690778732299805
v 3.723681926727295 14.052125930786133 2.0338571071624756
v -2.3498642444610596 8.248796463012695 4.672751426696777
v -2.6027631759643555 8.602147102355957 -0.029592271894216537
v -2.9610483646392822 8.53586196899414 4.607306480407715
v 1.106139898300171 8.105998039245605 0.9086875319480896
v 1.9598356485366821 8.532167434692383 3.6254918575286865
v -2.235262155532837 12.807282447814941 1.7556171417236328
v 3.830754518508911 7.516851902008057 3.9079537391662598
v 0.7240936756134033 10.392492294311523 3.1651923656463623
v 5.06751823425293 8.519828796386719 3.522090435028076
v -0.504320502281189 9.783729553222656 2.9672741889953613
v 4.053253650665283 13.122355461120605 3.269669532775879
v 6.7127180099487305 13.022506713867188 2.097306728363037
v -1.8880414962768555 12.603876113891602 2.7036709785461426
v 1.7406511306762695 7.538200378417969 -0.018784895539283752
v 2.346543312072754 10.060015678405762 3.9872868061065674
v -2.9396770000457764 8.848316192626953 -0.23414041101932526
v 4.564134120941162 7.656861305236816 0.9463528990745544
v 2.881004810333252 8.262063980102539 0.22676636278629303
v 4.262911796569824 13.17776107788086 1.2792130708694458
v 4.533005237579346 11.496724128723145 1.7093132734298706
v -2.9971725940704346 12.40321159362793 2.133070230484009
v 2.731764793395996 11.582730293273926 1.056954264640808
v 1.0311617851257324 10.342265129089355 1.9731700420379639
v -0.06428258121013641 10.367727279663086 3.1256048679351807
v 4.679970741271973 12.297585487365723 1.4425029754638672
v 3.5502078533172607 7.4623003005981445 0.6913520097732544
v 1.9171936511993408 8.10006046295166 0.9597283005714417
v 1.868781566619873 9.364245414733887 3.7247326374053955
v -2.8554296493530273 8.799824714660645 4.594395637512207
v 4.009924411773682 11.785720825195312 3.394909381866455
v 3.260800361633301 7.614628314971924 0.10857628285884857
v -1.674791693687439 8.474300384521484 -0.19636170566082
v 4.070361614227295 13.122937202453613 3.0113847255706787
v -0.6730927228927612 8.877035140991211 3.2256293296813965
v 3.864753484725952 13.2754545211792 5.107428550720215
v 0.23405802249908447 7.751653671264648 3.576627254486084
v 3.239595413208008 14.310688018798828 2.4886457920074463
v -1.992924451828003 13.206290245056152 2.2244417667388916
v 4.198181629180908 13.12741470336914 1.0827215909957886
v -3.2734193801879883 8.985723495483398 4.54202938079834
v 6.035039901733398 14.493037223815918 1.748777985572815
v 5.305194854736328 9.477017402648926 0.6075117588043213
v 2.1283748149871826 7.459445953369141 0.46431171894073486
v -1.5900228023529053 8.554450035095215 4.056005001068115
v 2.727799654006958 7.457098007202148 0.5038835406303406
v 7.158961296081543 14.377100944519043 3.4820351600646973
v 2.760784864425659 8.264595031738281 4.006260395050049
v 2.9456470012664795 8.227579116821289 3.7752420902252197
v 3.7050745487213135 12.796870231628418 5.071324825286865
v -2.2594971656799316 9.062394142150879 0.4756118953227997
v 5.327808380126953 14.930477142333984 1.9791126251220703
v 5.3474531173706055 8.642125129699707 0.48537778854370117
v -0.5759003758430481 9.189903259277344 1.031338095664978
v 5.310866832733154 15.041376113891602 1.593206763267517
v 4.835654258728027 8.401949882507324 1.4763367176055908
v -2.1930079460144043 7.959677219390869 4.276004791259766
v -2.0886757373809814 12.62629222869873 2.1635844707489014
v 0.06820741295814514 9.57919979095459 3.8170316219329834
v 5.056859970092773 15.274005889892578 2.9818055629730225
v -0.7099024057388306 8.141251564025879 3.9569942951202393
v 7.782192707061768 13.700028419494629 3.254563570022583
v 5.322752952575684 15.166884422302246 1.9902864694595337
v 2.883026599884033 8.48708438873291 3.7569496631622314
v 3.7356550693511963 7.474004745483398 4.7631611824035645
v 3.749940872192383 7.493328094482422 4.255672931671143
v 1.8262306451797485 8.226045608520508 4.684654235839844
v 5.948329448699951 14.326026916503906 3.732454776763916
v -1.130497694015503 10.297654151916504 2.92980694770813
v -0.13426756858825684 7.43366003036499 3.924412727355957
v 0.5046114921569824 8.998623847961426 0.8886784911155701
v -2.332566022872925 9.231006622314453 3.6203527450561523
v 2.905322551727295 11.259081840515137 1.1123639345169067
v -2.8575100898742676 9.059769630432129 -0.17259666323661804
v -1.356847882270813 7.606515884399414 0.2963719069957733
v 5.2322587966918945 8.062505722045898 1.3688509464263916
v 2.8298428058624268 8.227516174316406 0.4878925085067749
v 1.9378031492233276 7.851109504699707 4.832793235778809
v 5.49094295501709 14.965652465820312 3.7517566680908203
v 2.1084859371185303 8.485323905944824 3.493588924407959
v 3.213388204574585 13.954466819763184 1.943770408630371
v -1.9201431274414062 11.018964767456055 3.1125757694244385
v 4.846928596496582 13.660511016845703 3.499598741531372
v 4.083990097045898 12.333975791931152 1.2189639806747437
v 5.044896125793457 8.192891120910645 4.958252906799316
v -1.848869800567627 12.57774829864502 2.1797783374786377
v -0.43887943029403687 7.996346473693848 -0.16667428612709045
v 3.7466931343078613 12.676522254943848 1.163871169090271
v -0.4339851140975952 10.194013595581055 2.866619348526001
v 2.627403497695923 10.839238166809082 3.1798903942108154
v -0.11045800149440765 7.491252899169922 0.36651477217674255
v 4.011087417602539 12.792993545532227 1.2840970754623413
v -0.48798108100891113 10.297364234924316 3.9929518699645996
v -0.1005394235253334 8.260594367980957 0.34155136346817017
v 2.091808557510376 8.12452220916748 4.205326080322266
v 4.61433219909668 11.357804298400879 2.197920322418213
v 0.9758002161979675 7.91223669052124 -0.15013037621974945
v -2.3880910873413086 13.071155548095703 1.7356500625610352
v -3.050924062728882 9.396417617797852 4.391507148742676
v 0.7774778008460999 7.489279747009277 4.493197917938232
v 4.327767372131348 14.65275764465332 2.502518653869629
v 0.00847644917666912 10.899930953979492 1.2445662021636963
v 2.4885549545288086 8.657123565673828 3.31925368309021
v 3.9655520915985107 12.79485034942627 2.2729876041412354
v 6.472805500030518 14.418356895446777 3.544487714767456
v -0.406585156917572 8.417664527893066 0.22527968883514404
v -0.7088546752929688 8.972124099731445 3.2082324028015137
v 7.581962585449219 12.913827896118164 2.3353185653686523
v 1.3777333498001099 7.3554368019104 0.7305169701576233
v -0.20510199666023254 10.916543960571289 3.603043794631958
v 2.59504771232605 10.032726287841797 3.9565088748931885
v 2.559190511703491 7.308652400970459 0.8355552554130554
v 2.02337384223938 8.648801803588867 3.5043599605560303
v 4.584377288818359 13.255522727966309 -0.21992693841457367
v 5.2846150398254395 8.312257766723633 0.565238893032074
v 0.456368088722229 9.551094055175781 0.6103023886680603
v 4.134760856628418 14.658390998840332 1.9979429244995117
v 3.6389217376708984 7.594825744628906 3.737574338912964
v -0.3738172650337219 9.097113609313965 0.3781281113624573
v -1.0002132654190063 8.609694480895996 3.5696277618408203
v 0.8199831247329712 10.789724349975586 1.3547276258468628
v -0.8556963801383972 9.000033378601074 3.312641143798828
v -3.5105180740356445 8.504862785339355 0.08646511286497116
v 2.3769984245300293 8.914579391479492 1.472269058227539
v -1.9481617212295532 12.311983108520508 2.9407002925872803
v 3.913126230239868 12.748781204223633 -0.02773858793079853
v 2.5955405235290527 8.107397079467773 4.321013927459717
v -2.4214491844177246 13.166126251220703 1.7254592180252075
v -0.3979332745075226 8.416579246520996 -0.04071592912077904
v 3.8329741954803467 8.3720121383667 4.016400337219238
v -2.6785173416137695 12.445758819580078 1.9408400058746338
v 4.732888221740723 8.38434886932373 5.107469081878662
v 4.1113362312316895 13.096399307250977 0.1739671677350998
v -0.14749492704868317 7.554773807525635 4.2602105140686035
v 5.402481555938721 8.374619483947754 0.593707263469696
v 4.055903911590576 7.530617713928223 4.450872421264648
v -2.2841713428497314 8.75309944152832 4.593874931335449
v 0.08511367440223694 8.287784576416016 4.367240905761719
v 3.9156594276428223 14.127939224243164 2.633657693862915
v 4.505475997924805 12.821600914001465 0.8178409934043884
v -2.9958112239837646 9.377869606018066 4.587993144989014
v 5.536965847015381 15.128486633300781 3.2584407329559326
v 0.18080227077007294 8.34691333770752 0.920093297958374
v 4.199085235595703 12.53919792175293 -0.29055795073509216
v 3.6858575344085693 12.810091018676758 4.887107849121094
v -0.4588356614112854 10.269115447998047 1.341448426246643
v -0.44886893033981323 8.884809494018555 3.2194745540618896
v 0.8842124342918396 7.846958637237549 4.804842948913574
v 3.384016275405884 10.576377868652344 1.6818689107894897
v 5.572538375854492 15.45023250579834 1.8780829906463623
v 5.211458683013916 8.522809982299805 0.3662792444229126
v 2.0888869762420654 10.925564765930176 1.3357517719268799
v 1.1849730014801025 8.211030006408691 0.4985104203224182
v 5.282719612121582 9.031233787536621 0.7094266414642334
v 1.275056004524231 8.236812591552734 4.440044403076172
v 3.3812663555145264 11.571803092956543 3.5375378131866455
v 2.6124002933502197 8.885747909545898 0.33030039072036743
v 4.944103717803955 14.80038833618164 1.7587451934814453
v 0.43928271532058716 7.944343566894531 -0.13738597929477692
v -2.579909086227417 11.561768531799316 2.6051416397094727
v 5.675745010375977 8.560172080993652 0.6644598841667175
v 4.320077419281006 12.668122291564941 0.8206657767295837
v 4.836413860321045 9.137177467346191 0.46612608432769775
v 4.104990005493164 14.675498962402344 1.9848952293395996
v 2.107846260070801 9.444129943847656 0.6804825663566589
v -3.0347933769226074 9.313261985778809 4.51088809967041
v -3.615227699279785 9.820075988769531 3.8265573978424072
v 4.2795729637146 15.019789695739746 1.9683196544647217
v -0.29486358165740967 8.859217643737793 0.23481054604053497
v -3.1837480068206787 8.664840698242188 -0.23057901859283447
v 4.060342311859131 12.732330322265625 3.2917749881744385
v 0.3700338304042816 8.520695686340332 0.9039655923843384
v -2.5206329822540283 9.000726699829102 1.0740225315093994
v 3.9910099506378174 7.514857769012451 0.7836878299713135
v 2.452784538269043 8.268786430358887 4.7009806632995605
v 5.5853190422058105 15.004152297973633 4.026882648468018
v -0.3952653110027313 8.416643142700195 0.22649407386779785
v -1.3723974227905273 10.300604820251465 2.8509790897369385
v 0.2527356743812561 7.571117877960205 4.730146884918213
v -0.45665016770362854 8.66959285736084 0.5517987608909607
v -0.5866875648498535 7.770534992218018 0.9712655544281006
v 2.331890821456909 8.805047035217285 0.43395760655403137
v 1.0337225198745728 12.449126243591309 3.2300500869750977
v 5.347719192504883 8.712357521057129 0.6626005172729492
v 3.8022994995117188 15.023862838745117 2.414494276046753
v -0.1515144258737564 8.7196044921875 1.2168463468551636
v -0.8846145868301392 7.576367378234863 0.06096595898270607
v 2.3023841381073 8.346936225891113 4.482638359069824
v 0.030798818916082382 10.92654037475586 3.4442107677459717
v 3.1533870697021484 8.303239822387695 4.450437545776367
v 4.000021934509277 12.746686935424805 4.628310680389404
v -1.2639763355255127 12.920377731323242 2.6039977073669434
v -0.14282163977622986 7.511335372924805 -0.09777015447616577
v -2.807961940765381 12.854780197143555 1.7079218626022339
v 5.3536481857299805 9.147863388061523 1.7049273252487183
v 5.2858099937438965 9.184964179992676 0.3836379051208496
v 7.023795127868652 13.063457489013672 2.0101754665374756
v 6.087672710418701 14.609907150268555 1.776971459388733
v 5.4680867195129395 15.158202171325684 4.05924129486084
v 4.338681697845459 12.8446683883667 0.4407848119735718
v -0.2402893751859665 8.99598503112793 1.3318368196487427
v 5.295869827270508 14.899490356445312 3.4500644207000732
v 5.438059329986572 8.613089561462402 4.691365718841553
v 4.377176761627197 12.822099685668945 3.05442476272583
v 3.8081376552581787 15.048863410949707 2.222245454788208
v 0.22174379229545593 8.247121810913086 4.64699649810791
v 4.2634596824646 12.904277801513672 5.341872692108154
v 0.06531274318695068 9.74329948425293 3.770996570587158
v -1.2292522192001343 7.769756317138672 4.668907165527344
v 5.076415538787842 8.565165519714355 4.762790203094482
v 3.973083972930908 8.370424270629883 4.596161842346191
v -1.159026026725769 8.433700561523438 4.301944255828857
v -1.4745405912399292 8.518547058105469 4.441028118133545
v -0.6242064237594604 10.292790412902832 2.9312853813171387
v -0.509924054145813 8.74113941192627 4.384831428527832
v 3.5864295959472656 7.625682353973389 0.18868741393089294
v 1.9643971920013428 9.967826843261719 1.0283937454223633
v 5.372623920440674 14.774556159973145 1.604197382926941
v 5.257678985595703 12.35033130645752 2.915184736251831
v 2.8011560440063477 10.237619400024414 3.127006769180298
v 6.028896331787109 14.475732803344727 3.73610520362854
v -1.8876149654388428 12.789082527160645 1.758955955505371
v 3.660399913787842 14.752845764160156 2.0127391815185547
v -0.8940792083740234 9.864765167236328 3.27339243888855
v 3.6356191635131836 8.177865028381348 0.16134493052959442
v 2.364032506942749 8.283636093139648 4.265944957733154
v 2.5113673210144043 8.897476196289062 1.5147908926010132
v -0.8819031715393066 10.750824928283691 1.0688430070877075
v 3.1455323696136475 7.5158820152282715 3.7316980361938477
v 0.38629820942878723 7.879473686218262 4.798140048980713
v -3.4324169158935547 9.896252632141113 4.0486907958984375
v 3.944225311279297 13.01349925994873 2.1489028930664062
v 4.206587791442871 11.97035026550293 3.386725425720215
v -0.6883492469787598 10.862025260925293 3.4567389488220215
v -2.9404008388519287 12.424941062927246 2.136589765548706
v -0.6040679812431335 12.631531715393066 3.095792770385742
v 3.7824137210845947 13.757862091064453 2.9849133491516113
v 4.331338405609131 13.117365837097168 0.8081729412078857
v 4.0439534187316895 7.71879243850708 0.2903931140899658
v -3.2654037475585938 8.73043155670166 4.54730749130249
v 7.566521167755127 13.14979076385498 2.036604642868042
v 0.4977361559867859 8.670494079589844 0.6699873208999634
v 5.3355793952941895 8.311538696289062 4.776214122772217
v -0.8013074994087219 7.599583148956299 4.234793186187744
v 4.560028076171875 14.039239883422852 1.4831773042678833
v 3.1264209747314453 8.409467697143555 0.9789856672286987
v 7.775230407714844 14.139389038085938 2.4003243446350098
v 5.652345657348633 15.493325233459473 1.6114102602005005
v 2.3076372146606445 8.786628723144531 0.4589013159275055
v 3.8366856575012207 12.759889602661133 1.1755818128585815
v 3.9180033206939697 12.796730995178223 3.3057243824005127
v 4.106409549713135 13.217764854431152 5.269130229949951
v 2.8900811672210693 11.608896255493164 1.0441291332244873
v -2.7474067211151123 9.308197021484375 0.9613821506500244
v 3.624157428741455 7.592118740081787 3.739029884338379
v 5.709033966064453 8.758625984191895 1.6952494382858276
v -0.3852168023586273 9.532391548156738 1.3965102434158325
v 2.476834297180176 8.462937355041504 4.512774467468262
v 2.011559247970581 9.645308494567871 1.2997946739196777
v 5.277795791625977 7.935778617858887 4.450890064239502
v 5.546927452087402 8.957320213317871 0.4316980838775635
v 4.747696876525879 13.083005905151367 -0.03136727213859558
v 2.937504529953003 10.438549041748047 1.481593370437622
v 1.8880813121795654 9.09668254852295 3.8627820014953613
v 4.299135684967041 12.539467811584473 4.816205024719238
v 1.219821810722351 12.464072227478027 3.235499858856201
v -2.585890293121338 11.515786170959473 2.6069719791412354
v 3.974801540374756 7.4791693687438965 1.092880368232727
v 3.152371406555176 8.760771751403809 0.8105209469795227
v 5.782186031341553 14.610808372497559 1.707366943359375
v 2.827709197998047 8.178938865661621 1.0583674907684326
v 5.4630327224731445 14.525876998901367 3.6409404277801514
v 3.724233627319336 13.668217658996582 2.97948956489563
v 6.025386810302734 15.054472923278809 3.3433663845062256
v 4.310509204864502 12.962357521057129 3.822535276412964
v -0.47627249360084534 12.497747421264648 1.1212223768234253
v 7.0404510498046875 13.895980834960938 1.849053978919983
v 3.800967216491699 12.964742660522461 5.226858615875244
v 6.710779666900635 12.872110366821289 2.7815940380096436
v 4.772650718688965 8.622700691223145 4.784707546234131
v -2.3644185066223145 9.295001983642578 3.8695197105407715
v 2.49586820602417 8.036972045898438 4.287384033203125
v 5.675769805908203 15.55158805847168 2.0578815937042236
v 6.1742095947265625 14.518808364868164 1.6915229558944702
v 6.158409118652344 14.464606285095215 1.8392410278320312
v 1.9754037857055664 8.211838722229004 4.047485828399658
v 3.838805913925171 12.904295921325684 4.0110955238342285
v -2.216517210006714 8.075532913208008 4.527044773101807
v 1.4896857738494873 7.342133045196533 3.9592108726501465
v 2.8673887252807617 8.474374771118164 3.720792293548584
v -0.8926282525062561 9.018330574035645 3.349336862564087
v 4.45234489440918 13.096275329589844 0.887714147567749
v 4.256548881530762 13.120627403259277 1.9669303894042969
v -0.504070520401001 11.68867015838623 0.9127199649810791
v 4.10207462310791 11.311712265014648 1.4754364490509033
v 2.763904333114624 8.282984733581543 4.705589771270752
v 2.8514761924743652 12.466519355773926 3.3496060371398926
v -3.1942811012268066 9.254971504211426 4.78994083404541
v 3.8833110332489014 13.015202522277832 3.342613935470581
v 4.126066207885742 8.024687767028809 4.829829216003418
v 0.4611366391181946 8.682639122009277 0.8538767695426941
v -1.683895468711853 12.563848495483398 1.7611383199691772
v 4.409915447235107 12.821918487548828 2.4835760593414307
v 2.8889598846435547 9.904229164123535 1.7039204835891724
v 4.604299068450928 8.38003921508789 4.923811912536621
v -0.3783217966556549 10.700157165527344 3.4357731342315674
v -0.24223054945468903 8.998910903930664 4.2491455078125
v 2.8959925174713135 9.0308837890625 4.041288375854492
v -0.42746227979660034 10.14968204498291 0.9832779765129089
v 2.9973535537719727 9.07961368560791 1.4666588306427002
v 2.158033847808838 8.154302597045898 0.8056690692901611
v 4.0774078369140625 10.589035034179688 2.182983636856079
v 5.827495574951172 9.149932861328125 1.6044639348983765
v -2.6465084552764893 11.04951286315918 1.6132498979568481
v 4.694043159484863 15.1083345413208 2.5399506092071533
v 5.184606552124023 8.282527923583984 0.32821324467658997
v 2.3677024841308594 9.555177688598633 4.2118120193481445
v 5.28716516494751 15.271769523620605 3.0703351497650146
v 2.4460718631744385 7.378120422363281 4.514976501464844
v -0.06240767613053322 10.299298286437988 2.9375686645507812
v -0.8072158694267273 8.965063095092773 4.3450026512146
v 4.274516582489014 15.134820938110352 1.976401686668396
v -0.03988601267337799 11.01333999633789 3.4689180850982666
v 2.8515985012054443 9.962613105773926 3.734423875808716
v 4.535348892211914 12.821399688720703 0.2970966100692749
v 0.05582743510603905 8.883810997009277 0.10145660489797592
v 4.2629523277282715 8.469472885131836 3.649510622024536
v 4.078522682189941 13.123246192932129 2.888249635696411
v 5.129613876342773 9.085407257080078 0.41242825984954834
v 5.6721720695495605 8.605052947998047 0.47103747725486755
v 2.331737756729126 9.11455249786377 0.4699147045612335
v 4.47973108291626 13.141223907470703 5.127377510070801
v -0.941021203994751 9.094522476196289 4.222107887268066
v 5.207215785980225 15.185675621032715 3.740105628967285
v 0.8614345192909241 7.616508483886719 4.860566139221191
v 3.189770221710205 8.020404815673828 3.638669967651367
v -0.2679383158683777 11.916215896606445 3.6226541996002197
v -0.3679420053958893 8.226092338562012 3.961143732070923
v 1.2753841876983643 8.24122428894043 0.08381425589323044
v 4.533530235290527 8.485861778259277 3.529031991958618
v 4.680077075958252 7.639516830444336 4.561755180358887
v -0.7962532043457031 10.217569351196289 3.8484838008880615
v 4.195687294006348 12.700243949890137 0.2928597033023834
v 0.8539441823959351 11.03852653503418 3.715224504470825
v -3.09873104095459 8.954153060913086 4.429442882537842
v 1.1542435884475708 10.221534729003906 2.3408029079437256
v 0.33832812309265137 8.317776679992676 0.7351576685905457
v -0.5555114150047302 8.380179405212402 4.287276268005371
v 2.5863161087036133 8.58506965637207 3.3852760791778564
v 4.445249080657959 12.969700813293457 1.6383354663848877
v -2.1989681720733643 13.121318817138672 1.7586101293563843
v 4.942738056182861 9.245841026306152 0.506982684135437
v 1.2046507596969604 10.454800605773926 1.7315119504928589
v 0.4846133589744568 10.414042472839355 1.6031626462936401
v 0.48297810554504395 10.420066833496094 1.608140230178833
v 2.3654165267944336 11.031899452209473 1.3229483366012573
v 5.328374862670898 8.643518447875977 0.4891260266304016
v 4.082529544830322 15.148296356201172 2.4429967403411865
v 1.8783304691314697 8.097588539123535 0.9586847424507141
v 0.2624036967754364 12.501951217651367 3.1427161693573
v -2.6378703117370605 11.161609649658203 1.5376335382461548
v -2.7934813499450684 11.627104759216309 2.232466220855713
v -3.107036828994751 9.034354209899902 4.699742317199707
v 4.721039295196533 12.67168140411377 -0.07945124059915543
v 5.583845615386963 15.411972045898438 1.3619869947433472
v -0.623174250125885 10.602363586425781 3.779229164123535
v -0.7785430550575256 10.428318977355957 1.2532936334609985
v 4.995423793792725 8.62120246887207 4.76577091217041
v 0.0044507295824587345 7.477657794952393 0.370232492685318
v 5.573953628540039 8.778077125549316 0.4564606249332428
v -0.7074648141860962 8.27700424194336 4.715205192565918
v 3.145737409591675 13.840422630310059 1.962022066116333
v 0.03796974569559097 11.43731689453125 3.70790696144104
v 0.15318958461284637 12.036734580993652 0.9937664866447449
v -2.9891302585601807 8.531408309936523 -0.26116350293159485
v 4.179493427276611 12.699566841125488 3.5541832447052
v 4.356690406799316 12.717918395996094 2.78411602973938
v 2.0036096572875977 10.35300350189209 1.502645492553711
v 1.9935922622680664 10.790159225463867 3.1285617351531982
v 0.2685061991214752 8.184910774230957 3.791203260421753
v 3.5215377807617188 10.874345779418945 1.4299309253692627
v 4.492487907409668 8.930908203125 4.112286567687988
v -2.875243902206421 8.156014442443848 0.23729783296585083
v 5.6276984214782715 14.554540634155273 1.8469874858856201
v -1.0751904249191284 7.548472881317139 0.6524407267570496
v 2.5455734729766846 10.483060836791992 1.7636799812316895
v 4.193373680114746 12.886516571044922 3.4790141582489014
v 0.41600582003593445 10.572267532348633 1.801214337348938
v 2.0807414054870605 8.374065399169922 3.5722553730010986
v 2.686629295349121 10.943964958190918 1.2804265022277832
v 5.428529739379883 15.14072036743164 1.6968733072280884
v -2.737795114517212 11.404253959655762 2.391317844390869
v 1.9126591682434082 8.611924171447754 4.049771785736084
v 2.7855584621429443 10.456616401672363 3.308859348297119
v 4.517777919769287 8.021390914916992 0.21488073468208313
v -1.4464572668075562 8.095351219177246 4.73773717880249
v 3.8245127201080322 13.812150001525879 2.533991575241089
v -3.019030809402466 9.360635757446289 4.392718315124512
v 3.7661876678466797 14.344293594360352 2.5628936290740967
v 3.2817885875701904 14.060056686401367 2.49411940574646
v 2.849367380142212 7.98264741897583 3.623861312866211
v 2.9733059406280518 10.245322227478027 1.3768315315246582
v 7.384280681610107 13.954158782958984 1.9792306423187256
v 6.174526214599609 14.38473129272461 1.8853657245635986
v 4.440833568572998 14.913495063781738 2.302574396133423
v -0.7759077548980713 8.790682792663574 4.372208118438721
v -0.6267381906509399 13.022676467895508 1.845804214477539
v 2.3089137077331543 7.3137407302856445 0.8068224191665649
v -2.679751396179199 9.760254859924316 3.584280252456665
v 6.389214038848877 13.704514503479004 3.637805700302124
v 2.2892649173736572 9.16293716430664 1.5656360387802124
v -2.77986741065979 9.124608039855957 1.0682580471038818
v 0.04677383601665497 8.209389686584473 0.3793450891971588
v 3.560171604156494 7.473818302154541 4.771178245544434
v 2.709033966064453 10.449637413024902 3.6419312953948975
v -3.4652841091156006 9.277027130126953 4.4155120849609375
v 6.661267280578613 13.840298652648926 1.7864760160446167
v 5.298095703125 9.198307037353516 0.42380815744400024
v 2.004829168319702 10.365708351135254 1.5072447061538696
v -0.70695960521698 7.595674991607666 4.245649337768555
v 0.38230302929878235 10.520697593688965 1.0252097845077515
v 1.0712906122207642 8.166731834411621 -0.08275432884693146
v 4.531424045562744 12.974495887756348 0.24141207337379456
v 4.543963432312012 8.751655578613281 4.731374740600586
v 3.4355850219726562 13.912988662719727 2.499201536178589
v 5.242316246032715 12.44612979888916 2.07069730758667
v 2.056577682495117 10.922042846679688 1.3383265733718872
v 0.2199682742357254 8.868499755859375 1.2576072216033936
v 4.629899024963379 15.002399444580078 2.933213233947754
v 2.602220296859741 8.108312606811523 0.6658011078834534
v 0.2541881799697876 10.301873207092285 1.7541651725769043
v 4.824355125427246 14.937515258789062 1.8985588550567627
v 4.69408655166626 7.662658214569092 3.8851370811462402
v 5.2650604248046875 8.126409530639648 4.097870349884033
v 4.088371753692627 13.094717979431152 0.6149255037307739
v -2.179316282272339 8.780373573303223 4.028582572937012
v 3.842038154602051 8.232240676879883 4.800572395324707
v -0.17053940892219543 8.537418365478516 1.0360746383666992
v 5.330316066741943 15.293044090270996 2.28637433052063
v 0.6211802959442139 10.227277755737305 2.7815299034118652
v -2.7235286235809326 13.227002143859863 2.058929681777954
v 0.6711764335632324 11.87716007232666 3.8188226222991943
v -0.04288627952337265 8.33077621459961 0.41848263144493103
v -1.4600293636322021 10.312115669250488 2.824953079223633
v -0.37138640880584717 10.8137788772583 1.7524604797363281
v 4.423232555389404 13.228719711303711 4.670625686645508
v 5.487264633178711 14.966320991516113 1.7271099090576172
v -3.520637273788452 9.448513984680176 3.2665088176727295
v 2.329228162765503 8.216328620910645 0.45125675201416016
v -1.3043168783187866 12.058511734008789 0.8266036510467529
v 4.264852046966553 13.077557563781738 3.7013018131256104
v -2.0621180534362793 7.9573869705200195 3.549999713897705
v 4.928034782409668 12.828375816345215 3.4948270320892334
v -0.6513040661811829 8.18231201171875 3.7146809101104736
v 4.296287536621094 14.272998809814453 1.742263913154602
v -1.5230799913406372 7.713775157928467 -0.20750348269939423
v 5.7310471534729 12.823344230651855 2.277150869369507
v 4.185457706451416 10.606139183044434 2.5153448581695557
v -2.210395097732544 12.708280563354492 1.7675985097885132
v 4.39446496963501 13.090497016906738 1.7562947273254395
v 4.302379131317139 12.728460311889648 3.7254221439361572
v 4.3623223304748535 12.822099685668945 3.3133513927459717
v -0.7630763649940491 10.114484786987305 2.083085060119629
v -3.092803478240967 9.13598918914795 4.231461524963379
v 6.6693196296691895 13.902891159057617 1.7955461740493774
v -3.8599257469177246 9.39106559753418 4.450387001037598
v -0.6672335267066956 8.047515869140625 1.0215505361557007
v -2.3226234912872314 13.269640922546387 2.1719846725463867
v -1.7751028537750244 13.182148933410645 2.2278923988342285
v -1.730501651763916 12.866508483886719 1.8080177307128906
v -1.3417431116104126 10.177720069885254 1.49827241897583
v 3.820910930633545 14.06641674041748 2.545342445373535
v -0.524334192276001 8.30705451965332 -0.16206207871437073
v 2.259136915206909 11.489472389221191 3.9546680450439453
v 2.527604818344116 7.460267543792725 0.4711534380912781
v 6.683873653411865 13.966891288757324 1.8056210279464722
v -2.4046332836151123 12.208020210266113 1.6415029764175415
v 3.0764071941375732 12.984991073608398 1.6101466417312622
v -2.5275161266326904 10.601571083068848 2.1608569622039795
v 4.086736679077148 12.726093292236328 2.706937313079834
v 2.637887954711914 9.965880393981934 0.7004718780517578
v 1.9719805717468262 9.520648002624512 0.8868445158004761
v 4.466558456420898 12.821700096130371 1.4962064027786255
v 3.3655238151550293 13.228087425231934 2.879878282546997
v 3.6769633293151855 14.527114868164062 1.9345015287399292
v 1.7135297060012817 10.908178329467773 1.359636902809143
v 5.588714599609375 15.126450538635254 3.258551597595215
v -0.19911181926727295 11.1759033203125 3.3527657985687256
v 4.482771873474121 12.821671485900879 1.2136027812957764
v 6.746884346008301 14.82000732421875 2.245192050933838
v 0.7342995405197144 11.262033462524414 1.2291181087493896
v 2.872534990310669 10.323986053466797 3.2211673259735107
v 2.6345553398132324 8.874014854431152 1.5372929573059082
v 0.19756928086280823 9.617881774902344 0.37197694182395935
v 2.5610384941101074 10.373647689819336 3.772406578063965
v 4.113104343414307 13.126861572265625 4.189392566680908
v 2.6943256855010986 8.161471366882324 0.0691954642534256
v -0.2919916808605194 9.718528747558594 3.0335450172424316
v 4.303717613220215 8.533541679382324 0.44765910506248474
v 4.542407512664795 8.275629043579102 3.546449661254883
v 4.568838596343994 13.319113731384277 -0.07044164836406708
v 2.5154225826263428 7.675383567810059 1.1894598007202148
v 7.3347625732421875 13.34972095489502 3.432953119277954
v 7.803287506103516 13.43202018737793 3.2465391159057617
v 4.288768291473389 13.119194030761719 1.467800259590149
v 3.6165263652801514 8.114411354064941 3.624267101287842
v -2.0852162837982178 12.483924865722656 1.954940676689148
v -0.3413863182067871 12.818204879760742 2.7550950050354004
v 0.26182860136032104 8.286794662475586 4.391630172729492
v 3.1503682136535645 8.517991065979004 0.6952493786811829
v -1.7274439334869385 7.859070777893066 4.577154636383057
v -3.0037007331848145 8.802906036376953 -0.30750924348831177
v 2.231269121170044 7.448639869689941 1.0179849863052368
v 6.8768205642700195 14.009488105773926 1.8290345668792725
v 1.964775562286377 9.957892417907715 1.0255337953567505
v -1.144592046737671 8.390654563903809 -0.20464453101158142
v 3.6890244483947754 7.644291877746582 0.21183697879314423
v 2.1836788654327393 8.012895584106445 3.9634525775909424
v -0.20594368875026703 9.227739334106445 4.199489116668701
v 1.5908883810043335 7.419511318206787 4.529955863952637
v -2.0133795738220215 8.702627182006836 4.033190727233887
v 0.8434153199195862 10.788558959960938 1.3605003356933594
v 5.309886455535889 15.139059066772461 2.0037145614624023
v -2.6595218181610107 12.47236156463623 1.7245533466339111
v 2.1327335834503174 9.399413108825684 1.4654453992843628
v 5.266732692718506 14.826123237609863 1.7186837196350098
v 2.3302438259124756 8.233806610107422 4.447810173034668
v -2.727566719055176 9.78469467163086 3.828805923461914
v -1.9390977621078491 12.433794975280762 1.7907568216323853
v 2.155787229537964 8.02033519744873 3.9931259155273438
v 2.142522096633911 10.257803916931152 3.8346967697143555
v 2.329644203186035 7.83873176574707 4.816137790679932
v 3.6599526405334473 11.04092025756836 1.341959834098816
v 4.512953758239746 8.952638626098633 4.106385231018066
v 4.776541233062744 12.850618362426758 -0.029778623953461647
v 5.496957778930664 15.130327224731445 1.657883882522583
v 2.7221791744232178 8.526552200317383 3.475388526916504
v 5.237497329711914 14.90939712524414 3.8861050605773926
v 5.963395595550537 13.010047912597656 2.0168161392211914
v 5.421205043792725 14.889140129089355 3.642198324203491
v 0.3672659993171692 7.5184712409973145 3.711824655532837
v -2.1286725997924805 12.800271034240723 1.7502155303955078
v 6.10593318939209 9.239418983459473 0.8914183974266052
v 2.0623886585235596 9.02725601196289 0.9228420257568359
v 1.5122603178024292 7.63616943359375 -0.12914042174816132
v 2.9062917232513428 8.297588348388672 4.709914207458496
v -1.01619553565979 8.17176628112793 3.5473856925964355
v 0.02974800206720829 9.843374252319336 1.771454930305481
v -0.5220866203308105 10.061432838439941 4.080911159515381
v 2.1272671222686768 7.400705814361572 4.251511096954346
v 3.7367968559265137 14.870055198669434 2.1994240283966064
v 6.08125114440918 14.473637580871582 1.82861328125
v 0.1530265212059021 7.686897277832031 4.7950849533081055
v -0.34910231828689575 10.190251350402832 0.8399184942245483
v 5.77418327331543 15.157530784606934 2.089470624923706
v 0.27539554238319397 9.125093460083008 1.3835980892181396
v -0.4758449196815491 11.195466041564941 3.265744686126709
v 2.856666088104248 7.984164237976074 3.6248624324798584
v 0.6940677165985107 7.434011459350586 4.238251209259033
v 2.4573543071746826 10.765023231506348 3.413344621658325
v 5.182246685028076 15.093523025512695 3.6353230476379395
v 1.751038670539856 8.236352920532227 0.35605940222740173
v 5.171618461608887 14.576957702636719 3.4849917888641357
v 1.492592453956604 8.2133207321167 4.069249629974365
v 4.337680339813232 12.822199821472168 3.7429039478302
v 4.787465572357178 7.918727397918701 0.6881002187728882
v 2.4704818725585938 10.676841735839844 1.009365200996399
v 5.14013147354126 14.883589744567871 3.148501396179199
v 0.22239498794078827 8.555420875549316 1.0785690546035767
v -0.38089293241500854 8.212332725524902 3.902207851409912
v -1.1792768239974976 8.514817237854004 -0.06514718383550644
v -1.1854647397994995 8.41264533996582 3.7189443111419678
v 3.7784464359283447 14.966765403747559 2.2173712253570557
v -3.55914306640625 9.138712882995605 3.2997114658355713
v 2.7518327236175537 10.500397682189941 1.7456855773925781
v -1.6210582256317139 13.037900924682617 2.223212957382202
v -1.8372222185134888 12.459331512451172 1.7680732011795044
v -0.46309223771095276 8.404516220092773 0.4088880717754364
v 2.5018863677978516 9.468491554260254 0.49654078483581543
v 5.330565452575684 14.521495819091797 1.7863729000091553
v -2.90161395072937 8.61787223815918 -0.48761576414108276
v -1.7152217626571655 8.535903930664062 3.681509256362915
v 2.8431763648986816 11.016769409179688 1.6374207735061646
v 5.5711894035339355 15.271120071411133 1.3452277183532715
v -2.769641876220703 12.409132957458496 2.0637893676757812
v 0.4194062352180481 10.21765422821045 2.780100107192993
v -0.1467469334602356 9.36485767364502 4.251972675323486
v -1.8875973224639893 13.025529861450195 2.2228188514709473
v -2.188321590423584 8.592630386352539 3.5275557041168213
v -3.308609962463379 9.18171215057373 0.3285098373889923
v -2.6267645359039307 13.038860321044922 2.1476151943206787
v 7.937963008880615 13.57115650177002 2.249526262283325
v 1.944603443145752 8.546382904052734 3.645854949951172
v 5.162696361541748 8.751429557800293 0.34028831124305725
v -1.476905107498169 8.316908836364746 3.545530319213867
v 0.058439984917640686 7.504604816436768 -0.09170284867286682
v 3.803321361541748 13.223138809204102 5.098178386688232
v 4.229038238525391 12.818628311157227 -0.4816737174987793
v 5.381026268005371 14.707547187805176 3.453376293182373
v -2.275648355484009 13.113039016723633 1.750144124031067
v -0.7680550813674927 10.652161598205566 3.1856226921081543
v -0.6311728954315186 13.022576332092285 1.8455712795257568
v 3.7292962074279785 7.614577293395996 3.727637529373169
v 1.5149940252304077 8.13764476776123 -0.026617370545864105
v -2.4203875064849854 12.225824356079102 1.7540693283081055
v -2.98329758644104 12.7305269241333 2.1506385803222656
v -2.305555582046509 9.117131233215332 0.27110981941223145
v 4.739977836608887 8.377201080322266 4.565318584442139
v 4.034600734710693 12.738414764404297 3.862138032913208
v 6.776077747344971 13.00106430053711 3.196455955505371
v 4.119422912597656 12.579429626464844 -0.3014734983444214
v 4.508580684661865 8.267365455627441 3.5481350421905518
v 0.3333546221256256 12.401203155517578 1.2352087497711182
v -0.4598093330860138 10.260997772216797 1.3360602855682373
v 1.6003881692886353 8.206890106201172 4.193200588226318
v -2.823025941848755 12.960094451904297 1.772670865058899
v 5.456101417541504 15.289429664611816 3.5484466552734375
v 3.5773427486419678 7.4661407470703125 0.6962624192237854
v 4.007236003875732 12.793161392211914 1.3678078651428223
v 5.413992881774902 15.046857833862305 1.741707444190979
v 1.9303858280181885 9.938183784484863 3.1821224689483643
v -0.3452862501144409 8.83252239227295 1.130547285079956
v -1.5689184665679932 7.621418476104736 3.781959056854248
v -2.0552725791931152 12.863055229187012 2.19023060798645
v 4.037552356719971 13.121824264526367 3.5065557956695557
v 2.7691004276275635 8.149191856384277 4.02031135559082
v 2.722902774810791 10.761344909667969 1.4431815147399902
v -2.0659241676330566 8.50588607788086 3.5308313369750977
v 1.3909788131713867 7.636772155761719 -0.15489166975021362
v -0.27545708417892456 9.261214256286621 4.246764183044434
v -0.5283335447311401 11.07698917388916 3.3970730304718018
v -3.5622923374176025 8.848862648010254 3.7484469413757324
v 4.468740463256836 12.492549896240234 -0.1391288936138153
v -1.0253604650497437 9.307653427124023 3.8346221446990967
v 7.569879531860352 13.954936027526855 2.049013137817383
v 2.3027029037475586 10.17994213104248 2.012305498123169
v 1.3153225183486938 11.469467163085938 1.1650829315185547
v 5.2990007400512695 15.148442268371582 2.8693275451660156
v -0.09132690727710724 8.692386627197266 1.2205018997192383
v -1.795102596282959 7.71588134765625 0.6451699137687683
v 3.053576946258545 7.703221321105957 0.04658631980419159
v -2.6749730110168457 11.911794662475586 2.2022616863250732
v 0.0038083333056420088 9.437777519226074 4.043316841125488
v -1.0717445611953735 9.045758247375488 3.868474006652832
v 5.2343363761901855 14.602533340454102 3.654940605163574
v 3.850055456161499 12.905211448669434 3.7807178497314453
v 2.350576877593994 8.636981964111328 0.4281547963619232
v -1.5673153400421143 10.697333335876465 0.975716233253479
v 1.9185954332351685 10.51550006866455 3.2444446086883545
v 4.626907825469971 15.099980354309082 2.127648115158081
v 4.133910655975342 13.118785858154297 0.3472190499305725
v 0.8659509420394897 7.977365493774414 1.0640884637832642
v 2.681293487548828 8.499407768249512 3.4521484375
v -2.223950147628784 10.401561737060547 2.2728559970855713
v 1.9189417362213135 10.519234657287598 3.239741325378418
v -1.8493542671203613 12.75837516784668 1.7551636695861816
v 6.984762668609619 13.705400466918945 3.5829436779022217
v 6.082685947418213 14.418416976928711 3.3454039096832275
v 2.5186145305633545 7.415092945098877 4.727544784545898
v -1.808749794960022 13.335023880004883 1.9902641773223877
v 6.561389923095703 13.026378631591797 2.068359136581421
v -2.1197509765625 10.670915603637695 1.3667110204696655
v 3.739152193069458 12.770944595336914 4.640840530395508
v 0.7595694065093994 10.218681335449219 2.2915093898773193
v 2.3116912841796875 9.783563613891602 0.6574225425720215
v -2.6703431606292725 8.890047073364258 -0.016686366870999336
v 1.4715832471847534 12.272494316101074 3.604362726211548
v 4.662362098693848 15.077810287475586 2.5360589027404785
v -3.036008834838867 12.386192321777344 2.1287009716033936
v -0.20942535996437073 8.497929573059082 4.107710361480713
v -1.493449091911316 10.647175788879395 3.140267848968506
v -3.33249831199646 9.375804901123047 4.712514877319336
v -0.1382032185792923 9.030302047729492 3.300987958908081
v 4.289645195007324 8.525830268859863 0.449943482875824
v 2.002230167388916 8.374573707580566 4.277810573577881
v 2.7412729263305664 8.624892234802246 1.444597840309143
v -2.454265832901001 9.534028053283691 3.5892608165740967
v 5.955669403076172 14.531767845153809 3.486901044845581
v 2.064951181411743 10.644368171691895 3.516069173812866
v 2.1366467475891113 10.422947883605957 3.7102913856506348
v 3.4847817420959473 13.352458953857422 2.9091343879699707
v 2.8694446086883545 10.031224250793457 1.737198829650879
v 0.7130854725837708 7.42450475692749 0.425136923789978
v -2.457319974899292 8.863414764404297 4.5676984786987305
v -0.16284877061843872 8.263607025146484 0.7321154475212097
v 0.017510375007987022 10.083308219909668 1.880805253982544
v 3.8474018573760986 10.348257064819336 2.842329263687134
v 5.144125461578369 8.773900032043457 0.34745562076568604
v 4.3700361251831055 13.115732192993164 0.20868660509586334
v 4.034195899963379 12.64035701751709 -0.2859136462211609
v 3.5223731994628906 8.070042610168457 1.2831648588180542
v 3.778550148010254 13.015634536743164 4.522592067718506
v -1.004966378211975 8.460297584533691 0.6289464235305786
v -2.14080810546875 8.81461238861084 -0.03778347373008728
v 3.5647568702697754 7.446505069732666 4.259584426879883
v 2.5103394985198975 7.610069751739502 0.012956011109054089
v -3.8382458686828613 9.709275245666504 4.28939962387085
v 5.392416477203369 15.252893447875977 3.039530038833618
v 2.3339407444000244 8.28964900970459 1.0178157091140747
v -2.295286178588867 9.008849143981934 -0.12392153590917587
v 1.95156991481781 10.096160888671875 1.2491908073425293
v 0.1698530614376068 8.286965370178223 4.381494522094727
v -0.5724570155143738 9.60451602935791 4.238422870635986
v -2.9436075687408447 8.850028038024902 -0.23359636962413788
v 4.549422740936279 11.600130081176758 3.121964931488037
v -2.776411533355713 11.4108304977417 1.750896692276001
v 3.981713056564331 13.381670951843262 4.785528182983398
v 0.431284099817276 8.173849105834961 3.8027424812316895
v 5.401150226593018 14.640861511230469 3.509470224380493
v -0.11532540619373322 11.12701416015625 1.5754142999649048
v 4.496950149536133 12.563947677612305 -0.2848426401615143
v -1.0740832090377808 9.031222343444824 3.836284875869751
v 4.340422630310059 12.963988304138184 3.3376588821411133
v 5.170207500457764 14.64085865020752 3.547875165939331
v -3.269914150238037 9.539522171020508 4.496425151824951
v 4.610213756561279 9.193046569824219 1.1058650016784668
v 2.993241310119629 13.26652717590332 2.209228277206421
v -1.7534959316253662 7.858321189880371 3.593721866607666
v 2.7341315746307373 8.649821281433105 3.4382381439208984
v 5.514389991760254 14.168842315673828 3.5707013607025146
v -1.6011661291122437 8.537403106689453 3.861010789871216
v -1.6953654289245605 10.948471069335938 1.0428510904312134
v -0.40608513355255127 10.681111335754395 1.6403589248657227
v -1.7112327814102173 8.640853881835938 4.263329029083252
v 0.583295464515686 7.633578777313232 4.839073657989502
v -0.6361314058303833 10.253161430358887 2.9448466300964355
v 5.750774383544922 8.7954683303833 1.7136454582214355
v 2.894181966781616 10.619030952453613 1.3200842142105103
v -2.305427312850952 8.438423156738281 -0.26871439814567566
v 0.3771524727344513 7.662057399749756 4.799692153930664
v 0.5628035068511963 8.235833168029785 4.2183942794799805
v -3.2515408992767334 9.098193168640137 4.772294521331787
v 1.3476696014404297 7.430616855621338 4.520379543304443
v 4.298402786254883 12.729240417480469 3.794327735900879
v 3.560774087905884 14.610154151916504 2.026334762573242
v -0.27947762608528137 8.863316535949707 0.21812480688095093
v 5.313273906707764 15.104475021362305 2.0872392654418945
v 3.9370267391204834 8.343620300292969 3.8037333488464355
v -2.2261769771575928 12.904879570007324 2.172914981842041
v 0.48628222942352295 10.609221458435059 1.2548925876617432
v -2.401277542114258 12.851107597351074 2.1615350246429443
v 1.5640697479248047 7.637726783752441 -0.11471626907587051
v 3.0769155025482178 7.730723857879639 3.660024881362915
v -1.493898868560791 7.9593825340271 -0.2698708176612854
v -2.9376680850982666 12.844959259033203 1.7640873193740845
v 1.9687520265579224 8.52532958984375 3.614993095397949
v 7.878526210784912 13.69281005859375 3.1547772884368896
v 2.3310916423797607 9.332539558410645 0.46968281269073486
v 3.4069530963897705 12.37547492980957 1.087612271308899
v 7.238504409790039 14.53927230834961 3.062394380569458
v -2.9876410961151123 9.387125015258789 0.5771281719207764
v -0.934087872505188 8.377915382385254 -0.19078977406024933
v -3.1995534896850586 9.145271301269531 -0.10193304717540741
v 4.162942409515381 14.442815780639648 2.54815936088562
v 2.30184268951416 8.251830101013184 4.687709331512451
v -2.3072726726531982 12.58169937133789 1.8397369384765625
v 4.367186069488525 12.61652946472168 4.651811599731445
v 0.6295267939567566 11.538491249084473 1.0838267803192139
v 2.9258668422698975 8.29231071472168 4.453390121459961
v 0.38918668031692505 10.077385902404785 1.6265616416931152
v -2.858798027038574 8.953749656677246 -0.4152294397354126
v -0.16995860636234283 10.223955154418945 1.8928704261779785
v -0.18085242807865143 8.307149887084961 4.333183765411377
v 5.915032386779785 9.08475399017334 1.5890226364135742
v -3.2956950664520264 8.991737365722656 -0.1288691759109497
v 4.617161750793457 8.248274803161621 4.868539810180664
v 4.305631160736084 12.727823257446289 3.669039249420166
v -2.2730140686035156 8.16203784942627 -0.2496940642595291
v 3.420363187789917 8.220109939575195 1.1274486780166626
v 7.593781471252441 14.37467098236084 2.583704948425293
v -0.645263671875 7.768251895904541 -0.23144452273845673
v 0.012045088224112988 8.947517395019531 1.3812159299850464
v 1.9984503984451294 10.3193359375 3.6955695152282715
v 1.6296857595443726 7.694704532623291 3.6233561038970947
v 3.7221062183380127 14.870561599731445 2.405097007751465
v 5.317172050476074 15.052835464477539 3.3288848400115967
v 4.399575233459473 12.822000503540039 2.663889169692993
v -2.3928492069244385 12.595794677734375 2.0906360149383545
v 0.4942876100540161 10.443659782409668 1.110533595085144
v -0.4039146304130554 8.782403945922852 0.3793150782585144
v 4.203333854675293 13.389442443847656 4.980556011199951
v -0.08713450282812119 8.230006217956543 3.7838826179504395
v 2.4878592491149902 10.39345932006836 1.9841710329055786
v 5.488612651824951 15.18017292022705 3.2782862186431885
v -0.4115317761898041 10.267411231994629 1.035976767539978
v 0.12808124721050262 10.718130111694336 3.1299965381622314
v 2.293795347213745 8.42262077331543 1.086564064025879
v 5.59368896484375 14.717961311340332 1.6098071336746216
v 3.795475959777832 7.601046562194824 1.2222965955734253
v 2.9319252967834473 9.277745246887207 3.537959337234497
v 4.130921840667725 13.368318557739258 5.015453338623047
v 4.963723182678223 15.21442699432373 2.949476480484009
v -0.3895065188407898 7.598506927490234 3.6964950561523438
v 5.177173137664795 15.012986183166504 1.9659706354141235
v -1.9970749616622925 8.5831880569458 0.5977578163146973
v -3.1949703693389893 9.150869369506836 -0.10036717355251312
v 3.424089193344116 14.496644973754883 1.9724681377410889
v -1.8805190324783325 12.865036964416504 1.7976125478744507
v 4.680020332336426 8.571731567382812 4.805360317230225
v 0.5403972864151001 10.805506706237793 1.2967803478240967
v 4.324243545532227 12.724175453186035 3.3464009761810303
v -2.6787641048431396 9.00041675567627 -0.20451977849006653
v 2.09018611907959 11.491676330566406 1.1449967622756958
v 2.905946969985962 9.54479694366455 3.891725540161133
v 2.8748695850372314 8.814611434936523 4.14277982711792
v -3.4027791023254395 8.310371398925781 0.7429145574569702
v -3.170849084854126 8.610101699829102 0.9659912586212158
v -2.4510788917541504 13.352659225463867 1.8200669288635254
v -1.592462420463562 8.143089294433594 4.721330165863037
v 1.3786511421203613 10.649492263793945 3.5718555450439453
v 3.709857702255249 13.984929084777832 2.533783435821533
v 1.3501781225204468 11.135876655578613 1.2547610998153687
v 5.890697956085205 15.266622543334961 3.0431628227233887
v -0.23763956129550934 8.251043319702148 4.114250659942627
v -0.11162425577640533 9.207857131958008 3.263303518295288
v 4.877743721008301 15.159852027893066 2.2824437618255615
v -3.1225976943969727 9.395942687988281 4.506709575653076
v 0.3603399097919464 10.749776840209961 1.242508053779602
v -2.5507209300994873 9.183611869812012 4.525842666625977
v -2.9398844242095947 8.52658748626709 4.610085487365723
v -3.828538656234741 9.719717025756836 3.870537281036377
v 0.3073388338088989 10.307172775268555 1.7680975198745728
v 6.014438629150391 12.872116088867188 2.8711061477661133
v 5.209469795227051 15.04636287689209 2.9610965251922607
v 5.334561824798584 13.379944801330566 1.5008729696273804
v 7.7257890701293945 13.170506477355957 2.1144590377807617
v -2.674561023712158 11.931489944458008 2.157763957977295
v 1.7748959064483643 11.922189712524414 3.9095418453216553
v 4.647787570953369 13.364297866821289 3.4794976711273193
v 3.7341413497924805 8.350223541259766 0.4597072899341583
v -1.1889666318893433 7.733692646026611 3.641256332397461
v -1.3929624557495117 8.498507499694824 4.468369960784912
v 5.2482404708862305 8.683367729187012 0.377632737159729
v 3.9669084548950195 13.085295677185059 2.9475975036621094
v 7.733229637145996 13.21537971496582 2.1005337238311768
v 4.302958965301514 8.184990882873535 0.21237532794475555
v 4.083212852478027 12.55558967590332 0.16967278718948364
v 4.012669086456299 10.706226348876953 1.876491665840149
v 1.8667021989822388 9.404523849487305 3.4436309337615967
v 2.0373377799987793 8.708446502685547 3.454467296600342
v 2.3832836151123047 8.148725509643555 3.7953081130981445
v 6.279531478881836 13.724145889282227 3.637174129486084
v 4.332382678985596 14.646093368530273 2.9150967597961426
v 5.749382019042969 12.74213695526123 2.892218828201294
v -2.2986032962799072 12.802526473999023 1.7539855241775513
v 2.770212411880493 8.24632453918457 0.4826492667198181
v 3.3171448707580566 7.5381550788879395 1.1447275876998901
v 4.152242660522461 8.39884090423584 0.24622201919555664
v -1.7086042165756226 8.383516311645508 3.508486747741699
v -0.48593226075172424 9.66190242767334 0.7532896995544434
v 4.357030868530273 12.964892387390137 3.0684218406677246
v 4.7640461921691895 12.883040428161621 -0.21505694091320038
v 4.3499321937561035 8.803266525268555 3.9581756591796875
v 1.7897051572799683 8.20248031616211 4.049468517303467
v 6.188437461853027 14.423107147216797 3.3861870765686035
v 2.738121509552002 10.070271492004395 2.4325156211853027
v 4.12473726272583 11.89734172821045 3.393690824508667
v -3.868360996246338 9.199131965637207 3.6767418384552
v 5.2537078857421875 8.155545234680176 0.7973557114601135
v 5.228728294372559 15.34269905090332 1.9602081775665283
v 4.529238700866699 12.974376678466797 0.27681633830070496
v 3.1321253776550293 9.084985733032227 1.0267890691757202
v 2.6264283657073975 9.797344207763672 2.9766693115234375
v 2.406093120574951 7.926686763763428 0.008923045359551907
v 6.3007941246032715 14.942521095275879 3.373976945877075
v 0.6302509903907776 12.216564178466797 3.5649025440216064
v 4.3317742347717285 12.822227478027344 3.8458549976348877
v -2.748157501220703 12.927225112915039 1.722170114517212
v 4.656059265136719 9.216712951660156 1.574547290802002
v 4.637777328491211 12.52513313293457 3.455993413925171
v -2.163689136505127 12.493513107299805 1.9693602323532104
v 5.298525333404541 14.800849914550781 3.4140539169311523
v 3.2359886169433594 13.87277889251709 1.954027533531189
v 4.534335613250732 12.714720726013184 -0.3980100154876709
v 7.043869495391846 12.993025779724121 2.0777997970581055
v 5.958188533782959 14.409138679504395 3.732045888900757
v 2.2598514556884766 10.227805137634277 2.6805944442749023
v 5.195435523986816 8.951513290405273 4.63217306137085
v 5.144966125488281 8.770248413085938 4.7658867835998535
v 0.2784791588783264 8.4718017578125 0.9891760349273682
v 2.008711099624634 9.640359878540039 3.0864596366882324
v 5.395521640777588 15.645869255065918 2.029881477355957
v 7.723639965057373 13.90592098236084 3.282750368118286
v -3.3300695419311523 9.324359893798828 4.25046443939209
v -2.049513816833496 8.664446830749512 0.4054825007915497
v 3.6981558799743652 8.201088905334473 4.803220272064209
v 0.9832797050476074 7.48548698425293 3.7389118671417236
v -1.5905876159667969 13.030030250549316 1.9435644149780273
v 5.325069904327393 14.800680160522461 3.468158006668091
v 2.5098042488098145 8.386528968811035 1.235508918762207
v -2.5787456035614014 9.035797119140625 -0.16984951496124268
v -2.036421537399292 8.107688903808594 0.9454154372215271
v -0.09674923121929169 8.644719123840332 3.6885533332824707
v 5.425416469573975 12.657258987426758 3.2814178466796875
v 4.112102508544922 15.174173355102539 2.073207378387451
v 4.273654937744141 13.119918823242188 1.7019321918487549
v -2.70817494392395 8.61336612701416 1.0322129726409912
v -1.945260763168335 8.642245292663574 4.390413761138916
v 2.1684954166412354 8.263969421386719 3.5709125995635986
v -0.6757881045341492 10.204017639160156 1.563521385192871
v -2.401275396347046 8.03153133392334 4.23474645614624
v 5.141541481018066 8.768677711486816 4.765748977661133
v 4.885001182556152 14.761813163757324 1.7506840229034424
v 0.8847165703773499 8.255382537841797 4.43226432800293
v 2.8865931034088135 8.620696067810059 3.6800339221954346
v 3.9655344486236572 12.794851303100586 2.2733683586120605
v 2.909895420074463 8.441702842712402 0.43916818499565125
v -2.8039462566375732 8.59328842163086 -0.008632857352495193
v -3.4513750076293945 9.141212463378906 4.507968425750732
v 6.6724162101745605 14.86201286315918 2.2465627193450928
v 5.4800310134887695 14.799553871154785 3.9260599613189697
v 3.517979383468628 10.873746871948242 1.4310811758041382
v 2.97324275970459 10.197826385498047 1.591202974319458
v 6.098766803741455 15.270716667175293 2.7830145359039307
v -1.8211369514465332 12.94937801361084 1.807999610900879
v -2.227848529815674 7.927354335784912 0.8337963223457336
v -0.8965556025505066 9.020614624023438 3.3533177375793457
v 4.390852928161621 12.822000503540039 2.8160455226898193
v 3.189122200012207 7.530360698699951 0.31573179364204407
v 6.38796854019165 15.074528694152832 3.104609251022339
v 3.687889814376831 14.656937599182129 1.9382414817810059
v 4.38784646987915 12.754386901855469 0.41647467017173767
v 0.12015922367572784 10.233357429504395 3.357795238494873
v 4.556681156158447 8.027689933776855 3.614415407180786
v -1.5604989528656006 12.847640037536621 2.540351152420044
v 2.465371608734131 8.125303268432617 4.397547721862793
v 3.479182004928589 12.433391571044922 1.1064685583114624
v -2.691708564758301 13.109456062316895 1.7970783710479736
v 3.804687023162842 13.126543998718262 4.539942264556885
v 5.759000778198242 8.65207290649414 0.6859644055366516
v 1.920911431312561 10.57083797454834 3.168148994445801
v 7.604518413543701 14.077993392944336 2.14888596534729
v 4.650659561157227 11.445762634277344 2.9253790378570557
v 6.165319442749023 14.130443572998047 1.706454873085022
v 6.973419189453125 14.645874977111816 2.237950325012207
v 2.6418633460998535 12.924044609069824 1.9718661308288574
v 4.291071891784668 13.119098663330078 1.4321117401123047
v 3.1452932357788086 8.942033767700195 1.117358684539795
v -0.028208477422595024 8.63394546508789 0.10534359514713287
v 1.999324083328247 7.89743185043335 1.1202486753463745
v 3.4475278854370117 10.155348777770996 2.421480417251587
v 4.02151346206665 13.011263847351074 0.6342760920524597
v 5.251482009887695 14.389387130737305 3.4014835357666016
v 4.082615375518799 13.094270706176758 0.7255449891090393
v 5.639459133148193 15.457798957824707 2.1915833950042725
v -2.465397834777832 8.869393348693848 4.567391872406006
v -1.7006661891937256 12.588140487670898 1.7606366872787476
v 4.406550884246826 13.323718070983887 -0.24054884910583496
v 3.2894115447998047 13.373682975769043 1.837151288986206
v 1.5722568035125732 8.12135124206543 4.806310653686523
v -1.7971436977386475 8.032509803771973 -0.2699582874774933
v 1.9276717901229858 11.121380805969238 1.2441903352737427
v 6.966453552246094 13.70627498626709 1.827486276626587
v -1.7535746097564697 10.420145988464355 1.486753225326538
v 6.249333381652832 14.02792739868164 3.626396656036377
v 2.5341086387634277 11.959514617919922 3.784472942352295
v 5.1362128257751465 15.303083419799805 2.9997758865356445
v -2.561737298965454 11.714326858520508 2.597275495529175
v 5.480742454528809 14.702564239501953 1.927976131439209
v 2.0284550189971924 10.558122634887695 1.5817248821258545
v -0.4240085482597351 9.289774894714355 0.5154394507408142
v 2.7733638286590576 7.590909481048584 4.829634666442871
v 2.2787017822265625 8.699013710021973 3.2966222763061523
v -2.0240867137908936 12.584897994995117 2.168503999710083
v -2.1863908767700195 10.769631385803223 2.8787167072296143
v -0.9767107367515564 12.939805030822754 2.6590781211853027
v 5.58114767074585 15.264171600341797 2.4129621982574463
v -0.9072082042694092 11.489238739013672 3.5589756965637207
v -3.3003015518188477 8.412299156188965 0.8826733231544495
v 2.1084320545196533 8.822745323181152 0.7981094121932983
v 7.689770221710205 14.038830757141113 2.2393860816955566
v 0.04726973921060562 12.741738319396973 2.7528939247131348
v 0.12872622907161713 8.862143516540527 1.3059675693511963
v -2.8710904121398926 12.85069465637207 2.1348893642425537
v 4.237502574920654 11.38422679901123 3.2023093700408936
v 7.037038326263428 12.898456573486328 2.2623395919799805
v 0.466447651386261 9.886046409606934 0.7876550555229187
v 0.5157750248908997 7.364132881164551 0.6797252297401428
v 2.1108951568603516 10.768203735351562 3.3727571964263916
v 7.46912145614624 14.30863094329834 3.1998279094696045
v 1.4157569408416748 11.46268367767334 1.162221908569336
v -1.3470298051834106 12.628453254699707 1.8319106101989746
v -0.25943446159362793 7.588779926300049 4.529543876647949
v -1.748928189277649 8.020803451538086 -0.2657037675380707
v 0.47523725032806396 7.467179298400879 4.260341167449951
v 1.9363459348678589 8.101180076599121 0.9608210325241089
v -3.419503688812256 9.898716926574707 4.047486782073975
v 3.212223529815674 7.431735515594482 4.507261276245117
v 4.676119327545166 11.69348430633545 1.7825745344161987
v 2.0691585540771484 8.265365600585938 4.441853046417236
v 4.234634876251221 13.128668785095215 0.5325641632080078
v 4.408137798309326 12.821939468383789 2.514551877975464
v 3.996318817138672 10.484457015991211 2.886753559112549
v 4.299471855163574 12.961755752563477 4.001444339752197
v -2.3835411071777344 12.696331977844238 1.7549726963043213
v 5.5452046394348145 15.6596097946167 1.997257113456726
v 4.714165210723877 8.618075370788574 4.7481160163879395
v 4.4093918800354 8.507743835449219 0.3016275465488434
v -0.21500711143016815 10.287559509277344 0.7497655749320984
v -2.3773648738861084 11.481832504272461 2.841682195663452
v -1.9649990797042847 8.089488983154297 0.9536786079406738
v 5.059116840362549 8.212120056152344 4.754154205322266
v -2.6167850494384766 13.282894134521484 2.1480541229248047
v -0.14052899181842804 8.217047691345215 4.722202777862549
v 0.37285447120666504 11.293270111083984 1.140560507774353
v -0.5159644484519958 8.905380249023438 0.756925642490387
v 2.172471046447754 8.061126708984375 4.236365795135498
v 4.553279399871826 13.275197982788086 0.13259342312812805
v -1.4194865226745605 10.176496505737305 1.5042775869369507
v -1.0225015878677368 8.370259284973145 0.8531639575958252
v -3.2262446880340576 12.511982917785645 1.6854110956192017
v 3.1691534519195557 8.619590759277344 0.8609617948532104
v 6.0984015464782715 14.516315460205078 3.400508165359497
v -1.621917963027954 7.633049964904785 3.7772176265716553
v 0.5383297801017761 10.324222564697266 1.8343420028686523
v 0.4058465361595154 9.132349967956543 0.2887563109397888
v 4.486833095550537 14.657671928405762 2.038954734802246
v 5.128829002380371 14.859827995300293 2.044255495071411
v -2.044485330581665 11.808917999267578 3.0800211429595947
v 4.166862964630127 12.702401161193848 3.7998366355895996
v 4.570164680480957 12.598565101623535 -0.2821684777736664
v 0.5484466552734375 9.689790725708008 1.1639317274093628
v 5.436683654785156 15.31810474395752 1.770343542098999
v -0.8723743557929993 8.104241371154785 0.9917849898338318
v -0.2563135623931885 9.831527709960938 0.4969688653945923
v -3.6958820819854736 9.803425788879395 4.079497814178467
v 4.38422155380249 12.712523460388184 2.306931972503662
v -0.3679870367050171 9.7278413772583 1.479748010635376
v 2.6676080226898193 10.102471351623535 1.8564801216125488
v 2.113457441329956 8.22107982635498 0.14441435039043427
v 0.4883559048175812 7.491355895996094 0.8759879469871521
v 3.3732428550720215 7.443645477294922 0.6616848111152649
v -3.1666791439056396 8.261068344116211 0.061542097479104996
v 4.134519577026367 12.714799880981445 1.6481919288635254
v 3.7150402069091797 12.037766456604004 1.1258195638656616
v 4.028601169586182 12.919940948486328 0.12338452786207199
v -0.9638829827308655 12.681556701660156 3.070981979370117
v 4.149825096130371 13.125242233276367 3.6205379962921143
v 2.7919554710388184 10.439873695373535 1.9171009063720703
v 3.8689122200012207 7.520008563995361 4.254207134246826
v 2.475717306137085 8.218406677246094 4.027521133422852
v 5.566056251525879 15.149919509887695 4.043849945068359
v 5.05394172668457 9.336180686950684 0.545383095741272
v -2.785001754760742 12.386260032653809 1.9300047159194946
v 4.658609390258789 8.215238571166992 4.767464637756348
v 2.1858127117156982 8.602177619934082 3.3696959018707275
v 5.292024612426758 15.075638771057129 2.790583610534668
v -3.1172034740448 12.81143856048584 2.0407168865203857
v 4.328397750854492 13.083901405334473 2.7476749420166016
v 1.0753587484359741 10.763204574584961 1.4228764772415161
v 4.891385555267334 12.056133270263672 3.1505937576293945
v 3.9061546325683594 13.080582618713379 4.114364147186279
v -2.3214762210845947 9.024388313293457 3.6524641513824463
v -2.738372325897217 8.58553695678711 4.612795829772949
v 6.232616424560547 12.97134780883789 3.161653757095337
v 6.6911725997924805 12.864118576049805 2.3259434700012207
v -2.3632962703704834 11.833308219909668 1.2387617826461792
v -0.6118771433830261 10.914077758789062 2.865617036819458
v 2.8809332847595215 8.428510665893555 3.9902985095977783
v 2.297273874282837 10.690739631652832 1.0542536973953247
v 7.214097499847412 13.4498291015625 3.4838240146636963
v -3.254240036010742 9.137970924377441 4.202483177185059
v 2.34842848777771 7.375402927398682 4.509433746337891
v 5.127028942108154 15.130148887634277 2.128230333328247
v 4.20718240737915 12.558910369873047 4.6419172286987305
v 0.026540160179138184 9.577210426330566 1.6564717292785645
v 4.848952293395996 14.267187118530273 1.5057905912399292
v 3.6657958030700684 14.53477668762207 1.9330480098724365
v 2.706106185913086 7.485509872436523 3.757032632827759
v -2.796565532684326 11.603790283203125 2.2632174491882324
v 2.237980842590332 11.026655197143555 1.4563944339752197
v -3.390989303588867 9.012589454650879 0.8164650797843933
v -0.8432092666625977 9.704715728759766 4.0091047286987305
v 2.934539556503296 9.578041076660156 1.615608811378479
v 4.148832321166992 13.088427543640137 1.24542236328125
v -0.35030999779701233 10.810593605041504 1.1358939409255981
v 3.1569039821624756 10.82698917388916 1.427039384841919
v 4.8113579750061035 13.604606628417969 1.3557566404342651
v 1.526374340057373 12.70641040802002 2.870093584060669
v 5.835018157958984 8.669087409973145 0.950910747051239
v 1.3788639307022095 12.484292984008789 3.246999740600586
v 3.9776318073272705 13.012539863586426 1.4942772388458252
v 4.589094161987305 14.031668663024902 3.464966297149658
v 2.541132926940918 7.842119216918945 4.800340175628662
v -0.3377358913421631 9.285183906555176 4.273592948913574
v -1.629311442375183 12.349014282226562 3.2541794776916504
v 3.8789896965026855 12.991239547729492 0.015544232912361622
v 2.742277145385742 10.58703327178955 3.397592782974243
v 7.693017959594727 13.915224075317383 2.131944417953491
v 3.771008014678955 14.940042495727539 2.215688467025757
v 1.8679972887039185 10.143182754516602 3.338080406188965
v 4.093174457550049 12.495737075805664 4.986849308013916
v 4.836150169372559 8.15176773071289 0.26934415102005005
v -2.015930652618408 13.300348281860352 1.8470988273620605
v 5.340086936950684 15.178524017333984 1.9004032611846924
v 4.7409844398498535 8.358621597290039 5.106797218322754
v -0.9431182146072388 8.385601043701172 4.302321910858154
v 2.7700560092926025 12.370209693908691 1.2340388298034668
v 7.039921760559082 13.13595199584961 3.35033917427063
v 0.7522358894348145 7.681912422180176 -0.14836573600769043
v 5.09199333190918 8.961568832397461 0.31168898940086365
v 1.6925609111785889 8.187188148498535 0.5532005429267883
v 1.8590565919876099 9.19213581085205 3.531897783279419
v 7.1685638427734375 13.750935554504395 1.8714628219604492
v 0.8498185873031616 10.488481521606445 1.654734492301941
v 2.996454954147339 8.567374229431152 0.4789077341556549
v 3.244899272918701 7.752602577209473 3.6482486724853516
v -2.5921552181243896 12.6920166015625 1.728609561920166
v -2.4651002883911133 12.146673202514648 2.346151828765869
v -2.6779510974884033 9.372979164123535 0.5924680233001709
v 2.3995790481567383 12.818543434143066 2.8917922973632812
v -0.6972501277923584 8.529634475708008 3.3721776008605957
v 5.572187423706055 9.407590866088867 1.3808141946792603
v 2.4889285564422607 8.844183921813965 3.2214643955230713
v 3.2274837493896484 8.24728775024414 0.8244947791099548
v 2.898216485977173 7.447710037231445 0.5337159037590027
v -2.490199565887451 8.611361503601074 -0.21253395080566406
v 2.392728567123413 10.196795463562012 2.771921396255493
v 3.84375262260437 11.529523849487305 1.2522598505020142
v -2.0935559272766113 11.032301902770996 1.1470544338226318
v 1.9229768514633179 8.617613792419434 4.074025630950928
v 3.865718364715576 13.015721321105957 3.687373161315918
v -0.5389783382415771 8.235297203063965 3.644676923751831
v 4.007230758666992 14.659368515014648 2.50899338722229
v -3.1913681030273438 9.187668800354004 4.792544364929199
v 5.214025020599365 8.273054122924805 0.5418729782104492
v 5.054450035095215 8.533426284790039 4.667341709136963
v 4.188818454742432 7.77814245223999 0.3132828176021576
v 3.247936725616455 7.529069900512695 3.739794969558716
v -1.5759371519088745 12.387639999389648 1.1048539876937866
v 0.4645271897315979 7.871115207672119 4.804274559020996
v 5.208664417266846 15.067365646362305 1.7836858034133911
v 4.173993110656738 7.904234886169434 0.15060381591320038
v 4.656057357788086 15.060457229614258 2.291350841522217
v -1.0165128707885742 7.538012504577637 0.6560357809066772
v 0.6641090512275696 11.997968673706055 1.0901674032211304
v -1.05632746219635 9.074308395385742 3.9537558555603027
v 0.55686354637146 9.26968002319336 0.7167419791221619
v 6.04799222946167 8.849995613098145 1.1095091104507446
v -2.66062593460083 10.978967666625977 1.6929785013198853
v 1.464491605758667 7.614531993865967 4.841042518615723
v 7.108354568481445 14.102673530578613 1.9138319492340088
v 3.0490174293518066 13.327204704284668 2.213698148727417
v -1.0187455415725708 7.8507513999938965 0.9383739233016968
v -3.3778746128082275 8.999568939208984 4.593601226806641
v 4.005796909332275 13.088312149047852 2.2008180618286133
v -0.8938793540000916 10.19278335571289 3.3978981971740723
v 7.8822221755981445 13.042732238769531 2.543705463409424
v 1.6971203088760376 7.690618991851807 3.620903491973877
v -2.1633188724517822 7.84174108505249 0.11427606642246246
v -2.3390989303588867 11.81470012664795 2.817150115966797
v 1.4444410800933838 11.914122581481934 3.902895450592041
v 3.1530163288116455 8.659128189086914 1.0685971975326538
v 4.808426856994629 9.008417129516602 4.59210729598999
v 2.60660982131958 7.923455238342285 0.027359461411833763
v 0.5807352066040039 11.432453155517578 3.8180928230285645
v 4.205227851867676 8.476319313049316 0.8532887101173401
v -3.4965546131134033 8.647730827331543 0.2296905368566513
v 3.111462116241455 7.927086353302002 0.04240427166223526
v -1.4021650552749634 12.788206100463867 1.9188085794448853
v 5.4688334465026855 15.421862602233887 2.293013095855713
v 3.506518840789795 7.472858428955078 4.768311500549316
v -1.0080955028533936 9.44031810760498 3.680881977081299
v -2.652592420578003 12.971662521362305 2.148879289627075
v -2.0378684997558594 12.527276039123535 1.7834187746047974
v -2.5597903728485107 9.539447784423828 4.10209321975708
v 5.354066371917725 14.806206703186035 2.011134624481201
v -0.3748784363269806 10.12481689453125 2.1606647968292236
v -3.059905529022217 12.364633560180664 1.6821002960205078
v 2.345289468765259 10.079883575439453 3.9766170978546143
v -2.6092870235443115 12.928988456726074 1.7198339700698853
v -0.3465348184108734 8.952666282653809 0.2880958020687103
v 5.439991474151611 15.386629104614258 1.3782638311386108
v -0.27732527256011963 8.342727661132812 4.037434101104736
v 2.492579936981201 9.549848556518555 0.5225834846496582
v -1.7888168096542358 12.922969818115234 1.8093687295913696
v 5.506201267242432 8.924027442932129 1.6605761051177979
v -2.680966854095459 8.040497779846191 0.20070607960224152
v 5.679670810699463 14.913673400878906 1.5865494012832642
v 3.4950995445251465 8.229283332824707 1.1378470659255981
v 5.021500587463379 13.158291816711426 1.4299992322921753
v 7.5906195640563965 12.910605430603027 2.385498046875
v 2.844287157058716 11.008801460266113 1.6216849088668823
v 4.613658428192139 12.82226848602295 0.3599541485309601
v -2.4477286338806152 8.807458877563477 3.492701530456543
v -2.02950382232666 8.600847244262695 -0.21426856517791748
v 5.143941402435303 8.19099235534668 4.802560806274414
v 2.6065735816955566 12.336274147033691 3.5157108306884766
v 4.429598331451416 12.821890830993652 2.1404731273651123
v 1.9587993621826172 7.453015327453613 0.9843665957450867
v 4.5862250328063965 9.039420127868652 0.8214230537414551
v 4.443805694580078 7.6886067390441895 4.213160991668701
v -0.2085174173116684 10.361839294433594 2.835737705230713
v 2.8073956966400146 10.379949569702148 1.8862782716751099
v 4.987451076507568 15.202106475830078 2.277012586593628
v 0.059505295008420944 9.425176620483398 0.2797974646091461
v 2.5680899620056152 8.756056785583496 4.451804161071777
v 1.008960485458374 12.321701049804688 1.3489418029785156
v 2.9086966514587402 8.879569053649902 3.609222412109375
v 3.8045554161071777 14.16898250579834 2.33844256401062
v 2.8926806449890137 7.336989879608154 0.8936743140220642
v 5.558652877807617 14.874122619628906 1.7825998067855835
v 3.139535903930664 14.088164329528809 2.497547149658203
v 5.380551338195801 15.444575309753418 1.5312520265579224
v -1.826767921447754 12.961532592773438 2.2249624729156494
v -1.924423098564148 12.32851791381836 1.959587574005127
v 1.9719009399414062 8.235235214233398 4.689399719238281
v -0.10598193109035492 9.291369438171387 3.242736339569092
v -4.015499591827393 9.36720085144043 3.8402366638183594
v 5.391091346740723 15.270808219909668 3.067523241043091
v 1.0634384155273438 8.259561538696289 0.05800917372107506
v 0.36776861548423767 9.4409818649292 0.3906737267971039
v 3.87626051902771 12.798364639282227 4.212179660797119
v -0.5505384206771851 8.3119478225708 -0.16384588181972504
v 2.991692543029785 8.992777824401855 3.631425142288208
v 7.22496223449707 14.291438102722168 2.045349359512329
v 1.9981718063354492 8.902667999267578 3.352114677429199
v -2.7393531799316406 12.803220748901367 1.683569312095642
v -1.9875776767730713 10.531311988830566 2.759387254714966
v 2.0771923065185547 10.143699645996094 0.9399128556251526
v 4.429441928863525 14.830409049987793 1.9863969087600708
v 5.308704376220703 14.674622535705566 3.3071448802948
v -4.043369770050049 9.569500923156738 3.9161956310272217
v -2.1459810733795166 11.12966537475586 3.0333235263824463
v 4.764797687530518 12.995000839233398 0.11242911219596863
v -2.1730785369873047 8.751705169677734 3.631523370742798
v 2.430224657058716 9.71811294555664 2.9323902130126953
v 3.976106882095337 8.351061820983887 3.798585891723633
v 5.168716907501221 15.269709587097168 2.195823907852173
v 3.9994423389434814 13.120487213134766 4.0815582275390625
v 2.1435647010803223 12.555665016174316 3.2513043880462646
v -0.48928919434547424 10.287436485290527 3.9970827102661133
v 2.89719557762146 9.767277717590332 3.625887393951416
v 1.993430256843567 9.16431713104248 0.7568837404251099
v -1.853611946105957 12.751640319824219 2.009223461151123
v -0.46640774607658386 9.885149955749512 1.3901132345199585
v -3.001147747039795 8.971324920654297 3.389707088470459
v 4.239072322845459 12.686198234558105 2.3957431316375732
v -1.367579698562622 12.739278793334961 1.9105501174926758
v 5.337768077850342 8.696768760681152 3.5842201709747314
v 0.097000852227211 8.884821891784668 0.10505526512861252
v 5.400842666625977 8.016901016235352 4.435189723968506
v 0.43530723452568054 10.382389068603516 3.1488170623779297
v -2.5696094036102295 13.1386137008667 2.1507022380828857
v -3.5435264110565186 12.582764625549316 2.090365171432495
v -2.353994131088257 13.308135986328125 1.7729846239089966
v 7.034289836883545 13.79510498046875 3.5725772380828857
v 1.9374946355819702 7.500525951385498 0.19991149008274078
v 3.2283687591552734 12.156977653503418 3.5374767780303955
v 5.894561767578125 12.934245109558105 3.245601177215576
v 3.9293978214263916 13.08238697052002 3.6680328845977783
v -1.880021572113037 12.311591148376465 2.0993995666503906
v 2.7869012355804443 10.458393096923828 1.926778793334961
v 5.842289924621582 12.967243194580078 1.998775839805603
v 5.437121391296387 9.198796272277832 0.4893703758716583
v 4.708246231079102 13.118810653686523 0.12864534556865692
v -0.41650891304016113 8.448519706726074 3.4874775409698486
v -3.6143155097961426 9.838743209838867 4.071301460266113
v 1.8982592821121216 10.704967498779297 1.4472020864486694
v -0.1974010020494461 8.02197265625 1.0456597805023193
v 1.8151308298110962 8.232524871826172 4.2621612548828125
v 3.399162530899048 14.395118713378906 2.507199287414551
v 1.5219764709472656 10.711389541625977 1.4655107259750366
v 0.31847646832466125 8.238507270812988 4.655214786529541
v -0.03171085938811302 8.2982816696167 0.2656616270542145
v 6.2725019454956055 14.403581619262695 1.5636932849884033
v -1.8528696298599243 12.641111373901367 1.5223122835159302
v 1.7752110958099365 7.414644718170166 4.532459259033203
v 4.186096668243408 15.151349067687988 2.4691193103790283
v 1.9585120677947998 7.445998191833496 0.46435678005218506
v 1.6339584589004517 8.21703052520752 0.08771315217018127
v 0.690504252910614 10.671319007873535 3.5401034355163574
v 2.00587797164917 7.9007720947265625 -0.0472542904317379
v 5.369777202606201 15.609188079833984 1.7053781747817993
v 0.008988916873931885 8.360505104064941 0.23654776811599731
v -2.374685287475586 11.26203727722168 2.8222012519836426
v 0.8786404728889465 7.727392196655273 3.6375529766082764
v 1.2227004766464233 12.46439266204834 3.2355918884277344
v -3.86405348777771 9.488526344299316 3.428072690963745
v 2.7433559894561768 8.122781753540039 3.9608020782470703
v 2.9540350437164307 7.509324550628662 0.278421550989151
v -1.7789655923843384 7.870951175689697 4.568870544433594
v 0.12274174392223358 8.177311897277832 4.724554061889648
v 4.3844404220581055 12.460715293884277 0.04960470274090767
v -0.056261688470840454 8.790550231933594 3.668720245361328
v 7.93457555770874 13.923412322998047 2.9068527221679688
v 6.1312575340271 14.509750366210938 1.7762783765792847
v -0.8783960938453674 10.195496559143066 1.5304522514343262
v 5.0029754638671875 8.39415168762207 4.5775275230407715
v -0.3646295964717865 9.329957008361816 0.4489459693431854
v 1.4384338855743408 7.982208728790283 3.639636993408203
v 3.8322763442993164 13.016681671142578 4.342694282531738
v -2.434652805328369 7.977593421936035 0.3293613791465759
v 4.698548793792725 13.128663063049316 -0.21961013972759247
v 2.18056058883667 8.225231170654297 0.15416675806045532
v -2.6717793941497803 8.80921459197998 0.011050045490264893
v 5.426319122314453 14.832108497619629 3.6046183109283447
v 7.702719688415527 14.217524528503418 2.9591212272644043
v -2.8754940032958984 9.31457233428955 0.9494727253913879
v 0.2013082355260849 10.959283828735352 1.359665870666504
v 3.1497561931610107 13.04511547088623 1.6352390050888062
v 5.529302597045898 8.765223503112793 3.904949426651001
v -3.317138195037842 9.47537899017334 4.513195991516113
v 5.651027679443359 13.10891342163086 1.6924076080322266
v -2.5721426010131836 8.28695011138916 0.9487625360488892
v 2.2843358516693115 8.67236328125 1.2908834218978882
v 0.840026319026947 7.396387100219727 3.97746205329895
v 4.445489883422852 12.153674125671387 3.3672049045562744
v -0.39358970522880554 8.20528793334961 3.8696086406707764
v 2.7261319160461426 8.11618709564209 4.177370071411133
v 2.89989972114563 8.816290855407715 3.7778542041778564
v 5.842649936676025 8.637842178344727 1.257285714149475
v -3.251760959625244 9.487957954406738 4.512431621551514
v -0.1901436299085617 12.08856201171875 0.9536511301994324
v 2.477020740509033 9.597413063049316 1.7226390838623047
v 4.807564735412598 12.079318046569824 1.7295454740524292
v 2.2077598571777344 9.413448333740234 4.245527267456055
v 3.4711947441101074 8.299726486206055 4.452682018280029
v -2.224482774734497 8.718730926513672 4.605199813842773
v -0.45483168959617615 8.907145500183105 1.036008358001709
v -0.9799537658691406 8.355467796325684 4.010687351226807
v -0.4454675018787384 10.080265998840332 1.5075231790542603
v 3.8855366706848145 13.015116691589355 3.2989535331726074
v 1.1374661922454834 8.143567085266113 3.809168577194214
v -3.130988597869873 9.463532447814941 4.642848014831543
v 5.30761194229126 15.078093528747559 3.3908376693725586
v 2.5688984394073486 10.295112609863281 3.819545269012451
v 5.443132400512695 8.601974487304688 4.6917572021484375
v 3.174607276916504 12.60547161102295 3.3791956901550293
v -0.15566852688789368 9.40367317199707 0.31832727789878845
v 5.0119452476501465 15.21144962310791 2.2758800983428955
v -4.007873058319092 9.602659225463867 3.911165237426758
v 3.1101255416870117 7.528606414794922 0.30055394768714905
v 5.04219388961792 15.299796104431152 2.630913019180298
v 3.1352529525756836 7.902176380157471 4.8277907371521
v -0.07793907076120377 11.325900077819824 1.030609369277954
v 5.510281085968018 15.006993293762207 1.8960576057434082
v 1.1362555027008057 8.135320663452148 4.811913967132568
v -0.8126040697097778 7.606532573699951 -0.12753210961818695
v -1.4506373405456543 8.2344331741333 0.9779731631278992
v 1.209962248802185 8.233542442321777 4.678072929382324
v 0.4705613851547241 9.105387687683105 0.3710441589355469
v -0.2683824598789215 9.258068084716797 4.242860317230225
v -1.014173150062561 9.10986042022705 4.097355842590332
v 1.977016806602478 8.518990516662598 3.605262279510498
v 5.352753639221191 8.09390926361084 4.29477596282959
v 2.1642487049102783 7.372698783874512 4.511285781860352
v 4.041888236999512 13.010684967041016 0.23495860397815704
v 5.404752254486084 8.50504207611084 1.576581597328186
v 1.8816661834716797 11.468965530395508 1.1599986553192139
v 4.137718677520752 12.960992813110352 -0.4636058807373047
v 5.354991912841797 8.813260078430176 0.3839971721172333
v 3.887269973754883 12.60300350189209 3.5022802352905273
v 0.04597718268632889 9.801070213317871 3.267977714538574
v 2.1296234130859375 8.239495277404785 4.687577724456787
v 0.19087770581245422 9.329495429992676 0.26531273126602173
v -3.3745369911193848 8.60502815246582 0.4675056040287018
v -0.33928054571151733 8.95518684387207 0.2817562222480774
v -0.15710033476352692 10.268058776855469 1.6558297872543335
v 5.855564117431641 9.40739917755127 0.9416138529777527
v 3.9333837032318115 12.714336395263672 -0.14542034268379211
v 2.4890806674957275 10.373350143432617 1.9765704870224
v 2.110529661178589 10.183853149414062 2.012310266494751
v -2.119490623474121 11.249384880065918 3.067730188369751
v -1.0390552282333374 9.228196144104004 3.9932966232299805
v -1.7975205183029175 12.322613716125488 2.172624111175537
v 4.359673976898193 13.087023735046387 2.2783751487731934
v 0.40503695607185364 8.668919563293457 0.25238561630249023
v -2.1758551597595215 7.840144157409668 3.9870643615722656
v 4.429483413696289 11.787945747375488 3.257551431655884
v -0.26860037446022034 7.547619342803955 0.8881396651268005
v -0.3436261713504791 9.085550308227539 3.1625595092773438
v 3.045485258102417 13.32336139678955 2.2134149074554443
v 2.898312568664551 8.851784706115723 3.843233823776245
v 0.2770002484321594 7.676181316375732 4.792224407196045
v 3.520677328109741 7.455634593963623 4.495633125305176
v 2.3333754539489746 7.472133159637451 0.4579762816429138
v 4.5928955078125 8.960187911987305 4.333258628845215
v 5.468732833862305 8.690492630004883 0.3403581976890564
v -1.7737218141555786 11.44859504699707 3.402864456176758
v 2.886570453643799 8.224029541015625 3.7760229110717773
v 4.291658878326416 8.541065216064453 3.640979766845703
v -2.220146894454956 9.032188415527344 0.6578340530395508
v 1.9632707834243774 10.184782028198242 2.0142605304718018
v 3.7476871013641357 11.187682151794434 3.335731267929077
v 4.6709489822387695 12.890034675598145 1.3256981372833252
v -3.6051528453826904 9.490193367004395 4.507456302642822
v 3.0127193927764893 9.995126724243164 1.5183135271072388
v -2.318404197692871 8.898774147033691 4.222464084625244
v 5.0368781089782715 8.499695777893066 3.522955894470215
v 5.304006099700928 9.190320014953613 0.2973160743713379
v -1.0596083402633667 11.506388664245605 3.5218262672424316
v 3.9731345176696777 12.845174789428711 5.3312764167785645
v -1.3386346101760864 8.44469165802002 3.7064876556396484
v -2.282146692276001 13.422430992126465 2.166119337081909
v -0.9949204325675964 9.169700622558594 3.5493061542510986
v -2.6915857791900635 9.520740509033203 3.2531898021698
v -0.5524593591690063 8.501995086669922 4.341635227203369
v -1.005972146987915 8.483353614807129 4.099228382110596
v 4.588348388671875 9.043885231018066 0.822083055973053
v 2.8492326736450195 8.26002311706543 0.22495564818382263
v 2.113651990890503 8.603577613830566 4.392452239990234
v 4.437646865844727 12.964777946472168 5.266813278198242
v 2.511186361312866 7.41515588760376 4.727625846862793
v 7.169388771057129 14.670491218566895 2.918053388595581
v 5.56351900100708 15.172609329223633 2.367469549179077
v -3.084552526473999 9.188429832458496 4.225218772888184
v 4.141427993774414 13.125422477722168 1.9390894174575806
v -3.043306827545166 9.182355880737305 4.725101947784424
v -0.4933692514896393 8.969528198242188 0.9197946190834045
v 5.308617115020752 9.441838264465332 1.6213040351867676
v 2.845001459121704 9.440507888793945 0.6495160460472107
v -2.671254873275757 11.962257385253906 1.8744874000549316
v 4.006690502166748 12.918150901794434 0.5721986293792725
v -3.138897180557251 8.396431922912598 3.546215772628784
v 6.770033359527588 14.852081298828125 3.032069683074951
v 3.4407002925872803 8.347084045410156 4.034867763519287
v -2.778501033782959 9.347078323364258 0.45088663697242737
v 3.0715081691741943 7.8905720710754395 4.826887130737305
v 4.868840217590332 7.7153472900390625 3.8383171558380127
v 2.0781469345092773 8.239063262939453 4.690402030944824
v -2.803668260574341 12.483713150024414 2.1475250720977783
v 4.166358947753906 12.707175254821777 0.9427024722099304
v -0.7377661466598511 9.815902709960938 3.0636355876922607
v -0.16491365432739258 8.612996101379395 3.553415060043335
v 6.249053478240967 15.053853034973145 2.2029595375061035
v 2.920652151107788 9.390345573425293 3.5040857791900635
v 3.735931396484375 7.588999271392822 1.2101691961288452
v 6.2908148765563965 14.43271541595459 1.6953970193862915
v 2.151245355606079 10.497076988220215 1.8175216913223267
v 4.151367664337158 12.710718154907227 1.2748737335205078
v 3.3254778385162354 12.3172607421875 1.066895604133606
v -2.674604892730713 9.026731491088867 4.557072162628174
v 4.385273456573486 14.390547752380371 3.104499578475952
v -1.2391226291656494 8.159527778625488 -0.21605755388736725
v 4.4686598777771 15.135751724243164 2.312814950942993
v 5.4608564376831055 14.994619369506836 1.880416989326477
v 7.765221118927002 13.403413772583008 2.0747737884521484
v 3.748481273651123 7.4929680824279785 4.255680084228516
v 5.1338701248168945 8.7531156539917 0.5160466432571411
v 4.078162670135498 13.604854583740234 1.4297010898590088
v 4.844512939453125 8.638069152832031 5.007343292236328
v 0.40069907903671265 8.402644157409668 0.7915777564048767
v 3.0128910541534424 11.704756736755371 3.6506049633026123
v 2.5427169799804688 12.846936225891113 2.8970038890838623
v -1.6547149419784546 13.256256103515625 2.122800350189209
v -3.1727795600891113 9.480344772338867 3.2925472259521484
v -3.2718112468719482 9.19516658782959 4.200920581817627
v 5.601395606994629 8.462361335754395 4.457566738128662
v 4.085609436035156 13.37576675415039 5.002925395965576
v 4.151880264282227 12.710597038269043 1.2635211944580078
v -0.03174036368727684 10.378928184509277 0.7770822048187256
v -2.2237865924835205 12.781719207763672 2.170293092727661
v 4.229732990264893 13.356269836425781 0.07096943259239197
v 2.7150118350982666 10.721671104431152 3.112584114074707
v 4.569180965423584 8.763041496276855 4.72940731048584
v 5.606232643127441 15.639246940612793 1.515250563621521
v 1.2428823709487915 7.53482723236084 4.7332940101623535
v 5.613236427307129 14.896503448486328 3.9017224311828613
v -3.8855361938476562 9.220245361328125 3.66926908493042
v 5.645219802856445 15.124227523803711 3.258671522140503
v 0.08379264175891876 9.20419692993164 3.6476852893829346
v 2.9453542232513428 13.084075927734375 1.7820676565170288
v -2.085858106613159 7.809719085693359 4.004878520965576
v -0.04730074852705002 8.288225173950195 4.620944499969482
v 5.5178399085998535 12.749822616577148 1.9247971773147583
v -3.842815637588501 9.706985473632812 4.289679050445557
v 0.03450463339686394 9.252128601074219 3.429598808288574
v -0.03855463117361069 10.479711532592773 3.859375
v -1.442431092262268 7.598867416381836 3.7829737663269043
v -2.4713141918182373 9.556034088134766 3.587275266647339
v 4.6689934730529785 8.2362060546875 4.683967590332031
v 4.653719902038574 13.373605728149414 3.4802968502044678
v 4.0392842292785645 14.64970874786377 2.5124731063842773
v 3.929187536239624 12.796259880065918 3.0627639293670654
v -1.8172779083251953 12.306026458740234 1.7860230207443237
v 5.028477668762207 7.890986919403076 4.285887718200684
v 0.9052380919456482 7.478542327880859 0.1625940054655075
v -0.15863358974456787 8.518044471740723 3.7888314723968506
v -3.0408337116241455 12.823712348937988 1.899099349975586
v -2.519868850708008 13.23059368133545 1.728779911994934
v 0.127266988158226 7.7718329429626465 3.5796637535095215
v 4.96085786819458 9.417189598083496 1.611470341682434
v -2.4786934852600098 9.405287742614746 4.1127543449401855
v -1.0192874670028687 9.346349716186523 3.948775291442871
v 5.479348659515381 8.723787307739258 4.47029447555542
v 4.163880348205566 12.703071594238281 3.857806444168091
v -2.9267890453338623 8.721881866455078 4.585452556610107
v 5.048453330993652 9.122775077819824 1.7120330333709717
v -0.12993177771568298 9.093599319458008 3.291550397872925
v -3.577461004257202 9.462039947509766 4.5151567459106445
v -0.398151695728302 8.328326225280762 4.18072509765625
v 0.9498595595359802 10.403853416442871 3.1911158561706543
v -2.7659523487091064 9.576372146606445 3.2357358932495117
v -0.3617219924926758 9.33108139038086 0.4463365375995636
v -0.8255032300949097 8.4097261428833 3.497363567352295
v 2.9618844985961914 9.151152610778809 4.06175422668457
v 5.158855438232422 14.840669631958008 1.9019266366958618
v 3.8571128845214844 15.0847806930542 2.4073569774627686
v 2.921978235244751 9.662970542907715 1.6360408067703247
v 0.9539417028427124 12.709760665893555 1.9746272563934326
v 3.5173592567443848 8.175057411193848 4.8179216384887695
v 0.6450333595275879 10.796615600585938 1.3156299591064453
v 2.6765642166137695 9.98579216003418 1.8158730268478394
v -0.3269543945789337 11.914449691772461 3.6109068393707275
v 1.4785346984863281 8.194995880126953 0.5153322815895081
v -0.6455219388008118 8.446754455566406 -0.052647627890110016
v 4.918447971343994 9.105026245117188 4.035333633422852
v -1.7471734285354614 12.49758529663086 1.763464093208313
v -0.22314655780792236 8.758828163146973 1.1928271055221558
v 0.29118213057518005 12.850106239318848 1.9007387161254883
v -2.3609602451324463 12.963580131530762 1.7431817054748535
v 4.04292631149292 12.73644733428955 3.6776466369628906
v -1.0559298992156982 8.600379943847656 4.0689802169799805
v 0.0605970062315464 7.561486721038818 4.518211841583252
v -2.2381553649902344 13.414349555969238 2.1693596839904785
v 1.2161335945129395 7.4347920417785645 0.951665997505188
v 4.292753219604492 12.961389541625977 4.1103620529174805
v 3.774556875228882 10.520573616027832 3.086649179458618
v 5.244237899780273 15.040904998779297 1.6961548328399658
v 4.380804061889648 12.95592212677002 0.43450525403022766
v -0.725714385509491 9.774558067321777 4.130946636199951
v -0.08762264251708984 9.942607879638672 4.0467143058776855
v 4.836791038513184 9.038290977478027 3.6470165252685547
v 3.593468427658081 13.129932403564453 1.4154295921325684
v 2.43930721282959 7.476806163787842 3.7359747886657715
v 5.284515857696533 15.210943222045898 1.60621976852417
v 0.8110936284065247 7.723307132720947 3.6263554096221924
v 3.794111490249634 12.651127815246582 4.786767482757568
v 2.969412088394165 8.29263687133789 3.999326229095459
v 0.06679372489452362 10.25846004486084 3.0981335639953613
v 7.201291084289551 13.418710708618164 3.478653907775879
v 4.704216003417969 12.583707809448242 3.463712453842163
v 2.330075979232788 10.736879348754883 1.464327335357666
v 3.5124313831329346 7.777187824249268 3.6236116886138916
v 3.978271722793579 12.794322967529297 1.9967787265777588
v 3.835284948348999 12.652159690856934 4.626798152923584
v 2.729405403137207 7.690032958984375 3.653168201446533
v -0.5987512469291687 8.201685905456543 4.113175868988037
v 5.066808223724365 8.153496742248535 4.812129020690918
v 4.165278911590576 8.32322883605957 4.811239719390869
v -0.5725740194320679 10.865371704101562 3.5910747051239014
v 0.02690924145281315 10.710501670837402 3.520735263824463
v 3.2769951820373535 8.334673881530762 4.030000686645508
v 5.324604034423828 15.095464706420898 1.5615968704223633
v 1.905269742012024 10.307334899902344 3.455172538757324
v 4.110320568084717 13.941929817199707 2.5759806632995605
v 7.020199775695801 13.769248962402344 3.5760133266448975
v -1.0475611686706543 10.431681632995605 1.244097113609314
v 6.094160079956055 15.212958335876465 3.0915355682373047
v -0.9091804027557373 9.957521438598633 3.722431182861328
v 4.478244781494141 13.154633522033691 3.466611385345459
v -3.1624059677124023 9.021660804748535 4.260772705078125
v 2.06193208694458 7.843502998352051 4.837881088256836
v 0.2533987760543823 12.816160202026367 2.324218273162842
v 0.5359786748886108 7.480872631072998 0.11988577246665955
v 5.303274154663086 15.546310424804688 2.0002691745758057
v -2.471583127975464 13.091099739074707 2.147017240524292
v 2.1351943016052246 10.223563194274902 2.737762212753296
v -0.4982081949710846 8.857709884643555 0.5087602734565735
v 5.178335666656494 15.290858268737793 2.1665661334991455
v 0.3709164261817932 7.517819404602051 3.7116475105285645
v 4.2567973136901855 13.129450798034668 0.19818256795406342
v 4.886273384094238 8.619912147521973 3.5441317558288574
v 4.3280439376831055 12.963313102722168 3.538313388824463
v 3.406005620956421 12.776945114135742 3.399010181427002
v 2.9425878524780273 9.442917823791504 3.7482149600982666
v 4.988855838775635 9.104976654052734 4.031982421875
v -2.205566883087158 8.825284957885742 4.225750923156738
v -2.0367472171783447 11.893805503845215 3.067537784576416
v 5.108407020568848 8.764012336730957 3.554239273071289
v -2.3881521224975586 12.600631713867188 1.7624934911727905
v -1.2621138095855713 7.571939468383789 0.6291720867156982
v -2.8254528045654297 9.396563529968262 3.282102346420288
v 2.488968849182129 10.37518310546875 1.97726309299469
v 3.958921194076538 13.892799377441406 2.555253267288208
v 2.1243529319763184 8.080867767333984 3.828413486480713
v 3.582359790802002 7.719301700592041 4.8497843742370605
v 6.252037525177002 14.962904930114746 3.3772027492523193
v 1.9629395008087158 8.121504783630371 0.8305843472480774
v 0.12498883903026581 7.503627777099609 0.10406863689422607
v 2.134688138961792 10.318953514099121 1.7432143688201904
v 1.192878007888794 10.646692276000977 3.57352352142334
v 7.4278483390808105 12.840420722961426 2.6382088661193848
v 4.842646598815918 8.15466594696045 0.269867479801178
v 5.214151382446289 8.296486854553223 0.3361709713935852
v 2.7598469257354736 8.214848518371582 3.78320574760437
v 4.534161567687988 9.002641677856445 1.5449954271316528
v 0.0240839384496212 9.092825889587402 1.437656283378601
v -2.7222349643707275 12.674515724182129 1.6709678173065186
v 3.749812602996826 14.889805793762207 2.2050678730010986
v 5.581802845001221 15.237422943115234 1.6022930145263672
v -2.8689076900482178 8.189733505249023 3.6002774238586426
v 3.2289040088653564 13.528666496276855 2.1776528358459473
v 5.526706218719482 15.276403427124023 2.139855146408081
v 0.4672996997833252 9.105679512023926 0.3652527630329132
v 4.2936224937438965 7.636335372924805 4.225000381469727
v 5.39677619934082 8.142265319824219 3.653151750564575
v -2.447425603866577 10.710234642028809 1.6470448970794678
v 3.3701961040496826 10.19649600982666 2.8227219581604004
v 4.469727039337158 13.028955459594727 0.42370307445526123
v -0.5147484540939331 8.885887145996094 0.8032786250114441
v 2.87678599357605 7.390702724456787 4.256330490112305
v -3.10517954826355 8.603248596191406 -0.24166695773601532
v -0.5058149695396423 9.53978157043457 0.6988672018051147
v 6.095296859741211 12.974836349487305 3.1962850093841553
v 0.952929675579071 8.246935844421387 4.43652868270874
v -0.6817705035209656 10.304621696472168 3.9252078533172607
v -0.37128183245658875 8.221297264099121 3.9417476654052734
v -0.5777022838592529 8.29127311706543 3.7433481216430664
v 4.637966632843018 8.505189895629883 3.5345706939697266
v 2.9606194496154785 8.931493759155273 3.7398664951324463
v 3.0335400104522705 7.884328842163086 4.825325012207031
v 2.3567492961883545 9.812901496887207 4.100980281829834
v 5.2554779052734375 15.227301597595215 1.8129653930664062
v -1.9426699876785278 10.864516258239746 3.026911973953247
v -2.625797748565674 8.691716194152832 0.010240449570119381
v 5.431201457977295 13.321564674377441 3.4880728721618652
v 2.50665283203125 9.432865142822266 0.48381760716438293
v 2.5422427654266357 8.894131660461426 1.5205693244934082
v 2.1109001636505127 10.767535209655762 3.3735275268554688
v 1.8657972812652588 10.10152816772461 3.361514091491699
v 3.9621801376342773 13.119175910949707 4.643906116485596
v 3.278742790222168 13.535070419311523 2.021261215209961
v 5.628580570220947 14.648101806640625 3.5002427101135254
v 5.3306193351745605 12.584711074829102 3.28562331199646
v 3.9208037853240967 13.081719398498535 3.833014488220215
v -1.0071969032287598 8.855958938598633 3.4905338287353516
v 3.5827085971832275 8.302114486694336 0.9385665059089661
v 5.3982319831848145 15.312261581420898 3.023242950439453
v -2.585742473602295 8.206520080566406 3.5018763542175293
v -2.1169681549072266 11.260031700134277 3.0698609352111816
v 4.990485668182373 12.61599349975586 1.528581976890564
v 4.274974822998047 12.678241729736328 1.6976611614227295
v 5.562325954437256 15.686871528625488 1.927115797996521
v 3.9663078784942627 12.69022274017334 5.256253242492676
v 0.39882519841194153 8.977398872375488 1.1141539812088013
v 0.357587605714798 7.665281295776367 4.797258377075195
v 5.539726734161377 8.327252388000488 4.700203895568848
v 4.0289177894592285 12.980297088623047 0.3310147225856781
v 5.988961219787598 14.22257137298584 1.581876516342163
v 4.610556602478027 8.313034057617188 4.699117183685303
v 4.367151737213135 12.528047561645508 -0.28347450494766235
v 6.686691761016846 12.877952575683594 2.2936527729034424
v -3.4618661403656006 8.901050567626953 0.08861643821001053
v 5.565367698669434 15.419696807861328 1.9380851984024048
v 2.205437660217285 10.938794136047363 1.319820761680603
v -0.41117924451828003 9.190055847167969 0.5514928698539734
v -3.157748222351074 9.291970252990723 4.768527030944824
v 2.223229169845581 9.001262664794922 3.1855149269104004
v 5.378261089324951 15.456049919128418 3.326350450515747
v 1.8394719362258911 8.935218811035156 3.628113269805908
v -0.04681778699159622 10.493962287902832 1.4146500825881958
v 0.06159813329577446 9.33765697479248 0.2341495156288147
v 0.4693583846092224 11.288426399230957 1.1744967699050903
v -2.973515272140503 9.546536445617676 3.2514350414276123
v -0.5182384252548218 7.757363796234131 -0.24566473066806793
v 0.5699102282524109 10.325632095336914 1.8441787958145142
v -0.9923642873764038 9.573027610778809 3.6267333030700684
v 2.054685115814209 8.239161491394043 4.2615203857421875
v 5.39226770401001 15.22962474822998 3.4556941986083984
v 7.611241817474365 12.882251739501953 2.5907957553863525
v 6.285666465759277 14.279571533203125 1.7943017482757568
v 3.899271011352539 12.909316062927246 2.772510528564453
v -1.1517282724380493 8.404512405395508 3.7220489978790283
v 4.593755722045898 8.525548934936523 4.816240310668945
v 2.909113883972168 8.29123306274414 4.45370626449585
v 2.023195743560791 9.868730545043945 2.9958863258361816
v 2.2247986793518066 9.219529151916504 4.335709095001221
v 4.488790035247803 13.12552261352539 5.131921291351318
v 3.10274600982666 13.010977745056152 3.045414686203003
v 5.9518327713012695 9.348958969116211 0.9300978183746338
v -1.4965771436691284 7.938474655151367 0.960297703742981
v 4.8361687660217285 8.425166130065918 0.2811645567417145
v 5.9608025550842285 8.751925468444824 1.3041226863861084
v -1.931408166885376 10.289424896240234 2.2443628311157227
v 3.909055471420288 12.887001037597656 0.17593266069889069
v -1.0520387887954712 8.47092056274414 0.6211284399032593
v 3.1088593006134033 8.954419136047363 0.7546143531799316
v -2.1977474689483643 7.847227573394775 3.9827098846435547
v 3.3274810314178467 13.57800579071045 2.490609884262085
v 5.139294624328613 14.849040031433105 3.2319631576538086
v 2.1878843307495117 7.446933746337891 1.0115543603897095
v -2.074479818344116 12.893988609313965 1.7689350843429565
v 3.816154956817627 13.587461471557617 3.130342483520508
v -2.645209312438965 11.910231590270996 1.7081823348999023
v -0.561026930809021 8.156478881835938 3.9870693683624268
v 4.7213945388793945 9.333377838134766 1.3818035125732422
v 3.9293088912963867 13.446134567260742 1.4415805339813232
v -0.304846853017807 9.690170288085938 4.1983232498168945
v 2.0726847648620605 9.053640365600586 0.840512216091156
v 2.4694113731384277 10.64167594909668 0.9858688116073608
v 4.812144756317139 8.056914329528809 4.826069355010986
v 5.388003349304199 15.528542518615723 1.57985520362854
v 1.7541072368621826 7.486712455749512 0.21791619062423706
v 4.4733381271362305 12.716560363769531 4.678796291351318
v 0.1501225382089615 8.60919189453125 0.11927857995033264
v 7.037106037139893 13.010396957397461 2.0575356483459473
v -3.373696804046631 12.702906608581543 1.6494783163070679
v 4.021212577819824 7.834741115570068 0.1372196078300476
v 5.3539204597473145 8.711478233337402 0.6603446006774902
v 4.365242958068848 13.11592960357666 0.28294989466667175
v -2.150606155395508 8.741661071777344 3.6404342651367188
v -0.6302276253700256 10.272780418395996 2.9381327629089355
v -0.6833938360214233 8.226170539855957 3.660489797592163
v -2.1781468391418457 8.285980224609375 3.490049123764038
v 5.603862762451172 15.352212905883789 2.1671690940856934
v 2.4818522930145264 9.679871559143066 0.5576999187469482
v 3.9937243461608887 13.08737564086914 2.4326252937316895
v 5.1573028564453125 8.052513122558594 4.129425525665283
v 0.5850803256034851 10.21765422821045 2.2665398120880127
v 1.667190670967102 7.981113433837891 3.627908229827881
v 0.09396280348300934 10.090629577636719 3.6850831508636475
v 2.7949142456054688 9.32060432434082 0.4952414929866791
v 5.134922981262207 15.012139320373535 3.250994920730591
v 4.223123550415039 8.539109230041504 4.177810192108154
v 2.70896053314209 7.602290630340576 0.05346580967307091
v 0.13804952800273895 8.384443283081055 0.20739611983299255
v 4.166108131408691 12.707234382629395 0.9482609033584595
v -1.647637128829956 8.51413631439209 3.6848065853118896
v 2.7405037879943848 8.290536880493164 4.452971935272217
v 2.4890806674957275 9.460891723632812 1.6915550231933594
v 6.818525314331055 14.691773414611816 3.2937264442443848
v 6.006240367889404 14.200092315673828 3.6685423851013184
v -0.09784352779388428 11.325900077819824 1.0287028551101685
v 6.0251145362854 13.468856811523438 3.5463876724243164
v 4.031061172485352 8.404472351074219 0.479884535074234
v 1.0097131729125977 7.42053747177124 4.235776901245117
v -0.2788725197315216 7.590860366821289 4.5289177894592285
v 0.5816172957420349 10.386909484863281 3.1518309116363525
v 2.8394875526428223 10.039377212524414 3.2368311882019043
v 2.474613666534424 9.811253547668457 0.6020128726959229
v 2.311420202255249 8.284443855285645 3.5257315635681152
v 5.635699272155762 15.32629108428955 2.708735704421997
v 4.144911766052246 14.313224792480469 1.9584254026412964
v 0.44038790464401245 12.799243927001953 2.3374078273773193
v 0.03802461549639702 10.225903511047363 3.8044798374176025
v 2.0124928951263428 10.3990478515625 2.8168632984161377
v 5.515803337097168 15.358399391174316 3.5981438159942627
v 0.8331525325775146 12.648293495178223 2.807048797607422
v -1.368113398551941 8.18985366821289 -0.22726091742515564
v 6.873349189758301 12.963783264160156 2.101661205291748
v 4.303389549255371 14.664637565612793 2.615755319595337
v 1.8705058097839355 10.706408500671387 1.4441598653793335
v 1.4612339735031128 8.216392517089844 4.233864784240723
v 2.3244524002075195 9.380672454833984 0.49798551201820374
v 0.33348092436790466 9.325019836425781 0.30973801016807556
v 5.868834495544434 14.356365203857422 3.5903077125549316
v -2.9808542728424072 8.7206392288208 -0.45977428555488586
v -0.917989194393158 8.40685749053955 4.573231220245361
v -3.6329915523529053 8.93282413482666 3.7390527725219727
v 3.437089204788208 7.451819896697998 4.494935512542725
v -1.7768142223358154 7.817996978759766 0.8416132926940918
v -3.240622043609619 8.35612964630127 0.8881003260612488
v -3.2895586490631104 8.60564136505127 4.098111152648926
v -0.2119654417037964 10.567545890808105 3.862882375717163
v 3.1698191165924072 12.739959716796875 1.275180697441101
v -2.0492684841156006 12.048219680786133 1.1680339574813843
v 4.184438228607178 12.702902793884277 0.5421079397201538
v 5.109838962554932 12.201839447021484 2.3019449710845947
v 0.998377799987793 7.420462131500244 0.42977553606033325
v -0.3860724866390228 13.017474174499512 1.8629940748214722
v 4.4562859535217285 12.698500633239746 1.0578207969665527
v 5.1771087646484375 9.044977188110352 3.842780351638794
v 3.9990861415863037 12.793516159057617 1.5447951555252075
v 4.4567551612854 12.668740272521973 4.998712062835693
v 1.878734827041626 7.414619445800781 4.5267157554626465
v -1.2550206184387207 8.533312797546387 0.38132455945014954
v 4.315125465393066 13.082576751708984 2.946824073791504
v 0.25925642251968384 8.876188278198242 1.23031485080719
v -1.1178520917892456 8.50362777709961 0.3803534507751465
v 0.2583138048648834 8.464996337890625 1.0033600330352783
v 7.055006980895996 12.819491386413574 2.58058762550354
v 5.592916965484619 12.65992259979248 3.1267240047454834
v 7.060518741607666 13.164941787719727 3.3808460235595703
v 0.3391786217689514 8.31818962097168 0.7342233061790466
v 4.491808891296387 13.129188537597656 4.675793170928955
v -0.03192257508635521 10.375743865966797 0.7750473618507385
v 6.074296951293945 14.183483123779297 3.655150890350342
v 2.7374227046966553 11.985494613647461 1.09333074092865
v 7.08606481552124 13.891210556030273 3.553609848022461
v 2.0018513202667236 8.988533973693848 3.3283257484436035
v 4.675595283508301 14.851608276367188 2.0354602336883545
v 0.4988190531730652 10.350519180297852 1.5549818277359009
v 7.625100135803223 12.918156623840332 2.919733762741089
v -2.868574380874634 8.710963249206543 1.040328025817871
v 3.492875814437866 11.943415641784668 3.564255714416504
v -1.0005228519439697 9.359724044799805 4.004097938537598
v 2.863600492477417 8.521724700927734 4.154489040374756
v 5.412461757659912 12.886463165283203 3.421799898147583
v 5.73774528503418 14.607457160949707 1.695832371711731
v -2.375629186630249 9.32026481628418 3.8659002780914307
v 1.589896559715271 12.55223274230957 1.6317216157913208
v 3.0797085762023926 12.098041534423828 3.5536417961120605
v 5.450078010559082 15.444625854492188 1.3898175954818726
v -3.3753674030303955 9.433233261108398 4.547787666320801
v 5.710596084594727 15.633249282836914 1.5225772857666016
v -2.7150464057922363 8.927397727966309 -0.4998963475227356
v 2.1463816165924072 10.137504577636719 2.4173672199249268
v 2.3200056552886963 8.793389320373535 4.486824989318848
v 4.011267185211182 12.74402904510498 4.379154682159424
v -2.422847032546997 9.41971492767334 3.850156784057617
v 5.299978733062744 14.864028930664062 3.4224636554718018
v 1.5726072788238525 7.332736015319824 3.9503726959228516
v 2.227729558944702 9.989777565002441 2.8068666458129883
v -0.4345358908176422 7.751636028289795 0.9837754368782043
v 2.801337242126465 10.16810131072998 2.755727529525757
v 1.9440734386444092 9.580997467041016 3.854398250579834
v 3.8200113773345947 13.016999244689941 4.583150386810303
v 1.1439310312271118 10.334991455078125 1.9987738132476807
v -0.9989637136459351 9.392927169799805 3.4202988147735596
v 1.9446138143539429 9.005081176757812 4.1835246086120605
v 6.008516788482666 14.379483222961426 3.764618158340454
v -1.4070035219192505 11.514575958251953 3.4380714893341064
v 4.034231185913086 11.157408714294434 3.2131881713867188
v 4.2969584465026855 8.54121208190918 4.776573181152344
v 3.448359251022339 8.299922943115234 4.452095031738281
v 1.8548874855041504 9.816091537475586 3.5089049339294434
v -0.4867216646671295 9.717146873474121 1.3007237911224365
v -3.8624863624572754 9.697132110595703 4.2908830642700195
v -0.7056137323379517 9.957345008850098 3.0275299549102783
v 4.830589294433594 8.388747215270996 3.534846067428589
v 0.27387315034866333 7.956829071044922 -0.15682610869407654
v -2.355816602706909 8.906285285949707 4.019408702850342
v 6.798735618591309 13.054121971130371 3.301635980606079
v 6.08304500579834 14.222795486450195 3.402878999710083
v -0.7988828420639038 8.334935188293457 3.7352821826934814
v -0.1699218600988388 8.42725658416748 0.9462255239486694
v -0.9689294695854187 11.038656234741211 0.9126009345054626
v 4.97712516784668 9.42263126373291 1.6125092506408691
v -0.37142106890678406 8.338232040405273 3.5978164672851562
v 3.6482527256011963 10.215901374816895 2.404087543487549
v -2.517681360244751 8.328675270080566 -0.2679316997528076
v 2.5742757320404053 11.496500015258789 3.883383274078369
v 1.966507077217102 12.292643547058105 3.653566837310791
v 3.617828845977783 8.088790893554688 1.3036572933197021
v 4.684769153594971 8.575409889221191 4.6638994216918945
v -1.988081932067871 12.942374229431152 1.7864376306533813
v 4.473514556884766 13.098388671875 0.5699872374534607
v 5.28309440612793 8.569168090820312 0.3762035071849823
v 1.9969549179077148 7.3960065841674805 4.252282619476318
v 4.145435810089111 13.125541687011719 1.8785679340362549
v 2.284916639328003 9.078595161437988 1.5496796369552612
v 2.2949776649475098 10.160430908203125 1.8561720848083496
v 4.214443683624268 15.030754089355469 1.9557517766952515
v -0.4009133279323578 8.997600555419922 1.1411454677581787
v 3.568767547607422 10.190550804138184 2.412360668182373
v 4.988544464111328 15.020452499389648 1.9135658740997314
v 4.319975852966309 7.841464519500732 4.812116622924805
v 4.905699729919434 8.301061630249023 5.117354869842529
v 3.8126204013824463 7.512838840484619 3.9089818000793457
v 4.651699066162109 8.508554458618164 3.5353689193725586
v -3.966695547103882 9.405503273010254 4.143606185913086
v 4.083748817443848 13.297101020812988 -0.11172997951507568
v 3.843074321746826 12.904643058776855 3.92362904548645
v 2.3377175331115723 8.919937133789062 1.4517894983291626
v 4.788651943206787 9.381957054138184 1.136773943901062
v -1.7791974544525146 7.726649761199951 -0.1905226707458496
v -2.6476540565490723 12.754124641418457 2.152003765106201
v 2.065922260284424 7.3588385581970215 3.9442105293273926
v 5.536203861236572 8.064141273498535 3.7571256160736084
v 3.749809503555298 11.460794448852539 1.229602575302124
v 4.544719219207764 12.870944023132324 4.703704357147217
v 5.9391961097717285 14.229449272155762 1.7087682485580444
v 4.162944316864014 12.805863380432129 5.334403038024902
v 4.110867500305176 11.241119384765625 3.201965808868408
v 5.333643436431885 14.641153335571289 3.8193671703338623
v 0.6000764966011047 8.248766899108887 0.4693763554096222
v 2.9349255561828613 9.575366973876953 1.6148934364318848
v 4.019451141357422 8.360404014587402 3.79425311088562
v 2.8167548179626465 8.257513999938965 0.22344721853733063
v 3.6290855407714844 8.318849563598633 4.450688362121582
v -1.9131792783737183 7.749629497528076 4.045067310333252
v 2.468111991882324 9.991667747497559 1.842740774154663
v 2.921816825866699 8.612493515014648 4.078704833984375
v -3.1849098205566406 9.411556243896484 4.715578079223633
v -0.4064832031726837 8.895559310913086 3.229973316192627
v 2.063326597213745 10.179230690002441 2.8432247638702393
v 7.890446662902832 13.721646308898926 3.134592294692993
v 2.9204161167144775 8.908543586730957 3.45881986618042
v 5.572624206542969 15.450575828552246 1.8773002624511719
v 3.1525909900665283 11.429342269897461 3.6098859310150146
v 5.7525200843811035 14.189178466796875 1.606864333152771
v -0.3953569531440735 8.898361206054688 3.232820510864258
v -1.0016512870788574 8.094529151916504 -0.21465939283370972
v 4.9571027755737305 8.63562297821045 4.763845443725586
v 3.6779801845550537 14.787529945373535 2.015171766281128
v 5.0965728759765625 8.748129844665527 4.763889789581299
v 4.006546497344971 13.083499908447266 5.321074962615967
v -0.3334948420524597 8.505590438842773 0.8606537580490112
v 4.133426189422607 15.171052932739258 2.2675206661224365
v 3.980010986328125 13.086312294006348 2.6959633827209473
v 5.4569244384765625 8.664254188537598 0.5651146769523621
v 2.9477922916412354 8.156183242797852 0.8413891196250916
v 2.450369358062744 10.476869583129883 1.7670296430587769
v 5.614677429199219 14.812565803527832 3.856289863586426
v 2.7851836681365967 10.504264831542969 1.7417069673538208
v 7.445967197418213 12.876407623291016 2.809278726577759
v -2.587761878967285 11.502309799194336 2.607354164123535
v 1.8125628232955933 11.463557243347168 1.1636459827423096
v 2.368795871734619 8.187568664550781 0.7700945138931274
v 4.6068854331970215 8.437808990478516 4.921280384063721
v -1.835361361503601 8.593300819396973 0.5990508794784546
v 2.892789363861084 10.723444938659668 1.4357305765151978
v 3.0187673568725586 10.05587387084961 1.2783409357070923
v 4.1943206787109375 13.127265930175781 1.1409571170806885
v -0.46693575382232666 9.76622486114502 0.8030415177345276
v 1.3244967460632324 12.70708179473877 1.999886155128479
v -2.4248790740966797 9.276395797729492 4.11942195892334
v -2.933180332183838 9.26742935180664 3.3249704837799072
v -2.0344607830047607 8.107112884521484 0.9456514716148376
v 2.8786888122558594 9.974474906921387 1.7225619554519653
v 4.255983829498291 7.563209056854248 3.9240214824676514
v 5.331404209136963 7.974087238311768 4.440168380737305
v -2.354570150375366 9.224328994750977 0.8049594163894653
v 2.2754335403442383 10.783047676086426 3.430199146270752
v 0.2511666715145111 9.937923431396484 1.7427458763122559
v 4.31361722946167 12.669571876525879 0.946264386177063
v 7.432551860809326 13.954191207885742 3.3968515396118164
v 6.464714527130127 15.06776237487793 2.464977979660034
v 2.4032397270202637 8.131522178649902 4.400195121765137
v 2.8484811782836914 9.985548973083496 3.7256228923797607
v -2.9620859622955322 9.223740577697754 4.633370876312256
v 0.028967393562197685 11.136249542236328 1.5803179740905762
v 5.6319355964660645 14.89044189453125 1.5044457912445068
v 1.4616931676864624 11.031390190124512 3.7927799224853516
v -2.638005256652832 11.278751373291016 1.486607313156128
v 2.417567253112793 7.980525970458984 4.211427688598633
v 3.728231906890869 13.674579620361328 2.9803943634033203
v 2.1676154136657715 7.667610168457031 -0.06820697337388992
v -0.6663824915885925 8.774636268615723 4.391879558563232
v -3.1722190380096436 9.331969261169434 4.755498886108398
v 5.61762809753418 14.481143951416016 3.4683640003204346
v 3.8254103660583496 13.160603523254395 3.3891241550445557
v 5.467105388641357 12.690925598144531 3.2791712284088135
v 5.960882186889648 14.21052360534668 1.7807575464248657
v -0.681231677532196 10.886916160583496 3.430171251296997
v 2.1056182384490967 9.009927749633789 0.7720801830291748
v 1.3769258260726929 10.649457931518555 3.571924924850464
v 0.31636863946914673 9.173571586608887 0.2382943034172058
v 4.78439474105835 11.688568115234375 2.5953104496002197
v 0.042786940932273865 9.724750518798828 3.2907779216766357
v 7.887925624847412 13.161468505859375 2.915332794189453
v -0.19738443195819855 8.404484748840332 3.912675619125366
v 5.6434006690979 14.152627944946289 1.5719854831695557
v 2.473388910293579 9.836398124694824 0.6114919781684875
v -0.12292391061782837 8.626920700073242 3.617814064025879
v -0.07817304879426956 9.043240547180176 3.934079170227051
v -1.7915624380111694 13.048133850097656 2.2304635047912598
v -1.8648349046707153 13.104652404785156 1.836414098739624
v 3.725350856781006 8.206793785095215 4.802744388580322
v -2.7783942222595215 12.996601104736328 2.1302170753479004
v -0.5237342715263367 8.310629844665527 3.5466949939727783
v -0.8182598352432251 9.96527099609375 3.9241983890533447
v -2.9726152420043945 9.84228515625 4.25337553024292
v 5.852932453155518 9.195672988891602 0.5323286056518555
v -0.7717784643173218 12.505081176757812 1.0792068243026733
v -0.20606325566768646 9.217541694641113 1.433100938796997
v 1.9697102308273315 7.65154504776001 -0.07525884360074997
v 1.9547295570373535 8.861790657043457 4.191773891448975
v -3.4001433849334717 8.979569435119629 4.404038906097412
v -0.6048118472099304 7.709521770477295 4.709619998931885
v 3.861074924468994 13.642460823059082 3.131466865539551
v 5.204822540283203 14.912568092346191 1.814505934715271
v -2.327949285507202 12.608760833740234 1.772704005241394
v -0.17924721539020538 9.787415504455566 1.6636353731155396
v 0.34918829798698425 10.672656059265137 1.9655870199203491
v -1.086923360824585 8.727599143981934 3.8205339908599854
v 2.88788104057312 7.448383331298828 0.5315324664115906
v 4.084776878356934 12.064936637878418 3.4707534313201904
v 1.3492649793624878 7.399327278137207 4.226916790008545
v 4.407191753387451 13.343449592590332 0.11160087585449219
v 5.392053127288818 15.538491249084473 3.6897542476654053
v 2.2886085510253906 8.671390533447266 1.2959873676300049
v -0.12016642093658447 8.895398139953613 1.3334710597991943
v 4.451832294464111 12.685359001159668 1.26260507106781
v -1.038160800933838 8.424704551696777 4.561032295227051
v 0.5901941061019897 12.76909351348877 1.9519565105438232
v 1.3363834619522095 10.302932739257812 2.0453953742980957
v 2.8368568420410156 8.350702285766602 3.838299512863159
v -3.1159934997558594 8.611115455627441 -0.23959431052207947
v -3.1091086864471436 9.348489761352539 0.5649562478065491
v 4.2983551025390625 12.961694717407227 4.019543170928955
v -0.38511741161346436 9.533482551574707 1.3969849348068237
v 3.994577407836914 12.917071342468262 0.8202739357948303
v 0.1311151534318924 10.373910903930664 3.1465084552764893
v 2.6940181255340576 8.209748268127441 0.47874727845191956
v -1.4185981750488281 7.620751857757568 0.29817795753479004
v 6.51851749420166 12.896902084350586 2.7768473625183105
v 4.107353687286377 8.300209999084473 4.810309886932373
v 4.289730072021484 13.269842147827148 5.207709789276123
v -3.194606065750122 9.479219436645508 4.6394171714782715
v -3.302783489227295 12.657394409179688 1.6664581298828125
v 4.410139083862305 11.769716262817383 3.2580463886260986
v -0.8120905756950378 11.287830352783203 0.925978422164917
v -0.6760396957397461 10.52917766571045 3.016167640686035
v -1.4351731538772583 8.517776489257812 3.931856393814087
v 4.5627336502075195 12.467211723327637 3.449319839477539
v 4.051442623138428 7.530548572540283 0.8012458086013794
v 0.33324071764945984 10.684511184692383 3.5384469032287598
v 4.475776672363281 12.821700096130371 1.3355343341827393
v -1.6768913269042969 12.650155067443848 2.888394594192505
v 2.7635140419006348 11.079444885253906 3.8251514434814453
v -0.05901245027780533 7.566596508026123 3.725607395172119
v -2.525658130645752 7.985259056091309 3.617079019546509
v -1.842555046081543 10.321797370910645 2.7278077602386475
v -1.8027455806732178 7.736127853393555 0.06892628967761993
v -0.07977412641048431 9.847286224365234 3.1140666007995605
v 5.689370632171631 15.519206047058105 1.418471336364746
v 2.914034605026245 8.669442176818848 3.8112123012542725
v 4.4081854820251465 7.5930986404418945 1.2040480375289917
v -3.2309789657592773 9.253640174865723 4.198424816131592
v 3.309572696685791 11.119226455688477 3.5294222831726074
v -2.2505476474761963 9.014068603515625 0.014147111214697361
v 4.488003253936768 12.560651779174805 -0.2852489650249481
v 7.610336780548096 14.350470542907715 2.7550337314605713
v 5.438974380493164 8.864588737487793 1.628260612487793
v -2.684117317199707 8.722896575927734 0.02946368418633938
v -0.2832114100456238 8.307613372802734 3.9215645790100098
v 4.659635543823242 12.275059700012207 1.4385062456130981
v -2.9308319091796875 9.138968467712402 1.0553438663482666
v 2.5774953365325928 8.35649299621582 3.5282254219055176
v -0.13503263890743256 11.068876266479492 3.6284186840057373
v 4.064332962036133 12.706575393676758 0.3136213719844818
v -0.8645118474960327 8.521448135375977 4.283525466918945
v 2.0004069805145264 9.187772750854492 3.2537550926208496
v 3.906618356704712 12.79714298248291 3.5529439449310303
v -2.6690165996551514 11.958642959594727 1.8578197956085205
v 1.244261384010315 12.260111808776855 3.6009814739227295
v 6.035173416137695 15.291839599609375 2.771639823913574
v 4.041092872619629 7.476321697235107 4.684661388397217
v -1.7513673305511475 7.952176094055176 4.694834232330322
v 3.501577377319336 13.369952201843262 2.9144153594970703
v 2.3823084831237793 7.965910911560059 4.196853160858154
v 7.939142227172852 14.020878791809082 2.609184503555298
v 1.3339877128601074 10.429512977600098 3.225878953933716
v 2.3586292266845703 8.917389869689941 1.463151216506958
v 2.2513060569763184 8.742735862731934 0.5230244994163513
v 4.1363935470581055 14.305747985839844 2.583552837371826
v 5.049663543701172 13.179651260375977 1.4365930557250977
v 2.324901580810547 8.465466499328613 0.4791862368583679
v -2.6109862327575684 9.328568458557129 4.512081623077393
v -0.039603378623723984 10.700963020324707 3.7213783264160156
v -1.1304199695587158 10.114302635192871 2.0430655479431152
v 0.3597813844680786 9.686650276184082 0.5113091468811035
v 5.3907551765441895 15.274055480957031 3.072356939315796
v 4.5454325675964355 11.198433876037598 2.187710762023926
v 2.514932870864868 7.980132579803467 4.021164417266846
v -1.5774062871932983 12.909928321838379 2.1541244983673096
v -0.29537758231163025 9.796006202697754 4.159003734588623
v 2.466588020324707 9.766326904296875 1.7650221586227417
v 7.571364402770996 12.924978256225586 2.2607016563415527
v -0.6986105442047119 8.225748062133789 3.6644580364227295
v 2.183366298675537 8.148365020751953 3.678260564804077
v -1.0008412599563599 9.20865535736084 3.646862268447876
v 2.683595895767212 10.315366744995117 3.208705425262451
v 5.6490068435668945 15.600221633911133 2.107020854949951
v -2.855098247528076 9.802988052368164 4.0491814613342285
v -0.9791483283042908 8.404542922973633 4.013805866241455
v 4.222325325012207 13.12823486328125 0.7182824611663818
v 2.2356669902801514 7.468110084533691 0.4594417214393616
v -2.60215163230896 12.613137245178223 1.7308074235916138
v 3.8812382221221924 12.907848358154297 3.1419665813446045
v 2.34096622467041 10.915143966674805 1.2336748838424683
v -1.0354582071304321 8.903762817382812 4.054696559906006
v 6.014445781707764 14.330315589904785 3.763369560241699
v 4.343936443328857 12.567626953125 5.000710964202881
v -1.2200459241867065 8.51599407196045 -0.06121256574988365
v -2.4404196739196777 12.662426948547363 2.1674604415893555
v -0.7773095369338989 10.42835521697998 1.2533764839172363
v 1.4293792247772217 7.485344886779785 0.19565646350383759
v 3.86384654045105 14.243943214416504 2.3502204418182373
v 6.177704811096191 9.026510238647461 0.9395981431007385
v -2.142714738845825 12.416497230529785 1.5812605619430542
v 5.472650527954102 15.716597557067871 1.6888922452926636
v 4.797031402587891 12.99060344696045 1.3704209327697754
v 2.699962854385376 8.210553169250488 0.4790174961090088
v 7.177907943725586 14.490797996520996 3.3465561866760254
v -0.625816285610199 8.414441108703613 0.43194448947906494
v -2.6555352210998535 12.581193923950195 1.7191221714019775
v 2.213740587234497 8.223444938659668 4.412910461425781
v 4.8394341468811035 8.665533065795898 4.796137809753418
v 5.233089923858643 15.11804485321045 1.9826066493988037
v 3.6263482570648193 10.226761817932129 2.849085569381714
v 2.812734603881836 10.357390403747559 1.8749300241470337
v 0.4443691074848175 8.249000549316406 0.5014770030975342
v -0.392907977104187 10.390040397644043 1.1094149351119995
v 5.898848533630371 13.146562576293945 3.4123010635375977
v 3.72235369682312 7.734439849853516 0.10449258983135223
v -2.7047736644744873 8.107051849365234 3.6079790592193604
v 4.439770221710205 12.053330421447754 1.3843533992767334
v 2.077542304992676 8.218138694763184 0.13940148055553436
v -0.6414273977279663 12.84928035736084 1.4508463144302368
v -1.4951153993606567 8.558320045471191 0.379692941904068
v -2.5105743408203125 8.576520919799805 4.630171775817871
v 4.164691925048828 13.242100715637207 0.24427205324172974
v 2.362578868865967 12.3363037109375 3.603471279144287
v -3.0302462577819824 8.888803482055664 -0.22920052707195282
v -1.495242714881897 12.558781623840332 1.8007794618606567
v 1.906205654144287 9.924972534179688 3.6850943565368652
v 5.028371810913086 8.135612487792969 4.816073417663574
v 3.4661216735839844 12.269198417663574 3.511582136154175
v 0.11804722994565964 10.171189308166504 3.3838772773742676
v -0.16243724524974823 10.852201461791992 1.187156319618225
v 3.130934715270996 9.257505416870117 1.290063500404358
v 7.081312656402588 14.403131484985352 2.0473437309265137
v 1.223578929901123 10.32487678527832 2.0188934803009033
v 0.4517020583152771 7.696364879608154 -0.19404058158397675
v 1.777889370918274 7.607715606689453 4.84496545791626
v 2.697833299636841 8.161669731140137 0.06962510943412781
v -2.627281427383423 8.152091979980469 4.202297687530518
v 4.507294654846191 12.546488761901855 0.21276874840259552
v 0.06890157610177994 7.415031909942627 0.681425154209137
v 3.4803268909454346 14.63520622253418 2.204512596130371
v 6.311469078063965 13.159075736999512 3.3964903354644775
v 3.2474398612976074 8.305231094360352 4.451850891113281
v 7.8771514892578125 13.689286231994629 3.156919240951538
v 1.1060731410980225 11.490764617919922 1.162713646888733
v -1.3657104969024658 12.63451862335205 2.198094606399536
v 0.371370404958725 8.239058494567871 0.6421163082122803
v 2.4462716579437256 9.204286575317383 3.11244535446167
v 5.417174339294434 9.182205200195312 0.4854755997657776
v 4.259932041168213 12.5078763961792 1.2359179258346558
v 1.1017093658447266 8.008668899536133 3.6308951377868652
v -3.544226884841919 8.528124809265137 0.08651894330978394
v 2.979032039642334 8.846575736999512 1.4128392934799194
v 6.355974197387695 14.918033599853516 3.3689639568328857
v 0.2384704202413559 7.710005283355713 -0.19752484560012817
v -0.6433628797531128 10.223404884338379 2.95406174659729
v 2.2209203243255615 9.2964448928833 3.0664474964141846
v 0.03985914587974548 12.223104476928711 3.419222116470337
v 6.954534530639648 12.97470760345459 3.1170058250427246
v 4.498811721801758 13.339608192443848 1.3250665664672852
v -2.061004400253296 11.419032096862793 1.0438024997711182
v -3.2961513996124268 9.190534591674805 0.331191748380661
v 4.160635471343994 10.909481048583984 3.109715223312378
v 4.2452239990234375 13.384941101074219 4.803389072418213
v 4.6355462074279785 12.915878295898438 3.498213529586792
v -0.2374293953180313 10.280843734741211 3.987593412399292
v 3.174118757247925 13.080954551696777 2.8396499156951904
v 3.4011926651000977 10.282095909118652 2.0174481868743896
v 3.0879082679748535 14.291641235351562 2.386867046356201
v -2.5397815704345703 12.980072975158691 2.1406760215759277
v -2.9572641849517822 8.55479621887207 3.4441590309143066
v -0.9431347846984863 7.632693767547607 -0.1407889723777771
v 0.6244114637374878 11.879135131835938 3.808588743209839
v 2.892333984375 13.026963233947754 2.8359622955322266
v 0.7878078818321228 11.034239768981934 1.2542901039123535
v 2.393188238143921 8.1514310836792 0.04626331105828285
v 4.589298725128174 11.304486274719238 2.9231252670288086
v -1.0528690814971924 8.445700645446777 3.9362192153930664
v 0.12269619107246399 10.414039611816406 3.2776339054107666
v 7.0423173904418945 13.901079177856445 1.8499717712402344
v -0.2815859913825989 11.459287643432617 3.6767427921295166
v -0.8394045829772949 7.6005940437316895 4.230007171630859
v 2.3632094860076904 9.621153831481934 4.181436538696289
v 2.7745108604431152 8.290075302124023 4.45395040512085
v 2.1025009155273438 10.22849178314209 2.7355196475982666
v 7.198746681213379 14.622426986694336 2.635333776473999
v -0.9041981101036072 8.964077949523926 4.290210247039795
v 5.4079365730285645 12.882975578308105 3.4218432903289795
v 4.261231422424316 12.570735931396484 5.133242607116699
v 3.9694178104400635 8.340782165527344 1.1961679458618164
v 7.035575866699219 12.887747764587402 2.3002073764801025
v 5.38709020614624 15.318544387817383 3.1276371479034424
v -0.1711854338645935 10.0177640914917 1.783193588256836
v 3.962308645248413 12.854411125183105 5.331279754638672
v -1.1961101293563843 8.396197319030762 0.8294388055801392
v 1.4049749374389648 8.198978424072266 0.5040336847305298
v -0.3951747417449951 8.555367469787598 0.7627382874488831
v 5.455338478088379 15.211999893188477 2.1608123779296875
v 5.4971537590026855 15.546649932861328 3.6622538566589355
v -0.3530271053314209 9.42458438873291 4.321528911590576
v 5.284260272979736 8.423101425170898 1.5322407484054565
v -1.1805150508880615 10.157143592834473 2.3532395362854004
v -0.04159320518374443 10.766904830932617 3.6758008003234863
v 4.206219673156738 11.85059642791748 1.3330817222595215
v 6.884034156799316 13.478775024414062 3.573395013809204
v 0.9078190326690674 7.472799777984619 4.489656448364258
v 5.374142646789551 8.641905784606934 0.4805600643157959
v -0.5086464881896973 8.652710914611816 3.287369728088379
v 2.100724458694458 8.216748237609863 4.048093318939209
v 6.91256046295166 13.210543632507324 3.460970163345337
v 4.062224388122559 8.323756217956543 4.007994651794434
v 2.2196097373962402 8.833733558654785 1.2416839599609375
v -0.3040843605995178 7.497988224029541 0.09928663820028305
v 0.5319187641143799 8.240379333496094 4.654855251312256
v 4.4118876457214355 13.104165077209473 0.40838441252708435
v 4.072338104248047 12.729496002197266 3.025972843170166
v 2.293091297149658 10.080942153930664 1.82894766330719
v 0.21383677423000336 12.722606658935547 1.4883050918579102
v 2.2722322940826416 8.791505813598633 4.480523109436035
v 2.74424409866333 8.894205093383789 0.35476839542388916
v -0.10277926921844482 8.381683349609375 0.20690228044986725
v 0.5571808815002441 11.546319961547852 1.0718697309494019
v 3.026904821395874 8.276384353637695 0.6565591096878052
v 0.378287672996521 7.48775053024292 0.8662396669387817
v -0.2247031182050705 8.30748176574707 0.6126753091812134
v 8.07764720916748 13.692705154418945 2.73677134513855
v 1.277910828590393 10.254377365112305 2.75978684425354
v -0.3643433153629303 8.456148147583008 3.5103180408477783
v -3.4104180335998535 9.03730297088623 4.314840793609619
v -2.945533275604248 9.347213745117188 -0.011847428046166897
v 2.9136462211608887 8.283222198486328 3.998563289642334
v 2.914829730987549 9.44943904876709 3.4845383167266846
v -0.17518837749958038 10.771200180053711 1.10555899143219
v 1.683796763420105 7.439269542694092 0.9858630895614624
v 4.056941032409668 12.733135223388672 3.367115020751953
v 4.283311367034912 8.535839080810547 4.776932239532471
v 4.491246700286865 7.579725742340088 4.594189643859863
v 2.2570343017578125 11.97421932220459 3.859121322631836
v 3.478566884994507 14.448053359985352 2.5362679958343506
v 5.493160724639893 9.539813041687012 0.97203528881073
v -1.8522292375564575 12.755303382873535 2.048767328262329
v -2.8223912715911865 12.39453125 1.7102104425430298
v 3.224618911743164 7.396843910217285 4.273107051849365
v -2.698399305343628 9.09900188446045 1.0731462240219116
v 4.869481086730957 14.962347030639648 1.9000160694122314
v 4.893696308135986 7.854301929473877 3.6438496112823486
v 3.6098601818084717 14.273510932922363 1.993341088294983
v 2.9394426345825195 8.371960639953613 1.2038979530334473
v 4.22235631942749 12.183899879455566 3.4480652809143066
v 0.49203428626060486 8.2411470413208 4.210825443267822
v -1.9680211544036865 7.934042453765869 4.539765357971191
v 4.02130126953125 11.797443389892578 3.3952624797821045
v 5.18489408493042 9.151947021484375 0.355174720287323
v -2.6858298778533936 7.943382263183594 0.6478404402732849
v 3.96109938621521 13.89007568359375 2.555490255355835
v -0.4816218316555023 8.291773796081543 4.134906768798828
v -0.16470348834991455 10.362614631652832 3.1139631271362305
v -2.960319995880127 9.129719734191895 4.400245666503906
v 3.456045389175415 13.877196311950684 2.501060962677002
v -0.38552480936050415 10.124516487121582 2.1583805084228516
v -1.5598270893096924 8.556168556213379 0.581895649433136
v 0.47495099902153015 10.66674518585205 1.3283437490463257
v 0.4867067039012909 10.16049861907959 0.9270566701889038
v 2.235424757003784 8.771278381347656 3.2575080394744873
v 2.409538507461548 8.952570915222168 4.458430290222168
v 1.0335854291915894 7.459554195404053 4.494678497314453
v 3.7213234901428223 7.474725246429443 4.76597261428833
v 7.038523197174072 13.14934253692627 1.960271954536438
v 2.6589882373809814 10.202314376831055 1.8921172618865967
v 0.32997801899909973 12.210552215576172 3.4751689434051514
v 2.459392786026001 9.011285781860352 0.37703070044517517
v -3.010895252227783 8.637077331542969 3.4397177696228027
v 5.83618688583374 15.030133247375488 1.9917850494384766
v 2.925245761871338 10.368398666381836 1.1685439348220825
v -1.3420023918151855 12.698094367980957 2.9749715328216553
v -0.021436139941215515 12.529786109924316 3.113926887512207
v 2.6662404537200928 10.599736213684082 3.519517660140991
v -3.7087225914001465 9.417692184448242 4.4683027267456055
v -3.2652082443237305 9.466720581054688 4.394121170043945
v -3.777301549911499 9.742244720458984 4.2855939865112305
v 4.320775032043457 12.66796588897705 0.807115912437439
v 2.3382837772369385 7.960323810577393 3.601595401763916
v 5.46260404586792 15.186601638793945 4.060873985290527
v 5.572615623474121 15.390772819519043 3.354267120361328
v 4.955723762512207 14.343403816223145 1.5267459154129028
v -0.4772762060165405 11.193324089050293 3.268833875656128
v 2.780236005783081 9.846487045288086 3.9523563385009766
v 5.050999164581299 8.397873878479004 5.081118583679199
v 0.5213521122932434 10.137197494506836 1.4273488521575928
v -3.466817617416382 9.155901908874512 4.5065131187438965
v -1.4188295602798462 12.813294410705566 1.9234694242477417
v 1.9887181520462036 10.623294830322266 3.379262924194336
v -2.687969207763672 10.89507007598877 1.9559366703033447
v 0.8879290819168091 11.440940856933594 3.877790689468384
v 5.379682540893555 15.41925048828125 3.2461302280426025
v 1.8635460138320923 9.42739486694336 3.6982572078704834
v -0.8591671586036682 8.399426460266113 4.577354907989502
v 4.047230243682861 13.122117042541504 3.3605356216430664
v 4.516933441162109 14.884871482849121 2.541316032409668
v 4.062281131744385 14.495484352111816 2.356402635574341
v 7.935472011566162 13.900007247924805 2.950514793395996
v 2.627206802368164 8.727892875671387 0.3311130702495575
v 4.16673469543457 8.454573631286621 0.4716622829437256
v 4.601036071777344 7.665897846221924 0.9522027969360352
v 0.4560616612434387 11.288773536682129 1.1704208850860596
v 0.37354037165641785 12.015522003173828 1.0292763710021973
v -0.7041229009628296 12.092477798461914 0.870197594165802
v 4.335084915161133 13.11717700958252 0.7501346468925476
v 5.377127647399902 14.75224494934082 3.4929697513580322
v -0.20872291922569275 7.526205062866211 -0.1033819317817688
v 2.0927226543426514 8.127021789550781 4.21144962310791
v 5.440751075744629 8.78346061706543 4.468397617340088
v 3.287792205810547 11.100147247314453 3.5479073524475098
v 2.8760435581207275 7.449155330657959 0.5290312170982361
v 3.878316640853882 13.015395164489746 3.4405770301818848
v 7.872006893157959 13.062982559204102 2.759432792663574
v -0.0666445940732956 7.498558521270752 -0.09144143760204315
v -3.131835460662842 8.333990097045898 3.80537748336792
v -0.08606194704771042 10.717288970947266 3.5087103843688965
v 0.12211436033248901 10.326517105102539 3.317016363143921
v 5.8108625411987305 15.105725288391113 3.280362844467163
v 2.4147655963897705 9.289725303649902 0.48445895314216614
v 0.6608463525772095 7.9759087562561035 1.047621726989746
v -0.10961216688156128 7.427108287811279 0.6697957515716553
v 5.535651683807373 15.128493309020996 3.258530855178833
v 1.066461443901062 12.56086254119873 1.598526120185852
v -0.29740726947784424 12.98117446899414 2.3039591312408447
v 4.095760345458984 13.123847007751465 2.6281769275665283
v 1.9455782175064087 9.006072998046875 4.1856865882873535
v 4.857104301452637 8.676294326782227 4.91381311416626
v 4.000842094421387 8.172449111938477 1.3385186195373535
v 5.644691467285156 15.469511032104492 2.177621364593506
v 4.641270637512207 7.7898478507995605 3.648484706878662
v 6.183810710906982 14.49401569366455 1.7792335748672485
v 1.3799649477005005 8.235688209533691 4.091670989990234
v 4.843057632446289 8.407485008239746 1.4777312278747559
v 3.8551013469696045 13.771855354309082 2.5358870029449463
v 4.440916061401367 10.980731010437012 2.190248727798462
v 5.227237224578857 15.098811149597168 1.844206690788269
v -1.0476917028427124 7.92764949798584 3.5540828704833984
v 5.396496772766113 8.371281623840332 0.59225994348526
v 0.1723620891571045 10.375216484069824 3.148603916168213
v 2.165663957595825 9.928361892700195 4.021862506866455
v 0.43152064085006714 8.658738136291504 0.8924060463905334
v 4.657967567443848 8.240798950195312 4.937789440155029
v 4.6795220375061035 12.297088623046875 1.4424149990081787
v 2.507230520248413 10.89885139465332 1.1801080703735352
v 0.7986815571784973 12.760801315307617 2.376744031906128
v -2.5423011779785156 8.32247543334961 4.629444122314453
v -3.433101177215576 8.753934860229492 4.074768543243408
v 0.426170289516449 10.86616039276123 1.6300491094589233
v 1.9873851537704468 10.769984245300293 3.162696123123169
v 7.900212287902832 13.192628860473633 2.939422845840454
v 0.07007817924022675 12.855584144592285 2.3171579837799072
v 5.90900993347168 14.61669635772705 1.736843228340149
v 5.205780982971191 7.999658107757568 4.293891906738281
v -2.618647813796997 9.537474632263184 4.343776226043701
v 7.215361595153809 13.12067699432373 3.346947431564331
v 1.2320398092269897 11.460095405578613 3.9020721912384033
v 4.109246253967285 12.794170379638672 5.333069801330566
v 2.0429036617279053 8.106250762939453 0.9702271223068237
v 0.07705498486757278 9.335784912109375 3.6156070232391357
v -0.5366608500480652 10.793962478637695 1.1016108989715576
v -2.1572370529174805 13.00869083404541 1.7705656290054321
v 4.224228382110596 13.128291130065918 0.6895692348480225
v -3.190145254135132 8.8035306930542 3.4083433151245117
v 3.685753107070923 8.340569496154785 0.4473883807659149
v 4.074448108673096 12.325385093688965 1.2178391218185425
v 0.5941556692123413 8.165932655334473 3.808201551437378
v 1.5200202465057373 10.926996231079102 1.3597098588943481
v 2.7430214881896973 7.841344833374023 4.821102142333984
v 1.4506399631500244 8.239846229553223 0.3251917362213135
v -3.8230342864990234 9.63202953338623 3.6802523136138916
v -2.3192479610443115 8.91084098815918 -0.167815700173378
v 5.842657566070557 8.654571533203125 1.5923320055007935
v 0.12044030427932739 9.208683013916016 0.1823333352804184
v 0.21048814058303833 10.828255653381348 1.2015498876571655
v 4.820066928863525 15.121634483337402 2.924924612045288
v 4.429367542266846 11.13343334197998 1.9341981410980225
v 4.256953716278076 13.129456520080566 0.1958184838294983
v 4.217492580413818 12.6910400390625 2.8153021335601807
v 1.4625343084335327 11.461284637451172 1.161833643913269
v -1.1861246824264526 7.694515705108643 4.454178333282471
v 2.1909468173980713 8.564780235290527 0.6590934991836548
v 2.737002372741699 7.943837642669678 1.219629168510437
v 5.392797470092773 15.535141944885254 3.70839786529541
v 4.582874774932861 7.605535507202148 4.5815205574035645
v -0.6095110177993774 11.036972045898438 2.9258151054382324
v 2.0183329582214355 8.12802505493164 3.94022274017334
v -2.343216896057129 8.012614250183105 4.245697975158691
v 4.276089191436768 12.677992820739746 1.6759713888168335
v 2.8971996307373047 9.59376049041748 3.870218515396118
v -0.6759982705116272 8.747403144836426 3.2708775997161865
v -2.3579463958740234 9.3349609375 3.610015392303467
v 5.250300407409668 9.044387817382812 0.459221750497818
v 2.758688449859619 8.245802879333496 0.4800584614276886
v 2.432145118713379 9.185194969177246 4.3535284996032715
v -1.9839081764221191 7.745721817016602 -0.14310388267040253
v -1.5103237628936768 7.802768230438232 4.613040924072266
v -1.048398733139038 8.766666412353516 3.641376256942749
v -3.3650755882263184 12.693745613098145 1.6510348320007324
v -2.0387420654296875 8.686161041259766 3.6618335247039795
v 5.650198459625244 15.142770767211914 1.5805394649505615
v -0.9389134049415588 10.114812850952148 2.062936305999756
v 0.5100472569465637 10.677508354187012 3.5366528034210205
v 3.914567232131958 12.796831130981445 3.380328416824341
v -2.5344560146331787 9.304118156433105 0.6379347443580627
v 5.838315486907959 15.150285720825195 2.1025474071502686
v -3.753011703491211 9.066828727722168 3.7136104106903076
v 5.573095321655273 15.398017883300781 3.8858275413513184
v -3.2626209259033203 9.064652442932129 4.23142671585083
v 0.2675040662288666 9.719108581542969 1.6450239419937134
v -1.3131132125854492 8.4781494140625 4.291934967041016
v 2.1868832111358643 8.075657844543457 4.264023780822754
v -0.033571790903806686 8.733335494995117 0.07941220700740814
v 5.431381702423096 8.627720832824707 4.690851211547852
v 1.274543046951294 11.031517028808594 3.773698568344116
v -3.028857469558716 8.337427139282227 0.39115825295448303
v 2.171983242034912 7.446296215057373 1.0091923475265503
v 2.232370615005493 8.226847648620605 4.422215461730957
v -2.395585298538208 9.174911499023438 0.0370502769947052
v -3.2004237174987793 9.232502937316895 4.193663120269775
v 3.5154294967651367 7.577390670776367 3.7480223178863525
v -0.331725537776947 8.582321166992188 3.4378509521484375
v 1.0252875089645386 8.221519470214844 4.086069107055664
v -0.76456618309021 7.598608493804932 4.239161014556885
v 5.56648588180542 8.969648361206055 0.43615293502807617
v -2.9340572357177734 12.745296478271484 1.7112571001052856
v 0.09754075855016708 10.288111686706543 1.7139782905578613
v 4.230359077453613 13.128499031066895 0.5970652103424072
v -0.34381717443466187 12.83139705657959 1.4446464776992798
v 3.048088788986206 8.171106338500977 0.098941370844841
v -1.1567851305007935 12.93544864654541 2.6226441860198975
v 6.0374860763549805 14.235880851745605 1.6778162717819214
v 2.809532642364502 8.256956100463867 0.2231123149394989
v 2.815812587738037 8.291524887084961 4.234913349151611
v 6.722568511962891 13.203950881958008 3.4395177364349365
v 1.394865870475769 7.353444576263428 3.9689934253692627
v 5.213703155517578 8.089628219604492 4.1125288009643555
v 2.32831072807312 8.276744842529297 4.263383865356445
v 2.6223068237304688 10.281621932983398 0.8073762655258179
v 4.317147254943848 7.593092918395996 0.8725860118865967
v 8.085049629211426 13.70669937133789 2.6137750148773193
v 4.006162166595459 12.793208122253418 1.39111328125
v 2.2725419998168945 8.112857818603516 4.789348602294922
v 4.489102840423584 11.434571266174316 1.6930075883865356
v -0.16861015558242798 8.031052589416504 3.611445188522339
v 0.47652724385261536 8.564058303833008 0.4809255301952362
v 2.0241100788116455 8.388341903686523 4.324934959411621
v -2.955632448196411 8.876893997192383 -0.4324105679988861
v 2.6230533123016357 8.877272605895996 1.536279320716858
v -2.1634106636047363 11.009561538696289 2.9899604320526123
v 2.78243088722229 9.09720516204834 4.204619884490967
v 7.335453033447266 13.703680038452148 3.4701128005981445
v 4.487173080444336 8.847616195678711 1.5247151851654053
v 3.085383176803589 8.545675277709961 0.5885230302810669
v 4.621060371398926 8.664931297302246 4.772833824157715
v -1.7393507957458496 7.698519229888916 0.6432965397834778
v -2.489614963531494 8.637730598449707 -0.3592897057533264
v 0.4183114171028137 8.437902450561523 0.4676065444946289
v 6.596502780914307 14.800603866577148 3.3323261737823486
v 6.618070602416992 13.3734130859375 3.5478909015655518
v 0.5069310665130615 8.875608444213867 0.8459837436676025
v -0.17666417360305786 7.575490474700928 3.715043306350708
v -0.5129688382148743 8.922087669372559 0.7205533981323242
v 5.234537124633789 15.40889835357666 1.9995274543762207
v 1.9893310070037842 10.508501052856445 3.5262086391448975
v 4.010809898376465 14.531679153442383 2.551323175430298
v 5.33177375793457 13.992449760437012 1.4688034057617188
v -2.313509225845337 12.697572708129883 2.164719581604004
v 4.933815956115723 9.105406761169434 4.034658432006836
v -2.967505931854248 8.690343856811523 -0.468732625246048
v 2.5629961490631104 8.878658294677734 0.3355782628059387
v 7.8821330070495605 13.70205307006836 3.1491587162017822
v 0.8087445497512817 10.218792915344238 2.298165798187256
v -2.7781009674072266 11.234099388122559 1.9287686347961426
v 4.359160423278809 14.64425277709961 2.5047590732574463
v 4.837210178375244 14.722033500671387 1.7506213188171387
v 7.250462055206299 12.862459182739258 2.8511416912078857
v 2.726484775543213 8.778671264648438 3.399932622909546
v -0.9674505591392517 9.817381858825684 3.54379940032959
v -3.3392996788024902 12.673710823059082 1.6567455530166626
v -1.024999737739563 8.46519947052002 0.6257230043411255
v 5.874135494232178 15.029199600219727 2.000943660736084
v -2.179131507873535 8.369375228881836 -0.244915172457695
v 7.222060203552246 14.604680061340332 2.7809367179870605
v -0.00791009608656168 8.631861686706543 0.1023210734128952
v 2.8120388984680176 7.685214042663574 1.21758234500885
v 0.1960468888282776 8.277012825012207 0.8115603923797607
v 4.149092197418213 13.125667572021484 1.8233710527420044
v -3.876757860183716 9.209453582763672 3.673088312149048
v 4.584451675415039 12.86131763458252 3.4989278316497803
v 0.3635234236717224 9.740943908691406 0.5359687209129333
v 5.333836078643799 14.614567756652832 3.7940833568573
v -3.521937847137451 8.899868965148926 0.26983746886253357
v -1.6991323232650757 11.879402160644531 3.373875379562378
v -2.75508451461792 8.497004508972168 -0.0817568302154541
v -2.465953826904297 12.760333061218262 1.7337777614593506
v 4.853766441345215 14.315876007080078 3.4608945846557617
v 2.240299940109253 7.97302770614624 3.991217851638794
v 2.173525810241699 9.86861801147461 4.0505452156066895
v 3.396400213241577 8.17116641998291 0.12960195541381836
v -2.7678966522216797 12.639650344848633 1.6675286293029785
v 0.5397492051124573 11.048264503479004 3.7143940925598145
v -3.7200119495391846 9.169811248779297 4.2764129638671875
v 5.552018642425537 15.672685623168945 1.96786367893219
v -2.633263111114502 8.012245178222656 0.18492363393306732
v 1.8779640197753906 9.572010040283203 3.361510992050171
v -0.4296741783618927 10.239999771118164 1.6052358150482178
v 0.5104407072067261 11.072860717773438 1.2004022598266602
v 4.077191352844238 11.466754913330078 3.2778027057647705
v 7.819971084594727 13.496726989746094 3.236607551574707
v -2.7108161449432373 11.643264770507812 2.4100706577301025
v -2.964256763458252 9.271592140197754 4.513241291046143
v 1.6632332801818848 7.641307830810547 1.1319847106933594
v 5.379377365112305 14.826994895935059 1.5730952024459839
v 3.2702980041503906 8.339210510253906 4.252719402313232
v -0.22361502051353455 10.457063674926758 3.915604591369629
v 5.899688243865967 15.027398109436035 2.0065507888793945
v 2.616833209991455 9.673775672912598 4.120827674865723
v 0.8151472806930542 8.260390281677246 4.430014610290527
v 3.2417261600494385 14.443205833435059 2.0400352478027344
v 3.8094089031219482 12.83815860748291 5.232529640197754
v 0.1338690221309662 11.606027603149414 1.0044289827346802
v 3.268904447555542 13.564225196838379 2.0103659629821777
v -2.445051908493042 10.71599292755127 1.6374648809432983
v -0.21535290777683258 7.437157154083252 3.921194076538086
v 2.8475804328918457 9.991416931152344 3.7232635021209717
v 5.584887981414795 14.679363250732422 3.605660915374756
v 5.528302192687988 15.28759479522705 2.127063512802124
v 0.7363142371177673 12.608333587646484 1.5646322965621948
v 4.331841468811035 13.117340087890625 0.8003875613212585
v 4.06677770614624 13.122796058654785 3.065459966659546
v 6.85139274597168 13.922747611999512 1.807580828666687
v -3.773991584777832 9.09009075164795 3.708451509475708
v 1.5464222431182861 7.919590473175049 1.0929139852523804
v 4.4474778175354 7.908881187438965 4.80356502532959
v 0.45939475297927856 12.473196983337402 3.1660878658294678
v 5.653559684753418 14.975531578063965 1.4608612060546875
v -3.221865177154541 9.835982322692871 3.3765463829040527
v 0.0992603674530983 10.563898086547852 3.5028433799743652
v 0.2218209207057953 10.693608283996582 1.0422232151031494
v -0.05413779243826866 9.42379379272461 0.29418227076530457
v -1.1351404190063477 11.097444534301758 3.476238489151001
v 3.5144522190093994 8.354220390319824 4.241997718811035
v -2.7520995140075684 9.687872886657715 4.313519477844238
v -2.1259114742279053 8.835270881652832 0.7928946614265442
v 5.412228107452393 8.710333824157715 0.6473724842071533
v 2.7213187217712402 10.58933162689209 2.9129743576049805
v 3.6139206886291504 8.316126823425293 0.7829833626747131
v 6.437061786651611 13.976865768432617 3.643357753753662
v -1.71596360206604 12.33638858795166 3.2250900268554688
v 4.140568733215332 12.70820140838623 4.311044216156006
v 5.589282035827637 15.279889106750488 1.6007416248321533
v 3.7000482082366943 13.142053604125977 4.926788330078125
v 5.149993419647217 12.446121215820312 3.2872931957244873
v -1.3600810766220093 8.40320873260498 -0.20690974593162537
v 0.17820680141448975 12.881340980529785 1.8852636814117432
v 4.397255897521973 12.822000503540039 2.7043635845184326
v 5.7710371017456055 15.323860168457031 2.732409715652466
v -1.169433832168579 7.874852180480957 -0.2727494239807129
v 2.8925564289093018 9.84587287902832 3.5996687412261963
v -1.7967859506607056 8.629010200500488 4.035520076751709
v 4.052002906799316 7.662887096405029 3.716059923171997
v 2.96598744392395 7.385189056396484 4.262820720672607
v 4.013855457305908 14.130064010620117 2.958623170852661
v 1.5935531854629517 12.512889862060547 3.2725765705108643
v -2.088376045227051 8.694873809814453 0.16387465596199036
v -0.575678825378418 7.769127368927002 0.9722863435745239
v 5.578860759735107 15.330368995666504 1.3440951108932495
v -1.0740687847137451 9.012654304504395 3.79951548576355
v 0.09046196937561035 8.346796035766602 0.24137116968631744
v -0.49514374136924744 10.243370056152344 4.015276908874512
v 3.8558168411254883 13.636022567749023 3.1313352584838867
v -1.9510676860809326 10.802124977111816 2.9917244911193848
v -1.6276618242263794 12.856703758239746 2.2237160205841064
v 1.9935752153396606 7.322979927062988 0.778901219367981
v 1.7084863185882568 10.64792251586914 3.5368857383728027
v -2.159397840499878 7.9047393798828125 0.8329779505729675
v 0.24061399698257446 8.348721504211426 0.8925748467445374
v 4.1653618812561035 14.48574161529541 2.620737314224243
v -0.772516131401062 13.018960952758789 1.8377755880355835
v 3.007998466491699 10.019866943359375 1.526990294456482
v -0.3665919601917267 9.043930053710938 4.3203277587890625
v 2.47714900970459 10.173070907592773 2.0212550163269043
v 3.008636236190796 13.283273696899414 2.2104618549346924
v -0.4351394474506378 7.454597473144531 0.6545413136482239
v 1.4058202505111694 10.199335098266602 2.3819541931152344
v 4.129980564117432 13.126163482666016 3.9279544353485107
v 0.12866514921188354 7.961251258850098 -0.176144078373909
v 0.158401221036911 7.559776306152344 3.726296901702881
v 1.9804694652557373 10.50023365020752 1.238781452178955
v -1.2127063274383545 12.8004789352417 1.366576910018921
v -2.1471052169799805 13.329916954040527 1.82462739944458
v -0.2678404748439789 11.070672035217285 3.6049537658691406
v 3.9146077632904053 12.90714168548584 -0.2801077365875244
v 4.310519695281982 14.371713638305664 2.5562191009521484
v -1.46445631980896 11.614307403564453 0.7623733282089233
v 0.12269619107246399 10.410687446594238 3.2791671752929688
v 3.989274740219116 12.916641235351562 0.928873598575592
v -2.6377556324005127 11.207393646240234 1.5148158073425293
v -2.8145668506622314 12.477810859680176 2.1456315517425537
v -2.047950506210327 12.031947135925293 1.1618342399597168
v -2.0056490898132324 12.9524507522583 1.785646677017212
v 0.133408322930336 8.015090942382812 3.6317615509033203
v 2.081207275390625 10.423545837402344 1.0529062747955322
v -0.6465235948562622 8.401300430297852 3.4463839530944824
v 4.084591865539551 13.128040313720703 4.631235122680664
v 5.51081657409668 15.519102096557617 3.489325523376465
v -2.684739828109741 9.375517845153809 0.5906692147254944
v 4.483312129974365 7.764005661010742 0.6235261559486389
v -0.32765787839889526 10.828733444213867 1.441827416419983
v 0.09764014184474945 10.675058364868164 3.4483530521392822
v 2.589672565460205 11.191421508789062 1.165324091911316
v 2.7061848640441895 8.584064483642578 4.405680179595947
v -2.38356351852417 11.168394088745117 1.269872784614563
v -1.4801130294799805 12.844228744506836 1.8512974977493286
v 5.512118816375732 12.745052337646484 1.9244322776794434
v 5.056492328643799 8.51258373260498 3.522402048110962
v -3.1817214488983154 9.481938362121582 4.51223087310791
v 4.617686748504639 8.005475044250488 4.824660301208496
v 3.9497931003570557 12.571706771850586 4.651762008666992
v 5.798561096191406 8.743081092834473 0.5041320323944092
v -0.14176304638385773 8.967320442199707 3.3012986183166504
v 5.3812479972839355 15.61597728729248 2.0942251682281494
v -0.9778081178665161 8.639156341552734 4.2307233810424805
v 0.19706355035305023 9.635383605957031 0.38404011726379395
v 5.603031635284424 15.170705795288086 2.0572407245635986
v 2.5987415313720703 9.326010704040527 0.43831977248191833
v 4.735320091247559 7.676270008087158 3.873026132583618
v -3.1115362644195557 8.562856674194336 0.981003999710083
v 2.115079641342163 10.680211067199707 3.4672842025756836
v 3.902282476425171 7.620304107666016 0.4686521887779236
v -1.8434816598892212 12.753710746765137 2.326335906982422
v 3.023176670074463 12.96491813659668 3.0289793014526367
v 2.305400848388672 8.0736665725708 3.7364633083343506
v -1.6394500732421875 12.493425369262695 1.7586256265640259
v 5.020185947418213 9.445268630981445 0.6982682943344116
v -0.18222367763519287 8.326658248901367 0.8385741710662842
v 3.047715187072754 13.188750267028809 2.5301287174224854
v 3.66795015335083 11.11618423461914 3.3489766120910645
v 2.5213704109191895 7.675512790679932 1.1901912689208984
v 2.2549843788146973 11.07263469696045 1.4928547143936157
v 2.6116092205047607 9.717596054077148 4.101626396179199
v 4.238523483276367 13.12137222290039 2.24615478515625
v 2.114724636077881 10.622036933898926 1.1656807661056519
v 0.6802595853805542 7.493895530700684 3.719377040863037
v -0.3442654609680176 7.5533857345581055 0.8839441537857056
v 4.418252944946289 8.853364944458008 1.0566426515579224
v 2.904254198074341 9.672501564025879 3.6618595123291016
v -2.1991326808929443 9.016631126403809 0.8021377325057983
v 3.086268186569214 13.045708656311035 2.827921152114868
v 0.07941803336143494 8.302311897277832 0.24612417817115784
v 0.09907298535108566 10.411083221435547 3.5720367431640625
v 1.89490807056427 8.897407531738281 3.9585328102111816
v 2.095168113708496 9.88098430633545 0.8369068503379822
v 5.2385478019714355 14.655126571655273 3.7010295391082764
v 4.528867244720459 13.203664779663086 3.4679830074310303
v -0.43979981541633606 9.964077949523926 0.9028008580207825
v 2.6784350872039795 9.95666217803955 1.806501030921936
v 4.1280198097229 12.711018562316895 4.555107593536377
v 5.359371185302734 8.960467338562012 4.037241458892822
v 5.5767011642456055 15.0820951461792 4.038957118988037
v 3.636705160140991 13.667106628417969 2.0139386653900146
v 5.483413219451904 15.210542678833008 3.3376994132995605
v -2.1521925926208496 8.910887718200684 0.797549843788147
v -2.942596435546875 9.702990531921387 4.413145542144775
v 4.43357515335083 14.979864120483398 1.9863383769989014
v 1.8663806915283203 11.930354118347168 3.9058749675750732
v 4.152667045593262 10.656920433044434 2.1940157413482666
v 4.536134719848633 12.995050430297852 4.692773818969727
v 6.152413368225098 14.51900577545166 1.5913861989974976
v -2.866942882537842 9.638707160949707 4.434356689453125
v 4.734192848205566 8.296988487243652 4.862249374389648
v -3.41092586517334 8.556474685668945 0.8595967292785645
v 5.161468505859375 13.967068672180176 3.5689165592193604
v -2.362736940383911 8.476312637329102 1.0236210823059082
v 2.9906387329101562 10.679075241088867 3.5049936771392822
v -0.259151816368103 8.66400146484375 1.125291109085083
v 2.0812113285064697 9.069222450256348 0.800519585609436
v 5.8986496925354 9.386096954345703 0.7374498248100281
v 4.074209690093994 13.234704971313477 -0.16975738108158112
v 2.507601022720337 8.897844314575195 1.5141035318374634
v 4.585175514221191 13.104039192199707 -0.3652006685733795
v 2.625249147415161 8.5162353515625 1.3668652772903442
v 5.391838073730469 12.870563507080078 3.421996593475342
v -0.2519110143184662 8.868309020996094 0.19253972172737122
v 3.381263256072998 13.472199440002441 2.5156896114349365
v -1.1977033615112305 7.66208553314209 -0.1742054969072342
v 0.5167968273162842 7.441830635070801 0.40956050157546997
v -2.004746437072754 13.18321704864502 1.8110765218734741
v 2.9617819786071777 10.184076309204102 2.0875027179718018
v 1.8577427864074707 12.742071151733398 2.0259737968444824
v 3.80322003364563 13.318909645080566 1.44158935546875
v 5.387684345245361 15.155313491821289 2.021771192550659
v 3.1463325023651123 11.652847290039062 1.0375633239746094
v 5.984027862548828 9.325409889221191 0.7325777411460876
v 2.193293809890747 10.871702194213867 1.3310872316360474
v 4.038401126861572 7.660863399505615 3.7158849239349365
v -2.6763486862182617 11.875908851623535 2.257918357849121
v -1.2284612655639648 12.370939254760742 3.325909376144409
v 7.695127964019775 14.280916213989258 2.7037901878356934
v -0.3694876730442047 8.532395362854004 0.8095519542694092
v 4.8185200691223145 12.423365592956543 3.3994698524475098
v -3.3672561645507812 12.542913436889648 1.6640945672988892
v -0.7998135685920715 9.421910285949707 3.164414882659912
v 3.609957456588745 12.553483963012695 1.1384015083312988
v 3.4724557399749756 12.427364349365234 1.1047441959381104
v 2.6864728927612305 7.921890735626221 0.03469085693359375
v 3.823864698410034 12.903079986572266 4.317110061645508
v -1.6799468994140625 8.31493854522705 0.9736777544021606
v 1.8639466762542725 9.33881950378418 3.4730353355407715
v 5.475183010101318 15.3335599899292 1.98514723777771
v 0.502898633480072 8.845821380615234 0.5532492399215698
v 4.398544788360596 13.232860565185547 5.087871074676514
v -2.325188398361206 12.702576637268066 1.7626632452011108
v 3.724855899810791 11.490160942077637 3.381939172744751
v 2.6953039169311523 10.98573112487793 1.3303247690200806
v -0.148067444562912 8.951493263244629 4.146305084228516
v 2.63352108001709 9.482650756835938 4.216540336608887
v 2.7977283000946045 10.612197875976562 1.1325510740280151
v 6.275723457336426 15.043074607849121 2.2084739208221436
v 0.48417025804519653 7.5608811378479 -0.10167422890663147
v 5.259863376617432 15.25174617767334 1.814684510231018
v 1.8491038084030151 7.871989727020264 -0.056721486151218414
v 2.934870719909668 8.272028923034668 1.094977855682373
v -0.20867063105106354 10.365790367126465 0.7926405072212219
v 2.82305645942688 8.736361503601074 1.4582279920578003
v 4.145124912261963 14.369832992553711 2.9415109157562256
v 4.035434246063232 13.253839492797852 -0.1260935664176941
v 1.9999592304229736 10.304004669189453 3.7055156230926514
v -2.043391227722168 11.97566032409668 1.1403892040252686
v 2.183675765991211 7.387855529785156 4.71449089050293
v 0.5351400971412659 8.935027122497559 0.7599616050720215
v -2.504617929458618 8.321223258972168 -0.2662690281867981
v 2.4218926429748535 7.92647647857666 0.010844540782272816
v -0.5381677150726318 9.540740013122559 3.0204663276672363
v 2.534219264984131 7.924389839172363 0.02127714268863201
v 5.2253522872924805 15.120227813720703 1.7649067640304565
v 2.1248393058776855 9.505826950073242 1.4892135858535767
v 4.844912528991699 13.65787410736084 3.4992570877075195
v 5.091530799865723 8.924986839294434 4.727321147918701
v 0.31500256061553955 8.005890846252441 3.6361513137817383
v 3.657862424850464 12.386557579040527 3.495431661605835
v 2.4716217517852783 9.879042625427246 0.6269524097442627
v 1.710038661956787 8.230998039245605 4.42192268371582
v 3.5563347339630127 13.602437973022461 2.5814242362976074
v 5.579914569854736 14.621423721313477 1.697731614112854
v 2.675076484680176 8.20292854309082 3.7831850051879883
v 3.10626482963562 14.165862083435059 1.9903408288955688
v -1.147258996963501 7.567992210388184 0.3025971055030823
v -1.110345721244812 11.6433687210083 0.7899777293205261
v 7.640676975250244 13.570664405822754 3.3677546977996826
v 4.069013595581055 12.730281829833984 3.0996253490448
v 4.64288330078125 8.441060066223145 5.025359153747559
v 2.4116835594177246 8.160167694091797 0.8080580234527588
v -3.0309669971466064 9.375959396362305 0.5741677284240723
v 7.813946723937988 14.133438110351562 2.7715890407562256
v -3.41776967048645 12.781147956848145 1.6407275199890137
v -3.113571882247925 8.749593734741211 3.4242515563964844
v 2.477754831314087 9.589035987854004 1.7207874059677124
v 0.3735455274581909 9.968353271484375 0.6593802571296692
v 2.6044254302978516 12.341421127319336 1.2704944610595703
v 6.530399322509766 14.828316688537598 2.0961203575134277
v 5.487196445465088 15.297791481018066 2.3135154247283936
v 7.234997272491455 12.847489356994629 2.7689666748046875
v 2.768801212310791 9.039046287536621 1.5860917568206787
v 4.2437028884887695 13.163864135742188 1.2736691236495972
v 6.890964508056641 13.144205093383789 1.9431151151657104
v 3.348172426223755 14.55718994140625 2.207162380218506
v -0.6058652400970459 9.038337707519531 3.1468160152435303
v 6.172523021697998 14.470900535583496 3.3945841789245605
v -2.9500489234924316 8.184613227844238 3.8637137413024902
v -1.6962413787841797 10.901359558105469 1.0662920475006104
v 4.360245704650879 12.965067863464355 3.016336441040039
v 7.482685565948486 13.660906791687012 1.9339957237243652
v 2.2895641326904297 10.035423278808594 0.7400199174880981
v 5.007658958435059 9.437219619750977 0.6928831934928894
v -0.8355010151863098 8.310901641845703 4.161855220794678
v 1.9616836309432983 10.177754402160645 3.0436172485351562
v -0.836793065071106 8.920928001403809 3.311552047729492
v 4.838041305541992 8.336787223815918 4.541774749755859
v -1.0158193111419678 8.868474006652832 3.5106287002563477
v -2.3374273777008057 12.873303413391113 1.7617093324661255
v 2.8468899726867676 8.34677791595459 0.43727102875709534
v 2.2014102935791016 8.265447616577148 3.5560758113861084
v -2.868973970413208 12.794817924499512 1.7027894258499146
v -3.2632222175598145 9.044964790344238 -0.26244261860847473
v -2.086191415786743 8.690726280212402 -0.062491148710250854
v -1.2849233150482178 8.514544486999512 0.5953259468078613
v 5.2288689613342285 8.805131912231445 0.6940639615058899
v 3.3724746704101562 8.214372634887695 1.12100088596344
v 4.206546783447266 15.187155723571777 2.0742924213409424
v 5.5622453689575195 15.408708572387695 1.9569522142410278
v 0.517729640007019 8.170105934143066 3.8068299293518066
v 3.4931604862213135 8.173315048217773 4.820267677307129
v 6.5136494636535645 14.840384483337402 3.3467705249786377
v 6.778180122375488 14.848027229309082 3.0306243896484375
v -1.733886957168579 11.834123611450195 0.9444500207901001
v 2.3224852085113525 9.533384323120117 0.5682717561721802
v 3.281198501586914 13.119746208190918 3.0723516941070557
v 0.0030235848389565945 9.423523902893066 4.0483078956604
v -0.7787713408470154 9.405378341674805 4.239596843719482
v -0.677286684513092 8.318626403808594 0.8611590266227722
v -0.1586698293685913 8.996012687683105 0.1814885437488556
v 3.9946582317352295 12.917078971862793 0.8186096549034119
v 1.9591715335845947 7.54332160949707 -0.03442758694291115
v -3.4241602420806885 8.58231258392334 0.8554835319519043
v 3.9489057064056396 7.884775638580322 3.614063262939453
v 4.475219249725342 11.048702239990234 2.1862235069274902
v -0.342182993888855 10.468854904174805 1.3285927772521973
v -2.510915756225586 8.903562545776367 4.565669536590576
v 5.486708641052246 8.015556335449219 3.7685139179229736
v -0.6968262195587158 9.261311531066895 4.301938056945801
v -1.37381112575531 8.503687858581543 4.287797927856445
v 4.220670223236084 8.60595703125 3.8172905445098877
v 5.157570838928223 14.959287643432617 1.9900727272033691
v -1.667954683303833 8.583084106445312 4.047290325164795
v -0.4689069390296936 9.05927562713623 1.053336501121521
v -2.8670494556427 8.075505256652832 0.006930115167051554
v -3.3130242824554443 9.208390235900879 0.7044473886489868
v -2.699340581893921 11.708131790161133 2.38771915435791
v 2.039229393005371 7.322689056396484 0.7823709845542908
v -2.1481244564056396 11.117049217224121 3.0287952423095703
v 5.397465705871582 15.652647972106934 2.010798215866089
v 4.319023609161377 12.725199699401855 3.4369378089904785
v 4.9170918464660645 8.106410026550293 3.569343090057373
v 4.282304763793945 12.482426643371582 -0.1472093164920807
v 2.285200357437134 10.102397918701172 0.7664114832878113
v 2.644148349761963 9.755997657775879 0.6411457061767578
v 4.624879837036133 8.54123306274414 4.814635753631592
v -1.0550644397735596 8.77338695526123 3.656231641769409
v 4.122434616088867 12.816803932189941 3.4832255840301514
v -1.9657864570617676 7.740843772888184 -0.14945019781589508
v 2.9207961559295654 13.192850112915039 2.2023088932037354
v 2.915868043899536 10.519448280334473 1.725232481956482
v 4.000707626342773 12.673983573913574 -0.2835966646671295
v 5.097746849060059 8.205910682678223 0.5018585324287415
v 5.448448657989502 8.680753707885742 0.42080527544021606
v 0.14649954438209534 7.717622756958008 1.0296268463134766
v 4.768556118011475 9.366886138916016 1.134323000907898
v -2.749321460723877 8.463629722595215 -0.1867133378982544
v -0.40683725476264954 8.77879810333252 0.3847430944442749
v 4.818338871002197 7.93879508972168 0.6972940564155579
v 4.855931282043457 8.659799575805664 4.769128322601318
v 2.4794132709503174 10.234965324401855 0.7604621648788452
v 5.452993392944336 14.701802253723145 3.4859960079193115
v 0.7675856351852417 12.339038848876953 1.3184547424316406
v 0.007366619538515806 8.195914268493652 4.716050148010254
v 2.0652098655700684 10.835539817810059 1.4377235174179077
v 4.457082271575928 14.427030563354492 1.7670809030532837
v 6.127370834350586 14.378568649291992 3.344543695449829
v 1.9646906852722168 9.740798950195312 1.1629942655563354
v 0.3727530241012573 10.165060997009277 1.682193398475647
v -0.17748309671878815 8.624560356140137 1.1523524522781372
v 5.2956743240356445 9.029532432556152 0.17603102326393127
v 1.9479568004608154 10.704963684082031 1.4524266719818115
v -1.6391119956970215 7.723766326904297 -0.20920704305171967
v 4.134647846221924 14.303227424621582 1.9565314054489136
v -0.2788466215133667 8.320040702819824 4.324585914611816
v 1.9084413051605225 10.19188404083252 3.5329318046569824
v -2.2118303775787354 8.071812629699707 4.5267744064331055
v -0.42936253547668457 9.125458717346191 1.2188293933868408
v 2.5674023628234863 10.310530662536621 3.8105838298797607
v 4.456838130950928 8.107234954833984 1.3836643695831299
v -2.039834976196289 11.759434700012207 1.081478238105774
v 4.186334609985352 8.508389472961426 3.816122531890869
v 4.313207149505615 12.962504386901855 3.778782844543457
v 3.044468402862549 8.56218433380127 0.5296570658683777
v 2.776019334793091 7.967662811279297 3.6147072315216064
v 5.548604488372803 8.611024856567383 4.465263843536377
v 5.268005847930908 7.928267002105713 4.453821182250977
v 2.119676351547241 10.643113136291504 1.179453730583191
v 5.265000820159912 13.157679557800293 3.4989123344421387
v 3.9331278800964355 13.013785362243652 2.366285562515259
v -2.060983896255493 11.42772102355957 1.0418214797973633
v -1.54635751247406 8.458721160888672 0.8060718178749084
v -1.6908453702926636 12.950434684753418 1.8381943702697754
v -0.7940159440040588 8.31617259979248 3.5775146484375
v 2.0276806354522705 8.725841522216797 4.336117744445801
v 5.17424201965332 9.517414093017578 0.7436025142669678
v 1.5092397928237915 7.350020885467529 0.7359470725059509
v 4.47305154800415 8.452585220336914 1.3894754648208618
v -2.8666861057281494 12.91133975982666 1.767061710357666
v -0.009281853213906288 8.668647766113281 1.2179276943206787
v -1.1745656728744507 8.43559741973877 4.091392517089844
v -2.3452529907226562 8.377001762390137 3.480620861053467
v 4.9549150466918945 11.980448722839355 2.6347622871398926
v -2.775270700454712 11.220115661621094 1.9949674606323242
v 5.00121545791626 8.214622497558594 0.2886766195297241
v 3.5598764419555664 8.303101539611816 4.653423309326172
v 0.4515239894390106 7.554487705230713 4.712953567504883
v 5.111045837402344 8.301861763000488 4.749098777770996
v 2.4085683822631836 12.858750343322754 2.0051510334014893
v 3.74460506439209 10.316162109375 2.1491758823394775
v 5.258938789367676 9.290777206420898 1.725974202156067
v -0.36152371764183044 10.810073852539062 1.1337090730667114
v 6.037006855010986 15.009522438049316 2.03421688079834
v 5.540384292602539 9.131288528442383 0.4055761992931366
v 5.361128330230713 14.866024017333984 3.5888447761535645
v 1.2112548351287842 7.868831157684326 -0.09946957975625992
v 3.996605634689331 13.214849472045898 5.249311923980713
v 5.015422821044922 8.219619750976562 4.647120475769043
v -2.048917531967163 12.043885231018066 1.1663832664489746
v 2.5595529079437256 11.956823348999023 3.776745557785034
v -1.8021740913391113 7.726221084594727 -0.18637065589427948
v 0.6059802174568176 12.781416893005371 2.357173442840576
v -3.3031344413757324 9.670601844787598 3.2633769512176514
v 5.483926773071289 12.534989356994629 2.9056031703948975
v 4.079349040985107 12.727838516235352 2.870633125305176
v -2.697094678878784 9.459623336791992 4.480568885803223
v 4.470892906188965 12.695638656616211 0.804671585559845
v 7.36141300201416 14.305237770080566 3.251760959625244
v 2.2931742668151855 10.084403991699219 1.8301169872283936
v -2.2978193759918213 8.684056282043457 1.0738900899887085
v -0.18974453210830688 9.146517753601074 4.16981315612793
v -0.46196842193603516 8.29592514038086 -0.15554079413414001
v 2.9068756103515625 8.183287620544434 0.9906694293022156
v 4.231546878814697 12.853577613830566 5.341182231903076
v 2.6881439685821533 8.236799240112305 0.4765540063381195
v 4.264760971069336 12.959864616394043 4.564204216003418
v 6.033838748931885 15.231585502624512 3.077194929122925
v 5.392068862915039 15.260716438293457 3.052091121673584
v 2.766589879989624 9.173548698425293 1.6138023138046265
v 0.1514197587966919 8.345860481262207 0.9312345385551453
v 4.023849010467529 12.554717063903809 5.139267921447754
v -0.6705511212348938 8.440559387207031 0.1977451592683792
v 1.0817071199417114 7.960479259490967 1.0787419080734253
v 5.340507507324219 15.057915687561035 4.042500972747803
v 5.515564441680908 15.368144035339355 1.666009783744812
v 7.3155198097229 14.56546688079834 2.538177013397217
v 4.045596599578857 12.735815048217773 3.6184892654418945
v 1.713866114616394 10.64785385131836 3.5362842082977295
v 3.016820192337036 8.744799613952637 0.5356472730636597
v 2.762521266937256 8.66049575805664 3.4590890407562256
v 3.268893241882324 14.13066577911377 2.4960594177246094
v 2.9341347217559814 9.330026626586914 3.9873645305633545
v 1.4642322063446045 8.23015308380127 0.08700604736804962
v -2.790309429168701 8.69526195526123 0.03135308623313904
v 2.7812535762786865 10.169137954711914 2.755805015563965
v -0.8494592905044556 8.2064208984375 3.8121793270111084
v -0.8389391899108887 7.503195762634277 3.8675806522369385
v 3.6492466926574707 7.467302322387695 4.256955623626709
v -0.34918877482414246 10.704375267028809 3.4468932151794434
v -2.2897887229919434 12.586928367614746 1.9461925029754639
v 3.902536153793335 8.44008731842041 0.6068295240402222
v -0.33825042843818665 9.370290756225586 3.1002280712127686
v 3.6960582733154297 11.464802742004395 3.3837053775787354
v 6.87031888961792 13.770712852478027 3.624753713607788
v -0.635109007358551 11.048846244812012 3.2386460304260254
v 6.866827964782715 12.906562805175781 2.21691632270813
v 2.478419303894043 10.195382118225098 0.7436449527740479
v 6.05600643157959 14.51183795928955 1.6121338605880737
v 5.304699897766113 8.665501594543457 0.5842472910881042
v 4.525880336761475 8.913792610168457 4.333780288696289
v 5.673470497131348 14.842448234558105 1.6239947080612183
v -2.039720058441162 12.528687477111816 1.7833597660064697
v 3.7256717681884766 14.233081817626953 1.9984683990478516
v -2.6037395000457764 9.32775592803955 0.26571545004844666
v 4.232583999633789 15.188641548156738 2.0760653018951416
v 4.558211326599121 12.862712860107422 4.884284496307373
v -3.3172247409820557 8.597013473510742 3.508796215057373
v 2.058178186416626 9.660150527954102 4.012907028198242
v 0.8964112401008606 8.265436172485352 0.266448974609375
v -1.0225071907043457 7.851471900939941 0.9383982419967651
v -1.8587521314620972 12.706720352172852 2.5227761268615723
v -2.8449971675872803 8.858131408691406 -0.01999204233288765
v 4.092917442321777 13.095069885253906 0.5276641249656677
v 3.942988157272339 7.775130748748779 4.844161033630371
v 4.40388822555542 13.091438293457031 1.6148251295089722
v 1.1228049993515015 10.755634307861328 1.4365650415420532
v 4.991758823394775 15.203750610351562 2.276813507080078
v 0.2812604606151581 7.48960018157959 0.863190233707428
v -0.10159127414226532 11.06893539428711 1.1158006191253662
v -0.8730902671813965 9.507857322692871 4.0667524337768555
v -2.212932586669922 10.59122085571289 2.7094976902008057
v 4.92450475692749 11.964920997619629 2.270137310028076
v -1.0413991212844849 8.180237770080566 3.5505142211914062
v 6.285308361053467 14.275184631347656 1.7944849729537964
v 5.578914642333984 9.489392280578613 1.1968368291854858
v -2.460662841796875 9.298049926757812 0.8034716844558716
v -0.461264967918396 10.248859405517578 1.328002691268921
v 1.708885908126831 8.21255111694336 4.205653190612793
v 2.7549936771392822 8.158955574035645 4.809751033782959
v 4.233800411224365 8.52746868133545 0.6540712714195251
v -2.9190361499786377 8.49652099609375 3.445295810699463
v -2.7574708461761475 12.763351440429688 2.142658233642578
v 1.7844008207321167 11.060527801513672 3.82494854927063
v 5.586750507354736 8.508646011352539 3.787611722946167
v 2.6445717811584473 9.73746395111084 0.6349671483039856
v 7.931982040405273 13.978203773498535 2.766836166381836
v 1.9579432010650635 11.471014022827148 3.935889959335327
v -2.9226672649383545 9.344792366027832 0.41366076469421387
v 5.169753074645996 8.743480682373047 0.3377440869808197
v -1.9107401371002197 12.4072265625 1.7896407842636108
v 4.472923278808594 12.821700096130371 1.3852639198303223
v -2.3828396797180176 12.68217945098877 2.1669652462005615
v 1.4675559997558594 8.216231346130371 4.232004165649414
v 3.977112293243408 13.012553215026855 1.5044608116149902
v 5.771240234375 14.181000709533691 3.5678563117980957
v 4.537958145141602 11.181477546691895 2.1867432594299316
v 4.9145307540893555 7.926393032073975 4.158300876617432
v 4.442259788513184 12.969536781311035 1.6867952346801758
v 7.603532791137695 13.901642799377441 3.357473373413086
v -2.3895537853240967 12.18418025970459 1.5625839233398438
v 0.42032143473625183 8.428382873535156 0.4876693785190582
v 5.416892051696777 15.237104415893555 1.3795666694641113
v 6.72861385345459 13.31242847442627 1.8674639463424683
v -1.0698188543319702 9.052595138549805 3.885389566421509
v 3.176077365875244 12.135144233703613 3.542773485183716
v 4.152978897094727 13.12511157989502 3.571690082550049
v 2.0169715881347656 9.775132179260254 3.0333306789398193
v 4.590789794921875 12.553351402282715 -0.1135396659374237
v 3.9856927394866943 13.086753845214844 2.5868988037109375
v 2.90590238571167 7.7108612060546875 3.6624205112457275
v -2.287515878677368 9.107839584350586 0.6666128039360046
v -2.9629709720611572 8.745206832885742 4.582828044891357
v -3.204554557800293 9.129735946655273 4.575234413146973
v 7.620394706726074 13.521845817565918 3.3730108737945557
v 4.860026836395264 9.426948547363281 1.3925150632858276
v 4.052346706390381 13.576952934265137 1.4300613403320312
v 4.164752006530762 14.495441436767578 2.013103723526001
v 0.4286632537841797 10.68006706237793 3.5379250049591064
v 2.9060919284820557 7.498586654663086 3.732697010040283
v -0.6603229641914368 10.420880317687988 3.8776798248291016
v 4.051214218139648 11.827067375183105 3.395432233810425
v 4.444406032562256 12.969654083251953 1.6520060300827026
v 5.950290203094482 9.0564546585083 1.5817363262176514
v -1.8024702072143555 8.115043640136719 3.535848379135132
v 5.125173568725586 8.842339515686035 0.6228324770927429
v 3.26859712600708 7.531385898590088 0.3337608277797699
v 1.8570605516433716 9.855768203735352 3.4864661693573
v -1.9277809858322144 8.633139610290527 0.6029720306396484
v -2.4782726764678955 10.879927635192871 2.699401617050171
v 0.26758429408073425 11.895359992980957 3.7390496730804443
v 4.100552558898926 13.955747604370117 2.573662757873535
v 4.16294002532959 12.70328140258789 3.8760576248168945
v 4.485683917999268 12.692741394042969 0.5483802556991577
v -3.432523727416992 9.812339782714844 3.628791332244873
v 4.190199375152588 13.144462585449219 0.3542424440383911
v 3.7758262157440186 8.323628425598145 4.617740154266357
v 2.785590410232544 8.164692878723145 0.07944274693727493
v 2.2529687881469727 10.929414749145508 3.2656121253967285
v 2.81890606880188 8.678672790527344 4.275909900665283
v 4.439901828765869 12.821800231933594 1.960864543914795
v 5.946046352386475 14.331510543823242 3.7326784133911133
v -2.558506727218628 13.152284622192383 2.1514477729797363
v 2.178628921508789 8.689748764038086 3.331634521484375
v 0.16492043435573578 12.423781394958496 1.2134474515914917
v -1.113997220993042 7.859812259674072 -0.26688864827156067
v 0.44365474581718445 8.28024959564209 4.4023051261901855
v 3.9502246379852295 13.133030891418457 -0.15430931746959686
v 4.160731792449951 12.703777313232422 3.9189908504486084
v -1.3433668613433838 11.615012168884277 0.7709310054779053
v -2.301201343536377 8.206703186035156 0.9291479587554932
v -0.8882137537002563 7.542708873748779 0.3264237344264984
v 1.9048173427581787 12.289939880371094 3.6485414505004883
v 4.017557621002197 7.833328723907471 0.13706380128860474
v 4.050756454467773 13.163005828857422 -0.34083259105682373
v 2.5730011463165283 8.237939834594727 3.613365650177002
v 5.325423240661621 15.25478744506836 4.022914409637451
v 1.2119220495224 8.2409029006958 4.44619083404541
v 3.2313547134399414 7.613581657409668 0.09857177734375
v -0.6993228197097778 8.311516761779785 3.5554380416870117
v 0.3701689541339874 9.853293418884277 0.5930052995681763
v 2.9438064098358154 10.522701263427734 1.7214961051940918
v 3.579702138900757 13.675335884094238 1.8304389715194702
v 4.878246784210205 11.961015701293945 2.012105703353882
v -1.9306979179382324 12.487817764282227 2.174813747406006
v 3.2468364238739014 7.408774375915527 3.9386801719665527
v -3.9310567378997803 9.554203033447266 3.695659637451172
v 4.017210960388184 12.79275131225586 1.1509937047958374
v 5.427670478820801 15.359929084777832 3.984092950820923
v 3.856811761856079 12.572091102600098 3.502006769180298
v -1.702128529548645 7.720871448516846 0.06497304141521454
v 3.9836997985839844 11.10745620727539 3.2218267917633057
v -0.5471705794334412 8.311295509338379 -0.16371646523475647
v 2.0976216793060303 8.990449905395508 0.8383117318153381
v -1.4819319248199463 12.940372467041016 2.175821542739868
v 7.191573143005371 14.60641098022461 3.118720293045044
v -1.6490275859832764 7.700769424438477 4.0828752517700195
v -2.6914596557617188 9.757979393005371 3.830223321914673
v 5.285909175872803 8.141738891601562 4.092187404632568
v -3.2763595581054688 9.170801162719727 0.11001067608594894
v -1.0257067680358887 9.337143898010254 3.9137203693389893
v 5.194587707519531 8.690197944641113 1.5820649862289429
v 5.587971210479736 8.838208198547363 0.6295939683914185
v -2.328549861907959 8.888195991516113 4.021815776824951
v 4.361047744750977 11.03369426727295 1.926800012588501
v 2.4786720275878906 10.205442428588867 0.7479191422462463
v 4.585770606994629 8.650591850280762 4.7731099128723145
v 4.427829265594482 12.8218994140625 2.1713123321533203
v 3.7443947792053223 12.103507995605469 3.5425145626068115
v -3.808528184890747 9.523228645324707 4.424408435821533
v -3.8037445545196533 9.151642799377441 3.3550124168395996
v -0.806667685508728 10.14518928527832 3.181579828262329
v 4.510955333709717 12.82154369354248 0.7223175168037415
v 4.504204273223877 14.804790496826172 2.0031819343566895
v -0.4102366268634796 9.698871612548828 0.5901132225990295
v -1.791733741760254 8.605851173400879 4.396202087402344
v 0.7499505281448364 7.620145797729492 4.859161376953125
v -1.112416386604309 8.430500984191895 4.00419807434082
v -3.287797689437866 8.725040435791016 0.8990598917007446
v -0.21901626884937286 12.991070747375488 1.8662335872650146
v -0.3677918612957001 9.238829612731934 0.467769593000412
v -3.268965721130371 8.7333984375 4.546442031860352
v 3.766698122024536 14.958712577819824 2.0105066299438477
v 4.224632263183594 13.128303527832031 0.6834874749183655
v 2.0261266231536865 9.913697242736816 2.976377487182617
v 7.368694305419922 13.415998458862305 3.4356913566589355
v -0.8049185872077942 9.386430740356445 3.174488067626953
v -0.05126693844795227 9.700448036193848 0.37747225165367126
v -1.5529382228851318 12.399270057678223 1.0966554880142212
v -0.6551884412765503 8.393632888793945 4.293713569641113
v 5.3125410079956055 9.135790824890137 0.6349655389785767
v 4.122758865356445 12.37231731414795 1.2223918437957764
v 0.3048950433731079 8.678377151489258 1.106474757194519
v 0.5269110798835754 10.223226547241211 2.7883472442626953
v 0.3752537667751312 10.508193969726562 1.530985951423645
v -0.9993250370025635 9.50502872467041 3.653596878051758
v 5.0317182540893555 8.416955947875977 0.33123522996902466
v -0.564949631690979 10.212699890136719 1.5825189352035522
v 4.475677967071533 13.322427749633789 1.3223929405212402
v 5.081403732299805 8.591874122619629 1.5462703704833984
v 3.6784884929656982 12.837885856628418 4.887684345245361
v 4.585951805114746 11.420681953430176 1.9479566812515259
v 4.675527095794678 13.17011547088623 0.12595929205417633
v -1.9336034059524536 12.349985122680664 2.1037888526916504
v 3.4872148036956787 13.35499382019043 2.9098994731903076
v 5.196605205535889 14.987251281738281 1.8939999341964722
v 4.243473052978516 13.128965377807617 0.39921125769615173
v 1.7181123495101929 7.689960956573486 3.6202616691589355
v 4.45926570892334 12.639533996582031 4.846371173858643
v -2.4281225204467773 12.233217239379883 1.8559588193893433
v 2.327303409576416 9.219406127929688 4.332139492034912
v 2.864763021469116 8.102593421936035 0.7850741147994995
v 2.0221409797668457 10.050436019897461 3.848512649536133
v 5.309925079345703 8.77839469909668 1.5982465744018555
v 2.133100986480713 9.395623207092285 1.4646658897399902
v 2.098217010498047 9.828006744384766 0.8187282085418701
v 4.59141731262207 9.164244651794434 1.1010280847549438
v -2.9359230995178223 12.88603687286377 1.8955472707748413
v 4.487923622131348 13.04401683807373 -0.45220476388931274
v 0.03215867280960083 8.01831340789795 3.6251139640808105
v -2.2422187328338623 8.86746597290039 0.9750044941902161
v -2.248974561691284 8.654041290283203 3.5283632278442383
v 3.457582712173462 8.308460235595703 0.5491194725036621
v 2.6964056491851807 8.448981285095215 0.361133337020874
v 4.080088138580322 13.281294822692871 0.06981146335601807
v 3.184345245361328 13.282249450683594 2.5553855895996094
v -1.3876756429672241 12.689496040344238 1.845224380493164
v 0.6694501042366028 8.284478187561035 0.028397338464856148
v 5.387181282043457 15.336816787719727 3.1462745666503906
v 5.392838954925537 15.473838806152344 3.850825548171997
v 0.048321593552827835 7.473728656768799 0.3725831210613251
v -1.4858862161636353 13.046242713928223 2.1299421787261963
v 4.077651023864746 10.971896171569824 1.5771851539611816
v 1.8601839542388916 9.93007755279541 3.442878484725952
v 5.579254150390625 14.972705841064453 4.0201849937438965
v 5.240960121154785 14.970108032226562 3.905968189239502
v 4.341341972351074 12.638531684875488 -0.40750205516815186
v 3.4140052795410156 8.258248329162598 3.8158152103424072
v -0.2761383056640625 8.304378509521484 0.48374617099761963
v 0.8760025501251221 12.326366424560547 1.3333820104599
v -2.946861743927002 9.52177906036377 3.2538833618164062
v 6.85182523727417 14.3511381149292 1.9088718891143799
v 2.4520857334136963 8.293237686157227 4.271255970001221
v 4.142645359039307 13.123823165893555 0.34804677963256836
v 1.521950125694275 8.243014335632324 4.414423942565918
v 3.2986721992492676 7.352680206298828 0.9753647446632385
v 3.9859960079193115 13.319499015808105 3.3849871158599854
v 2.8239188194274902 9.746323585510254 0.7526856064796448
v 1.974392294883728 8.118830680847168 4.802465915679932
v -0.051992159336805344 9.817957878112793 0.4560413360595703
v 2.832192897796631 10.242990493774414 3.431379556655884
v -3.4876272678375244 9.10473918914795 4.402423858642578
v -2.8974223136901855 9.47348690032959 3.261509418487549
v -2.9209089279174805 9.814689636230469 4.262284278869629
v 4.553609371185303 8.281740188598633 0.2521842420101166
v 5.174620151519775 14.766703605651855 3.6494815349578857
v 0.1752583086490631 10.384581565856934 1.984383225440979
v 6.037280082702637 14.494095802307129 1.7497920989990234
v 3.611274480819702 7.98241662979126 4.831724166870117
v 4.490555286407471 13.908119201660156 3.4458858966827393
v 0.22839759290218353 7.471673011779785 0.38561686873435974
v 5.051638126373291 7.992223739624023 4.1521453857421875
v 5.223238945007324 8.301645278930664 0.3388233780860901
v 7.900060176849365 13.448893547058105 3.0952036380767822
v 2.651445150375366 7.6781229972839355 1.2049176692962646
v 5.290307998657227 8.988001823425293 3.853924036026001
v 5.762472152709961 13.101600646972656 3.3979592323303223
v 1.1592414379119873 12.65660572052002 2.8421449661254883
v 3.9772260189056396 12.68904972076416 4.5204033851623535
v -0.20907698571681976 10.957454681396484 3.565293073654175
v 0.2446826696395874 7.709325313568115 1.0314525365829468
v -2.598679304122925 8.532397270202637 -0.10213441401720047
v -0.46417516469955444 10.224597930908203 1.3118971586227417
v 7.479133605957031 12.909818649291992 2.9777543544769287
v 0.2561805844306946 9.87726879119873 1.7158222198486328
v -0.9480104446411133 8.959070205688477 4.246025085449219
v 4.807735443115234 9.26671028137207 0.6229572296142578
v -0.43993955850601196 8.012083053588867 4.747497081756592
v 7.555408477783203 13.730228424072266 3.4109749794006348
v -2.6089694499969482 9.343836784362793 0.6137328147888184
v 3.1717023849487305 7.530459403991699 0.3120725750923157
v 5.24810266494751 8.076529502868652 1.373094081878662
v -0.579632043838501 11.072617530822754 3.551570177078247
v 3.915785789489746 13.01424789428711 2.706204414367676
v 1.0981605052947998 12.323410034179688 1.361072301864624
v 5.349861145019531 15.163951873779297 1.859374761581421
v -2.373417854309082 13.151984214782715 2.1595213413238525
v 1.9692060947418213 10.22331714630127 3.0136985778808594
v -2.4026966094970703 11.00652027130127 1.3511236906051636
v 5.34129524230957 8.801627159118652 0.7201377153396606
v 0.4931943416595459 9.166207313537598 1.1697691679000854
v 5.243513107299805 15.046494483947754 3.92409086227417
v 4.580024719238281 9.026381492614746 0.8194974660873413
v 7.37616491317749 13.429545402526855 3.4357659816741943
v 3.6409664154052734 13.747601509094238 1.8470827341079712
v 6.190836429595947 14.468045234680176 1.5475525856018066
v 2.7931573390960693 9.660150527954102 3.1692869663238525
v 2.4127066135406494 8.245980262756348 0.5828351974487305
v 0.2098560929298401 9.890978813171387 0.5436639785766602
v 0.5502216219902039 11.047990798950195 3.7142221927642822
v 2.228220224380493 8.337501525878906 4.459766387939453
v 4.212747097015381 7.570135116577148 0.8434260487556458
v -0.5730171203613281 8.307461738586426 3.5446617603302
v 1.6058452129364014 7.538124084472656 -0.013996686786413193
v 3.9490630626678467 8.255672454833984 4.802414894104004
v 5.563082695007324 8.565083503723145 3.7762351036071777
v 4.164058208465576 12.707718849182129 0.9936790466308594
v -3.091127872467041 8.298673629760742 3.8186569213867188
v 3.460649251937866 11.829078674316406 1.038977026939392
v 5.292600154876709 9.00669002532959 4.033967018127441
v 4.469052314758301 8.620392799377441 0.8869677186012268
v 6.214804172515869 14.243402481079102 3.5778696537017822
v -0.4476659297943115 10.355916023254395 1.4010391235351562
v -1.5714983940124512 7.685235977172852 4.09278678894043
v 4.190816402435303 8.431963920593262 1.231489896774292
v 1.7607108354568481 8.179923057556152 0.5707005262374878
v 4.028836250305176 14.24858283996582 2.0207207202911377
v -2.4837629795074463 9.572103500366211 3.5858259201049805
v 5.219826698303223 14.936162948608398 1.7518372535705566
v 8.032773971557617 13.872016906738281 2.605046510696411
v -2.7289795875549316 9.05270767211914 3.39365553855896
v 4.412410736083984 13.092288970947266 1.4869437217712402
v 5.276909351348877 15.1790771484375 1.6176804304122925
v 3.3320083618164062 7.458678245544434 4.7575578689575195
v 4.295813083648682 12.729747772216797 3.8391878604888916
v 2.262354612350464 8.790999412536621 4.478878974914551
v 5.288119792938232 15.226984024047852 1.602164626121521
v 4.133527755737305 13.99852466583252 3.1427202224731445
v -1.5670865774154663 8.538804054260254 4.408688545227051
v -0.9371906518936157 7.829285621643066 4.745499134063721
v 2.109747886657715 7.381674289703369 4.513271331787109
v -1.5776283740997314 7.69194221496582 0.06554917991161346
v -2.4247384071350098 12.230012893676758 1.8064689636230469
v -2.7014212608337402 8.408125877380371 4.62127685546875
v 2.5644643306732178 7.923969268798828 0.02360343560576439
v -3.1431353092193604 9.416230201721191 4.5055718421936035
v 3.740676164627075 8.139997482299805 3.6246914863586426
v 0.6600087881088257 7.627155303955078 4.8504791259765625
v 0.9243044853210449 8.26468276977539 0.2662424147129059
v 4.674788951873779 8.316498756408691 3.5405609607696533
v -2.3022055625915527 8.869166374206543 4.024803638458252
v 0.6331793069839478 7.724794864654541 3.6056361198425293
v 1.982439637184143 9.286551475524902 0.7941727042198181
v 6.9802632331848145 14.65552806854248 2.2697041034698486
v 3.668236017227173 13.43627643585205 3.128986120223999
v -2.5509939193725586 11.802017211914062 2.5901973247528076
v -1.9451205730438232 10.846919059753418 3.0172579288482666
v 6.588197708129883 13.459697723388672 1.8016077280044556
v -0.6775336265563965 11.05600357055664 0.9860033988952637
v 7.619266986846924 14.136351585388184 2.205775499343872
v 5.758223533630371 13.176837921142578 1.7194523811340332
v -2.8211746215820312 8.83230972290039 -0.5341654419898987
v 0.2310168743133545 7.5285139083862305 -0.09936811774969101
v 1.9683648347854614 9.566003799438477 0.9039521217346191
v 0.9453829526901245 12.755578994750977 2.38977313041687
v -1.4159075021743774 8.336554527282715 4.680393695831299
v 5.678648948669434 14.907349586486816 1.5897825956344604
v -3.307924270629883 8.963751792907715 4.601046085357666
v -0.43790262937545776 10.16170883178711 1.5569230318069458
v -2.4319241046905518 12.682446479797363 1.7516964673995972
v -0.9295108914375305 8.346715927124023 3.641042947769165
v 0.05659716948866844 7.561984539031982 4.5187273025512695
v 6.990884304046631 14.668020248413086 2.3124308586120605
v 3.961547613143921 13.119156837463379 4.653458595275879
v -0.2297687828540802 11.917216300964355 3.6305017471313477
v 4.33926248550415 14.655807495117188 2.9149796962738037
v -2.0560925006866455 13.005257606506348 2.1967074871063232
v -3.42783522605896 9.386695861816406 4.439291954040527
v 4.6067280769348145 8.348482131958008 4.928802967071533
v 5.17411994934082 15.241382598876953 3.5968453884124756
v -2.374758720397949 7.950953006744385 0.3260510265827179
v 4.199596881866455 13.173583030700684 5.295869827270508
v -0.6075776219367981 8.359678268432617 4.580836296081543
v 2.4898033142089844 10.80758285522461 1.1073375940322876
v 4.5465779304504395 12.924956321716309 4.70640754699707
v -0.9222400784492493 8.343832969665527 3.6361615657806396
v 7.666810512542725 14.235946655273438 2.356839179992676
v -0.19859158992767334 8.630449295043945 0.15569019317626953
v -2.0402262210845947 11.848170280456543 1.1022833585739136
v -0.38027694821357727 11.101449012756348 3.4600393772125244
v 2.1182849407196045 10.127816200256348 1.6721309423446655
v 0.6461483836174011 11.044866561889648 3.7125637531280518
v 1.9369920492172241 7.323880672454834 0.7743790745735168
v 0.339368611574173 8.366559028625488 0.8372640013694763
v -1.6485735177993774 11.887228012084961 3.3910632133483887
v 4.050877571105957 8.367263793945312 3.791221857070923
v 4.385702133178711 13.089622497558594 1.8877623081207275
v -0.04691510275006294 10.513483047485352 2.850800037384033
v -3.3030543327331543 12.593969345092773 2.116380453109741
v 5.7988200187683105 12.770082473754883 2.6021299362182617
v 3.963825225830078 12.914569854736328 1.4502122402191162
v 4.674899578094482 11.483013153076172 2.209380865097046
v 2.639362096786499 8.081082344055176 4.230202674865723
v 3.8512582778930664 11.61592960357666 3.3850512504577637
v 3.7058045864105225 13.829826354980469 1.8668842315673828
v -0.712833821773529 8.882475852966309 3.234983205795288
v -2.4315130710601807 9.294302940368652 4.118188858032227
v -1.9695606231689453 12.594490051269531 1.7619153261184692
v 2.8464250564575195 8.668420791625977 4.24110746383667
v 3.3869211673736572 8.285628318786621 0.5400466918945312
v 4.632429122924805 12.912505149841309 3.4982082843780518
v 3.7919933795928955 8.122883796691895 1.3398607969284058
v -0.8915577530860901 8.46137523651123 0.3886580169200897
v 4.03091287612915 12.739285469055176 3.9438440799713135
v 4.382931709289551 12.941659927368164 0.4352201223373413
v 2.937948703765869 8.586565971374512 4.000929832458496
v 2.7038440704345703 8.34770393371582 4.37903356552124
v 3.804777145385742 13.256136894226074 4.749213695526123
v 3.200622081756592 7.612192630767822 0.08975733071565628
v 5.3200812339782715 15.145662307739258 2.027357578277588
v -0.06240353733301163 10.237836837768555 2.9634323120117188
v 1.9661846160888672 9.739282608032227 0.956733226776123
v -0.25693371891975403 9.369095802307129 0.3664759397506714
v 2.3633129596710205 7.505807876586914 0.2074059545993805
v 4.03971004486084 12.980436325073242 4.431125164031982
v 4.947470188140869 13.721527099609375 1.3802380561828613
v 1.4703425168991089 7.614264488220215 4.841795444488525
v 4.799310207366943 8.404949188232422 4.545867443084717
v 0.3729688823223114 8.522500991821289 0.9008716344833374
v 5.602200031280518 15.390327453613281 1.6220581531524658
v -0.619093656539917 7.580790996551514 0.8476950526237488
v -3.4595754146575928 12.495326042175293 2.0854580402374268
v -3.3514997959136963 9.8358793258667 3.6185905933380127
v 4.598241806030273 8.327147483825684 4.797890663146973
v 7.482032299041748 12.91336727142334 2.994657516479492
v 4.04006290435791 12.7371244430542 3.7411015033721924
v -3.0492172241210938 9.073070526123047 4.681300640106201
v 0.4036237597465515 8.282618522644043 4.400406360626221
v -2.6724588871002197 10.935011863708496 1.7976523637771606
v 3.1923718452453613 10.554699897766113 1.696133017539978
v -2.9577648639678955 12.728014945983887 1.7159278392791748
v 1.935387372970581 10.90800952911377 1.3441914319992065
v 4.292909145355225 13.119023323059082 1.4036552906036377
v 6.239408016204834 14.492493629455566 3.5368432998657227
v -0.8043072819709778 12.329548835754395 3.35973858833313
v 4.803616046905518 9.338335990905762 1.5950247049331665
v 7.285922050476074 14.482784271240234 2.327134132385254
v 2.8769805431365967 12.00178337097168 1.079736351966858
v -0.4297828674316406 7.836370468139648 3.5727615356445312
v -0.326023668050766 8.847865104675293 0.271451473236084
v -2.601412296295166 8.557191848754883 1.0301227569580078
v -0.3759980797767639 13.016215324401855 1.8633668422698975
v -0.6368690133094788 12.888755798339844 2.721550464630127
v 1.7224103212356567 7.6485419273376465 -0.08270411938428879
v -2.7817225456237793 8.929207801818848 -0.48994362354278564
v 1.2067922353744507 12.66251277923584 2.845707416534424
v 1.637662649154663 10.91610336303711 1.3640886545181274
v 4.421546936035156 11.360587120056152 3.1062450408935547
v 4.183059215545654 7.514951229095459 1.1436747312545776
v -0.19799214601516724 8.247190475463867 4.106922626495361
v 2.233811855316162 8.786214828491211 3.2541472911834717
v 0.8320809602737427 12.758753776550293 2.379725694656372
v 4.71422815322876 8.68315601348877 0.35644400119781494
v 4.962398052215576 12.590312957763672 1.5198839902877808
v -1.3408821821212769 10.177763938903809 1.4982506036758423
v -3.544552803039551 8.959498405456543 4.489078521728516
v -3.347491979598999 9.464678764343262 4.513651371002197
v 5.0499701499938965 8.394794464111328 5.081744194030762
v 1.3285887241363525 12.679709434509277 2.8548150062561035
v 0.4700106084346771 11.288409233093262 1.1746965646743774
v 1.9720945358276367 10.506470680236816 1.4076628684997559
v -1.2861677408218384 11.622961044311523 0.7731273770332336
v 5.909428119659424 14.491047859191895 3.5196118354797363
v 0.5481660962104797 9.820757865905762 1.2398327589035034
v 3.9625508785247803 13.119187355041504 4.638319492340088
v -1.8570241928100586 12.742690086364746 1.931981086730957
v 5.202297210693359 15.159341812133789 3.151637315750122
v -0.7087154388427734 8.057001113891602 1.0172353982925415
v 2.919020414352417 12.006684303283691 1.074921727180481
v 5.360445976257324 9.549226760864258 0.971815824508667
v 4.250733852386475 13.129209518432617 0.2896585762500763
v 6.733617305755615 13.359112739562988 1.8502781391143799
v 6.986642837524414 14.239651679992676 1.937217116355896
v 5.333696365356445 14.580024719238281 3.761160135269165
v -2.8125054836273193 8.400391578674316 3.4532384872436523
v 6.728696346282959 13.31336498260498 1.8671129941940308
v 3.426173210144043 14.487643241882324 1.9730111360549927
v -2.571965456008911 9.334136009216309 0.5044270753860474
v 1.9894371032714844 10.505000114440918 3.5304110050201416
v -2.481325387954712 9.27087688446045 0.649423360824585
v -2.482903480529785 12.668766975402832 1.7445094585418701
v -3.614851713180542 9.838777542114258 4.278316974639893
v 1.236763834953308 7.362435340881348 0.7061312794685364
v 1.6757452487945557 8.136001586914062 0.7754153609275818
v 1.212628722190857 11.45974349975586 3.9012398719787598
v -0.41172072291374207 8.922080993652344 0.35715213418006897
v 2.802116870880127 8.675700187683105 3.500515937805176
v -3.2683563232421875 9.467963218688965 4.544988632202148
v 5.547863960266113 8.09640884399414 4.4360575675964355
v 3.3343958854675293 11.073015213012695 1.1929959058761597
v 3.969724416732788 14.151180267333984 1.9282711744308472
v -2.084839344024658 11.410901069641113 3.089057207107544
v 4.463537216186523 8.724183082580566 1.505980134010315
v 5.696224212646484 9.251192092895508 1.6095757484436035
v 4.263258457183838 11.630582809448242 3.2672054767608643
v 2.3746607303619385 9.506734848022461 4.236804962158203
v -2.9355924129486084 8.482769012451172 4.4178786277771
v 4.970831871032715 14.414965629577637 3.47226619720459
v -2.441243886947632 9.210540771484375 0.03434144705533981
v 4.470003604888916 14.894972801208496 2.5329415798187256
v 1.959898829460144 9.812886238098145 1.1779158115386963
v 1.9751310348510742 11.471658706665039 3.9368693828582764
v 4.152474403381348 13.12513256072998 3.579501152038574
v 0.05406847968697548 10.75651741027832 3.5651419162750244
v 4.343000888824463 13.039901733398438 3.4692678451538086
v 2.139570474624634 10.140275001525879 3.901146650314331
v 1.2895557880401611 10.647709846496582 3.575462579727173
v 3.064842939376831 7.889476299285889 4.826612949371338
v 2.0067973136901855 10.386219024658203 1.5146702527999878
v 5.372586727142334 8.979805946350098 0.7344940304756165
v 5.321218967437744 15.082611083984375 1.569238305091858
v -0.20535874366760254 10.67572021484375 3.7955141067504883
v 2.890909433364868 10.655529022216797 1.353152871131897
v 3.598837375640869 13.732806205749512 2.023811101913452
v -3.124749183654785 9.013189315795898 4.568633556365967
v 2.775050163269043 10.531192779541016 1.9645569324493408
v 5.60455322265625 15.105578422546387 2.884742021560669
v 5.74860954284668 8.57227611541748 1.5318669080734253
v 2.273711919784546 12.32284927368164 3.627598762512207
v -2.77524733543396 8.765128135681152 3.4340980052948
v 5.507205486297607 15.370759010314941 3.142328977584839
v 1.8960117101669312 7.957642078399658 3.6042561531066895
v 2.4363670349121094 12.825910568237305 2.8926236629486084
v 4.18671989440918 8.509488105773926 3.8161370754241943
v -2.367316246032715 8.200203895568848 4.527881145477295
v 3.850292444229126 11.155355453491211 1.4105358123779297
v 6.0214715003967285 14.318793296813965 3.761395215988159
v 2.530663251876831 10.09508991241455 2.42335844039917
v 1.981674075126648 10.284594535827637 2.962254047393799
v 6.745793342590332 12.945891380310059 3.0432798862457275
v -1.2200454473495483 8.393669128417969 -0.2084704339504242
v 0.03317273408174515 9.2758207321167 3.4231531620025635
v 3.8550217151641846 14.616155624389648 2.5508458614349365
v 1.8198221921920776 10.425071716308594 1.7447165250778198
v -2.3785765171051025 13.468655586242676 2.041487216949463
v 5.4108076095581055 15.681450843811035 1.9430996179580688
v 2.3020570278167725 10.60495662689209 2.013484239578247
v 3.443387985229492 11.611103057861328 3.5283756256103516
v -0.7013343572616577 7.549695014953613 0.059356603771448135
v -0.3416130542755127 8.934283256530762 1.2054814100265503
v 2.935518980026245 12.865584373474121 1.5761576890945435
v -0.8736311793327332 11.280795097351074 0.9025508761405945
v -0.3356938064098358 10.296229362487793 0.8936064839363098
v 2.201035499572754 8.218652725219727 4.053301811218262
v 5.186120986938477 15.005680084228516 3.5862667560577393
v 6.0633344650268555 14.281465530395508 3.361401081085205
v 5.397853851318359 8.871475219726562 4.240875720977783
v 2.7868173122406006 9.699444770812988 3.1507480144500732
v 5.4184064865112305 8.726573944091797 0.23298482596874237
v 3.978144407272339 13.086167335510254 2.731846570968628
v 3.639737606048584 8.247777938842773 1.1556131839752197
v 5.4428486824035645 12.960894584655762 1.6423425674438477
v 2.964587688446045 8.614059448242188 1.3592994213104248
v 5.762527942657471 13.179449081420898 1.7205379009246826
v 6.150806903839111 13.762825965881348 1.6824051141738892
v 3.8375532627105713 7.609920978546143 1.2322664260864258
v -0.2844677269458771 8.225931167602539 0.8566699624061584
v -0.8093589544296265 8.17923355102539 3.941498041152954
v 3.9563236236572266 13.896034240722656 2.5548877716064453
v 3.049870729446411 12.648018836975098 1.2247657775878906
v 5.2032790184021 15.183717727661133 3.194742441177368
v 4.212306976318359 14.493867874145508 2.9282779693603516
v 2.7810113430023193 10.344304084777832 3.062434673309326
v 0.5142971277236938 8.170256614685059 3.806746006011963
v 3.8423705101013184 14.077865600585938 2.039961099624634
v -0.17533227801322937 7.429862022399902 0.6656442880630493
v 3.8206160068511963 12.902815818786621 4.3836469650268555
v 2.198448419570923 8.26628303527832 4.438010215759277
v -0.3386521339416504 10.048197746276855 1.6638041734695435
v 3.8448405265808105 10.30530834197998 2.4876022338867188
v 7.0515875816345215 12.811186790466309 2.655367612838745
v 3.645853042602539 14.098827362060547 2.5345795154571533
v -1.206250786781311 10.635092735290527 3.2026853561401367
v -3.1726996898651123 9.19080924987793 4.788911819458008
v 3.4807958602905273 14.61986255645752 2.397355079650879
v -1.2822304964065552 12.481181144714355 1.0505820512771606
v -0.8902217149734497 10.159842491149902 3.643450975418091
v 3.028024911880493 10.686253547668457 3.4977352619171143
v -2.863004207611084 8.523210525512695 -0.4273868203163147
v 4.211583137512207 13.34376049041748 5.033105373382568
v -3.628488063812256 9.012907028198242 4.281611919403076
v 0.2394813895225525 7.750830173492432 3.576782703399658
v 4.185123443603516 13.123727798461914 3.0735578536987305
v 3.8037054538726807 8.326443672180176 4.611631870269775
v 6.029144763946533 14.18308162689209 1.5856688022613525
v 3.3897526264190674 13.41970157623291 2.58858323097229
v 2.9602932929992676 10.091157913208008 1.0448356866836548
v 6.091739654541016 14.193613052368164 1.5257753133773804
v 0.2517252266407013 7.678633689880371 4.792247295379639
v -0.940550684928894 11.932687759399414 3.569687843322754
v 3.169311761856079 8.885623931884766 0.9028862714767456
v -1.8515040874481201 7.731986045837402 0.6463796496391296
v -0.5887131094932556 8.933693885803223 4.387924671173096
v -0.27052703499794006 7.572524547576904 4.27114725112915
v 4.153615474700928 12.123214721679688 3.456450939178467
v 4.309830188751221 12.82229995727539 4.228367328643799
v 3.1067867279052734 8.22106647491455 0.7115054726600647
v 6.242471218109131 14.478574752807617 1.6185977458953857
v 4.5152459144592285 13.11803150177002 5.02176570892334
v 4.668824672698975 12.615966796875 -0.09381017833948135
v 4.689552307128906 12.570096969604492 3.461879014968872
v 5.190810680389404 14.969625473022461 1.9039469957351685
v -1.1098177433013916 7.650160312652588 -0.16119037568569183
v 2.805900812149048 9.694234848022461 4.0215277671813965
v -3.184497356414795 9.86976432800293 3.6026482582092285
v -2.2301769256591797 12.688693046569824 2.16237735748291
v -2.4076180458068848 12.594109535217285 1.759803295135498
v -1.7346800565719604 7.852789878845215 3.5964581966400146
v 6.955245494842529 13.914904594421387 3.6230123043060303
v 1.959657073020935 10.58691692352295 2.826921224594116
v 3.7397971153259277 12.05667781829834 1.1348421573638916
v 3.17159366607666 7.909511566162109 4.827015399932861
v 4.71140193939209 8.286765098571777 4.600604057312012
v 5.476027488708496 12.528379440307617 2.9056456089019775
v 0.05848501995205879 8.017447471618652 3.6269755363464355
v 5.923738956451416 14.364969253540039 1.7097123861312866
v 7.456583023071289 12.890223503112793 2.863677978515625
v -2.54628849029541 8.033713340759277 0.3392307758331299
v 5.86850643157959 14.371999740600586 3.5908665657043457
v 0.08689954876899719 8.347452163696289 0.2411242574453354
v 4.295262336730957 7.596017837524414 4.416848659515381
v 3.449664831161499 12.999029159545898 1.3846142292022705
v 1.9509296417236328 10.705286026000977 2.8947479724884033
v -2.604445457458496 8.7276029586792 0.007311618886888027
v 2.7244691848754883 7.920721054077148 0.03732825443148613
v 5.084895610809326 15.237815856933594 2.275115966796875
v 4.950577259063721 8.637258529663086 4.7636871337890625
v 2.289376735687256 9.573908805847168 1.6699739694595337
v -2.680009126663208 11.831991195678711 2.307077407836914
v 5.1577935218811035 14.892168998718262 3.3376827239990234
v 4.320586681365967 14.731215476989746 2.0043885707855225
v 5.617031574249268 12.67528247833252 3.1231679916381836
v 4.0616135597229 13.586952209472656 1.4296927452087402
v 4.645871162414551 12.873621940612793 -0.3781542181968689
v -0.01021723635494709 7.964906215667725 -0.1850682646036148
v 2.624932289123535 9.017715454101562 0.34927359223365784
v 3.339219331741333 14.038505554199219 1.961535930633545
v -3.014056921005249 9.359542846679688 0.1849815994501114
v 2.2330269813537598 12.604857444763184 1.5933703184127808
v 4.184257984161377 11.324483871459961 3.1990866661071777
v 0.04914413020014763 9.916993141174316 3.226976156234741
v 2.0584371089935303 8.120379447937012 0.6896567344665527
v 3.3065671920776367 8.035426139831543 3.6339895725250244
v -3.365032911300659 9.895966529846191 3.8157777786254883
v 2.6754140853881836 8.496525764465332 3.4496190547943115
v -1.8646268844604492 12.722960472106934 1.804833173751831
v -1.0806645154953003 12.086256980895996 0.8301697373390198
v -1.9891564846038818 10.524255752563477 2.7486989498138428
v 4.750763416290283 8.868239402770996 1.6140165328979492
v 6.578512191772461 12.993841171264648 3.1386215686798096
v 2.739771604537964 13.03603744506836 2.1978156566619873
v -0.4057517647743225 8.452850341796875 0.6372033357620239
v 3.0090408325195312 7.497947692871094 1.1034765243530273
v -3.936870574951172 9.65693473815918 3.896343946456909
v 5.183765888214111 8.020635604858398 1.3569880723953247
v 2.0263099670410156 9.991866111755371 3.877271890640259
v 1.910407304763794 8.956167221069336 4.080341815948486
v 4.358048439025879 8.41446304321289 4.806204319000244
v 0.4805814325809479 10.214944839477539 2.252031087875366
v -3.365206003189087 12.684988975524902 1.758543848991394
v -0.7187256813049316 10.761324882507324 3.5606765747070312
v 4.382806301116943 7.614923000335693 4.4066481590271
v 4.929121017456055 12.829315185546875 3.4948694705963135
v -2.1397905349731445 8.673127174377441 4.615678787231445
v 5.600841045379639 15.022676467895508 1.9251916408538818
v -2.1524624824523926 10.46426010131836 1.6700676679611206
v 3.99552059173584 14.254847526550293 2.6325323581695557
v 4.506140232086182 12.811196327209473 5.1405720710754395
v 4.7953925132751465 8.086670875549316 0.4237807095050812
v 2.203810214996338 8.494288444519043 0.9186035394668579
v 0.48741278052330017 10.403729438781738 1.5946416854858398
v 4.716597080230713 11.850555419921875 3.124429941177368
v 4.289803504943848 14.805974006652832 2.503335475921631
v -2.7667627334594727 11.223942756652832 2.1149637699127197
v 4.4388651847839355 12.702216148376465 5.155471324920654
v -3.5350334644317627 8.87468433380127 4.063573360443115
v 2.145832061767578 8.724631309509277 1.0436782836914062
v -0.08974964171648026 7.72838830947876 1.0185829401016235
v 3.950788974761963 13.097405433654785 4.459590435028076
v 5.486237525939941 14.922710418701172 1.7518330812454224
v 2.516777753829956 8.35562801361084 4.479238510131836
v 5.881037712097168 13.796262741088867 3.573275089263916
v 2.3071537017822266 9.216814041137695 0.5089580416679382
v -1.2833884954452515 8.476874351501465 3.9708950519561768
v -1.4659730195999146 8.09858512878418 4.736699104309082
v 1.4155131578445435 10.712104797363281 1.4876984357833862
v 5.5304951667785645 15.572076797485352 2.1300649642944336
v 0.09335146099328995 10.667673110961914 2.939788341522217
v 4.532900333404541 12.974576950073242 0.2174886167049408
v 1.4328334331512451 8.158292770385742 0.7200797200202942
v 3.1590986251831055 7.407042503356934 3.929702043533325
v -3.436157464981079 8.578229904174805 0.22780993580818176
v 1.3430858850479126 7.4310503005981445 4.520082473754883
v 1.5419342517852783 7.432006359100342 0.9834431409835815
v 4.3006696701049805 12.728796005249023 3.755056142807007
v 2.0271060466766357 7.652802467346191 -0.07593126595020294
v 3.5667238235473633 14.69700813293457 2.2089459896087646
v 2.6709136962890625 9.372570037841797 3.1487808227539062
v 3.318373680114746 8.3045015335083 4.4515838623046875
v 0.7595688700675964 12.604384422302246 1.5677216053009033
v 4.711570739746094 8.208653450012207 4.666346073150635
v 4.620606899261475 14.87017822265625 2.5616118907928467
v 2.3678483963012695 7.839986324310303 4.8123393058776855
v 2.5671932697296143 8.236233711242676 3.612410068511963
v 0.18214400112628937 12.421648979187012 1.2156649827957153
v 5.5431952476501465 15.2462797164917 3.251096487045288
v 0.0047390577383339405 8.219598770141602 3.78941011428833
v 5.390298366546631 15.541394233703613 3.6494040489196777
v 5.208689212799072 13.295075416564941 1.4733649492263794
v 3.106989622116089 8.822659492492676 0.6795005798339844
v -2.251753330230713 13.170372009277344 2.183572769165039
v -0.6611351370811462 8.273284912109375 4.717362880706787
v 1.7187165021896362 7.863420486450195 -0.06889388710260391
v 6.004903793334961 8.99417781829834 0.5487633347511292
v -0.5738266706466675 8.166003227233887 3.847234010696411
v -3.5942976474761963 8.887321472167969 3.7445127964019775
v 5.2499518394470215 9.163987159729004 0.5520265698432922
v 7.584565162658691 13.170918464660645 3.2759640216827393
v 5.177004337310791 14.497873306274414 3.3863236904144287
v -2.1334922313690186 10.621858596801758 1.4110219478607178
v -0.4026448726654053 8.562285423278809 0.7490729689598083
v 2.081270217895508 8.137260437011719 0.824644923210144
v 7.411032199859619 12.838297843933105 2.501410961151123
v -0.33887678384780884 10.500717163085938 2.7491698265075684
v -0.5659849047660828 7.571000099182129 -0.12385527789592743
v 3.1057989597320557 8.404620170593262 0.6314745545387268
v 2.6302878856658936 10.094809532165527 0.7382003664970398
v 4.70212459564209 7.665376663208008 3.882770299911499
v -0.6240759491920471 8.157727241516113 3.8309459686279297
v 1.8599039316177368 10.902180671691895 1.3479148149490356
v -3.196826219558716 8.45516586303711 3.537585496902466
v 2.63484525680542 8.08804702758789 4.248624801635742
v -2.3860068321228027 12.587763786315918 1.9527137279510498
v 7.391510963439941 13.456046104431152 3.435328960418701
v 5.37492561340332 12.615950584411621 2.0802156925201416
v -1.0292283296585083 9.24077033996582 4.0360636711120605
v 4.627227783203125 14.890037536621094 2.034512519836426
v -1.521149754524231 8.430523872375488 -0.19725878536701202
v -3.5208499431610107 8.511993408203125 0.08648116141557693
v -0.93723464012146 9.276545524597168 4.172186374664307
v -1.0769649744033813 8.806382179260254 3.722292423248291
v -0.44972512125968933 8.239892959594727 4.731261730194092
v 4.996476650238037 9.504286766052246 1.1632784605026245
v 2.612123727798462 8.165109634399414 1.100327730178833
v 0.8522380590438843 8.145645141601562 3.806330919265747
v 5.263318061828613 15.286476135253906 1.8300787210464478
v 4.763700485229492 12.880870819091797 -0.2155124694108963
v 4.46084451675415 13.097124099731445 0.7601345181465149
v 4.577500820159912 8.019466400146484 0.3709908425807953
v 3.4041037559509277 14.20345401763916 1.9728387594223022
v 5.0918684005737305 8.931879997253418 1.6366350650787354
v 4.216164588928223 14.687921524047852 2.4957821369171143
v -0.4092153012752533 8.923356056213379 0.35399243235588074
v 5.317609786987305 14.855751991271973 3.512476682662964
v -2.01007342338562 12.028609275817871 3.0402257442474365
v 1.0860191583633423 10.222641944885254 2.3317923545837402
v 0.03209396451711655 10.058688163757324 3.8540773391723633
v -1.3179278373718262 8.333099365234375 4.692968368530273
v -2.1784849166870117 8.177735328674316 4.69173526763916
v 1.876633644104004 7.689670562744141 3.6164777278900146
v 0.7520702481269836 8.248862266540527 0.6162636280059814
v -0.3550143539905548 9.876119613647461 1.5563298463821411
v -0.31739455461502075 8.53447151184082 0.28056252002716064
v 1.6133257150650024 7.696595191955566 3.6241066455841064
v -0.01563955843448639 10.28737735748291 1.996698021888733
v 0.5349056124687195 7.638203144073486 4.829427719116211
v -0.5332087278366089 9.219948768615723 0.7099515199661255
v 3.6314914226531982 7.474859714508057 4.7722883224487305
v 5.301830768585205 15.1167573928833 2.830103635787964
v 0.3436262309551239 10.971753120422363 1.8460583686828613
v 1.9548020362854004 9.475967407226562 3.9012813568115234
v 0.3342796266078949 10.958259582519531 1.5022826194763184
v 2.32397723197937 12.587295532226562 3.250648021697998
v 4.097529888153076 13.095422744750977 0.43914076685905457
v -1.1417661905288696 12.081148147583008 0.8232073783874512
v -0.8354797959327698 8.62983512878418 4.338375091552734
v 1.9441779851913452 8.119677543640137 0.8299434781074524
v -1.1149258613586426 11.024198532104492 0.8925054669380188
v 6.718122959136963 13.53090763092041 3.5930843353271484
v 1.9454710483551025 10.55743408203125 2.8731675148010254
v 3.4707753658294678 7.553041458129883 0.3806547224521637
v -0.52833092212677 7.706080436706543 4.722170829772949
v -2.7654330730438232 8.737324714660645 -0.565016508102417
v -3.079542636871338 9.850451469421387 3.3799805641174316
v -0.5236959457397461 10.676607131958008 3.3755173683166504
v 3.2668473720550537 8.247886657714844 3.797774314880371
v 1.6777039766311646 11.922158241271973 1.188034176826477
v 2.179626941680908 11.079774856567383 1.6152801513671875
v 0.03461385890841484 9.425557136535645 0.2808125615119934
v 1.2071245908737183 8.209256172180176 0.5002859234809875
v -1.7326245307922363 12.42164134979248 2.1673011779785156
v 5.623426914215088 15.353867530822754 2.3207690715789795
v -1.1608372926712036 7.621613025665283 4.153286933898926
v 2.6848816871643066 10.937676429748535 1.2737354040145874
v 5.071702003479004 8.268960952758789 1.4744871854782104
v 4.682615756988525 8.873152732849121 0.40749457478523254
v 3.803879499435425 12.978902816772461 5.2284111976623535
v 7.691948413848877 13.980293273925781 2.1826131343841553
v -2.980269193649292 9.14887809753418 4.6422319412231445
v -2.6711769104003906 9.379064559936523 0.7904627919197083
v -0.5966330766677856 12.848499298095703 1.4492261409759521
v -0.7952707409858704 8.637435913085938 3.34649395942688
v -0.5645163655281067 10.92995834350586 3.53251051902771
v 4.3469319343566895 13.085752487182617 2.4695260524749756
v 5.384718418121338 15.527718544006348 3.5670084953308105
v -3.5155436992645264 8.918011665344238 0.271157443523407
v 2.4606974124908447 8.855464935302734 0.3622473180294037
v -0.15432575345039368 7.5410895347595215 0.8888239860534668
v 4.177840232849121 12.784647941589355 0.41263583302497864
v 3.029966115951538 8.62141227722168 1.3043949604034424
v 4.624594211578369 11.509539604187012 1.9547672271728516
v -2.7500524520874023 13.042069435119629 1.7892769575119019
v 6.3795671463012695 13.7063627243042 3.6381473541259766
v 4.0532026290893555 12.551798820495605 5.139796733856201
v -0.29587918519973755 8.485701560974121 0.8933129906654358
v 4.6014933586120605 8.029919624328613 0.37754473090171814
v 1.3550636768341064 7.430100440979004 4.520793914794922
v -0.8219863772392273 10.502809524536133 3.4915804862976074
v -1.0130928754806519 9.024927139282227 3.565938949584961
v 3.762423276901245 12.695113182067871 4.7920660972595215
v 2.6416635513305664 7.458065032958984 0.4891074001789093
v 4.227999687194824 12.752145767211914 0.4130442440509796
v 4.403314590454102 12.821995735168457 2.5986411571502686
v 4.309842586517334 11.674091339111328 3.264768362045288
v 0.870778501033783 8.274530410766602 0.03376634418964386
v 1.5801125764846802 10.17501163482666 2.4111390113830566
v 2.1141200065612793 11.493919372558594 1.1439412832260132
v 2.125544548034668 10.98250675201416 1.6413730382919312
v 3.666452169418335 14.278772354125977 2.546016216278076
v -2.1493685245513916 12.431506156921387 1.6334023475646973
v 1.966369867324829 9.65837574005127 1.1416196823120117
v 2.1116559505462646 9.984354972839355 1.619829773902893
v 3.537365198135376 12.486648559570312 1.1213264465332031
v -2.1376876831054688 12.406588554382324 1.5493907928466797
v -1.742835521697998 8.221023559570312 4.693316459655762
v 2.195692539215088 11.130188941955566 1.221494197845459
v -3.179664134979248 12.352051734924316 2.1130571365356445
