v 0.28281012177467346 15.789199829101562 -0.6815682053565979
v -0.20449046790599823 15.14379596710205 -0.4052073359489441
v 0.31280723214149475 16.01723861694336 -0.021181564778089523
v 0.007821627892553806 16.25048065185547 -0.18568511307239532
v -0.07979853451251984 15.710092544555664 -1.2935439348220825
v 0.2668454051017761 15.922110557556152 -0.6117135286331177
v -0.3376878798007965 16.016382217407227 0.31700611114501953
v 0.1588350236415863 15.345157623291016 -0.7024589776992798
v 0.6216839551925659 15.636191368103027 0.27200520038604736
v 0.02204783819615841 16.062171936035156 -0.11991192400455475
v -0.2402726709842682 15.540599822998047 0.6698076725006104
v 0.23723183572292328 15.2589111328125 -0.743788480758667
v 0.0070909117348492146 15.630816459655762 0.7511887550354004
v -0.19954390823841095 16.135143280029297 0.04796503856778145
v 0.2236858308315277 15.535669326782227 0.6935986876487732
v 0.4092160165309906 16.053443908691406 0.09835531562566757
v 0.11759712547063828 15.657943725585938 -1.161903977394104
v -0.7755468487739563 15.503801345825195 -0.12385851889848709
v 0.15720798075199127 16.23111343383789 -0.12651044130325317
v 0.6581787467002869 15.508745193481445 -0.35189884901046753
v -0.35713353753089905 15.19680404663086 -0.6430556774139404
v 0.2830432951450348 15.830611228942871 0.6303685903549194
v -0.06464925408363342 16.07018280029297 0.19128431379795074
v 0.258369117975235 14.987003326416016 -0.008511197753250599
v -0.3291550874710083 15.061296463012695 -0.3267139494419098
v 0.12132828682661057 16.019149780273438 0.00404087221249938
v -0.0005201809108257294 16.23084831237793 0.09329012781381607
v 0.6341381669044495 15.885672569274902 -0.0055385129526257515
v -0.7168368101119995 15.692564964294434 0.15865802764892578
v -0.443563312292099 16.04227066040039 -0.11080595850944519
v -0.7070947885513306 15.62122917175293 -0.3426488935947418
v -0.1724478155374527 16.04650115966797 -0.033348485827445984
v 0.13355867564678192 15.80040168762207 0.9315959215164185
v 0.0016048555262386799 16.23965835571289 -0.17822211980819702
v -0.5763781070709229 15.596467018127441 -0.5402267575263977
v -0.2929578125476837 14.681900978088379 -0.6633235216140747
v 0.03256040811538696 15.588001251220703 1.122707486152649
v 0.2884542942047119 16.025455474853516 0.09693893045186996
v 0.08267427980899811 15.646868705749512 -0.9420778751373291
v -0.01671491004526615 15.818778991699219 0.7539416551589966
v 0.05086493492126465 16.21084976196289 0.225491002202034
v -0.40228718519210815 15.407209396362305 0.5745347738265991
v -0.35462653636932373 14.728271484375 -0.3542329668998718
v 0.25268447399139404 15.962520599365234 -0.5882953405380249
v -0.13910458981990814 15.85812759399414 0.6284846663475037
v 0.22580336034297943 15.41089153289795 -0.700036883354187
v -0.16008411347866058 16.02448272705078 0.17212645709514618
v -0.21458682417869568 14.759384155273438 -0.6519514322280884
v 0.11048129200935364 16.23716926574707 -0.12868551909923553
v 0.40675562620162964 15.450475692749023 0.5410424470901489
v -0.01888510398566723 16.03264617919922 -0.0912686362862587
v -0.19499410688877106 14.848718643188477 -0.3914296329021454
v 0.1806650459766388 14.591102600097656 0.0959324911236763
v -0.18253406882286072 15.763313293457031 0.660153865814209
v 0.5523630380630493 16.001209259033203 -0.0025694677606225014
v 0.14175806939601898 14.98567008972168 0.018548494204878807
v -0.48681625723838806 15.033564567565918 -0.12533314526081085
v 9.496720304014161e-05 15.8159818649292 0.8127174377441406
v 0.011697470210492611 16.043794631958008 -0.2752314805984497
v 0.18737047910690308 15.351837158203125 0.8665440678596497
v 0.12948991358280182 16.022417068481445 0.006349497474730015
v -0.7121339440345764 15.78337574005127 -0.07088866829872131
v 0.6235628128051758 15.86068058013916 0.12422725558280945
v -0.1164860650897026 15.989542007446289 0.5257337689399719
v 0.00709841912612319 15.231977462768555 0.6733761429786682
v 0.20720833539962769 15.429914474487305 -0.8199747204780579
v 0.035773102194070816 15.64501667022705 -0.7893045544624329
v -0.19527597725391388 16.072715759277344 0.02865566872060299
v 0.09164215624332428 16.2453670501709 -0.024211352691054344
v -0.3732850253582001 15.021125793457031 0.23888526856899261
v 0.08727401494979858 15.7130765914917 -0.994458019733429
v 0.141342893242836 16.068021774291992 0.10754317790269852
v 0.13101185858249664 15.391183853149414 -0.8974517583847046
v -0.22115212678909302 15.040613174438477 -0.2513785660266876
v 0.13614234328269958 14.590391159057617 0.020739959552884102
v -0.0479825884103775 16.09874725341797 -0.12959390878677368
v -0.14860878884792328 16.133516311645508 0.13337257504463196
v -0.0551549568772316 14.976644515991211 -0.07103881984949112
v 0.023324087262153625 15.974867820739746 -0.6247618794441223
v 0.13544483482837677 14.579687118530273 0.003490560222417116
v 0.05335396155714989 15.022944450378418 -0.24031078815460205
v 0.717592179775238 15.229222297668457 -0.044806983321905136
v -0.08421717584133148 16.03232765197754 0.0027605267241597176
v -0.1179579570889473 15.561308860778809 -0.9033743739128113
v 0.011508649215102196 16.008989334106445 -0.5744631290435791
v -0.05138228088617325 15.002704620361328 0.3951324224472046
v 0.7260834574699402 15.27865982055664 -0.04185454547405243
v -0.19634407758712769 15.442285537719727 -0.7935245633125305
v 0.17720644176006317 16.035627365112305 -0.5015990138053894
v 0.41405028104782104 14.997882843017578 0.21150639653205872
v 0.5494667887687683 15.67375373840332 0.4130399823188782
v 0.17638927698135376 14.644043922424316 0.03151460736989975
v 0.08698850125074387 15.708163261413574 -0.9902669787406921
v 0.2117646038532257 15.734119415283203 0.9720917344093323
v -0.05045432969927788 16.04121208190918 0.3313751816749573
v 0.015190892852842808 16.1228084564209 0.21269801259040833
v 0.5520782470703125 16.00156593322754 -0.002553998026996851
v 0.0648709312081337 15.660977363586426 1.0379587411880493
v 0.2643670439720154 14.713805198669434 0.29160282015800476
v 0.25693657994270325 14.951025009155273 0.017928341403603554
v 0.07040999084711075 15.844598770141602 0.6883808374404907
v -0.4750034213066101 15.114897727966309 -0.4807220995426178
v 0.09880303591489792 15.381162643432617 1.0581685304641724
v 0.053500015288591385 15.69910717010498 1.1454672813415527
v -0.6339208483695984 15.670454025268555 0.3171778619289398
v -0.5616690516471863 15.289327621459961 -0.5576995611190796
v 0.009071716107428074 15.790307998657227 0.9883620142936707
v 0.13732509315013885 14.608532905578613 0.04997359961271286
v -0.7603006362915039 15.412179946899414 0.12258291244506836
v -0.23047444224357605 14.846442222595215 -0.43682536482810974
v -0.010939707048237324 15.332490921020508 0.7418666481971741
v 0.1000724583864212 16.013845443725586 -0.14141163229942322
v 0.024085288867354393 15.967865943908691 -0.6314319372177124
v -0.3209989368915558 15.167940139770508 -0.3179020285606384
v 0.28902143239974976 14.786653518676758 0.18970799446105957
v -0.5241446495056152 15.069418907165527 -0.29944679141044617
v 0.5837622284889221 15.813531875610352 0.2613754868507385
v 0.31375065445899963 16.01714515686035 -0.06973367929458618
v 0.13081985712051392 14.992646217346191 0.10808416455984116
v 0.5445039868354797 16.011072158813477 -0.0019272476201876998
v 0.4248415529727936 16.0073184967041 -0.2701154351234436
v -0.7014689445495605 15.234277725219727 -0.13024136424064636
v -0.7186673879623413 15.451545715332031 -0.3591861128807068
v 0.2535177767276764 15.960143089294434 -0.589673638343811
v 0.12912660837173462 15.401158332824707 -0.9111111760139465
v -0.20210960507392883 16.239042282104492 0.02701633609831333
v 0.015892034396529198 16.10768699645996 0.2105352133512497
v 0.13375158607959747 16.01259994506836 -0.1409125030040741
v -0.17506322264671326 14.976530075073242 -0.11229468882083893
v 0.16647842526435852 16.036344528198242 -0.2900319993495941
v 0.7019289135932922 15.426451683044434 0.11660660803318024
v 0.5196419358253479 15.052934646606445 -0.037240251898765564
v 0.24891100823879242 14.749664306640625 0.16605117917060852
v 0.5064451098442078 15.042789459228516 0.05753077566623688
v -0.1214049756526947 16.15526008605957 -0.12256452441215515
v 0.408119261264801 15.198495864868164 0.4431738257408142
v 0.07522925734519958 16.243057250976562 -0.06047051027417183
v 0.501907467842102 15.461097717285156 -0.5987396836280823
v -0.19431845843791962 15.594833374023438 -0.8010624051094055
v 0.0540849044919014 16.18742561340332 0.21827735006809235
v 0.11850187927484512 15.809571266174316 0.8878865242004395
v 0.3482804000377655 16.00191879272461 0.3661579191684723
v -0.0958731397986412 16.026893615722656 -0.07704129070043564
v -0.20853613317012787 14.776018142700195 -0.7300793528556824
v 0.015156768262386322 16.123727798461914 0.2128356546163559
v -0.7654880285263062 15.402563095092773 -0.1328655332326889
v 0.18347711861133575 15.029752731323242 -0.01007795985788107
v -0.31391289830207825 14.628291130065918 -0.38361629843711853
v 0.15280412137508392 15.347492218017578 -0.729875385761261
v 0.5961809754371643 15.132247924804688 0.2030685842037201
v -0.005943221040070057 16.030624389648438 -0.10006407648324966
v 0.07832001149654388 15.554856300354004 -0.8492701053619385
v 0.15874812006950378 16.198617935180664 -0.14094366133213043
v 0.2839423716068268 14.980316162109375 0.31131258606910706
v 0.5979424715042114 15.972549438476562 -0.13248060643672943
v 0.06002390757203102 15.311372756958008 0.5862551331520081
v 0.3495275378227234 16.050994873046875 -0.27011579275131226
v 0.22796593606472015 15.303913116455078 0.9059735536575317
v -0.18896207213401794 14.930703163146973 -0.2985694408416748
v 0.4173717200756073 15.202057838439941 -0.610314667224884
v -0.38108131289482117 15.289073944091797 -0.6762980222702026
v 0.16077783703804016 15.060026168823242 -0.47546297311782837
v -0.0917895957827568 15.806703567504883 0.6725801229476929
v 0.6200079917907715 15.409521102905273 0.26384857296943665
v 0.2023192197084427 15.65022087097168 1.0564109086990356
v 0.6989546418190002 15.586786270141602 0.1295415461063385
v -0.17507301270961761 14.981279373168945 0.2062341868877411
v 0.4095636308193207 15.47592544555664 0.5476325154304504
v 0.22682435810565948 15.554586410522461 0.6954280138015747
v 0.7341129183769226 15.374979972839355 -0.03707531839609146
v 0.0015648163389414549 15.096171379089355 -0.645065188407898
v 0.27074238657951355 15.265348434448242 -0.013428287580609322
v -0.1608487367630005 15.824552536010742 -1.3552230596542358
v -0.4027896225452423 15.415996551513672 0.5748944282531738
v 0.052821166813373566 16.199462890625 0.22122181951999664
v -0.318672776222229 14.616148948669434 -0.3200746178627014
v 0.14672952890396118 14.884568214416504 0.1957068294286728
v -0.37393784523010254 15.250656127929688 -0.6640371680259705
v 0.29638203978538513 14.993915557861328 0.03741629794239998
v -0.35197335481643677 16.055830001831055 -0.2972590923309326
v 0.29577237367630005 14.976714134216309 0.0500350221991539
v -0.1168549507856369 15.629180908203125 -0.9622363448143005
v -0.1762654185295105 16.13530158996582 0.09341616183519363
v 0.646186351776123 15.8045072555542 0.12611500918865204
v -0.27361249923706055 16.016454696655273 0.366584450006485
v 0.006170919630676508 15.721837043762207 1.0562002658843994
v -0.5802713632583618 15.477764129638672 -0.5658630132675171
v -0.2415730357170105 14.765191078186035 -0.2761479318141937
v -0.4167438745498657 16.050853729248047 -0.1948293000459671
v -0.23899278044700623 16.03955078125 0.06433266401290894
v -0.3392040431499481 14.782892227172852 -0.426512748003006
v 0.030953608453273773 15.694393157958984 -0.77247554063797
v 0.1385105699300766 16.034624099731445 0.09893634170293808
v 0.2595016062259674 15.015448570251465 -0.029415085911750793
v 0.014453806914389133 15.675873756408691 0.7448020577430725
v 0.10739736258983612 16.050926208496094 0.22423774003982544
v 0.046697668731212616 15.275055885314941 0.8689923286437988
v -0.14623327553272247 16.056699752807617 -0.08703698962926865
v 0.24331961572170258 15.641942977905273 1.1050909757614136
v 0.7241265773773193 15.619355201721191 -0.026176458224654198
v 0.4048995077610016 15.077608108520508 0.3896138370037079
v -0.5200159549713135 15.242295265197754 0.4407987594604492
v -0.07704583555459976 16.05182456970215 -0.14532068371772766
v 0.29658907651901245 14.611075401306152 0.04341330751776695
v 0.5413297414779663 16.015050888061523 -0.0016180811217054725
v 0.06110246106982231 16.041690826416016 -0.28433653712272644
v -0.1622200757265091 15.097453117370605 0.5335919260978699
v 0.7318079471588135 15.64339828491211 -0.16901548206806183
v 0.19198182225227356 15.385034561157227 1.061367392539978
v 0.000780183938331902 15.276678085327148 0.8723171949386597
v 0.19775156676769257 15.188494682312012 0.03150937333703041
v -0.13419079780578613 15.03643798828125 0.49076226353645325
v 0.1126602441072464 16.038759231567383 -0.4253550171852112
v -0.2818610370159149 15.016373634338379 -0.43378180265426636
v -0.052886709570884705 15.346931457519531 -0.742333173751831
v -0.21424388885498047 16.211320877075195 0.030088890343904495
v 0.546209990978241 16.008934020996094 -0.002093547023832798
v 0.09987567365169525 16.038869857788086 -0.290319561958313
v 0.017489053308963776 15.349528312683105 1.034555196762085
v 0.3000890910625458 14.861063003540039 0.23980799317359924
v 0.2613067924976349 15.360377311706543 -0.776278018951416
v 0.4498728811740875 15.282000541687012 -0.6204338669776917
v 0.12397201359272003 15.230751991271973 0.7527396082878113
v -0.7193611264228821 15.520917892456055 -0.35942044854164124
v 0.6576382517814636 15.840344429016113 -0.008786467835307121
v 0.09087663143873215 15.753662109375 0.7117389440536499
v 0.036136411130428314 16.251941680908203 -0.006756296847015619
v 0.6478832364082336 15.162220001220703 0.07781883329153061
v -0.18912780284881592 15.786652565002441 -1.2341423034667969
v 0.13883520662784576 15.286797523498535 0.5852175354957581
v -0.15697845816612244 15.029158592224121 -0.5372939109802246
v -0.02759932354092598 15.024216651916504 -0.3938285708427429
v -0.18423539400100708 15.793761253356934 -1.2520185708999634
v -0.3295825719833374 15.167247772216797 -0.39894676208496094
v 0.0023660557344555855 15.02721118927002 -0.3921440839767456
v 0.1570332646369934 16.012916564941406 -0.13472667336463928
v -0.05170487239956856 15.744105339050293 0.7461526989936829
v -0.5452142953872681 15.09618854522705 0.2871304750442505
v -0.13271480798721313 16.02601432800293 0.194740429520607
v -0.018273482099175453 14.970271110534668 0.11187310516834259
v 0.18509121239185333 15.304793357849121 0.7428014278411865
v 0.05056827887892723 15.28282356262207 0.8874756693840027
v -0.15370889008045197 16.028846740722656 0.2931886911392212
v -0.3505707383155823 14.680724143981934 -0.42839038372039795
v -0.6430718302726746 15.1428804397583 -0.11567709594964981
v -0.5170894265174866 15.847221374511719 -0.4643467664718628
v -0.19423222541809082 15.374034881591797 -0.7761257290840149
v 0.0815577283501625 16.03776741027832 -0.4286983013153076
v -0.15969635546207428 16.238428115844727 -0.0970684140920639
v 0.16333717107772827 15.003942489624023 0.08411090821027756
v -0.3274889290332794 15.250874519348145 -0.3929482698440552
v -0.09199059009552002 14.964011192321777 0.0719367042183876
v -0.6552609205245972 15.1490478515625 0.10668006539344788
v 0.1378248929977417 16.165361404418945 0.17768894135951996
v -0.02545529045164585 15.324507713317871 0.8605793118476868
v 0.07695139944553375 15.730177879333496 0.8524215817451477
v -0.6852083206176758 15.291234970092773 -0.3443329334259033
v -0.2885122001171112 14.893625259399414 -0.4473957121372223
v -0.2460072785615921 16.02606773376465 0.21549712121486664
v 0.6439352631568909 15.151237487792969 0.0752670168876648
v -0.7749021053314209 15.527802467346191 -0.12136585265398026
v 0.2635655999183655 14.679919242858887 0.2354457527399063
v 0.01556785311549902 15.778617858886719 1.0273288488388062
v 0.19357064366340637 15.768180847167969 -1.1599270105361938
v -0.11180568486452103 16.245101928710938 -0.05208729952573776
v -0.028277147561311722 15.24199390411377 0.726995050907135
v -0.33612942695617676 14.970074653625488 -0.3342492878437042
v -0.17089390754699707 16.23243522644043 0.1127503290772438
v -0.05178722366690636 16.08865737915039 -0.12531358003616333
v -0.17242291569709778 15.810223579406738 -1.2983471155166626
v -0.19177186489105225 16.019044876098633 0.41518935561180115
v -0.11911534518003464 16.2430419921875 -0.1253197193145752
v 0.11857922375202179 15.375168800354004 0.854858934879303
v 0.1125929057598114 15.314574241638184 0.6874701976776123
v -0.3982005715370178 15.54601764678955 -0.7076902389526367
v 0.010710367001593113 15.7180757522583 0.9083254337310791
v 0.20443561673164368 15.064218521118164 -0.6296164989471436
v 0.30110326409339905 14.94344711303711 0.17843149602413177
v -0.5801693201065063 15.530900955200195 -0.5550577640533447
v -0.5535403490066528 15.736197471618652 -0.5051038265228271
v -0.7184202075004578 15.443805694580078 -0.35894668102264404
v -0.389954537153244 15.028923988342285 -0.3983156979084015
v -0.486121267080307 16.01955223083496 0.13090971112251282
v 0.15388131141662598 16.032175064086914 0.08209848403930664
v 0.1145523265004158 15.792155265808105 0.6827612519264221
v -0.6651148200035095 15.790936470031738 0.168170765042305
v 0.5001953840255737 15.767083168029785 -0.5605656504631042
v 0.2936379909515381 16.027687072753906 0.3596735894680023
v -0.05562473461031914 16.041166305541992 0.3303578197956085
v 0.27294182777404785 15.775287628173828 0.6603215336799622
v 0.29984134435653687 14.840980529785156 0.2547928988933563
v -0.38107994198799133 16.04038429260254 -0.33914294838905334
v 0.1331157386302948 16.021617889404297 -0.0006439449498429894
v 0.14972837269306183 15.0089111328125 0.09994005411863327
v 0.025640448555350304 15.563313484191895 1.1208747625350952
v -0.51460862159729 15.641338348388672 0.449403315782547
v -0.1469644457101822 15.063067436218262 0.5099890232086182
v -0.1849200427532196 14.968883514404297 -0.37864255905151367
v -0.3148397207260132 15.248421669006348 -0.3112485706806183
v 0.38168084621429443 15.148605346679688 -0.5903705358505249
v 0.2502245604991913 14.590700149536133 -0.065575510263443
v -0.34493544697761536 14.992615699768066 -0.1070713922381401
v 0.541622519493103 15.784013748168945 0.3940461277961731
v 0.20905627310276031 15.124616622924805 -0.6623026132583618
v 0.3273967504501343 15.038288116455078 -0.03084944561123848
v 0.24020951986312866 16.048572540283203 -0.3853793740272522
v 0.7028352618217468 15.439957618713379 0.11772406101226807
v 0.6125053763389587 15.317384719848633 -0.4025673568248749
v 0.2629970610141754 14.65583610534668 0.1955569088459015
v -0.6783530116081238 15.181708335876465 0.1118137314915657
v 0.11445928364992142 15.623607635498047 -1.1211111545562744
v -0.3945547342300415 15.638436317443848 -0.6850625276565552
v -0.22673532366752625 16.03752326965332 0.08871860057115555
v -0.7575451135635376 15.582716941833496 0.14393974840641022
v 0.14602452516555786 16.016841888427734 -0.03864094242453575
v -0.27395352721214294 16.016443252563477 0.3663462698459625
v 0.19287747144699097 16.025676727294922 0.002346939640119672
v 0.08140212297439575 14.982222557067871 0.12347196787595749
v 0.17627552151679993 16.216894149780273 -0.03279567137360573
v -0.17511509358882904 15.806732177734375 -1.2866116762161255
v 0.0756903886795044 15.541933059692383 -0.8168445825576782
v 0.11834877729415894 15.435807228088379 0.9867554306983948
v 0.061994247138500214 16.025901794433594 0.06739930808544159
v 0.6856577396392822 15.256421089172363 -0.21898183226585388
v -0.5329588651657104 15.329376220703125 0.45401421189308167
v 0.06655234843492508 15.312131881713867 0.59905606508255
v -0.2982498109340668 14.713968276977539 -0.4673266112804413
v 0.2526307702064514 14.626191139221191 -0.004092550836503506
v 0.6843180060386658 15.24836540222168 -0.2190438210964203
v 0.23047976195812225 15.421659469604492 1.06047785282135
v -0.37155357003211975 16.05521583557129 -0.2713790535926819
v -0.34878090023994446 14.68504524230957 -0.45224159955978394
v 0.1721649020910263 15.008238792419434 0.07356057316064835
v 0.09855074435472488 16.15682601928711 -0.13501285016536713
v -0.04311111196875572 15.307324409484863 0.6367006897926331
v 0.009124722331762314 15.790265083312988 0.988603413105011
v -0.2552189230918884 16.04373550415039 0.008824422024190426
v -0.029972556978464127 16.136577606201172 0.20673103630542755
v 0.19430364668369293 15.574913024902344 1.1702176332473755
v 0.27924638986587524 16.027048110961914 0.12382958829402924
v 0.11314140260219574 16.2368106842041 -0.12924356758594513
v 0.037495244294404984 16.227094650268555 -0.1673019975423813
v 0.06143142282962799 15.562507629394531 1.1521087884902954
v 0.19342437386512756 15.543774604797363 1.1656900644302368
v -0.1774791181087494 16.085201263427734 -0.05973729118704796
v 0.1244167611002922 16.021427154541016 0.003753772471100092
v -0.28741613030433655 16.051000595092773 -0.15834549069404602
v 0.29739895462989807 14.628504753112793 0.07233072817325592
v -0.24019590020179749 15.383112907409668 0.6482155919075012
v -0.1739015132188797 15.971610069274902 -0.581561267375946
v -0.20566320419311523 16.170969009399414 -0.011609005741775036
v 0.30080705881118774 14.919427871704102 0.19634677469730377
v 0.7333554029464722 15.495838165283203 -0.19553953409194946
v 0.2716423571109772 15.306313514709473 -0.04449531435966492
v -0.03813771530985832 15.237771034240723 0.6983627080917358
v -0.02077525109052658 15.024898529052734 -0.3934450149536133
v 0.5114846229553223 15.200804710388184 0.32408350706100464
v -0.04823829233646393 15.235207557678223 0.6727771759033203
v 0.01623714528977871 16.026649475097656 -0.11340782791376114
v -0.6843196153640747 15.757078170776367 0.16454902291297913
v -0.5178930759429932 15.84526252746582 -0.46510523557662964
v 0.2076134979724884 14.990059852600098 0.2219245582818985
v 0.07662449032068253 15.545119285583496 -0.8274453282356262
v 0.5042780041694641 15.150788307189941 0.2960628569126129
v -0.14524662494659424 16.245399475097656 0.029131362214684486
v -0.45236045122146606 16.0314884185791 -0.0005170024232938886
v 0.48472246527671814 16.01559066772461 0.21922577917575836
v 0.1972735971212387 15.137895584106445 0.0699770599603653
v 0.4223051965236664 16.046297073364258 -0.09882103651762009
v -0.7513186931610107 15.604086875915527 0.14751438796520233
v 0.03325222432613373 15.812902450561523 0.8898857831954956
v -0.4429969787597656 16.042694091796875 -0.11417835205793381
v -0.08422013372182846 16.02796745300293 0.15398208796977997
v 0.19067122042179108 14.854864120483398 0.07735496759414673
v -0.32584720849990845 15.316471099853516 -0.3882446885108948
v -0.40070122480392456 16.01639747619629 -0.35838964581489563
v -0.39428243041038513 15.422102928161621 -0.707869291305542
v 0.017561396583914757 16.06233024597168 0.19598641991615295
v 0.6148715615272522 15.264169692993164 0.2433168739080429
v 0.09230894595384598 16.030296325683594 0.11113647371530533
v -0.009507167153060436 15.295994758605957 0.6713917255401611
v -0.14843498170375824 16.017961502075195 0.08189965039491653
v -0.0781094878911972 15.491576194763184 -1.0246268510818481
v -0.19864928722381592 15.479066848754883 -0.9512724280357361
v 0.40509605407714844 15.079941749572754 0.3909249007701874
v -0.32963237166404724 14.730786323547363 -0.7075009942054749
v 0.21933497488498688 16.033605575561523 -0.27352413535118103
v -0.28057795763015747 15.191061973571777 -0.25598329305648804
v 0.05951545387506485 15.5552978515625 1.0687521696090698
v -0.12757761776447296 16.22991180419922 0.14651180803775787
v 0.02111874520778656 16.225839614868164 0.15759767591953278
v 0.004591872915625572 16.019624710083008 -0.09390713274478912
v -0.4980829656124115 15.96023178100586 0.3044010400772095
v 0.16449056565761566 16.075332641601562 -0.038355663418769836
v 0.15235868096351624 15.117992401123047 0.01593661680817604
v -0.13903622329235077 15.858319282531738 0.6283909678459167
v 0.20465946197509766 15.452737808227539 -0.8612553477287292
v 0.11978086084127426 15.684721946716309 -1.2013810873031616
v 0.09073489904403687 15.753705978393555 0.7113995552062988
v 0.12697608768939972 16.029043197631836 -0.20843558013439178
v -0.397400826215744 15.475963592529297 -0.7128593325614929
v -0.20256130397319794 15.29128646850586 -0.2288278341293335
v -0.20663313567638397 14.689370155334473 -0.701768696308136
v 0.1332545131444931 15.532291412353516 1.0521492958068848
v -0.6746304631233215 15.8544921875 -0.053983017802238464
v 0.46057313680648804 16.00287437438965 -0.28609585762023926
v -0.22373613715171814 14.923630714416504 -0.4286254048347473
v 0.22120749950408936 15.348732948303223 0.9932588338851929
v 0.7332887053489685 15.50615119934082 -0.031177949160337448
v 0.1304215043783188 15.39433765411377 -0.9021156430244446
v -0.062483955174684525 14.97704792022705 -0.08603965491056442
v 0.030307520180940628 16.085460662841797 -0.12674225866794586
v 0.13573399186134338 15.130365371704102 -0.09414532035589218
v -0.35355502367019653 14.7422513961792 -0.3530760407447815
v 0.6989923715591431 15.392850875854492 0.11360207200050354
v -0.7117641568183899 15.593610763549805 -0.3490142226219177
v -0.636992335319519 15.83223819732666 0.17336881160736084
v -0.3075033128261566 14.772249221801758 -0.2925606071949005
v -0.11657001078128815 15.620368003845215 -0.9556812644004822
v 0.6688235402107239 15.1328125 -0.052563901990652084
v 0.1002521812915802 16.16045379638672 -0.13674841821193695
v -0.49511757493019104 15.891505241394043 -0.44520890712738037
v 0.18087297677993774 15.32849407196045 0.9801396727561951
v -0.14069432020187378 15.015044212341309 0.3766397535800934
v 0.18428541719913483 14.716495513916016 0.1540842354297638
v -0.024341586977243423 15.818130493164062 0.6920892596244812
v 0.07576841861009598 15.312922477722168 0.6205227971076965
v -0.1567387878894806 16.238765716552734 -0.09976741671562195
v -0.5020567774772644 15.725835800170898 0.44328051805496216
v 0.5123072266578674 15.616589546203613 -0.5739880204200745
v 0.06405194103717804 16.25729751586914 -0.15581642091274261
v 0.19804958999156952 15.219934463500977 0.007560228928923607
v -0.19981485605239868 15.723941802978516 0.6687807440757751
v -0.6705145239830017 15.52520751953125 0.3193024694919586
v -0.3922264277935028 15.396821975708008 -0.703490138053894
v 0.7225216031074524 15.437081336975098 -0.20621545612812042
v -0.3330351412296295 15.010551452636719 -0.3309062421321869
v 0.19718168675899506 15.12817096710205 0.07738431543111801
v 0.517910897731781 15.085693359375 -0.3993755877017975
v 0.02701747976243496 16.04480743408203 0.337917298078537
v -0.07494286447763443 15.67957592010498 -1.2361600399017334
v 0.35232093930244446 15.115862846374512 -0.570114016532898
v 0.055882349610328674 15.311142921447754 0.5797854065895081
v -0.0715550035238266 15.276883125305176 0.6784154176712036
v -0.16368138790130615 14.981867790222168 -0.14598792791366577
v -0.6636393666267395 15.242392539978027 -0.33807316422462463
v -0.60423743724823 15.756902694702148 0.3207402229309082
v 0.020960409194231033 16.0594482421875 -0.11885157227516174
v 0.30202236771583557 16.028614044189453 0.35118481516838074
v -0.42661556601524353 15.02442741394043 0.1706545501947403
v -0.2008306235074997 15.872875213623047 -0.6842374205589294
v 0.029954902827739716 15.726962089538574 -0.7594214081764221
v -0.3218861520290375 16.045421600341797 -0.03493867814540863
v 0.13721543550491333 16.217967987060547 0.1693735271692276
v 0.7076226472854614 15.698379516601562 -0.020742954686284065
v 0.2822498083114624 15.765189170837402 -0.6929827928543091
v -0.030339736491441727 14.96912956237793 0.10644915699958801
v 0.1391700804233551 15.047801971435547 -0.029865073040127754
v -0.4945530295372009 15.029595375061035 -0.07171835005283356
v -0.18031370639801025 15.077937126159668 -0.6336790323257446
v -0.013296106830239296 16.20099449157715 -0.16678102314472198
v -0.6114738583564758 15.101430892944336 -0.10508353263139725
v -0.11956271529197693 16.023141860961914 0.10447676479816437
v 0.08896111696958542 15.863753318786621 -1.2184524536132812
v -0.2565295100212097 16.017101287841797 0.3779476284980774
v -0.28670328855514526 16.01601791381836 0.3574468791484833
v 0.2001696079969406 15.508145332336426 1.056562900543213
v -0.3233262002468109 15.137496948242188 -0.3204164206981659
v -0.07653840631246567 16.126995086669922 0.1983858197927475
v -0.05162672698497772 15.035914421081543 -0.5778318047523499
v -0.4992881417274475 15.034988403320312 -0.29735589027404785
v 0.1464790552854538 14.872385025024414 0.10685478150844574
v -0.7712159156799316 15.431798934936523 -0.13064062595367432
v -0.08040708303451538 16.09587287902832 -0.11528602987527847
v -0.20942267775535583 14.77352523803711 -0.718633234500885
v 0.11641983687877655 15.414093971252441 0.9547814130783081
v 0.018873820081353188 15.23712158203125 0.7557834982872009
v -0.673454999923706 15.856618881225586 -0.05364041030406952
v 0.05836614593863487 15.74360466003418 0.8094679117202759
v -0.26738241314888 15.022216796875 0.3243369460105896
v 0.7026514410972595 15.530906677246094 0.12514929473400116
v -0.03670324385166168 16.1292724609375 -0.1422387957572937
v -0.18797644972801208 16.047945022583008 -0.41007038950920105
v 0.27077561616897583 15.266862869262695 -0.014574183151125908
v -0.7627021074295044 15.425329208374023 0.12345172464847565
v -0.2951091229915619 15.088068008422852 0.47566360235214233
v 0.08947480469942093 15.8363676071167 -1.1409112215042114
v 0.2654244601726532 14.758607864379883 0.3657834529876709
v 0.03543959558010101 15.755264282226562 0.7571982741355896
v 0.40551555156707764 15.275365829467773 0.4724515974521637
v -0.4805018901824951 15.989501953125 0.2954213321208954
v -0.08142615109682083 16.092370986938477 -0.11358504742383957
v -0.05977470800280571 16.06532096862793 -0.11391036212444305
v 0.07366295158863068 15.82582950592041 0.7213645577430725
v 0.15269151329994202 15.131780624389648 0.00530847767367959
v -0.027451451867818832 16.26136016845703 -0.03804513067007065
v 0.08119214326143265 15.604079246520996 -0.9104321599006653
v 0.2235504686832428 15.059964179992676 -0.44948047399520874
v 0.40396904945373535 15.066566467285156 0.38341185450553894
v 0.0855247974395752 15.7836275100708 1.0131995677947998
v -0.03668185696005821 16.027599334716797 0.07639744132757187
v -0.3413637578487396 14.696630477905273 -0.43270143866539
v -0.35226091742515564 14.676742553710938 -0.40585729479789734
v 0.29954081773757935 15.082863807678223 -0.027948876842856407
v 0.4856809079647064 15.399882316589355 -0.6102471947669983
v 0.05986989289522171 15.742685317993164 0.8125689029693604
v 0.23829787969589233 15.987977027893066 -0.5686131119728088
v -0.19438908994197845 14.855950355529785 -0.3906615972518921
v -0.17725969851016998 14.974407196044922 -0.09828255325555801
v 0.26676759123802185 15.084543228149414 0.12373290210962296
v 0.06112612411379814 15.563840866088867 1.069901943206787
v 0.18257829546928406 15.374924659729004 0.9348546266555786
v 0.0495518296957016 15.280881881713867 0.8823875188827515
v -0.33117058873176575 15.034915924072266 -0.32889166474342346
v -0.04713573679327965 16.232351303100586 -0.17113006114959717
v 0.06724894046783447 15.60135555267334 1.0689986944198608
v 0.04179491102695465 15.59566879272461 -0.8019365668296814
v 0.1352967470884323 14.577414512634277 -0.00017166408360935748
v 0.29164355993270874 14.860453605651855 0.1354609876871109
v 0.27579164505004883 15.654046058654785 -0.7373656034469604
v -0.21858449280261993 16.227739334106445 0.0258631594479084
v 0.6831396222114563 15.829380989074707 -0.14855998754501343
v -0.2778584659099579 16.031213760375977 0.17047391831874847
v 0.07583212107419968 15.967504501342773 0.6042124629020691
v -0.27280524373054504 16.030561447143555 0.17863419651985168
v 0.27366092801094055 16.02720832824707 0.13921284675598145
v 0.13852126896381378 15.029809951782227 -0.07717756181955338
v 0.19133777916431427 15.784441947937012 -1.2174183130264282
v 0.22616121172904968 16.0112247467041 -0.15183910727500916
v -0.38905707001686096 16.02280616760254 0.2550196945667267
v -0.1940457969903946 14.860054969787598 -0.3902258276939392
v -0.2322750687599182 14.825843811035156 -0.43901681900024414
v 0.005432923790067434 15.241596221923828 0.6454335451126099
v -0.08310301601886749 15.811344146728516 0.7421344518661499
v -0.17401129007339478 14.718584060668945 -0.6483219861984253
v -0.3364104926586151 14.966401100158691 -0.3345528841018677
v -0.4412710666656494 16.04398536682129 -0.12445410341024399
v 0.14211022853851318 14.681943893432617 0.16826948523521423
v -0.25036051869392395 16.048694610595703 -0.21448424458503723
v -0.19426293671131134 15.591712951660156 -0.8015512228012085
v -0.07566436380147934 15.593282699584961 -1.1226224899291992
v 0.19636815786361694 14.989391326904297 0.22684596478939056
v 0.20328812301158905 16.215469360351562 0.09706996381282806
v 0.7162765860557556 15.22281265258789 -0.045217160135507584
v 0.2862387001514435 16.02631378173828 -0.2070908546447754
v -0.19535253942012787 15.393330574035645 -0.7815194129943848
v -0.21469363570213318 15.679829597473145 0.6721315383911133
v -0.3272210359573364 15.261579513549805 -0.39218059182167053
v 0.016473058611154556 15.709512710571289 1.079021692276001
v -0.6865968704223633 15.378530502319336 0.3269585967063904
v 0.5054673552513123 15.055649757385254 -0.3931690752506256
v -0.6214917302131653 15.904095649719238 -0.2749071717262268
v 0.15765409171581268 16.092464447021484 -0.08376947045326233
v -0.20068173110485077 15.464088439941406 -0.9317858219146729
v -0.3419414758682251 14.701361656188965 -0.5434167385101318
v 0.16101306676864624 16.053733825683594 0.19078905880451202
v -0.5909659266471863 15.88763427734375 0.17682605981826782
v 0.5329918265342712 15.427236557006836 0.39907175302505493
v -0.1434280276298523 14.980350494384766 0.2223033308982849
v -0.3388538062572479 14.934447288513184 -0.3371925354003906
v 0.2742651700973511 15.633137702941895 -0.7440950274467468
v 0.016372960060834885 15.34298324584961 1.0237202644348145
v 0.6792817115783691 15.787317276000977 -0.013357536867260933
v -0.021534519270062447 15.335612297058105 0.8850066661834717
v -0.45236295461654663 16.030702590942383 0.01623031310737133
v 0.09827956557273865 16.12155532836914 0.19582103192806244
v 0.030012458562850952 16.038867950439453 -0.43292221426963806
v 0.6759036183357239 15.709953308105469 0.12948854267597198
v 0.08019047975540161 16.037723541259766 -0.42884525656700134
v 0.6261078119277954 15.938787460327148 -0.13889461755752563
v 0.4029594361782074 15.332130432128906 0.49754640460014343
v -0.6521889567375183 15.60711669921875 0.31676769256591797
v 0.6916836500167847 15.161702156066895 -0.049724072217941284
v -0.030160697177052498 16.129831314086914 0.2065524458885193
v 0.029280150309205055 15.749433517456055 -0.750412106513977
v -0.4495101571083069 15.025416374206543 0.13259544968605042
v -0.11821991950273514 15.558077812194824 -0.899607241153717
v 0.18468284606933594 14.650202751159668 0.19367574155330658
v -0.19731047749519348 14.803523063659668 -0.3110215365886688
v 0.04119272902607918 16.248014450073242 -0.05570811778306961
v 0.2439306676387787 16.016315460205078 -0.01173071563243866
v -0.6164358854293823 15.10680103302002 0.09925369918346405
v 0.3118433356285095 16.01842498779297 -0.10360594838857651
v -0.04733354225754738 15.042037010192871 -0.5339466333389282
v -0.16375373303890228 16.1589412689209 -0.09527938812971115
v -0.23797816038131714 14.628588676452637 -0.38333362340927124
v 0.3013908267021179 15.134952545166016 -0.06621477752923965
v 0.24591921269893646 15.502389907836914 1.1050013303756714
v 0.11317893862724304 15.605060577392578 -1.1005924940109253
v 0.2792411744594574 15.852075576782227 -0.6481510400772095
v 0.17574751377105713 15.181272506713867 0.5222936272621155
v -0.27388060092926025 15.046982765197754 0.45721301436424255
v -0.35198745131492615 14.762713432312012 -0.3513825535774231
v 0.4930993318557739 15.986116409301758 -0.30476588010787964
v 0.28477635979652405 16.026430130004883 -0.2100655883550644
v 0.25479382276535034 14.897260665893555 0.05748072639107704
v 0.6384435296058655 15.825389862060547 0.12542684376239777
v -0.2824289798736572 16.031801223754883 0.16309328377246857
v -0.5179283022880554 15.924930572509766 0.31316348910331726
v -0.1180199533700943 15.694294929504395 -1.0104161500930786
v 0.03875761851668358 15.470272064208984 1.0339282751083374
v 0.1480524241924286 14.773210525512695 0.31517842411994934
v 0.004576175473630428 15.615331649780273 0.7520896196365356
v 0.16270381212234497 16.04296875 -0.4173434376716614
v 0.21758712828159332 16.01366424560547 -0.16417255997657776
v 0.13626450300216675 16.20096206665039 0.17932577431201935
v -0.5346161723136902 16.01914405822754 -0.036688804626464844
v 0.1992587149143219 15.62472152709961 1.1668556928634644
v 0.7279976606369019 15.665346145629883 -0.16617907583713531
v -0.3243832588195801 15.144864082336426 0.5056097507476807
v -0.7653403878211975 15.401909828186035 -0.13291262090206146
v -0.31206369400024414 15.284748077392578 -0.30824950337409973
v -0.7665973901748657 15.456727027893066 0.1263265758752823
v 0.686086118221283 15.668038368225098 0.13074113428592682
v -0.07827681303024292 15.494229316711426 -1.0274916887283325
v -0.49031922221183777 15.02644157409668 0.024085737764835358
v 0.20733435451984406 15.101459503173828 -0.6491327881813049
v -0.06502576172351837 15.772076606750488 -1.429565191268921
v -0.11723531782627106 15.57078742980957 -0.9140714406967163
v 0.09285447746515274 15.714112281799316 0.897365152835846
v 0.25543761253356934 14.667594909667969 0.06763385236263275
v 0.01539700385183096 14.994996070861816 0.3997405767440796
v 0.18691936135292053 15.728968620300293 1.1046462059020996
v 0.23819094896316528 16.02007484436035 0.03768042102456093
v 0.04867028445005417 15.477874755859375 1.130797266960144
v -0.5721774101257324 15.635744094848633 -0.5314355492591858
v 0.01737416908144951 15.382857322692871 0.9155256748199463
v -0.2389129400253296 15.559864044189453 0.6709904074668884
v 0.08584602177143097 14.986430168151855 0.2557467818260193
v -0.1275804489850998 16.13431167602539 -0.11182355135679245
v 0.19289931654930115 15.713605880737305 1.1198078393936157
v -0.4174831211566925 16.050718307495117 -0.19316688179969788
v 0.21723997592926025 16.036230087280273 0.24802489578723907
v 0.16549041867256165 16.076839447021484 -0.03852332755923271
v -0.10550086945295334 15.808107376098633 -1.1164981126785278
v 0.6576839685440063 15.120993614196777 -0.22534044086933136
v -0.3286578953266144 16.055980682373047 -0.32387346029281616
v 0.12364532798528671 16.079326629638672 0.1523534506559372
v 0.17475062608718872 16.227460861206055 0.02846798487007618
v 0.254256933927536 15.14901351928711 0.511519193649292
v -0.451892614364624 16.030763626098633 0.02567160874605179
v -0.07844617962837219 16.01041030883789 0.15109038352966309
v 0.14464521408081055 15.04427433013916 -0.36999592185020447
v 0.0001070244688889943 15.093795776367188 -0.6426602005958557
v -0.7749422788619995 15.526309967041016 -0.12152077257633209
v 0.17779110372066498 14.548811912536621 0.025989647954702377
v -0.12053389102220535 15.531600952148438 -0.8648167252540588
v -0.5795524716377258 15.069941520690918 0.09156320989131927
v 0.4947723150253296 15.085301399230957 0.25167006254196167
v -0.34330645203590393 15.757862091064453 0.5345233082771301
v -0.1583913266658783 16.024490356445312 0.17380423843860626
v -0.5501181483268738 15.751594543457031 -0.5004311800003052
v 0.06401031464338303 16.172988891601562 -0.15819284319877625
v -0.48218637704849243 15.025784492492676 0.05811339244246483
v -0.5067852735519409 15.046117782592773 -0.2976834774017334
v -0.031015852466225624 16.189455032348633 0.2059045433998108
v 0.1608540564775467 14.987505912780762 0.2413906753063202
v 0.08778928965330124 16.02537727355957 0.10619617998600006
v 0.019382044672966003 16.039243698120117 -0.43339303135871887
v -0.7556565999984741 15.386749267578125 0.12090285867452621
v 0.41145023703575134 15.491189002990723 0.5510997772216797
v -0.3389894962310791 14.708442687988281 -0.582770824432373
v 0.7363921999931335 15.521854400634766 -0.1903856247663498
v 0.02028065174818039 16.020601272583008 0.46058905124664307
v 0.1352701187133789 14.554326057434082 -0.048726506531238556
v 0.26076966524124146 14.561415672302246 0.039352741092443466
v -0.2744222581386566 15.153535842895508 -0.4185567796230316
v -0.19785885512828827 16.041112899780273 -0.2661704421043396
v 0.21177667379379272 15.156781196594238 -0.6823157668113708
v -0.09050856530666351 16.024444580078125 0.13383302092552185
v 0.17871268093585968 14.665343284606934 0.06757447868585587
v -0.5761211514472961 15.994256973266602 -0.03931364789605141
v -0.5511035323143005 15.258530616760254 -0.5485518574714661
v -0.17353059351444244 14.96616268157959 -0.03818049281835556
v -0.10993601381778717 16.121063232421875 0.16648751497268677
v 0.2554967701435089 14.91486644744873 0.044500965625047684
v 0.6896366477012634 15.280346870422363 -0.21879778802394867
v 0.08719689399003983 15.779956817626953 -1.0561643838882446
v -0.5482930541038513 15.250338554382324 -0.546118438243866
v 0.0937521755695343 15.037778854370117 -0.38082584738731384
v 0.034471601247787476 15.051285743713379 -0.5178558826446533
v 0.5124953985214233 15.207711219787598 0.32746022939682007
v -0.397872656583786 15.486701011657715 -0.7133355736732483
v 0.7035149931907654 15.450939178466797 0.1186283603310585
v -0.27940770983695984 15.06161117553711 -0.4287601709365845
v -0.19329950213432312 14.864608764648438 -0.30504000186920166
v -0.194276824593544 14.84974193572998 -0.3064970076084137
v -0.20457656681537628 14.692781448364258 -0.3218598961830139
v 0.15929639339447021 15.779016494750977 0.7943466901779175
v -0.18650385737419128 14.96821403503418 -0.2949036955833435
v 0.5049936771392822 15.04189682006836 0.0627802386879921
v 0.19063936173915863 15.064435005187988 -0.07419145107269287
v -0.2974833846092224 16.015657424926758 0.349922239780426
v -0.4859378933906555 15.05872631072998 0.26783430576324463
v 0.519489049911499 15.089069366455078 -0.40000224113464355
v 0.01943504996597767 16.04758644104004 0.18229368329048157
v -0.3485924303531647 14.807121276855469 -0.3477146625518799
v -0.40057528018951416 15.393668174743652 0.573300838470459
v 0.7371864318847656 15.537768363952637 -0.187211275100708
v -0.6733939051628113 15.508605003356934 0.32054731249809265
v 0.223011314868927 15.030172348022461 0.4322713017463684
v -0.6498726010322571 15.84094524383545 -0.2882939279079437
v 0.19015458226203918 14.730714797973633 0.3268328011035919
v 0.14707282185554504 15.786563873291016 0.7620234489440918
v 0.1829129308462143 15.030281066894531 -0.013114798814058304
v 0.670403242111206 15.59521770477295 -0.34207311272621155
v 0.29906219244003296 15.069413185119629 -0.01804826781153679
v 0.05674091726541519 16.047027587890625 0.24544009566307068
v 0.2003495693206787 15.060120582580566 -0.4593234360218048
v 0.21659570932388306 15.411664962768555 -0.7414082884788513
v 0.6189910769462585 15.386789321899414 0.26169466972351074
v 0.4187988042831421 15.20431137084961 -0.6110720634460449
v -0.19711948931217194 16.23440170288086 -0.03464430198073387
v 0.6907352209091187 15.28695297241211 -0.21874693036079407
v 0.3559228777885437 16.027862548828125 0.2832505404949188
v 0.1906536966562271 14.972431182861328 -0.00766923651099205
v -0.29652926325798035 15.009530067443848 -0.25033333897590637
v -0.42158132791519165 15.991338729858398 -0.3787839412689209
v -0.7164241671562195 15.558876037597656 -0.3553796708583832
v 0.30484306812286377 15.247480392456055 -0.04800011217594147
v -0.024300865828990936 16.164831161499023 -0.15605278313159943
v -0.1980004757642746 15.218050956726074 -0.3973087966442108
v -0.0008036404033191502 15.440149307250977 1.080869436264038
v 0.015628138557076454 15.683060646057129 0.7437832951545715
v 0.46252572536468506 15.970667839050293 0.3282302916049957
v -0.19909802079200745 15.881486892700195 -0.6777369379997253
v -0.028682885691523552 14.982932090759277 0.2530807554721832
v -0.2559032142162323 16.044044494628906 0.005159240216016769
v -0.01341053657233715 15.330744743347168 0.7327311038970947
v 0.3072529435157776 16.021657943725586 -0.1396346539258957
v -0.6675347685813904 15.867327690124512 -0.05191599205136299
v 0.5197199583053589 15.05178451538086 -0.012727374210953712
v -0.5791733264923096 15.437420845031738 -0.5723749995231628
v -0.12386500090360641 15.500974655151367 -0.8072300553321838
v -0.2866615355014801 15.096442222595215 -0.26424798369407654
v 0.02860448881983757 15.703259468078613 0.9585946798324585
v 0.33689016103744507 15.058403015136719 -0.2970617413520813
v 0.13331161439418793 16.23639678955078 -0.004494990687817335
v 0.1462886482477188 15.284895896911621 0.8812839388847351
v -0.20567139983177185 16.17828369140625 -0.01380570326000452
v 0.1355362981557846 15.135120391845703 -0.0978437140583992
v -0.3875123858451843 15.718890190124512 -0.6605485081672668
v 0.6980480551719666 15.170194625854492 -0.048924654722213745
v -0.43140673637390137 15.035051345825195 -0.3049236238002777
v 0.1430623084306717 14.696623802185059 0.19180595874786377
v 0.029937157407402992 15.727540016174316 -0.7591896057128906
v 0.11565272510051727 15.637720108032227 -1.13738214969635
v 0.08606578409671783 16.13176918029785 -0.1212516501545906
v 0.24537208676338196 15.210125923156738 0.5452360510826111
v -0.7690524458885193 15.597236633300781 -0.11153940856456757
v -0.19744867086410522 14.819475173950195 -0.3945446312427521
v 0.03853262588381767 16.015867233276367 -0.07211486995220184
v 0.04770342633128166 15.550650596618652 -0.8097705245018005
v 0.02972467616200447 15.873123168945312 -0.6986104846000671
v 0.19633950293064117 15.039037704467773 0.1452053040266037
v -0.4036802649497986 15.451698303222656 0.5755223631858826
v 0.5281504988670349 15.359297752380371 0.38154616951942444
v 0.5393589735031128 15.131573677062988 -0.40789178013801575
v -0.13409513235092163 16.24125099182129 -0.11701659113168716
v 0.2709873914718628 15.276517868041992 -0.021878384053707123
v -0.21737854182720184 14.751749038696289 -0.6159104704856873
v -0.059266939759254456 16.241395950317383 0.06140798330307007
v 0.4732947051525116 15.947660446166992 0.33571672439575195
v -0.2199242264032364 15.057162284851074 -0.2498883605003357
v -0.7532873153686523 15.597330093383789 0.14638419449329376
v 0.6624268293380737 15.756608963012695 0.12777027487754822
v 0.39487990736961365 16.038169860839844 0.1844114363193512
v 0.049516111612319946 15.48208236694336 1.1320161819458008
v 0.12908269464969635 15.343031883239746 0.7861730456352234
v 0.18997076153755188 15.787379264831543 -1.2348204851150513
v 0.20465855300426483 15.579716682434082 1.0832433700561523
v 0.16359969973564148 16.053659439086914 0.18830980360507965
v -0.06624627858400345 16.141761779785156 -0.13586938381195068
v 0.20151548087596893 16.040483474731445 0.2674671411514282
v -0.5307630896568298 15.463491439819336 0.46015045046806335
v -0.7666017413139343 15.53521728515625 0.1363709717988968
v -0.6041050553321838 15.091553688049316 -0.10230626910924911
v 0.13003794848918915 15.332380294799805 0.7570105791091919
v -0.0772063285112381 15.871702194213867 -1.2587283849716187
v 0.6963406801223755 15.608823776245117 0.1304856538772583
v -0.6432722806930542 15.910300254821777 -0.045542020350694656
v -0.1677573174238205 16.222274780273438 0.11513789743185043
v -0.20530398190021515 16.1414794921875 -0.0030674554873257875
v -0.3335147202014923 15.024123191833496 -0.47222277522087097
v 0.030155781656503677 16.026073455810547 0.15252816677093506
v 0.6191152930259705 15.662871360778809 0.2710861265659332
v -0.5227161049842834 15.579221725463867 0.453243225812912
v -0.3151746988296509 14.625100135803223 -0.3667745590209961
v 0.4098532199859619 16.053939819335938 0.09446240961551666
v -0.22799667716026306 15.013684272766113 -0.33022284507751465
v -0.013473780825734138 15.735223770141602 1.0107855796813965
v 0.10518405586481094 16.04585838317871 0.12618781626224518
v 0.1473405808210373 14.909882545471191 0.17619475722312927
v 0.2668217420578003 15.087004661560059 0.12186221033334732
v 0.08272501081228256 15.64797306060791 -0.9428471326828003
v -0.3152826428413391 14.987567901611328 0.054258476942777634
v -0.07575104385614395 15.873612403869629 -1.267189383506775
v 0.1848430037498474 16.06704330444336 0.04239458218216896
v 0.1936200112104416 15.498711585998535 1.1500866413116455
v 0.6230086088180542 15.534303665161133 0.2718757688999176
v -0.1630234718322754 16.198772430419922 0.11959953606128693
v -0.5401498675346375 15.235662460327148 -0.5398449301719666
v 0.18400241434574127 15.793967247009277 -1.2954515218734741
v -0.07551296800374985 15.447210311889648 -0.9760442972183228
v 0.06866737455129623 15.318639755249023 0.9615589380264282
v -0.333112508058548 15.162442207336426 0.5148628950119019
v 0.2273457795381546 15.2730712890625 0.8288462162017822
v 0.04241142421960831 15.298828125 -0.762150764465332
v 0.16167372465133667 16.217021942138672 -0.05296565964818001
v -0.2083069235086441 14.776637077331543 -0.7330389618873596
v 0.30216318368911743 15.156693458557129 -0.0822024866938591
v 0.039057910442352295 16.226564407348633 0.1017170175909996
v 0.621950089931488 15.477492332458496 0.26866647601127625
v -0.33661967515945435 14.71411418914795 -0.6143627166748047
v -0.3478374779224396 14.816976547241211 -0.34689861536026
v -0.5287986397743225 15.496383666992188 0.4585588872432709
v 0.22950290143489838 15.293587684631348 0.8837932348251343
v -0.16985982656478882 15.221843719482422 -0.2700774371623993
v -0.12588857114315033 15.482694625854492 -0.7330711483955383
v 0.17324459552764893 15.174193382263184 0.49892503023147583
v 0.13542664051055908 15.137761116027832 -0.09989709407091141
v -0.31440848112106323 16.015804290771484 0.33643630146980286
v 0.07710541039705276 15.546908378601074 -0.8330005407333374
v 0.0508742593228817 16.225332260131836 0.15750166773796082
v 0.18977989256381989 15.787789344787598 -1.2372490167617798
v 0.264492392539978 15.140652656555176 -0.12152396142482758
v -0.24136443436145782 15.400713920593262 0.6519430875778198
v 0.24140523374080658 16.00813865661621 -0.11564888805150986
v 0.4083697199821472 14.995747566223145 0.2172863781452179
v -0.7716608643531799 15.437207221984863 -0.13014444708824158
v 0.09767510741949081 15.710098266601562 0.9123350381851196
v -0.1970803588628769 14.667254447937012 -0.3813777267932892
v -0.2013351023197174 16.106491088867188 0.011861943639814854
v 0.032110877335071564 15.699776649475098 0.9681146740913391
v 0.19101586937904358 15.373254776000977 1.0472255945205688
v 0.11041872948408127 15.057930946350098 -0.4945615828037262
v 0.0699659213423729 15.034834861755371 -0.3848833441734314
v 0.23961348831653595 15.239524841308594 0.5607035160064697
v -0.17933399975299835 15.077455520629883 -0.28420892357826233
v 0.06276772916316986 16.21051597595215 0.21249054372310638
v 0.09671530872583389 15.876825332641602 -1.3020106554031372
v 0.18033017218112946 14.680205345153809 0.09268612414598465
v 0.08737342804670334 15.754548072814941 0.7029260396957397
v -0.22043369710445404 14.662635803222656 -0.5615649223327637
v -0.48876452445983887 15.026305198669434 0.03086828999221325
v 0.08657582849264145 15.754729270935059 0.7008758187294006
v -0.4520244598388672 16.030746459960938 0.023024924099445343
v 0.06824354827404022 15.034621238708496 -0.38517704606056213
v 0.11603150516748428 15.41044807434082 0.9485129714012146
v -0.29025813937187195 14.688817024230957 -0.6993595957756042
v -0.40382120013237 15.457347869873047 0.5756217241287231
v -0.006594768259674311 15.256163597106934 0.8102163672447205
v -0.4888947606086731 15.902396202087402 -0.4400736391544342
v -0.32633447647094727 15.806543350219727 0.5221964716911316
v 0.510985255241394 15.657428741455078 -0.5700809955596924
v -0.19601954519748688 14.823187828063965 -0.30909714102745056
v -0.24216122925281525 14.757268905639648 -0.27686136960983276
v -0.07842764258384705 16.181360244750977 0.1909419298171997
v -0.19821032881736755 14.810369491577148 -0.3955114781856537
v 0.008218152448534966 16.020933151245117 0.4608977735042572
v -0.009387504309415817 15.078328132629395 -0.6269962191581726
v 0.19581125676631927 14.983238220214844 0.18771126866340637
v 0.11054180562496185 15.700584411621094 0.960015594959259
v -0.1949082314968109 16.11452293395996 -0.03495187312364578
v 0.11582129448652267 15.490062713623047 -0.9880316257476807
v 0.264207124710083 15.133517265319824 -0.11625538766384125
v 0.06650388985872269 16.041324615478516 -0.2852974832057953
v 0.24781788885593414 15.572067260742188 1.1211940050125122
v 0.1758178025484085 16.220474243164062 0.13084964454174042
v 0.11482145637273788 15.649938583374023 1.1661921739578247
v 0.11286886036396027 15.597963333129883 -1.0930206775665283
v 0.07488232851028442 16.216075897216797 -0.1595432460308075
v -0.07996755838394165 15.718208312988281 -1.309374213218689
v 0.3020912706851959 15.023804664611816 0.11858899891376495
v 0.19506528973579407 14.904398918151855 0.24769026041030884
v 0.6603384017944336 15.710721015930176 -0.34397438168525696
v 0.008531413972377777 15.355353355407715 0.8355045318603516
v 0.16996024549007416 14.58509349822998 -0.06829158216714859
v -0.3361530900001526 14.904776573181152 -0.41777169704437256
v -0.1902693659067154 14.682451248168945 -0.4601958692073822
v -0.3695354461669922 15.252158164978027 0.5494781732559204
v -0.198423832654953 14.786526679992676 -0.3126819133758545
v -0.3454260230064392 14.9923677444458 -0.10052884370088577
v 0.5366379022598267 15.922195434570312 0.244422048330307
v 0.2496596872806549 14.98216724395752 0.32993924617767334
v -0.21528853476047516 15.41579532623291 -0.7489561438560486
v -0.3956836760044098 15.62174129486084 -0.6899309158325195
v 0.2540842592716217 15.119807243347168 0.4930003583431244
v 0.010708547197282314 16.2586727142334 -0.11144909262657166
v 0.26127901673316956 14.583003997802734 0.07508797943592072
v 0.049187153577804565 15.05272102355957 -0.513778805732727
v 0.12122773379087448 16.0127010345459 -0.14268401265144348
v 0.1940438449382782 15.47183609008789 1.0311989784240723
v 0.17204205691814423 16.029327392578125 0.05539095029234886
v 0.09342185407876968 16.030176162719727 -0.2078634351491928
v 0.19197794795036316 15.459360122680664 1.0220638513565063
v 0.1075875461101532 16.032724380493164 0.08144260942935944
v 0.05508292838931084 16.249900817871094 -0.014450880698859692
v 0.10157233476638794 15.875070571899414 -1.3832813501358032
v 0.19627898931503296 15.676863670349121 1.0156348943710327
v -0.2245403379201889 14.9144287109375 -0.42960429191589355
v -0.14909051358699799 14.980324745178223 0.22004704177379608
v -0.3292417824268341 14.731729507446289 -0.7127075791358948
v -0.08485189080238342 16.241640090942383 -0.06685926765203476
v 0.2946344316005707 14.944735527038574 0.07357262820005417
v -0.07304680347442627 16.12006950378418 -0.12612460553646088
v 0.24996954202651978 15.663488388061523 0.6907356381416321
v -0.3350764513015747 14.983888626098633 -0.33311158418655396
v 0.11532444506883621 15.215394020080566 0.7181513905525208
v 0.1928863376379013 15.593971252441406 -0.9821254014968872
v -0.6576099395751953 15.820708274841309 -0.29248303174972534
v 0.05867713317275047 15.550850868225098 1.0681538581848145
v 0.654416024684906 15.781968116760254 0.1268548220396042
v 0.6180340051651001 15.950155258178711 -0.13757900893688202
v 0.6986934542655945 15.330384254455566 -0.21723318099975586
v 0.2557438313961029 14.67211627960205 0.07546675950288773
v 0.14143480360507965 15.285848617553711 0.5971760749816895
v 0.19063982367515564 15.061934471130371 -0.07238127291202545
v 0.020074767991900444 15.98891544342041 -0.6075986623764038
v -0.01603447087109089 15.328946113586426 0.7227702140808105
v -0.19901293516159058 15.881909370422363 -0.6774178743362427
v -0.717951238155365 15.539139747619629 -0.3574807047843933
v -0.19056466221809387 16.0221004486084 0.26925820112228394
v 0.07821878045797348 15.312957763671875 0.6256648898124695
v -0.27859556674957275 16.05068016052246 -0.1752181500196457
v 0.5399190783500671 15.541890144348145 0.4183838367462158
v 0.23244532942771912 15.275832176208496 0.5808703303337097
v -0.07949789613485336 15.70754337310791 -1.2886582612991333
v -0.3295177221298218 14.731062889099121 -0.7090293169021606
v -0.4969102442264557 15.962183952331543 0.3038022816181183
v -0.3459925055503845 14.990934371948242 -0.05603002384305
v -0.09899631887674332 15.035465240478516 -0.5386003851890564
v 0.1455085575580597 14.833977699279785 0.23470230400562286
v 0.1906716674566269 14.851953506469727 0.07946180552244186
v -0.015309897251427174 15.81867504119873 0.7618376016616821
v 0.05260254442691803 16.026153564453125 0.07147829979658127
v 0.04776940122246742 16.019845962524414 0.4598858654499054
v 0.14167936146259308 15.618108749389648 1.07290780544281
v 0.5563526749610901 15.99619197845459 -0.0027851336635649204
v -0.22423548996448517 14.655269622802734 -0.5229431390762329
v 0.5039017200469971 15.051756858825684 -0.3923467695713043
v -0.19363482296466827 14.674991607666016 -0.42124679684638977
v 0.255525678396225 14.915593147277832 0.04396680369973183
v -0.02686803974211216 16.229679107666016 0.13719245791435242
v 0.2689915895462036 15.18570327758789 0.04697611555457115
v 0.3625543713569641 15.127275466918945 -0.5771744251251221
v -0.016903048381209373 16.04372787475586 0.18041479587554932
v -0.7359145879745483 15.304449081420898 0.1192612498998642
v 0.05517438426613808 14.987687110900879 0.01300033088773489
v 0.038389530032873154 15.262663841247559 -0.749095618724823
v -0.12381347268819809 16.019363403320312 0.44218671321868896
v 0.1526080220937729 15.790966987609863 0.9825840592384338
v -0.19436372816562653 16.040809631347656 -0.2687218189239502
v 0.02625059150159359 15.180410385131836 -0.7088639140129089
v -0.2136828750371933 15.141342163085938 -0.2423190027475357
v 0.4966041147708893 15.097549438476562 0.26041272282600403
v -0.030014416202902794 16.21329689025879 0.20006336271762848
v 0.49921348690986633 15.115145683288574 0.2727932631969452
v -0.020353589206933975 16.057231903076172 0.19071649014949799
v 0.15481404960155487 15.219724655151367 -0.062479980289936066
v 0.22448799014091492 15.263933181762695 0.8035427927970886
v -0.6038313508033752 15.8731107711792 0.17630623281002045
v -0.687116265296936 15.392411231994629 0.32735010981559753
v -0.5687269568443298 15.978999137878418 -0.253928005695343
v 0.2462160885334015 15.979146957397461 0.49847936630249023
v -0.11418380588293076 14.994568824768066 -0.20840317010879517
v -0.010477663017809391 14.971084594726562 0.11410847306251526
v 0.2961449921131134 16.025510787963867 -0.18459530174732208
v 0.24499261379241943 16.015222549438477 -0.024940703064203262
v -0.16814075410366058 16.02602767944336 0.05537116155028343
v -0.12441565096378326 14.980439186096191 0.22987939417362213
v 0.3129628300666809 15.058226585388184 -0.40187519788742065
v -0.14678052067756653 16.03074073791504 0.058084726333618164
v -0.34479019045829773 14.856844902038574 -0.34360596537590027
v 0.19533373415470123 14.93271541595459 0.22611980140209198
v -0.20543399453163147 16.14413833618164 -0.004043184220790863
v 0.19599643349647522 15.002853393554688 0.17276890575885773
v -0.11173868924379349 14.995417594909668 0.4623698890209198
v -0.1762540489435196 15.072244644165039 -0.36764246225357056
v 0.012469363398849964 15.785611152648926 1.0085506439208984
v -0.17253495752811432 16.024423599243164 0.1597866415977478
v 0.5192205905914307 15.053301811218262 -0.048261504620313644
v -0.07591278851032257 16.11103630065918 -0.12225240468978882
v 0.22662462294101715 15.553382873535156 0.6953114867210388
v 0.17532436549663544 16.227033615112305 0.024954769760370255
v -0.289914608001709 15.911818504333496 0.49102479219436646
v 0.46417370438575745 15.871328353881836 -0.5306609272956848
v 0.0788751021027565 16.01886558532715 0.45699870586395264
v -0.7687817215919495 15.599543571472168 -0.11116266995668411
v -0.07408531755208969 16.020448684692383 0.45350825786590576
v -0.061894286423921585 16.23247718811035 0.11166539788246155
v 0.1853371262550354 15.68887996673584 0.985515832901001
v -0.16788733005523682 14.732257843017578 -0.7191875576972961
v -0.07875125855207443 15.55610466003418 -1.0874611139297485
v 0.7142607569694519 15.67257308959961 -0.022793371230363846
v 0.0006703035905957222 16.23802947998047 -0.17727471888065338
v 0.2550024390220642 15.132144927978516 0.5012889504432678
v -0.21549226343631744 15.415406227111816 -0.7632156014442444
v -0.18157176673412323 15.099189758300781 -0.6451315879821777
v -0.07439027726650238 16.235309600830078 0.1028069481253624
v -0.5627959370613098 15.292612075805664 -0.5586752891540527
v 0.5879026651382446 15.955367088317871 -0.003949683625251055
v 0.10352425277233124 15.201092720031738 0.6593203544616699
v 0.03694242984056473 15.251153945922852 -0.7442882657051086
v 0.294979989528656 14.576397895812988 -0.014009766280651093
v -0.40306422114372253 15.427003860473633 0.5750880241394043
v -0.2116565704345703 14.767395973205566 -0.6897943019866943
v 0.08916450291872025 15.827092170715332 -1.12141752243042
v -0.5892632007598877 15.14144229888916 -0.31421467661857605
v -0.18440259993076324 16.161151885986328 0.0885331928730011
v -0.02384166419506073 15.81851577758789 0.6967959403991699
v -0.04458221048116684 15.748723983764648 0.9386401176452637
v -0.13717029988765717 14.962356567382812 0.028609486296772957
v 0.14911891520023346 14.808974266052246 0.15624293684959412
v 0.11809147894382477 15.692724227905273 0.9863629937171936
v 0.19507598876953125 15.204828262329102 0.597503662109375
v 0.5371733903884888 15.492119789123535 0.4118308424949646
v 0.007723577320575714 15.634688377380371 0.750639796257019
v 0.08924821764230728 16.240102767944336 -0.1241549476981163
v -0.02999064326286316 16.109365463256836 0.20487967133522034
v -0.21026179194450378 15.693184852600098 0.671219527721405
v -0.024696821346879005 15.740825653076172 0.9882189035415649
v 0.0377994067966938 15.641849517822266 1.117929220199585
v 0.15759608149528503 15.288973808288574 0.6520895957946777
v -0.1866735816001892 16.205385208129883 -0.07487166672945023
v 0.665458619594574 15.680845260620117 -0.34275081753730774
v 0.12397564947605133 14.988250732421875 0.3832710385322571
v -0.40334779024124146 15.438370704650879 0.5752879977226257
v 0.38298144936561584 15.150055885314941 -0.5912679433822632
v -0.16403503715991974 16.019254684448242 0.023602990433573723
v 0.35168328881263733 15.997035026550293 0.3724038004875183
v 0.009893884882330894 15.359511375427246 0.8498495221138
v -0.2209322452545166 14.661648750305176 -0.5565014481544495
v 0.1922566294670105 15.782466888427734 -1.2057223320007324
v -0.3917858898639679 15.566704750061035 0.5674642324447632
v 0.22327111661434174 15.53316879272461 0.6933568716049194
v -0.35147765278816223 16.017627716064453 0.30241909623146057
v -0.7462443709373474 15.34406852722168 0.1197260245680809
v 0.04194687679409981 15.594511032104492 -0.8021380305290222
v -0.33955368399620056 15.175665855407715 0.5216383934020996
v 0.6538375020027161 15.109003067016602 -0.2267828732728958
v -0.29421666264533997 15.021859169006348 0.30780187249183655
v 0.03799687325954437 15.754212379455566 0.7643138766288757
v -0.7653577923774719 15.442713737487793 0.12482625246047974
v 0.09983427077531815 15.7561674118042 -1.4351062774658203
v 0.20816972851753235 15.113630294799805 -0.655689537525177
v -0.5794460773468018 15.809605598449707 0.32294967770576477
v -0.4137864112854004 16.027992248535156 0.20995327830314636
v -0.12014009803533554 15.535723686218262 -0.8710184693336487
v -0.42059171199798584 15.974080085754395 0.38965022563934326
v 0.6668599843978882 15.232413291931152 0.09055539965629578
v 0.15334714949131012 15.158945083618164 -0.015630217269062996
v 0.06779356300830841 15.020407676696777 -0.12979911267757416
v 0.29252418875694275 16.02580451965332 -0.19281767308712006
v -0.0839855894446373 16.03078842163086 0.017921289429068565
v -0.39105015993118286 15.02193546295166 0.21893981099128723
v 0.1412457525730133 14.997964859008789 0.008967971429228783
v -0.18773530423641205 15.273487091064453 -0.7431457042694092
v 0.18990865349769592 15.698546409606934 -1.0644727945327759
v 0.13901060819625854 15.05163860321045 -0.032847993075847626
v 0.19068577885627747 14.760589599609375 0.14559249579906464
v -0.0794602483510971 16.052194595336914 -0.1440068930387497
v 0.13798323273658752 15.076356887817383 -0.05206955224275589
v 0.02656339854001999 15.731260299682617 0.7342045903205872
v 0.30162423849105835 14.985816955566406 0.1468801349401474
v -0.774906575679779 15.52763843536377 -0.12138291448354721
v 0.26529955863952637 15.01769733428955 0.17438684403896332
v 0.24790889024734497 15.536527633666992 1.115018367767334
v -0.7321170568466187 15.656715393066406 0.1547096222639084
v 0.12577787041664124 15.41824722290039 -0.9273300766944885
v -0.3104802072048187 15.02364730834961 -0.4903218448162079
v 0.19054155051708221 15.716134071350098 -1.0821425914764404
v -0.3146745562553406 16.035226821899414 0.07724849879741669
v -0.3183249533176422 14.617029190063477 -0.3247168958187103
v -0.06366386264562607 16.035751342773438 -0.30766576528549194
v 0.19064436852931976 15.035393714904785 -0.05317040532827377
v 0.3037506341934204 15.158642768859863 0.018149467185139656
v 0.3073948919773102 15.066145896911621 -0.5346137881278992
v -0.4710831046104431 15.036860466003418 -0.18927431106567383
v -0.3712656795978546 15.241515159606934 -0.6605329513549805
v -0.10619495809078217 15.803608894348145 -1.1111972332000732
v 0.49582403898239136 15.092333793640137 0.25669020414352417
v 0.26320546865463257 15.414087295532227 -0.7785544395446777
v -0.14064905047416687 16.037878036499023 -0.06357014179229736
v 0.5300623774528503 15.385931968688965 0.3888048529624939
v -0.1616399586200714 15.24654769897461 -0.3490915596485138
v 0.24267785251140594 15.223881721496582 0.552472710609436
v 0.16643907129764557 14.985958099365234 0.3679822087287903
v -0.5161605477333069 15.92808723449707 0.312389999628067
v -0.2977083921432495 14.986661911010742 0.0843336284160614
v 0.18254803121089935 14.985164642333984 0.3614030182361603
v 0.038652967661619186 15.619790077209473 -0.7975277304649353
v 0.038279421627521515 15.62439250946045 1.1207908391952515
v -0.35218390822410583 14.760148048400879 -0.3515949249267578
v -0.2071775197982788 15.761307716369629 -0.7461217641830444
v 0.6233078241348267 15.589993476867676 0.2728769779205322
v -0.12175770848989487 16.24398422241211 0.06685376912355423
v 0.22145546972751617 16.01886749267578 0.4170491397380829
v -0.2868976593017578 16.032150268554688 0.1544216126203537
v 0.12083006650209427 14.986804962158203 0.2514953315258026
v -0.6578773856163025 15.884797096252441 -0.049103010445833206
v 0.014412403106689453 15.504090309143066 1.110133171081543
v -0.05680270493030548 15.232781410217285 0.6544467210769653
v -0.3435019850730896 15.908051490783691 -0.5781376361846924
v -0.0052152350544929504 15.267468452453613 0.8416746854782104
v 0.5339047312736511 15.119906425476074 -0.4057261347770691
v -0.7336407899856567 15.65291976928711 0.15424847602844238
v -0.46380552649497986 15.103271484375 0.40343350172042847
v 0.19064323604106903 15.042176246643066 -0.05807998776435852
v -0.38036787509918213 16.041255950927734 -0.33844444155693054
v -0.29106563329696655 14.846540451049805 -0.45262184739112854
v 0.1377316266298294 16.234825134277344 0.008000432513654232
v 0.1741134077310562 16.036094665527344 -0.28852346539497375
v -0.15363894402980804 16.055892944335938 -0.07114824652671814
v 0.1553322821855545 15.03152847290039 -0.05919221416115761
v 0.10339798778295517 15.31324577331543 0.6670092344284058
v 0.39363712072372437 16.036779403686523 0.19131456315517426
v 0.5124366879463196 15.969649314880371 0.23355822265148163
v -0.1916917860507965 16.2341365814209 -0.04931776598095894
v 0.2531071603298187 14.85495662689209 0.0886007621884346
v -0.05857523903250694 15.353127479553223 -0.7773551940917969
v -0.19720901548862457 15.770047187805176 -1.2035375833511353
v 0.005906342528760433 15.623525619506836 0.7516660690307617
v -0.2228841632604599 15.65514850616455 0.6738170385360718
v 0.6501193046569824 15.168440818786621 0.07926411181688309
v 0.2566124200820923 14.942879676818848 0.023914432153105736
v -0.2043878585100174 15.144969940185547 -0.40508243441581726
v 0.264262855052948 15.051581382751465 -0.14058558642864227
v -0.272691935300827 15.313755989074707 -0.24527065455913544
v 0.08011085540056229 15.57213020324707 -0.8778005838394165
v 0.19137553870677948 14.748669624328613 0.356526643037796
v 0.19743739068508148 15.529327392578125 -0.9391778707504272
v 0.21822480857372284 15.724985122680664 0.9916534423828125
v 0.2291925996541977 15.292283058166504 0.5900977253913879
v 0.26487594842910767 14.735371589660645 0.327307790517807
v -0.18731534481048584 14.940325736999512 -0.3816825747489929
v -0.12347575277090073 16.04442024230957 -0.4266645014286041
v 0.70323246717453 15.445879936218262 0.11821409314870834
v -0.16173061728477478 16.019264221191406 0.05845963954925537
v -0.0098645631223917 16.040348052978516 -0.43406549096107483
v -0.6830910444259644 15.838942527770996 -0.05724348500370979
v -0.3925229609012604 15.400468826293945 -0.7041218876838684
v 0.010354791767895222 15.11744499206543 -0.6637044548988342
v 0.39348104596138 15.9720458984375 -0.46239426732063293
v 0.5882090926170349 15.235206604003906 -0.41313043236732483
v 0.1364123821258545 15.11404800415039 -0.0814567506313324
v 0.4919263422489166 15.909258842468262 0.3505121171474457
v 0.028601985424757004 15.81357479095459 0.881733238697052
v -0.45091789960861206 16.030885696411133 0.04523782432079315
v 0.7205293774604797 15.641900062561035 -0.024887923151254654
v -0.5021367073059082 15.174864768981934 0.42800211906433105
v -0.003977431450039148 15.563007354736328 0.7537142038345337
v 0.007874634116888046 15.720093727111816 1.0601996183395386
v 0.031130371615290642 16.038150787353516 0.16016632318496704
v 0.6981374621391296 15.784210205078125 -0.1534552425146103
v -0.36095261573791504 15.207672119140625 -0.6473059058189392
v -0.07933398336172104 15.275581359863281 0.6600892543792725
v 0.14352047443389893 15.285337448120117 0.6064066886901855
v -0.379848837852478 15.282445907592773 -0.674182653427124
v 0.2544097900390625 14.887657165527344 0.06456994265317917
v 0.5120815634727478 15.072092056274414 -0.3966430425643921
v -0.23351354897022247 16.05278205871582 -0.1207566186785698
v 0.11653358489274979 16.201366424560547 -0.15139982104301453
v 0.30300694704055786 16.02365493774414 -0.16044959425926208
v -0.05163673684000969 15.34569263458252 -0.7351727485656738
v 0.19620254635810852 15.024657249450684 0.1561603546142578
v 0.6224007606506348 15.621387481689453 0.27233463525772095
v 0.041903652250766754 16.22630500793457 0.10147200524806976
v 0.1025448814034462 15.751733779907227 -1.403937816619873
v -0.17484141886234283 15.089058876037598 -0.365849107503891
v 0.1089027002453804 15.026183128356934 -0.10260474681854248
v 0.7024036645889282 15.53769588470459 0.12573759257793427
v 0.042346589267253876 16.239791870117188 -0.1731358915567398
v 0.13083350658416748 15.738390922546387 0.7917935252189636
v -0.5144139528274536 15.931205749511719 0.3116260766983032
v 0.507236123085022 15.979243278503418 0.23107761144638062
v -0.14221365749835968 16.046892166137695 -0.06957898288965225
v 0.03670606017112732 15.606853485107422 1.1223541498184204
v -0.231143057346344 15.613933563232422 0.6730794906616211
v -0.27252915501594543 15.023338317871094 -0.5102590322494507
v -0.5057694911956787 15.87286376953125 -0.45399922132492065
v 0.08014043420553207 16.007007598876953 -0.015423196367919445
v -0.7555529475212097 15.666787147521973 -0.09769584238529205
v 0.0485178604722023 15.809403419494629 0.9134261012077332
v 0.08744554221630096 15.72921371459961 -1.0086917877197266
v 0.20438851416110992 15.456141471862793 -0.8663700222969055
v 0.5222315192222595 15.284838676452637 0.35916149616241455
v 0.4271772503852844 15.931771278381348 -0.49444544315338135
v 0.29972919821739197 14.67868709564209 0.15553633868694305
v 0.2635355591773987 15.472151756286621 -0.7749467492103577
v 0.26191213726997375 14.863639831542969 0.29126545786857605
v 0.24853835999965668 14.740296363830566 0.17293542623519897
v -0.4958413541316986 15.027584075927734 -0.022530386224389076
v -0.13735127449035645 15.031089782714844 -0.5387207269668579
v 0.22931726276874542 16.210861206054688 0.024785058572888374
v 0.06509432941675186 15.739203453063965 0.8239379525184631
v -0.32672056555747986 15.281580924987793 -0.3907472491264343
v 0.7369059324264526 15.532147407531738 -0.1883324831724167
v -0.10068637877702713 16.026681900024414 0.21460942924022675
v 0.017207186669111252 15.995635032653809 -0.5965064764022827
v 0.14664603769779205 14.751630783081055 0.28040435910224915
v -0.5804226398468018 15.518497467041016 -0.557910144329071
v 0.6228143572807312 15.523463249206543 0.2712981700897217
v -0.04086265712976456 15.335041999816895 -0.6790898442268372
v -0.17428769171237946 16.12767791748047 0.09573911875486374
v 0.1009187400341034 15.87842845916748 -1.3424221277236938
v 0.5123648047447205 15.548935890197754 -0.5833807587623596
v -0.14127159118652344 16.245389938354492 -0.017510240897536278
v 0.0010195092763751745 14.981963157653809 -0.016859831288456917
v -0.17934150993824005 15.07734203338623 -0.2842201590538025
v -0.29722118377685547 14.732940673828125 -0.46522021293640137
v 0.23174622654914856 15.279367446899414 0.582853376865387
v -0.32403838634490967 15.128173828125 -0.3211857080459595
v 0.04961484670639038 15.482572555541992 1.1321583986282349
v -0.442335307598114 15.035723686218262 -0.27606821060180664
v -0.19662435352802277 15.525983810424805 -1.002166748046875
v 0.3124416470527649 16.017953872680664 -0.09696011990308762
v 0.1298602819442749 16.058576583862305 -0.07054674625396729
v -0.1898445188999176 14.917295455932617 -0.29988574981689453
v 0.6334381699562073 15.419705390930176 -0.37575167417526245
v -0.09198456257581711 14.981057167053223 0.2402186095714569
v -0.23973362147808075 15.548236846923828 0.6702765226364136
v 0.23436492681503296 15.70057487487793 1.0430151224136353
v 0.15015174448490143 15.02645492553711 0.08641725778579712
v 0.6846649646759033 15.824869155883789 -0.1490502506494522
v 0.7344866991043091 15.465229988098145 -0.032900772988796234
v 0.6216634511947632 15.463617324829102 0.2677576541900635
v -0.22920365631580353 15.624068260192871 0.6733208894729614
v 0.10419104248285294 15.414626121520996 1.090932011604309
v -0.2726191282272339 15.186786651611328 -0.41486531496047974
v -0.48334434628486633 16.024494171142578 0.1282714456319809
v 0.1687251776456833 15.772161483764648 0.8256102800369263
v 0.24799761176109314 15.55665397644043 1.1193525791168213
v 0.1587601751089096 15.786538124084473 1.0003043413162231
v -0.08545316010713577 16.231781005859375 0.188139408826828
v 0.4672394394874573 15.339407920837402 -0.6188263893127441
v -0.07691695541143417 15.73499870300293 -1.3438024520874023
v -0.15965096652507782 16.1732177734375 -0.10186401754617691
v 0.07406266033649445 15.825855255126953 0.7234650254249573
v 0.15641357004642487 15.346083641052246 -0.7135486006736755
v -0.33072516322135925 15.936637878417969 -0.5574060082435608
v 0.22085829079151154 16.143896102905273 0.055748119950294495
v -0.43666940927505493 15.944343566894531 0.39924100041389465
v 0.5110109448432922 15.656631469726562 -0.5701573491096497
v 0.11532103270292282 15.551136016845703 1.1559334993362427
v 0.0626155361533165 15.311654090881348 0.5912086367607117
v 0.06320816278457642 15.61496639251709 1.156571388244629
v -0.17136505246162415 16.115859985351562 0.09905008971691132
v 0.6939217448234558 15.357470512390137 0.1097869724035263
v -0.1123872771859169 14.996490478515625 0.46302780508995056
v -0.19431515038013458 15.375463485717773 -0.77652508020401
v 0.03054024837911129 15.707874298095703 -0.7670722007751465
v 0.027371007949113846 15.758121490478516 0.7316998839378357
v 0.5276238322257996 16.03223419189453 -0.00028222694527357817
v 0.1980297863483429 16.01935577392578 -0.18300852179527283
v 0.6438049077987671 15.762336730957031 -0.34633272886276245
v 0.14004935324192047 16.019824981689453 -0.01581994816660881
v 0.4993932247161865 15.992145538330078 0.22700044512748718
v -0.24391579627990723 14.61708927154541 -0.32300543785095215
v 0.4265272915363312 16.048309326171875 0.019678691402077675
v 0.14499078691005707 14.996774673461914 0.10024944692850113
v -0.2947934865951538 14.777800559997559 -0.4602527320384979
v -0.24148966372013092 16.05142593383789 -0.10322671383619308
v 0.2632027268409729 15.413515090942383 -0.7785896062850952
v -0.7017492055892944 15.234774589538574 -0.13030391931533813
v 0.7284271717071533 15.5864896774292 -0.027819886803627014
v 0.23987987637519836 16.018964767456055 0.025358347222208977
v -0.2994045913219452 14.736328125 -0.5346425771713257
v 0.05445026233792305 16.164287567138672 0.21681295335292816
v 0.17881961166858673 14.56394100189209 0.05101052299141884
v 0.1897132396697998 15.32968521118164 0.8024039268493652
v -0.19569571316242218 15.486992835998535 -0.8015119433403015
v -0.31296104192733765 14.630699157714844 -0.39631909132003784
v -0.47863689064979553 15.035985946655273 -0.16111411154270172
v -0.017753655090928078 14.98327922821045 0.25465959310531616
v 0.3024052381515503 14.7362699508667 0.2510540187358856
v 0.21024221181869507 15.736364364624023 0.9673823714256287
v 0.09960199892520905 16.165298461914062 0.204275444149971
v -0.008545998483896255 15.252216339111328 0.7957332730293274
v -0.15468928217887878 15.823470115661621 0.6419603824615479
v 0.054777856916189194 15.033024787902832 -0.3870212137699127
v -0.034894198179244995 15.023528099060059 -0.3939853310585022
v -0.5341631174087524 15.396495819091797 0.4605303704738617
v -0.4086665213108063 16.05231475830078 -0.21290643513202667
v -0.19940787553787231 15.471778869628906 -0.9424669742584229
v 0.30276036262512207 16.028623580932617 0.3503267168998718
v -0.275019109249115 14.985910415649414 0.11722880601882935
v 0.43560755252838135 15.781444549560547 0.5348888635635376
v -0.22717757523059845 14.884193420410156 -0.43281427025794983
v 0.16473694145679474 15.004624366760254 0.0824379026889801
v 0.1143837496638298 15.513860702514648 -1.0099083185195923
v 0.4091755151748657 16.046123504638672 -0.14688971638679504
v -0.22985519468784332 16.053190231323242 -0.12761515378952026
v -0.07768316566944122 15.694023132324219 -1.2629458904266357
v 0.01584676280617714 15.208187103271484 0.6279532313346863
v -0.18960553407669067 14.920926094055176 -0.2995292544364929
v 0.30434074997901917 14.77790355682373 0.32016170024871826
v -0.20741821825504303 14.700583457946777 -0.4071991741657257
v -0.3475257158279419 16.055858612060547 -0.30233609676361084
v -0.32683053612709045 15.277194023132324 -0.3910626769065857
v 0.4107183814048767 16.05461311340332 0.08917678147554398
v 0.4961068034172058 15.052444458007812 -0.13952386379241943
v -0.15473785996437073 15.830769538879395 -1.3908274173736572
v 0.04261980950832367 15.02133846282959 -0.2425660640001297
v 0.17779064178466797 16.0966796875 -0.041239626705646515
v 0.6847711801528931 15.251090049743652 -0.21902288496494293
v -0.21804828941822052 14.988697052001953 -0.42170441150665283
v 0.193050816655159 15.413870811462402 1.0909019708633423
v -0.28416159749031067 15.135371208190918 -0.26085126399993896
v 0.15492801368236542 15.28768539428711 0.6457818746566772
v 0.3113662898540497 16.017574310302734 -0.004060928709805012
v -0.30537736415863037 14.650104522705078 -0.49754610657691956
v 0.17952142655849457 15.7620267868042 0.877230167388916
v -0.47383660078048706 15.117318153381348 0.40970444679260254
v -0.1658225804567337 16.09046173095703 0.10281354933977127
v -0.18620891869068146 15.18246841430664 -0.6952873468399048
v 0.3984864056110382 15.05615520477295 -0.337196946144104
v 0.04864116385579109 15.279142379760742 0.8778284788131714
v -0.33327072858810425 15.019906997680664 -0.4095129072666168
v -0.15667453408241272 15.829143524169922 -1.378943681716919
v 0.18712683022022247 16.103059768676758 0.08678466081619263
v -0.18883591890335083 14.922147750854492 -0.38361209630966187
v -0.20317940413951874 15.751264572143555 -1.1755661964416504
v 0.15822374820709229 16.012989044189453 -0.13404440879821777
v -0.22521929442882538 14.730183601379395 -0.5146722197532654
v 0.025076713413000107 15.01274585723877 -0.14896266162395477
v 0.5405439734458923 15.913756370544434 0.24598653614521027
v -0.005176106002181768 16.25593376159668 0.009339472278952599
v -0.0841054767370224 16.031585693359375 0.010072007775306702
v 0.24770140647888184 15.528223037719727 1.112729549407959
v -0.45207664370536804 16.033355712890625 -0.03477829322218895
v 0.36799904704093933 15.973137855529785 0.40230992436408997
v -0.11019489914178848 16.244916915893555 -0.0531264990568161
v -0.19277717173099518 16.070831298828125 -0.011188366450369358
v 0.06002413481473923 15.997320175170898 0.57569819688797
v 0.6386496424674988 15.136533737182617 0.07185048609972
v -0.14138761162757874 14.98036003112793 0.2231164127588272
v -0.488049179315567 15.032955169677734 -0.11767815053462982
v 0.29981473088264465 14.838808059692383 0.25640881061553955
v 0.2649264633655548 15.00078296661377 0.1872514933347702
v 0.0021428826730698347 15.278529167175293 0.8786891102790833
v -0.7722654342651367 15.444555282592773 -0.12947037816047668
v -0.48348209261894226 15.034560203552246 -0.13999773561954498
v 0.2610522210597992 15.054299354553223 -0.05803949385881424
v -0.06360607594251633 15.88320255279541 -1.3614628314971924
v 0.26943814754486084 15.206024169921875 0.03157716616988182
v 0.22665579617023468 15.035399436950684 0.43543440103530884
v 0.25494736433029175 14.660362243652344 0.05510362610220909
v 0.40018898248672485 15.913180351257324 0.46170809864997864
v -0.10487321019172668 15.268935203552246 0.6053106188774109
v 0.7280535697937012 15.29310131072998 -0.041057173162698746
v 0.24885708093643188 14.748310089111328 0.1670464724302292
v 0.058152299374341965 15.062606811523438 0.5112748742103577
v -0.30216023325920105 15.021646499633789 0.30180850625038147
v 0.6190986633300781 15.353272438049316 -0.39382651448249817
v 0.09295184910297394 16.030996322631836 0.11183920502662659
v 0.6583443880081177 15.716946601867676 -0.3442588746547699
v -0.292889803647995 16.050954818725586 -0.14651617407798767
v -0.3860597014427185 15.59931468963623 0.5633499622344971
v -0.1947537660598755 15.383016586303711 -0.7786364555358887
v 0.7018192410469055 15.42481517791748 0.11647124588489532
v 0.3920500874519348 16.046554565429688 -0.1896933615207672
v 0.5161928534507751 15.053670883178711 -0.07456090301275253
v 0.19897958636283875 16.0411319732666 0.2704869210720062
v -0.16986949741840363 15.148375511169434 -0.3595377206802368
v -0.3130767345428467 14.630406379699707 -0.39477506279945374
v 0.7305474281311035 15.557780265808105 -0.029047226533293724
v -0.5274019241333008 15.519122123718262 0.4571177065372467
v -0.09498284012079239 16.038759231567383 -0.08573662489652634
v 0.11764422059059143 16.20527458190918 -0.15219604969024658
v 0.3140564262866974 16.017005920410156 -0.05688609182834625
v 0.08720621466636658 15.780311584472656 -1.056567907333374
v 0.3737969994544983 15.990888595581055 -0.4451397657394409
v -0.1964479237794876 15.502882957458496 -0.9794837832450867
v 0.007096372079104185 16.034835815429688 0.1637580245733261
v -0.3401843011379242 15.176960945129395 0.5223015546798706
v -0.026956306770443916 15.024280548095703 -0.39379239082336426
v -0.19960090517997742 15.76512622833252 -1.194477915763855
v 0.027208803221583366 15.939131736755371 -0.6588055491447449
v 0.19114531576633453 15.200438499450684 0.5786147117614746
v 0.02589842863380909 15.951186180114746 -0.6473219394683838
v -0.03973212093114853 16.03502655029297 0.2420167475938797
v -0.2129136025905609 15.418243408203125 -0.8255589008331299
v 0.42473506927490234 16.048723220825195 0.03586841747164726
v 0.21425068378448486 16.016279220581055 -0.5395076870918274
v 0.7085117101669312 15.377229690551758 -0.21388466656208038
v 0.23873262107372284 15.244022369384766 0.5630697011947632
v 0.6506072878837585 15.100893020629883 -0.22795572876930237
v 0.14888346195220947 14.814641952514648 0.15183566510677338
v 0.22555334866046906 15.313063621520996 0.9258846640586853
v 0.048838403075933456 16.210716247558594 0.21596212685108185
v 0.2997050881385803 14.829875946044922 0.2630521357059479
v -0.2294817715883255 14.645025253295898 -0.4696432054042816
v -0.08730554580688477 15.762459754943848 0.8084377646446228
v 0.6373945474624634 15.435724258422852 -0.3710843622684479
v 0.24959303438663483 14.766794204711914 0.1534627079963684
v 0.1391514241695404 15.569480895996094 1.0691473484039307
v -0.1117594987154007 16.24509620666504 -0.05211709812283516
v -0.1382170170545578 16.025836944580078 -0.0550333671271801
v -0.11804600059986115 15.560221672058105 -0.902107298374176
v 0.21592117846012115 15.388874053955078 0.6455129384994507
v -0.3184570074081421 15.201152801513672 -0.31515616178512573
v 0.19241201877593994 15.746735572814941 -1.1201658248901367
v -0.08267179876565933 15.86447525024414 -1.2273051738739014
v 0.3047616183757782 14.786974906921387 0.335182785987854
v 0.16625912487506866 16.220746994018555 0.14107511937618256
v -0.12301939725875854 15.770143508911133 0.658335268497467
v 0.17314472794532776 15.008715629577637 0.0723896473646164
v 0.09896228462457657 16.20757293701172 0.20690302550792694
v 0.002764173084869981 16.120586395263672 -0.14067818224430084
v 0.14841459691524506 14.825910568237305 0.14306479692459106
v 0.12408439069986343 15.685787200927734 1.0024763345718384
v 0.17243972420692444 16.116060256958008 -0.08968549966812134
v -0.010151661932468414 15.250398635864258 0.7875127196311951
v 0.21489062905311584 16.212472915649414 0.07655145227909088
v -0.1935180127620697 15.361734390258789 -0.7726874947547913
v 0.703664243221283 15.473852157592773 0.12041806429624557
v -0.2574036717414856 14.985417366027832 0.13926175236701965
v -0.5517737865447998 15.260483741760254 -0.549132227897644
v 0.09728746116161346 16.099361419677734 0.1886035054922104
v 0.08272546529769897 15.82750415802002 0.7764753699302673
v 0.210809588432312 16.043888092041016 0.12577217817306519
v 0.0825163945555687 15.786297798156738 0.9965348243713379
v -0.5834680199623108 15.138928413391113 0.2974708378314972
v -0.3119393587112427 15.005751609802246 -0.2213558554649353
v -0.20950879156589508 14.773292541503906 -0.7175219655036926
v -0.38817098736763 16.031715393066406 -0.3460986316204071
v 0.02839541994035244 16.02801513671875 0.15522989630699158
v -0.6999337077140808 15.657111167907715 -0.3334488570690155
v -0.29234209656715393 16.050983428955078 -0.14783360064029694
v -0.12549647688865662 15.486327171325684 -0.7537217140197754
v 0.08745759725570679 15.726305961608887 -1.0061012506484985
v -0.08552641421556473 15.809833526611328 0.7157436013221741
v 0.26162710785865784 14.850688934326172 0.30110418796539307
v -0.30254653096199036 16.055278778076172 -0.347316175699234
v 0.19067645072937012 14.819438934326172 0.10299599915742874
v 0.33051276206970215 16.02190399169922 -0.4120662212371826
v -0.7039098739624023 15.225452423095703 0.11663004010915756
v -0.23648521304130554 14.984697341918945 0.16104422509670258
v 0.17939813435077667 16.02816390991211 0.040525708347558975
v -0.29245004057884216 15.905447959899902 0.493626207113266
v 0.28340911865234375 15.918965339660645 0.5572385191917419
v 0.14541369676589966 14.89791488647461 0.08692479878664017
v 0.19807711243629456 15.22283935546875 0.005347151774913073
v -0.4523884356021881 16.0307674407959 0.014281358569860458
v 0.530410885810852 15.390789985656738 0.3901211619377136
v 0.258857786655426 15.944905281066895 -0.5985041856765747
v 0.07308488339185715 15.035221099853516 -0.3843512237071991
v 0.26402831077575684 14.959893226623535 0.2182609736919403
v -0.23315274715423584 14.815802574157715 -0.4400845766067505
v 0.28779909014701843 15.059959411621094 -0.32114362716674805
v 0.18335974216461182 16.044696807861328 -0.41107138991355896
v 0.60549396276474 15.741462707519531 0.26759612560272217
v 0.5245569348335266 15.311116218566895 0.3674323260784149
v -0.4527851939201355 15.025431632995605 0.12616027891635895
v -0.21057699620723724 15.183191299438477 -0.23855076730251312
v 0.6466993689537048 15.469249725341797 -0.3620641529560089
v -0.0021162901539355516 15.794572830200195 0.9540156722068787
v -0.20315290987491608 15.283312797546387 -0.22954581677913666
v 0.16420301795005798 16.030550003051758 0.06799420714378357
v -0.4641193747520447 15.025486946105957 0.10388892143964767
v 0.13536089658737183 15.1393404006958 -0.10112625360488892
v 0.6153099536895752 15.332110404968262 -0.39910146594047546
v -0.009407296776771545 14.971198081970215 0.11437828838825226
v -0.2332376092672348 14.877589225769043 -0.26603803038597107
v 0.24367132782936096 15.218809127807617 0.5498042106628418
v -0.27599573135375977 15.124526023864746 -0.42177698016166687
v 0.2541898190975189 14.64919376373291 0.03575694561004639
v 0.18861442804336548 15.789544105529785 -1.2502349615097046
v 0.13186155259609222 15.254785537719727 0.8025647401809692
v -0.18265396356582642 14.69942855834961 -0.5483126640319824
v 0.6177271008491516 15.361663818359375 0.2590320408344269
v 0.4582931697368622 15.881998062133789 -0.525020956993103
v -0.21273183822631836 16.202939987182617 0.03222416341304779
v 0.10883490741252899 16.01337242126465 -0.14193850755691528
v 0.6353334188461304 15.88353157043457 -0.0056715975515544415
v -0.17459116876125336 14.966712951660156 -0.04287895932793617
v 0.22509130835533142 15.37531852722168 1.0227832794189453
v 0.3773859441280365 15.055865287780762 -0.273282527923584
v -0.23763452470302582 14.76452350616455 -0.4455392360687256
v 0.009901165030896664 15.359533309936523 0.8499245643615723
v -0.3524860143661499 14.676198959350586 -0.40285661816596985
v 0.6059064269065857 15.739812850952148 0.2676982581615448
v 0.019221659749746323 15.364555358886719 1.0534393787384033
v 0.19067031145095825 14.861027717590332 0.07291516661643982
v 0.26381149888038635 14.690300941467285 0.252689003944397
v 0.16988630592823029 15.042171478271484 -0.20290061831474304
v 0.19294480979442596 15.776998519897461 -1.1867964267730713
v -0.014332348480820656 15.002881050109863 -0.15496763586997986
v 0.12859630584716797 16.037504196166992 -0.2922631502151489
v 0.4962005317211151 15.052450180053711 -0.1392906904220581
v -0.7649500966072083 15.624464988708496 -0.10667145252227783
v 0.5561196804046631 15.87907600402832 0.25182363390922546
v -0.4166640043258667 16.02863121032715 0.20423108339309692
v 0.18395008146762848 15.049647331237793 -0.3592755198478699
v -0.25486651062965393 16.046937942504883 -0.05091865360736847
v -0.03831823542714119 15.289002418518066 0.7628856897354126
v 0.2429007887840271 14.994845390319824 0.1973629891872406
v -0.016510164365172386 16.07406234741211 -0.1222141832113266
v -0.3354640007019043 14.978805541992188 -0.3335303068161011
v -0.6371372938156128 15.209049224853516 0.30816200375556946
v 0.03700385242700577 14.976297378540039 0.12397928535938263
v 0.6684740781784058 15.132508277893066 -0.052605077624320984
v 0.29489651322364807 14.952108383178711 0.06814594566822052
v 0.11361140757799149 16.09336280822754 -0.09562154114246368
v -0.49665623903274536 15.027983665466309 -0.036451298743486404
v -0.5277461409568787 15.073616981506348 -0.30007171630859375
v 0.24778057634830475 15.976113319396973 -0.5802915692329407
v 0.15114499628543854 15.067604064941406 0.05469891056418419
v 0.13663941621780396 15.108585357666016 -0.07720895111560822
v 0.1430099755525589 14.695812225341797 0.1905146986246109
v -0.24006474018096924 15.54354476928711 0.6699885129928589
v -0.7032127976417542 15.801515579223633 -0.06643066555261612
v 0.11980565637350082 15.685683250427246 -1.2030953168869019
v 0.054689135402441025 16.01963233947754 0.45933374762535095
v -0.5788108110427856 15.427938461303711 -0.5729618072509766
v 0.5166839957237244 15.856224060058594 0.37213218212127686
v 0.3381912112236023 15.057567596435547 -0.383857786655426
v -0.5258029699325562 15.959470748901367 0.1599845588207245
v 0.07891969382762909 16.015907287597656 -0.13759811222553253
v -0.35785946249961853 15.198840141296387 -0.6438520550727844
v -0.02321753092110157 16.030710220336914 0.16309146583080292
v 0.14880087971687317 14.784688949584961 0.33367541432380676
v 0.0313030406832695 15.583664894104004 1.1224677562713623
v 0.04534907639026642 16.031063079833984 -0.08024898171424866
v -0.307947039604187 14.765366554260254 -0.29316315054893494
v -0.44843557476997375 16.038625717163086 -0.08179640024900436
v 0.39099428057670593 15.932437896728516 0.44445621967315674
v -0.23596368730068207 14.984679222106934 0.16158726811408997
v 0.030078887939453125 15.815884590148926 -0.7232635021209717
v -0.06435396522283554 16.261611938476562 -0.016696033999323845
v -0.42768242955207825 15.962335586547852 0.39325422048568726
v -0.07799960672855377 15.731077194213867 -1.335274338722229
v 0.140837162733078 14.6624174118042 0.13680480420589447
v -0.4962110221385956 15.160404205322266 -0.5030202269554138
v 0.034603092819452286 14.97600269317627 0.12389124184846878
v 0.16479632258415222 15.796403884887695 -1.4303280115127563
v -0.30646276473999023 14.78836441040039 -0.29114773869514465
v 0.2193322479724884 16.01170539855957 -0.5452561378479004
v 0.10009953379631042 16.177045822143555 0.20521819591522217
v 0.09884193539619446 15.757699966430664 -1.4470953941345215
v -0.7757117748260498 15.497660636901855 -0.12449619174003601
v -0.39123260974884033 15.38507080078125 -0.7011778354644775
v -0.040000222623348236 15.042913436889648 -0.5327495336532593
v -0.174862340092659 15.807060241699219 -1.2877134084701538
v -0.346523255109787 15.024432182312012 -0.4610711634159088
v -0.07869597524404526 15.556751251220703 -1.0880539417266846
v -0.05384674295783043 16.20917510986328 -0.16188623011112213
v 0.29656973481178284 14.610654830932617 0.042717400938272476
v 0.4065113067626953 15.184906959533691 -0.6045495867729187
v 0.5366085171699524 15.482864379882812 0.4101783037185669
v -0.034726645797491074 15.043542861938477 -0.5318887233734131
v -0.2859112620353699 14.941588401794434 -0.44207221269607544
v 0.15306277573108673 16.032304763793945 0.08299504220485687
v 0.19879645109176636 15.298978805541992 -0.05257527530193329
v 0.5379193425178528 15.505146980285645 0.4137634038925171
v 0.1838049441576004 16.09686279296875 0.08437298238277435
v -0.2507554590702057 16.026777267456055 0.20982134342193604
v 0.26264697313308716 14.640971183776855 0.17098715901374817
v -0.07403970509767532 15.276345252990723 0.6724109053611755
v -0.7106887698173523 15.705368041992188 0.15975160896778107
v 0.20994782447814941 16.21369743347168 0.0865628570318222
v 0.13139291107654572 16.035629272460938 0.10482506453990936
v -0.2751377522945404 15.948455810546875 0.47539037466049194
v -0.042580705136060715 16.2573299407959 0.03326791524887085
v 0.2155071347951889 16.126129150390625 0.0537102147936821
v 0.20944802463054657 14.556941032409668 -0.04723891243338585
v 0.40586796402931213 16.04619789123535 -0.15520696341991425
v 0.005744365509599447 15.10297966003418 -0.651960551738739
v 0.20935679972171783 15.128169059753418 -0.6645128726959229
v 0.07112295925617218 15.312606811523438 0.6096648573875427
v 0.6716901659965515 15.175764083862305 -0.2205183357000351
v 0.5600464940071106 15.907313346862793 -0.3406132459640503
v -0.21604576706886292 16.053936004638672 -0.14928479492664337
v 0.6682470440864563 15.81672477722168 -0.01086850743740797
v 0.2491685301065445 15.190242767333984 0.5347250699996948
v 0.197299525141716 15.14062213897705 0.06789980083703995
v -0.008555552922189236 16.02606773376465 0.16172513365745544
v 0.616181492805481 15.322587013244629 0.25362446904182434
v 0.02480144426226616 16.020477294921875 0.4604734778404236
v 0.10485168546438217 15.74754524230957 -1.3800325393676758
v 0.05375094339251518 16.133764266967773 0.21396994590759277
v -0.10402487963438034 16.09788703918457 0.16902978718280792
v 0.011091195046901703 16.21109962463379 0.21791653335094452
v -0.2659294009208679 16.029579162597656 0.18928326666355133
v -0.035780973732471466 14.982717514038086 0.25193941593170166
v 0.18543563783168793 15.416836738586426 0.9874948263168335
v 0.03681912645697594 15.412399291992188 1.1011359691619873
v -0.6790210604667664 15.182653427124023 0.11196228116750717
v 0.08372371643781662 15.312972068786621 0.6358980536460876
v -0.00232171849347651 15.273188591003418 0.859411358833313
v 0.3022901117801666 15.03995418548584 0.10657655447721481
v 0.19062890112400055 15.136691093444824 -0.12649156153202057
v 0.5122458338737488 15.535210609436035 -0.5854653120040894
v 0.2047964185476303 15.576892852783203 1.0830782651901245
v -0.1951984018087387 15.506148338317871 -0.8044253587722778
v 0.2294997125864029 16.01032829284668 -0.14584802091121674
v -0.19168348610401154 16.040578842163086 -0.2706783711910248
v 0.0016442122869193554 15.227484703063965 0.6289581060409546
v -0.16709154844284058 15.797565460205078 0.651226282119751
v -0.32919833064079285 15.182608604431152 -0.39784592390060425
v 0.5002411007881165 15.766839981079102 -0.5605984330177307
v -0.7150910496711731 15.417173385620117 -0.35654932260513306
v -0.2906792163848877 15.023448944091797 -0.5010488629341125
v 0.40644919872283936 15.447697639465332 0.5403233170509338
v 0.49219799041748047 15.803460121154785 -0.5546100735664368
v 0.19100631773471832 15.78515338897705 -1.2216380834579468
v -0.10246505588293076 15.766242027282715 0.7676838040351868
v -0.21124935150146484 14.768539428710938 -0.6950507164001465
v 0.40844273567199707 15.465765953063965 0.5450019836425781
v -0.01389737706631422 16.0401611328125 0.24926407635211945
v 0.2733854353427887 15.777567863464355 0.6593087315559387
v 0.13707756996154785 16.134681701660156 -0.1169019341468811
v 0.18131181597709656 14.689217567443848 0.10793037712574005
v -0.298976331949234 15.009204864501953 -0.24659819900989532
v -0.22751107811927795 15.632913589477539 0.6735315322875977
v 0.3480972647666931 15.057319641113281 -0.3761686682701111
v 0.23115064203739166 16.019454956054688 0.41223689913749695
v -0.20884233713150024 14.775161743164062 -0.7261257171630859
v 0.15302251279354095 15.145495414733887 -0.0052632433362305164
v 0.20104637742042542 15.493247032165527 -0.9088333249092102
v 0.09501932561397552 15.752388000488281 0.72166508436203
v -0.13848580420017242 16.097509384155273 -0.09599963575601578
v -0.05300148203969002 15.347044944763184 -0.7429908514022827
v 0.13881677389144897 14.63141918182373 0.08685313910245895
v -0.1601802408695221 16.171419143676758 -0.10103320330381393
v 0.011921325698494911 15.324767112731934 0.9847823977470398
v -0.07366911321878433 15.418027877807617 -0.9407098293304443
v 0.6820533275604248 15.686934471130371 0.13033165037631989
v -0.012109261937439442 15.515241622924805 0.7494807243347168
v -0.44743210077285767 15.919512748718262 0.40711236000061035
v 0.5371732115745544 15.126898765563965 -0.4070238769054413
v -0.03544485196471214 16.041893005371094 0.33358052372932434
v 0.3976999521255493 16.046384811401367 -0.1757470816373825
v 0.20309202373027802 16.121366500854492 0.006721680052578449
v 0.26555708050727844 15.029454231262207 0.1654844880104065
v 0.4977020025253296 15.897407531738281 0.3553261458873749
v 0.11421631276607513 16.094484329223633 -0.0961240753531456
v 0.06721322238445282 16.1820011138916 -0.16004283726215363
v -0.021049270406365395 15.452685356140137 0.7347014546394348
v -0.06915219128131866 15.373007774353027 -0.8571547865867615
v -0.22148074209690094 15.036184310913086 -0.2517773509025574
v 0.2509177327156067 16.022167205810547 0.3976922035217285
v -0.011271168477833271 16.033266067504883 -0.5150607824325562
v -0.20793144404888153 15.104436874389648 -0.4093934893608093
v -0.18344643712043762 15.128023147583008 -0.6617465019226074
v 0.09397580474615097 16.03015899658203 -0.20788788795471191
v -0.0975402295589447 15.27187728881836 0.6205391883850098
v -0.49090924859046936 15.898870468139648 -0.4417360723018646
v -0.38450488448143005 15.315982818603516 -0.6839244961738586
v -0.18367165327072144 16.050918579101562 0.0024954944383352995
v 0.3222844898700714 16.02887725830078 0.3276194632053375
v -0.40354809165000916 15.462313652038574 0.5754422545433044
v -0.2894676923751831 14.77313232421875 -0.7158933281898499
v 0.19867496192455292 15.286127090454102 -0.04278568550944328
v 0.11578398942947388 15.542264938354492 1.1538423299789429
v -0.6461690664291382 15.21353530883789 -0.332439124584198
v 0.053816914558410645 16.061548233032227 0.18579870462417603
v -0.22465521097183228 14.913114547729492 -0.4297442138195038
v 0.1902599036693573 15.338887214660645 0.8241438865661621
v -0.33325934410095215 14.722126960754395 -0.6591487526893616
v -0.4246301054954529 15.967931747436523 0.39145585894584656
v 0.413955420255661 15.50997543334961 0.5549278259277344
v 0.23657436668872833 16.0213565826416 0.04731212928891182
v -0.36230677366256714 15.856998443603516 -0.6094808578491211
v 0.07724304497241974 15.963106155395508 0.6077420711517334
v 0.1395593285560608 15.573880195617676 1.0706400871276855
v 0.5925554037094116 15.245553016662598 -0.41274312138557434
v -0.030372608453035355 16.02597999572754 -0.09611793607473373
v 0.0982067659497261 16.114898681640625 0.19373831152915955
v 0.09995438903570175 16.189308166503906 0.20579375326633453
v -0.014783472754061222 16.196121215820312 -0.1656375229358673
v 0.05837774649262428 16.245441436767578 -0.1175273209810257
v -0.17396464943885803 15.159258842468262 -0.27620118856430054
v 0.2521398365497589 15.166167259216309 0.5211745500564575
v 0.3953997492790222 15.970209121704102 -0.4640762507915497
v 0.04214548319578171 16.247802734375 -0.05579274520277977
v -0.3191356062889099 15.827873229980469 0.5165825486183167
v 0.22394494712352753 15.031511306762695 0.43308141827583313
v -0.2864283621311188 15.10007381439209 -0.2639312148094177
v -0.3313850164413452 14.726625442504883 -0.684135913848877
v 0.37447288632392883 16.048297882080078 -0.22541165351867676
v -0.5343166589736938 15.371305465698242 0.4584922194480896
v 0.10664844512939453 15.744111061096191 -1.3640278577804565
v -0.09925509244203568 16.231000900268555 -0.15609078109264374
v -0.1734858900308609 15.166568756103516 -0.2754873037338257
v 0.5715816617012024 15.074268341064453 0.179316446185112
v 0.09950371831655502 14.985451698303223 0.11960317939519882
v -0.29911327362060547 14.737408638000488 -0.5399504899978638
v -0.09400983899831772 16.048198699951172 -0.24273861944675446
v -0.11726125329732895 15.637066841125488 -0.9678815603256226
v 0.2749826908111572 14.98077392578125 0.3166311979293823
v 0.46516332030296326 15.869532585144043 -0.5316100120544434
v 0.0070451851934194565 15.106449127197266 -0.6549100279808044
v 0.18171267211437225 15.030749320983887 -0.01684231497347355
v -0.0751703605055809 15.599644660949707 -1.1290048360824585
v -0.3401409685611725 14.917620658874512 -0.3385830819606781
v -0.33946293592453003 15.140132904052734 -0.626105010509491
v 0.09908763319253922 16.155658721923828 0.20315389335155487
v 0.22502419352531433 15.374848365783691 1.0223066806793213
v 0.5172313451766968 15.241471290588379 0.3430575430393219
v -0.11068230867385864 16.124576568603516 0.16568104922771454
v -0.20831693708896637 15.43063735961914 -0.8727509379386902
v 0.19064323604106903 15.041949272155762 -0.057915281504392624
v -0.07018138468265533 15.29880142211914 0.5720047950744629
v -0.15487492084503174 14.962750434875488 0.004439671989530325
v 0.117512047290802 15.424838066101074 0.9719493389129639
v 0.5116888880729675 15.529388427734375 -0.5864604711532593
v -0.5740470886230469 15.996291160583496 -0.03917965292930603
v -0.27852731943130493 15.077849388122559 -0.4269578456878662
v 0.1687665730714798 16.043506622314453 -0.41590791940689087
v -0.039402931928634644 15.288357734680176 0.7596390843391418
v -0.024887690320611 15.817709922790527 0.6869487762451172
v 0.26217058300971985 15.720611572265625 0.6790449023246765
v 0.2173161804676056 15.022005081176758 0.42732805013656616
v -0.7623414397239685 15.388631820678711 -0.13386832177639008
v 0.029813626781105995 15.791059494018555 -0.7334461808204651
v 0.06961739808320999 15.624387741088867 1.0618705749511719
v 0.04563822224736214 15.021783828735352 -0.24197344481945038
v 0.17719551920890808 14.651453018188477 0.044020719826221466
v -0.6233733296394348 15.189422607421875 0.30502960085868835
v -0.26960358023643494 15.242490768432617 -0.4086938202381134
v 0.11737100034952164 15.655653953552246 -1.158746600151062
v -0.5365975499153137 15.945590019226074 0.16587577760219574
v 0.7015506029129028 15.42081069946289 0.11613978445529938
v -0.06928641349077225 15.756780624389648 -1.3943657875061035
v 0.215102881193161 16.033903121948242 -0.275313138961792
v 0.025618836283683777 15.241837501525879 0.7772831916809082
v 0.5113970041275024 15.20020580291748 0.3237904906272888
v -0.25676122307777405 16.045991897583008 -0.029881224036216736
v -0.17447389662265778 16.052593231201172 -0.037856992334127426
v 0.7272875905036926 15.595198631286621 -0.027384459972381592
v -0.47895902395248413 15.124491691589355 0.4129066467285156
v 0.40192657709121704 14.99368667602539 0.22329680621623993
v 0.6851688623428345 15.2534818649292 -0.21900446712970734
v 0.25520944595336914 15.955315589904785 -0.5924711227416992
v 0.06658761203289032 16.2439022064209 -0.058685123920440674
v -0.1724649965763092 15.117412567138672 -0.36283183097839355
v 0.27901458740234375 15.699529647827148 -0.7209500670433044
v 0.01755889505147934 15.350188255310059 1.0354633331298828
v 0.6957904100418091 15.370509147644043 0.11119288951158524
v -0.7277957797050476 15.288603782653809 -0.1347121149301529
v -0.18678857386112213 15.21219253540039 -0.713202953338623
v 0.02770497091114521 16.253984451293945 -0.11348540335893631
v -0.32930228114128113 15.178446769714355 -0.39814382791519165
v -0.22866858541965485 15.02401065826416 -0.5252128839492798
v 0.18324507772922516 16.219751358032227 0.12269347906112671
v 0.15024115145206451 14.782059669494629 0.1772148460149765
v -0.2349780648946762 16.05261993408203 -0.11801119893789291
v 0.2520652413368225 14.617852210998535 -0.018539203330874443
v -0.08239937573671341 16.226320266723633 0.15912553668022156
v 0.28887492418289185 14.782533645629883 0.1927400529384613
v 0.23187340795993805 15.705536842346191 1.0336966514587402
v -0.5785484910011292 15.422001838684082 -0.5730108022689819
v 0.5481398105621338 16.006513595581055 -0.0022816858254373074
v -0.394980251789093 15.63309383392334 -0.6866801381111145
v -0.11738046258687973 16.00075912475586 0.5109465718269348
v -0.10289046913385391 16.2453670501709 -0.1328161656856537
v 0.19063527882099152 15.095451354980469 -0.09664139896631241
v -0.755367636680603 15.360193252563477 -0.13564051687717438
v -0.2753005027770996 15.137349128723145 -0.4203532040119171
v -0.6334896087646484 15.125152587890625 0.1024961918592453
v 0.13607068359851837 15.363327026367188 -0.83732008934021
v -0.4143936038017273 15.033232688903809 -0.34680864214897156
v -0.03995062783360481 16.257349014282227 0.030796630308032036
v 0.41320332884788513 16.0461483001709 -0.1330488920211792
v 0.08652669191360474 15.191742897033691 0.5758870244026184
v 0.025127219036221504 15.70665168762207 0.9487755298614502
v 0.3025992810726166 15.065058708190918 0.08783000707626343
v -0.07319262623786926 15.410861015319824 -0.9303193092346191
v -0.21687783300876617 14.669479370117188 -0.5976918339729309
v -0.20359322428703308 15.27738094329834 -0.23007996380329132
v 0.00013728138583246619 15.726861953735352 1.041771411895752
v 0.072948157787323 15.327725410461426 0.9760424494743347
v -0.22510145604610443 14.65359115600586 -0.5141440629959106
v -0.38204121589660645 16.039209365844727 -0.3400859236717224
v -0.08411070704460144 16.25103759765625 0.02956041879951954
v 0.2703709006309509 15.24842643737793 -0.000620512873865664
v -0.09879293292760849 15.810714721679688 0.643637478351593
v -0.5226194262504578 15.963563919067383 0.158247172832489
v 0.159460186958313 15.344918251037598 -0.6995962858200073
v 0.19178253412246704 15.617249488830566 -0.9979024529457092
v -0.2565324604511261 16.046106338500977 -0.03242075815796852
v 0.17598660290241241 16.220170974731445 0.15042655169963837
v -0.11874043196439743 16.245805740356445 -0.04729396477341652
v -0.09440522640943527 16.048233032226562 -0.24256834387779236
v 0.07373461127281189 16.098108291625977 -0.10823594033718109
v -0.561844527721405 15.84298038482666 0.3229069113731384
v 0.1122741848230362 15.578280448913574 -1.0724351406097412
v 0.07250408828258514 15.851778030395508 0.6838507652282715
v 0.19969414174556732 16.023149490356445 -0.033190831542015076
v 0.06375392526388168 15.578370094299316 1.0711419582366943
v -0.352535605430603 15.885194778442383 -0.5929937958717346
v 0.08583168685436249 15.023037910461426 -0.118950754404068
v -0.2144637554883957 15.416953086853027 -0.7159722447395325
v 0.17286081612110138 15.762940406799316 1.0588065385818481
v 0.07510937005281448 15.021474838256836 -0.1253991276025772
v 0.3752986788749695 16.048215866088867 -0.22373341023921967
v -0.09051414579153061 16.239166259765625 0.09180435538291931
v -0.45497652888298035 15.900472640991211 0.41297924518585205
v -0.18675535917282104 15.23515510559082 -0.7257099747657776
v 0.03394949808716774 16.214054107666016 -0.16479134559631348
v 0.045777447521686554 15.332118034362793 -0.7728561758995056
v 0.05456105247139931 16.088998794555664 0.20047126710414886
v 0.0177691001445055 15.142075538635254 -0.6834058165550232
v 0.1800658255815506 14.582282066345215 0.08134546875953674
v -0.3325263559818268 15.049656867980957 -0.407380610704422
v -0.3325839042663574 15.047359466552734 -0.40754586458206177
v 0.14907705783843994 16.01259994506836 -0.13819892704486847
v 0.26152175664901733 14.845877647399902 0.30474457144737244
v -0.28236982226371765 15.163217544555664 -0.2584179639816284
v 0.253679096698761 14.86931324005127 0.07805019617080688
v 0.5633863806724548 15.862540245056152 0.25440752506256104
v 0.2675933837890625 16.024456024169922 0.385422021150589
v 0.1384696215391159 15.356630325317383 -0.80576092004776
v -0.525244951248169 15.26725959777832 0.4449635148048401
v 0.726787805557251 15.456604957580566 -0.20290562510490417
v -0.7137828469276428 15.258149147033691 -0.1326141506433487
v 0.03798731788992882 15.812013626098633 0.8975348472595215
v 0.13505832850933075 14.573762893676758 -0.006055610254406929
v 0.2460174858570099 16.013845443725586 -0.039436496794223785
v 0.6229692697525024 15.532110214233398 0.2717588245868683
v -0.33142709732055664 15.093561172485352 -0.4042314887046814
v -0.11356160789728165 16.139848709106445 0.16225360333919525
v 0.5454339981079102 15.619318962097168 0.4187287390232086
v -0.4779883027076721 15.036176681518555 -0.16394120454788208
v 0.12056844681501389 15.808361053466797 0.8933835029602051
v 0.04992833361029625 16.039825439453125 0.1540578454732895
v -0.015825174748897552 16.044065475463867 -0.26911866664886475
v -0.35605713725090027 15.0250244140625 -0.4498540163040161
v 0.19169791042804718 16.104000091552734 0.007073843386024237
v 0.018743008375167847 15.028898239135742 -0.39103198051452637
v -0.11200087517499924 16.130781173706055 0.1642562448978424
v -0.11919326335191727 15.921960830688477 0.5936280488967896
v -0.21336756646633148 14.983396530151367 0.1805490255355835
v -0.030060598626732826 16.110130310058594 0.20497795939445496
v 0.08347756415605545 16.025392532348633 0.05528971552848816
v -0.02915152534842491 16.160642623901367 0.206009641289711
v -0.2375233918428421 16.02482795715332 0.2255094349384308
v 0.23180560767650604 15.042784690856934 0.43990400433540344
v -0.09615740180015564 15.764688491821289 0.7856076955795288
v 0.23519165813922882 15.697809219360352 1.0472854375839233
v 0.16288036108016968 15.795727729797363 -1.4421589374542236
v 0.1488509327173233 14.815425872802734 0.151225745677948
v 0.16332077980041504 16.026500701904297 -0.20044934749603271
v 0.2041102945804596 15.459637641906738 -0.8716224431991577
v -0.6200856566429138 15.947266578674316 -0.04255705326795578
v -0.24028177559375763 14.782584190368652 -0.2745824456214905
v -0.23298519849777222 15.335888862609863 0.6353063583374023
v -0.29947397112846375 14.73607063293457 -0.5333777666091919
v 0.1867794543504715 16.149499893188477 -0.09446404129266739
v -0.13932479918003082 15.030864715576172 -0.5387269854545593
v 0.28816765546798706 15.058874130249023 -0.4181741178035736
v -0.06644021719694138 15.039621353149414 -0.5359479188919067
v -0.2106695920228958 16.05402374267578 -0.1566401869058609
v 0.6157822608947754 15.31191635131836 0.2520793378353119
v 0.16989381611347198 15.77115249633789 0.8304882645606995
v 0.11094310879707336 16.237106323242188 -0.12878243625164032
v -0.28848788142204285 14.776772499084473 -0.7337701320648193
v 0.3881945013999939 16.04693603515625 -0.1975279599428177
v -0.0031821068841964006 15.338663101196289 0.7710404992103577
v 0.7344587445259094 15.623068809509277 -0.17200329899787903
v -0.16729596257209778 15.179070472717285 -0.3562714457511902
v -0.197001650929451 14.808234214782715 -0.31056132912635803
v -0.5893826484680176 15.14611530303955 0.2987527847290039
v -0.4887693226337433 15.902615547180176 -0.4399700164794922
v 0.11058525741100311 15.814209938049316 0.8668295741081238
v 0.037799861282110214 15.614341735839844 1.121896505355835
v -0.3947523236274719 15.635955810546875 -0.6858137249946594
v -0.19254113733768463 14.677414894104004 -0.4338974952697754
v 0.40468499064445496 15.427799224853516 0.534598171710968
v 0.30364733934402466 15.150240898132324 0.024398542940616608
v 0.1422310322523117 14.683796882629395 0.17125536501407623
v -0.07243074476718903 16.020490646362305 0.4537689685821533
v 0.016417549923062325 16.043668746948242 -0.27612099051475525
v 0.4769578278064728 15.371277809143066 -0.6143051385879517
v 0.05228405073285103 16.04900550842285 -0.08801590651273727
v -0.23767785727977753 14.817769050598145 -0.27142342925071716
v 0.6227861642837524 15.521882057189941 0.27121397852897644
v 0.42730578780174255 15.82843017578125 0.5159310102462769
v 0.491396963596344 15.910337448120117 0.3500753343105316
v -0.5799934267997742 15.539511680603027 -0.5530776381492615
v -0.15902933478355408 16.0305118560791 0.0798531025648117
v 0.02955906093120575 15.771194458007812 -0.7415427565574646
v -0.3460938632488251 16.05586814880371 -0.30397042632102966
v 0.19068646430969238 14.75411605834961 0.1502782255411148
v 0.09130227565765381 14.983988761901855 0.12135603278875351
v -0.2689470052719116 15.012327194213867 -0.28926125168800354
v 0.08739276230335236 15.74211311340332 -1.0201858282089233
v 0.3015464246273041 16.02411651611328 -0.1660381406545639
v -0.06486810743808746 16.071044921875 0.1916801482439041
v 0.5284366607666016 15.363266944885254 0.38266271352767944
v 0.00021735983318649232 16.23076820373535 0.09357131272554398
v -0.09310054033994675 16.229007720947266 0.15080033242702484
v -0.2965308725833893 14.672764778137207 -0.6156415939331055
v 0.25682899355888367 15.051830291748047 -0.1476450115442276
v 0.13238684833049774 15.042689323425293 -0.3728315234184265
v -0.08675898611545563 16.05331039428711 -0.1400355100631714
v -0.017040684819221497 15.818824768066406 0.7518846392631531
v -0.32811838388442993 15.22574520111084 -0.3947524428367615
v -0.117864228785038 15.562464714050293 -0.9047219157218933
v 0.03014349564909935 15.72081184387207 -0.7618865370750427
v -0.3964667320251465 15.361449241638184 0.5703368186950684
v -0.3065405488014221 16.03377342224121 0.10834487527608871
v 0.0034568971022963524 15.34609317779541 0.8008671998977661
v 0.06162729486823082 15.566076278686523 1.152632713317871
v 0.13919419050216675 14.63720989227295 0.09618432819843292
v -0.5433907508850098 15.773635864257812 -0.4922626316547394
v 0.6619681715965271 15.52911376953125 -0.3489148020744324
v 0.004511794541031122 16.04293441772461 0.252005398273468
v -0.12587936222553253 15.773813247680664 0.6446107029914856
v -0.18979401886463165 15.921096801757812 -0.6428917646408081
v 0.09467831254005432 16.149093627929688 -0.1309470534324646
v 0.12638983130455017 15.804670333862305 0.9106415510177612
v 0.16958032548427582 15.797721862792969 -1.4022718667984009
v 0.23465202748775482 15.2518310546875 -0.7399572134017944
v 0.09546840190887451 16.08762550354004 0.18425925076007843
v 0.004460835363715887 15.61462116241455 0.7521262764930725
v 0.2673356533050537 15.537413597106934 -0.7671921849250793
v -0.16227023303508759 16.034854888916016 0.07850291579961777
v 0.2323775291442871 16.025249481201172 0.06681191176176071
v -0.2959837317466736 14.75584602355957 -0.46268945932388306
v -0.10136044770479202 16.0488338470459 -0.23957301676273346
v -0.10584302246570587 14.996390342712402 -0.21436594426631927
v 0.7035359144210815 15.454150199890137 0.1188792884349823
v 0.36009448766708374 16.04983901977539 -0.25153109431266785
v 0.14468002319335938 14.915569305419922 0.07319635152816772
v 0.6296399235725403 15.404325485229492 -0.38023263216018677
v 0.6809685826301575 15.835457801818848 -0.14793027937412262
v -0.02288038283586502 15.383089065551758 0.7091898918151855
v 0.206515833735466 16.039203643798828 0.2615128755569458
v -0.07264743745326996 16.260438919067383 -0.009608863852918148
v 0.28276872634887695 15.787420272827148 -0.6824143528938293
v -0.2158561497926712 14.671503067016602 -0.6080695986747742
v 0.2815800607204437 15.736499786376953 -0.7066211700439453
v 0.18099083006381989 14.595887184143066 0.10384660214185715
v -0.3693651854991913 15.82912826538086 -0.6218785643577576
v 0.3017131984233856 14.992985725402832 0.14151442050933838
v 0.11577671021223068 15.490800857543945 -0.9887098670005798
v -0.3796500265598297 16.042133331298828 -0.3377402126789093
v -0.11626880615949631 15.76710033416748 0.6983856558799744
v -0.038876622915267944 15.800599098205566 0.8776499032974243
v -0.10790709406137466 15.792512893676758 -1.0981212854385376
v 0.14746320247650146 15.34969425201416 -0.7531875967979431
v -0.0640978068113327 16.046886444091797 -0.10278446227312088
v 0.10848228633403778 15.702407836914062 0.9509228467941284
v -0.2128715217113495 16.043441772460938 -0.25247281789779663
v 0.20121654868125916 15.648422241210938 1.160382628440857
v 0.19663593173027039 15.070504188537598 0.12130621075630188
v 0.18536123633384705 15.027990341186523 6.311138713499531e-05
v -0.6267964839935303 15.692898750305176 0.31781235337257385
v -0.18698398768901825 15.255247116088867 -0.7357964515686035
v 0.007364134304225445 16.249685287475586 -0.1850907802581787
v -0.23831667006015778 14.809157371520996 -0.27219828963279724
v -0.12823553383350372 16.038551330566406 -0.29946544766426086
v -0.6728427410125732 15.857726097106934 -0.05346205458045006
v -0.2029152810573578 14.654322624206543 -0.31385737657546997
v 0.4383524954319 15.250489234924316 -0.617999792098999
v -0.3232380449771881 14.98820686340332 0.036171212792396545
v -0.2565271258354187 14.985386848449707 0.14017446339130402
v -0.24037709832191467 15.385842323303223 0.648793637752533
v 0.49412214756011963 15.90478515625 0.352323442697525
v 0.07453653216362 16.243122100830078 -0.06032218411564827
v 0.7014864087104797 15.720623970031738 -0.0188879556953907
v -0.1893066167831421 14.925468444824219 -0.2990833818912506
v 0.0217946358025074 16.03981590270996 0.17184868454933167
v 0.19191107153892517 15.384171485900879 1.0603313446044922
v 0.1906527876853943 14.978792190551758 -0.012273292988538742
v -0.20091502368450165 14.6587553024292 -0.33700141310691833
v 0.4756026268005371 15.051980018615723 -0.1772102266550064
v -0.0013503123773261905 15.006346702575684 -0.15387247502803802
v 0.6731688976287842 15.26126480102539 0.09506846219301224
v 0.18975600600242615 15.687366485595703 -1.053985834121704
v 0.20064008235931396 15.510727882385254 1.0580648183822632
v 0.10057932138442993 15.760978698730469 1.0658249855041504
v 0.014547535218298435 15.212297439575195 0.6301301717758179
v 0.12357844412326813 15.23000717163086 0.7512426972389221
v -0.06568106263875961 14.982035636901855 -0.12167410552501678
v -0.19709481298923492 15.494002342224121 -0.9693171381950378
v 0.0515936017036438 15.426438331604004 -0.7981179356575012
v 0.4283909201622009 15.930103302001953 -0.49566811323165894
v -0.23642732203006744 15.021970748901367 0.34101077914237976
v 0.19862127304077148 15.280447006225586 -0.03847464546561241
v 0.11644213646650314 15.217118263244629 0.7230698466300964
v -0.3255195915699005 15.10882568359375 -0.32278692722320557
v 0.4171465039253235 15.865803718566895 0.4954286515712738
v -0.4456651508808136 16.03177261352539 0.0998472347855568
v 0.10924144089221954 16.038406372070312 -0.2910047769546509
v -0.3329523503780365 14.988987922668457 0.014085257425904274
v -0.2033073753118515 16.11957359313965 0.006229379680007696
v 0.39167383313179016 16.03548240661621 0.19888335466384888
v 0.29631903767585754 14.992134094238281 0.03871893510222435
v -0.2518395781517029 16.048158645629883 -0.06764049082994461
v 0.1347568929195404 15.540045738220215 1.056105613708496
v 0.26338905096054077 15.451542854309082 -0.7762589454650879
v 0.16128674149513245 15.032076835632324 -0.05257527530193329
v -0.1324283927679062 15.014102935791016 0.37897592782974243
v -0.370574414730072 16.055253982543945 -0.27273017168045044
v -0.19405649602413177 16.122652053833008 -0.03883454203605652
v -0.20388737320899963 15.221579551696777 0.5943933129310608
v -0.3117288053035736 14.633864402770996 -0.412770539522171
v 0.06308098882436752 15.041967391967773 0.4909544885158539
v 0.18584968149662018 15.018743515014648 0.041684795171022415
v 0.19833576679229736 15.672143936157227 1.0254335403442383
v 0.2856665551662445 15.036499977111816 -0.5165337920188904
v -0.33261916041374207 15.788402557373047 0.5269076824188232
v 0.20973534882068634 16.224037170410156 -0.09947804361581802
v -0.33305197954177856 15.010332107543945 -0.33092445135116577
v -0.380756676197052 15.027377128601074 -0.4150771200656891
v -0.5021949410438538 15.175065994262695 0.42804262042045593
v -0.7173725962638855 15.434061050415039 -0.3581777513027191
v -0.17970333993434906 16.054075241088867 -0.18980631232261658
v 0.15088269114494324 16.17388153076172 -0.13457651436328888
v 0.1988731175661087 15.307083129882812 -0.058748140931129456
v -0.1542799025774002 16.055822372436523 -0.06977303326129913
v 0.4491196572780609 16.00136947631836 0.3197055757045746
v -0.6475387215614319 15.903498649597168 -0.04609142243862152
v 0.7323075532913208 15.488337516784668 -0.19702190160751343
v 0.30219706892967224 14.731780052185059 0.2436203509569168
v 0.21832239627838135 16.012968063354492 -0.544012188911438
v -0.18491901457309723 14.968894958496094 -0.3786413073539734
v -0.2776912748813629 15.942458152770996 0.4784117341041565
v 0.13302473723888397 15.195382118225098 -0.1448124647140503
v 0.27286627888679504 15.946343421936035 0.5302088260650635
v 0.2064111828804016 16.154834747314453 0.09900777041912079
v 0.5125336050987244 15.609597206115723 -0.5746569633483887
v 0.26348185539245605 14.676335334777832 0.22955863177776337
v -0.22198247909545898 14.659584045410156 -0.5458338856697083
v 0.02444814331829548 15.964527130126953 -0.6346124410629272
v 0.6814913749694824 15.781307220458984 -0.013864169828593731
v 0.07505408674478531 15.969930648803711 0.6022655963897705
v -0.29769814014434814 14.742664337158203 -0.5657605528831482
v 0.2780236005783081 15.936205863952637 0.5401670336723328
v -0.21861930191516876 14.98373031616211 0.17645956575870514
v 0.48419174551963806 15.394999504089355 -0.6109399199485779
v 0.47386273741722107 15.361127853393555 -0.6157450675964355
v 0.09336702525615692 16.239482879638672 -0.12509450316429138
v -0.2983361482620239 14.71237850189209 -0.4675031304359436
v 0.007823447696864605 15.027756690979004 -0.39183729887008667
v -0.3408525884151459 15.020835876464844 0.27074921131134033
v -0.2397339642047882 14.740511894226074 -0.4480929970741272
v 0.18550342321395874 15.341235160827637 1.0015820264816284
v 0.733837902545929 15.367692947387695 -0.03741952031850815
v 0.13451871275901794 15.059231758117676 -0.48575079441070557
v -0.04974556714296341 16.041244506835938 0.33147940039634705
v -0.20450638234615326 15.639947891235352 -1.079927921295166
v 0.18854117393493652 15.04496955871582 -0.19312763214111328
v -0.1762658804655075 16.097444534301758 -0.06653054058551788
v 0.1906759887933731 14.821449279785156 0.10154139250516891
v 0.4987132251262665 15.111653327941895 0.27048006653785706
v 0.29066601395606995 14.83298110961914 0.15568193793296814
v 0.05478900671005249 15.053258895874023 -0.5121838450431824
v 0.2538037598133087 14.87244701385498 0.07574702799320221
v -0.014207908883690834 15.002914428710938 -0.15495717525482178
v -0.4430619180202484 15.9305419921875 0.40371379256248474
v 0.23260502517223358 16.02503776550293 0.06575474143028259
v -0.23360887169837952 14.637041091918945 -0.4277144968509674
v -0.6305025815963745 15.19958782196045 0.30665209889411926
v -0.6448172926902771 15.633962631225586 0.3167770206928253
v 0.25993451476097107 14.526078224182129 -0.01923966221511364
v 0.2960660755634308 14.59980297088623 0.024747749790549278
v -0.06067308783531189 14.985350608825684 -0.13234570622444153
v -0.523722767829895 15.258706092834473 0.4435994625091553
v 0.6493815183639526 15.166388511657715 0.07878728210926056
v 0.24686717987060547 16.00958824157715 -0.07968706637620926
v 0.12896257638931274 15.344427108764648 0.7885988354682922
v -0.28845009207725525 14.894769668579102 -0.4472687840461731
v -0.24155780673027039 16.03994369506836 0.0588691309094429
v 0.5063466429710388 15.980884552001953 0.2306533306837082
v 0.31355616450309753 16.017078399658203 -0.03484654426574707
v 0.668045699596405 15.561781883239746 -0.34412920475006104
v 0.23905271291732788 15.679720878601074 1.0714750289916992
v 0.18105588853359222 14.596840858459473 0.10542337596416473
v -0.29235461354255676 15.009989738464355 -0.2564064562320709
v 0.2628057599067688 14.904229164123535 0.2604484260082245
v 0.05189184844493866 14.97812557220459 0.12452595680952072
v 0.0528823658823967 15.746904373168945 0.7981686592102051
v -0.4869106709957123 15.033517837524414 -0.12474734336137772
v 0.025308305397629738 16.22797966003418 0.1008625477552414
v -0.4824661910533905 15.034858703613281 -0.14442525804042816
v -0.020720766857266426 15.81944465637207 0.7268428802490234
v 0.09280943125486374 16.21221923828125 0.1997603476047516
v -0.06250158697366714 16.166770935058594 -0.1469370424747467
v 0.3392924964427948 14.98037052154541 0.27528706192970276
v 0.1035376712679863 16.032196044921875 -0.055416468530893326
v -0.1736748218536377 16.241235733032227 0.08233894407749176
v 0.16853134334087372 14.985855102539062 0.36712750792503357
v -0.5927338600158691 15.78217601776123 0.3220410645008087
v -0.04366165027022362 15.285961151123047 0.7471919059753418
v 0.5967622399330139 15.775050163269043 0.2653566598892212
v 0.19068600237369537 14.75882625579834 0.1468689739704132
v 0.14875902235507965 14.817634582519531 0.14950816333293915
v -0.1875162124633789 16.217973709106445 -0.08209533244371414
v 0.6521803736686707 15.788090705871582 0.12665395438671112
v 0.05290079116821289 16.055530548095703 0.1805531233549118
v 0.06110405549407005 15.644015312194824 1.155656337738037
v -0.6623852849006653 15.565315246582031 0.31745222210884094
v 0.644153892993927 15.867733001708984 -0.006653696298599243
v 0.019066279754042625 15.018226623535156 -0.24473023414611816
v 0.613650381565094 15.701497077941895 0.2695873975753784
v -0.16082392632961273 16.053577423095703 -0.2056487649679184
v -0.36381369829177856 15.025632858276367 -0.43967267870903015
v 0.2990933358669281 14.664976119995117 0.13283364474773407
v 0.03438105806708336 15.657209396362305 -0.7853299379348755
v -0.18552085757255554 14.961739540100098 -0.3794049024581909
v 0.615070641040802 15.275309562683105 0.24538935720920563
v 0.08723192662000656 15.056219100952148 -0.5025316476821899
v -0.339891642332077 14.755414962768555 -0.4284822940826416
v -0.07797515392303467 16.23615837097168 0.10034248977899551
v 0.17157410085201263 16.21581268310547 -0.04278067871928215
v 0.6627703309059143 15.214653968811035 0.08768918365240097
v -0.3385656774044037 14.709428787231445 -0.5884202122688293
v -0.11392218619585037 16.245344161987305 -0.05072186887264252
v -0.20149298012256622 15.719609260559082 0.669414758682251
v 0.1988763064146042 15.692721366882324 1.1373118162155151
v 0.3044931888580322 15.218948364257812 -0.026778867468237877
v 0.40511971712112427 15.080221176147461 0.39108142256736755
v 0.07569584995508194 15.541951179504395 -0.8169055581092834
v -0.5280966758728027 15.285282135009766 0.447754442691803
v 0.2976435124874115 16.022541046142578 0.0670325830578804
v -0.15810899436473846 16.041440963745117 0.025041446089744568
v -0.18262483179569244 15.027259826660156 -0.2891179323196411
v 0.2928968071937561 14.559882164001465 -0.045565225183963776
v 0.1409197449684143 14.66368579864502 0.1388481706380844
v 0.13605111837387085 14.588991165161133 0.01848343014717102
v -0.1546597182750702 16.190753936767578 -0.10980270802974701
v 0.06484726816415787 16.040767669677734 0.1482701301574707
v 0.012238909490406513 15.492085456848145 1.106608271598816
v 0.24347613751888275 15.219805717468262 0.5503285527229309
v 0.30347058176994324 15.135845184326172 0.035109490156173706
v 0.10251280665397644 14.986607551574707 0.2537398040294647
v 0.30092787742614746 15.121956825256348 -0.056649722158908844
v -0.0630486011505127 15.040057182312012 -0.5356536507606506
v -0.003308139508590102 16.033416748046875 0.16382741928100586
v 0.22345992922782898 15.325873374938965 0.6097740530967712
v -0.5401021838188171 15.088017463684082 -0.3022157549858093
v -0.5313888788223267 15.306955337524414 0.4510738253593445
v 0.2962423861026764 14.603597640991211 0.03103049471974373
v 0.19068509340286255 14.765031814575195 0.1423770785331726
v 0.2550126612186432 14.90272331237793 0.053438130766153336
v 0.1410621553659439 15.002384185791016 0.0055309683084487915
v 0.275010883808136 15.879541397094727 -0.6337910294532776
v 0.19715848565101624 15.125723838806152 0.07924818992614746
v -0.20589570701122284 15.228381156921387 0.5972827672958374
v 0.5727123022079468 15.962401390075684 0.11733368039131165
v -0.20383186638355255 15.27416706085205 -0.23036934435367584
v 0.042600471526384354 16.021484375 -0.1259457916021347
v 0.2297881841659546 15.059905052185059 -0.4467812478542328
v 0.12866955995559692 16.036008834838867 0.10702630877494812
v -0.4660882353782654 15.037097930908203 -0.2066941112279892
v -0.06351837515830994 16.04965591430664 -0.10458464175462723
v -0.2049291878938675 15.259384155273438 -0.23170042037963867
v 0.01580899767577648 15.684167861938477 0.7436263561248779
v 0.07114707678556442 15.52970027923584 -0.7645383477210999
v -0.23851390182971954 14.754461288452148 -0.4466097056865692
v 0.16296294331550598 16.073030471801758 -0.038099505007267
v -0.00255239917896688 15.219743728637695 0.6155101656913757
v 0.18072693049907684 14.592009544372559 0.09743259102106094
v -0.21698884665966034 14.752800941467285 -0.6209417581558228
v 0.3402889370918274 16.051443099975586 -0.28413018584251404
v 0.0024211097043007612 16.04203987121582 -0.1773037165403366
v 0.004769546911120415 15.792876243591309 0.972076952457428
v 0.718097448348999 15.710897445678711 -0.1610642820596695
v -0.036053743213415146 16.029197692871094 0.16030441224575043
v -0.4778323471546173 15.025703430175781 0.06958485394716263
v 0.07572223991155624 15.826226234436035 0.7332293391227722
v 0.01696353778243065 15.139400482177734 -0.6812655329704285
v -0.2699007987976074 15.237009048461914 -0.40930238366127014
v -0.21173574030399323 16.01875877380371 0.40456894040107727
v 0.16216760873794556 16.119190216064453 0.13545143604278564
v -0.03962678834795952 15.7470703125 0.9545013308525085
v 0.2958417534828186 14.594976425170898 0.01675446331501007
v -0.12592622637748718 15.482433319091797 -0.7304409742355347
v -0.28368327021598816 16.025644302368164 -0.47589659690856934
v 0.04367106780409813 15.26769733428955 0.8576032519340515
v 0.7322843074798584 15.63974380493164 -0.1695524901151657
v 0.05201879143714905 15.465394973754883 -0.8054189682006836
v -0.43198162317276 16.047353744506836 -0.15599749982357025
v 0.08574182540178299 15.686697959899902 -0.9719541668891907
v 0.2618921399116516 15.374131202697754 -0.7771987915039062
v 0.27395370602607727 14.980826377868652 0.3172417879104614
v -0.33174648880958557 15.027374267578125 -0.3295140862464905
v -0.11308477818965912 16.136011123657227 0.16306143999099731
v 0.24015197157859802 15.236776351928711 0.5592570900917053
v -0.2707843780517578 15.958681106567383 0.47023943066596985
v 0.22823916375637054 15.302706718444824 0.9034733772277832
v -0.7688896656036377 15.482637405395508 0.12910044193267822
v -0.19218647480010986 15.780381202697754 -1.2225618362426758
v 0.25049686431884766 14.789399147033691 0.13678273558616638
v -0.20771180093288422 15.02106761932373 0.3543531596660614
v 0.3749745190143585 16.048248291015625 -0.22439247369766235
v -0.7670103311538696 15.531275749206543 0.13576991856098175
v 0.11169043183326721 15.713610649108887 1.138603925704956
v 0.1943848580121994 14.83237361907959 0.30247870087623596
v -0.1499231457710266 14.962640762329102 0.011199703440070152
v 0.14312873780727386 15.72939395904541 0.8316944241523743
v 0.17664019763469696 14.531883239746094 -0.0020086909644305706
v -0.02663610689342022 14.999419212341309 0.39795610308647156
v 0.18333357572555542 14.707740783691406 0.13930270075798035
v 0.08933557569980621 15.832206726074219 -1.1321676969528198
v -0.10688279569149017 16.244537353515625 -0.05526313558220863
v 0.1499599665403366 14.998222351074219 0.0975019782781601
v -0.1454996019601822 15.842665672302246 0.6350947618484497
v 0.4087730646133423 15.054097175598145 -0.25120633840560913
v -0.21296058595180511 15.046895980834961 -0.4155140221118927
v 0.648350715637207 15.163520812988281 0.07812094688415527
v -0.19509170949459076 16.194217681884766 0.08343206346035004
v 0.6426951885223389 15.45552921295166 -0.36561286449432373
v 0.11038119345903397 15.466166496276855 1.1233097314834595
v 0.013150712475180626 16.040815353393555 -0.18173271417617798
v 0.6897949576377869 15.757272720336914 -0.015865903347730637
v -0.5805466175079346 15.512421607971191 -0.5593073964118958
v 0.12773819267749786 15.408244132995605 -0.9178361296653748
v 0.18403199315071106 14.640631675720215 0.17784614861011505
v 0.19569773972034454 14.971216201782227 0.19685614109039307
v -0.17118589580059052 16.01917839050293 0.42488929629325867
v -0.6851835250854492 15.42048168182373 0.32644787430763245
v -0.33021044731140137 15.142183303833008 -0.4007463753223419
v -0.5293382406234741 15.487567901611328 0.45910122990608215
v 0.3046528995037079 15.231966018676758 -0.03646130859851837
v 0.3277011513710022 15.057832717895508 -0.3918815553188324
v -0.0738854631781578 16.042461395263672 -0.43224644660949707
v -0.4030369222164154 15.425909042358398 0.5750687122344971
v 0.7244086861610413 15.266383171081543 -0.042532481253147125
v 0.1250760406255722 15.741007804870605 0.7798160910606384
v 0.2695004940032959 15.208844184875488 0.029430517926812172
v -0.6784669756889343 15.274399757385254 -0.3424590528011322
v 0.7321744561195374 15.533166885375977 -0.03008551523089409
v -0.07785844802856445 16.025211334228516 0.14367790520191193
v 0.11832989007234573 15.033393859863281 -0.22329378128051758
v -0.2739098370075226 14.985881805419922 0.11871640384197235
v -0.030293099582195282 16.124156951904297 0.2063167691230774
v 0.16029804944992065 15.046345710754395 -0.3661086857318878
v -0.06433281302452087 15.882851600646973 -1.3556303977966309
v -0.6107094287872314 15.1729154586792 0.3026290833950043
v -0.17656651139259338 15.963705062866211 -0.5920025110244751
v -0.1294732242822647 15.013765335083008 0.37981104850769043
v 0.18538877367973328 14.660590171813965 0.21085667610168457
v 0.24567782878875732 16.027894973754883 0.20405341684818268
v -0.12458513677120209 15.494625091552734 -0.7880642414093018
v 0.0845361053943634 15.91576862335205 0.6426007747650146
v 0.5051454305648804 15.479753494262695 -0.5953395366668701
v -0.2784692943096161 15.078920364379883 -0.42683908343315125
v -0.20571792125701904 15.835054397583008 -0.7085512280464172
v 0.7349000573158264 15.408731460571289 -0.03548034653067589
v 0.1350903958082199 16.139423370361328 0.17532002925872803
v 0.15493620932102203 16.06180191040039 -0.036977723240852356
v -0.19560402631759644 15.733535766601562 0.6666784882545471
v -0.18683475255966187 16.190099716186523 -0.06715933978557587
v 0.40515246987342834 14.994718551635742 0.2202875018119812
v -0.23052380979061127 14.845878601074219 -0.43688541650772095
v 0.25976550579071045 15.708518028259277 0.6822596192359924
v 0.20997104048728943 14.990330696105957 0.22044970095157623
v 0.6535406112670898 15.895248413085938 -0.14298726618289948
v -0.3186382055282593 15.961430549621582 -0.5370340943336487
v -0.4443272352218628 16.041698455810547 -0.10625787079334259
v -0.023007893934845924 15.361611366271973 0.9497869610786438
v -0.6355664134025574 15.878276824951172 -0.28057411313056946
v -0.0783659890294075 15.002184867858887 -0.2303055375814438
v -0.2955595552921295 14.67522144317627 -0.628603458404541
v -0.5148409008979797 15.072071075439453 0.27646732330322266
v -0.18456321954727173 15.144207954406738 -0.6714868545532227
v -0.43755969405174255 16.04533576965332 -0.13708625733852386
v 0.18971596658229828 15.691390991210938 -1.0574772357940674
v -0.6211459040641785 15.186245918273926 0.3045227527618408
v -0.085909403860569 16.032899856567383 0.15538504719734192
v -0.3035737872123718 14.654745101928711 -0.5216180682182312
v 0.038212765008211136 15.261258125305176 -0.748508095741272
v 0.6734343767166138 15.719133377075195 0.1291477531194687
v 0.10816288739442825 15.445882797241211 1.1123018264770508
v 0.5428087115287781 15.586234092712402 0.42033666372299194
v 0.2573610842227936 15.328261375427246 -0.7710558772087097
v 0.21468906104564667 15.411147117614746 0.6567919850349426
v -0.6360868215560913 15.92175579071045 -0.044617023319005966
v 0.7324046492576599 15.527581214904785 -0.03031141869723797
v -0.21180786192417145 16.224740982055664 -0.03286460041999817
v -0.52431321144104 15.261371612548828 0.44405150413513184
v 0.23533497750759125 15.598319053649902 0.6966016292572021
v 0.5453130006790161 15.766318321228027 0.39802002906799316
v -0.010327743366360664 16.02675437927246 -0.30723509192466736
v 0.1885368525981903 15.789621353149414 -1.2510015964508057
v -0.31247273087501526 15.121749877929688 0.49280494451522827
v -0.38950467109680176 15.327485084533691 0.5651246309280396
v -0.14152184128761292 16.097951889038086 0.14024727046489716
v -0.7500289082527161 15.686610221862793 -0.09341255575418472
v 0.23211932182312012 14.993367195129395 0.20492176711559296
v 0.08947093784809113 15.836251258850098 -1.1406673192977905
v -0.2058454304933548 16.185993194580078 -0.016256513074040413
v -0.2077261358499527 15.221699714660645 -0.23509295284748077
v -0.3977649211883545 15.526386260986328 0.5715948343276978
v 0.021325083449482918 15.374417304992676 1.064397931098938
v 0.2606518268585205 14.556443214416504 0.031084410846233368
v -0.5534545183181763 15.736583709716797 -0.5049867033958435
v 0.1740080714225769 15.178488731384277 0.5140361785888672
v -0.525196373462677 15.911553382873535 0.3157012164592743
v 0.25340768694877625 14.862492561340332 0.08306214958429337
v -0.19631211459636688 15.439191818237305 -0.7927937507629395
v 0.14431898295879364 15.788250923156738 0.7547426819801331
v 0.15205475687980652 14.738490104675293 0.21114353835582733
v 0.4762498736381531 15.845772743225098 -0.5416159629821777
v -0.08190809935331345 16.02114486694336 0.15220829844474792
v 0.1121881902217865 16.038219451904297 0.12002381682395935
v 0.26959148049354553 15.212972640991211 0.026288576424121857
v -0.2926754951477051 14.761219024658203 -0.6573798656463623
v 0.19340208172798157 16.02716827392578 -0.518172562122345
v 0.5307275652885437 15.3952054977417 0.39131754636764526
v 0.179788738489151 14.578205108642578 0.07460182160139084
v -0.32534509897232056 15.947673797607422 -0.548337996006012
v 0.4780791401863098 15.993854522705078 -0.2961442470550537
v -0.533433735370636 15.336158752441406 0.4549034833908081
v -0.3521369397640228 14.760761260986328 -0.35154420137405396
v -0.7465724349021912 15.34546947479248 0.11974513530731201
v 0.022884566336870193 15.715558052062988 0.7374296188354492
v -0.19368794560432434 16.241018295288086 0.05586254969239235
v -0.18112348020076752 15.091617584228516 -0.6410508751869202
v -0.3380526900291443 14.94495677947998 -0.3363270163536072
v -0.4519714415073395 16.03352165222168 -0.03627317026257515
v 0.4749845266342163 15.027406692504883 0.12762421369552612
v -0.32841038703918457 15.214065551757812 -0.39558836817741394
v 0.2259255349636078 16.03340721130371 0.23578472435474396
v 0.16764889657497406 15.704706192016602 0.9368033409118652
v -0.1257827877998352 15.773686408996582 0.6450697779655457
v -0.003879608353599906 16.02530860900879 -0.306758850812912
v -0.2641580104827881 16.029251098632812 0.19168083369731903
v 0.6257556676864624 15.900235176086426 -0.004746373277157545
v -0.6958481073379517 15.736273765563965 0.16239100694656372
v 0.1002747043967247 15.871722221374512 -1.402504324913025
v 0.30297327041625977 15.179553985595703 -0.09897004812955856
v 0.2128734290599823 16.034059524536133 -0.2762555480003357
v -0.2033316045999527 16.23697853088379 0.001430587493814528
v -0.183809295296669 15.009251594543457 -0.29088500142097473
v -0.418270468711853 16.028968811035156 0.20071695744991302
v 0.15940581262111664 16.0130615234375 -0.1333671510219574
v 0.281354159116745 15.925543785095215 0.5507246255874634
v 0.033443547785282135 15.2476224899292 0.8174334168434143
v -0.3353707194328308 14.717057228088379 -0.6310042142868042
v 0.17187121510505676 16.053436279296875 0.037704989314079285
v 0.08747534453868866 15.721939086914062 -1.0022097826004028
v 0.1402120143175125 15.354676246643066 -0.7932631969451904
v -0.07316111773252487 15.745345115661621 -1.3674860000610352
v 0.25767549872398376 14.700711250305176 0.12482943385839462
v 0.06049027293920517 16.225797653198242 0.15594422817230225
v 0.05169597640633583 15.435809135437012 -0.7998741269111633
v -0.3848159909248352 15.605401992797852 0.5624411106109619
v 0.08950392156839371 15.837231636047363 -1.1427286863327026
v 0.11846388876438141 15.43746280670166 0.9887658357620239
v -0.7657232284545898 15.620983123779297 -0.10740990936756134
v 0.11551281064748764 15.495171546936035 -0.9927274584770203
v -0.3852998614311218 15.028141021728516 -0.40679797530174255
v -0.34382686018943787 14.696893692016602 -0.5182821154594421
v -0.43574145436286926 16.04599380493164 -0.1432507038116455
v -0.23554110527038574 14.788475036621094 -0.4429911673069
v -0.33093830943107605 14.998924255371094 -0.17457081377506256
v 0.20701859891414642 15.096858978271484 -0.6466542482376099
v -0.3068006932735443 14.646483421325684 -0.478549063205719
v 0.060975976288318634 15.645421028137207 1.155579686164856
v -0.6593351364135742 15.579633712768555 0.3169226348400116
v -0.23021510243415833 15.013635635375977 -0.32846054434776306
v -0.3944037854671478 15.351386070251465 0.5687925815582275
v -0.21023142337799072 14.771342277526855 -0.7081922292709351
v 0.12879036366939545 16.100074768066406 0.1635439544916153
v 0.234674334526062 15.595362663269043 0.6967297196388245
v 0.14385922253131866 14.708879470825195 0.2115132212638855
v -0.2783367931842804 16.031274795532227 0.16970157623291016
v -0.2275480479001999 14.648828506469727 -0.4892941415309906
v 0.05660874396562576 14.992199897766113 0.39768970012664795
v -0.31266507506370544 16.048599243164062 -0.08789510279893875
v 0.11262452602386475 15.502266883850098 1.1400138139724731
v -0.11739126592874527 16.00089454650879 0.5107677578926086
v 0.7003178000450134 15.338835716247559 -0.21683108806610107
v -0.17507164180278778 16.236242294311523 -0.07838055491447449
v -0.2277698665857315 14.951360702514648 -0.2594055235385895
v -0.07500860840082169 15.601727485656738 -1.1310940980911255
v 0.2650986909866333 14.744845390319824 0.3429228663444519
v 0.29889291524887085 15.064652442932129 -0.014544609002768993
v -0.05110746622085571 15.743853569030762 0.7475658655166626
v 0.08613721281290054 16.2268009185791 0.14567235112190247
v 0.2785443663597107 15.051103591918945 -0.12702366709709167
v 0.30135101079940796 14.963638305664062 0.16341359913349152
v 0.17811483144760132 15.750094413757324 1.0789567232131958
v -0.07763516157865524 14.965066909790039 0.08127380907535553
v 0.259470671415329 14.99933910369873 0.18054060637950897
v -0.2805013954639435 15.041438102722168 -0.4309995472431183
v 0.6862799525260925 15.768108367919922 -0.014973665587604046
v -0.3350198268890381 15.927275657653809 -0.5644576549530029
v 0.35509365797042847 15.1189546585083 -0.5720269083976746
v 0.2337818592786789 15.701945304870605 1.0406138896942139
v 0.590670108795166 15.117496490478516 0.1972244530916214
v 0.10754387080669403 15.70311450958252 0.9470328688621521
v -0.1986464411020279 14.805156707763672 -0.3960650861263275
v 0.2709810435771942 15.901351928710938 -0.6225384473800659
v -0.330476850271225 16.05596923828125 -0.32179710268974304
v 0.15177811682224274 15.0939302444458 0.03447455167770386
v -0.1842305064201355 15.139385223388672 -0.6685844659805298
v -0.044477108865976334 14.982455253601074 0.25054100155830383
v -0.14651218056678772 15.837777137756348 -1.441784381866455
v 0.05491003394126892 15.53433895111084 1.063379168510437
v -0.11842534691095352 16.05681800842285 -0.11914936453104019
v 0.6251766681671143 15.901115417480469 -0.004730903543531895
v -0.20726534724235535 15.678776741027832 -1.105025053024292
v 0.7361449599266052 15.516900062561035 -0.19137375056743622
v -0.7164424657821655 15.427176475524902 -0.3575139045715332
v -0.059392061084508896 16.231908798217773 0.11343918740749359
v 0.029416648671030998 15.744507789611816 -0.7523887157440186
v -0.3371632695198059 14.864428520202637 -0.42066657543182373
v 0.3029714524745941 16.023664474487305 -0.16058564186096191
v -0.38601523637771606 15.31143856048584 0.5624900460243225
v 0.07934897392988205 16.015857696533203 -0.1376984417438507
v -0.12980513274669647 16.234243392944336 0.14505743980407715
v -0.5267893075942993 15.211798667907715 -0.5295704007148743
v -0.6863299012184143 15.3713960647583 0.3267574906349182
v -0.12062261998653412 16.20351219177246 0.1515779197216034
v -0.421172171831131 15.991823196411133 -0.37838560342788696
v -0.0803234800696373 15.715882301330566 -1.304690957069397
v 0.17061884701251984 15.294271469116211 0.681728184223175
v -0.6859036684036255 15.41085433959961 0.3267897963523865
v 0.6766300201416016 15.707253456115723 0.12958887219429016
v -0.5699829459190369 15.977455139160156 -0.2544313371181488
v 0.3045341372489929 15.222280502319336 -0.02925765886902809
v -0.2239682972431183 15.002607345581055 -0.25479474663734436
v -0.4972127079963684 15.754155158996582 0.4400525689125061
v -0.025749443098902702 16.080760955810547 0.20025081932544708
v 0.25353166460990906 14.639482498168945 0.01893296092748642
v 0.12195981293916702 16.051969528198242 0.21644645929336548
v 0.09830072522163391 15.867512702941895 -1.4231674671173096
v 0.1750643402338028 16.227275848388672 0.02679748460650444
v -0.49227285385131836 15.969904899597168 0.30143359303474426
v -0.5739052295684814 15.820136070251465 0.3230229318141937
v -0.7212640047073364 15.262007713317871 0.11902033537626266
v 0.10467560589313507 16.038619995117188 -0.2907077670097351
v -0.023073071613907814 15.819048881530762 0.7042154669761658
v -0.11598318815231323 15.60222339630127 -0.942184329032898
v -0.7098866105079651 15.604716300964355 -0.34645476937294006
v 0.08311016112565994 16.2268009185791 0.14723548293113708
v 0.15277977287769318 15.135438919067383 0.0024888969492167234
v 0.425354540348053 16.00729751586914 -0.27033042907714844
v 0.04111424461007118 16.11676025390625 -0.13750803470611572
v 0.39571142196655273 16.046428680419922 -0.18074743449687958
v 0.618363618850708 15.91147518157959 -0.004548679571598768
v 0.20807121694087982 16.019506454467773 -0.5331839919090271
v 0.050144683569669724 15.51486587524414 1.0563386678695679
v -0.31455352902412415 14.626670837402344 -0.37506529688835144
v 0.09828867018222809 16.122385025024414 0.19608105719089508
v 0.32936596870422363 15.058886528015137 -0.3012535572052002
v 0.24788591265678406 15.53560733795166 1.114764928817749
v -0.2928469181060791 16.05095672607422 -0.14661945402622223
v -0.3338484466075897 14.996842384338379 -0.4111690819263458
v -0.2970900535583496 14.735366821289062 -0.4649519920349121
v 0.18474677205085754 15.303802490234375 0.7401129007339478
v -0.48286888003349304 16.044105529785156 -0.22152215242385864
v -0.21138039231300354 14.680167198181152 -0.6535395979881287
v 0.1744237095117569 16.076126098632812 0.006591325160115957
v -0.02163097634911537 15.380995750427246 1.0017019510269165
v 0.13064467906951904 14.554162979125977 -0.048819322139024734
v 0.01638592779636383 16.040388107299805 -0.1830839365720749
v 0.6697756052017212 15.57107925415039 -0.3427671790122986
v -0.10281278192996979 15.010115623474121 0.38598233461380005
v -0.2990211546421051 14.699755668640137 -0.46890395879745483
v -0.3407101631164551 14.70433521270752 -0.559831440448761
v 0.09329741448163986 15.773965835571289 1.0469282865524292
v -0.21784467995166779 14.667606353759766 -0.5878720879554749
v 0.2564438283443451 14.938645362854004 0.027026116847991943
v -0.17772935330867767 16.07193374633789 -0.051404356956481934
v -0.431944876909256 16.047367095947266 -0.15612240135669708
v 0.2955387234687805 14.588444709777832 0.005938867572695017
v -0.20759668946266174 15.814515113830566 -0.7206217050552368
v 0.19064141809940338 15.050971031188965 -0.06444554030895233
v -0.3197633922100067 16.055814743041992 -0.33239510655403137
v -0.06545516103506088 15.362869262695312 -0.8236362338066101
v 0.11324718594551086 15.697958946228027 0.9707379341125488
v -0.3660147190093994 15.224283218383789 -0.6537982821464539
v 0.2557372450828552 16.026975631713867 0.18336360156536102
v 0.08763618767261505 15.796540260314941 -1.074992060661316
v 0.2780393064022064 15.685473442077637 -0.7263978123664856
v 0.06847991794347763 16.185855865478516 -0.16055196523666382
v -0.39532047510147095 15.62882137298584 -0.6879739165306091
v 0.11652220785617828 15.415002822875977 0.9562735557556152
v 0.26974573731422424 15.219983100891113 0.02096722647547722
v -0.2293635755777359 14.929883003234863 -0.2613387703895569
v -0.3395655155181885 14.768457412719727 -0.42754876613616943
v 0.2953130602836609 14.963804244995117 0.05953683331608772
v 0.18181367218494415 14.607989311218262 0.12386098504066467
v 0.149536594748497 15.000967025756836 0.10606355220079422
v -0.22919216752052307 14.645588874816895 -0.4725850522518158
v -0.07959776371717453 16.236547470092773 0.09923754632472992
v 0.18452724814414978 16.027341842651367 0.028351962566375732
v 0.6111936569213867 15.827195167541504 -0.3486842215061188
v 0.13810516893863678 15.560890197753906 1.0656955242156982
v 0.0298325102776289 15.792530059814453 -0.732846736907959
v -0.10925102233886719 14.991302490234375 0.45984697341918945
v -0.18673773109912872 15.200030326843262 -0.706388533115387
v 0.1914285570383072 15.75492000579834 0.9124892950057983
v -0.344485342502594 14.860824584960938 -0.34327664971351624
v 0.13973017036914825 15.034357070922852 -0.019384805113077164
v 0.4060212969779968 15.090922355651855 0.3970925211906433
v -0.5299547910690308 15.297024726867676 0.4495730400085449
v -0.4831499457359314 16.024839401245117 0.12808693945407867
v -0.6532759070396423 15.808809280395508 0.17036518454551697
v -0.06678862869739532 15.807882308959961 0.8098462224006653
v -0.1699395626783371 15.220625877380371 -0.27019643783569336
v 0.03835836425423622 16.108901977539062 -0.13463294506072998
v 0.08899387717247009 15.8660249710083 -1.2268887758255005
v -0.06639812886714935 15.881731033325195 -1.3391729593276978
v 0.1270611733198166 16.037574768066406 -0.2921634018421173
v 0.26456406712532043 14.984267234802246 0.19975624978542328
v 0.0801825225353241 15.57361125946045 -0.8795871734619141
v 0.24785269796848297 15.570028305053711 1.1210891008377075
v 0.27357378602027893 15.62366771697998 -0.7471431493759155
v 0.14425460994243622 14.925789833068848 0.06523878127336502
v 0.11895117908716202 15.671649932861328 -1.1808030605316162
v 0.25648364424705505 14.68305492401123 0.09437232464551926
v 0.23410286009311676 15.056232452392578 -0.3427639901638031
v 0.4999544322490692 15.120359420776367 0.27619728446006775
v -0.06083768233656883 15.884542465209961 -1.3836787939071655
v -0.08556440472602844 16.227121353149414 0.15667767822742462
v 0.2858660817146301 16.026344299316406 -0.20793657004833221
v 0.26538464426994324 15.736772537231445 0.6747490763664246
v 0.1899452805519104 15.668314933776855 -1.037456750869751
v 0.18468762934207916 16.031719207763672 -0.5092549324035645
v -0.204766184091568 15.224555969238281 0.5956575274467468
v -0.04753169044852257 15.749726295471191 0.9285147786140442
v 0.003319717478007078 16.021055221557617 -0.549813985824585
v 0.15370818972587585 15.287096977233887 0.642891526222229
v 0.0014148966874927282 15.722128868103027 0.8820446729660034
v -0.49224838614463806 15.969945907592773 0.30142107605934143
v 0.1522078514099121 16.088058471679688 0.11924123018980026
v -0.29251283407211304 14.819853782653809 -0.45558464527130127
v 0.2258395403623581 16.16708755493164 0.06004323810338974
v -0.31241393089294434 15.848309516906738 0.511134684085846
v -0.3838922381401062 15.749055862426758 -0.6509918570518494
v 0.19018004834651947 15.344696044921875 0.8395500779151917
v 0.18086592853069305 14.5940523147583 0.10081113129854202
v 0.2623926103115082 14.885493278503418 0.2746973931789398
v 0.29882580041885376 15.062763214111328 -0.013153700157999992
v -0.0660778135061264 16.23342514038086 0.10869976878166199
v -0.13856053352355957 16.09718894958496 -0.09585016965866089
v -0.09768412262201309 15.271824836730957 0.620239794254303
v 0.28179001808166504 15.745501518249512 -0.7023414969444275
v 0.32958003878593445 15.09067153930664 -0.5524389743804932
v 0.2624046802520752 16.049734115600586 -0.37012752890586853
v 0.30507785081863403 14.979235649108887 0.2987666428089142
v -0.19439147412776947 15.538187026977539 -0.8055189251899719
v 0.4252692461013794 16.048599243164062 0.03104209713637829
v -0.09274633228778839 15.018721580505371 -0.3904569745063782
v 0.21639414131641388 15.06003189086914 -0.45257726311683655
v -0.07692673802375793 15.690035820007324 -1.2555519342422485
v 0.1707787811756134 14.592628479003906 -0.05559277907013893
v -0.162040576338768 16.0252685546875 -0.014959333464503288
v 0.04788155481219292 15.357769966125488 -0.7804709076881409
v -0.2227303832769394 14.658151626586914 -0.5382369756698608
v -0.3981297016143799 15.509784698486328 -0.7117145657539368
v -0.06718844920396805 16.138565063476562 -0.1343863308429718
v 0.15835705399513245 15.345340728759766 -0.7046485543251038
v 0.26203182339668274 15.078898429870605 -0.07611652463674545
v -0.30257007479667664 14.724570274353027 -0.4768936038017273
v 0.19103248417377472 16.111072540283203 0.08978419005870819
v 0.3983776569366455 15.05466079711914 -0.25884634256362915
v -0.5052791237831116 15.704266548156738 0.44510000944137573
v 0.493760883808136 15.90552043914795 0.3520256578922272
v 0.16329872608184814 15.003924369812012 0.08415663242340088
v 0.7139208912849426 15.211335182189941 -0.045951515436172485
v -0.16873304545879364 15.161890029907227 -0.3580957353115082
v -0.21531686186790466 15.415420532226562 -0.7699921131134033
v -0.07383018732070923 15.665828704833984 -1.213337779045105
v 0.13477805256843567 15.66494369506836 1.039893388748169
v -0.2942115366458893 14.986486434936523 0.09021825343370438
v 0.22266028821468353 16.034467697143555 0.24038627743721008
v -0.20279152691364288 16.238414764404297 0.018975047394633293
v -0.3399771749973297 14.751994132995605 -0.4287272095680237
v -0.3350016176700592 14.71791934967041 -0.6359214186668396
v 0.2963370084762573 14.60563850402832 0.03440994396805763
v 0.29565975069999695 14.97354507446289 0.052367307245731354
v 0.3032642602920532 15.060595512390137 -0.5311861038208008
v -0.22738346457481384 14.724309921264648 -0.4867329001426697
v -0.68578040599823 15.35671329498291 0.32634344696998596
v 0.2234228551387787 15.260859489440918 0.7953604459762573
v 0.25339698791503906 14.558489799499512 -0.046357594430446625
v -0.18673409521579742 16.208614349365234 -0.07657288014888763
v 0.3272300064563751 16.02410125732422 -0.4096304178237915
v 0.6063759922981262 15.834895133972168 -0.34837836027145386
v -0.5331567525863647 15.418013572692871 0.4607935845851898
v -0.21118998527526855 14.68054485321045 -0.6554736495018005
v -0.192146435379982 16.068679809570312 -0.009782670997083187
v 0.2145967036485672 15.412467956542969 -0.7525915503501892
v 0.7168471813201904 15.659917831420898 -0.023657627403736115
v -0.2673850357532501 15.023397445678711 -0.5120710134506226
v -0.2563351094722748 16.04435157775879 0.0005526819149963558
v 0.08496948331594467 15.935636520385742 0.6293562054634094
v 0.4011801779270172 15.964675903320312 -0.4691430330276489
v -0.0508766733109951 15.743755340576172 0.74811190366745
v -0.21026407182216644 14.682319641113281 -0.6648843288421631
v 0.26207616925239563 14.871068000793457 0.28561171889305115
v 0.42000681161880493 16.00750160217285 -0.2680882215499878
v -0.1916836053133011 16.23413848876953 -0.04933391883969307
v 0.1645403951406479 16.102508544921875 -0.08635473251342773
v -0.18451771140098572 14.97367000579834 -0.378132164478302
v -0.318843275308609 15.134112358093262 0.499653697013855
v -0.1658245176076889 15.196660041809082 -0.3544035851955414
v 0.12284909188747406 15.48126220703125 1.0188689231872559
v 0.1667252629995346 15.047243118286133 -0.36425188183784485
v 0.4053940773010254 15.083477020263672 0.3929104804992676
v 0.1173207238316536 15.655144691467285 -1.158053994178772
v 0.33186522126197815 14.980071067810059 0.28044188022613525
v -0.04256432503461838 15.336722373962402 -0.6875156164169312
v 0.005664969328790903 15.285749435424805 0.8996671438217163
v -0.39513519406318665 15.546102523803711 0.5698315501213074
v -0.14973272383213043 16.032690048217773 0.05125303566455841
v 0.304982990026474 16.019710540771484 0.03718356788158417
v 0.127181738615036 15.364450454711914 0.8213424682617188
v -0.18583036959171295 15.935403823852539 -0.628071129322052
v 0.18997417390346527 15.665403366088867 -1.03493070602417
v -0.17278462648391724 16.121835708618164 0.0975436121225357
v 0.06418207287788391 16.025850296020508 0.06617287546396255
v 0.19344644248485565 15.535087585449219 1.1635732650756836
v -0.31251993775367737 16.0347900390625 0.0859818309545517
v 0.6723217368125916 15.72326946258545 0.12899397313594818
v -0.4376375079154968 16.045307159423828 -0.13682235777378082
v -0.1983322650194168 14.664480209350586 -0.3668908178806305
v -0.19704362750053406 15.540787696838379 -1.0155054330825806
v -0.3102644383907318 15.854844093322754 0.5093925595283508
v 0.6109012961387634 15.922821044921875 -0.004349165596067905
v 0.43247607350349426 15.656304359436035 0.5618917346000671
v -0.13230621814727783 16.067277908325195 0.13937413692474365
v -0.38339298963546753 15.753125190734863 -0.6496984362602234
v -0.07829046249389648 15.561484336853027 -1.0923957824707031
v 0.22374702990055084 15.536038398742676 0.6936343908309937
v -0.34996071457862854 14.789258003234863 -0.3491930365562439
v 0.30130642652511597 14.959997177124023 0.166121706366539
v -0.3982151448726654 15.517450332641602 -0.7111761569976807
v -0.13192880153656006 16.035335540771484 0.30487287044525146
v 0.26567038893699646 15.034628868103027 0.1615699678659439
v -0.5912899971008301 15.95127010345459 -0.2629714012145996
v -0.33233457803726196 15.057303428649902 -0.406830757856369
v 0.04347428306937218 15.309340476989746 -0.7655312418937683
v 0.20001128315925598 15.033740997314453 -0.6169147491455078
v -0.2857109308242798 14.945279121398926 -0.44166260957717896
v -0.13182279467582703 16.06599998474121 0.13920146226882935
v 0.1425572633743286 15.030221939086914 -0.07285969704389572
v 0.10667392611503601 15.203817367553711 0.6758010387420654
v -0.31551262736320496 15.239636421203613 -0.3119756579399109
v 0.029276510700583458 15.683964729309082 1.1025261878967285
v -0.07011131197214127 16.093408584594727 0.19767898321151733
v -0.46374955773353577 15.025485038757324 0.10461553931236267
v 0.4516580402851105 15.287903785705566 -0.6202980875968933
v 0.7336936593055725 15.36386489868164 -0.03760015219449997
v -0.3181730806827545 16.03643226623535 0.05862093344330788
v 0.13783809542655945 15.358392715454102 -0.8140673041343689
v 0.5684419870376587 15.89473819732666 -0.3436410129070282
v 0.2578374743461609 15.330154418945312 -0.771653950214386
v 0.11251988261938095 15.586414337158203 -1.0809420347213745
v 0.26069116592407227 15.71317195892334 0.6810225248336792
v 0.1608806699514389 16.206327438354492 -0.14213824272155762
v 0.05288555100560188 16.042245864868164 -0.2828747630119324
v -0.3572852611541748 14.664708137512207 -0.33887577056884766
v -0.20484717190265656 15.260490417480469 -0.23160089552402496
v 0.4081249237060547 16.0461483001709 -0.14953139424324036
v -0.05236699804663658 15.803500175476074 0.8481860756874084
v -0.2895566523075104 14.690604209899902 -0.708721399307251
v -0.2820313274860382 15.062746047973633 0.46402832865715027
v 0.6743286848068237 15.266507148742676 0.09590018540620804
v 0.26172173023223877 15.370124816894531 -0.7769306302070618
v 0.15446187555789948 15.205134391784668 -0.05123350769281387
v 0.2615813612937927 14.595865249633789 0.09630899131298065
v 0.04559067636728287 15.272364616394043 0.8648269176483154
v -0.5023053884506226 15.175448417663574 0.4281195104122162
v -0.1668286770582199 14.980754852294922 -0.13916465640068054
v 0.4058624804019928 16.04619789123535 -0.1552206128835678
v 0.5711653232574463 15.996581077575684 -0.12400411814451218
v 0.08490214496850967 15.34762954711914 1.0111414194107056
v 0.23600426316261292 15.257832527160645 0.570774257183075
v 0.09928054362535477 16.20231056213379 0.20648807287216187
v -0.17126746475696564 14.965699195861816 -0.03272833302617073
v -0.39634308218955994 15.022229194641113 0.21262021362781525
v 0.19770583510398865 16.049732208251953 0.14861978590488434
v 0.26810458302497864 15.145329475402832 0.07759611308574677
v 0.08906713128089905 15.824365615844727 -1.1158113479614258
v -0.05192997679114342 15.744200706481934 0.7456201314926147
v 0.20619846880435944 15.225518226623535 0.6800510883331299
v 0.696615993976593 15.376269340515137 0.11181395500898361
v 0.04240323603153229 15.591033935546875 -0.8027430772781372
v -0.3217511475086212 15.158121109008789 -0.31871509552001953
v -0.2871807813644409 14.918177604675293 -0.44467008113861084
v 0.13698135316371918 15.10038948059082 -0.0708092749118805
v -0.32125723361968994 16.055862426757812 -0.3311005234718323
v -0.20823492109775543 15.706689834594727 -1.1267118453979492
v 0.19193768501281738 15.384492874145508 1.0607181787490845
v -0.19047854840755463 15.783895492553711 -1.2290308475494385
v 0.4068700671195984 15.243318557739258 0.45985379815101624
v 0.14828810095787048 14.828933715820312 0.14069952070713043
v 0.07612968236207962 15.543431282043457 -0.8218299150466919
v -0.06620191782712936 15.749963760375977 0.7101622223854065
v -0.1782003939151764 14.970558166503906 -0.07155841588973999
v -0.35570064187049866 14.714200019836426 -0.355393648147583
v -0.20320647954940796 16.118730545043945 0.0066061122342944145
v 0.17794284224510193 16.014312744140625 -0.12156877666711807
v 0.08424035459756851 16.05303382873535 0.16033603250980377
v 0.2520076632499695 14.827335357666016 0.10889928042888641
v -0.05087735503911972 16.26249122619629 -0.026210583746433258
v 0.30224257707595825 16.023897171020508 -0.16337473690509796
v 0.09951668977737427 14.989709854125977 0.3906325697898865
v 0.4744601547718048 15.05196475982666 -0.17914552986621857
v 0.12015895545482635 16.22920036315918 0.06189505010843277
v 0.22563843429088593 16.216487884521484 -0.018991921097040176
v -0.09148156642913818 16.239397048950195 0.09114552289247513
v -0.37512025237083435 15.651164054870605 0.5554840564727783
v 0.15193508565425873 15.10044002532959 0.029465552419424057
v 0.19068646430969238 14.754627227783203 0.14990831911563873
v 0.18091416358947754 16.08707618713379 0.006901174318045378
v 0.062132108956575394 15.019582748413086 -0.13320381939411163
v -0.23512502014636993 16.024478912353516 0.22833994030952454
v -0.12445659935474396 15.495758056640625 -0.7914844155311584
v 0.2032148689031601 16.040048599243164 0.2654435634613037
v -0.27275848388671875 15.184218406677246 -0.4151504933834076
v 0.6404348015785217 15.918615341186523 -0.14122894406318665
v 0.1993858963251114 15.690431594848633 1.1390541791915894
v -0.24148796498775482 14.766337394714355 -0.2760447859764099
v 0.45801085233688354 15.308911323547363 -0.6198145151138306
v 0.09811326861381531 15.86711311340332 -1.42513108253479
v -0.10400497168302536 15.269425392150879 0.6071032881736755
v -0.27780580520629883 15.09115219116211 -0.4254814088344574
v -0.14368952810764313 16.038658142089844 -0.2957155108451843
v 0.20030906796455383 15.508912086486816 1.0570083856582642
v 0.20856192708015442 16.019250869750977 -0.5336860418319702
v 0.21575146913528442 16.179601669311523 -0.04483041539788246
v 0.24530860781669617 15.073753356933594 0.4614751636981964
v -0.579428493976593 15.991012573242188 -0.03952726721763611
v -0.3940065801143646 15.022069931030273 0.21562042832374573
v -0.029837993904948235 15.313000679016113 0.8339250087738037
v 0.09774108231067657 16.105159759521484 0.1905597448348999
v 0.25745028257369995 14.963934898376465 0.008441319689154625
v 0.2623412013053894 14.627971649169922 0.14953546226024628
v 0.6382103562355042 15.4390287399292 -0.3701218366622925
v 0.1883309781551361 14.703876495361328 0.28244543075561523
v -0.08330685645341873 15.863520622253418 -1.2244367599487305
v 0.2490261197090149 15.65931510925293 0.691373348236084
v 0.11430799961090088 15.674304008483887 1.1611733436584473
v 0.056897662580013275 15.520169258117676 1.14252507686615
v -0.07786641269922256 16.24161148071289 -0.0704163908958435
v -0.7654864192008972 15.444168090820312 0.12498185783624649
v 0.3000028729438782 16.024606704711914 -0.17194415628910065
v 0.13926926255226135 15.045415878295898 -0.028009390458464622
v 0.40242934226989746 15.391634941101074 0.5229196548461914
v -0.23357339203357697 14.873065948486328 -0.2664450407028198
v -0.21048758924007416 15.184394836425781 -0.23844248056411743
v 0.6228541731834412 15.525679588317871 0.27141621708869934
v -0.36173486709594727 15.210238456726074 -0.6483091115951538
v -0.2888800799846649 16.01671028137207 -0.48484352231025696
v 0.06111133471131325 15.557845115661621 1.1512866020202637
v 0.08365137130022049 16.040081024169922 -0.2879530191421509
v 0.21537110209465027 15.41215705871582 -0.7482591271400452
v 0.24685217440128326 15.605525016784668 1.1200227737426758
v -0.10836515575647354 15.789545059204102 -1.09462308883667
v 0.19582854211330414 16.025009155273438 -0.008336026221513748
v 0.021535517647862434 16.0405216217041 0.17284579575061798
v -0.03199317306280136 16.23536491394043 0.07799764722585678
v -0.3790460228919983 15.278127670288086 -0.672804594039917
v 0.18907351791858673 15.04504680633545 -0.19283542037010193
v 0.004109581932425499 15.456855773925781 1.0913233757019043
v 0.0896834209561348 15.312905311584473 0.6452329158782959
v 0.2985917329788208 14.654158592224121 0.11492109298706055
v -0.3183306157588959 14.61701488494873 -0.3246419429779053
v -0.07643125206232071 16.126007080078125 0.19847635924816132
v -0.1957097053527832 15.486454010009766 -0.8014300465583801
v -0.3244298994541168 15.023907661437988 -0.48001083731651306
v 0.06313877552747726 15.601153373718262 1.1560795307159424
v -0.025588490068912506 15.324202537536621 0.8598900437355042
v -0.6393479704856873 15.828848838806152 0.17293429374694824
v 0.11317484080791473 15.538521766662598 -1.0332412719726562
v 0.1929238736629486 15.755861282348633 -1.13637113571167
v -0.3334672749042511 15.012066841125488 -0.41007664799690247
v 0.7029817700386047 15.44214153289795 0.11790469288825989
v -0.18654082715511322 15.19349193572998 -0.7022557258605957
v -0.20873461663722992 14.775466918945312 -0.727517306804657
v 0.12272033095359802 15.807010650634766 0.8996706008911133
v -0.05920631065964699 15.885313034057617 -1.3979625701904297
v 0.19023306667804718 15.707557678222656 -1.0735259056091309
v -0.05116650462150574 14.96716022491455 0.09708725661039352
v 0.5000219941139221 15.453948974609375 -0.6000949740409851
v -0.12573501467704773 15.4840726852417 -0.7415010333061218
v 0.19324032962322235 16.042394638061523 0.2767530381679535
v 0.06912236660718918 15.527536392211914 -0.7300395369529724
v -0.33466970920562744 15.928069114685059 -0.5638929009437561
v -0.10720401257276535 16.110986709594727 0.16807954013347626
v -0.31331685185432434 15.845563888549805 0.511866569519043
v -0.16936594247817993 15.115617752075195 0.5443097352981567
v -0.5098642706871033 15.979966163635254 0.1512858122587204
v 0.047307129949331284 15.503721237182617 1.051811933517456
v 0.14976273477077484 14.793509483337402 0.1682685762643814
v 0.19701151549816132 15.110160827636719 0.0911034420132637
v -0.11062919348478317 15.265686988830566 0.5934264659881592
v -0.10337992757558823 16.21187400817871 -0.14782564342021942
v -0.7471224069595337 15.618489265441895 0.14992356300354004
v 0.029041962698101997 16.19260597229004 -0.16339042782783508
v -0.5144129395484924 15.642632484436035 0.4493246078491211
v 0.1715317815542221 16.215801239013672 -0.04287031292915344
v -0.000629151298198849 15.006538391113281 -0.1538117229938507
v -0.6867130994796753 15.381637573242188 0.3270461857318878
v -0.06695868074893951 15.365797996520996 -0.8350819945335388
v 0.19299963116645813 15.415185928344727 1.0920135974884033
v -0.0937415063381195 16.055192947387695 0.16349048912525177
v 0.5825399160385132 15.962597846984863 -0.003888259641826153
v 0.7298583388328552 15.470803260803223 -0.20048722624778748
v 0.11310499906539917 15.539997100830078 -1.0346442461013794
v -0.6268974542617798 15.185982704162598 -0.3261657953262329
v -0.1928769201040268 14.67667007446289 -0.4300136864185333
v 0.012243914417922497 15.814789772033691 0.8449610471725464
v 0.12693536281585693 16.230432510375977 0.05370384454727173
v -0.20273113250732422 14.696942329406738 -0.7414120435714722
v 0.14618763327598572 16.017093658447266 0.44599679112434387
v 0.0816812589764595 15.189995765686035 0.5592843890190125
v 0.09408590942621231 16.049884796142578 0.2305113822221756
v 0.1480374038219452 16.22975730895996 0.08927983790636063
v -0.46284914016723633 15.03711986541748 -0.2174130231142044
v 0.41807833313941956 16.049617767333984 0.07306372374296188
v -0.4517748951911926 16.030778884887695 0.028035970404744148
v 0.5383902788162231 15.513799667358398 0.41485151648521423
v -0.20175641775131226 16.109209060668945 0.010697620920836926
v 0.001506577362306416 16.039918899536133 -0.4338039755821228
v 0.29962024092674255 15.085089683532715 -0.029587527737021446
v 0.19093193113803864 14.742137908935547 0.345724493265152
v -0.6838676929473877 15.726106643676758 -0.3150753974914551
v 0.1865699291229248 16.027015686035156 0.023503802716732025
v 0.14837568998336792 15.038524627685547 -0.21199020743370056
v -0.3320390582084656 15.160238265991211 0.5137336254119873
v 0.0829663798213005 16.01543426513672 -0.13854540884494781
v -0.05781983956694603 15.885964393615723 -1.4103554487228394
v -0.11759703606367111 16.02321434020996 0.10670600086450577
v -0.33930516242980957 14.778860092163086 -0.4268025755882263
v -0.5583648681640625 15.71449089050293 -0.5116914510726929
v -0.39639800786972046 15.607035636901855 -0.6939588785171509
v 0.21674448251724243 15.37984561920166 0.6405239701271057
v 0.015132654458284378 16.124372482299805 0.21293210983276367
v 0.19720761477947235 16.024436950683594 -0.016199184581637383
v -0.04609471559524536 15.305760383605957 0.6290898323059082
v -0.12155341356992722 15.907386779785156 0.6044026613235474
v 0.21782304346561432 16.211809158325195 0.07003530114889145
v 0.2085239291191101 15.052980422973633 -0.3517075479030609
v 0.20473840832710266 15.578083038330078 1.0831478834152222
v 0.17191943526268005 14.603094100952148 -0.0378897525370121
v 0.5105482339859009 15.66932487487793 -0.5690032839775085
v -0.20931701362133026 15.0140962600708 -0.34506192803382874
v -0.22645244002342224 15.304162979125977 0.6254284977912903
v 0.22746022045612335 15.306145668029785 0.9105989933013916
v 0.014742953702807426 16.13712501525879 0.21497252583503723
v 0.24190300703048706 15.271730422973633 -0.7507257461547852
v -0.6527137756347656 15.235353469848633 0.3123704493045807
v 0.14959211647510529 15.003265380859375 0.10429135710000992
v -0.1991865187883377 15.573469161987305 -1.0402024984359741
v -0.5743722915649414 15.618124008178711 -0.535403847694397
v 0.005693861283361912 15.232075691223145 0.6547039747238159
v 0.19215472042560577 15.438179016113281 1.1112970113754272
v -0.5016987919807434 15.879987716674805 -0.45063990354537964
v 0.2469472587108612 15.602951049804688 1.1202678680419922
v 0.22987371683120728 14.993059158325195 0.20649603009223938
v 0.12018147855997086 16.229206085205078 0.06186797842383385
v -0.012212090194225311 16.204547882080078 -0.1676132082939148
v 0.1906873732805252 14.748485565185547 0.15435336530208588
v -0.025724418461322784 15.323890686035156 0.8591870665550232
v 0.6525739431381226 15.73496150970459 -0.34508195519447327
v 0.049922190606594086 15.484101295471191 1.132601022720337
v -0.23287543654441833 14.818974494934082 -0.4397471845149994
v 0.17479567229747772 16.12120246887207 -0.09071218222379684
v -0.7195815443992615 15.480179786682129 -0.3600721061229706
v 0.21632657945156097 16.185211181640625 0.10383158922195435
v 0.1877383440732956 16.104286193847656 0.08725057542324066
v 0.1253795325756073 15.684226989746094 1.0058573484420776
v -0.544882595539093 15.244115829467773 -0.5434845089912415
v -0.29883846640586853 14.906980514526367 -0.2807905673980713
v -0.024037310853600502 15.400965690612793 0.7164524793624878
v 0.011492724530398846 15.364300727844238 0.8653626441955566
v -0.10712837427854538 16.019691467285156 0.4466174244880676
v -0.11972127854824066 16.01944351196289 0.4432734549045563
v -0.293803870677948 14.796053886413574 -0.4582265615463257
v -0.21908850967884064 14.747034072875977 -0.5938342809677124
v 0.24073845148086548 14.982670783996582 0.3344229459762573
v 0.13345903158187866 15.184971809387207 -0.13668608665466309
v 0.09692778438329697 16.01401710510254 -0.14122234284877777
v 0.08714320510625839 15.82618522644043 0.7971863150596619
v -0.7071375846862793 15.620976448059082 -0.3427071273326874
v 0.08003123104572296 15.570486068725586 -0.875816822052002
v -0.23882080614566803 14.80233097076416 -0.2728100121021271
v 0.06723028421401978 15.312213897705078 0.6004074215888977
v -0.20733313262462616 14.70159912109375 -0.407091349363327
v -0.04376209154725075 15.748456001281738 0.9413477778434753
v -0.3275300860404968 15.000365257263184 -0.18416066467761993
v 0.2621048390865326 14.61800479888916 0.13296058773994446
v 0.24721024930477142 14.982305526733398 0.3311704397201538
v 0.202042356133461 15.653055191040039 1.05323326587677
v -0.3456902801990509 14.992234230041504 -0.09700380265712738
v -0.18835318088531494 14.939983367919922 -0.29766151309013367
v -0.06946533918380737 15.879842758178711 -1.3149445056915283
v -0.23933663964271545 14.795343399047852 -0.27343618869781494
v 0.3018797039985657 15.059619903564453 -0.3144551217556
v -0.4281316101551056 16.030696868896484 0.1731729358434677
v -0.35092243552207947 15.889849662780762 -0.5902719497680664
v 0.27080994844436646 15.268428802490234 -0.015758980065584183
v -0.27474507689476013 15.147586822509766 -0.41921696066856384
v 0.048954881727695465 16.013004302978516 0.5586760640144348
v 0.2811735272407532 15.824869155883789 -0.6628825068473816
v 0.041747819632291794 15.596028327941895 -0.801874041557312
v 0.14920218288898468 14.806973457336426 0.15779900550842285
v 0.03398794308304787 15.755829811096191 0.7530462741851807
v -0.5049504041671753 15.986284255981445 0.14860409498214722
v -0.417249470949173 15.023832321166992 0.1844715029001236
v -0.30269691348075867 14.656963348388672 -0.5333212614059448
v -0.19340118765830994 14.867720603942871 -0.3894078731536865
v -0.25578752160072327 15.012829780578613 -0.30366843938827515
v 0.7371934652328491 15.537907600402832 -0.18718351423740387
v 0.7347881197929382 15.451582908630371 -0.033489078283309937
v -0.11627733707427979 15.012045860290527 0.383059024810791
v 0.09901938587427139 15.757426261901855 -1.444951057434082
v 0.19068987667560577 14.728378295898438 0.16887280344963074
v 0.7349753975868225 15.440951347351074 -0.033955443650484085
v 0.23491251468658447 15.69874382019043 1.0458426475524902
v 0.22426776587963104 15.317090034484863 0.9352750182151794
v 0.6877584457397461 15.269052505493164 -0.2188846915960312
v 0.0520545095205307 15.285090446472168 0.8953033685684204
v -0.22642149031162262 14.969524383544922 -0.2577700614929199
v -0.49212566018104553 15.89674186706543 -0.44273990392684937
v -0.14569832384586334 16.11958885192871 0.13646993041038513
v -0.18983076512813568 16.229717254638672 -0.08997919410467148
v 0.28685134649276733 16.050926208496094 -0.3501650094985962
v 0.2648099958896637 14.73258113861084 0.32266849279403687
v -0.573714554309845 15.124998092651367 -0.31001338362693787
v 0.3018576502799988 16.051464080810547 -0.33383309841156006
v 0.0842510536313057 15.66889762878418 -0.958371639251709
v -0.2375384122133255 16.03933334350586 0.06732559949159622
v 0.0440707765519619 15.578329086303711 -0.8049538731575012
v -0.024604571983218193 15.322210311889648 0.6901771426200867
v 0.061032623052597046 14.979247093200684 0.12486150860786438
v -0.1884354203939438 15.78765869140625 -1.236672043800354
v -0.1799989640712738 15.769089698791504 0.6588883399963379
v 0.05381191149353981 16.10763168334961 0.20647123456001282
v -0.6886417269706726 15.828618049621582 -0.05977778509259224
v 0.5351061820983887 15.458252906799316 0.4057846963405609
v -0.39793553948402405 15.562941551208496 -0.7044849395751953
v -0.16074351966381073 16.240345001220703 0.09354173392057419
v -0.07342160493135452 15.642081260681152 -1.1784473657608032
v -0.19877588748931885 16.08926773071289 0.019645022228360176
v -0.054562442004680634 15.804247856140137 0.8426658511161804
v 0.21554331481456757 15.393019676208496 0.6478036046028137
v 0.35794007778167725 16.027767181396484 0.280466228723526
v -0.5769391059875488 15.385575294494629 -0.573311448097229
v -0.19631096720695496 14.66898250579834 -0.390280544757843
v 0.3855564594268799 15.15292739868164 -0.5930445194244385
v -0.008931830525398254 16.02644920349121 -0.3071431815624237
v 0.04086809232831001 16.1160945892334 -0.13727734982967377
v 0.09823702275753021 16.117673873901367 0.19460710883140564
v 0.042316559702157974 15.591693878173828 -0.8026282787322998
v 0.26101580262184143 14.57186508178711 0.056630346924066544
v 0.017276572063565254 16.257265090942383 -0.11248397082090378
v 0.258370965719223 15.332275390625 -0.7723239064216614
v -0.36439961194992065 15.693353652954102 0.5483639240264893
v 0.562041163444519 16.003324508666992 -0.12070611119270325
v -0.22209110856056213 14.942452430725098 -0.42662376165390015
v 0.0061411177739501 15.721867561340332 1.0561301708221436
v -0.014242943376302719 15.72813892364502 0.8371896147727966
v -0.7730953693389893 15.45464038848877 -0.1285451501607895
v -0.2181023210287094 15.08170223236084 -0.24767960608005524
v 0.3799405097961426 15.953559875488281 0.42402368783950806
v 0.14529404044151306 14.730886459350586 0.24697637557983398
v -0.049293532967567444 15.304081916809082 0.6209302544593811
v 0.06805131584405899 14.980109214782715 0.12511926889419556
v 0.15017381310462952 14.783666610717773 0.17595793306827545
v 0.13709281384944916 15.097724914550781 -0.06872519105672836
v -0.5427758693695068 15.775639533996582 -0.49151724576950073
v -0.20478256046772003 14.692936897277832 -0.7205749154090881
v -0.511932909488678 15.208775520324707 0.4348292648792267
v 0.6622887253761292 15.530837059020996 -0.34866249561309814
v 0.23571649193763733 15.259288787841797 0.5715909600257874
v -0.11626425385475159 15.61091423034668 -0.9486490488052368
v 0.618930995464325 15.385597229003906 0.2615683972835541
v -0.24749726057052612 14.985075950622559 0.1495773196220398
v 0.18328557908535004 15.359082221984863 0.8970651030540466
v 0.5740433931350708 15.97394847869873 -0.0037419800646603107
v 0.11520364880561829 15.52263355255127 1.1477525234222412
v 0.5124869346618652 15.611035346984863 -0.5745193362236023
v -0.006991748232394457 15.026275634765625 -0.3926701545715332
v -0.689888596534729 15.747260093688965 0.1634986847639084
v 0.30026131868362427 15.103180885314941 -0.04285143315792084
v -0.3848065435886383 15.741601943969727 -0.6533613801002502
v -0.19674013555049896 14.668009757995605 -0.3853163719177246
v -0.019240565598011017 15.466507911682129 0.7382611036300659
v 0.09840173274278641 14.986563682556152 0.25423485040664673
v -0.0669807493686676 16.020631790161133 0.45462754368782043
v -0.21184983849525452 16.197784423828125 0.03352202847599983
v 0.14395840466022491 16.04197120666504 0.0609072670340538
v -0.4173990488052368 16.05073356628418 -0.19335591793060303
v -0.22796562314033508 14.722671508789062 -0.4792175590991974
v 0.17852045595645905 16.220088958740234 -0.016357066109776497
v 0.7224849462509155 15.253060340881348 -0.04328162595629692
v 0.023344790562987328 15.759705543518066 0.7158250212669373
v 0.5697109699249268 15.192007064819336 -0.41420093178749084
v 0.21583245694637299 16.015453338623047 -0.5411263108253479
v 0.13649223744869232 15.798828125 0.9398963451385498
v -0.07777074724435806 16.13896369934082 0.1972506046295166
v 0.2627795934677124 15.097667694091797 -0.08990980684757233
v -0.5124176144599915 15.858609199523926 -0.4599374234676361
v 0.6167595386505127 15.81655216217041 -0.34832650423049927
v -0.05926034227013588 16.066986083984375 -0.11479077488183975
v -0.28116968274116516 15.011220932006836 -0.2726772725582123
v -0.5299779772758484 15.476758003234863 0.45957237482070923
v -0.27475178241729736 15.14746379852295 -0.4192306101322174
v -0.1411484032869339 15.852391242980957 0.631289005279541
v -0.5043559670448303 15.710653305053711 0.4446033835411072
v 0.47276371717453003 15.855021476745605 -0.5387756824493408
v 0.0893499106168747 15.355178833007812 1.0237585306167603
v -0.0033736582845449448 15.088125228881836 -0.6369176506996155
v 0.15785178542137146 15.779952049255371 0.7902247309684753
v 0.08490851521492004 15.784112930297852 1.0096360445022583
v 0.19069147109985352 14.718061447143555 0.17630304396152496
v 0.2638838589191437 14.69333267211914 0.25773146748542786
v -0.24358251690864563 15.446170806884766 0.660643458366394
v -0.021776346489787102 16.042579650878906 0.33540844917297363
v 0.1264735460281372 15.236774444580078 0.7644437551498413
v 0.2281063050031662 16.174606323242188 0.006839067675173283
v 0.34905046224594116 15.112215042114258 -0.567857563495636
v 0.46479111909866333 16.000699996948242 -0.2885169982910156
v -0.06922180205583572 15.756977081298828 -1.3948298692703247
v -0.07854627817869186 15.699471473693848 -1.2731934785842896
v -0.30020901560783386 16.033161163330078 0.12523823976516724
v -0.3313673734664917 15.095942497253418 -0.4040603041648865
v -0.1759675145149231 15.075651168823242 -0.3672788143157959
v -0.2114761769771576 15.171076774597168 -0.23964150249958038
v 0.06417365372180939 15.311842918395996 0.5943141579627991
v 0.17522425949573517 14.633431434631348 0.013424155302345753
v -0.3595307767391205 15.025297164916992 -0.44529443979263306
v 0.2104387730360031 16.165544509887695 0.10000647604465485
v 0.19511671364307404 14.909829139709473 0.24355369806289673
v -0.11669285595417023 15.582072257995605 -0.9243572950363159
v 0.07868923991918564 15.557272911071777 -0.8542182445526123
v -0.17972926795482635 14.705911636352539 -0.5821567177772522
v 0.017867151647806168 15.38465404510498 0.9197404980659485
v -0.1782023161649704 14.709296226501465 -0.5998306274414062
v 0.15904705226421356 15.289674758911133 0.6555197834968567
v 0.7038227915763855 15.498212814331055 0.12232106924057007
v -0.02238387241959572 15.798152923583984 0.9100728034973145
v 0.2936270833015442 14.916318893432617 0.0944150909781456
v 0.49928128719329834 15.894024848937988 0.3567279875278473
v -0.16519606113433838 15.204151153564453 -0.3536057472229004
v 0.14817754924297333 14.944631576538086 0.14946196973323822
v -0.18780013918876648 15.928293228149414 -0.6354366540908813
v 0.09570613503456116 15.875993728637695 -1.2942224740982056
v -0.206332266330719 16.19377899169922 -0.01898759789764881
v 0.17856207489967346 16.01702308654785 0.4360634386539459
v -0.7670906186103821 15.462301254272461 0.1269233077764511
v 0.014732716605067253 15.780566215515137 1.0223673582077026
v 0.243193581700325 15.9818754196167 0.49616026878356934
v 0.08596545457839966 16.2268009185791 0.14576107263565063
v 0.109528087079525 15.701481819152832 0.9555396437644958
v -0.6759909987449646 15.493630409240723 0.3216702342033386
v 0.22493159770965576 15.54317855834961 0.6943248510360718
v -0.316192626953125 16.04779815673828 -0.07238923013210297
v -0.7434715628623962 15.628435134887695 0.1512742042541504
v -0.5801719427108765 15.474111557006836 -0.5664524435997009
v -0.14563769102096558 16.041385650634766 0.10240905731916428
v 0.2825278043746948 15.777105331420898 -0.6873179078102112
v 0.5248677134513855 15.954646110534668 -0.3239918649196625
v 0.2526489794254303 16.02956771850586 -0.24891319870948792
v 0.26392117142677307 14.69489574432373 0.2603299021720886
v -0.11846242845058441 15.555085182189941 -0.8961192965507507
v -0.15059220790863037 14.962655067443848 0.010286308825016022
v -0.6537089943885803 15.830933570861816 -0.290364146232605
v 0.30244550108909607 16.02861785888672 0.3506927490234375
v -0.35243335366249084 16.055828094482422 -0.29673391580581665
v 0.13019832968711853 15.335469245910645 0.7671393752098083
v 0.22877217829227448 15.30035400390625 0.8985999822616577
v 0.5393378138542175 15.531213760375977 0.417041152715683
v 0.4986197352409363 15.111028671264648 0.27003374695777893
v -0.20634137094020844 16.049095153808594 -0.403766393661499
v 0.3886212706565857 15.97669792175293 -0.45813441276550293
v 0.19682928919792175 15.701919555664062 1.130312442779541
v -0.11851350218057632 15.675098419189453 -0.9955361485481262
v 0.4953235387802124 15.436132431030273 -0.603472113609314
v 0.1345771700143814 15.371428489685059 -0.86065673828125
v 0.3025337755680084 15.059710502624512 0.0918075367808342
v 0.1282307207584381 15.359992027282715 0.8130673170089722
v -0.7662581205368042 15.618574142456055 -0.10792086273431778
v 0.057783983647823334 14.992131233215332 0.3974963426589966
v -0.3335360884666443 15.009322166442871 -0.4102739989757538
v -0.5245811939239502 15.912710189819336 0.3155255615711212
v -0.026864057406783104 14.96945858001709 0.10801136493682861
v -0.6118106245994568 15.92125415802002 -0.27111539244651794
v 0.543850839138031 15.599937438964844 0.41996312141418457
v 0.08894200623035431 16.02663230895996 0.10745605081319809
v -0.1918434202671051 15.742103576660156 0.6648011803627014
v -0.12452382594347 16.026145935058594 0.200071781873703
v 0.10542815923690796 16.0135555267334 -0.14173376560211182
v 0.7324934005737305 15.340555191040039 -0.038709189742803574
v 0.019226664677262306 15.533693313598633 1.1163980960845947
v -0.2389805018901825 15.558906555175781 0.6709315180778503
v -0.20749488472938538 15.224815368652344 -0.23481245338916779
v 0.01729181408882141 15.8146390914917 0.8578778505325317
v 0.11485148221254349 15.385496139526367 0.8862435817718506
v -0.1836237758398056 15.13059139251709 -0.6632925868034363
v 0.2956433892250061 14.590702056884766 0.009677530266344547
v 0.009553097188472748 15.64588451385498 0.7490528225898743
v -0.1629735380411148 16.051288604736328 -0.01901421509683132
v 0.14470572769641876 16.156179428100586 -0.12734852731227875
v 0.03077365830540657 15.747319221496582 0.7304989099502563
v 0.19738779962062836 15.149923324584961 0.06081422045826912
v 0.17682038247585297 14.534533500671387 0.0023746942169964314
v 0.057596754282712936 15.5460844039917 1.0668034553527832
v 0.26874953508377075 15.174727439880371 0.05532247573137283
v -0.10098940134048462 14.99744987487793 -0.21783581376075745
v -0.38845887780189514 15.708833694458008 -0.6636288166046143
v 0.2184664011001587 15.49431037902832 0.6860003471374512
v -0.08818970620632172 16.039249420166016 0.15788887441158295
v 0.13280430436134338 15.381608009338379 -0.8832908272743225
v -0.30494263768196106 15.00761604309082 -0.23498034477233887
v -0.3099634647369385 14.733964920043945 -0.2959030866622925
v 0.1478583663702011 16.015300750732422 -0.05204179883003235
v -0.22262924909591675 15.02071475982666 -0.2531704306602478
v 0.6983592510223389 15.328577995300293 -0.21730130910873413
v 0.1522974818944931 14.732686996459961 0.21568413078784943
v 0.5801641345024109 15.876788139343262 -0.3467137813568115
v 0.6042243242263794 15.284469604492188 -0.40786051750183105
v 0.40659570693969727 15.25039291381836 0.4625191390514374
v -0.3122614920139313 15.021374702453613 0.29418739676475525
v 0.04076845198869705 15.753030776977539 0.7716756463050842
v 0.2183280885219574 15.410969734191895 -0.731718122959137
v -0.7690048813819885 15.597640991210938 -0.1114732027053833
v -0.03342742100358009 15.239582061767578 0.711622953414917
v -0.11047813296318054 16.242673873901367 0.07668954879045486
v 0.38985294103622437 16.046772003173828 -0.19415773451328278
v 0.26230388879776 14.62640380859375 0.14692790806293488
v 0.29492244124412537 14.575159072875977 -0.016060639172792435
v -0.1039726659655571 16.03798484802246 -0.30343523621559143
v 0.010691029950976372 15.36193561553955 0.8581216931343079
v 0.43710628151893616 15.247344970703125 -0.6176037192344666
v -0.30501723289489746 14.651047706604004 -0.502351701259613
v -0.10574769973754883 16.23209571838379 0.14080394804477692
v -0.1048324853181839 16.10148811340332 0.1689535677433014
v -0.702804446220398 15.721787452697754 0.1611538827419281
v -0.1240948811173439 15.498948097229004 -0.801112949848175
v 0.2689529061317444 15.059305191040039 -0.4282328486442566
v 0.14458629488945007 14.795763969421387 0.2641582190990448
v 0.1361878365278244 15.36299991607666 -0.8357783555984497
v -0.2031630277633667 14.751328468322754 -0.4017989933490753
v 0.605940580368042 15.964003562927246 -0.13462452590465546
v 0.31117722392082214 16.01761817932129 -0.0018166847294196486
v 0.7020792961120605 15.546591758728027 0.12650835514068604
v -0.17730462551116943 15.108368873596191 -0.28118231892585754
v -0.39691033959388733 15.060323715209961 0.36267563700675964
v -0.6872690916061401 15.194318771362305 0.11379589885473251
v -0.1755984127521515 16.10275650024414 -0.06922454386949539
v -0.2056819647550583 16.154695510864258 -0.007234037388116121
v 0.0766947865486145 15.730406761169434 0.8517563939094543
v 0.05304024741053581 16.035133361816406 -0.19735825061798096
v -0.3853752911090851 16.035133361816406 -0.3433561623096466
v -0.03264801949262619 16.229778289794922 0.13320650160312653
v -0.17950643599033356 16.14649772644043 0.09066846966743469
v 0.02281586267054081 15.69890022277832 1.0912097692489624
v 0.6848121285438538 15.313080787658691 0.10343915969133377
v 0.18465623259544373 14.649809837341309 0.19302693009376526
v 0.26273226737976074 14.900896072387695 0.2629847824573517
v -0.6956583857536316 15.736668586730957 0.16242466866970062
v 0.11476708203554153 16.22835350036621 0.06707990169525146
v -0.15314742922782898 16.05486297607422 0.10301487892866135
v 0.15158428251743317 16.08464813232422 -0.08141329884529114
v 0.19549980759620667 16.025083541870117 -0.00714531447738409
v -0.3123128116130829 16.05558204650879 -0.3388522267341614
v 0.6990959048271179 15.58497428894043 0.12940505146980286
v -0.6868817806243896 15.386146545410156 0.3271733522415161
v 0.007931963540613651 15.719314575195312 0.9005163908004761
v -0.3006787896156311 16.033206939697266 0.12398474663496017
v 0.19068963825702667 14.731328010559082 0.16675187647342682
v -0.46962374448776245 15.09193229675293 -0.47377723455429077
v -0.5077277421951294 15.194218635559082 0.43189868330955505
v -0.6435239911079407 15.209165573120117 -0.3315861225128174
v -0.5327179431915283 15.427397727966309 0.4609084725379944
v -0.5358969569206238 15.086779594421387 0.28406384587287903
v -0.5324999690055847 15.322822570800781 0.45315471291542053
v 0.23515889048576355 16.048288345336914 -0.3882114887237549
v -0.49744677543640137 15.887429237365723 -0.4471310079097748
v 0.0778709352016449 16.242807388305664 -0.06103583797812462
v 0.02791176363825798 15.927733421325684 -0.6670148372650146
v 0.17881278693675995 15.797465324401855 -1.3418681621551514
v 0.010609131306409836 15.3616943359375 0.8573796153068542
v -0.7061790227890015 15.362578392028809 -0.3513369560241699
v 0.25792983174324036 15.058323860168457 -0.33356431126594543
v -0.39447158575057983 15.639481544494629 -0.6847463250160217
v 0.06253068149089813 16.249107360839844 -0.01709187775850296
v -0.38086700439453125 15.771893501281738 -0.6435903310775757
v -0.18254965543746948 14.997173309326172 -0.3756333589553833
v -0.07345219701528549 15.638909339904785 -1.1740612983703613
v -0.10324911773204803 16.09442710876465 0.16910326480865479
v 0.06934212893247604 15.642878532409668 1.0523451566696167
v -0.6638375520706177 15.161177635192871 0.10858692973852158
v 0.6966696381568909 15.3766450881958 0.1118544489145279
v -0.06740832328796387 16.050283432006836 -0.14937624335289001
v 0.18030652403831482 16.028018951416016 0.03836950287222862
v 0.6445167660713196 15.760114669799805 -0.3462311625480652
v 0.5430678129196167 15.778966903686523 0.39535900950431824
v 0.2285936027765274 15.411237716674805 -0.6895143985748291
v 0.27325326204299927 15.889053344726562 -0.6288836002349854
v -0.2484235018491745 16.049470901489258 -0.08371942490339279
v -0.3965094983577728 15.457719802856445 -0.711736261844635
v 0.1738244891166687 16.04391860961914 -0.41423162817955017
v -0.36795151233673096 15.247200012207031 0.5481762290000916
v -0.20560553669929504 16.161338806152344 0.04127484932541847
v -0.08646631240844727 16.075759887695312 -0.10535971820354462
v -0.40030571818351746 15.507336616516113 0.5732988119125366
v -0.2756308317184448 15.131256103515625 -0.4210297763347626
v -0.08569055050611496 15.019230842590332 -0.3916192650794983
v 0.46412843465805054 15.329140663146973 -0.6193488240242004
v 0.5476807355880737 15.148452758789062 -0.4100169241428375
v 0.5089737176895142 15.04434585571289 0.04838363081216812
v 0.2418966293334961 15.271713256835938 -0.7507166266441345
v -0.31922242045402527 15.960232734680176 -0.5380187034606934
v -0.15366077423095703 14.985312461853027 -0.1668582558631897
v -0.194986030459404 15.61976146697998 -0.7966286540031433
v 0.013661667704582214 16.04374122619629 -0.2756016254425049
v 0.30384892225265503 14.767298698425293 0.3026010990142822
v 0.7133930921554565 15.67681884765625 -0.02250354178249836
v -0.16527464985847473 15.203217506408691 -0.35370540618896484
v 0.12877421081066132 15.346614837646484 0.7924043536186218
v 0.3039403557777405 16.051536560058594 -0.3315027356147766
v -0.19317278265953064 15.35578727722168 -0.7710251808166504
v 0.23883135616779327 15.987309455871582 -0.569270133972168
v -0.10053031891584396 14.963509559631348 0.065252885222435
v -0.19987286627292633 16.21047592163086 0.07941789925098419
v -0.07268076390028 15.403188705444336 -0.9186369180679321
v 0.2646596133708954 15.491456031799316 -0.7726529836654663
v -0.35779041051864624 15.025160789489746 -0.44757896661758423
v 0.2727341055870056 15.61216926574707 -0.75084388256073
v 0.11058071255683899 16.038345336914062 -0.29109179973602295
v 0.683709442615509 15.307938575744629 0.10266408324241638
v 0.2645326554775238 14.720870971679688 0.3032105565071106
v 0.1963556557893753 15.040750503540039 0.14390107989311218
v 0.14011941850185394 15.02505111694336 -0.012104946188628674
v -0.23163774609565735 14.640897750854492 -0.4477444589138031
v 0.6169522404670715 15.341283798217773 -0.39681491255760193
v 0.09374239295721054 15.029154777526855 -0.23100656270980835
v -0.6142480373382568 15.105055809020996 -0.106022410094738
v -0.7014073729515076 15.343393325805664 -0.34956055879592896
v 0.1976776272058487 15.493949890136719 1.0474404096603394
v -0.29744037985801697 14.728898048400879 -0.465669184923172
v -0.2032846212387085 15.451105117797852 -0.9124268889427185
v -0.12403721362352371 15.499456405639648 -0.802646815776825
v 0.43277090787887573 15.006732940673828 0.1897091269493103
v 0.3412776291370392 14.980449676513672 0.2739093601703644
v 0.09996440261602402 16.1884708404541 0.20575439929962158
v -0.5540443658828735 15.733929634094238 -0.5057920217514038
v -0.1763625591993332 15.122692108154297 -0.2797771692276001
v -0.035344526171684265 16.132713317871094 -0.14367042481899261
v -0.5866892337799072 15.13871955871582 -0.31351909041404724
v 0.4291321039199829 16.04764175415039 -0.006837967783212662
v 0.01248983759433031 14.983175277709961 -0.009841137565672398
v -0.18753452599048615 16.180774688720703 -0.06270292401313782
v -0.11518637835979462 16.153043746948242 0.15954390168190002
v 0.39649876952171326 15.169095039367676 -0.5992343425750732
v 0.05123711749911308 15.408963203430176 -0.7945753931999207
v 0.30333659052848816 15.189765930175781 -0.10648627579212189
v 0.7025190591812134 15.769095420837402 -0.15506045520305634
v 0.15691928565502167 15.780535697937012 0.7877065539360046
v 0.6702499389648438 15.586797714233398 -0.34226691722869873
v 0.261502206325531 14.844980239868164 0.30542272329330444
v 0.18894770741462708 15.02463436126709 0.019367706030607224
v -0.1038830354809761 16.097253799438477 0.16904319822788239
v 0.08224385976791382 15.947513580322266 0.6202545762062073
v 0.1906309574842453 15.121726036071777 -0.11565889418125153
v 0.2446575164794922 16.02816390991211 0.20576554536819458
v 0.027092553675174713 15.733518600463867 0.7337407469749451
v 0.016291972249746323 15.714315414428711 0.9235237240791321
v 0.026815462857484818 15.942749977111816 -0.6553586721420288
v 0.01872549206018448 16.05387306213379 -0.1166168823838234
v -0.21251048147678375 15.157145500183105 -0.24089601635932922
v 0.3403112292289734 16.02859878540039 0.30480051040649414
v -0.06792598962783813 14.978612899780273 -0.10531830787658691
v -0.17311814427375793 16.0244197845459 0.15920856595039368
v 0.0791747123003006 15.02682876586914 -0.23474669456481934
v -0.43434929847717285 16.031713485717773 0.1550135463476181
v 0.03167363256216049 15.813130378723145 0.8871182799339294
v 0.1961568146944046 15.704940795898438 1.1280131340026855
v -0.15737158060073853 15.029122352600098 -0.5372546315193176
v 0.10783643275499344 15.741400718688965 1.106153130531311
v 0.26203158497810364 14.869056701660156 0.2871423065662384
v 0.48447906970977783 15.823939323425293 -0.5483208298683167
v 0.15370772778987885 16.230077743530273 0.08090822398662567
v 0.2609357237815857 14.568439483642578 0.05100415274500847
v -0.20661060512065887 15.753363609313965 -0.7493569850921631
v -0.18060080707073212 14.703980445861816 -0.5720764994621277
v 0.08024576306343079 15.827128410339355 0.7606161832809448
v 0.11296941339969635 15.542871475219727 -1.0373762845993042
v -0.01929459720849991 15.342114448547363 0.6921675205230713
v -0.31295889616012573 16.034866333007812 0.08431769907474518
v 0.07806748896837234 15.33683967590332 0.991673469543457
v 0.6704146265983582 15.595846176147461 -0.3420586585998535
v 0.06624477356672287 15.655887603759766 1.0421451330184937
v -0.3144940137863159 16.015806198120117 0.33636507391929626
v -0.004291602876037359 16.025407791137695 -0.3067989945411682
v 0.2264396697282791 15.26972484588623 0.8192806839942932
v 0.23848669230937958 16.008419036865234 -0.12530402839183807
v 0.4995267689228058 15.770630836486816 -0.5600864291191101
v -0.20995445549488068 15.424880981445312 -0.8594021797180176
v 0.018157435581088066 15.527812957763672 1.115386724472046
v -0.42474305629730225 15.96776008605957 0.3915061354637146
v 0.13500167429447174 16.052886962890625 0.20931971073150635
v 0.05585413798689842 15.01862621307373 -0.1367918699979782
v 0.29951807856559753 15.082226753234863 -0.027480008080601692
v -0.11859790235757828 16.182832717895508 0.154448002576828
v 0.22139132022857666 15.327640533447266 0.9590582847595215
v -0.14682431519031525 16.016088485717773 0.08207709342241287
v 0.06384150683879852 15.038782119750977 0.4878184497356415
v -0.09762702137231827 15.809786796569824 0.6485217809677124
v 0.10093875974416733 15.76021671295166 1.0670759677886963
v -0.17152248322963715 14.965751647949219 -0.03334302455186844
v -0.2708017826080322 16.050256729125977 -0.18766534328460693
v 0.20732958614826202 15.101388931274414 -0.6490949988365173
v 0.6842816472053528 15.77371883392334 -0.014503659680485725
v 0.7142907977104187 15.401814460754395 -0.21106645464897156
v -0.0006070842500776052 15.0269136428833 -0.39231130480766296
v 0.08433977514505386 16.211477279663086 0.20388370752334595
v 0.15065541863441467 15.047327995300293 0.07032785564661026
v -0.15489983558654785 16.038015365600586 0.03546097129583359
v -0.5453440546989441 15.767268180847168 -0.49463027715682983
v -0.4489537179470062 16.038238525390625 -0.07871179282665253
v 0.16950206458568573 16.193071365356445 0.14560182392597198
v -0.7579994201660156 15.581157684326172 0.14367903769016266
v 0.6629015803337097 15.534131050109863 -0.34817999601364136
v -0.49619579315185547 15.027705192565918 -0.027161741629242897
v 0.526123046875 15.832655906677246 0.38023874163627625
v -0.20358628034591675 16.237436294555664 0.0066689010709524155
v -0.2114495486021042 15.171436309814453 -0.23960919678211212
v -0.05630858615040779 15.753188133239746 0.8973401188850403
v -0.664067268371582 15.7927827835083 0.16836822032928467
v 0.5097317695617676 15.514541625976562 -0.5891163945198059
v 0.2526746988296509 15.10086727142334 0.48027560114860535
v 0.14027729630470276 14.653829574584961 0.12296602129936218
v 0.024744797497987747 15.241311073303223 0.7738175392150879
v 0.04304772987961769 15.586122512817383 -0.8035977482795715
v -0.35242071747779846 14.757057189941406 -0.3518507480621338
v -0.47693875432014465 15.119505882263184 -0.4828900396823883
v 0.1836548000574112 15.401193618774414 0.9725596904754639
v -0.7670049667358398 15.461332321166992 0.12681956589221954
v 0.1878468543291092 15.790306091308594 -1.2578158378601074
v 0.18923480808734894 15.788928031921387 -1.244107723236084
v -0.3814918100833893 15.621673583984375 0.56001216173172
v 0.24321997165679932 15.633609771728516 0.6950726509094238
v 0.6263805627822876 15.108607292175293 0.06405330449342728
v 0.2940777540206909 14.929017066955566 0.0850939154624939
v 0.18084704875946045 14.593772888183594 0.10034999996423721
v -0.20599375665187836 15.245036125183105 -0.23299168050289154
v -0.350154310464859 14.681730270385742 -0.433940589427948
v 0.1953068971633911 14.929855346679688 0.22829875349998474
v 0.3859909772872925 15.153411865234375 -0.5933442711830139
v -0.177949920296669 16.076250076293945 -0.054293323308229446
v 0.6004442572593689 15.91030216217041 0.12166019529104233
v -0.2214266061782837 14.983907699584961 0.1742735505104065
v 0.20761804282665253 16.018075942993164 0.4237775504589081
v -0.0732969343662262 15.65501880645752 -1.196336030960083
v 0.4145764708518982 15.874390602111816 0.49025675654411316
v 0.25989699363708496 14.524484634399414 -0.021857455372810364
v 0.12655521929264069 16.02306365966797 0.012009588070213795
v -0.39752674102783203 15.47853946685791 -0.7130178809165955
v 0.31384870409965515 16.017105102539062 -0.06658194959163666
v 0.02070925384759903 15.011911392211914 -0.15068957209587097
v 0.04977318271994591 15.513406753540039 1.0557479858398438
v 0.141387939453125 15.030102729797363 -0.07411069422960281
v 0.7037529945373535 15.487468719482422 0.12148183584213257
v 0.3640301525592804 15.979314804077148 0.3950657844543457
v 0.4749506413936615 15.02739143371582 0.1276833713054657
v -0.5342420339584351 15.385913848876953 0.4596984088420868
v 0.15924406051635742 15.300321578979492 0.9199538826942444
v 0.1343858540058136 15.162690162658691 -0.11936002224683762
v 0.21767061948776245 16.013784408569336 -0.5432094931602478
v -0.29810184240341187 14.716697692871094 -0.46702370047569275
v -0.11658445745706558 15.990775108337402 0.5241081118583679
v -0.7156941294670105 15.568312644958496 -0.35437527298927307
v -0.3749468922615051 15.269097328186035 0.5539261698722839
v 0.17994366586208344 16.061349868774414 0.040529120713472366
v -0.04220738634467125 16.03297233581543 -0.3084452748298645
v -0.23682497441768646 15.021981239318848 0.3408212661743164
v 0.04233817011117935 15.438247680664062 1.1152679920196533
v 0.05317765474319458 15.286738395690918 0.9012646675109863
v -0.07356207817792892 15.416399955749512 -0.9386975169181824
v 0.18433205783367157 15.016990661621094 0.04759422317147255
v -0.49515214562416077 15.028848648071289 -0.29717501997947693
v 0.19298894703388214 15.75710391998291 -1.1387474536895752
v 0.600845992565155 15.271040916442871 -0.4100199043750763
v -0.005657941568642855 15.264697074890137 0.8340970277786255
v -0.11230424046516418 16.233356475830078 0.13530060648918152
v 0.14684738218784332 14.863523483276367 0.11374493688344955
v 0.30255651473999023 15.016382217407227 0.11907970905303955
v 0.12252286076545715 16.01763916015625 0.45060768723487854
v 0.02293347753584385 15.978462219238281 -0.6213374733924866
v 0.11672468483448029 16.047199249267578 0.32270148396492004
v -0.08546408265829086 15.761968612670898 0.8132966160774231
v -0.45163190364837646 15.955079078674316 -0.4075159728527069
v -0.6387127041816711 15.654512405395508 0.31697380542755127
v -0.186747744679451 15.240357398986816 -0.7285436391830444
v 0.2681828439235687 15.14889907836914 0.07489573955535889
v -0.6027581691741943 15.156712532043457 -0.31823644042015076
v 0.13936755061149597 15.043048858642578 -0.02616872452199459
v 0.06702280789613724 15.599339485168457 1.0695897340774536
v 0.18557485938072205 15.792560577392578 -1.2802512645721436
v -0.24167530238628387 15.520727157592773 0.6685878038406372
v -0.05149364098906517 15.036026000976562 -0.5779691934585571
v 0.021380137652158737 16.03972816467285 -0.18516983091831207
v 0.40504807233810425 16.04621696472168 -0.15726874768733978
v -0.33157986402511597 15.0874662399292 -0.40466976165771484
v -0.060742247849702835 15.040353775024414 -0.5354535579681396
v 0.02255992963910103 16.026994705200195 0.07982192933559418
v -0.021374816074967384 15.0248384475708 -0.3934786915779114
v 0.271099328994751 15.589707374572754 -0.7561893463134766
v -0.6992058157920837 15.66042709350586 -0.33254262804985046
v -0.13447949290275574 16.025938034057617 0.19344574213027954
v -0.44437068700790405 15.035836219787598 -0.2706434726715088
v -0.1573723703622818 16.053342819213867 -0.20794305205345154
v 0.6977967023849487 15.384507179260254 0.11270232498645782
v -0.13933469355106354 16.088911056518555 0.14076003432273865
v -0.6323423385620117 15.202211380004883 0.30707070231437683
v 0.2586507797241211 15.33338737487793 -0.7726753950119019
v 0.25521013140678406 14.907662391662598 0.04979455843567848
v 0.51594078540802 15.053657531738281 -0.07572591304779053
v -0.33522990345954895 14.941643714904785 -0.4151269495487213
v 0.4851472079753876 15.03203010559082 0.109861359000206
v -0.010379385203123093 16.027542114257812 0.08129792660474777
v -0.05973717197775841 14.96638298034668 0.09291521459817886
v 0.6168428063392639 15.875601768493652 0.12354886531829834
v -0.14994634687900543 16.045734405517578 -0.4212605655193329
v 0.47234398126602173 15.356147766113281 -0.6164515614509583
v -0.16134558618068695 16.05402183532715 -0.042209211736917496
v 0.07372778654098511 16.24319839477539 -0.06014905869960785
v -0.07907998561859131 15.552268028259277 -1.0839409828186035
v -0.2893732786178589 15.054227828979492 -0.26793229579925537
v 0.25329986214637756 15.156767845153809 0.5158836841583252
v -0.3481423258781433 14.812997817993164 -0.34722813963890076
v 0.4232870638370514 16.046354293823242 -0.09197796881198883
v 0.30014801025390625 14.865822792053223 0.23624563217163086
v -0.16805431246757507 15.028131484985352 -0.5361884832382202
v 0.14829310774803162 16.08046531677246 -0.0801045224070549
v -0.33028119802474976 15.046584129333496 -0.32793015241622925
v 0.5950517058372498 15.129225730895996 0.20187127590179443
v 0.18339180946350098 14.631216049194336 0.16227498650550842
v 0.7168048620223999 15.412288665771484 -0.20977507531642914
v 0.09780455380678177 16.027315139770508 -0.051875270903110504
v 0.019995372742414474 15.769330024719238 1.0460524559020996
v 0.3484976589679718 16.001605987548828 0.36655670404434204
v -0.12436867505311966 15.496533393859863 -0.7938239574432373
v -0.32709911465644836 15.150134086608887 0.5085291862487793
v 0.4503551721572876 15.283595085144043 -0.6203972697257996
v 0.13409943878650665 15.53636646270752 1.0543546676635742
v -0.2094438374042511 16.18207550048828 0.037223152816295624
v 0.19265930354595184 15.780628204345703 -1.1981173753738403
v 0.3897228240966797 14.989781379699707 0.2346811443567276
v 0.14935937523841858 15.059680938720703 -0.4799364507198334
v -0.339562326669693 15.175683975219727 0.5216475129127502
v -0.2945791780948639 14.677700996398926 -0.6416894793510437
v 0.02975493296980858 15.868229866027832 -0.7007179856300354
v -0.3945777118206024 16.0238094329834 0.24699753522872925
v 0.6702471971511841 15.730981826782227 0.12870755791664124
v 0.18038272857666016 15.761402130126953 0.8802927136421204
v -0.20770645141601562 16.22895050048828 0.07441936433315277
v -0.5249193906784058 16.017803192138672 -0.23622611165046692
v -0.6123082637786865 15.102520942687988 -0.10536585748195648
v -0.299854576587677 15.021708488464355 0.3035481572151184
v 0.06201403588056564 15.634028434753418 1.1561998128890991
v -0.4684588313102722 15.083182334899902 -0.47193169593811035
v 0.14724594354629517 14.905966758728027 0.17921271920204163
v -0.4876692593097687 15.03314208984375 -0.12003704905509949
v 0.1474795788526535 14.764425277709961 0.30102044343948364
v -0.33306950330734253 15.010102272033691 -0.33094343543052673
v 0.5666384100914001 15.973042488098145 0.11639708280563354
v -0.20945031940937042 15.198375701904297 -0.23718419671058655
v 0.24578362703323364 16.008975982666016 -0.08977057784795761
v 0.1365249902009964 16.025753021240234 0.026512660086154938
v 0.18764962255954742 15.350584983825684 1.0157138109207153
v -0.2985333800315857 14.739563941955566 -0.5505349636077881
v -0.6859750151634216 15.361915588378906 0.326490193605423
v -0.1883210986852646 15.926413536071777 -0.6373842358589172
v -0.2408946454524994 15.531786918640137 0.6692668795585632
v 0.29765784740448 16.02535057067871 -0.18091794848442078
v -0.016468077898025513 16.07417869567871 -0.12226218730211258
v 0.6758451461791992 15.796663284301758 -0.01256994716823101
v -0.5429023504257202 15.937995910644531 0.16862711310386658
v 0.13157536089420319 15.792191505432129 0.7232450246810913
v -0.21090924739837646 15.070366859436035 -0.4130179286003113
v 0.06060993671417236 15.668766975402832 1.0286647081375122
v -0.3423401713371277 15.910684585571289 -0.5762639045715332
v -0.204204723238945 14.69845962524414 -0.3213050365447998
v -0.13199637830257416 16.24479866027832 0.055177561938762665
v 0.05511091277003288 15.50979995727539 1.1397018432617188
v -0.5615134239196777 15.288873672485352 -0.557564914226532
v -0.28948521614074707 15.05248737335205 -0.2680843770503998
v -0.20526553690433502 15.649109840393066 -1.0852642059326172
v -0.29433688521385193 16.0073299407959 -0.4942379593849182
v -0.12831686437129974 16.131677627563477 -0.11068311333656311
v 0.1521177589893341 15.108011245727539 0.02362983673810959
v 0.017828932031989098 16.257091522216797 -0.1125369742512703
v 0.5491390228271484 15.66909122467041 0.4136216938495636
v 0.29622939229011536 14.989598274230957 0.040573254227638245
v 0.22066514194011688 15.410252571105957 -0.7194128632545471
v 0.18259261548519135 14.700915336608887 0.12781554460525513
v -0.3661227822303772 15.842000007629395 -0.6161790490150452
v -0.2928535044193268 14.682164192199707 -0.664713978767395
v -0.06602401286363602 15.807738304138184 0.8120688796043396
v 0.049663301557302475 16.22527503967285 0.15769776701927185
v -0.3666575253009796 15.839877128601074 -0.6171190142631531
v 0.7130520939826965 15.208755493164062 -0.04613214731216431
v 0.5539480447769165 15.999216079711914 -0.0026552334893494844
v -0.09268081188201904 15.807050704956055 0.6689386367797852
v 0.17745940387248993 14.543939590454102 0.017931753769516945
v -0.40381962060928345 15.457283020019531 0.5756205916404724
v -0.09245502203702927 16.052824020385742 -0.09402064979076385
v 0.19493652880191803 14.89076042175293 0.25807860493659973
v -0.19295279681682587 16.18670082092285 0.08506229519844055
v -0.3771812319755554 15.277423858642578 0.5556703805923462
v 0.2696606516838074 14.981045722961426 0.31979021430015564
v 0.027439484372735023 16.186534881591797 -0.16261853277683258
v 0.10041893273591995 15.872030258178711 -1.4009921550750732
v 0.40237975120544434 15.378398895263672 0.5174708962440491
v -0.10263840854167938 15.270051956176758 0.6099353432655334
v -0.07671983540058136 16.2592716217041 -0.004223133437335491
v 0.6803596019744873 15.22410774230957 -0.219190776348114
v 0.11480484902858734 15.393375396728516 0.9083154201507568
v 0.23418065905570984 15.046191215515137 0.44196557998657227
v -0.48348844051361084 15.034558296203613 -0.13997021317481995
v 0.005124667659401894 15.72055721282959 0.8926230072975159
v -0.1310577243566513 14.980408668518066 0.22723270952701569
v -0.22297163307666779 16.053823471069336 -0.13980914652347565
v 0.18817900121212006 15.756710052490234 0.9037700295448303
v 0.1065947562456131 16.21379280090332 0.19198863208293915
v -0.49444374442100525 15.029679298400879 -0.07355082780122757
v -0.4951132535934448 15.027335166931152 -0.013018340803682804
v 0.1458534449338913 15.726506233215332 0.8456617593765259
v 0.03079982101917267 15.161426544189453 0.5997362732887268
v -0.17620764672756195 15.777727127075195 0.6569955348968506
v 0.22872190177440643 16.184917449951172 0.0637846291065216
v -0.15182693302631378 16.052291870117188 0.10296369343996048
v 0.42456331849098206 15.588106155395508 0.564180314540863
v -0.03641773387789726 15.737637519836426 0.7823668122291565
v 0.028408614918589592 15.68659496307373 1.101058840751648
v 0.236307293176651 14.98292064666748 0.33664989471435547
v 0.5785391330718994 15.088254928588867 0.1853186935186386
v 0.46030083298683167 15.316483497619629 -0.6196402311325073
v 0.6712415814399719 15.173480033874512 -0.22063197195529938
v 0.048765603452920914 15.279379844665527 0.8784518241882324
v -0.5884041786193848 15.078718185424805 0.09342571347951889
v 0.6104469895362854 15.309203147888184 -0.40388309955596924
v -0.12232211977243423 14.980448722839355 0.2307136207818985
v -0.3020959794521332 14.726332664489746 -0.4855513870716095
v 0.08658038079738617 15.701136589050293 -0.9842718243598938
v 0.19600531458854675 15.206188201904297 0.6035040616989136
v 0.19718782603740692 16.02444839477539 -0.0160649623721838
v 0.2247641682624817 16.21720314025879 -0.021978709846735
v -0.1879882663488388 16.175745010375977 -0.06032263860106468
v 0.26102831959724426 14.572395324707031 0.05750188231468201
v 0.6770049333572388 15.203490257263184 -0.2193104475736618
v -0.022935550659894943 15.819096565246582 0.7056907415390015
v -0.11473969370126724 16.149328231811523 0.16025778651237488
v 0.4371158480644226 15.918113708496094 -0.5044565200805664
v 0.3255103528499603 15.040263175964355 -0.0448056198656559
v 0.19297029078006744 15.592199325561523 -0.9809244275093079
v 0.09304102510213852 16.018417358398438 0.4556310176849365
v 0.6849047541618347 15.313523292541504 0.10350354015827179
v -0.4949522912502289 15.027280807495117 -0.010915598832070827
v 0.07862144708633423 16.042142868041992 0.14657187461853027
v 0.05192529037594795 16.04231071472168 -0.2827039062976837
v 0.03773115575313568 16.227840423583984 -0.16752095520496368
v 0.5094228386878967 15.053314208984375 -0.1058383658528328
v -0.35512781143188477 14.72171401977539 -0.35477450489997864
v -0.17622515559196472 15.072587966918945 -0.3676058351993561
v 0.30029407143592834 14.877721786499023 0.22739127278327942
v -0.5109516382217407 15.052302360534668 -0.2978655695915222
v -0.7496873140335083 15.358766555786133 0.11992645263671875
v 0.30441105365753174 15.212267875671387 -0.021809907630085945
v -0.16607725620269775 15.017935752868652 0.3694663643836975
v -0.19654017686843872 15.514960289001465 -0.9913428425788879
v -0.10796487331390381 14.989175796508789 0.45854249596595764
v 0.08214990049600601 15.635472297668457 -0.9341353178024292
v -0.020800959318876266 15.349221229553223 0.9183267951011658
v -0.18783937394618988 16.220809936523438 -0.08385205268859863
v -0.0907459631562233 14.999686241149902 -0.2251586765050888
v -0.18064197897911072 15.019913673400879 -0.3732113242149353
v 0.05444616824388504 16.005224227905273 0.5671206712722778
v -0.27822554111480713 15.083416938781738 -0.4263400733470917
v -0.016531776636838913 15.328605651855469 0.7208831310272217
v 0.08099877089262009 16.04643440246582 0.15251518785953522
v 0.0892375260591507 15.849170684814453 -1.1717054843902588
v 0.14362694323062897 15.28091812133789 0.8712654709815979
v -0.1789032369852066 14.981461524963379 0.20406706631183624
v -0.15097405016422272 15.833930015563965 -1.413922667503357
v 0.4212867021560669 15.851971626281738 0.5037608742713928
v 0.04025067016482353 16.234725952148438 -0.1704060584306717
v -0.5220463275909424 15.2512845993042 0.44233277440071106
v -0.14655756950378418 16.223806381225586 -0.12513545155525208
v -0.2517869174480438 16.048828125 -0.2128717452287674
v -0.2293957769870758 14.718804359436035 -0.46074050664901733
v -0.1641140878200531 15.217025756835938 -0.3522319197654724
v 0.71872878074646 15.234759330749512 -0.044452544301748276
v -0.1352158933877945 15.038461685180664 0.4922771453857422
v 0.1026233658194542 16.031396865844727 -0.05488617718219757
v -0.3041131794452667 14.65338134765625 -0.5144177675247192
v -0.5995020866394043 15.941177368164062 -0.26626279950141907
v -0.20180350542068481 15.86803913116455 -0.6878875494003296
v 0.3807983994483948 14.986927032470703 0.2430061250925064
v 0.245208278298378 16.01493263244629 -0.027989143505692482
v 0.22341807186603546 15.260846138000488 0.7953265309333801
v 0.1503303349018097 15.285911560058594 0.6324792504310608
v -0.3133356273174286 16.048446655273438 -0.08494767546653748
v 0.2732587158679962 15.77691650390625 0.6595978736877441
v 0.4234074056148529 15.84488582611084 0.5080289244651794
v -0.05977698415517807 16.0653133392334 -0.11390649527311325
v -0.6533375978469849 15.146512031555176 0.10627011209726334
v 0.19706134498119354 15.11545467376709 0.08707107603549957
v 0.19534875452518463 14.934297561645508 0.2249142974615097
v -0.21970662474632263 16.053876876831055 -0.14427602291107178
v -0.774652361869812 15.537102699279785 -0.12039990723133087
v -0.021073726937174797 15.382997512817383 1.0069540739059448
v 0.26331353187561035 15.436111450195312 -0.7772046327590942
v 0.48552826046943665 15.99001693725586 -0.3004201352596283
v 0.24997477233409882 14.776369094848633 0.14642490446567535
v 0.14086423814296722 15.27635383605957 0.8595435619354248
v -0.016823425889015198 15.79702091217041 0.9214614629745483
v 0.621961236000061 15.3692626953125 -0.389840692281723
v 0.683712899684906 15.827686309814453 -0.14874427020549774
v -0.20264683663845062 14.982717514038086 0.18889696896076202
v -0.44308626651763916 16.042627334594727 -0.11364692449569702
v -0.10957292467355728 15.778788566589355 -1.0838593244552612
v 0.5354605913162231 15.464058876037598 0.4068211615085602
v -0.1698179692029953 15.148988723754883 -0.3594723045825958
v 0.15677118301391602 16.19176483154297 -0.13961783051490784
v -0.12616781890392303 16.038536071777344 -0.29996708035469055
v 0.278945654630661 15.698535919189453 -0.7213351130485535
v -0.6734486222267151 15.288031578063965 0.3200666010379791
v 0.045967407524585724 15.56387710571289 -0.8074687123298645
v 0.043896060436964035 15.31351089477539 -0.7668724656105042
v 0.23298516869544983 16.205808639526367 0.06492984294891357
v -0.2454693615436554 14.712697982788086 -0.2808741629123688
v -0.0753256231546402 16.028413772583008 0.22743381559848785
v -0.5775521993637085 15.583789825439453 -0.5430498719215393
v 0.7085511088371277 15.37741470336914 -0.213870570063591
v 0.2221049666404724 15.257161140441895 0.7857953906059265
v -0.1433718353509903 16.064603805541992 -0.08004400134086609
v -0.4962661862373352 15.889494895935059 -0.446156769990921
v 0.41675883531570435 15.86709976196289 0.4946483373641968
v -0.3590778112411499 14.660428047180176 -0.3149776756763458
v 0.1869523525238037 15.310487747192383 0.7578880190849304
v -0.2411632090806961 14.770711898803711 -0.2756509780883789
v -0.6811327934265137 15.321893692016602 0.3237629532814026
v 0.30005133152008057 14.858026504516602 0.24208112061023712
v -0.2426396608352661 15.50104808807373 0.6669535040855408
v 0.5097360610961914 15.682316780090332 -0.568215012550354
v -0.3158787786960602 16.035642623901367 0.07083676755428314
v 0.7159464955329895 15.664324760437012 -0.02335665002465248
v -0.18385684490203857 14.981569290161133 -0.37729328870773315
v 0.14446094632148743 15.282164573669434 0.8744044899940491
v 0.20176981389522552 15.218374252319336 0.6506714224815369
v -0.08932343125343323 16.020057678222656 0.4511070251464844
v 0.05116363614797592 16.019744873046875 0.45967429876327515
v -0.21479681134223938 15.416485786437988 -0.7292907238006592
v -0.3540117144584656 14.73629379272461 -0.3535691201686859
v 0.11437897384166718 16.05937385559082 0.13824325799942017
v 0.29655835032463074 14.998908996582031 0.03376544639468193
v -0.5171627998352051 15.229662895202637 0.4386430084705353
v 0.6680217981338501 15.561653137207031 -0.34414809942245483
v -0.3054705262184143 15.868837356567383 0.5052953362464905
v 0.1392640322446823 16.233909606933594 0.01703724078834057
v -0.4037008583545685 15.460108757019043 0.5755430459976196
v 0.10334589332342148 15.81810188293457 0.8484451770782471
v 0.6654886603355408 15.548036575317383 -0.3461427688598633
v 0.021469544619321823 15.546025276184082 1.1185197830200195
v 0.29903215169906616 14.663654327392578 0.13064399361610413
v 0.5295400023460388 15.37865161895752 0.38683179020881653
v -0.5194764137268066 15.967605590820312 0.15653185546398163
v -0.2852180600166321 14.954360961914062 -0.4406546652317047
v -0.19537949562072754 15.393795013427734 -0.7816491723060608
v 0.16435475647449493 15.796248435974121 -1.4330555200576782
v -0.35338759422302246 15.882736206054688 -0.5944313406944275
v -0.15291300415992737 15.83230209350586 -1.4020251035690308
v -0.3392624855041504 15.175067901611328 0.5213319659233093
v -0.24244344234466553 14.984902381896973 0.15483997762203217
v -0.19039426743984222 14.682174682617188 -0.45875000953674316
v 0.3039678931236267 15.17630386352539 0.005013415589928627
v -0.6412426829338074 15.214902877807617 0.3090963363647461
v -0.029429297894239426 16.150489807128906 0.20639753341674805
v 0.23031142354011536 16.210969924926758 0.017796393483877182
v 0.6199470162391663 15.407780647277832 0.26371756196022034
v 0.25702327489852905 15.69472885131836 0.6859245896339417
v 0.7040703296661377 15.35641860961914 -0.21548180282115936
v -0.415653258562088 16.028406143188477 0.20624101161956787
v 0.26279962062835693 14.903943061828613 0.2606656849384308
v 0.05440158024430275 16.225299835205078 0.09977170079946518
v 0.1854347288608551 15.060155868530273 -0.4654473662376404
v 0.06680577993392944 15.034442901611328 -0.38542237877845764
v 0.18519562482833862 16.094005584716797 0.007052458822727203
v -0.225712388753891 14.65238094329834 -0.5079388618469238
v -0.05627446249127388 15.00659465789795 -0.2386229932308197
v 0.652265727519989 15.17441177368164 0.08065161108970642
v 0.13129304349422455 16.124292373657227 -0.11096793413162231
v 0.24391701817512512 15.637022018432617 1.107884168624878
v -0.16809548437595367 15.169512748718262 -0.3572864234447479
v -0.030122704803943634 15.241107940673828 0.7213599681854248
v 0.0417180173099041 16.04599952697754 0.24885457754135132
v -0.0038732385728508234 16.0302734375 -0.1013951525092125
v -0.08022656291723251 15.713724136352539 -1.3005000352859497
v 0.42853060364723206 15.004728317260742 0.1946464627981186
v 5.333550871000625e-05 15.722622871398926 0.8779952526092529
v -0.7668840289115906 15.459966659545898 0.12667328119277954
v -0.20382128655910492 16.03091812133789 0.12300150841474533
v 0.19063527882099152 15.096543312072754 -0.09743126481771469
v 0.12828032672405243 15.359562873840332 0.8123641610145569
v 0.04239049553871155 16.120210647583008 -0.13870397210121155
v 0.2614603340625763 14.843064308166504 0.30687233805656433
v -0.1959044337272644 15.897359848022461 -0.6657553315162659
v 0.2275184541940689 15.232254981994629 -0.729362964630127
v -0.0812542736530304 15.866379737854004 -1.2352497577667236
v 0.2039414942264557 15.461674690246582 -0.8744263648986816
v 0.5101016759872437 15.045039176940918 0.044303953647613525
v -0.32677537202835083 15.80527114868164 0.5225269794464111
v -0.16878798604011536 15.794021606445312 0.6524936556816101
v -0.020574374124407768 15.819415092468262 0.7279214262962341
v 0.19750244915485382 15.162088394165039 0.05158859118819237
v -0.2307801991701126 16.05308723449707 -0.12588118016719818
v 0.2164178043603897 15.411736488342285 -0.7424039244651794
v 0.06300569325685501 15.595063209533691 1.1557873487472534
v 0.19065983593463898 14.932256698608398 0.021409250795841217
v -0.033867739140987396 16.031831741333008 -0.30869245529174805
v -0.2056242972612381 15.025300979614258 -0.5302901268005371
v -0.18261505663394928 14.996394157409668 -0.3757166266441345
v 0.7268933653831482 15.670738220214844 -0.16555140912532806
v 0.6789106726646423 15.698775291442871 0.12990371882915497
v 0.1984608918428421 15.51803207397461 -0.9307336807250977
v -0.5781819224357605 15.413705825805664 -0.5730792880058289
v 0.30359160900115967 14.761749267578125 0.29341232776641846
v 0.2654986083507538 15.05154037475586 -0.13941216468811035
v 0.17839054763317108 16.21980094909668 -0.017756618559360504
v 0.2047661691904068 15.060110092163086 -0.4575100541114807
v -0.7190207839012146 15.462615013122559 -0.3595286011695862
v -0.12263322621583939 15.511624336242676 -0.8302812576293945
v 0.4967274069786072 15.0376558303833 0.0838315412402153
v 0.15302683413028717 16.08985137939453 0.12023448199033737
v 0.21427138149738312 15.412598609924316 -0.7544113993644714
v 0.14880657196044922 16.16803550720215 -0.1323516070842743
v 0.5004456043243408 15.891530990600586 0.3577612638473511
v 0.5275041460990906 15.941851615905762 0.24074526131153107
v -0.17488907277584076 14.976698875427246 -0.11340555548667908
v 0.40471500158309937 15.291529655456543 0.4793565273284912
v -0.2401837259531021 16.047704696655273 -0.22590212523937225
v -0.2058430314064026 16.16248321533203 0.04106009379029274
v 0.19063322246074677 15.106613159179688 -0.10471999645233154
v 0.09481935948133469 16.24048614501953 -0.0641971156001091
v 0.4221195578575134 15.569250106811523 0.563450276851654
v 0.17566628754138947 14.637457847595215 0.020289063453674316
v -0.3736655116081238 15.021142959594727 0.23845826089382172
v 0.1389227956533432 15.053752899169922 -0.034492332488298416
v -0.013468547724187374 14.997954368591309 0.3987029790878296
v 0.31012529134750366 16.017932891845703 0.006807446014136076
v -0.0068650334142148495 16.09771728515625 -0.13095524907112122
v 0.301300972700119 14.712457656860352 0.21162401139736176
v 0.0803588256239891 15.577248573303223 -0.8839766383171082
v 0.019897548481822014 15.149147033691406 -0.6890614628791809
v 0.3281354308128357 14.979921340942383 0.28303077816963196
v 0.24425552785396576 16.00811004638672 -0.10399109870195389
v 0.18288062512874603 15.389554023742676 0.9588110446929932
v 0.0939432755112648 16.22592544555664 0.0818910077214241
v -0.23540973663330078 14.633575439453125 -0.4094215929508209
v 0.05574812740087509 16.22524642944336 0.09932877123355865
v -0.23346543312072754 15.013564109802246 -0.32587847113609314
v 0.02522708848118782 16.02692985534668 0.0794968381524086
v -0.3780682384967804 15.280839920043945 0.5563551783561707
v 0.30002561211586 14.85594367980957 0.24364015460014343
v -0.1720958799123764 14.722902297973633 -0.6704846024513245
v -0.06763661652803421 15.368026733398438 -0.8419041633605957
v -0.23815901577472687 14.811288833618164 -0.27200695872306824
v 0.14028139412403107 14.65389347076416 0.123067706823349
v 0.41959434747695923 15.551158905029297 0.5613083839416504
v 0.20896708965301514 16.034334182739258 -0.27790695428848267
v -0.5052847862243652 15.17530632019043 -0.5112272500991821
v 0.5045971870422363 15.15301513671875 0.2973632514476776
v -0.11940596997737885 16.245811462402344 -0.046611253172159195
v -0.11749307066202164 15.56704330444336 -0.9100594520568848
v -0.4751143455505371 15.924575805664062 -0.4284222424030304
v -0.1355513334274292 16.034509658813477 0.3032849431037903
v -0.005719365552067757 15.046987533569336 -0.5270392894744873
v 0.12008342891931534 15.456066131591797 1.004502773284912
v -0.07451426237821579 15.006052017211914 0.3917582035064697
v 0.6360675692558289 15.430351257324219 -0.37264975905418396
v 0.020610975101590157 16.250080108642578 -0.16036178171634674
v 0.14022816717624664 15.354662895202637 -0.793165385723114
v 0.6499311327934265 15.74321174621582 -0.3454588055610657
v 0.3106885850429535 16.019330978393555 -0.11643260717391968
v -0.455337792634964 15.036561965942383 -0.23961089551448822
v -0.2899303138256073 14.867481231689453 -0.4502977728843689
v 0.04736696183681488 16.02933120727539 0.15052302181720734
v 0.047112394124269485 16.25177764892578 -0.1595999002456665
v -0.20439036190509796 15.722251892089844 -0.7620275616645813
v -0.020715534687042236 15.819443702697754 0.7268810868263245
v 0.1347903311252594 15.152985572814941 -0.11180193722248077
v 0.19370009005069733 16.217796325683594 0.11019236594438553
v 0.6705349683761597 15.602456092834473 -0.34190645813941956
v -0.6036491394042969 15.93571949005127 -0.2679188549518585
v -0.09529359638690948 16.059755325317383 0.1649521440267563
v -0.2258288711309433 14.899685859680176 -0.43117278814315796
v -0.013976773247122765 15.002976417541504 -0.15493761003017426
v 0.07625366747379303 15.826345443725586 0.736356258392334
v 0.11172819882631302 16.026166915893555 -0.025245774537324905
v -0.12347609549760818 15.504366874694824 -0.8158532977104187
v -0.2941535413265228 14.75578498840332 -0.6304177641868591
v 0.1398782730102539 15.030817031860352 -0.01661527343094349
v -0.2453904151916504 14.985003471374512 0.15177127718925476
v -0.528988242149353 15.49329662322998 0.4587545394897461
v 0.7330541610717773 15.511838912963867 -0.03094795159995556
v -0.437603622674942 16.03180694580078 0.14062194526195526
v -0.14826583862304688 15.83688735961914 0.637161374092102
v 0.5255470275878906 16.02426528930664 -0.1065203994512558
v -0.13913507759571075 16.094724655151367 -0.09470131993293762
v 0.30009910464286804 14.8618803024292 0.23919670283794403
v -0.6871289610862732 15.394474983215332 0.3273715078830719
v -0.3965279161930084 15.604361534118652 -0.6946914196014404
v 0.13437719643115997 15.262739181518555 0.8231863379478455
v 0.2989466190338135 14.661809921264648 0.1275900900363922
v 0.25838345289230347 14.711146354675293 0.14290736615657806
v 0.190626859664917 15.152043342590332 -0.13760380446910858
v -0.06973093748092651 15.374909400939941 -0.8629782199859619
v 0.10700629651546478 16.04827117919922 0.12847618758678436
v 0.2519000768661499 15.09045696258545 0.4732823967933655
v -0.28292936086654663 15.011027336120605 -0.27011749148368835
v 0.08096442371606827 15.755729675292969 0.6868438720703125
v 0.20606288313865662 15.082932472229004 -0.6391516327857971
v -0.1237873062491417 15.501660346984863 -0.809298574924469
v -0.32190218567848206 15.156148910522461 -0.3188784420490265
v 0.300520658493042 14.896188735961914 0.2136564552783966
v -0.4475790560245514 16.03926658630371 -0.08689617365598679
v 0.5193297863006592 15.051474571228027 -0.009447342716157436
v -0.7566432356834412 15.58581256866455 0.14445753395557404
v -0.31179773807525635 15.288220405578613 -0.30796217918395996
v -0.33609017729759216 14.99670124053955 -0.15750625729560852
v 0.7311307191848755 15.54984188079834 -0.029386194422841072
v 0.42889392375946045 16.04712677001953 -0.03109900839626789
v 0.13736149668693542 15.791129112243652 0.7370046377182007
v 0.1947629600763321 14.872377395629883 0.2720657289028168
v 0.15209229290485382 14.9988431930542 0.09632309526205063
v -0.688572883605957 15.299636840820312 -0.3452681601047516
v -0.5223885178565979 15.582938194274902 0.4530029892921448
v -0.6240358948707581 15.117846488952637 -0.10933429002761841
v 0.3033841550350189 14.757329940795898 0.2860064208507538
v -0.06297409534454346 15.755716323852539 0.8768648505210876
v 0.19144470989704132 14.749686241149902 0.3582080602645874
v -0.005901589524000883 16.22465705871582 -0.17178501188755035
v -0.7198109030723572 15.515105247497559 -0.36003923416137695
v -0.05942118167877197 15.354093551635742 -0.7827577590942383
v 0.29930582642555237 14.797438621520996 0.2872055470943451
v 0.255260169506073 15.135610580444336 0.5036168694496155
v 0.2791999876499176 15.852657318115234 -0.6478361487388611
v -0.08591748028993607 15.809396743774414 0.7111925482749939
v -0.008042777888476849 15.28931999206543 0.6683642268180847
v 0.5054266452789307 15.158792495727539 0.30069535970687866
v 0.030681295320391655 15.701196670532227 0.9642336368560791
v 0.21024972200393677 16.034244537353516 -0.27736470103263855
v 0.2161666452884674 16.184412002563477 0.10360545665025711
v -0.47380077838897705 15.036730766296387 -0.17979639768600464
v 0.13917258381843567 14.995079040527344 0.10346600413322449
v 0.25432857871055603 14.65124225616455 0.039305418729782104
v 0.5481063723564148 15.745323181152344 0.4020105302333832
v -0.2375478446483612 15.579204559326172 0.6721774935722351
v -0.49254244565963745 15.030733108520508 -0.0897778570652008
v 0.1367948055267334 14.600401878356934 0.036870989948511124
v -0.643345057964325 15.208870887756348 -0.33152833580970764
v 0.2157091498374939 15.464927673339844 0.6785193681716919
v 0.37334200739860535 16.028837203979492 0.2510421872138977
v 0.19064687192440033 15.015941619873047 -0.03912300616502762
v 0.3015166223049164 15.13848876953125 -0.06881754845380783
v -0.7575944066047668 15.397359848022461 0.12160377204418182
v 0.24742841720581055 15.52096939086914 1.110681414604187
v -0.21908101439476013 15.666608810424805 0.6730344891548157
v 0.20484782755374908 15.744199752807617 0.9500219821929932
v -0.008275960572063923 14.971319198608398 0.11466356366872787
v 0.05219123139977455 15.495365142822266 1.1358139514923096
v 0.18966637551784515 15.445573806762695 1.0115734338760376
v 0.05462975800037384 16.225290298461914 0.09969640523195267
v 0.1302684098482132 16.059040069580078 -0.07078903168439865
v 0.14934687316417694 16.03524398803711 0.030954739078879356
v -0.06437046080827713 15.36117172241211 -0.8161375522613525
v 0.04621901735663414 16.2508544921875 -0.010877151973545551
v 0.1749974489212036 16.04513931274414 0.2931811809539795
v 0.05189662426710129 15.454193115234375 -0.80331951379776
v 0.6644430756568909 15.221360206604004 0.08882666379213333
v -0.09312590211629868 16.229013442993164 0.1507803201675415
v 0.014095273800194263 16.027202606201172 0.08085384964942932
v 0.6042136549949646 15.16403579711914 0.21462741494178772
v -0.20795203745365143 15.218647003173828 -0.23536697030067444
v 0.19801203906536102 15.215985298156738 0.010568630881607533
v 0.0817970559000969 15.827363967895508 0.7705377340316772
v 0.6324467658996582 15.839612007141113 0.12494341284036636
v -0.06453084945678711 16.049821853637695 -0.15058083832263947
v -0.19649729132652283 15.509340286254883 -0.985824465751648
v 0.14989809691905975 15.290057182312012 0.8942736983299255
v 0.14327365159988403 14.699891090393066 0.197029709815979
v -0.11728457361459732 15.637469291687012 -0.9681659936904907
v 0.08048395067453384 15.827164649963379 0.7621399164199829
v 0.5286257266998291 15.950323104858398 -0.32630547881126404
v 0.5263735055923462 16.023853302001953 -0.10685162991285324
v -0.2986537218093872 14.667292594909668 -0.5872944593429565
v -0.15145452320575714 14.962674140930176 0.009109246544539928
v 0.17562443017959595 15.318974494934082 0.9620446562767029
v -0.18840277194976807 16.172651290893555 -0.058982688933610916
v -0.1623704433441162 16.04635238647461 -0.4187242090702057
v 0.12444815784692764 15.23165225982666 0.7545490860939026
v -0.2893686294555664 16.015871047973633 -0.48568448424339294
v -0.3530016541481018 16.055824279785156 -0.29608532786369324
v 0.1108318641781807 16.011432647705078 0.005191317293792963
v 0.2364790439605713 15.603440284729004 0.6963798403739929
v -0.5343003869056702 15.374493598937988 0.4587556719779968
v -0.21050101518630981 16.043062210083008 -0.25466668605804443
v 0.06091932952404022 15.646190643310547 1.1555330753326416
v -0.5804981589317322 15.514796257019043 -0.5587614178657532
v 0.558155357837677 15.993926048278809 -0.0028827290516346693
v 0.0018587405793368816 16.042688369750977 0.25201016664505005
v -0.3967648446559906 15.599481582641602 -0.6960280537605286
v 0.18107272684574127 14.555940628051758 -0.047807879745960236
v 0.16898223757743835 16.082101821899414 -0.03910890221595764
v 0.2535230219364166 14.86539077758789 0.08093234151601791
v 0.03150983527302742 15.209750175476074 -0.7262516617774963
v 0.3023119568824768 14.73425579071045 0.2477189153432846
v -0.29314106702804565 14.681437492370605 -0.6608790755271912
v 0.2347000390291214 16.031789779663086 -0.26327213644981384
v 0.31267619132995605 16.017269134521484 -0.019623903557658195
v -0.2000630497932434 14.78830337524414 -0.39786332845687866
v 0.14362148940563202 14.705233573913574 0.2056386023759842
v -0.24055534601211548 16.025270462036133 0.22193115949630737
v 0.18503592908382416 16.093761444091797 0.007052003871649504
v -0.2354399859905243 15.013520240783691 -0.32430991530418396
v -0.06862610578536987 15.808226585388184 0.8045052886009216
v 0.14793594181537628 15.793336868286133 0.9703022837638855
v 0.131223663687706 16.228137969970703 0.1110265925526619
v 0.062105946242809296 14.985979080200195 0.2574000060558319
v -0.11499699205160141 15.725163459777832 -1.0359649658203125
v -0.09958939999341965 15.271142959594727 0.6162770390510559
v -0.003956046886742115 15.087177276611328 -0.6359569430351257
v -0.7623290419578552 15.38857650756836 -0.13387219607830048
v 0.014166252687573433 15.674115180969238 0.745051383972168
v -0.075509212911129 15.682561874389648 -1.2416961193084717
v 0.3015584945678711 15.015902519226074 0.1213744580745697
v -0.03756704181432724 14.982664108276367 0.2516520917415619
v 0.1360866129398346 14.589537620544434 0.01936383917927742
v -0.02325085923075676 15.731976509094238 0.8142427802085876
v 0.2509480118751526 15.175824165344238 0.5266098976135254
v -0.2467077374458313 14.611644744873047 -0.29464277625083923
v -0.20732414722442627 15.67980670928955 -1.1057692766189575
v 0.4975450336933136 15.897744178771973 0.35518693923950195
v 0.022102665156126022 14.994538307189941 0.3994405269622803
v -0.047871001064777374 16.02730369567871 0.16721414029598236
v 0.3016567528247833 15.142430305480957 -0.07171902805566788
v 0.14633391797542572 15.787016868591309 0.7600694894790649
v 0.1855211704969406 16.21945571899414 0.12011276930570602
v -0.2897382974624634 14.87102222442627 -0.4499046504497528
v -0.14020338654518127 16.031478881835938 0.10210717469453812
v -0.16549965739250183 16.03146743774414 -0.02075137197971344
v 0.2054704874753952 16.020864486694336 -0.5305225849151611
v -0.7132004499435425 15.403180122375488 -0.35520005226135254
v 0.4345897138118744 15.790924072265625 0.5317526459693909
v 0.3667393922805786 15.975202560424805 0.40001949667930603
v 0.5149566531181335 16.02956771850586 -0.10227601230144501
v -0.011601491831243038 15.518224716186523 0.7497450709342957
v 0.14329980313777924 16.01820182800293 -0.028234384953975677
v 0.009390665218234062 15.790046691894531 0.9898136854171753
v -0.31707167625427246 15.130674362182617 0.49774909019470215
v 0.019031018018722534 16.054616928100586 -0.11696972697973251
v 0.06793734431266785 15.838577270507812 0.6916738748550415
v -0.3557266891002655 15.19285774230957 -0.6415124535560608
v 0.27382269501686096 15.779816627502441 0.658309817314148
v 0.2439952790737152 15.981152534484863 0.49677518010139465
v -0.1325521469116211 16.013288497924805 0.10513423383235931
v -0.6245546340942383 15.191106796264648 0.30529850721359253
v 0.4618161618709564 15.972183227539062 0.32773709297180176
v 0.5052309632301331 15.881279945373535 0.36200883984565735
v -0.49083882570266724 15.147268295288086 0.4205407202243805
v -0.16804692149162292 14.731904029846191 -0.7173409461975098
v -0.3037283718585968 14.654354095458984 -0.5195541381835938
v 0.1704334318637848 14.58948040008545 -0.06094438582658768
v 0.033906955271959305 14.97591781616211 0.1238655373454094
v 0.19597800076007843 15.000897407531738 0.1742587685585022
v -0.09019189327955246 15.853165626525879 -1.1933395862579346
v 0.07042887061834335 16.02470588684082 -0.059523217380046844
v -0.2662501633167267 16.04998016357422 -0.19437840580940247
v 0.15051347017288208 15.041441917419434 0.07486502826213837
v -0.07806149125099182 16.150537490844727 0.19559194147586823
v 0.024031827226281166 15.968358039855957 -0.6309629678726196
v 0.18630170822143555 15.757713317871094 0.8986766338348389
v 0.15883661806583405 16.229923248291016 0.07191123068332672
v -0.19422689080238342 14.857890129089355 -0.3904557228088379
v 0.044866785407066345 16.25125503540039 -0.15998345613479614
v -0.16579505801200867 15.028341293334961 -0.5364139676094055
v -0.0410759374499321 16.034719467163086 0.24152284860610962
v -0.14284063875675201 16.245336532592773 -0.012903228402137756
v -0.672564685344696 15.285061836242676 0.31967371702194214
v -0.06401579827070236 15.299980163574219 0.5857637524604797
v -0.16611093282699585 16.03257179260254 -0.021779878064990044
v -0.17639930546283722 15.777290344238281 0.6570911407470703
v 0.08729948848485947 16.040517807006836 0.1363072693347931
v -0.23717840015888214 14.824496269226074 -0.2708176076412201
v -0.2918298840522766 14.764359474182129 -0.6728054285049438
v 0.11650332808494568 16.240530014038086 -0.019483083859086037
v 0.11436828225851059 15.514115333557129 -1.010142207145691
v 0.49989575147628784 15.11994743347168 0.27592793107032776
v 0.6206213235855103 15.908041954040527 -0.0046091931872069836
v 0.43749985098838806 15.715044975280762 0.5530492067337036
v -0.7682089805603027 15.604423522949219 -0.11036598682403564
v -0.48706069588661194 15.143610000610352 -0.4942285418510437
v -0.04183076694607735 16.035127639770508 -0.07248182594776154
v 0.34781062602996826 16.002592086791992 0.3652957081794739
v 0.05028550326824188 15.708124160766602 1.1403987407684326
v -0.35036417841911316 14.78398323059082 -0.3496290147304535
v -0.2261018604040146 14.896563529968262 -0.43150490522384644
v 0.30066123604774475 14.698659896850586 0.1887764036655426
v 0.3295072317123413 15.035683631896973 -0.012364518828690052
v -0.2958447337150574 16.050798416137695 -0.1394101232290268
v -0.5331649780273438 15.332319259643555 0.45440003275871277
v -0.1940792351961136 15.55063247680664 -0.8057489395141602
v -0.4110304117202759 16.051897048950195 -0.20767848193645477
v -0.2121337503194809 15.16222095489502 -0.24043898284435272
v -0.36737149953842163 15.682880401611328 0.5502898693084717
v -0.34305405616760254 14.879562377929688 -0.3417302668094635
v 0.051655709743499756 15.43211841583252 -0.7991824150085449
v 0.17340430617332458 15.175091743469238 0.5020865201950073
v -0.21598149836063385 15.264472961425781 0.61097252368927
v 0.05874264985322952 15.295812606811523 0.9250169992446899
v 0.016284918412566185 15.235224723815918 0.7467749118804932
v 0.20921984314918518 15.4207181930542 -0.7953910827636719
v 0.11833899468183517 15.464942932128906 -0.9665334224700928
v 0.09626873582601547 16.05005645751953 0.22948265075683594
v 0.2595468759536743 14.728315353393555 0.17265060544013977
v 0.05258821323513985 15.701664924621582 1.1440294981002808
v -0.06002825126051903 15.884926795959473 -1.3906147480010986
v 0.5555645823478699 15.997182846069336 -0.00274259177967906
v -0.07153839617967606 15.388777732849121 -0.8936977386474609
v 0.2557556629180908 16.02918243408203 -0.24587351083755493
v 0.5138519406318665 15.96703815460205 0.23423320055007935
v 0.3983214795589447 16.046369552612305 -0.174184188246727
v 0.04907090216875076 15.375917434692383 -0.7854707837104797
v -0.19595858454704285 15.405009269714355 -0.7847185730934143
v 0.20672330260276794 15.006813049316406 0.41813427209854126
v 0.6214009523391724 15.450913429260254 0.2669254541397095
v 0.11748292297124863 15.656787872314453 -1.1603094339370728
v 0.11226599663496017 15.57065486907959 -1.0647039413452148
v 0.02928265370428562 15.752837181091309 1.083882212638855
v 0.1906343698501587 15.10155963897705 -0.1010620966553688
v 0.16707538068294525 15.797167778015137 -1.4164180755615234
v 0.01509488932788372 16.229122161865234 0.09909854084253311
v -0.07381687313318253 15.420275688171387 -0.9434882998466492
v -0.2028665989637375 15.620162010192871 -1.068402886390686
v -0.06455188989639282 16.020694732666016 0.45501041412353516
v -0.022574855014681816 16.053239822387695 -0.11270782351493835
v 0.05370407924056053 15.50282096862793 1.1378216743469238
v 0.5108974575996399 15.053391456604004 -0.09902600944042206
v -0.11548155546188354 15.720358848571777 -1.0319782495498657
v -0.39296236634254456 15.658432006835938 -0.679008424282074
v 0.17617474496364594 14.642080307006836 0.02818361483514309
v 0.26693594455718994 15.530548095703125 -0.7680078744888306
v 0.1407325267791748 14.66081428527832 0.1342209130525589
v -0.2891813814640045 14.774195671081543 -0.7211151123046875
v 0.05037559196352959 16.213470458984375 0.22654908895492554
v 0.6228471398353577 15.605937004089355 0.27260148525238037
v 0.5337823629379272 15.928364753723145 0.24327842891216278
v -0.1205410584807396 15.531525611877441 -0.8647036552429199
v 0.053084153681993484 16.05673599243164 0.18160346150398254
v 0.03182446211576462 15.211505889892578 -0.7272921800613403
v 0.1167328730225563 16.02398109436035 0.024430392310023308
v 0.7367614507675171 15.529254913330078 -0.1889094114303589
v 0.3260752260684967 15.039918899536133 -0.0424230583012104
v -0.21652737259864807 15.102945327758789 -0.2457689791917801
v -0.040013302117586136 16.041685104370117 0.3329091966152191
v 0.6163225173950195 15.337766647338867 -0.3976915776729584
v -0.05202347785234451 15.303000450134277 0.6141417622566223
v 0.1405978500843048 16.045846939086914 -0.03446616977453232
v -0.11633216589689255 15.76710033416748 0.6979684233665466
v -0.20928288996219635 16.18108367919922 0.037424713373184204
v -0.5333022475242615 15.414902687072754 0.4607555866241455
v -0.17662827670574188 14.975017547607422 -0.10231013596057892
v 0.5317915678024292 15.410126686096191 0.3951883912086487
v 0.08924799412488937 16.030593872070312 -0.2070334106683731
v 0.04899514839053154 15.100395202636719 0.550030529499054
v 0.31386032700538635 16.01703453063965 -0.04824284836649895
v 0.5206424593925476 16.026721954345703 -0.10455460846424103
v 0.17827224731445312 16.044645309448242 0.2902321517467499
v -0.19681783020496368 16.23438262939453 -0.035475797951221466
v -0.18551550805568695 15.159442901611328 -0.6807321310043335
v -0.06030147522687912 16.05474281311035 0.18277688324451447
v 0.5093033909797668 15.185796737670898 0.3162706196308136
v 0.28561171889305115 15.845948219299316 0.6201769709587097
v 0.009312634356319904 15.308022499084473 0.9458658695220947
v -0.29398632049560547 14.679250717163086 -0.6496023535728455
v 0.1001022607088089 15.819842338562012 0.8402162194252014
v -0.1998133808374405 14.765360832214355 -0.31475508213043213
v 0.14463885128498077 14.797948837280273 0.26247450709342957
v -0.1845991611480713 14.997197151184082 -0.2920621633529663
v 0.24638444185256958 15.978994369506836 0.4986085891723633
v -0.23194895684719086 14.8949613571167 -0.2644754946231842
v 0.03774821758270264 15.46623706817627 1.0314558744430542
v 0.13408304750919342 15.169963836669922 -0.1250160187482834
v 0.14265553653240204 14.69031810760498 0.18176384270191193
v -0.6856330633163452 15.352779388427734 0.3262326419353485
v 0.2902478575706482 14.821218490600586 0.16433973610401154
v -0.5267556309700012 15.27680778503418 0.44644200801849365
v -0.5308417677879333 15.302630424499512 0.4504411518573761
v -0.03639919310808182 15.290143966674805 0.768629252910614
v 0.5127717852592468 15.60223388671875 -0.575361430644989
v -0.16746407747268677 16.0253963470459 0.28493425250053406
v 0.2545604109764099 15.969095230102539 0.5081313252449036
v 0.12426184117794037 15.425983428955078 -0.9346725344657898
v -0.3956472873687744 15.44007396697998 -0.7106500864028931
v 0.22600196301937103 15.549630165100098 0.694948673248291
v -0.28427818417549133 15.06709098815918 0.4659072160720825
v -0.2261718213558197 16.053600311279297 -0.13452056050300598
v -0.032255589962005615 15.295973777770996 0.7904722094535828
v 0.11057525128126144 15.700554847717285 0.9601632356643677
v 0.010450339876115322 15.789153099060059 0.994701623916626
v -0.33699503540992737 14.958775520324707 -0.3351844251155853
v 0.01586632803082466 16.108169555664062 0.21060164272785187
v 0.2971566915512085 14.623311996459961 0.06367543339729309
v 0.4164883494377136 15.528905868530273 0.5586735606193542
v 0.6291812658309937 15.894550323486328 -0.004986608400940895
v -0.33060789108276367 15.042299270629883 -0.3282832205295563
v -0.18444617092609406 14.974525451660156 -0.3780412971973419
v -0.2120928019285202 16.23638153076172 0.07177723199129105
v -0.009142719209194183 15.251293182373047 0.7920553684234619
v 0.1968354433774948 15.091545104980469 0.1052834689617157
v -0.3730822205543518 15.814372062683105 -0.6284127235412598
v -0.16417312622070312 15.017718315124512 0.37000441551208496
v 0.35356831550598145 15.117253303527832 -0.5709746479988098
v -0.4446357190608978 15.926569938659668 0.4049377143383026
v 0.30063530802726746 14.905502319335938 0.20672853291034698
v 0.599236249923706 15.766504287719727 0.2660457491874695
v 0.25465571880340576 14.656061172485352 0.047652460634708405
v 0.40871983766555786 15.468277931213379 0.5456521511077881
v -0.3514677584171295 14.67862606048584 -0.41643232107162476
v -0.21476030349731445 15.416536331176758 -0.7278308868408203
v 0.04556428641080856 15.330009460449219 -0.7721778750419617
v 0.11078204214572906 15.47182559967041 1.1262520551681519
v -0.3023316562175751 14.852680206298828 -0.28553590178489685
v 0.2583101987838745 15.701199531555176 0.6842046976089478
v -0.5090287923812866 15.198721885681152 0.43280524015426636
v -0.6721329092979431 15.515875816345215 0.3200022280216217
v 0.26458704471588135 14.98531436920166 0.1989590972661972
v 0.6029230356216431 15.158790588378906 0.21272963285446167
v 0.16316404938697815 16.100500106811523 -0.08583808690309525
v 0.13628725707530975 16.147865295410156 0.17628416419029236
v -0.19149170815944672 15.742904663085938 0.6646255254745483
v 0.23564709722995758 16.19813346862793 0.0071643865667283535
v 0.18791396915912628 15.790239334106445 -1.2571531534194946
v 0.115163154900074 15.632604598999023 -1.1313138008117676
v -0.20845718681812286 16.175989151000977 0.03845890983939171
v -0.16774185001850128 16.222225189208984 0.11514949798583984
v 0.19064460694789886 15.033662796020508 -0.05191758647561073
v 0.299711674451828 14.830400466918945 0.26266196370124817
v 0.1648063361644745 14.986038208007812 0.3686489760875702
v -0.07314587384462357 15.41015911102295 -0.929250955581665
v -0.07338474690914154 15.645910263061523 -1.1837422847747803
v -0.20331896841526031 14.711986541748047 -0.31998395919799805
v -0.19950944185256958 16.209402084350586 0.07968293130397797
v 0.2980748414993286 15.041540145874023 0.0023940312676131725
v -0.22094795107841492 15.043365478515625 -0.2511308193206787
v -0.2372344732284546 15.356526374816895 0.6417315006256104
v -0.01489881332963705 15.818663597106934 0.7639564871788025
v -0.4472089409828186 16.03954315185547 -0.08910037577152252
v 0.10189879685640335 16.030784606933594 -0.05443346127867699
v -0.31903767585754395 15.828170776367188 0.5165031552314758
v -0.59796142578125 15.770691871643066 0.32145002484321594
v 0.5106456279754639 15.19507122039795 0.3212798535823822
v 0.1852399855852127 14.65839958190918 0.20723402500152588
v -0.20484989881515503 16.13424301147461 -0.00015687686391174793
v 0.24115318059921265 15.660196304321289 1.090854287147522
v 0.0997125580906868 16.23965072631836 -0.06500335782766342
v -0.3375261425971985 14.849916458129883 -0.42170530557632446
v 0.1976851373910904 16.024930953979492 -0.5225555896759033
v 0.7281033992767334 15.588963508605957 -0.02769612893462181
v 0.1336105465888977 14.551552772521973 -0.041846130043268204
v 0.19063277542591095 15.109244346618652 -0.10662458837032318
v 0.46033063530921936 15.316582679748535 -0.6196379661560059
v 0.13980457186698914 15.032577514648438 -0.017992759123444557
v 0.1487724483013153 15.285364151000977 0.627677321434021
v 0.23869962990283966 16.01974105834961 0.03396882861852646
v 0.2579917311668396 14.977520942687988 -0.0015427800826728344
v 0.7190483808517456 15.649147987365723 -0.024393120780587196
v 0.1870717853307724 15.19570541381836 0.5626442432403564
v -0.6202633380889893 15.112916946411133 -0.10805781185626984
v 0.1396123319864273 15.037174224853516 -0.021589238196611404
v 0.11437556147575378 15.57774829864502 1.161133050918579
v -0.07961414754390717 16.09859848022461 -0.1166096031665802
v 0.11613251268863678 15.810959815979004 0.8815844655036926
v -0.3027893900871277 14.723755836486816 -0.4728967249393463
v -0.0165950208902359 15.32939338684082 0.6864371299743652
v -0.05534002184867859 15.745609283447266 0.7373021841049194
v -0.45235976576805115 16.031505584716797 -0.0008896401850506663
v -0.49129438400268555 15.031350135803223 -0.09752772748470306
v 0.46458593010902405 15.052037239074707 -0.19352905452251434
v -0.708289384841919 15.614164352416992 -0.3442772924900055
v -0.21405699849128723 15.03435230255127 -0.4168482720851898
v -0.17474143207073212 16.108989715576172 -0.07221770286560059
v -0.0498313307762146 15.802821159362793 0.8539209961891174
v -0.32330504059791565 16.04375457763672 -0.016683977097272873
v -0.6301144957542419 15.199034690856934 0.3065638542175293
v 0.21485991775989532 15.429437637329102 0.6645327210426331
v -0.3267090618610382 14.737746238708496 -0.7464722394943237
v -0.17434388399124146 16.12789535522461 0.09567178040742874
v -0.09713335335254669 15.838446617126465 -1.1625691652297974
v 0.26683309674263 15.087520599365234 0.12147000432014465
v 0.18108318746089935 16.13578224182129 -0.09311749786138535
v -0.09024763107299805 15.806795120239258 0.680305004119873
v -0.16190248727798462 15.243425369262695 -0.34942471981048584
v -0.021032890304923058 15.35158634185791 0.9243797659873962
v -0.2048734575510025 16.134618759155273 -0.00030793395126238465
v 0.26624685525894165 15.060853958129883 0.1416909545660019
v -0.3196059763431549 15.95944595336914 -0.5386651158332825
v -0.45311301946640015 15.025433540344238 0.12551601231098175
v 0.18585900962352753 15.353778839111328 0.8760867714881897
v 0.14214299619197845 16.053165435791016 0.2044180929660797
v 0.6301692724227905 15.79076862335205 -0.3474055826663971
v 0.11387461423873901 15.697298049926758 0.9729478359222412
v -0.0675124004483223 15.881044387817383 -1.330371618270874
v 0.05369361490011215 16.129369735717773 0.2128615826368332
v 0.13534565269947052 15.1397066116333 -0.10141243785619736
v -0.49793317914009094 16.03534507751465 -0.2266208976507187
v -0.6551008820533752 15.148820877075195 0.10664457082748413
v 0.32739537954330444 15.028796195983887 0.04216458648443222
v 0.26716184616088867 15.102455139160156 0.11010682582855225
v -0.2405424863100052 14.779071807861328 -0.2748985290527344
v 0.15227656066417694 15.114593505859375 0.018556229770183563
v -0.21120624244213104 15.247359275817871 0.6045016646385193
v 0.6053329110145569 15.168583869934082 0.21627289056777954
v 0.18986520171165466 15.34730052947998 0.847282886505127
v 0.0773802250623703 16.01891326904297 0.4571431875228882
v 0.11514927446842194 16.235078811645508 -0.06577639281749725
v 0.1768849790096283 14.535484313964844 0.003948053810745478
v 0.5501415729522705 15.683349609375 0.4118421971797943
v 0.10774406790733337 15.741748809814453 1.1054877042770386
v 0.11447930335998535 16.195234298706055 -0.14981281757354736
v 0.1334085315465927 14.54845142364502 -0.04684261605143547
v 0.14453807473182678 14.918985366821289 0.07053965330123901
v 0.5599143505096436 15.991713523864746 -0.0029778224416077137
v 0.2737872004508972 15.779633522033691 0.6583912372589111
v 0.17042002081871033 14.58935546875 -0.06115322560071945
v 0.26183637976646423 15.372820854187012 -0.7771109938621521
v 0.5030809044837952 15.142363548278809 0.2905624806880951
v 0.05577565357089043 16.225244522094727 0.09931966662406921
v -0.08511703461408615 15.037220001220703 -0.5375683903694153
v 0.06954846531152725 15.629018783569336 1.0594853162765503
v 0.2804739773273468 15.834718704223633 -0.6575490832328796
v 0.41435855627059937 15.949386596679688 -0.4815332591533661
v -0.6116509437561035 15.73684310913086 0.3196721374988556
v -0.5839084386825562 15.063286781311035 -0.09333065897226334
v -0.572243332862854 15.974678039550781 -0.25533732771873474
v 0.19067463278770447 14.828859329223633 0.09617772698402405
v -0.10567649453878403 14.98066234588623 0.2365923374891281
v -0.013570011593401432 15.735272407531738 1.0105924606323242
v -0.18536843359470367 15.937070846557617 -0.6263442039489746
v -0.07242266833782196 16.12200164794922 -0.12695974111557007
v 0.010814787819981575 15.315430641174316 0.963908314704895
v -0.16483023762702942 14.981461524963379 -0.1434973031282425
v -0.012892983853816986 16.232418060302734 0.08759340643882751
v -0.5683975219726562 15.911636352539062 0.17390182614326477
v 0.2725204825401306 16.027339935302734 -0.22737278044223785
v -0.16643454134464264 15.18936824798584 -0.3551778793334961
v -0.167426198720932 15.258893013000488 -0.26644831895828247
v 0.1894429624080658 14.556235313415527 -0.04764021560549736
v -0.1474292129278183 16.24529266357422 0.007509724702686071
v 0.24982097744941711 14.772512435913086 0.14926110208034515
v 0.1355064958333969 15.661681175231934 1.0437774658203125
v 0.7344846725463867 15.384835243225098 -0.036610089242458344
v -0.20487470924854279 15.7440824508667 -1.1660997867584229
v 0.07448375225067139 15.312904357910156 0.6178267598152161
v 0.6548327803611755 15.727909088134766 -0.3447597026824951
v 0.030565273016691208 15.680059432983398 1.1047050952911377
v -0.08481742441654205 16.226932525634766 0.15725551545619965
v 0.26103878021240234 16.023555755615234 0.39024513959884644
v -0.3097365200519562 14.737499237060547 -0.295594722032547
v 0.030391238629817963 15.712732315063477 -0.7651249170303345
v 0.30384960770606995 15.166671752929688 0.012177934870123863
v -0.5580965280532837 15.278914451599121 -0.554606556892395
v -0.5299417972564697 15.296942710876465 0.449560284614563
v -0.3393489420413971 14.927953720092773 -0.33772748708724976
v -0.1847696602344513 16.234832763671875 -0.06300390511751175
v 0.3119773268699646 14.979270935058594 0.294245183467865
v -0.0777532309293747 16.138267517089844 0.19735024869441986
v 0.1439686417579651 15.044187545776367 -0.37015241384506226
v -0.20405514538288116 14.740686416625977 -0.40293100476264954
v -0.2752918601036072 15.273351669311523 -0.24880307912826538
v 0.23494413495063782 15.698637008666992 1.0460071563720703
v -0.7683767676353455 15.602993965148926 -0.11059939116239548
v -0.35582929849624634 16.055805206298828 -0.2928576171398163
v -0.5802603960037231 15.058180809020996 -0.09170952439308167
v -0.2798665761947632 16.031471252441406 0.16723120212554932
v 0.35874518752098083 15.986899375915527 0.38536536693573
v 0.2729218006134033 15.614737510681152 -0.7500172853469849
v -0.27509623765945435 15.276395797729492 -0.24853748083114624
v 0.17104244232177734 16.07619285583496 0.07628187537193298
v 0.14514797925949097 14.819036483764648 0.24621903896331787
v -0.20548313856124878 16.0221004486084 0.2575453519821167
v 0.11090102046728134 16.237112045288086 -0.12877357006072998
v -0.22895294427871704 14.720005989074707 -0.4664648473262787
v 0.11270643025636673 15.731196403503418 -1.3144230842590332
v 0.5785077810287476 15.9911527633667 -0.12665808200836182
v 0.1873379498720169 15.430808067321777 0.999566376209259
v 0.2620295286178589 14.614816665649414 0.12768155336380005
v 0.11270301789045334 15.550911903381348 -1.0451899766921997
v 0.3007458746433258 15.059647560119629 -0.31499361991882324
v 0.1846441775560379 16.017009735107422 0.4341972768306732
v 0.7293273210525513 15.574385643005371 -0.028338121250271797
v -0.6668976545333862 15.788848876953125 -0.29978883266448975
v 0.013354775495827198 16.163846969604492 0.21817360818386078
v 0.18631695210933685 15.344779968261719 1.0069395303726196
v -0.19761258363723755 14.798912048339844 -0.3114718794822693
v 0.19145038723945618 15.732647895812988 -1.1017099618911743
v -0.5457332134246826 16.013174057006836 -0.03738926351070404
v -0.2023993283510208 15.86507797241211 -0.6901228427886963
v -0.4679383337497711 15.079272270202637 -0.47110700607299805
v 0.19067485630512238 14.827484130859375 0.0971727967262268
v -0.15675142407417297 16.03992462158203 0.0298024732619524
v -0.42578065395355225 15.024386405944824 0.17199882864952087
v -0.22232168912887573 14.658934593200684 -0.542388916015625
v 0.151933953166008 14.741378784179688 0.20888382196426392
v 0.1906716674566269 14.852099418640137 0.07935579121112823
v 0.17036449909210205 15.29419994354248 0.6811080574989319
v 0.14555451273918152 14.894527435302734 0.08955851942300797
v 0.32786381244659424 15.037712097167969 -0.026758847758173943
v 0.25187596678733826 15.964827537536621 -0.5869585871696472
v -0.03911276161670685 16.041725158691406 0.33304160833358765
v -0.20876282453536987 14.68519401550293 -0.6801365613937378
v 0.5182186961174011 15.852392196655273 0.37345027923583984
v 0.6660380363464355 15.550989151000977 -0.3457101881504059
v 0.190357506275177 15.786547660827637 -1.229897379875183
v -0.22562560439109802 14.90201187133789 -0.43092525005340576
v -0.08232134580612183 15.761130332946777 0.8215888738632202
v -0.22088481485843658 15.044217109680176 -0.25105416774749756
v 0.19212469458580017 15.610032081604004 -0.9930110573768616
v -0.23436518013477325 14.80193042755127 -0.441559761762619
v -0.2990892827510834 14.666191101074219 -0.5814822912216187
v 0.07596202194690704 15.54286003112793 -0.819926381111145
v -0.3302929103374481 15.138882637023926 -0.4009826183319092
v 0.019328583031892776 16.020627975463867 0.4606133997440338
v 0.4857842028141022 15.05211353302002 -0.1599634438753128
v -0.19093547761440277 15.326189041137695 -0.7619295120239258
v -0.7185215353965759 15.531768798828125 -0.35826531052589417
v 0.20213016867637634 15.519039154052734 1.0623451471328735
v 0.003848644671961665 15.815308570861816 0.8223828077316284
v -0.07388193905353546 15.624225616455078 -1.1560887098312378
v 0.24802672863006592 15.55217170715332 1.118530511856079
v -0.6805450320243835 15.197225570678711 -0.12556792795658112
v -0.023658189922571182 15.366273880004883 0.9621076583862305
v 0.08489827811717987 15.784120559692383 1.0095757246017456
v 0.1760455220937729 14.523130416870117 -0.01648378185927868
v 0.2831979990005493 15.831535339355469 0.6297543048858643
v 0.11966324597597122 15.680158615112305 -1.1932452917099
v -0.33322760462760925 15.021624565124512 -0.4093893766403198
v -0.286615252494812 14.928606986999512 -0.4435127079486847
v -0.13875925540924072 16.23761749267578 0.11213472485542297
v 0.2623291611671448 15.72140884399414 0.6788330674171448
v -0.19801707565784454 16.20499038696289 0.08077218383550644
v -0.16985368728637695 16.027870178222656 0.05455968156456947
v 0.10126430541276932 15.199257850646973 0.6474950909614563
v -0.32464614510536194 15.94910717010498 -0.5471600294113159
v 0.2315419465303421 15.581342697143555 0.6973371505737305
v 0.6065759658813477 15.293816566467285 -0.4063573181629181
v -0.025392161682248116 16.038124084472656 0.2467598021030426
v -0.6009109616279602 15.154473304748535 -0.31762972474098206
v 0.708577036857605 15.694920539855957 -0.021031418815255165
v -0.06514974683523178 16.242311477661133 -0.07706426829099655
v -0.02252628467977047 15.427120208740234 0.7256810069084167
v 0.10092739015817642 14.985705375671387 0.1192987859249115
v -0.5092636942863464 15.676704406738281 0.4472430348396301
v 0.17989088594913483 14.676154136657715 0.08586717396974564
v 0.12799504399299622 15.360994338989258 0.8149279952049255
v 0.3626772165298462 15.981256484985352 0.39258241653442383
v -0.49488553404808044 15.767412185668945 0.43851470947265625
v 0.559210479259491 15.986056327819824 0.11525186896324158
v -0.16899272799491882 15.158801078796387 -0.3584252595901489
v 0.38044577836990356 15.147228240966797 -0.5895184874534607
v 0.16716977953910828 14.555450439453125 -0.04808678850531578
v -0.3199135363101959 15.136189460754395 0.5008043646812439
v 0.035553570836782455 15.240105628967285 -0.7396734356880188
v 0.1906650811433792 14.893269538879395 0.04962826147675514
v 0.13318420946598053 15.191567420959473 -0.14182794094085693
v -0.22623051702976227 14.972095489501953 -0.25753846764564514
v -0.07908112555742264 15.006712913513184 0.39109188318252563
v 0.08472879230976105 15.92459774017334 0.6367148160934448
v -0.20763535797595978 15.779342651367188 -0.7378365993499756
v -0.19616833329200745 14.834715843200684 -0.39291995763778687
v 0.17923365533351898 15.186043739318848 0.5357843041419983
v 0.08225181698799133 15.63768482208252 -0.9356775879859924
v -0.20754152536392212 14.68757152557373 -0.6925414204597473
v -0.29277968406677246 15.001296997070312 -0.27255964279174805
v -0.1122673824429512 16.038236618041992 -0.3023553192615509
v 0.31320831179618835 16.01737403869629 -0.08717440068721771
v 0.17376942932605743 15.177145957946777 0.5093126893043518
v -0.17782582342624664 16.024511337280273 0.15445436537265778
v 0.14445412158966064 14.718002319335938 0.2262139916419983
v 0.28062912821769714 15.832535743713379 -0.6587314009666443
v -0.1989164799451828 15.569351196289062 -1.0370900630950928
v 0.11558128893375397 15.531085968017578 1.1504908800125122
v 0.005763702560216188 15.232100486755371 0.6554795503616333
v 0.3423561751842499 16.028501510620117 0.3019777536392212
v 0.13593782484531403 15.125462532043457 -0.09033294767141342
v -0.6757107377052307 15.26751708984375 -0.3416929543018341
v 0.5017764568328857 15.133183479309082 0.28456911444664
v 0.5054243803024292 15.15877628326416 0.3006858229637146
v -0.08527696877717972 15.037199020385742 -0.537582278251648
v 0.07474969327449799 15.793697357177734 0.9650244116783142
v 0.07686085253953934 16.040586471557617 -0.286962628364563
v 0.00295253936201334 15.27966022491455 0.8825446963310242
v -0.36162689328193665 16.01858139038086 0.29155412316322327
v -0.23865586519241333 14.8045654296875 -0.2726098299026489
v -0.39053043723106384 15.686821937561035 -0.6703711152076721
v -0.451907753944397 16.03076171875 0.025369038805365562
v -0.07483002543449402 15.435680389404297 -0.962532103061676
v 0.02335798554122448 16.25002670288086 -0.16051989793777466
v -0.6939405202865601 15.740117073059082 0.1627347469329834
v -0.13189251720905304 16.008792877197266 0.1087004542350769
v 0.23266509175300598 16.18815803527832 0.007529744412750006
v 0.1859923154115677 14.669471740722656 0.22554424405097961
v -0.7748767733573914 15.528749465942383 -0.12126734852790833
v 0.033289987593889236 15.756061553955078 0.7509027719497681
v -0.534717857837677 15.948007583618164 0.16485001146793365
v -0.2853755056858063 15.021991729736328 0.3133973479270935
v 0.1126718521118164 15.591438293457031 -1.0861968994140625
v 0.08454474806785583 15.940340042114258 0.6260113716125488
v 0.2938336431980133 15.047682762145996 -0.5233338475227356
v 0.13352364301681519 14.55021858215332 -0.043996188789606094
v 0.13833653926849365 14.987393379211426 0.37893587350845337
v -0.19559788703918457 15.39755630493164 -0.7827005982398987
v 0.03144795447587967 16.024648666381836 0.15054507553577423
v 0.12783625721931458 15.326858520507812 0.7378729581832886
v -0.758107602596283 15.655282020568848 -0.10013595968484879
v 0.0031147438567131758 15.606327056884766 0.7525548934936523
v -0.3855966329574585 15.309826850891113 0.5621669888496399
v 0.31238773465156555 15.04537582397461 -0.07931806892156601
v -0.5640163421630859 15.1152925491333 0.29325467348098755
v -0.2048548012971878 15.728759765625 -0.7593771815299988
v 0.19703495502471924 15.112655639648438 0.08920270949602127
v -0.07330432534217834 15.020190238952637 -0.3930307626724243
v -0.6968384981155396 15.21158504486084 0.11549824476242065
v -0.2697902321815491 15.23904800415039 -0.4090760052204132
v -0.3961939513683319 15.538164138793945 0.5705415606498718
v 0.10308563709259033 16.226716995239258 0.07631304115056992
v 0.6479239463806152 15.473444938659668 -0.36097902059555054
v 0.07286353409290314 16.20465850830078 -0.16040454804897308
v 0.07196469604969025 16.200021743774414 -0.16056016087532043
v 0.24155834317207336 15.65677261352539 1.093611478805542
v 0.08164554089307785 15.34259033203125 1.0020822286605835
v -0.3145892322063446 15.969585418701172 -0.5301123261451721
v -0.023876585066318512 15.395164489746094 0.714189350605011
v -0.6792164444923401 15.744584083557129 -0.31033802032470703
v 0.2772885859012604 15.797633171081543 0.6503954529762268
v 0.007953347638249397 15.231429100036621 0.6877031326293945
v -0.17499792575836182 15.087185859680176 -0.3660479485988617
v -0.2348993420600891 16.024444580078125 0.22860632836818695
v -0.3035290837287903 16.050182342529297 -0.1194157600402832
v -0.10429980605840683 16.207393646240234 -0.14605799317359924
v -0.49015292525291443 15.786794662475586 0.43567055463790894
v -0.001338255126029253 15.43848991394043 1.0797051191329956
v 0.16697049140930176 16.06329345703125 0.006178193259984255
v 0.1089591234922409 15.81509017944336 0.86268550157547
v -0.23572413623332977 14.632973670959473 -0.40622857213020325
v 0.42867597937583923 16.007171630859375 -0.2717231512069702
v -0.21852512657642365 15.273588180541992 0.6144195199012756
v -0.06740525364875793 15.367265701293945 -0.8395758271217346
v 0.05352981761097908 15.746552467346191 0.7994951605796814
v 0.04863274469971657 15.79458236694336 0.7146229147911072
v -0.48548778891563416 15.981201171875 0.29796791076660156
v -0.5776271820068359 15.992778778076172 -0.039411015808582306
v 0.4633112847805023 15.326438903808594 -0.619411051273346
v -0.5289779305458069 15.493464469909668 0.458744078874588
v 0.6926409602165222 15.350506782531738 0.10887539386749268
v 0.14017310738563538 15.796854972839355 0.9503104090690613
v 0.32680320739746094 15.028305053710938 0.04611504450440407
v 0.3279297649860382 14.979912757873535 0.28317341208457947
v -0.7149686217308044 15.574657440185547 -0.3533827066421509
v -0.2980523407459259 15.00936222076416 -0.2481178641319275
v 0.00842699408531189 14.97309684753418 0.1188756451010704
v -0.3607063591480255 15.705368995666504 0.546009361743927
v -0.0857427641749382 16.078153610229492 -0.10651061683893204
v -0.06076204031705856 16.036190032958984 -0.053233422338962555
v -0.19737450778484344 14.666603088378906 -0.3779732584953308
v -0.1670255810022354 14.980685234069824 -0.13873764872550964
v -0.09014992415904999 16.04786491394043 -0.24440093338489532
v 0.2504941523075104 14.789329528808594 0.13683369755744934
v -0.4523341953754425 16.032167434692383 -0.01448454987257719
v -0.2382367104291916 16.05146598815918 -0.3887989819049835
v 0.1451488882303238 14.728660583496094 0.24339012801647186
v -0.21740038692951202 14.66845703125 -0.5923839807510376
v 0.3030724823474884 15.10355281829834 0.05919922888278961
v -0.5253708362579346 15.547658920288086 0.45529067516326904
v -0.5623157024383545 15.842103004455566 0.32296285033226013
v 0.6267712116241455 15.392709732055664 -0.38361698389053345
v -0.14737792313098907 16.01848030090332 -0.5212612748146057
v -0.48601171374320984 15.141112327575684 -0.49305352568626404
v -0.3264853060245514 15.290966987609863 -0.3900722861289978
v -0.08417156338691711 16.032024383544922 0.005748681258410215
v 0.587957501411438 15.9832181930542 -0.1298041194677353
v 0.15784952044487 15.345534324645996 -0.7069723010063171
v 0.4091222882270813 15.471925735473633 0.5465967059135437
v -0.05958213284611702 16.03076934814453 0.2344450056552887
v -0.09544932097196579 16.01030158996582 -0.06252138316631317
v -0.6805664300918579 15.19726276397705 -0.12557269632816315
v 0.08247021585702896 15.055867195129395 -0.5041683912277222
v 0.08972936868667603 15.867897033691406 -1.2370376586914062
v -0.19606731832027435 15.415523529052734 -0.7872023582458496
v 0.3914761245250702 15.973965644836426 -0.46063676476478577
v -0.5294431447982788 15.903569221496582 0.3169142007827759
v -0.28480812907218933 15.125304222106934 -0.2617296278476715
v 0.4342011511325836 15.674016952514648 0.5598897337913513
v 0.6066905856132507 15.834391593933105 -0.3483983874320984
v 0.03666306659579277 16.226783752441406 0.10192335397005081
v -0.5400823950767517 15.784420013427734 -0.48825234174728394
v 0.4063318073749542 15.094608306884766 0.39916250109672546
v -0.1180218905210495 15.694222450256348 -1.0103600025177002
v 0.25504589080810547 15.132729530334473 0.5016818046569824
v 0.3001018464565277 14.862093925476074 0.23903632164001465
v -0.024326004087924957 16.042396545410156 0.33521395921707153
v -0.6160855293273926 15.859277725219727 0.17581142485141754
v 0.08325234800577164 15.65705680847168 -0.9493609070777893
v 0.258066326379776 16.02679443359375 0.17850247025489807
v -0.12094804644584656 16.20594596862793 0.15125395357608795
v -0.175075963139534 14.976517677307129 -0.11221302300691605
v -0.18756501376628876 16.170047760009766 0.08759864419698715
v -0.37230145931243896 15.26081657409668 0.5517517924308777
v 0.12236157059669495 15.687862396240234 0.997978687286377
v -0.1973446011543274 15.649635314941406 -0.7876249551773071
v -0.14652901887893677 15.06208610534668 0.5093154311180115
v 0.0810479149222374 16.041154861450195 -0.06992295384407043
v -0.1085321381688118 15.017582893371582 -0.38785669207572937
v -0.2128833383321762 16.22913932800293 -0.035350900143384933
v 0.6033473014831543 15.160514831542969 0.2133532017469406
v -0.17822256684303284 14.970582008361816 -0.0717347264289856
v 0.061201877892017365 15.049836158752441 0.49870163202285767
v -0.2258010059595108 16.053640365600586 -0.13521555066108704
v 0.17658832669258118 14.531119346618652 -0.003270836779847741
v -0.001139651401899755 15.439105987548828 1.0801376104354858
v 0.19332608580589294 15.489655494689941 1.1458954811096191
v -0.42439237236976624 15.034350395202637 -0.32234421372413635
v 0.6175910830497742 15.358960151672363 0.258745402097702
v 0.05940557271242142 15.670673370361328 1.0261733531951904
v 0.43437862396240234 15.792887687683105 0.5311028957366943
v -0.1743977963924408 14.981247901916504 0.20661614835262299
v -0.40615928173065186 16.026296615600586 0.225120410323143
v -0.20630234479904175 15.82915210723877 -0.7120680809020996
v -0.3300630450248718 14.729745864868164 -0.7017593383789062
v 0.15081307291984558 15.792048454284668 0.977664053440094
v 0.26440778374671936 14.71554183959961 0.2944556176662445
v -0.6521291136741638 15.234167098999023 0.3121800124645233
v 0.1941261887550354 15.572881698608398 -0.9686704874038696
v -0.31178775429725647 16.0346622467041 0.0887579619884491
v -0.01485536154359579 16.07862663269043 -0.1240985319018364
v -0.42992448806762695 16.048097610473633 -0.1629718393087387
v -0.004145323298871517 16.042644500732422 -0.17463280260562897
v -0.23595060408115387 14.841041564941406 -0.2693282961845398
v -0.24233901500701904 16.025531768798828 0.2198263704776764
v 0.6504084467887878 15.481958389282227 -0.35877707600593567
v 0.22671015560626984 15.309440612792969 0.9174352884292603
v 0.23712877929210663 15.053487777709961 0.4471299648284912
v 0.26385724544525146 15.124743461608887 -0.10980725288391113
v -0.5839036703109741 15.960348129272461 -0.26001089811325073
v 0.10730977356433868 15.703282356262207 0.9460810422897339
v -0.2534745931625366 16.04751968383789 -0.05969998240470886
v 0.10155913978815079 15.87671947479248 -1.3671337366104126
v -0.28343474864959717 15.14668083190918 -0.25986447930336
v 0.09879302233457565 16.067684173583984 -0.0840345025062561
v -0.7257364392280579 15.284128189086914 -0.13440385460853577
v 0.13314509391784668 15.25944709777832 0.8141233921051025
v -0.20209026336669922 16.11136245727539 0.009775353595614433
v -0.5998712182044983 15.085627555847168 -0.10042465478181839
v -0.44010651111602783 15.083345413208008 0.388916552066803
v 0.611390233039856 15.826876640319824 -0.34869515895843506
v 0.19498726725578308 14.896141052246094 0.25398027896881104
v 0.1738877296447754 15.177811622619629 0.5116559267044067
v -0.7683743834495544 15.60301399230957 -0.11059620976448059
v -0.6065226197242737 15.7508544921875 0.32041922211647034
v 0.1352400928735733 15.265045166015625 0.8295341730117798
v -0.47911155223846436 15.025727272033691 0.06621474027633667
v -0.5788675546646118 15.966536521911621 -0.25799232721328735
v 0.37853002548217773 16.029258728027344 0.2408512830734253
v -0.5687881708145142 15.313407897949219 -0.5641350746154785
v -0.07882257550954819 15.725695610046387 -1.3244434595108032
v -0.5788516402244568 15.428862571716309 -0.5729541778564453
v 0.276756227016449 15.667258262634277 -0.7331132292747498
v 0.09371145814657211 15.194818496704102 0.6069089770317078
v 0.6978046298027039 15.325580596923828 -0.21741437911987305
v 0.023599812760949135 16.21109962463379 0.21899531781673431
v -0.0351790226995945 16.045795440673828 -0.1623537391424179
v -0.3945796489715576 15.55026912689209 0.5694589018821716
v 0.25440865755081177 14.887630462646484 0.06458928436040878
v -0.7186275720596313 15.53039836883545 -0.35841116309165955
v 0.6714274287223816 15.80867862701416 -0.011557136662304401
v 0.06205453351140022 15.019571304321289 -0.13325044512748718
v 0.1898474544286728 15.6781644821167 -1.0460023880004883
v 0.03173801302909851 15.441200256347656 1.0124006271362305
v -0.27485576272010803 15.145546913146973 -0.4194433391094208
v 0.2528434991836548 14.62932300567627 0.0013339017750695348
v -0.010653289966285229 16.25905990600586 -0.044328559190034866
v -0.25669172406196594 15.012795448303223 -0.3026783764362335
v 0.30142951011657715 14.970033645629883 0.15865689516067505
v 0.22506104409694672 15.314604759216309 0.9294797778129578
v -0.2727011442184448 15.012152671813965 -0.28499671816825867
v -0.3401124179363251 15.020840644836426 0.2714344263076782
v 0.19868247210979462 15.515907287597656 -0.9288561344146729
v 0.08806364983320236 16.225421905517578 0.08546427637338638
v 0.20412303507328033 15.459477424621582 -0.8713816404342651
v -0.5128209590911865 15.070711135864258 0.27573341131210327
v 0.29766058921813965 15.02989387512207 0.010966065339744091
v 0.13732804358005524 15.555365562438965 1.063251256942749
v 0.5076137781143188 15.716268539428711 -0.5661545395851135
v 0.6447365283966064 15.866689682006836 -0.006718532647937536
v 0.2931247651576996 16.024133682250977 0.08216536790132523
v 0.1500948816537857 15.024096488952637 0.08823494613170624
v -0.15072858333587646 16.1420955657959 0.1315830945968628
v -0.39688393473625183 15.532991409301758 0.5710042715072632
v -0.11782419681549072 15.646821022033691 -0.9747762680053711
v -0.29394593834877014 14.793432235717773 -0.4585174024105072
v 0.11151321232318878 15.715386390686035 1.1369364261627197
v 0.1941075325012207 15.572653770446777 1.1701815128326416
v 0.10356064885854721 15.749889373779297 -1.3934111595153809
v 0.10404931008815765 15.412983894348145 1.0896146297454834
v 0.2706611752510071 15.002562522888184 0.1687365472316742
v 0.5501582026481628 15.698780059814453 0.40955859422683716
v -0.14371956884860992 14.987710952758789 -0.1787443310022354
v -0.2327505350112915 14.820404052734375 -0.43959522247314453
v -0.07218994200229645 16.03560447692871 -0.03589962050318718
v 0.25550633668899536 16.04939842224121 -0.3757605254650116
v 0.17673780024051666 16.125442504882812 -0.09155869483947754
v 0.11331930011510849 14.988885879516602 0.38648805022239685
v -0.17632116377353668 15.77746868133545 0.657052218914032
v 0.2660734951496124 15.053000450134277 0.14766885340213776
v -0.3781309127807617 15.27320671081543 -0.6712340116500854
v -0.7666723728179932 15.457573890686035 0.1264171302318573
v 0.1253945380449295 14.988165855407715 0.38284289836883545
v -0.4014442265033722 15.492691040039062 0.574053168296814
v 0.1805647313594818 16.027976989746094 0.03775640204548836
v 0.39572393894195557 15.054813385009766 -0.26067131757736206
v -0.03594624996185303 16.25737762451172 0.027034306898713112
v 0.37856894731521606 16.02926254272461 0.24077484011650085
v -0.18491309881210327 14.968964576721191 -0.37863391637802124
v -0.11660504341125488 15.583897590637207 -0.9260212182998657
v 0.038573119789361954 15.264124870300293 -0.7497056126594543
v -0.34927594661712646 14.683850288391113 -0.44564661383628845
v -0.3685626685619354 15.832313537597656 -0.620468020439148
v -0.02862657979130745 16.04220199584961 0.33458220958709717
v 0.08479294180870056 15.927543640136719 0.63475102186203
v 0.12148525565862656 15.469420433044434 1.0123766660690308
v -0.14239667356014252 16.077007293701172 -0.08633289486169815
v 0.08752448111772537 16.018770217895508 -0.0452103316783905
v 0.5402991771697998 15.548118591308594 0.41885295510292053
v -0.5794325470924377 15.134024620056152 0.29659610986709595
v 0.01874733157455921 15.360756874084473 1.0491162538528442
v -0.6508155465126038 15.221210479736328 -0.33393752574920654
v 0.6670645475387573 15.669046401977539 -0.3422808051109314
v -0.6959684491157532 15.22453784942627 -0.12901288270950317
v -0.1963646560907364 15.444281578063965 -0.7939960956573486
v 0.11619848757982254 15.721014976501465 -1.2828549146652222
v -0.27129068970680237 16.030366897583008 0.18107999861240387
v 0.02999630756676197 15.805306434631348 -0.7276394963264465
v -0.1785079687833786 15.045341491699219 -0.37050288915634155
v 0.18532347679138184 15.792810440063477 -1.2827339172363281
v -0.3151324987411499 15.0212984085083 0.29202142357826233
v -0.01689849980175495 15.33082389831543 0.6870816349983215
v -0.14838480949401855 16.239675521850586 -0.10698153078556061
v -0.015533298254013062 15.818681716918945 0.7606871724128723
v -0.029040735214948654 16.22970962524414 0.1358095109462738
v 0.17033220827579498 16.08428955078125 -0.039426255971193314
v 0.1425001621246338 14.687931060791016 0.17791758477687836
v -0.41083887219429016 16.02733612060547 0.2158147096633911
v 0.2643081247806549 15.1360502243042 -0.11811812222003937
v 0.2522961497306824 15.673779487609863 0.6891629695892334
v 0.22134877741336823 15.349677085876465 0.99440997838974
v -0.2251734584569931 14.986333847045898 -0.2562564015388489
v -0.28947383165359497 14.773110389709473 -0.715782642364502
v 0.40813973546028137 15.197336196899414 0.4427470266819
v -0.4209984838962555 16.029447555541992 0.19309699535369873
v 0.47845906019210815 15.839911460876465 -0.5434160232543945
v -0.13802330195903778 16.084121704101562 0.1408066749572754
v -0.2241126447916031 15.000652313232422 -0.2549698054790497
v -0.08486872166395187 15.810568809509277 0.7233971953392029
v -0.658732533454895 15.247572898864746 0.3143298625946045
v 0.11719264090061188 15.421102523803711 0.9662235379219055
v 0.17884622514247894 14.666556358337402 0.06964582949876785
v -0.39161163568496704 16.023269653320312 0.2513076663017273
v -0.7492648363113403 15.688888549804688 -0.09291115403175354
v 0.26418983936309814 15.133086204528809 -0.11593849211931229
v 0.19066393375396729 14.901902198791504 0.04337986558675766
v -0.44322913885116577 16.04252052307129 -0.11279632151126862
v -0.5576854348182678 15.850729942321777 0.3224111795425415
v -0.23947155475616455 14.793517112731934 -0.27359989285469055
v 0.32272854447364807 15.02624225616455 0.062177374958992004
v 0.27860236167907715 15.693589210510254 -0.7232522368431091
v 0.028253234922885895 15.917957305908203 -0.6727633476257324
v -0.3367757499217987 14.961636543273926 -0.33494746685028076
v 0.1768513172864914 16.036006927490234 -0.2879824936389923
v -0.395328551530838 15.544652938842773 0.5699611902236938
v -0.19939740002155304 14.796217918395996 -0.3970184028148651
v 0.12131122499704361 15.807909965515137 0.8954578042030334
v 0.21652746200561523 15.242228507995605 0.7436204552650452
v -0.13327114284038544 16.11486053466797 -0.10359799116849899
v -0.330764502286911 15.793756484985352 0.525517463684082
v 0.13647949695587158 14.595561027526855 0.029069937765598297
v 0.03190203756093979 15.400402069091797 1.0910409688949585
v 0.1303320974111557 16.05375099182129 0.09805592894554138
v 0.25315743684768677 14.856217384338379 0.08767417073249817
v 0.4289032518863678 16.047147750854492 -0.030152171850204468
v -0.6325471997261047 15.884501457214355 -0.27923712134361267
v -0.3389602601528168 14.933051109313965 -0.33730751276016235
v -0.08340149372816086 16.033178329467773 -0.005882258526980877
v 0.2650238275527954 15.73495864868164 0.6752316355705261
v 0.27814579010009766 15.059099197387695 -0.4234205186367035
v 0.13777098059654236 16.232776641845703 0.03181399032473564
v 0.18201114237308502 14.69562816619873 0.1187857836484909
v 0.14740565419197083 14.850092887878418 0.12418948858976364
v -0.03896443545818329 16.044736862182617 -0.2627108097076416
v 0.24272766709327698 15.646893501281738 1.1015688180923462
v 0.6858251690864563 15.82143783569336 -0.14942334592342377
v 0.26265013217926025 14.897171974182129 0.26581916213035583
v 0.005114202853292227 15.720561981201172 0.8925932049751282
v -0.2333296239376068 16.01813316345215 0.39221298694610596
v 0.503386914730072 15.14451789855957 0.29196885228157043
v -0.03663795068860054 16.25422477722168 -0.0953599214553833
v -0.07441962510347366 15.42944049835205 -0.9548184275627136
v 0.17862918972969055 16.028287887573242 0.042350221425294876
v -0.04798850417137146 15.28432559967041 0.7362891435623169
v 0.2031436711549759 15.47057056427002 -0.8844134211540222
v 0.18387341499328613 15.335761070251465 0.9928306937217712
v -0.11871529370546341 16.184247970581055 0.15424825251102448
v -0.6089094877243042 15.744333267211914 0.32007160782814026
v 0.6215722560882568 15.459205627441406 0.26746848225593567
v -0.2998678684234619 16.050586700439453 -0.12973496317863464
v 0.6997445225715637 15.576664924621582 0.12877875566482544
v -0.00018849231128115207 15.442057609558105 1.0822089910507202
v -0.7682053446769714 15.474902153015137 0.12827235460281372
v -0.3730773329734802 15.263245582580566 0.5523894429206848
v -0.026156887412071228 15.733232498168945 0.8071513175964355
v -0.5343671441078186 15.361433982849121 0.45767733454704285
v 0.40237680077552795 15.377618789672852 0.5171496868133545
v 0.07008626312017441 16.08846664428711 -0.10467518121004105
v 0.2556758224964142 16.026979446411133 0.18349167704582214
v -0.7199031114578247 15.490250587463379 -0.3603837788105011
v 0.2944676876068115 14.94005012512207 0.07702168822288513
v 0.1906903237104416 14.725991249084473 0.17058971524238586
v -0.45232850313186646 16.032316207885742 -0.017532307654619217
v 0.24445822834968567 16.048809051513672 -0.382997065782547
v 0.2775620222091675 15.678595542907715 -0.7290634512901306
v -0.6119787693023682 15.959078788757324 -0.04162978008389473
v -0.005646339152008295 15.264830589294434 0.8344510197639465
v 0.04147755354642868 15.262499809265137 0.8500888347625732
v 0.1688901036977768 16.0728759765625 0.07498583197593689
v -0.674262523651123 15.763586044311523 -0.3055821359157562
v 0.19062639772891998 15.155003547668457 -0.13974590599536896
v 0.3988492488861084 16.04261016845703 0.1623643934726715
v 0.19996145367622375 15.749128341674805 0.935484766960144
v 0.1760088950395584 16.220455169677734 0.13063944876194
v 0.3003407120704651 15.105430603027344 -0.04449622333049774
v -0.30767154693603516 14.769643783569336 -0.2927890121936798
v 0.2912447452545166 14.849257469177246 0.14370201528072357
v -0.5037664771080017 15.714730262756348 0.4442864954471588
v 0.009772402234375477 15.02795124053955 -0.3917277753353119
v 0.4107140600681305 15.054012298583984 -0.24946771562099457
v 0.2712717652320862 15.766702651977539 0.6641352772712708
v -0.11022640764713287 14.963080406188965 0.056400805711746216
v -0.16667068004608154 14.980810165405273 -0.1395072638988495
v -0.07231733947992325 16.016374588012695 -0.08361568301916122
v 0.6953760981559753 15.3676176071167 0.11088122427463531
v 0.3004266917705536 15.10785961151123 -0.04627319425344467
v -0.329389750957489 15.174949645996094 -0.39839407801628113
v 0.6488862633705139 15.746474266052246 -0.3456079363822937
v -0.7457253932952881 15.341853141784668 0.1196959987282753
v 0.3030413091182709 15.181465148925781 -0.1003764271736145
v 0.6544409990310669 15.18247127532959 0.08210280537605286
v 0.08868562430143356 14.983521461486816 0.12191521376371384
v 0.02922259457409382 15.684128761291504 1.1024348735809326
v -0.28884539008140564 14.775445938110352 -0.7272517085075378
v 0.6945295929908752 15.307879447937012 -0.21808208525180817
v 0.14645472168922424 14.748692512512207 0.27566948533058167
v 0.1362294703722 15.267687797546387 0.8368105888366699
v 0.18663157522678375 14.678879737854004 0.24110448360443115
v 0.13013213872909546 16.23721694946289 -0.008407232351601124
v -0.09952854365110397 14.99776840209961 -0.21888002753257751
v -0.39057493209838867 15.573664665222168 0.566595196723938
v 0.06328301131725311 15.607748985290527 1.156395673751831
v -0.1815124899148941 15.098189353942871 -0.64459228515625
v -0.09717316925525665 14.980907440185547 0.23884432017803192
v -0.7038763165473938 15.639148712158203 -0.33835843205451965
v -0.34121111035346985 14.702716827392578 -0.43226373195648193
v -0.17643320560455322 15.12161922454834 -0.2798825204372406
v 0.40478187799453735 15.290179252624512 0.4787798225879669
v 0.6047186851501465 15.7445650100708 0.26740410923957825
v -0.18931911885738373 16.019081115722656 0.4164942800998688
v 0.058584995567798615 15.060794830322266 0.5094910264015198
v 0.19066758453845978 14.878509521484375 0.06031190976500511
v -0.15897496044635773 16.042800903320312 0.019952142611145973
v -0.3045326769351959 14.818421363830566 -0.28852519392967224
v 0.07167964428663254 15.796360969543457 0.9566518664360046
v 0.17513737082481384 15.765843391418457 0.8580702543258667
v 0.049323879182338715 15.280447006225586 0.8812466263771057
v 0.08777836710214615 16.018583297729492 0.4561392366886139
v 0.5855587720870972 15.80821418762207 0.2619257867336273
v 0.3640490174293518 15.128942489624023 -0.5782058238983154
v 0.18231576681137085 14.615379333496094 0.13608387112617493
v 0.26905640959739685 15.188654899597168 0.044743020087480545
v 0.07361745089292526 16.000926971435547 -0.014684973284602165
v 0.02799798548221588 16.043363571166992 -0.27830299735069275
v 0.7022860646247864 15.540923118591309 0.12601718306541443
v 0.11136534065008163 15.488566398620605 1.1342899799346924
v 0.028326943516731262 15.754371643066406 1.0803730487823486
v -0.3344716727733612 14.971945762634277 -0.4129546880722046
v 0.4966491758823395 15.097851753234863 0.2606283724308014
v -0.16737830638885498 15.259625434875488 -0.266376793384552
v 0.08248978108167648 16.015491485595703 -0.13843370974063873
v 0.46807798743247986 15.051939964294434 -0.189273864030838
v 0.5327563285827637 15.423880577087402 0.3983100950717926
v -0.20759578049182892 15.767168045043945 -0.743735134601593
v -0.18746252357959747 16.21750259399414 -0.08180368691682816
v 0.23683348298072815 15.257818222045898 -0.7431968450546265
v 0.2508015036582947 16.027359008789062 0.1936652809381485
v 0.15244808793067932 14.729084968566895 0.21850188076496124
v 0.1364799439907074 15.112419128417969 -0.08018983155488968
v -0.3433774411678314 15.908333778381348 -0.5779366493225098
v -0.24251805245876312 15.508126258850098 0.6677674651145935
v 0.1200709119439125 15.695989608764648 -1.2214704751968384
v -0.00475637661293149 15.337173461914062 0.7647297382354736
v 0.08468329161405563 15.022871017456055 -0.11964143812656403
v -0.12479329109191895 16.222396850585938 0.14836089313030243
v 0.43742409348487854 15.712071418762207 0.5537362098693848
v 0.08920954167842865 15.828439712524414 -1.1242502927780151
v -0.1485942304134369 16.216108322143555 -0.12100731581449509
v 0.01893160305917263 15.814569473266602 0.8619322180747986
v 0.16167326271533966 15.784045219421387 1.0092949867248535
v -0.022924402728676796 15.420228958129883 0.7232493162155151
v 0.2804696559906006 15.928375244140625 0.5479210019111633
v 0.019238267093896866 15.770791053771973 1.0429414510726929
v -0.5694363117218018 15.6534423828125 -0.5274069309234619
v -0.10781347751617432 14.963187217712402 0.058603644371032715
v -0.2393961399793625 14.62584400177002 -0.3689253032207489
v -0.16862770915031433 15.113571166992188 0.5432304739952087
v 0.6998862028121948 15.574851036071777 0.12864179909229279
v 0.25471624732017517 14.656949043273926 0.049190785735845566
v -0.08244339376688004 15.864816665649414 -1.2283530235290527
v 0.09142148494720459 15.193761825561523 0.596013069152832
v 0.03684688359498978 15.014994621276855 -0.14430810511112213
v 0.6225227117538452 15.50717544555664 0.2704302668571472
v -0.11699485778808594 15.575789451599121 -0.9186310172080994
v 0.6209120154380798 15.435285568237305 0.26578888297080994
v -0.5521007776260376 15.861135482788086 0.32174554467201233
v -0.5167157649993896 15.227684020996094 0.43830540776252747
v 0.17036473751068115 15.797894477844238 -1.397842526435852
v -0.6769530773162842 15.488083839416504 0.3220863342285156
v 0.1860899180173874 15.353482246398926 0.8746285438537598
v 0.2617904245853424 14.6046781539917 0.11096471548080444
v 0.38762757182121277 16.046993255615234 -0.198680117726326
v 0.08909192681312561 15.028352737426758 -0.23246537148952484
v -0.0018792396876960993 16.233327865600586 -0.17485950887203217
v -0.002186813624575734 16.251296997070312 -0.15828225016593933
v -0.05149591714143753 15.345552444458008 -0.7343664169311523
v -0.19333873689174652 16.110593795776367 0.054568782448768616
v 0.13495208323001862 14.572134017944336 -0.008681364357471466
v 0.24766910076141357 15.580731391906738 1.121639370918274
v -0.16585533320903778 15.014878273010254 -0.3701574206352234
v -0.21326690912246704 15.417556762695312 -0.821244478225708
v 0.1340220868587494 15.374772071838379 -0.8696410655975342
v 0.2040206640958786 15.46076488494873 -0.8733159303665161
v 0.022722361609339714 16.063859939575195 -0.12056984752416611
v 0.023647131398320198 15.814144134521484 0.8720075488090515
v 0.4551016390323639 16.005693435668945 -0.2829551696777344
v 0.06859821826219559 15.647167205810547 1.0493165254592896
v 0.23804603517055511 16.20679473876953 0.006253949366509914
v -0.07522007077932358 15.599004745483398 -1.128362774848938
v -0.21598650515079498 15.110269546508789 -0.24511265754699707
v 0.6949242949485779 15.364466667175293 0.11054134368896484
v 0.0880277082324028 14.98645305633545 0.255484014749527
v 0.20573824644088745 15.078203201293945 -0.6366037130355835
v -0.7104750275611877 15.601236343383789 -0.34725692868232727
v 0.19091008603572845 15.637625694274902 -1.0128356218338013
v -0.277496874332428 16.031166076660156 0.17105790972709656
v -0.20666851103305817 15.118886947631836 -0.40785619616508484
v 0.014429920352995396 16.25429344177246 -0.05178268253803253
v -0.33286452293395996 15.012778282165527 -0.33072197437286377
v 0.1981687843799591 15.232551574707031 -0.0020507776644080877
v -0.7661778926849365 15.451984405517578 0.12581881880760193
v -0.04485350102186203 15.041572570800781 -0.5848270654678345
v 0.2896154224872589 14.803373336791992 0.17741140723228455
v 0.08623140305280685 15.695124626159668 -0.979143500328064
v -0.10998549312353134 16.056228637695312 -0.1256646066904068
v -0.5189361572265625 15.074830055236816 0.27795514464378357
v 0.00366983306594193 16.250852584838867 -0.1588389277458191
v -0.4946173131465912 15.029545783996582 -0.07064070552587509
v -0.2056637704372406 16.16950225830078 -0.011184271425008774
v -0.21873293817043304 15.073208808898926 -0.24844421446323395
v -0.001244526938535273 16.021106719970703 0.4608404338359833
v -0.42580047249794006 15.034491539001465 -0.31884706020355225
v 0.29993757605552673 14.848824501037598 0.2489587664604187
v -0.08243861794471741 15.001371383666992 -0.22877220809459686
v 0.5083308219909668 15.977224349975586 0.23159971833229065
v 0.30114901065826416 14.947164535522461 0.17566628754138947
v -0.2997507154941559 15.097070693969727 0.48013001680374146
v -0.686101496219635 15.365293502807617 0.3265855014324188
v -0.3376881182193756 14.843436241149902 -0.4221690595149994
v 0.3065756857395172 16.02210807800293 -0.14388132095336914
v -0.09166105836629868 15.80665397644043 0.6731054186820984
v 0.12190839648246765 15.440292358398438 -0.9463576078414917
v -0.3343060612678528 14.97854995727539 -0.41247978806495667
v 0.1952538937330246 14.924261093139648 0.23255975544452667
v 0.17352668941020966 14.617806434631348 -0.012932119891047478
v -0.5410189032554626 15.781367301940918 -0.48938754200935364
v 0.18989227712154388 15.332947731018066 0.8100070357322693
v 0.17449241876602173 15.317428588867188 0.9587953090667725
v -0.1502746194601059 15.832691192626953 0.6386621594429016
v -0.3238111138343811 16.042818069458008 -0.006903486326336861
v -0.19070184230804443 16.155290603637695 -0.05186116695404053
v 0.6022912859916687 15.276785850524902 -0.40909603238105774
v 0.17581667006015778 14.638824462890625 0.02262362278997898
v 0.19616228342056274 15.020406723022461 0.15939830243587494
v -0.006925092078745365 15.254724502563477 0.8057233095169067
v 0.07382810860872269 15.82580280303955 0.7220849990844727
v 0.28536853194236755 14.559616088867188 -0.04571628198027611
v -0.08901721984148026 15.762903213500977 0.8039752244949341
v -0.023279068991541862 15.387922286987305 0.7111907005310059
v -0.0011473862687125802 15.264901161193848 0.6566311120986938
v -0.07159902155399323 15.389387130737305 -0.894956111907959
v 0.3681405484676361 16.028413772583008 0.26125967502593994
v 0.05863913893699646 15.674837112426758 1.1530604362487793
v 0.1505669355392456 16.03682518005371 -0.29149284958839417
v 0.029151160269975662 15.684345245361328 1.1023143529891968
v -0.2459476739168167 14.70624828338623 -0.28145405650138855
v -0.020153051242232323 16.06257438659668 -0.11714671552181244
v -0.5850996971130371 15.985448837280273 -0.039893534034490585
v -0.04473577067255974 15.235987663269043 0.6812413334846497
v -0.47269970178604126 15.927712440490723 -0.42627251148223877
v -0.11509640514850616 14.98048210144043 0.23359280824661255
v -0.4384710490703583 15.940736770629883 0.40044105052948
v 0.5047677755355835 15.05301284790039 -0.11799050122499466
v 0.11086530238389969 16.013261795043945 -0.14206066727638245
v 0.39094969630241394 15.05632209777832 -0.34301549196243286
v -0.267550528049469 15.023395538330078 -0.512012779712677
v -0.31258636713027954 15.277923583984375 -0.30881425738334656
v 0.5394163131713867 15.53265380859375 0.4172224700450897
v 0.0625670775771141 16.070518493652344 -0.09733708202838898
v -0.08676114678382874 15.808541297912598 0.7032340168952942
v 0.25899019837379456 15.704619407653809 0.6832956671714783
v 0.13575059175491333 16.228654861450195 0.10559536516666412
v 0.02542819455265999 15.955513000488281 -0.6431998014450073
v 0.17289766669273376 15.03132152557373 -0.032263558357954025
v -0.06651574373245239 16.02973175048828 0.23135720193386078
v -0.1658446490764618 15.105857849121094 0.5391612648963928
v -0.3186045289039612 15.02376937866211 -0.48500484228134155
v 0.5126707553863525 15.20890998840332 0.3280462622642517
v 0.42901721596717834 16.047393798828125 -0.018543526530265808
v -0.048310182988643646 15.28420352935791 0.7354783415794373
v 0.10061275959014893 15.878344535827637 -1.339340090751648
v 0.08522404730319977 15.348128318786621 1.0120365619659424
v 0.23014989495277405 15.574631690979004 0.6973662376403809
v 0.14768001437187195 14.923946380615234 0.16535413265228271
v 0.6201178431510925 15.412651062011719 0.2640842795372009
v -0.2242707461118698 14.65520191192627 -0.5225855112075806
v 0.036427151411771774 15.754858016967773 0.7599459886550903
v -0.7620158791542053 15.387190818786621 -0.13397206366062164
v 0.14300110936164856 14.695677757263184 0.19029970467090607
v -0.10615389794111252 16.199954986572266 -0.1430666595697403
v 0.7271103858947754 15.669678688049316 -0.16567471623420715
v 0.04721362888813019 16.027359008789062 0.14826057851314545
v -0.00830735545605421 15.537572860717773 0.7514599561691284
v 0.2588757574558258 14.999736785888672 -0.017868774011731148
v 0.2663010060787201 15.519646644592285 -0.7693033814430237
v -0.22835008800029755 14.9435396194458 -0.26010939478874207
v 0.26446533203125 14.979780197143555 0.20317117869853973
v -0.21338099241256714 14.762696266174316 -0.6675195693969727
v 0.5350502133369446 15.45733642578125 0.40562111139297485
v -0.5395671725273132 15.090485572814941 0.28527161478996277
v 0.6670615673065186 15.556490898132324 -0.3449042737483978
v 0.302721232175827 14.743081092834473 0.2623332440853119
v 0.24687081575393677 16.011032104492188 -0.0658905953168869
v -0.09534307569265366 16.03545379638672 -0.08345234394073486
v 0.2827254831790924 15.785566329956055 -0.6832953691482544
v 0.05507155507802963 15.807384490966797 0.92336106300354
v -0.33527302742004395 14.939924240112305 -0.41525036096572876
v 0.13768430054187775 16.067733764648438 -0.07494719326496124
v -0.756925642490387 15.364654541015625 -0.13559433817863464
v -0.3446056842803955 15.18603801727295 0.5269525051116943
v 0.571114182472229 15.996618270874023 -0.12398569285869598
v 0.10812602937221527 15.815537452697754 0.8605720400810242
v -0.17614121735095978 14.975488662719727 -0.10541772842407227
v -0.19335228204727173 16.129961013793945 -0.04205838218331337
v -0.19235993921756744 16.069408416748047 -0.01025859173387289
v 0.5012620687484741 15.889781951904297 0.3584862947463989
v -0.04075641930103302 15.800880432128906 0.8737258315086365
v -0.3186318278312683 16.036590576171875 0.05617808550596237
v 0.25158998370170593 14.81684398651123 0.11660865694284439
v 0.03955680876970291 15.421773910522461 1.1072921752929688
v -0.2645043730735779 15.022253036499023 0.3260868191719055
v 0.1807628720998764 14.592537879943848 0.09830617904663086
v 0.17230527102947235 16.029287338256836 0.05496803671121597
v 0.14420001208782196 14.77971076965332 0.27649393677711487
v -0.12476019561290741 15.493081092834473 -0.783404529094696
v 0.1216779425740242 16.04749870300293 0.3211485743522644
v -0.07602358609437943 15.873257637023926 -1.2655881643295288
v 0.6647493243217468 15.74910831451416 0.12804417312145233
v 0.20602193474769592 16.039329528808594 0.2621009647846222
v -0.6314432621002197 15.840222358703613 0.17439231276512146
v 0.06672410666942596 15.835821151733398 0.693123459815979
v 0.27503567934036255 15.643692970275879 -0.7406977415084839
v 0.05527789145708084 16.210613250732422 0.21438740193843842
v -0.7200180292129517 15.493847846984863 -0.360495001077652
v -0.2034911811351776 15.749943733215332 -1.1738251447677612
v 0.12622490525245667 16.02276611328125 0.0037164632230997086
v -0.05503915995359421 15.752646446228027 0.9015599489212036
v 0.027202660217881203 15.939188957214355 -0.6587516665458679
v -0.11627301573753357 15.986869812011719 0.5292574763298035
v 0.2064371109008789 16.154905319213867 0.09901323169469833
v 0.20575439929962158 15.43897533416748 -0.840579092502594
v -0.3296469449996948 15.164679527282715 -0.39913150668144226
v 0.43620699644088745 15.697700500488281 0.5560598373413086
v 0.023005593568086624 15.380378723144531 1.0708935260772705
v -0.614208996295929 15.729853630065918 0.31929948925971985
v -0.2916865646839142 14.764891624450684 -0.6754168272018433
v 0.012367217801511288 15.32703971862793 0.9897947907447815
v 0.18853753805160522 15.438614845275879 1.005979299545288
v 0.17921863496303558 15.011672019958496 0.06513049453496933
v -0.3522363305091858 14.759465217590332 -0.35165145993232727
v 0.048470769077539444 16.225706100463867 0.10090645402669907
v 0.2783016264438629 15.059534072875977 -0.32516413927078247
v -0.08115804195404053 16.093292236328125 -0.1140323057770729
v -0.20087476074695587 15.185164451599121 -0.4008063077926636
v -0.5514197945594788 15.862404823303223 0.32166430354118347
v -0.1762634962797165 15.072132110595703 -0.3676545321941376
v 0.14959894120693207 14.797443389892578 0.16520968079566956
v -0.629135012626648 15.124509811401367 -0.11105984449386597
v -0.4280490279197693 16.048776626586914 -0.1693306863307953
v -0.11596475541591644 15.597216606140137 -0.9381616115570068
v 0.1898554116487503 15.721562385559082 1.1122092008590698
v 0.5205255150794983 15.268034934997559 0.35341018438339233
v -0.11700736731290817 15.76710033416748 0.6935225129127502
v -0.48619508743286133 15.980023384094238 0.2983291745185852
v 0.3031812012195587 14.752999305725098 0.27875569462776184
v 0.11994533985853195 16.22724723815918 0.12235678732395172
v 0.18291226029396057 16.14031410217285 -0.09370306879281998
v -0.21779292821884155 15.085868835449219 -0.24730435013771057
v 0.2748434543609619 15.943886756896973 0.5325934886932373
v 0.08865763992071152 16.037992477416992 -0.4279351830482483
v 0.019376356154680252 16.055482864379883 -0.117306649684906
v 0.009269182570278645 15.113837242126465 -0.6608195900917053
v -0.178670734167099 14.708257675170898 -0.5944092869758606
v -0.32979288697242737 15.158862113952637 -0.3995498716831207
v -0.06565285474061966 15.363179206848145 -0.8250026106834412
v -0.1924516260623932 16.139623641967773 -0.046010661870241165
v 0.007282235659658909 16.2299861907959 0.09626553952693939
v 0.5205478072166443 15.959615707397461 -0.3213322162628174
v 0.053630370646715164 16.121997833251953 0.2109101265668869
v 0.18653830885887146 15.195067405700684 0.5606755018234253
v -0.3856578469276428 16.022188186645508 0.2599591016769409
v 0.48682543635368347 15.81771469116211 -0.5502325892448425
v -0.004968857392668724 16.025569915771484 -0.3068651854991913
v 0.11472522467374802 15.599459648132324 1.1647957563400269
v 0.5855555534362793 15.808222770690918 0.2619248926639557
v 0.21952971816062927 15.723313331604004 0.9954187273979187
v -0.22562412917613983 14.652556419372559 -0.5088348984718323
v -0.20474150776863098 15.020848274230957 0.3554399013519287
v 0.025058742612600327 16.25312614440918 -0.0022873731795698404
v 0.2172979861497879 16.146671295166016 0.005692262668162584
v -0.06073348969221115 15.005704879760742 -0.2369440793991089
v 0.5964842438697815 15.97410774230957 -0.132089763879776
v -0.23774543404579163 15.576404571533203 0.6720057129859924
v 0.19068987667560577 14.729265213012695 0.16823536157608032
v -0.09086494147777557 16.060001373291016 -0.09773679077625275
v -0.3614051043987274 15.20915699005127 -0.6478862166404724
v -0.022375797852873802 15.378320693969727 0.9946818351745605
v 0.10242635756731033 16.165176391601562 -0.13893510401248932
v -0.10556729882955551 16.019723892211914 0.4470319151878357
v 0.5123854875564575 15.551340103149414 -0.5830156207084656
v 0.1778329610824585 14.549424171447754 0.027002684772014618
v 0.13591188192367554 15.12608528137207 -0.09081751108169556
v 0.11404842138290405 16.038183212280273 -0.2913172245025635
v 0.41612914204597473 16.04619598388672 -0.12204651534557343
v -0.027027741074562073 16.027599334716797 0.07988244295120239
v -0.32895171642303467 15.192471504211426 -0.39714011549949646
v 0.006244400981813669 15.625608444213867 0.7515584230422974
v 0.22218526899814606 14.983613967895508 0.34348616003990173
v 0.18542221188545227 15.416728973388672 0.9873981475830078
v -0.39558300375938416 15.029870986938477 -0.38805896043777466
v 0.632844865322113 15.785624504089355 -0.34722188115119934
v 0.13263504207134247 16.231576919555664 0.044127415865659714
v 0.42162656784057617 16.049184799194336 0.05481766164302826
v -0.03897353634238243 14.982621192932129 0.25142595171928406
v 0.14889028668403625 15.349105834960938 -0.7469582557678223
v 0.5227121710777283 15.290270805358887 0.3608711361885071
v -0.34422963857650757 15.906402587890625 -0.5793110728263855
v 0.11541157960891724 15.527283668518066 1.1492592096328735
v -0.08428565412759781 16.03278160095215 -0.0017243215115740895
v 0.19638954102993011 15.044334411621094 0.14117112755775452
v 0.1978732794523239 15.201386451721191 0.021689070388674736
v 0.11485534906387329 15.644852638244629 1.166670322418213
v 0.15935303270816803 16.027070999145508 -0.20184731483459473
v -0.092697873711586 16.054218292236328 -0.13680392503738403
v -0.20292426645755768 16.238292694091797 0.017410561442375183
v -0.23200878500938416 14.64018726348877 -0.4439759850502014
v 0.24699093401432037 16.01019859313965 -0.07338270545005798
v 0.20422199368476868 15.062747955322266 -0.6290034055709839
v -0.07115165144205093 14.981657028198242 0.24573583900928497
v 0.1417209953069687 16.147096633911133 -0.12325815856456757
v 0.13977840542793274 15.03320598602295 -0.018484150990843773
v -0.32841038703918457 15.21406364440918 -0.3955884873867035
v 0.082340769469738 15.343667030334473 1.004016399383545
v -0.09931480884552002 15.035429000854492 -0.5386014580726624
v 0.09479024261236191 15.195316314697266 0.6120421886444092
v -0.18113303184509277 15.014043807983398 -0.3738343417644501
v 0.5682463645935059 15.998738288879395 -0.12294899672269821
v -0.7540581822395325 15.377996444702148 0.12032456696033478
v -0.37843701243400574 15.636626243591309 0.5577799677848816
v -0.3367595970630646 15.024200439453125 -0.4694410562515259
v 0.48152709007263184 15.831770896911621 -0.5459158420562744
v -0.02792225405573845 16.257213592529297 0.021041391417384148
v 0.19475680589675903 14.871718406677246 0.2725648581981659
v -0.09860741347074509 15.27149486541748 0.6183195114135742
v 0.11694808304309845 16.037647247314453 0.11650127917528152
v -0.3907000422477722 16.054096221923828 -0.24311842024326324
v 0.2553878128528595 14.912130355834961 0.04651111736893654
v -0.2816053330898285 15.0111722946167 -0.2720435857772827
v -0.021129462867975235 15.819526672363281 0.723831057548523
v 0.18243815004825592 15.369327545166016 0.9234734773635864
v 0.05442706122994423 16.178678512573242 0.21730388700962067
v -0.29580628871917725 14.954178810119629 -0.2766708433628082
v 0.040475890040397644 16.11499786376953 -0.13688355684280396
v 0.5340469479560852 15.442276000976562 0.40248554944992065
v 0.14269694685935974 14.690957069396973 0.18278689682483673
v 0.19569841027259827 16.017393112182617 0.4295734465122223
v 0.2647249102592468 14.728995323181152 0.3167051374912262
v -0.13188910484313965 16.035343170166016 0.30489039421081543
v 0.12913662195205688 14.554109573364258 -0.04884957894682884
v -0.07414845377206802 15.67032527923584 -1.2207211256027222
v -0.177194744348526 14.711528778076172 -0.6114845275878906
v 0.2951822280883789 14.96013355255127 0.06223902478814125
v -0.17120864987373352 14.981096267700195 0.20842064917087555
v 0.04763244837522507 15.472603797912598 1.1289349794387817
v -0.3974682688713074 15.584999084472656 -0.6999948024749756
v 0.25905025005340576 15.704920768737793 0.6832155585289001
v 0.1276760995388031 15.681199073791504 1.0122218132019043
v 0.039249006658792496 16.045833587646484 0.24937212467193604
v 0.02359890192747116 16.03527069091797 0.1654253453016281
v -0.03132149204611778 15.043950080871582 -0.5313328504562378
v -0.07845835387706757 16.225322723388672 0.16217352449893951
v -0.3290551006793976 15.188337326049805 -0.3974359631538391
v 0.01675947569310665 15.814655303955078 0.8565158247947693
v 0.26332399249076843 15.438270568847656 -0.7770723104476929
v 0.2587522268295288 14.996631622314453 -0.015587220899760723
v 0.054790597409009933 15.807476997375488 0.9229276776313782
v -0.40182629227638245 15.487174987792969 0.5743054747581482
v 0.08916063606739044 15.826973915100098 -1.121170163154602
v -0.10098542273044586 16.03789520263672 -0.3038242757320404
v 0.6711346507072449 15.635391235351562 -0.3411482274532318
v 0.13290736079216003 15.198188781738281 -0.14700870215892792
v 0.005131719633936882 15.792753219604492 0.9731261730194092
v -0.32700833678245544 15.000585556030273 -0.18562892079353333
v -0.5524457693099976 16.00956916809082 -0.037812404334545135
v 0.08856186270713806 16.02621841430664 0.1070406436920166
v 0.2922976016998291 16.025821685791016 -0.19333192706108093
v 0.14216779172420502 14.975886344909668 0.026203038170933723
v -0.20132656395435333 14.657842636108398 -0.3322368562221527
v 0.226911261677742 16.030527114868164 0.08565196394920349
v 0.5918058156967163 15.858181953430176 -0.3474530279636383
v 0.015936851501464844 16.10684585571289 0.2104189693927765
v 0.0350307859480381 15.66209888458252 1.1124556064605713
v 0.2279641181230545 15.275355339050293 0.835374653339386
v -0.3973003923892975 15.022302627563477 0.21133121848106384
v 0.1571122109889984 16.031660079956055 0.07855910062789917
v -0.219741091132164 15.277945518493652 0.6160670518875122
v 0.6669089198112488 15.555670738220215 -0.3450245261192322
v -0.3417414128780365 14.896732330322266 -0.3403121829032898
v -0.089018814265728 15.762903213500977 0.8039711713790894
v 0.2549298405647278 14.660101890563965 0.05465250089764595
v -0.006326778791844845 15.335810661315918 0.7586365342140198
v 0.6201100945472717 15.412434577941895 0.2640681266784668
v 0.003304020268842578 16.24262046813965 -0.1799447238445282
v 0.09353082627058029 16.039342880249023 -0.2893941104412079
v 0.132328599691391 15.672541618347168 1.0283552408218384
v -0.18413233757019043 16.081119537353516 0.06151194870471954
v 0.20201370120048523 15.653322219848633 1.0529193878173828
v -0.2360570728778839 16.03911018371582 0.07037404179573059
v 0.729423999786377 15.573071479797363 -0.028394313529133797
v 0.6465432643890381 15.158493041992188 0.07695275545120239
v 0.17377465963363647 16.216318130493164 -0.03810678422451019
v 0.5501822829246521 15.726619720458984 0.4054361581802368
v 0.6213253736495972 15.44725513458252 0.2666859030723572
v 0.1824449747800827 15.366061210632324 0.9159831404685974
v -0.22909900546073914 14.86217212677002 -0.4351521134376526
v 0.3205987215042114 15.025164604187012 0.0705728679895401
v 0.07371868938207626 15.535204887390137 -0.794465184211731
v 0.36903050541877747 15.97144603729248 0.40418562293052673
v -0.3897130489349365 15.36817455291748 -0.6971954107284546
v -0.12443351000547409 15.017173767089844 0.47634267807006836
v -0.22294558584690094 14.984004020690918 0.17309080064296722
v 0.3258056640625 15.027799606323242 0.050047535449266434
v -0.035280484706163406 16.132875442504883 -0.1437380015850067
v -0.11716684699058533 15.26156234741211 0.5800922513008118
v 0.10794494301080704 16.2268009185791 0.13232746720314026
v -0.3265473246574402 15.945207595825195 -0.5503643155097961
v -0.3171004354953766 14.620126724243164 -0.34105971455574036
v -0.014616718515753746 15.796549797058105 0.9261015057563782
v -0.7272951602935791 15.279479026794434 0.11911952495574951
v 0.263836532831192 14.691347122192383 0.2544286847114563
v -0.12147469818592072 16.0194091796875 0.44280776381492615
v -0.32016628980636597 15.958296775817871 -0.5396095514297485
v 0.16463002562522888 15.305750846862793 0.932859480381012
v 0.25766459107398987 14.700550079345703 0.12454870343208313
v -0.14712414145469666 16.245237350463867 0.0025045941583812237
v 0.19068941473960876 14.738572120666504 0.3398273289203644
v 0.18668435513973236 16.04496955871582 -0.4099695086479187
v 0.250764399766922 14.598669052124023 -0.051769714802503586
v -0.03760218992829323 15.023293495178223 -0.393917977809906
v 0.073349229991436 15.733352661132812 0.8431317806243896
v -0.7647387385368347 15.55318832397461 0.13911138474941254
v 0.11922849714756012 16.210952758789062 -0.15329690277576447
v -0.35703012347221375 14.69680118560791 -0.35683050751686096
v 0.015537596307694912 16.151432037353516 -0.15311673283576965
v 0.36118805408477783 15.056841850280762 -0.28352460265159607
v -0.20789606869220734 15.700313568115234 0.6707326769828796
v 0.19065551459789276 14.95804500579834 0.0027432371862232685
v 0.09886650741100311 14.986568450927734 0.25417888164520264
v -0.5492914319038391 15.25324821472168 -0.5469829440116882
v 0.05200764536857605 15.484051704406738 -0.8084399700164795
v 0.1780422478914261 16.22376823425293 0.0026178869884461164
v 0.07538600265979767 16.2109432220459 0.20773406326770782
v 0.6232932209968567 15.564726829528809 0.2725871503353119
v 0.14617103338241577 14.861427307128906 0.2135440707206726
v 0.15400142967700958 16.046911239624023 0.30640846490859985
v 0.18282535672187805 15.361624717712402 0.9045010209083557
v -0.5698823928833008 15.650562286376953 -0.5280625820159912
v 0.03465746343135834 15.232977867126465 -0.7366964221000671
v 0.11556695401668549 15.405684471130371 0.9397682547569275
v -0.06132008507847786 14.976713180541992 -0.08191651850938797
v 0.5554406046867371 15.99254035949707 0.11470542848110199
v -0.11840624362230301 15.67927074432373 -0.9987698793411255
v 0.19068418443202972 14.769373893737793 0.1392340064048767
v 0.46445581316947937 15.870816230773926 -0.5309315323829651
v 0.028711184859275818 15.904841423034668 -0.6804752945899963
v 0.01366917509585619 16.02716636657715 -0.11210860311985016
v -0.6878001093864441 15.710485458374023 -0.31908056139945984
v -0.17402197420597076 15.1583833694458 -0.2762867212295532
v 0.5262267589569092 15.832396507263184 0.3803277015686035
v -0.034084200859069824 15.744970321655273 0.9682518839836121
v -0.22059862315654755 14.959521293640137 -0.42480823397636414
v -0.08399013429880142 16.030818939208984 0.01762736402451992
v 0.00804070569574833 16.02825355529785 -0.10905629396438599
v -0.12047269940376282 15.009864807128906 0.47122812271118164
v -0.20094597339630127 16.235267639160156 -0.019570669159293175
v 0.40814244747161865 15.13895034790039 0.41983070969581604
v 0.6307869553565979 15.843548774719238 0.1248096451163292
v 0.6674587726593018 15.558626174926758 -0.3445914685726166
v 0.08478566259145737 15.784209251403809 1.0089255571365356
v 0.02981044352054596 15.790800094604492 -0.7335519790649414
v 0.5145432949066162 15.053584098815918 -0.08218269050121307
v 0.00897980760782957 15.814892768859863 0.8361153602600098
v -0.11087977886199951 16.043867111206055 -0.42858830094337463
v -0.07330489903688431 15.658403396606445 -1.201147198677063
v 0.054824039340019226 16.210620880126953 0.21449841558933258
v 0.5437471270561218 16.011829376220703 0.11324922740459442
v -0.2962859570980072 14.750262260437012 -0.4633080065250397
v 0.007708790246397257 15.791426658630371 0.9821555018424988
v -0.06996674090623856 16.24448585510254 0.05244738608598709
v -0.027623210102319717 16.261375427246094 -0.03796914964914322
v -0.19435200095176697 14.848592758178711 -0.30660927295684814
v -0.1725900024175644 15.974371910095215 -0.5778725147247314
v -0.194534569978714 15.189902305603027 0.5809372067451477
v -0.31578484177589417 16.04789161682129 -0.07418166846036911
v 0.24982257187366486 14.982158660888672 0.32985755801200867
v -0.199987530708313 15.679173469543457 -0.7779688835144043
v 0.24680347740650177 16.009552001953125 -0.08028014749288559
v -0.5281099081039429 15.507596015930176 0.4578481912612915
v -0.5115349292755127 15.936346054077148 0.3103664219379425
v -0.19240862131118774 15.344822883605957 -0.7677581906318665
v -0.2009129822254181 16.1036434173584 0.013101339340209961
v -0.7637156248092651 15.630024909973145 -0.10549234598875046
v -0.5302129983901978 15.472787857055664 0.45974528789520264
v 0.23345699906349182 15.589913368225098 0.6969658732414246
v 0.15052825212478638 15.290751457214355 0.8960156440734863
v 0.26223087310791016 15.382085800170898 -0.7777312994003296
v -0.08236683905124664 15.01947021484375 -0.39216673374176025
v 0.14383511245250702 14.935820579528809 0.05739086493849754
v -0.08731532841920853 15.007893562316895 0.38934722542762756
v -0.3079341948032379 14.643606185913086 -0.46342188119888306
v 0.13358324766159058 15.737056732177734 0.7978305816650391
v 0.7012739777565002 15.416687965393066 0.11579877138137817
v -0.1410939246416092 15.844780921936035 -1.478992223739624
v 0.2579057216644287 14.975359916687012 4.51392334070988e-05
v -0.2938518822193146 14.756848335266113 -0.6359166502952576
v 0.08375829458236694 16.242250442504883 -0.06229570880532265
v 0.20402134954929352 15.061366081237793 -0.6284278631210327
v 0.7312151193618774 15.48051643371582 -0.19856761395931244
v -0.1774304360151291 15.106447219848633 -0.28136998414993286
v -0.27429088950157166 15.155956268310547 -0.4182882308959961
v 0.06438317894935608 15.739684104919434 0.8223757743835449
v 0.19209875166416168 15.386459350585938 1.0630781650543213
v 0.059414900839328766 16.063894271850586 -0.09447769075632095
v -0.36045554280281067 15.862340927124023 -0.6063571572303772
v 0.3702792227268219 15.969399452209473 0.40645626187324524
v 0.5189319252967834 15.053553581237793 -0.05581321939826012
v -0.11582951247692108 15.767163276672363 0.70145183801651
v -0.2900058329105377 16.015907287597656 0.35514166951179504
v -0.13883329927921295 16.01910400390625 0.43796712160110474
v -0.6640756130218506 15.798529624938965 -0.29756903648376465
v 0.1975279301404953 16.128585815429688 0.09508870542049408
v -0.3094845712184906 14.639595031738281 -0.44272977113723755
v -0.6994886994361877 15.659138679504395 -0.332894891500473
v 0.11361277103424072 15.52923583984375 -1.0244154930114746
v -0.17674657702445984 15.066380500793457 -0.3682677447795868
v 0.11499571800231934 15.39782428741455 0.921424388885498
v 0.1807549148797989 14.684107780456543 0.0992816761136055
v 0.023996565490961075 15.556793212890625 1.1200294494628906
v 0.08740664273500443 15.782034873962402 1.023814082145691
v -0.4514411389827728 16.030820846557617 0.034734807908535004
v -0.05060948058962822 14.982270240783691 0.24955503642559052
v -0.027966955676674843 15.242147445678711 0.7279710173606873
v 0.08597523719072342 15.754865646362305 0.6993322968482971
v 0.6675017476081848 15.665834426879883 -0.34215283393859863
v 0.11357295513153076 15.530080795288086 -1.0252187252044678
v -0.7378008961677551 15.31182861328125 -0.13580431044101715
v -0.0764288678765297 16.051727294921875 -0.145599827170372
v 0.38810351490974426 15.056385040283203 -0.3452128767967224
v -0.4954313039779663 15.028923034667969 -0.05699119344353676
v -0.47793346643447876 15.036192893981934 -0.16418029367923737
v 0.22495730221271515 16.165748596191406 0.006196392700076103
v -0.1507902443408966 16.142345428466797 0.1315310001373291
v 0.15736131370067596 14.555105209350586 -0.04828357324004173
v 0.19066940248012543 14.867711067199707 0.06811022758483887
v -0.25583282113075256 16.04645538330078 -0.04018973186612129
v 0.08957512676715851 15.312906265258789 0.6450632214546204
v 0.17722100019454956 15.752288818359375 1.0756398439407349
v 0.06699573993682861 15.034466743469238 -0.38538995385169983
v -0.20148877799510956 15.602849006652832 -1.0580672025680542
v -0.766671359539032 15.457561492919922 0.12641598284244537
v 0.15303093194961548 15.145845413208008 -0.005533053074032068
v -0.04745172709226608 16.04134750366211 0.33181631565093994
v 0.25870469212532043 15.333601951599121 -0.7727433443069458
v 0.09138030558824539 16.02518653869629 0.04889094829559326
v -0.16087819635868073 15.25560474395752 -0.348125159740448
v 0.1613490879535675 15.302443504333496 0.9249976873397827
v 0.31762468814849854 14.979497909545898 0.2903258800506592
v 0.05437314137816429 14.978429794311523 0.12461695075035095
v 0.2611227333545685 14.576408386230469 0.06411927193403244
v 0.08101720362901688 15.593733787536621 -0.9020929932594299
v 0.04848077893257141 15.102211952209473 0.5516671538352966
v 0.1426573544740677 14.964127540588379 0.03535814583301544
v -0.007272932678461075 16.211170196533203 0.21304653584957123
v 0.6077466607093811 15.181086540222168 0.2205045372247696
v -0.16720302402973175 15.180181503295898 -0.3561534881591797
v 0.546646773815155 15.927385330200195 -0.3357807993888855
v 0.6962535977363586 15.167767524719238 -0.049151696264743805
v -0.23997192084789276 15.379738807678223 0.6475012898445129
v 0.1678979992866516 16.02997398376465 0.06205384433269501
v 0.196171373128891 15.02136516571045 0.15866826474666595
v -0.05108869820833206 16.03565788269043 -0.06312106549739838
v -0.0779334083199501 15.731510162353516 -1.3361456394195557
v 0.11421927064657211 14.988077163696289 0.11645782738924026
v 0.11139468848705292 15.488883972167969 1.1344228982925415
v 0.19489307701587677 16.120763778686523 0.09300553053617477
v -0.5624688863754272 15.917766571044922 0.17267517745494843
v 0.10582582652568817 15.748173713684082 1.0917904376983643
v 0.190660297870636 14.928977966308594 0.02378271333873272
v -0.07801029831171036 16.148500442504883 0.1958838254213333
v -0.19628265500068665 15.436347961425781 -0.7921218276023865
v -0.36898013949394226 15.830657005310059 -0.6212018132209778
v 0.48775750398635864 15.407442092895508 -0.6089105606079102
v 0.11397380381822586 15.683984756469727 1.1583861112594604
v 0.02091263420879841 14.994619369506836 0.3994937539100647
v -0.1404445320367813 14.980364799499512 0.22349223494529724
v 0.1915520876646042 15.717126846313477 1.1164449453353882
v -0.08602485805749893 16.02470588684082 0.1374693214893341
v -0.3480522334575653 14.814173698425293 -0.3471306562423706
v 0.663087010383606 15.535126686096191 -0.34803393483161926
v -0.020422179251909256 14.979616165161133 -0.03375479206442833
v 0.23938621580600739 15.264823913574219 -0.7469882965087891
v 0.19093374907970428 15.37234878540039 1.0461126565933228
v 0.13776279985904694 15.081659317016602 -0.05619245767593384
v 0.4372054636478424 15.917989730834961 -0.5045469403266907
v -0.18411675095558167 15.941306114196777 -0.6215848922729492
v 0.6706956028938293 15.611274719238281 -0.3417034149169922
v -0.07341830432415009 14.965376853942871 0.08401649445295334
v -0.179843932390213 16.040206909179688 0.04891187697649002
v -0.05252351611852646 16.03438377380371 -0.3081394135951996
v -0.37123098969459534 15.241400718688965 -0.6604883670806885
v 0.2935715615749359 14.914758682250977 0.09556349366903305
v -0.23240257799625397 15.607352256774902 0.6729227304458618
v 0.2757905125617981 15.059151649475098 -0.42465344071388245
v -0.1165870726108551 15.01700210571289 -0.3865298330783844
v 0.7336884140968323 15.363730430603027 -0.03760651871562004
v 0.13327135145664215 16.217430114746094 0.1728164404630661
v -0.7159267663955688 15.565305709838867 -0.3546953499317169
v 0.43640264868736267 15.774040222167969 0.5373383164405823
v -0.12065503746271133 14.980456352233887 0.23137791454792023
v 0.14836817979812622 16.01481056213379 -0.056406985968351364
v 0.07838894426822662 15.826822280883789 0.7489192485809326
v -0.16986790299415588 16.109460830688477 0.10059637576341629
v -0.6353015899658203 15.132567405700684 -0.11314643174409866
v -0.023749757558107376 15.36693000793457 0.9638423323631287
v 0.07730970531702042 15.335617065429688 0.9894613027572632
v -0.18708443641662598 16.185789108276367 -0.06507843732833862
v -0.02553957886993885 15.32431411743164 0.86014324426651
v -0.4551411271095276 15.950520515441895 -0.41064026951789856
v 0.19067485630512238 14.827086448669434 0.0974608063697815
v -0.24263782799243927 15.501151084899902 0.6669655442237854
v 0.4021286070346832 16.046220779418945 0.14348863065242767
v 0.11895482242107391 15.691754341125488 0.988732635974884
v -0.008783276192843914 16.216293334960938 -0.16989544034004211
v -0.07583009451627731 15.684253692626953 -1.2448325157165527
v 0.26495420932769775 15.00204849243164 0.18629442155361176
v -0.17727094888687134 14.974396705627441 -0.09821067005395889
v -0.6586143374443054 15.817262649536133 -0.29327312111854553
v 0.13605521619319916 15.122637748718262 -0.0881367027759552
v 0.18011951446533203 15.012124061584473 0.06399847567081451
v -0.3923247158527374 15.398030281066895 -0.7036996483802795
v -0.004736584611237049 15.085905075073242 -0.634669303894043
v 0.3873109221458435 14.989009857177734 0.23693084716796875
v 0.350123792886734 14.981490135192871 0.26728740334510803
v -0.18787521123886108 15.276885032653809 -0.7445146441459656
v 0.7108157873153687 15.739832878112793 -0.1581423282623291
v -0.049641940742731094 16.04508399963379 -0.25964802503585815
v -0.3852020502090454 15.308307647705078 0.5618623495101929
v 0.12872643768787384 16.09977912902832 0.163394495844841
v 0.2618063688278198 14.605356216430664 0.11209309101104736
v 0.0053143990226089954 15.284576416015625 0.8967488408088684
v 0.25225746631622314 14.620688438415527 -0.013625071384012699
v 0.5750154852867126 15.081171035766602 0.18227867782115936
v -0.26280656456947327 15.012561798095703 -0.29598385095596313
v 0.1113903671503067 15.488837242126465 1.1344032287597656
v -0.34013983607292175 14.745508193969727 -0.4291936755180359
v 0.270313560962677 15.578900337219238 -0.7585169076919556
v 0.12375225126743317 15.428897857666016 -0.9371798634529114
v 0.07380399852991104 15.825801849365234 0.7219594120979309
v 0.1499185711145401 15.016797065734863 0.0938609167933464
v -0.07051727920770645 15.751626968383789 0.6990597248077393
v -0.11806067824363708 15.692712783813477 -1.0091893672943115
v -0.18288566172122955 14.993175506591797 -0.3760601580142975
v -0.5643490552902222 15.297139167785645 -0.5600200295448303
v -0.021952200680971146 15.356111526489258 0.9357643723487854
v 0.3873887062072754 16.0331974029541 0.213367760181427
v -0.1813647449016571 15.011273384094238 -0.3741283714771271
v 0.6634366512298584 15.753347396850586 0.1278892457485199
v -0.5207675695419312 15.07606315612793 0.27862057089805603
v -0.2829951047897339 14.995461463928223 -0.4361027181148529
v -0.7282090187072754 15.666448593139648 0.15589191019535065
v 0.4082052409648895 15.146556854248047 0.42290419340133667
v -0.09830813854932785 16.019866943359375 0.44895970821380615
v 0.047661568969488144 16.031885147094727 0.15350480377674103
v 0.40313389897346497 15.96280574798584 -0.47085586190223694
v -0.16342715919017792 15.225231170654297 -0.35135993361473083
v 0.20858080685138702 16.214038848876953 0.08925344794988632
v 0.010539290495216846 15.361480712890625 0.856644332408905
v -0.25476643443107605 16.04353141784668 0.011247250251471996
v -0.3853229582309723 15.3087739944458 0.5619556307792664
v -0.5799359083175659 15.465439796447754 -0.5678523778915405
v 0.6686174273490906 15.657638549804688 -0.3418263792991638
v 0.19532214105129242 14.931471824645996 0.22706732153892517
v -0.393485963344574 16.025218963623047 -0.3513120412826538
v 0.09957379102706909 16.038341522216797 -0.4267617464065552
v -0.19484283030033112 15.520191192626953 -0.8051862120628357
v 0.08778997510671616 15.719137191772461 0.8821254372596741
v 0.0242447629570961 15.966399192810059 -0.632828950881958
v 0.26449787616729736 15.488677978515625 -0.7729830741882324
v 0.03552558645606041 15.239884376525879 -0.7395810484886169
v -0.2338724285364151 16.018110275268555 0.39187902212142944
v 0.1630719006061554 16.1231746673584 0.1372177004814148
v -0.19655859470367432 15.517377853393555 -0.9937161803245544
v 0.13146480917930603 15.73808479309082 0.7931796908378601
v -0.23180438578128815 16.038475036621094 0.07912556827068329
v 0.09946436434984207 15.057122230529785 -0.49832698702812195
v -0.19655893743038177 15.517425537109375 -0.9937627911567688
v 0.5486705899238586 16.003707885742188 0.11386232823133469
v -0.33751124143600464 14.85051155090332 -0.42166265845298767
v 0.2601049244403839 14.53327751159668 -0.00727453175932169
v 0.1576138287782669 16.10234260559082 0.1269121617078781
v 0.1466740220785141 14.882264137268066 0.19748243689537048
v -0.3310956358909607 15.106781959533691 -0.4032807946205139
v 0.4819720685482025 15.387720108032227 -0.6119725108146667
v -0.38054123520851135 15.286169052124023 -0.6753711104393005
v 0.6771207451820374 15.705430030822754 0.12965665757656097
v -0.3059505522251129 14.796340942382812 -0.2904517352581024
v 0.3828217387199402 16.047470092773438 -0.20844605565071106
v 0.664107084274292 15.143036842346191 -0.2228919118642807
v 0.07874497771263123 15.557637214660645 -0.8549634218215942
v 0.07259667664766312 15.021108627319336 -0.12691037356853485
v -0.3168533742427826 15.130250930786133 0.497514545917511
v -0.10916775465011597 16.02639389038086 0.21006657183170319
v 0.17051829397678375 16.20012664794922 0.14648838341236115
v 0.2811999022960663 15.926036834716797 0.5502362251281738
v 0.02618575468659401 14.98497200012207 0.2579134404659271
v -0.2191026210784912 15.068228721618652 -0.24889248609542847
v -0.10855226963758469 15.034375190734863 -0.5386304259300232
v 0.6182864904403687 15.813616752624512 -0.34822162985801697
v -0.7741691470146179 15.553633689880371 -0.11865729093551636
v 0.1830817312002182 15.300333023071289 0.7286730408668518
v 0.0870649442076683 15.709479331970215 -0.9913890957832336
v -0.05711619555950165 15.8862943649292 -1.4166457653045654
v 0.13640214502811432 16.233840942382812 -0.13122528791427612
v 0.04738902673125267 16.046382904052734 0.247666135430336
v 0.22560065984725952 16.011375427246094 -0.152845099568367
v -0.10795076936483383 15.76764965057373 0.7483361959457397
v -0.398039847612381 15.022358894348145 0.21033547818660736
v 0.22591188549995422 15.410904884338379 -0.699627161026001
v 0.2565705478191376 14.68436050415039 0.09658972173929214
v -0.03261617198586464 14.982813835144043 0.25244832038879395
v 0.3779936134815216 15.055830001831055 -0.27286460995674133
v 0.012691853567957878 15.028243064880371 -0.39156362414360046
v 0.2800101041793823 15.71387767791748 -0.71538907289505
v -0.7644965052604675 15.43515396118164 0.12410076707601547
v 0.1277018040418625 16.022809982299805 0.009798103012144566
v 0.2248324155807495 16.217153549194336 -0.021803993731737137
v 0.1643913835287094 16.12912940979004 0.13971379399299622
v -0.5214256048202515 15.248536109924316 0.44186389446258545
v -0.5423722863197327 15.239631652832031 -0.5415540933609009
v 0.016026029363274574 16.15268325805664 -0.1535043865442276
v 0.07022776454687119 15.52802848815918 -0.7524486780166626
v 0.03713216260075569 15.413204193115234 1.1017783880233765
v 0.30227237939834595 15.159784317016602 -0.08446219563484192
v -0.029823433607816696 16.140155792236328 0.20666256546974182
v 0.670587956905365 15.605367660522461 -0.34183934330940247
v 0.019569728523492813 15.14805793762207 -0.6881904602050781
v 0.3030201494693756 16.020484924316406 0.04553879797458649
v 0.12866388261318207 15.347892761230469 0.7946287989616394
v -0.21964918076992035 16.018646240234375 0.4003589153289795
v -0.6284942626953125 15.891684532165527 -0.27764976024627686
v 0.24869783222675323 14.744303703308105 0.16999071836471558
v 0.5135122537612915 15.96766471862793 0.23407122492790222
v 0.04890414699912071 15.373372077941895 -0.7847694158554077
v 0.14507973194122314 14.905952453613281 0.08067413419485092
v 0.3103821277618408 16.019573211669922 -0.11983799189329147
v -0.6991444826126099 15.729409217834473 0.16180475056171417
v 0.13341717422008514 15.737136840820312 0.7974661588668823
v 0.14858999848365784 14.961747169494629 0.13629408180713654
v -0.35415175557136536 14.734465599060059 -0.3537203073501587
v -0.2749851942062378 15.278124809265137 -0.24838654696941376
v 0.07556959241628647 16.243024826049805 -0.06054330989718437
v 0.15173284709453583 16.02816390991211 -0.2045319825410843
v 0.08968114107847214 15.825236320495605 0.808361828327179
v -0.18899914622306824 14.68526554107666 -0.4748893678188324
v -0.13548853993415833 16.057086944580078 -0.10165973007678986
v -0.4010328948497772 15.39728832244873 0.573630690574646
v 0.06280139833688736 15.572726249694824 1.0710973739624023
v 0.2622479200363159 14.62403678894043 0.1429915428161621
v 0.4031355082988739 15.403579711914062 0.5268359780311584
v 0.21054956316947937 15.418054580688477 -0.7835055589675903
v -0.46274709701538086 15.03711223602295 -0.21771468222141266
v 0.5128083825111389 15.600133895874023 -0.5756052732467651
v 0.04903154447674751 15.37531566619873 -0.7853050827980042
v -0.1345866322517395 16.24500274658203 0.05217530205845833
v 0.6043307781219482 15.164511680603027 0.21479962766170502
v 0.1571035534143448 16.046661376953125 0.3044993281364441
v -0.20614902675151825 14.715721130371094 -0.4055885076522827
v 0.0538228303194046 15.807774543762207 0.9214617013931274
v 0.14749778807163239 14.847879409790039 0.12591026723384857
v 0.009053744375705719 15.642827987670898 0.7494861483573914
v 0.23183904588222504 14.557729721069336 -0.04678983613848686
v -0.2834620475769043 16.050857543945312 -0.16590926051139832
v 0.08774811029434204 15.800765991210938 -1.0797901153564453
v 0.29870593547821045 14.656621932983398 0.11900008469820023
v -0.04903532564640045 15.343113899230957 -0.7202712297439575
v -0.1815159022808075 14.70195198059082 -0.5614854693412781
v -0.23832838237285614 14.756584167480469 -0.4463838040828705
v -0.010491767898201942 15.413658142089844 1.0572974681854248
v 0.14506858587265015 14.81574821472168 0.24875380098819733
v 0.1368846595287323 16.040557861328125 -0.4217182993888855
v -0.12211953848600388 16.153057098388672 -0.12138155102729797
v 0.1478319764137268 14.83984375 0.1321643441915512
v 0.4289453327655792 16.047239303588867 -0.025852732360363007
v 0.181073859333992 16.052915573120117 0.1709805577993393
v 0.14047294855117798 15.633708000183105 1.0668411254882812
v 0.028952784836292267 15.897921562194824 -0.6845439672470093
v -0.23859785497188568 15.363146781921387 0.6437928676605225
v 0.2922682464122772 16.02582550048828 -0.19339869916439056
v -0.366183876991272 15.025818824768066 -0.43656158447265625
v 0.019644802436232567 15.391143798828125 0.9343729615211487
v 0.0011246122885495424 15.815796852111816 0.81536865234375
v 0.016809752210974693 16.09196662902832 0.20778048038482666
v -0.5436537861824036 15.094613075256348 0.28661680221557617
v -0.06286944448947906 15.883559226989746 -1.367374062538147
v -0.20570960640907288 16.159175872802734 -0.008477073162794113
v 0.15286827087402344 16.058975219726562 -0.03670541197061539
v 0.10926419496536255 16.03850555419922 0.12196207791566849
v -0.08797358721494675 15.762638092041016 0.806675136089325
v -0.4320198595523834 15.953652381896973 0.3961436450481415
v -0.205667644739151 16.174901962280273 -0.012789934873580933
v -0.22956342995166779 14.644868850708008 -0.46881306171417236
v 0.24591010808944702 15.282739639282227 -0.7566746473312378
v 0.19454865157604218 15.565895080566406 -0.9642534255981445
v 0.16873109340667725 16.036270141601562 -0.2895869016647339
v 0.30837130546569824 15.059463500976562 -0.31137141585350037
v -0.21682414412498474 16.022695541381836 0.24719589948654175
v -0.023568784818053246 15.371231079101562 0.9755833745002747
v 0.055565446615219116 15.073451042175293 0.5225028991699219
v 0.29459574818611145 14.943647384643555 0.07437364012002945
v -0.12107794731855392 15.525904655456543 -0.8562496900558472
v 0.19355905055999756 15.769195556640625 -1.1624661684036255
v 0.36576753854751587 15.97679615020752 0.39825230836868286
v -0.2957478165626526 16.015714645385742 0.35113364458084106
v 0.4224061965942383 15.571303367614746 0.5636934638023376
v -0.27862387895584106 15.076069831848145 -0.42715543508529663
v 0.33132651448249817 15.092601776123047 -0.5538421273231506
v -0.1256752908229828 16.1412410736084 -0.11523780226707458
v 0.06942584365606308 15.637255668640137 1.055241584777832
v -0.409323513507843 15.023224830627441 0.19514308869838715
v 0.25702691078186035 14.95329761505127 0.01625875011086464
v 0.20296621322631836 15.472550392150879 -0.8866362571716309
v 0.6647563576698303 15.544100761413574 -0.3467194736003876
v 0.6462343335151672 15.754752159118652 -0.34598612785339355
v 0.7195250391960144 15.238638877868652 -0.04420434683561325
v 0.19597505033016205 15.000568389892578 0.1745099276304245
v 0.5334538817405701 15.43382453918457 0.40056708455085754
v 0.29585835337638855 14.979131698608398 0.048255324363708496
v -0.6261271834373474 15.19334888458252 0.305656373500824
v 0.6009575128555298 15.150802612304688 0.2098390758037567
v -0.1355791985988617 15.868021965026855 0.6236474514007568
v 0.0688684806227684 15.527653694152832 -0.7225897312164307
v 0.14821302890777588 16.01708984375 0.4453752934932709
v 0.03269372135400772 16.038232803344727 -0.18989503383636475
v 0.10137737542390823 15.75024700164795 0.735272228717804
v 0.11762033402919769 15.426103591918945 0.9738898873329163
v 0.2561371624469757 14.677921295166016 0.08552297204732895
v -0.21519264578819275 14.672782897949219 -0.614811897277832
v 0.5269411206245422 16.033090591430664 -0.0002157982235075906
v -0.2788907289505005 15.056672096252441 0.46140235662460327
v 0.2601911425590515 14.536910057067871 -0.001233613584190607
v 0.20100702345371246 14.989666938781738 0.22481580078601837
v -0.17087799310684204 14.965619087219238 -0.03179014101624489
v 0.2707706093788147 15.26663875579834 -0.014404699206352234
v -0.2406085729598999 14.778182029724121 -0.2749786078929901
v 0.051845211535692215 15.493660926818848 1.1353548765182495
v -0.11917642503976822 16.189807891845703 0.1534629464149475
v 0.023379141464829445 15.762920379638672 1.0599523782730103
v 0.20297077298164368 15.633835792541504 1.0693470239639282
v 0.026765869930386543 15.173909187316895 0.6080951690673828
v 0.2617351710796356 15.071444511413574 -0.07063865661621094
v -0.49750423431396484 15.162527084350586 -0.5041898488998413
v 0.23839251697063446 15.24575424194336 0.5639998912811279
v 0.21163220703601837 14.990558624267578 0.21928516030311584
v 0.0009626354440115392 16.228181838989258 0.15193599462509155
v 0.23224923014640808 16.186914443969727 0.00746923079714179
v -0.3980339467525482 15.55665397644043 -0.7056757807731628
v 0.03613777831196785 16.0387020111084 0.15891464054584503
v -0.02152268774807453 15.245245933532715 0.7485595941543579
v -0.30531275272369385 14.650273323059082 -0.49840840697288513
v 0.12925946712493896 15.400480270385742 -0.9104679226875305
v -0.023716656491160393 16.229639053344727 0.13912366330623627
v 0.3787274956703186 15.14531135559082 -0.5883328914642334
v -0.3497028350830078 14.792625427246094 -0.3489144742488861
v 0.21466131508350372 15.408149719238281 0.6555238962173462
v 0.176589697599411 16.22821617126465 -0.11152689158916473
v 0.07670934498310089 16.226688385009766 0.15021157264709473
v -0.07295046001672745 15.407230377197266 -0.924791157245636
v 0.06200152635574341 15.311579704284668 0.5899844765663147
v 0.06291855871677399 15.665112495422363 1.0334391593933105
v -0.19697287678718567 15.644927978515625 -0.7890438437461853
v -0.08546920120716095 16.24825668334961 -0.13990424573421478
v 0.26636332273483276 15.741694450378418 0.6734409928321838
v -0.16323697566986084 15.22750473022461 -0.3511185646057129
v 0.028876572847366333 15.900103569030762 -0.683260977268219
v 0.0655939057469368 14.991678237915039 0.3962118923664093
v 0.408286452293396 15.156377792358398 0.4268724024295807
v -0.07125754654407501 15.758301734924316 0.8527694344520569
v -0.19293244183063507 15.019976615905762 0.35976073145866394
v -0.6816770434379578 15.454666137695312 0.32463791966438293
v -0.3294536769390106 15.172391891479492 -0.39857709407806396
v 0.437797874212265 15.731545448303223 0.5490943789482117
v -0.15988437831401825 14.983210563659668 -0.1542200893163681
v -0.33674106001853943 15.020859718322754 0.27455565333366394
v 0.7296863198280334 15.569499969482422 -0.028546735644340515
v -0.003220553742721677 16.106473922729492 -0.1343938410282135
v -0.16628007590770721 15.191214561462402 -0.3549818694591522
v -0.5022501349449158 15.039384841918945 -0.2974853217601776
v -0.3271281123161316 15.265294075012207 -0.3919147551059723
v -0.10136409103870392 16.245616912841797 -0.13346178829669952
v -0.3214742839336395 16.03838348388672 0.03565298020839691
v -0.2945416271686554 15.899964332580566 0.49567341804504395
v 0.23893144726753235 16.019588470458984 0.03227807953953743
v -0.33658361434936523 14.88758659362793 -0.41900596022605896
v -0.1943141222000122 16.191322326660156 0.08414730429649353
v 0.009476203471422195 16.0221004486084 -0.3054542541503906
v 0.11494498699903488 15.615443229675293 1.1669262647628784
v 0.12081573903560638 16.037866592407227 -0.2917573153972626
v 0.45166531205177307 15.052396774291992 -0.20927299559116364
v 0.10138988494873047 16.071943283081055 -0.08606421947479248
v -0.3762017488479614 15.797574996948242 -0.6344658136367798
v 0.29521363973617554 14.961014747619629 0.06158997863531113
v 0.05229656398296356 15.803049087524414 0.7103626132011414
v 0.21354293823242188 15.016593933105469 0.42405325174331665
v -0.2480526864528656 14.985095024108887 0.14899902045726776
v 0.4158506989479065 16.049888610839844 0.08451880514621735
v 0.05367131903767586 16.116491317749023 0.2092057317495346
v 0.4086586534976959 15.46772289276123 0.5455083847045898
v -0.1722138375043869 14.72263240814209 -0.6691203117370605
v 0.188330739736557 15.197210311889648 0.5672913193702698
v -0.6769852042198181 15.270699501037598 -0.34204715490341187
v 0.2331264466047287 15.703179359436035 1.0382384061813354
v 0.19338887929916382 15.764719009399414 -1.1533085107803345
v 0.25219330191612244 14.83199691772461 0.10547319799661636
v 0.2650911808013916 15.008255958557129 0.18157297372817993
v 0.04988670349121094 15.388362884521484 -0.7888996005058289
v 0.15229612588882446 16.017080307006836 0.44412246346473694
v -0.004876494407653809 16.228757858276367 0.1493677943944931
v 0.03558473661541939 15.457428932189941 1.0254675149917603
v 0.1338917315006256 15.375557899475098 -0.8717542886734009
v 0.6149163842201233 15.266674995422363 0.24378278851509094
v -0.11861929297447205 16.05683135986328 -0.1189996674656868
v -0.10647454857826233 16.232236862182617 0.14019402861595154
v 0.48047512769699097 15.052043914794922 -0.16895633935928345
v 0.5254791975021362 15.322450637817383 0.37087297439575195
v 0.4037206172943115 15.412725448608398 0.5297670364379883
v -0.07094394415616989 15.87873649597168 -1.303421974182129
v -0.05954857915639877 16.041263580322266 0.3294066786766052
v -0.27249300479888916 14.985846519470215 0.12061667442321777
v 0.41952428221702576 16.04625129699707 -0.10927900671958923
v 0.2794365882873535 15.705610275268555 -0.7185931205749512
v 0.19033224880695343 15.19957160949707 0.5749021768569946
v 0.028482096269726753 15.91140365600586 -0.6766168475151062
v 0.3010373115539551 16.02427864074707 -0.1679859608411789
v 0.06972773373126984 16.040712356567383 0.145669624209404
v -0.30309149622917175 14.655964851379395 -0.528054416179657
v -0.41251835227012634 15.0328950881958 -0.3510016202926636
v 0.06866578012704849 15.318634986877441 0.9615527987480164
v -0.6595060229301453 15.235565185546875 -0.3367401361465454
v 0.1598953902721405 15.344752311706543 -0.6976026296615601
v -0.21243597567081451 14.678077697753906 -0.6428183317184448
v 0.08477019518613815 16.242155075073242 -0.06251228600740433
v -0.47767719626426697 16.04712677001953 -0.21976497769355774
v -0.23953695595264435 15.373188018798828 0.6461137533187866
v 0.6792924404144287 15.697356224060059 0.12995649874210358
v 0.42210817337036133 16.04912757873535 0.05234091728925705
v 0.18592770397663116 16.227275848388672 -0.09950443357229233
v 0.1899712085723877 15.665712356567383 -1.03519868850708
v 0.06876382976770401 15.646553039550781 1.0498217344284058
v -0.30822300910949707 14.761068344116211 -0.29353827238082886
v 0.2905108332633972 14.559798240661621 -0.045613229274749756
v 0.1876339316368103 15.432902336120605 1.001340389251709
v -0.18856064975261688 16.22473907470703 -0.08645619451999664
v 0.06605163216590881 16.047733306884766 0.24200786650180817
v -0.451384961605072 16.03444480895996 -0.04460041597485542
v 0.22889934480190277 15.411275863647461 -0.6883612275123596
v 0.48811715841293335 15.052144050598145 -0.15601138770580292
v -0.13519792258739471 15.038426399230957 0.49225053191185
v -0.5781625509262085 15.4132661819458 -0.5730829238891602
v -0.7181879281997681 15.267723083496094 -0.133273646235466
v -0.48447272181510925 15.810056686401367 0.4322567582130432
v -0.07333230972290039 15.651355743408203 -1.191271185874939
v 0.11761964857578278 15.040780067443848 -0.376247376203537
v 0.17331580817699432 16.11797332763672 -0.09006723016500473
v 0.2683607339859009 15.157021522521973 0.06875040382146835
v 0.7333073616027832 15.35362720489502 -0.038083579391241074
v 0.19713664054870605 16.045822143554688 -0.4065053164958954
v 0.7026368975639343 15.437003135681152 0.11747973412275314
v -0.3672933578491211 15.228479385375977 -0.6554381847381592
v 0.6192520260810852 15.948440551757812 -0.1377773880958557
v -0.19980815052986145 15.581618309020996 -1.0453537702560425
v 0.22521187365055084 16.004348754882812 -0.5524969696998596
v 0.19283674657344818 15.419377326965332 1.0955547094345093
v -0.3460206985473633 15.189109802246094 0.5283925533294678
v 0.017383722588419914 15.995222091674805 -0.5971890687942505
v -0.18575552105903625 16.0541934967041 -0.18445242941379547
v 0.5452522039413452 15.903584480285645 0.2478722482919693
v -0.2911885678768158 16.05492401123047 -0.35715970396995544
v -0.3233967125415802 16.04364585876465 -0.01550373062491417
v -0.1946454793214798 15.903585433959961 -0.66103196144104
v 0.29822635650634766 14.646276473999023 0.10186944156885147
v -0.7518194913864136 15.367867469787598 0.12005043774843216
v 0.6613554954528809 15.525819778442383 -0.3493974208831787
v 0.49664801359176636 15.097843170166016 0.26062270998954773
v -0.008399718441069126 15.725794792175293 0.8533934354782104
v -0.3798365592956543 15.282380104064941 -0.6741614937782288
v -0.5306797027587891 15.4649019241333 0.4600890278816223
v -0.19744901359081268 15.199772834777832 0.5851303935050964
v 0.5919100046157837 15.244016647338867 -0.41280069947242737
v 0.09055017679929733 15.193360328674316 0.5918674468994141
v 0.12669171392917633 15.237393379211426 0.7656240463256836
v 0.19064733386039734 15.012067794799805 -0.03633755072951317
v -0.14648090302944183 16.056671142578125 -0.08650556206703186
v 0.08929803967475891 15.831082344055176 -1.12980318069458
v 0.09671507775783539 15.196406364440918 0.6224244236946106
v 0.0087730148807168 14.984301567077637 0.2566240131855011
v 0.11249258369207382 15.500831604003906 1.1394140720367432
v 0.13062351942062378 15.520007133483887 1.0452340841293335
v 0.33855223655700684 16.05150032043457 -0.2866569757461548
v 0.14228017628192902 15.278904914855957 0.8661959767341614
v -0.6715047955513 15.51949691772461 0.31973060965538025
v 0.10884127765893936 15.73983383178711 -1.3457952737808228
v 0.26331305503845215 15.436052322387695 -0.7772082686424255
v -0.23761814832687378 14.764711380004883 -0.4455193281173706
v 0.3284423351287842 15.030298233032227 0.029836826026439667
v -0.045882802456617355 16.257305145263672 0.036370500922203064
v -0.31959232687950134 15.023792266845703 -0.4841579794883728
v 0.17642225325107574 16.221492767333984 0.15072479844093323
v 0.2886335551738739 15.901750564575195 0.5742256045341492
v 0.17743802070617676 15.048738479614258 -0.3611569106578827
v 0.14261367917060852 14.689672470092773 0.18072418868541718
v 0.13879038393497467 15.355851173400879 -0.801957368850708
v -0.1778205782175064 15.10048770904541 -0.2819523811340332
v 0.26925456523895264 15.564339637756348 -0.7616527080535889
v -0.29454630613327026 14.75437068939209 -0.6232537031173706
v -0.5077178478240967 15.869454383850098 -0.4556070566177368
v -0.07422977685928345 15.759108543395996 0.8442205786705017
v 0.141387477517128 15.796269416809082 0.9535467624664307
v 0.3140837252140045 16.01700210571289 -0.05808567628264427
v 0.24604682624340057 15.616107940673828 1.1170772314071655
v 0.15998956561088562 16.110637664794922 0.13125868141651154
v 0.013778145425021648 15.782793045043945 1.016696810722351
v 0.04079165682196617 15.282809257507324 -0.7569994926452637
v 0.1975620537996292 16.018352508544922 -0.0831577405333519
v -0.3200318515300751 15.180560111999512 -0.31685736775398254
v 0.23252585530281067 15.704309463500977 1.0360615253448486
v -0.04271424561738968 16.044858932495117 -0.2616352140903473
v 0.1901516169309616 16.051298141479492 0.15896469354629517
v 0.016534481197595596 15.343728065490723 1.025101900100708
v -0.5804137587547302 15.518928527832031 -0.5578111410140991
v 0.1464376598596573 16.01663589477539 -0.04021839797496796
v 0.37178274989128113 14.985255241394043 0.25021499395370483
v 0.1902371495962143 15.060144424438477 -0.4634755551815033
v -0.20218592882156372 16.146446228027344 0.044711172580718994
v 0.3025883734226227 15.064157485961914 0.08850020915269852
v 0.6980885863304138 15.327115058898926 -0.21735648810863495
v 0.27723193168640137 16.0271053314209 0.12937752902507782
v 0.2494387924671173 14.762921333312988 0.15630890429019928
v 0.21202737092971802 16.21318244934082 0.08235099911689758
v 0.3021618127822876 15.029547691345215 0.11431732028722763
v -0.3932688236236572 15.409640312194824 -0.7057104706764221
v 0.06938853859901428 15.639754295349121 1.0539549589157104
v 0.2807278633117676 15.72421932220459 -0.7113807201385498
v -0.31723830103874207 16.047531127929688 -0.06742345541715622
v 0.05864300951361656 15.019073486328125 -0.13530223071575165
v 0.12907952070236206 15.059066772460938 -0.4878816306591034
v 0.03710099309682846 16.043121337890625 -0.2800182104110718
v -0.37795209884643555 15.787939071655273 -0.6378892660140991
v 0.24835249781608582 14.735625267028809 0.17636878788471222
v 0.23475736379623413 14.993728637695312 0.2030722200870514
v 0.04382553696632385 15.58019733428955 -0.804628849029541
v 0.1576736569404602 15.787321090698242 0.9971747398376465
v 0.08048918098211288 15.579940795898438 -0.8872259259223938
v 0.19488762319087982 15.560284614562988 -0.9607062339782715
v 0.14672520756721497 16.01639175415039 -0.04233751818537712
v -0.6170608997344971 15.107473373413086 0.09937244653701782
v -0.011194274760782719 15.795928001403809 0.9335044026374817
v -0.5794557929039001 15.900203704833984 0.17618975043296814
v -0.2154529094696045 15.415409088134766 -0.7647334337234497
v 0.10329356789588928 15.405885696411133 1.0834556818008423
v 0.45561692118644714 15.88685417175293 -0.522454023361206
v 0.007595042232424021 16.25570297241211 -0.04994861036539078
v -0.04421196132898331 16.041501998901367 -0.4335575997829437
v 0.18808595836162567 16.051666259765625 0.16169896721839905
v 0.05030188336968422 15.510546684265137 -0.8089886903762817
v 0.6683689951896667 15.239314079284668 0.09163486957550049
v 0.08601710200309753 16.025327682495117 0.05323338508605957
v -0.6983679533004761 15.664244651794434 -0.3314990997314453
v 0.4899239242076874 15.415657043457031 -0.6073532104492188
v 0.18270273506641388 15.381218910217285 0.9461811780929565
v 0.13885796070098877 15.286788940429688 0.5853235125541687
v -0.05981145054101944 15.35453987121582 -0.7852500081062317
v 0.013808402232825756 15.715988159179688 0.9167616367340088
v -0.033031120896339417 16.034252166748047 -0.07997825741767883
v 0.03072451986372471 15.701864242553711 -0.7694812417030334
v 0.1154925674200058 15.636045455932617 -1.1353952884674072
v -0.2007751166820526 16.140419006347656 0.04639986902475357
v 0.5286323428153992 15.36599349975586 0.38340163230895996
v 0.04860362783074379 16.25059700012207 -0.011852198280394077
v 0.3007977306842804 14.918672561645508 0.19691209495067596
v 0.28860124945640564 16.02542495727539 0.09650441259145737
v -0.27827876806259155 16.050668716430664 -0.17582421004772186
v 0.21807442605495453 15.36526107788086 0.6324649453163147
v 0.4130718410015106 15.503349304199219 0.5535776615142822
v 0.105624720454216 15.428363800048828 1.1013288497924805
v 0.2583545744419098 15.059542655944824 -0.4337809085845947
v 0.6764113903045654 15.27570629119873 0.09740187972784042
v 0.19719170033931732 15.129240036010742 0.07656965404748917
v -0.6483290195465088 15.150351524353027 -0.11708392947912216
v -0.19518987834453583 15.622343063354492 -0.795850396156311
v -0.12113266438245773 16.207326889038086 0.15107014775276184
v -0.26993775367736816 15.236326217651367 -0.40937814116477966
v 0.22793318331241608 15.037230491638184 0.43654298782348633
v -0.3691880702972412 16.055309295654297 -0.27464306354522705
v 0.19064460694789886 15.033228874206543 -0.05160318687558174
v -0.29496535658836365 14.752813339233398 -0.6156038045883179
v 0.19326762855052948 15.48785400390625 1.145061731338501
v 0.21630065143108368 14.98383903503418 0.34616968035697937
v -0.010718581266701221 15.733691215515137 1.0167851448059082
v -0.00013776079867966473 16.044145584106445 0.33700820803642273
v 0.6977559328079224 15.598685264587402 0.13022199273109436
v -0.2053920328617096 16.224239349365234 0.07578138262033463
v 0.26505181193351746 14.98129940032959 0.32220369577407837
v 0.2029084414243698 15.637674331665039 1.0670274496078491
v 0.7031790018081665 15.44508171081543 0.11814811825752258
v -0.20955610275268555 16.032852172851562 0.11534354835748672
v -0.4591865837574005 15.888824462890625 0.416053831577301
v 0.036678534001111984 15.41203784942627 1.1008470058441162
v -0.0425371415913105 16.021194458007812 0.4582560956478119
v -0.5432260632514954 15.937661170959473 0.16869400441646576
v -0.39647865295410156 15.4570894241333 -0.7116974592208862
v 0.19657154381275177 15.063652038574219 0.12649424374103546
v 0.03389398753643036 16.026702880859375 0.07773420214653015
v 0.13405780494213104 15.374556541442871 -0.8690630197525024
v 0.12627926468849182 15.236223220825195 0.763393223285675
v 0.00930740125477314 15.027904510498047 -0.3917539417743683
v 0.15297314524650574 15.143448829650879 -0.003685561241582036
v 0.10564655810594559 16.02481460571289 0.03733985871076584
v 0.22766950726509094 16.177865982055664 0.06254136562347412
v 0.21854761242866516 16.19671630859375 0.10715530067682266
v 0.24933777749538422 15.051786422729492 -0.1541711688041687
v 0.13147664070129395 15.02908992767334 -0.08471403270959854
v -0.1697489321231842 15.027974128723145 -0.5360193848609924
v 0.402359277009964 15.37293529510498 0.515221893787384
v 0.11736394464969635 15.71674633026123 -1.2707583904266357
v 0.033099573105573654 16.210433959960938 -0.16440734267234802
v 0.12031660974025726 16.070777893066406 0.1467934548854828
v 0.499148428440094 15.772638320922852 -0.5598152875900269
v -0.7587649822235107 15.652321815490723 -0.10076361894607544
v -0.6818656325340271 15.45331859588623 0.3247409760951996
v 0.5771580338478088 15.085478782653809 0.1841273009777069
v 0.19066643714904785 14.884431838989258 0.0560256652534008
v -0.36584773659706116 15.02078628540039 0.2472354918718338
v 0.3040871024131775 15.186015129089355 -0.002217304427176714
v 0.17556892335414886 14.636571884155273 0.018775762990117073
v -0.3233572542667389 15.002128601074219 -0.1959022879600525
v -0.4733676314353943 15.926844596862793 -0.42686718702316284
v -0.16116756200790405 16.018600463867188 0.05883773788809776
v -0.21527887880802155 15.415423393249512 -0.7714622616767883
v 0.03004453517496586 15.82146167755127 -0.7208613753318787
v 0.09588562697172165 16.039817810058594 0.13082963228225708
v -0.1920100599527359 16.05416488647461 -0.1778338998556137
v -0.11374326050281525 16.02519416809082 0.13391105830669403
v 0.36040249466896057 16.0498046875 -0.25098931789398193
v -0.27825579047203064 15.227209091186523 -0.2528291940689087
v 0.04907727241516113 15.529568672180176 -0.8093826174736023
v 0.46384793519973755 15.967843055725098 0.32914960384368896
v 0.13611026108264923 16.202592849731445 0.1793573945760727
v 0.26163825392723083 14.598259925842285 0.10029130429029465
v 0.12594416737556458 15.034707069396973 -0.22090530395507812
v 0.009356767870485783 15.644682884216309 0.7492231726646423
v -0.3173273801803589 14.98773193359375 0.04960983246564865
v -0.3017335832118988 16.033308029174805 0.12117039412260056
v 0.25205203890800476 14.617658615112305 -0.018873168155550957
v 0.2281058430671692 15.27587890625 0.8368706703186035
v -0.3309723436832428 15.111706733703613 -0.40292760729789734
v 0.20127934217453003 15.649222373962402 1.1601475477218628
v -0.16156704723834991 14.963714599609375 -0.009359301067888737
v 0.10303513705730438 15.755366325378418 1.0758709907531738
v 0.14503628015518188 16.15717124938965 -0.12777599692344666
v -0.04828948155045509 15.008188247680664 -0.24162934720516205
v -0.3714234232902527 15.258068084716797 0.551030158996582
v 0.05478377267718315 16.079601287841797 0.19657699763774872
v 0.3012393116950989 14.954523086547852 0.17019273340702057
v -0.20750966668128967 14.687634468078613 -0.6928649544715881
v -0.3043172359466553 14.652864456176758 -0.511694610118866
v 0.3582342267036438 16.0500431060791 -0.2548027038574219
v 0.27658766508102417 15.664948463439941 -0.7338564991950989
v 0.24164001643657684 15.229179382324219 0.5552602410316467
v -0.41090986132621765 15.023345947265625 0.19300714135169983
v -0.08384022116661072 15.86271858215332 -1.2220277786254883
v -0.41716268658638 16.02874183654785 0.20323944091796875
v 0.025382468476891518 16.21108627319336 0.2189837247133255
v 0.012509401887655258 16.03922462463379 -0.10776343196630478
v 0.10004515945911407 15.871232986450195 -1.4049054384231567
v -0.3169735074043274 15.023730278015137 -0.4864028990268707
v 0.13477736711502075 16.024307250976562 0.025708917528390884
v 0.038744423538446426 15.618988037109375 -0.7977892160415649
v 0.22038805484771729 16.206947326660156 0.11023422330617905
v -0.22149598598480225 14.983912467956543 0.17421963810920715
v -0.5362428426742554 15.79693603515625 -0.4835982322692871
v 0.12749478220939636 16.03968048095703 -0.4233092665672302
v 0.22712761163711548 15.556414604187012 0.6956047415733337
v -0.06206865981221199 16.036123275756836 -0.051251478493213654
v -0.5791832208633423 15.566180229187012 -0.5469715595245361
v -0.0005668175290338695 15.275162696838379 0.8667128682136536
v -0.2614438831806183 14.985556602478027 0.13505467772483826
v 0.255957692861557 14.926440238952637 0.03599558770656586
v -0.177846297621727 14.970181465148926 -0.06874475628137589
v -0.25684937834739685 16.045270919799805 -0.01606564410030842
v -0.10967575758695602 16.232851028442383 0.1375068575143814
v 0.08955647796392441 15.843562126159668 -1.1569629907608032
v -0.573337972164154 15.347909927368164 -0.5698078870773315
v -0.20721392333507538 15.730082511901855 -1.1493947505950928
v -0.08434116095304489 16.22500228881836 0.18782024085521698
v -0.1726132035255432 15.809976577758789 -1.2975178956985474
v 0.637793779373169 15.13415241241455 0.07129721343517303
v -0.35371699929237366 16.017837524414062 0.3000219762325287
v -0.07416266947984695 15.875306129455566 -1.279162049293518
v 0.6622431874275208 15.83009147644043 -0.009690308012068272
v 0.14288850128650665 14.95857048034668 0.0396798774600029
v 0.48120811581611633 15.030238151550293 0.11674651503562927
v -0.21884065866470337 15.667332649230957 0.6729850769042969
v -0.697495698928833 15.668218612670898 -0.3304130434989929
v -0.1116848811507225 16.12929344177246 0.16459771990776062
v 0.19062617421150208 15.157649040222168 -0.14166051149368286
v -0.37917330861091614 15.021393775939941 0.23227424919605255
v -0.25257062911987305 16.02711296081543 0.20736438035964966
v -0.012585865333676338 15.512442588806152 0.7492327690124512
v -0.013981095515191555 14.980320930480957 -0.02867959253489971
v -0.16501452028751373 15.20631217956543 -0.35337507724761963
v 0.3031309247016907 15.108314514160156 0.055657122284173965
v -0.2206341177225113 14.959115028381348 -0.4248514771461487
v -0.27472302317619324 16.016416549682617 0.3658091425895691
v -0.19378405809402466 16.12525177001953 -0.04007643833756447
v 0.09528185427188873 15.037968635559082 -0.3805648982524872
v -0.005759177263826132 15.26352310180664 0.830965518951416
v -0.1790638417005539 16.144968032836914 0.09104360640048981
v 0.1591046154499054 15.059975624084473 -0.4761185050010681
v 0.5003188848495483 15.042850494384766 -0.39046505093574524
v 0.5560516715049744 15.996570587158203 -0.002768981270492077
v 0.13433398306369781 14.562644958496094 -0.02397134341299534
v -0.19840529561042786 16.086994171142578 0.020790236070752144
v -0.6811738014221191 15.185698509216309 0.11244093626737595
v 0.22664396464824677 15.309647560119629 0.9179182052612305
v 0.5205439329147339 15.268183708190918 0.3534682095050812
v -0.09404851496219635 16.043228149414062 -0.43025267124176025
v -0.47567853331565857 15.025663375854492 0.07525928318500519
v -0.12651589512825012 16.13817596435547 -0.11370471119880676
v 0.08933466672897339 15.832178115844727 -1.1321074962615967
v -0.17003193497657776 14.965446472167969 -0.029752006754279137
v 0.11836742609739304 15.692414283752441 0.9871200919151306
v 0.425815224647522 16.04651641845703 -0.07294250279664993
v -0.1755746304988861 16.243389129638672 0.10952853411436081
v 0.5760357975959778 15.832391738891602 0.2587561011314392
v 0.1661103367805481 15.005292892456055 0.08079629391431808
v 0.05069158226251602 16.247238159179688 -0.11622126400470734
v -0.07514157891273499 15.44041919708252 -0.9683902263641357
v 0.7037845849990845 15.492335319519043 0.12186175584793091
v -0.29503872990608215 16.01573944091797 0.35162845253944397
v -0.05847127363085747 15.353009223937988 -0.7766911387443542
v 0.26832273602485657 15.915738105773926 -0.6151164174079895
v -0.017703833058476448 15.33461856842041 0.6887907981872559
v -0.2002563178539276 15.46621036529541 -0.9349501729011536
v -0.0399651899933815 16.257349014282227 0.030810507014393806
v 0.29494404792785645 14.5756254196167 -0.01528851967304945
v -0.19214291870594025 16.14260482788086 -0.04711083322763443
v 0.285449743270874 16.026378631591797 -0.20888204872608185
v 0.13974951207637787 14.64572525024414 0.10990571975708008
v -0.07549180835485458 15.873888969421387 -1.2691433429718018
v -0.6558916568756104 15.161099433898926 -0.11910795420408249
v -0.5584100484848022 15.849379539489746 0.3224973976612091
v 0.14164136350154877 14.988456726074219 0.01636817678809166
v 0.2697502672672272 15.220192909240723 0.020808663219213486
v -0.17545200884342194 15.967011451721191 -0.5876359343528748
v -0.02429085597395897 16.258586883544922 -0.10157828032970428
v 0.3013516962528229 15.133856773376465 -0.06540875881910324
v 0.6946501731872559 15.620932579040527 0.1308005154132843
v -0.3882884681224823 15.586804389953613 0.5649542808532715
v 0.027329830452799797 16.1861572265625 -0.16254369914531708
v 0.3134565055370331 16.017093658447266 -0.030452465638518333
v -0.008830140344798565 15.07923698425293 -0.6279157400131226
v -0.004723389632999897 15.27756404876709 0.6627157330513
v -0.19177550077438354 16.241249084472656 0.06018064543604851
v 0.022961005568504333 16.03664207458496 0.16736042499542236
v -0.3138844668865204 16.03502655029297 0.08080903440713882
v 0.5190399885177612 15.053459167480469 -0.052983857691287994
v -0.6810268759727478 15.459310531616211 0.32428303360939026
v 0.2038252353668213 15.597770690917969 1.0830715894699097
v -0.019457824528217316 16.065013885498047 -0.11827168613672256
v -0.48296669125556946 15.98539924621582 0.2966803014278412
v 0.6028989553451538 15.840452194213867 -0.3481575846672058
v 0.05153786391019821 16.14250373840332 -0.1462179273366928
v 0.26312559843063354 15.106363296508789 -0.09629970043897629
v 0.19066894054412842 14.872293472290039 0.06481177359819412
v 0.26292428374290466 14.652725219726562 0.19044621288776398
v -0.7033435106277466 15.351177215576172 -0.35028135776519775
v -0.009040119126439095 15.25145149230957 0.7926871180534363
v -0.7757490873336792 15.496268272399902 -0.12464087456464767
v -0.22535374760627747 14.905122756958008 -0.43059447407722473
v 0.1965087503194809 15.751924514770508 0.9257723093032837
v -0.004563232883810997 16.043956756591797 -0.2716231644153595
v 0.1948753297328949 14.884294509887695 0.2630045711994171
v 0.1148928850889206 15.395483016967773 0.9145795106887817
v -0.193431556224823 15.360244750976562 -0.7722711563110352
v 0.24464067816734314 16.04882049560547 -0.3828947842121124
v -0.19587337970733643 16.23432731628418 -0.03807902708649635
v 0.3136826455593109 16.017059326171875 -0.04041518270969391
v 0.6172798275947571 15.680667877197266 0.27046120166778564
v -0.4334007501602173 16.04684066772461 -0.15118643641471863
v -0.1947619616985321 16.23426055908203 -0.04114248603582382
v -0.4749738574028015 15.036675453186035 -0.1757054477930069
v 0.3004169166088104 14.887734413146973 0.21994420886039734
v 0.2997230589389801 14.831340789794922 0.2619626522064209
v 0.005287326872348785 15.284485816955566 0.8965234160423279
v 0.20486898720264435 15.5753173828125 1.0828734636306763
v -0.4189545512199402 15.033806800842285 -0.33584916591644287
v 0.6100955605506897 15.198689460754395 0.22599899768829346
v 0.7194790840148926 15.647040367126465 -0.02453712560236454
v -0.030828965827822685 15.316689491271973 0.6701907515525818
v -0.22286869585514069 15.017489433288574 -0.2534608244895935
v 0.05097595229744911 15.500077247619629 -0.8087719082832336
v 0.189840629696846 15.678842544555664 -1.0465906858444214
v 0.2534886598587036 14.638847351074219 0.017833702266216278
v 0.20870797336101532 16.03864288330078 0.2589026093482971
v -0.17715959250926971 15.061444282531738 -0.3687916696071625
v -0.22677798569202423 14.964722633361816 -0.25820252299308777
v -0.3288831114768982 15.195205688476562 -0.3969435691833496
v -0.2118682563304901 15.165797233581543 -0.24011696875095367
v -0.07280099391937256 16.10523796081543 0.19886651635169983
v -0.17931215465068817 15.077786445617676 -0.2841764986515045
v 0.09474610537290573 16.03302001953125 0.11383593827486038
v -0.20215590298175812 16.23569679260254 -0.013705604709684849
v -0.31046679615974426 15.854228973388672 0.5095565915107727
v 0.6203153133392334 15.418277740478516 0.26450809836387634
v 0.26620566844940186 15.058990478515625 0.14310961961746216
v -0.22879575192928314 15.626199722290039 0.6733716130256653
v -0.7306311726570129 15.294766426086426 -0.13513684272766113
v -0.1454535275697708 16.021194458007812 -0.5180298089981079
v 0.02863747626543045 14.98486614227295 -0.0006200579227879643
v -0.1437583565711975 15.015393257141113 0.37577390670776367
v 0.02667214162647724 16.251325607299805 -0.05399211868643761
v 0.010488558560609818 15.313639640808105 0.959510326385498
v -0.6359066367149353 15.833800315856934 0.17356900870800018
v 0.26348984241485596 15.115513801574707 -0.1030249297618866
v -0.40168944001197815 15.402482032775879 0.5741038918495178
v -0.3079499900341034 14.987174987792969 0.06709764897823334
v -0.23004242777824402 14.92073917388916 -0.26216208934783936
v -0.21696893870830536 15.013927459716797 -0.33898335695266724
v 0.008468170650303364 16.196382522583008 0.2204335480928421
v -0.3366563022136688 14.884687423706055 -0.4192144572734833
v -0.5761691331863403 15.598723411560059 -0.5397243499755859
v -0.23319824039936066 14.81528091430664 -0.4401399791240692
v 0.6096678376197815 15.195484161376953 0.22499871253967285
v -0.580886960029602 15.989581108093262 -0.03962145000696182
v -0.14804209768772125 16.239713668823242 -0.10727750509977341
v -0.029621532186865807 16.144996643066406 0.20656996965408325
v 0.0044776699505746365 16.027437210083008 0.08202659338712692
v 0.6560055017471313 15.188516616821289 0.08315201103687286
v 0.5145530700683594 15.861311912536621 0.3702830970287323
v 0.09823816269636154 16.117774963378906 0.19463872909545898
v -0.07187850028276443 15.74893569946289 -1.3757569789886475
v 0.0015063498867675662 16.26058006286621 -0.109959676861763
v -0.10853110998868942 16.049453735351562 -0.23648488521575928
v 0.18960154056549072 14.722575187683105 0.3133700489997864
v 0.1906905621290207 14.723149299621582 0.1726330816745758
v -0.29646989703178406 14.746856689453125 -0.4636838436126709
v 0.08077537268400192 15.726544380187988 0.8625289797782898
v -0.14907537400722504 16.01608657836914 -0.524111807346344
v 0.181826651096344 16.22756576538086 -0.10535834729671478
v -0.025176040828227997 15.741045951843262 0.9872461557388306
v 0.40791428089141846 15.210028648376465 0.44741591811180115
v -0.20295020937919617 15.218404769897461 0.5930449366569519
v -0.2755536139011383 15.269279479980469 -0.24915844202041626
v -0.046879690140485764 16.027599334716797 0.07265741378068924
v -0.008755521848797798 15.534941673278809 0.7512267231941223
v 0.09428542852401733 15.874823570251465 -1.2832610607147217
v -0.49248793721199036 15.026632308959961 0.014624422416090965
v -0.10464241355657578 15.766792297363281 0.7605381608009338
v 0.22917257249355316 15.29672622680664 0.890669047832489
v 0.05367632210254669 16.115812301635742 0.208995521068573
v 0.2813425362110138 15.030579566955566 -0.5129334330558777
v 0.10157279670238495 15.875028610229492 -1.3836917877197266
v 0.01617048867046833 16.102645874023438 0.2097708284854889
v -0.24225018918514252 16.017736434936523 0.38672783970832825
v 0.09107614308595657 14.983948707580566 0.1214042603969574
v 0.1351500004529953 15.3679780960083 -0.8513841032981873
v -0.2413216531276703 14.722349166870117 -0.4500249922275543
v 0.16980008780956268 14.583636283874512 -0.07078015804290771
v -0.07971879094839096 16.248069763183594 0.04051228612661362
v -0.18398025631904602 15.026654243469238 -0.5345990061759949
v -0.21550193428993225 15.116832733154297 -0.24452446401119232
v -0.219042107462883 14.977326393127441 -0.4229141175746918
v 0.08488690108060837 15.939273834228516 0.6268671751022339
v -0.7331997752189636 15.736593246459961 -0.08239676803350449
v -0.6842219233512878 15.433337211608887 0.32599127292633057
v -0.39700213074684143 16.053470611572266 -0.23252099752426147
v -0.5335903763771057 15.408742904663086 0.4606800675392151
v -0.5190346240997314 15.96817398071289 0.1562907099723816
v -0.210154190659523 15.188889503479004 -0.23803788423538208
v -0.5804318189620972 15.51804256439209 -0.5580147504806519
v -0.2769778370857239 15.023311614990234 -0.5084714293479919
v -0.01091240718960762 15.79588508605957 0.9341295957565308
v -0.11417084187269211 15.033734321594238 -0.5386480689048767
v 0.018283240497112274 15.695918083190918 0.741463303565979
v -0.2399415522813797 15.545289993286133 0.670095682144165
v -0.1826106160879135 15.796122550964355 -1.2579551935195923
v 0.04445023834705353 15.31899356842041 -0.7686353325843811
v 0.18073762953281403 16.035879135131836 -0.28721457719802856
v 0.10444197058677673 16.04487419128418 0.1252559870481491
v -0.18757537007331848 15.269603729248047 -0.7415808439254761
v -0.07520300894975662 15.599223136901855 -1.1285820007324219
v 0.5997197031974792 15.26656436920166 -0.4107396900653839
v -0.46042630076408386 15.025468826293945 0.11114557087421417
v 0.2017240971326828 15.486400604248047 -0.9021862745285034
v -0.034150172024965286 16.21430015563965 0.19683270156383514
v 0.1417328119277954 15.617100715637207 1.0732263326644897
v 0.029948532581329346 15.836941719055176 -0.714194118976593
v -0.5796773433685303 15.455936431884766 -0.56938636302948
v 0.061577700078487396 15.56517219543457 1.1525001525878906
v -0.12480933219194412 16.04448699951172 -0.4263922870159149
v -0.1411263346672058 16.2404727935791 -0.11250466853380203
v 0.15803766250610352 15.299031257629395 0.9167730212211609
v 0.1347944289445877 16.23404312133789 -0.13139794766902924
v 0.024568261578679085 16.211097717285156 0.2190622091293335
v 0.28856825828552246 14.773909568786621 0.19908832013607025
v 0.14623700082302094 14.864161491394043 0.21143677830696106
v -0.441813200712204 15.96741771697998 -0.39847803115844727
v 0.023679664358496666 15.406173706054688 0.9648594260215759
v -0.0705154612660408 16.042333602905273 -0.43257972598075867
v 0.7377235293388367 15.548529624938965 -0.18506450951099396
v -0.011510265991091728 16.232234954833984 0.08826793730258942
v -0.023685602471232414 15.73216438293457 0.8131767511367798
v -0.7189542651176453 15.460531234741211 -0.3594641089439392
v -0.4108521640300751 15.02334213256836 0.1930849403142929
v -0.7713297605514526 15.433183670043945 -0.13051344454288483
v -0.3523574769496918 14.757883071899414 -0.3517823815345764
v 0.30703499913215637 15.046792984008789 -0.08947301656007767
v 0.5048512816429138 15.04180908203125 0.06329528987407684
v -0.060805149376392365 16.178335189819336 -0.15137092769145966
v 0.2828751802444458 15.791979789733887 -0.6802467703819275
v 0.1906721293926239 14.847311019897461 0.08282168954610825
v 0.15422391891479492 16.18362808227539 -0.13767455518245697
v 0.635095477104187 15.127819061279297 0.06957826018333435
v 0.19065983593463898 14.932685852050781 0.021098492667078972
v -0.08063367009162903 15.810773849487305 0.760007381439209
v 0.5781053304672241 15.968576431274414 -0.003837528172880411
v -0.10567979514598846 16.040735244750977 0.31604495644569397
v 0.6610056161880493 15.523940086364746 -0.3496728241443634
v 0.6171335577964783 15.348026275634766 0.25730809569358826
v 0.3585761785507202 15.05705738067627 -0.3680347800254822
v -0.026914333924651146 15.741843223571777 0.9837190508842468
v 0.7036387920379639 15.503832817077637 0.12280381470918655
v -0.016995184123516083 15.065935134887695 -0.6144450306892395
v -0.07734965533018112 16.134489059448242 0.1976996809244156
v -0.01416127197444439 15.24811840057373 0.7726427316665649
v 0.5456269383430481 15.144392013549805 -0.40962690114974976
v 0.1471501737833023 14.759371757507324 0.2928774654865265
v -0.0024215891025960445 16.02495765686035 -0.3066164255142212
v -0.34265604615211487 14.884780883789062 -0.3413003087043762
v -0.2972010672092438 15.892389297485352 0.49801480770111084
v 0.05985032767057419 15.055496215820312 0.5042743682861328
v -0.17939382791519165 15.143412590026855 0.5589718222618103
v -0.3053964674472809 14.804969787597656 -0.28969883918762207
v -0.21373258531093597 16.208486557006836 0.03081096149981022
v 0.6919370889663696 15.640369415283203 0.1313060075044632
v -0.2877659201622009 15.917217254638672 0.4888198971748352
v 0.20377087593078613 15.22196102142334 0.6649376749992371
v 0.12263479083776474 16.229650497436523 0.05890234559774399
v 0.18693505227565765 16.015655517578125 -0.10903263092041016
v 0.428670734167099 16.047813415527344 0.00031813394161872566
v -0.20525404810905457 15.734353065490723 -0.7570990324020386
v 0.17662586271762848 15.696477890014648 0.964663565158844
v 0.5070102214813232 15.725924491882324 -0.5655686259269714
v 0.21135148406028748 16.01828956604004 0.42196211218833923
v -0.18824057281017303 15.926703453063965 -0.6370833516120911
v 0.010550210252404213 15.313979148864746 0.9603434205055237
v 0.2647046446800232 15.145950317382812 -0.1254439353942871
v 0.22854173183441162 16.21077537536621 0.03023630753159523
v 0.14722546935081482 14.905117988586426 0.1798669844865799
v -0.14144836366176605 16.02684211730957 -0.5113041400909424
v 0.019110869616270065 16.048805236816406 0.18388205766677856
v -0.11685813218355179 15.994207382202148 0.5195841193199158
v -0.04534761980175972 16.257308959960938 0.035867735743522644
v 0.24805380403995514 15.548011779785156 1.1177674531936646
v 0.018846292048692703 15.145654678344727 -0.686268150806427
v 0.5017564296722412 15.133042335510254 0.28447720408439636
v 0.302378386259079 15.162786483764648 -0.08665775507688522
v -0.517460823059082 15.925765991210938 0.3129587471485138
v 0.1906500607728958 14.992398262023926 -0.022121576592326164
v -0.5940465331077576 15.084311485290527 0.09461278468370438
v -0.6343438625335693 15.12607192993164 0.10265862196683884
v -0.17499394714832306 16.107152938842773 -0.07133570313453674
v 0.6152887940406799 15.287508964538574 0.2476588636636734
v -0.5728399753570557 15.822160720825195 0.3230370283126831
v 0.059278856962919235 15.296932220458984 0.9269564151763916
v 0.15574973821640015 16.22024917602539 0.15192461013793945
v 0.11184535920619965 15.711984634399414 1.139946699142456
v 0.7253780364990234 15.273488998413086 -0.04214005172252655
v 0.17731723189353943 15.295845985412598 0.7010896801948547
v 0.20365780591964722 14.556736946105957 -0.04735493287444115
v 0.24092772603034973 16.048612594604492 -0.38497671484947205
v 0.5085235238075256 15.701717376708984 -0.5670375823974609
v -0.3398898243904114 14.755485534667969 -0.4284771680831909
v 0.6555207371711731 15.186643600463867 0.08282691985368729
v 0.30343419313430786 15.192505836486816 -0.10850325226783752
v 0.5321512222290039 15.415255546569824 0.39635226130485535
v 0.2503560483455658 14.785883903503418 0.139383926987648
v 0.1936921328306198 14.556385040283203 -0.047554902732372284
v 0.2621093988418579 14.618189811706543 0.1332690715789795
v -0.18405146896839142 15.136791229248047 -0.667023241519928
v 0.004133014008402824 15.027387619018555 -0.3920447826385498
v -0.013314533978700638 15.313936233520508 0.6794739365577698
v -0.03029230237007141 16.120704650878906 0.20606379210948944
v -0.479035347700119 15.827982902526855 0.4290567934513092
v 0.08751879632472992 16.039793014526367 -0.28851720690727234
v -0.46270114183425903 15.878547668457031 0.41851305961608887
v 0.25047481060028076 14.788846015930176 0.1371922343969345
v 0.11830099672079086 15.46530818939209 -0.9668437242507935
v 0.1318158358335495 16.06083106994629 -0.0716785341501236
v -0.6315813660621643 15.677824020385742 0.317386269569397
v -0.2401854395866394 15.541834831237793 0.669883668422699
v 0.40708300471305847 15.110760688781738 0.4068848490715027
v 0.09862808883190155 15.197542190551758 0.6330621242523193
v -0.003014897694811225 14.983847618103027 0.2557508647441864
v 0.09229506552219391 16.05767822265625 -0.07895248383283615
v 0.670333206653595 15.59136962890625 -0.34216171503067017
v -0.2850496172904968 15.121541976928711 -0.262057900428772
v -0.3408549726009369 14.908304214477539 -0.3393545150756836
v -0.29811081290245056 14.741132736206055 -0.5582406520843506
v -0.18364617228507996 15.011738777160645 -0.29064202308654785
v 0.19068759679794312 14.746805191040039 0.15557000041007996
v -0.6616253852844238 15.806934356689453 -0.29564160108566284
v 0.211618110537529 16.0183048248291 0.42183244228363037
v -0.036938246339559555 15.289823532104492 0.7670158743858337
v 0.20589931309223175 15.080550193786621 -0.6378679871559143
v -0.5766895413398743 15.593104362487793 -0.5409754514694214
v -0.24304676055908203 15.477351188659668 0.6642287969589233
v 0.36205366253852844 16.02791976928711 0.2732166349887848
v -0.18799646198749542 14.945425987243652 -0.29712963104248047
v 0.2482922077178955 14.734114646911621 0.17747919261455536
v -0.33276498317718506 15.040121078491211 -0.40806445479393005
v 0.6727999448776245 15.721491813659668 0.12906016409397125
v -0.2942802608013153 16.055021286010742 -0.3544803559780121
v -0.27728381752967834 15.242345809936523 -0.2515084743499756
v -0.17406690120697021 14.718461036682129 -0.6476772427558899
v -0.035680193454027176 14.982721328735352 0.2519555687904358
v 0.14738358557224274 15.28524112701416 0.6222856640815735
v -0.127537801861763 16.038545608520508 -0.2996346950531006
v 0.5217992663383484 15.279953956604004 0.3576240837574005
v 0.05392497777938843 16.141681671142578 0.21533924341201782
v 0.01491016335785389 15.711705207824707 1.0758064985275269
v -0.15635307133197784 14.980392456054688 0.2168256938457489
v -0.6770732402801514 15.487390518188477 0.3221381902694702
v -0.3776852488517761 15.021326065063477 0.23394496738910675
v -0.2203647643327713 14.662773132324219 -0.5622649788856506
v -0.19604775309562683 14.822760581970215 -0.3091391324996948
v 0.7325709462165833 15.34145736694336 -0.0386652834713459
v -0.19216622412204742 14.881856918334961 -0.30335015058517456
v 0.485122412443161 15.398051261901855 -0.6105070114135742
v 0.7339239120483398 15.490715026855469 -0.03180242329835892
v 0.5441809296607971 16.011476516723633 -0.0018958532018586993
v -0.10966051369905472 16.038156509399414 -0.30269473791122437
v 0.3027946949005127 14.744664192199707 0.26495397090911865
v -0.1693575233221054 16.13698387145996 -0.08506210148334503
v 0.18026170134544373 14.585163116455078 0.08611036837100983
v 0.008229072205722332 15.302905082702637 0.9341439008712769
v -0.20555968582630157 16.14948844909668 -0.005660677794367075
v 0.19778728485107422 15.192276954650879 0.028628142550587654
v -0.22172893583774567 15.024398803710938 -0.5267418622970581
v -0.02908032014966011 15.315337181091309 0.8394773006439209
v 0.15876473486423492 15.713663101196289 0.9029310345649719
v -0.02305123209953308 15.059786796569824 -0.6073440909385681
v 0.047471608966588974 15.504365921020508 1.0520882606506348
v 0.01423472911119461 16.25794219970703 -0.11201987415552139
v -0.14945359528064728 16.212495803833008 -0.11930747330188751
v -0.07292145490646362 15.746005058288574 -1.3689968585968018
v -0.4036003053188324 15.448491096496582 0.5754659175872803
v 0.10110983997583389 15.057243347167969 -0.49776142835617065
v 0.14002910256385803 16.019834518432617 -0.015742145478725433
v -0.014887893572449684 14.998111724853516 0.39862245321273804
v -0.24113579094409943 15.397270202636719 0.6512140035629272
v -0.5112619996070862 15.936833381652832 0.3102472126483917
v 0.11453913152217865 15.587996482849121 1.1629236936569214
v 0.6842918395996094 15.248208045959473 -0.21904507279396057
v 0.26103675365448 15.354034423828125 -0.7758533954620361
v -0.16781169176101685 14.73242473602295 -0.7200620174407959
v -0.16805055737495422 15.170048713684082 -0.35722941160202026
v -0.18998660147190094 14.908435821533203 -0.38507261872291565
v 0.19062936305999756 15.133258819580078 -0.12400707602500916
v 0.6912063360214233 15.343648910522461 0.10787919163703918
v 0.0012003682786598802 16.116943359375 -0.13899767398834229
v 0.11804347485303879 15.467784881591797 -0.9689481258392334
v 0.01712688058614731 16.0844783782959 0.20573346316814423
v 0.4723474085330963 15.996808052062988 -0.29285430908203125
v 0.4246740937232971 16.04644203186035 -0.08153478056192398
v -0.521104633808136 16.021007537841797 -0.23468300700187683
v 0.2434774935245514 16.016611099243164 -0.007017689291387796
v -0.023172486573457718 15.362791061401367 0.9529054760932922
v -0.2877821624279022 14.779391288757324 -0.746631920337677
v -0.6759554147720337 15.757538795471191 -0.3070165812969208
v 0.10618981719017029 15.203256607055664 0.6732692122459412
v 0.1015746146440506 15.874787330627441 -1.3860526084899902
v -0.16239683330059052 15.23754596710205 -0.3500520586967468
v 0.27293089032173157 15.051291465759277 -0.13235434889793396
v -0.19671010971069336 15.893354415893555 -0.6687781810760498
v 0.19155094027519226 15.379779815673828 1.0550594329833984
v -0.05613910034298897 15.350346565246582 -0.7617971301078796
v -0.30217570066452026 16.015501022338867 0.3466465175151825
v -0.2222680002450943 14.738306999206543 -0.5527737140655518
v 0.1354016214609146 16.04145622253418 -0.03321153298020363
v -0.6866264343261719 15.37932300567627 0.3269811272621155
v -0.3779910206794739 15.026912689208984 -0.42011693120002747
v 0.10571958124637604 16.046567916870117 0.12686051428318024
v -0.043090976774692535 15.801230430603027 0.8688519597053528
v 0.11805166304111481 15.662546157836914 -1.1682498455047607
v 0.2911248505115509 15.049707412719727 -0.11202988773584366
v -0.775371253490448 15.510339736938477 -0.12317944318056107
v 0.18066732585430145 14.683311462402344 0.09792102873325348
v 0.1891890913248062 15.348657608032227 0.8528392314910889
v -0.1428871601819992 16.24533462524414 -0.012766730971634388
v -0.20238089561462402 15.16793155670166 -0.40263959765434265
v 0.004755669739097357 15.347784042358398 0.8073697090148926
v -0.33952003717422485 14.770277976989746 -0.42741841077804565
v -0.20615175366401672 14.715688705444336 -0.40559202432632446
v 0.11652266979217529 15.646808624267578 -1.1481646299362183
v -0.22622892260551453 16.02348518371582 0.23789474368095398
v -0.35302940011024475 14.749112129211426 -0.35250821709632874
v 0.19203642010688782 15.20138931274414 0.5826827883720398
v -0.08517186343669891 16.230066299438477 0.18805865943431854
v 0.6119762659072876 15.21278190612793 0.23039762675762177
v 0.06927546858787537 15.320049285888672 0.9637426733970642
v 0.11483078449964523 15.39399242401123 0.9101496934890747
v 0.2556055188179016 15.954185485839844 -0.5931259989738464
v 0.19004833698272705 15.346168518066406 0.8437851667404175
v -0.30936571955680847 14.743274688720703 -0.29509082436561584
v -0.3806144893169403 15.773283004760742 -0.6430965065956116
v 0.6710502505302429 15.630756378173828 -0.34125491976737976
v 0.13938620686531067 15.042600631713867 -0.025820428505539894
v -0.327449232339859 15.252457618713379 -0.3928344249725342
v 0.21174095571041107 16.16829490661621 -0.04460633173584938
v 0.19065983593463898 14.932633399963379 0.021136712282896042
v 0.7349676489830017 15.437642097473145 -0.03411196172237396
v 0.24565577507019043 15.50013256072998 1.1042530536651611
v 0.22443315386772156 16.011688232421875 -0.15494011342525482
v 0.17570360004901886 15.009961128234863 0.06933142989873886
v 0.3596654236316681 15.057029724121094 -0.36718928813934326
v -0.3516928553581238 14.76656436920166 -0.3510642945766449
v -0.4725775420665741 15.036788940429688 -0.1840623915195465
v 0.554072916507721 15.883734703063965 0.25109586119651794
v 0.7383243441581726 15.56110954284668 -0.18256160616874695
v 0.0412086546421051 15.286934852600098 -0.7583258748054504
v 0.5154798626899719 15.048419952392578 0.02291959524154663
v -0.4381886124610901 15.08189582824707 0.3877454102039337
v -0.7077634930610657 15.793051719665527 -0.06850861012935638
v 0.1126529648900032 15.81299877166748 0.8723294734954834
v -0.27690958976745605 16.031091690063477 0.17200610041618347
v 0.19278305768966675 14.556353569030762 -0.04757310450077057
v 0.03728390112519264 15.413595199584961 1.1020900011062622
v 0.1510719656944275 15.286171913146973 0.634765625
v 0.7031937837600708 15.44530200958252 0.11816631257534027
v -0.577318549156189 15.39416217803955 -0.5732405781745911
v -0.13632208108901978 16.078929901123047 0.1404440551996231
v -0.34586602449417114 14.691984176635742 -0.49109750986099243
v 0.27784115076065063 15.682619094848633 -0.7275041341781616
v 0.14924244582653046 14.988778114318848 0.11545775085687637
v 0.18954557180404663 14.72175121307373 0.3120073676109314
v 0.721173882484436 15.6986665725708 -0.16230005025863647
v -0.10936272144317627 16.043807983398438 -0.4287383556365967
v -0.3402160406112671 15.14306354522705 -0.6266512274742126
v -0.649596095085144 15.219195365905762 -0.3335442841053009
v -0.22542984783649445 14.729616165161133 -0.5119537115097046
v 0.4883967638015747 15.813545227050781 -0.5515129566192627
v -0.34939903020858765 14.796591758728027 -0.34858617186546326
v -0.14908914268016815 15.015522003173828 -0.3762424886226654
v -0.22548796236515045 14.652825355529785 -0.5102181434631348
v -0.08516913652420044 16.23004913330078 0.18805773556232452
v -0.18676912784576416 15.22564697265625 -0.7205309271812439
v 0.5926552414894104 15.78720760345459 0.2640988230705261
v -0.0747244656085968 16.028255462646484 0.04937073588371277
v -0.11653827130794525 16.16457176208496 0.15748301148414612
v 0.0858960747718811 15.826651573181152 0.7916957139968872
v -0.23486328125 14.79623031616211 -0.44216614961624146
v 0.16805224120616913 14.98770809173584 0.23923788964748383
v -0.0017652643145993352 15.221521377563477 0.6177700757980347
v 0.25864940881729126 14.99404525756836 -0.013686040416359901
v -0.186556875705719 14.96740436553955 -0.29498276114463806
v 0.12147387862205505 16.023611068725586 0.018822170794010162
v -0.07748614996671677 16.247249603271484 0.04324473440647125
v 0.18056859076023102 14.682413101196289 0.09638747572898865
v -0.24154062569141388 15.403367042541504 0.6525050401687622
v -0.3770456612110138 15.643282890319824 0.5567746758460999
v 0.09493014961481094 15.822551727294922 0.8248231410980225
v 0.19488011300563812 14.884801864624023 0.2626180648803711
v -0.342696875333786 15.152714729309082 -0.6284501552581787
v 0.02208014205098152 15.71212387084961 0.7381348013877869
v 0.18862488865852356 14.708202362060547 0.2895995080471039
v 0.18908444046974182 16.072282791137695 0.044031642377376556
v 0.10473748296499252 15.420954704284668 1.0960079431533813
v -0.23992961645126343 14.787327766418457 -0.27415552735328674
v -0.07240947335958481 15.399123191833496 -0.9124453067779541
v 0.07970841974020004 15.755885124206543 0.6837999820709229
v 0.6971414685249329 15.78764533996582 -0.15309034287929535
v 0.07990656793117523 14.986366271972656 0.256462037563324
v -0.001320055453106761 15.265512466430664 0.6569247841835022
v -0.2921717166900635 15.010765075683594 -0.27173349261283875
v 0.21184878051280975 16.135791778564453 0.006085374858230352
v 0.26922476291656494 15.19633674621582 0.03893164545297623
v 0.13896897435188293 14.633753776550293 0.09061591327190399
v -0.16417425870895386 16.24073028564453 0.09073831140995026
v -0.7009992599487305 15.65225601196289 -0.33477583527565
v 0.07451378554105759 16.224870681762695 0.09234397113323212
v 0.1783197969198227 14.556585311889648 0.03884587809443474
v -0.04471905156970024 15.235991477966309 0.6812829971313477
v -0.031049294397234917 16.023944854736328 -0.09457506239414215
v -0.0848381295800209 16.0247745513916 0.1384316235780716
v 0.46961086988449097 15.051900863647461 -0.18735994398593903
v 0.15284165740013123 16.051294326782227 0.06541576981544495
v 0.5734771490097046 15.994872093200684 -0.12483970820903778
v -0.27866050601005554 16.050682067871094 -0.17509394884109497
v 0.15701165795326233 15.715787887573242 0.8950888514518738
v -0.3447189927101135 15.753863334655762 0.5354808568954468
v 0.04398569464683533 16.03653907775879 -0.1941022276878357
v 0.0343976654112339 16.026687622070312 0.07756585627794266
v 0.7329256534576416 15.49276065826416 -0.19614775478839874
v 0.644002377986908 15.912644386291504 -0.14173762500286102
v 0.2029826045036316 15.633099555969238 1.0697920322418213
v 0.1270691305398941 15.364930152893066 0.8222320079803467
v -0.2751424014568329 15.275677680969238 -0.24860015511512756
v -0.1991773098707199 15.473993301391602 -0.9451426863670349
v -0.2011844962835312 16.14217185974121 0.04587936028838158
v -0.4138284921646118 16.0513858795166 -0.20138584077358246
v 0.08715753257274628 15.778475761413574 -1.0544830560684204
v 0.05440749600529671 14.992332458496094 0.3979952335357666
v 0.20102477073669434 16.183862686157227 -0.09579943865537643
v 0.22252674400806427 16.217483520507812 0.11325240880250931
v 0.18244588375091553 15.365628242492676 0.9149903655052185
v -0.2026333063840866 14.697129249572754 -0.7424051761627197
v 0.6613197922706604 15.133471488952637 -0.22395454347133636
v -0.3765125274658203 15.79586410522461 -0.6350735425949097
v 0.2820700705051422 15.812244415283203 -0.6697179675102234
v 0.6146695613861084 15.259320259094238 0.2421814501285553
v 0.7036544680595398 15.47233772277832 0.12029977142810822
v -0.07315998524427414 16.035554885864258 -0.034428179264068604
v -0.17691868543624878 14.969192504882812 -0.06137344241142273
v -0.3040965795516968 16.055326461791992 -0.3459729552268982
v -0.1625063717365265 15.994905471801758 -0.5504074096679688
v -0.038286954164505005 15.289021492004395 0.7629793882369995
v 0.0021613098215311766 15.600452423095703 0.7528583407402039
v -0.607440710067749 15.963531494140625 -0.041336540132761
v -0.2413729578256607 14.984865188598633 0.15595470368862152
v -0.2736716568470001 15.298575401306152 -0.24660173058509827
v -0.4428117871284485 15.931173324584961 0.40351927280426025
v -0.1287613809108734 16.245882034301758 -0.03701639547944069
v 0.07187552005052567 15.826172828674316 0.7138187289237976
v -0.5243712067604065 15.261738777160645 0.44410836696624756
v 0.3853221535682678 15.05644702911377 -0.34736010432243347
v -0.7167012691497803 15.55529499053955 -0.35576093196868896
v 0.19736027717590332 15.530220031738281 -0.9398093819618225
v -0.05298919603228569 16.246501922607422 -0.08482027798891068
v -0.1638745367527008 16.018978118896484 0.023799093440175056
v -0.34310728311538696 15.154311180114746 -0.628747820854187
v -0.6764692068099976 15.755496978759766 -0.3075399398803711
v 0.32671403884887695 15.039131164550781 -0.03682871162891388
v -0.2758806347846985 16.050567626953125 -0.18017448484897614
v 0.20702019333839417 15.096881866455078 -0.6466668248176575
v 0.2944478988647461 14.564984321594238 -0.03300929069519043
v 0.6074174642562866 15.178619384765625 0.21973446011543274
v -0.22917430102825165 14.645624160766602 -0.47276705503463745
v -0.005823558196425438 15.262777328491211 0.8289785981178284
v -0.0793980285525322 15.515678405761719 -1.0493853092193604
v -0.18592967092990875 15.791299819946289 -1.2458277940750122
v -0.37572357058525085 15.271811485290527 0.554544985294342
v -0.3375748097896576 14.711807250976562 -0.6016299724578857
v -0.31617408990859985 16.035743713378906 0.06926431506872177
v -0.21487244963645935 15.41545581817627 -0.7871699333190918
v -0.3335975110530853 15.006872177124023 -0.41045019030570984
v 0.1425675004720688 16.047348022460938 0.31220367550849915
v 0.048804961144924164 15.795038223266602 0.714469850063324
v 0.4777936339378357 15.841676712036133 -0.5428739190101624
v -0.19723209738731384 14.822063446044922 -0.3942696750164032
v -0.35843536257743835 15.200455665588379 -0.6444839239120483
v -0.7086698412895203 15.611912727355957 -0.3447961211204529
v 0.190390482544899 15.786477088928223 -1.2294763326644897
v 0.12536245584487915 16.230148315429688 0.055605024099349976
v -0.5779402852058411 15.992471694946289 -0.03943103551864624
v -0.7028362154960632 15.802216529846191 -0.06625868380069733
v 0.34723642468452454 15.057738304138184 -0.29129743576049805
v 0.23429827392101288 15.266460418701172 0.575613796710968
v 0.052350252866744995 16.252994537353516 -0.15870560705661774
v -0.23819905519485474 16.04739761352539 -0.22786666452884674
v 0.06668771058320999 16.01776123046875 -0.05475377291440964
v 0.5501686334609985 15.710663795471191 0.4077989161014557
v 0.030315937474370003 16.026805877685547 0.07887623459100723
v -0.3293568789958954 15.176262855529785 -0.3983001112937927
v -0.17217880487442017 16.235626220703125 0.1118510365486145
v -0.4965166747570038 15.028091430664062 -0.03879177197813988
v -0.3081194758415222 15.021486282348633 0.29731249809265137
v 0.7285622954368591 15.584798812866211 -0.02789359539747238
v 0.16681693494319916 15.041650772094727 -0.20419757068157196
v -0.3133907914161682 15.84533977508545 0.5119264125823975
v -0.5467702150344849 15.871068000793457 0.3211103677749634
v -0.07293897122144699 15.745957374572754 -1.3688868284225464
v 0.19022850692272186 15.34415340423584 0.8379901647567749
v -0.22003136575222015 15.013859748840332 -0.3365505337715149
v -0.2921086847782135 14.986380577087402 0.09375740587711334
v 0.08415299654006958 15.898200988769531 0.6543117761611938
v 0.1642412394285202 16.017053604125977 0.4404575228691101
v 0.11855033785104752 16.02383804321289 0.022280331701040268
v -0.7030057907104492 15.23699951171875 -0.13058465719223022
v -0.5259093046188354 15.271459579467773 0.44561371207237244
v -0.16664759814739227 14.980818748474121 -0.13955707848072052
v 0.6548655033111572 15.184111595153809 0.08238762617111206
v 0.03924104571342468 15.25721549987793 0.8425214290618896
v 0.19092829525470734 16.159006118774414 -0.09500434249639511
v 0.5060028433799744 15.053093910217285 -0.11491953581571579
v -0.14333179593086243 15.840885162353516 -1.4622262716293335
v 0.2351798266172409 16.02264976501465 0.05379120260477066
v -0.15454038977622986 15.82378101348877 0.641849160194397
v 0.13005682826042175 15.677316665649414 1.019866704940796
v 0.11999379098415375 15.698744773864746 -1.2269622087478638
v 0.05381031706929207 15.503345489501953 1.1379626989364624
v -0.06518842279911041 15.882437705993652 -1.3487643003463745
v 0.2653619050979614 14.75596809387207 0.36139392852783203
v -0.2534635663032532 16.017236709594727 0.3798326551914215
v 0.3027125895023346 15.074286460876465 0.08096646517515182
v 0.4980844259262085 15.778284072875977 -0.5590528249740601
v 0.049482669681310654 15.38219928741455 -0.787201464176178
v -0.2977834641933441 14.722570419311523 -0.46637168526649475
v -0.3425162434577942 14.886613845825195 -0.341149240732193
v -0.09360364824533463 16.047231674194336 -0.09103545546531677
v -0.4304494559764862 15.034955978393555 -0.3073013126850128
v 0.1585092544555664 15.299551010131836 0.9180760979652405
v 0.12722837924957275 15.50578498840332 1.035537838935852
v -0.12019231170415878 16.20029067993164 0.15200628340244293
v 0.2034061998128891 15.526249885559082 1.0656793117523193
v 0.09675148129463196 15.87685489654541 -1.3022898435592651
v 0.5104233622550964 15.04523754119873 0.04314008727669716
v 0.08273160457611084 15.827505111694336 0.7765149474143982
v 0.022385668009519577 16.044584274291992 0.25197240710258484
v -0.026926960796117783 14.982985496520996 0.25336307287216187
v 0.13530266284942627 14.577507972717285 -2.1516978449653834e-05
v -0.30241015553474426 14.725164413452148 -0.47981441020965576
v -0.39576104283332825 15.620148658752441 -0.6903672814369202
v 0.020670579746365547 16.019412994384766 -0.30436092615127563
v 0.1126268059015274 15.698613166809082 0.9685530662536621
v -0.0005715949228033423 16.255596160888672 0.00745376106351614
v -0.5214174389839172 15.590483665466309 0.452536404132843
v 0.4065788686275482 15.250824928283691 0.46268200874328613
v -0.6703540086746216 15.781699180603027 0.16718274354934692
v 0.04423821344971657 15.68844985961914 0.9961614608764648
v 0.19067099690437317 14.856348037719727 0.07628096640110016
v -0.11555264890193939 16.026290893554688 0.20591092109680176
v -0.38920506834983826 15.326024055480957 0.5649003386497498
v -0.17972153425216675 15.954344749450684 -0.6043643951416016
v 0.31670379638671875 15.023192405700684 0.08592768758535385
v -0.7174717783927917 15.25204849243164 0.11880034953355789
v -0.6840569972991943 15.435541152954102 0.3259130120277405
v -0.19952718913555145 15.206811904907227 0.58812016248703
v 0.17376920580863953 15.760766983032227 1.0628290176391602
v 0.03323106840252876 15.698663711547852 0.9711565375328064
v 0.11484556645154953 15.506217002868652 -1.002881407737732
v 0.2353968471288681 15.056397438049316 -0.3423116207122803
v 0.1288558840751648 16.036495208740234 -0.03133583068847656
v -0.22378072142601013 14.65614128112793 -0.5275663137435913
v -0.5597997903823853 15.283879280090332 -0.5560812950134277
v 0.22308319807052612 15.321023941040039 0.9444167017936707
v 0.22278699278831482 15.322017669677734 0.9467257857322693
v -0.20762477815151215 15.789039611816406 -0.7330902814865112
v 0.1807217001914978 14.591934204101562 0.0973074734210968
v 0.20336410403251648 16.097280502319336 0.04984256252646446
v 0.24858613312244415 14.741498947143555 0.1720518320798874
v 0.015321020036935806 15.681180953979492 0.7440497279167175
v 0.5053401589393616 15.73978328704834 -0.5642529129981995
v 0.5070352554321289 15.494089126586914 -0.5927751660346985
v -0.4375404715538025 15.081406593322754 0.38734957575798035
v -0.3231638967990875 16.039798736572266 0.021150361746549606
v -0.16784991323947906 16.042768478393555 0.07581710070371628
v -0.04605570062994957 15.305780410766602 0.6291892528533936
v -0.47268855571746826 15.10938549041748 -0.47812899947166443
v 0.061668697744607925 16.03379249572754 -0.20046117901802063
v -0.2048204392194748 14.689055442810059 -0.32222387194633484
v -0.3436555564403534 14.697291374206543 -0.5205656886100769
v 0.5199820399284363 15.955729484558105 0.2371572107076645
v 0.19936996698379517 16.134204864501953 0.09648348391056061
v -0.768123209476471 15.473973274230957 0.12817293405532837
v 0.22368060052394867 15.031132698059082 0.4328521192073822
v -0.2358275204896927 14.785198211669922 -0.4433397948741913
v 0.05872718244791031 15.033477783203125 -0.386581689119339
v 0.42316603660583496 15.002192497253418 0.2008925825357437
v -0.19427908957004547 15.77607536315918 -1.2146352529525757
v -0.3235895335674286 15.134044647216797 -0.32070067524909973
v 0.39971670508384705 15.914407730102539 0.4607731103897095
v -0.46896833181381226 15.08700942993164 -0.47273871302604675
v 0.1630050241947174 16.03073501586914 0.06992041319608688
v -0.1700800508260727 15.218480110168457 -0.2704060673713684
v -0.1477552205324173 16.129932403564453 0.13413195312023163
v -0.21781089901924133 14.991413116455078 -0.4214154779911041
v -0.5721743106842041 15.339085578918457 -0.5683570504188538
v 0.4170955419540405 16.046213150024414 -0.11841204762458801
v 0.22118201851844788 15.329277038574219 0.9621358513832092
v 0.14384829998016357 15.35167121887207 -0.7710247039794922
v -0.19721321761608124 15.647971153259277 -0.7881267070770264
v -0.18661999702453613 16.19793701171875 -0.0710119754076004
v 0.5123203992843628 15.543815612792969 -0.5841583609580994
v 0.15554998815059662 15.346413612365723 -0.7175042033195496
v 0.08897886425256729 15.86498737335205 -1.223034143447876
v -0.29494374990463257 14.775029182434082 -0.4605604410171509
v 0.700285017490387 15.569742202758789 0.1282568871974945
v 0.09997600317001343 16.187484741210938 0.20570822060108185
v -0.686791718006134 15.383737564086914 0.3271055519580841
v 0.09655537456274033 16.09437370300293 0.18679741024971008
v 0.05361967906355858 16.123430252075195 0.21135374903678894
v 0.40694764256477356 15.241320610046387 0.45910102128982544
v -0.21473367512226105 15.415467262268066 -0.7925306558609009
v 0.09451884031295776 16.21236801147461 0.19892816245555878
v -0.2235618680715561 15.02163314819336 0.3471451997756958
v 0.029858216643333435 15.730112075805664 -0.758158802986145
v 0.12087533622980118 15.37324333190918 0.8467180132865906
v 0.2869783043861389 15.854106903076172 0.6147550940513611
v -0.19694079458713531 15.230175971984863 -0.3960188925266266
v 0.6919188499450684 15.293769836425781 -0.21861431002616882
v 0.3655323088169098 16.049243927001953 -0.24196740984916687
v -0.08057019859552383 15.867279052734375 -1.2392176389694214
v 0.2574819028377533 14.964727401733398 0.00785915832966566
v 0.18932399153709412 15.360304832458496 1.0295919179916382
v -0.4028295576572418 15.417597770690918 0.5749226808547974
v 0.079837866127491 15.566489219665527 -0.870993435382843
v -0.6820513010025024 15.327524185180664 0.32426005601882935
v 0.4245994985103607 15.21578598022461 -0.6136290431022644
v 0.13469524681568146 14.568191528320312 -0.015033496543765068
v -0.19645224511623383 15.771604537963867 -1.2064040899276733
v 0.37670254707336426 15.05663776397705 -0.3540145754814148
v 0.17402786016464233 15.17859935760498 0.5144279599189758
v -0.19147521257400513 14.679778099060059 -0.4462374150753021
v 0.12815269827842712 15.042141914367676 -0.37381088733673096
v 0.18682381510734558 16.051891326904297 0.16336946189403534
v 0.05446937307715416 16.16738510131836 0.21686892211437225
v -0.20240341126918793 16.018892288208008 0.4095335900783539
v 0.2758619487285614 15.655009269714355 -0.7370555400848389
v 0.0832885131239891 15.785536766052246 1.0006285905838013
v -0.0490184910595417 15.038093566894531 -0.5805255770683289
v -0.21513237059116364 15.416014671325684 -0.7427095770835876
v -0.5774320960044861 15.585086822509766 -0.5427610874176025
v 0.00554667180404067 16.01919174194336 -0.5551179647445679
v -0.6428871154785156 15.640460014343262 0.3168393671512604
v 0.010781345888972282 15.048751831054688 -0.5232689380645752
v 0.17652690410614014 15.010361671447754 0.0683475062251091
v 0.7340956330299377 15.37452507019043 -0.03709692880511284
v 0.5322908759117126 15.816598892211914 0.3855684995651245
v 0.006854771636426449 15.232177734375 0.6692236661911011
v 0.029780413955450058 15.788471221923828 -0.7345011830329895
v -0.45579370856285095 15.94967269897461 -0.41122129559516907
v 0.22946512699127197 15.71006965637207 1.0249671936035156
v -0.6275995373725891 15.84575366973877 0.1751014143228531
v 0.1509636789560318 15.060098648071289 0.06048457697033882
v -0.24300603568553925 15.42543888092041 0.6571793556213379
v 0.04441861808300018 15.45448112487793 1.1218973398208618
v 0.27969592809677124 16.027036666870117 0.1225917860865593
v -0.19617778062820435 16.101064682006836 -0.028259407728910446
v 0.4055483341217041 15.085309982299805 0.39393988251686096
v 0.16967064142227173 14.582460403442383 -0.07278871536254883
v 0.4635269343852997 16.001352310180664 -0.28779128193855286
v -0.3217984437942505 15.002787590026855 -0.20028840005397797
v 0.623378574848175 15.587549209594727 0.27291929721832275
v 0.03177350386977196 16.03881072998047 -0.43278661370277405
v 0.058226462453603745 15.672540664672852 1.0237348079681396
v -0.6398393511772156 15.203079223632812 -0.3303977847099304
v -0.2986584007740021 14.909769058227539 -0.28054600954055786
v -0.40243199467658997 16.025466918945312 0.23253245651721954
v -0.4215257167816162 16.029539108276367 0.19162419438362122
v -0.12419702857732773 15.771597862243652 0.6526101231575012
v -0.24725690484046936 15.013155937194824 -0.3130076825618744
v 0.38457435369491577 14.988134384155273 0.2394838035106659
v 0.47584831714630127 15.051982879638672 -0.17679424583911896
v -0.16422158479690552 15.101963996887207 0.5366886258125305
v -0.6368399262428284 15.208624839782715 0.30809420347213745
v 0.42857611179351807 15.225820541381836 -0.6148928999900818
v -0.4252336621284485 15.967013359069824 0.39172568917274475
v 0.2612292170524597 14.832560539245605 0.31484535336494446
v 0.02397768385708332 15.696632385253906 1.09328031539917
v -0.0644032210111618 15.756220817565918 0.8726736903190613
v 0.09344733506441116 16.01652717590332 -0.018720973283052444
v -0.5791143178939819 15.435248374938965 -0.5727255344390869
v 0.09878233075141907 16.14952278137207 0.20232467353343964
v -0.18112905323505402 14.702810287475586 -0.5659645795822144
v -0.7343019247055054 15.651273727416992 0.15404851734638214
v -0.19299305975437164 14.869261741638184 -0.30458319187164307
v 0.43404442071914673 15.239619255065918 -0.6166306138038635
v 0.42500829696655273 15.934751510620117 -0.49226081371307373
v -0.5239486694335938 15.069190979003906 -0.2994127869606018
v 0.35471466183662415 16.005708694458008 -0.4300234615802765
v 0.24263575673103333 14.9948091506958 0.19754862785339355
v -0.1943250447511673 15.540836334228516 -0.8055678606033325
v -0.19654187560081482 15.51518726348877 -0.9915651679039001
v 0.5193350315093994 15.053201675415039 -0.04526561498641968
v -0.6373043656349182 15.919815063476562 -0.04477376863360405
v -0.06802142411470413 16.084299087524414 0.19585469365119934
v 0.2736591100692749 15.624837875366211 -0.7467662692070007
v -0.695222020149231 15.816378593444824 -0.06278232485055923
v 0.005587621126323938 15.349227905273438 0.8128084540367126
v 0.5191375613212585 15.053374290466309 -0.05043317750096321
v -0.5350401997566223 15.082117080688477 -0.3013373911380768
v 0.22596557438373566 15.22799301147461 -0.7270568609237671
v -0.20279766619205475 15.715677261352539 0.6696834564208984
v -0.3850247263908386 15.739823341369629 -0.6539266705513
v -0.06447295099496841 15.807363510131836 0.8164545297622681
v -0.338693767786026 14.803271293640137 -0.4250509738922119
v -0.3470321595668793 14.991293907165527 -0.07066822797060013
v -0.20075316727161407 14.659113883972168 -0.338875412940979
v 0.18068939447402954 15.328048706054688 0.9793623089790344
v 0.13389649987220764 15.174449920654297 -0.1285048872232437
v 0.40832194685935974 15.160664558410645 0.4286045432090759
v -0.315097451210022 16.03537368774414 0.07499674707651138
v 0.19649828970432281 15.055850982666016 0.1324004828929901
v -0.0670740157365799 16.222572326660156 0.17099398374557495
v -0.1118663102388382 16.242834091186523 0.07547926902770996
v -0.2831462621688843 14.986114501953125 0.1063288077712059
v 0.4079911708831787 15.205702781677246 0.44582483172416687
v 0.2386530041694641 15.458379745483398 1.086517095565796
v -0.02107190527021885 15.361166000366211 0.7001134753227234
v 0.7366276979446411 15.60578727722168 -0.17457228899002075
v 0.1950923651456833 15.55689811706543 -0.9585655927658081
v -0.33262646198272705 15.788381576538086 0.5269133448600769
v -0.04308108240365982 16.044870376586914 -0.26152998208999634
v -0.2934116721153259 14.680753707885742 -0.6572707295417786
v 0.1305985003709793 16.123159408569336 -0.1103377714753151
v -0.1987277716398239 15.478313446044922 -0.9503617882728577
v -0.1774139404296875 14.711043357849121 -0.6089491844177246
v -0.27604568004608154 15.261621475219727 -0.2498265951871872
v -0.0642627403140068 15.361002922058105 -0.8153932690620422
v 0.1797846406698227 15.296869277954102 0.7109318375587463
v -0.4019097685813904 15.030985832214355 -0.37472236156463623
v 0.7333108186721802 15.353717803955078 -0.03807925805449486
v 0.24894216656684875 15.973199844360352 -0.58210688829422
v 0.00019324530148878694 16.023672103881836 -0.5423672795295715
v -0.10103251785039902 15.765889167785645 0.7717570662498474
v -0.20750898122787476 15.723321914672852 -1.142838954925537
v -0.2056691199541092 16.176273345947266 -0.013202156871557236
v -0.05976799875497818 15.354490280151367 -0.7849722504615784
v -0.0448203980922699 16.027599334716797 0.0734127014875412
v -0.08245602250099182 15.7611665725708 0.8212337493896484
v -0.06412021815776825 15.360779762268066 -0.8144083619117737
v -0.3167538642883301 15.22343921661377 -0.3133160471916199
v 0.6908937692642212 15.342154502868652 0.10766216367483139
v 0.1765705794095993 16.017026901245117 0.4366745054721832
v 0.15429580211639404 16.032108306884766 0.08164440095424652
v -0.3222256898880005 16.039012908935547 0.02920302376151085
v -0.1950816959142685 16.112817764282227 -0.034125156700611115
v 0.13795799016952515 15.358057975769043 -0.8124901056289673
v 0.0992405116558075 16.244020462036133 -0.02379981242120266
v -0.031410329043865204 16.02117156982422 0.4589524567127228
v -0.011360801756381989 16.2075252532959 -0.168180912733078
v 0.6199979782104492 15.409234046936035 0.26382696628570557
v 0.12475618720054626 16.05278205871582 -0.06751832365989685
v 0.28920549154281616 14.791831016540527 0.18589699268341064
v -0.3677246868610382 15.835639953613281 -0.618994951248169
v -0.2822076380252838 15.009986877441406 -0.43449079990386963
v 0.09227573126554489 16.025163650512695 0.04816591739654541
v 0.4129548966884613 15.502472877502441 0.5533990859985352
v -0.027766646817326546 15.816093444824219 0.6693344712257385
v -0.2072986662387848 15.819092750549316 -0.718062698841095
v 0.250580370426178 15.059706687927246 -0.437783807516098
v 0.14872853457927704 16.046844482421875 0.0632673054933548
v -0.30363714694976807 15.0216064453125 0.30069422721862793
v -0.5099982619285583 15.671820640563965 0.4475501477718353
v 0.060521211475133896 15.65202808380127 1.1551692485809326
v -0.49122363328933716 15.023015975952148 -0.2970033884048462
v 0.011017486453056335 15.814827919006348 0.8416725993156433
v -0.03151895850896835 15.316073417663574 0.6680200099945068
v 0.407124400138855 15.236767768859863 0.45738568902015686
v 0.3063163459300995 15.058403968811035 -0.40638190507888794
v -0.3377395272254944 14.841378211975098 -0.42231637239456177
v 0.027319593355059624 16.07657814025879 -0.12430964410305023
v 0.17216217517852783 14.605300903320312 -0.034121058881282806
v 0.0789014920592308 16.238323211669922 -0.15571177005767822
v 0.7296708822250366 15.569710731506348 -0.028537863865494728
v 0.45260465145111084 15.05237102508545 -0.20812846720218658
v -0.2100057452917099 15.190890312194824 -0.23785793781280518
v -0.19623464345932007 15.466236114501953 -0.7983548641204834
v 0.047733910381793976 16.133739471435547 -0.1432092934846878
v 0.04645083472132683 15.274456024169922 0.8680636882781982
v 0.04942966252565384 15.68315315246582 1.0063832998275757
v 0.19065119326114655 14.986926078796387 -0.018160879611968994
v 0.4320729374885559 15.8069486618042 0.5256170630455017
v 0.1445050835609436 16.04252815246582 0.061177756637334824
v 0.6007661819458008 15.760382652282715 0.2664247453212738
v -0.5693982839584351 15.318034172058105 -0.5648958086967468
v -0.07024382799863815 15.75800609588623 0.8557061553001404
v -0.11616393178701401 15.76710033416748 0.6990763545036316
v 0.15149283409118652 15.08203125 0.043589845299720764
v -0.19366735219955444 15.364306449890137 -0.773406445980072
v -0.19359353184700012 16.111507415771484 0.05435016006231308
v -0.22634585201740265 16.05358123779297 -0.13419410586357117
v 0.4343588054180145 15.793072700500488 0.5310419201850891
v -0.1867494434118271 15.239192008972168 -0.7279090285301208
v -0.1742929220199585 16.054893493652344 0.07054739445447922
v 0.2268170863389969 15.391173362731934 1.0366088151931763
v -0.4765062630176544 15.922767639160156 -0.42966151237487793
v 0.18447992205619812 15.409175872802734 0.9805880188941956
v 0.023038353770971298 15.552992820739746 1.1195366382598877
v 0.42776191234588623 15.613301277160645 0.5646237134933472
v 0.30048128962516785 14.69482421875 0.18236693739891052
v 0.03460127115249634 15.664304733276367 1.1116887331008911
v 0.1642519235610962 16.229650497436523 0.06143755838274956
v 0.1174255982041359 15.47372817993164 -0.9739989042282104
v 0.13620012998580933 14.591276168823242 0.02216499112546444
v 0.4163497984409332 15.527914047241211 0.5585561990737915
v -0.29244115948677063 15.006568908691406 -0.27209967374801636
v -0.12215422838926315 16.03850746154785 -0.30094099044799805
v -0.05475388094782829 16.04114532470703 0.33056917786598206
v -0.035546768456697464 16.1322021484375 -0.14345726370811462
v 0.12363576889038086 16.032962799072266 -0.02962256222963333
v 0.03917165845632553 15.47192668914795 1.034942388534546
v 0.2866522967815399 15.852160453796387 0.6160486340522766
v 0.6101567149162292 15.199146270751953 0.22614164650440216
v -0.1932166963815689 14.675917625427246 -0.4260830283164978
v 0.43631210923194885 15.919218063354492 -0.503646969795227
v -0.03154910355806351 15.743969917297363 0.9743143916130066
v 0.2527236044406891 14.627555847167969 -0.0017272790428251028
v -0.1498546600341797 16.056304931640625 -0.07926756143569946
v 0.13154283165931702 14.986992835998535 0.2487906515598297
v 0.1199585348367691 16.2138671875 -0.1536995768547058
v -0.2681643068790436 16.029964447021484 0.18612858653068542
v 0.40814244747161865 15.138944625854492 0.4198284447193146
v 0.22455032169818878 15.319273948669434 0.6058754920959473
v 0.03659436106681824 15.411821365356445 1.1006742715835571
v 0.6669414639472961 15.131170272827148 -0.05278593674302101
v -0.1165253072977066 15.261987686157227 0.5813930630683899
v -0.013943104073405266 16.080890655517578 -0.1249418556690216
v -0.18752612173557281 14.952603340148926 -0.296428382396698
v 0.25846219062805176 15.051775932312012 -0.1460939347743988
v -0.18659542500972748 16.198833465576172 -0.07145240902900696
v 0.06907913833856583 15.527517318725586 -0.7291626930236816
v 0.10693395137786865 15.437677383422852 1.1075291633605957
v 0.558673083782196 15.986997604370117 0.11516906321048737
v -0.021772023290395737 15.380489349365234 1.000373125076294
v 0.023183496668934822 14.984856605529785 0.257690966129303
v -0.06884359568357468 15.371993064880371 -0.854049563407898
v 0.18355515599250793 16.032310485839844 -0.5080959796905518
v 0.42677298188209534 15.605511665344238 0.5644865036010742
v -0.28236618638038635 15.007061958312988 -0.4348154366016388
v 0.18354037404060364 15.301203727722168 0.7317235469818115
v -0.0292485523968935 15.318099975585938 0.6751631498336792
v -0.35825884342193604 15.219204902648926 0.5398187041282654
v -0.3235500454902649 16.041366577148438 0.006525578908622265
v 0.18944069743156433 15.324454307556152 0.7907288670539856
v 0.19331608712673187 16.226940155029297 -0.08849887549877167
v -0.5551676750183105 15.728876113891602 -0.5073257684707642
v 0.06522286683320999 15.989953994750977 0.5836928486824036
v -0.09581080824136734 16.023561477661133 -0.07421693205833435
v 0.10388824343681335 15.411116600036621 1.088117003440857
v -0.22231121361255646 14.939932823181152 -0.42689165472984314
v -0.28821009397506714 14.899192810058594 -0.44677793979644775
v 0.5124689936637878 15.611591339111328 -0.5744662284851074
v 0.12022697925567627 15.742936134338379 0.7707506418228149
v 0.10596141219139099 15.704244613647461 0.9405999779701233
v 0.07707765698432922 16.247406005859375 -0.021509841084480286
v 0.14450211822986603 15.03786849975586 -0.21362704038619995
v 0.20404614508152008 15.460444450378418 -0.8728344440460205
v 0.2816985845565796 15.741582870483398 -0.7042046785354614
v -0.3345213830471039 14.969964027404785 -0.41309723258018494
v 0.13547737896442413 16.0598201751709 0.10228189080953598
v 0.15155448019504547 14.750506401062012 0.20178596675395966
v 0.2628419101238251 14.9058837890625 0.25919651985168457
v 0.136072039604187 15.363324165344238 -0.8373036980628967
v 0.6391617059707642 15.442880630493164 -0.3689994812011719
v -0.3344738185405731 14.971858978271484 -0.412960946559906
v 0.20197729766368866 16.187610626220703 -0.09608858823776245
v 0.3199339807033539 15.080007553100586 -0.5446886420249939
v 0.3214702606201172 14.979652404785156 0.28765690326690674
v -0.3982318639755249 15.5228853225708 0.5719081163406372
v 0.14599744975566864 15.787222862243652 0.7591800093650818
v 0.4072677195072174 15.186101913452148 -0.6049510836601257
v 0.6169529557228088 15.341287612915039 -0.39681389927864075
v 0.23327408730983734 16.03114891052246 0.22486425936222076
v -0.19863620400428772 15.2037935256958 0.5868381857872009
v -0.20155668258666992 15.694034576416016 -0.7725297212600708
v 0.04237639158964157 16.04295539855957 -0.28100520372390747
v -0.6542887091636658 15.158821105957031 -0.11867912858724594
v 0.04779692739248276 15.35647964477539 -0.7801154255867004
v -0.03863513469696045 15.288814544677734 0.7619372606277466
v 0.06595881283283234 15.31205940246582 0.5978730916976929
v -0.19585472345352173 15.732964515686035 0.6668038368225098
v -0.5130611658096313 15.21268081665039 0.43561550974845886
v 0.13319900631904602 15.259591102600098 0.8145205974578857
v 0.13372474908828735 15.178583145141602 -0.1317187249660492
v -0.07910000532865524 15.552035331726074 -1.0837273597717285
v -0.3787108063697815 15.276325225830078 -0.6722294092178345
v 0.6848453283309937 15.25153636932373 -0.21901947259902954
v 0.15606163442134857 14.986469268798828 0.3722204267978668
v -0.11536098271608353 15.975430488586426 0.5443365573883057
v -0.31528240442276 15.24264144897461 -0.31172701716423035
v -0.6283338665962219 15.93411636352539 -0.043619003146886826
v -0.1431736797094345 15.84115982055664 -1.46341073513031
v -0.20266583561897278 14.721932411193848 -0.31901004910469055
v 0.5709826946258545 15.844559669494629 0.2570326030254364
v 0.20099997520446777 15.645655632019043 1.161194920539856
v -0.05670340359210968 15.232817649841309 0.6546441912651062
v -0.4513181746006012 16.0345516204834 -0.045549530535936356
v 0.13602745532989502 14.588629722595215 0.01790081337094307
v -0.20646990835666656 14.982959747314453 0.18591997027397156
v -0.29485204815864563 16.032690048217773 0.13845482468605042
v 0.2661024034023285 15.054315567016602 0.14666810631752014
v 0.2959386706352234 16.023141860961914 0.07274158298969269
v 0.2625143229961395 14.635315895080566 0.16168303787708282
v 0.25070616602897644 14.597808837890625 -0.053260721266269684
v 0.12055661529302597 15.05867862701416 -0.49107691645622253
v -0.28057897090911865 15.191047668457031 -0.2559845447540283
v 0.18629807233810425 16.015560150146484 -0.10992054641246796
v -0.008873592130839825 16.23188591003418 0.08955373615026474
v 0.18997257947921753 15.66557502746582 -1.0350794792175293
v -0.3519262671470642 14.677550315856934 -0.41031914949417114
v -0.16511927545070648 15.819557189941406 -1.3314759731292725
v 0.7375601530075073 15.581233024597168 -0.17896318435668945
v -0.2034384161233902 15.858071327209473 -0.6948356032371521
v -0.2981446087360382 14.741006851196289 -0.5576229095458984
v -0.06955417990684509 14.979081153869629 -0.11108623445034027
v 0.5126985311508179 15.587445259094238 -0.5775324106216431
v 0.0297333225607872 16.044843673706055 0.337984174489975
v 0.41093769669532776 15.885248184204102 0.4829903244972229
v -0.7714000344276428 15.434037208557129 -0.13043518364429474
v 0.007706287782639265 15.791428565979004 0.9821436405181885
v -0.27286529541015625 16.030569076538086 0.1785372793674469
v 0.10644733905792236 15.703897476196289 0.9425753355026245
v 0.33670929074287415 15.058414459228516 -0.29716238379478455
v -0.0418139323592186 16.257335662841797 0.03254743665456772
v 0.5862496495246887 15.806168556213379 0.26213735342025757
v 0.2986854612827301 15.058794975280762 -0.01024698931723833
v 0.0470791794359684 15.55540657043457 -0.8089427351951599
v 0.6231756210327148 15.550074577331543 0.27231279015541077
v 0.11594186723232269 15.488068580627441 -0.9861976504325867
v 0.42755237221717834 16.048070907592773 0.010419848375022411
v 0.68522047996521 15.77116584777832 -0.014718870632350445
v 0.5823262929916382 15.873332977294922 -0.34685108065605164
v 0.041560590267181396 15.431222915649414 1.112405776977539
v 0.7279964685440063 15.462136268615723 -0.20196788012981415
v -0.5133278965950012 15.649806022644043 0.44888851046562195
v 0.20312614738941193 15.624237060546875 1.0751465559005737
v -0.22789782285690308 14.648153305053711 -0.48574021458625793
v -0.18020178377628326 15.076047897338867 -0.632660984992981
v -0.29514235258102417 14.752156257629395 -0.6123773455619812
v -0.5123409032821655 15.656332015991211 0.44849175214767456
v 0.6911315321922302 15.160968780517578 -0.04979323223233223
v -0.5126857161521912 15.211380958557129 0.4353538751602173
v -0.39668524265289307 15.03005599975586 -0.3860504925251007
v 0.3689458668231964 14.984762191772461 0.2524512708187103
v 0.21832944452762604 16.19547462463379 0.1067785695195198
v 0.08877389132976532 15.825575828552246 0.8043665289878845
v -0.14581559598445892 16.226490020751953 -0.1266535371541977
v 0.5859677791595459 15.957975387573242 -0.003927389159798622
v -0.02190965786576271 15.379995346069336 0.999075710773468
v 0.20450612902641296 15.22309398651123 0.6696996092796326
v -0.023265987634658813 15.374938011169434 0.9857729077339172
v -0.28300443291664124 14.995288848876953 -0.43612194061279297
v 0.5367591381072998 15.485332489013672 0.41061919927597046
v -0.2718659043312073 15.200703620910645 -0.4133230149745941
v -0.11993182450532913 15.25973129272461 0.5744854211807251
v 0.11711256206035614 15.476737976074219 -0.9765568375587463
v -0.09471871703863144 16.239994049072266 0.08875591307878494
v -0.19516564905643463 15.622036933898926 -0.7959427237510681
v -0.6865072250366211 15.715620994567871 -0.3177638351917267
v 0.16886644065380096 16.2241153717041 -0.1448841243982315
v 0.30485808849334717 14.78904914855957 0.338617742061615
v -0.1786673218011856 14.70826530456543 -0.5944492220878601
v 0.26260966062545776 15.09339714050293 -0.08677127957344055
v 0.13494525849819183 16.13840103149414 0.1752030998468399
v 0.13052615523338318 16.022188186645508 0.004350720904767513
v 0.24631936848163605 15.612703323364258 1.1180882453918457
v 0.26665815711021423 16.027095794677734 0.15752601623535156
v 0.07707265764474869 15.96363639831543 0.6073157787322998
v 0.7071881294250488 15.752988815307617 -0.1567707657814026
v 0.042335666716098785 15.811050415039062 0.9040855765342712
v -0.20972320437431335 16.054039001464844 -0.15793485939502716
v -0.010621440596878529 15.25012493133545 0.7857580780982971
v 0.7373108267784119 15.540258407592773 -0.18671441078186035
v 0.3030426800251007 15.101117134094238 0.06101077422499657
v 0.26214396953582764 15.081709861755371 -0.07818286120891571
v 0.6495832800865173 15.166949272155762 0.07891763746738434
v 0.36309537291526794 14.983745574951172 0.2570626139640808
v -0.24121905863285065 14.723523139953613 -0.4499000906944275
v 0.26076239347457886 14.561112403869629 0.03884860873222351
v 0.04360441118478775 16.21080207824707 0.2172263115644455
v -0.2749595046043396 15.143636703491211 -0.41965535283088684
v -0.01978246122598648 15.819255828857422 0.7337573766708374
v -0.32669132947921753 15.093454360961914 -0.3240535259246826
v 0.5314043760299683 15.404644012451172 0.39387550950050354
v 0.18131159245967865 16.062938690185547 0.04105008393526077
v -0.07329477369785309 16.01343536376953 -0.08310336619615555
v 0.502601146697998 15.052870750427246 -0.12337736785411835
v 0.22367173433303833 15.365387916564941 1.0127160549163818
v 0.20103751122951508 15.216632843017578 0.6443331837654114
v 0.0853712409734726 15.826847076416016 0.7893838882446289
v 0.14738290011882782 14.76294231414795 0.2986315190792084
v 0.4224435091018677 15.848106384277344 0.5060888528823853
v -0.08728108555078506 15.857542991638184 -1.2064865827560425
v -0.01864612102508545 16.06786346435547 -0.11958570033311844
v 0.05653230473399162 15.518049240112305 1.1419477462768555
v 0.17150084674358368 15.701220512390137 0.9495967626571655
v 0.19840310513973236 15.518587112426758 -0.9312239289283752
v -0.19136260449886322 16.181438446044922 0.08603142201900482
v -0.24473215639591217 14.615510940551758 -0.31471380591392517
v 0.08737502247095108 15.746448516845703 -1.0240488052368164
v 0.1327822357416153 14.554238319396973 -0.04877655580639839
v -0.04140785336494446 15.044451713562012 -0.5883856415748596
v 0.6215101480484009 15.456196784973145 0.267271488904953
v -0.09714154154062271 16.23843765258789 -0.16005943715572357
v 0.25669750571250916 14.68626594543457 0.09982471168041229
v 0.2626749277114868 15.095036506652832 -0.08797609061002731
v -0.028912542387843132 16.09792137145996 0.20339572429656982
v 0.17141598463058472 16.114229202270508 -0.08924733847379684
v 0.550148606300354 15.687577247619629 0.41121751070022583
v 0.2730143964290619 15.89034652709961 -0.6282166242599487
v 0.401174932718277 14.99344539642334 0.22399817407131195
v 0.30532559752464294 16.022918701171875 -0.15157726407051086
v 0.20355679094791412 15.058165550231934 -0.6270935535430908
v 0.09078927338123322 15.870072364807129 -1.2497557401657104
v 0.13576379418373108 15.36428165435791 -0.8414501547813416
v -0.2338273823261261 14.808082580566406 -0.4409053921699524
v 0.26950162649154663 15.208904266357422 0.029385019093751907
v -0.09689369052648544 15.27210807800293 0.6218838691711426
v 0.6925870180130005 15.635712623596191 0.13118498027324677
v -0.11534187197685242 15.953670501708984 0.5685288906097412
v 0.09961405396461487 16.19618034362793 0.20615820586681366
v 0.22672563791275024 15.23007869720459 -0.7281855940818787
v 0.009723946452140808 15.115348815917969 -0.6620283722877502
v 0.7170555591583252 15.226608276367188 -0.0449741929769516
v 0.13539069890975952 15.265447616577148 0.83064204454422
v 0.029907355085015297 15.798372268676758 -0.7304658889770508
v 0.588171124458313 15.800480842590332 0.26272568106651306
v 0.17643408477306366 15.182219505310059 0.524983286857605
v 0.026981761679053307 16.02448272705078 -0.11884451657533646
v -0.4676406681537628 15.864103317260742 0.4219691753387451
v -0.08421149104833603 16.032289505004883 0.003134757047519088
v -0.5750084519386292 15.611255645751953 -0.536933422088623
v -0.3791968524456024 16.054912567138672 -0.2608324885368347
v 0.13557155430316925 16.23223114013672 0.03752413019537926
v 0.41332322359085083 16.056640625 0.07326436787843704
v 0.014820530079305172 16.22659683227539 0.15606549382209778
v 0.5112504959106445 15.649231910705566 -0.5708652138710022
v -0.5733696818351746 15.906496047973633 0.17493055760860443
v 0.42625588178634644 16.04654312133789 -0.06962470710277557
v 0.13195665180683136 15.22101879119873 -0.16479475796222687
v 0.6229850053787231 15.532983779907227 0.27180546522140503
v 0.6556840538978577 15.891338348388672 -0.14326821267604828
v -0.336071640253067 14.715428352355957 -0.62166827917099
v -0.009844315238296986 14.971152305603027 0.11426817625761032
v 0.01735028065741062 16.226293563842773 0.1566808670759201
v -0.32981449365615845 14.7303466796875 -0.7050723433494568
v 0.1445726454257965 14.9181489944458 0.07119029760360718
v -0.054609764367341995 16.020950317382812 0.456576943397522
v 0.0689619779586792 15.528095245361328 -0.7204832434654236
v 0.1040622740983963 15.748977661132812 -1.388211965560913
v 0.36127063632011414 15.983275413513184 0.3900008201599121
v 0.3613224923610687 16.049705505371094 -0.2493712604045868
v -0.518125593662262 16.027997970581055 -0.035649374127388
v -0.4059162139892578 16.052587509155273 -0.21753130853176117
v 0.13387352228164673 16.063251495361328 -0.07282465696334839
v 0.16778630018234253 15.797325134277344 -1.4124037027359009
v -0.28705987334251404 14.696922302246094 -0.7420549392700195
v -0.2073514461517334 14.687947273254395 -0.6944725513458252
v 0.42515093088150024 15.592734336853027 0.5642617344856262
v 0.047392893582582474 15.4713773727417 1.1284716129302979
v 0.3033384084701538 15.059585571289062 -0.31376218795776367
v -0.24203941226005554 16.025487899780273 0.22017990052700043
v 0.13584841787815094 16.05292510986328 0.20876143872737885
v 0.7303289771080017 15.560752868652344 -0.028920283541083336
v 0.30151093006134033 14.97941780090332 0.300883948802948
v -0.2364700883626938 15.352813720703125 0.6405755877494812
v -0.3079298734664917 16.05544662475586 -0.34265071153640747
v -0.368699848651886 15.249542236328125 0.5487913489341736
v -0.20660549402236938 15.236795425415039 -0.233733668923378
v -0.12783683836460114 16.133394241333008 -0.11142656952142715
v 0.13919806480407715 15.043570518493652 -0.3712559938430786
v -0.3462054431438446 15.901924133300781 -0.5824978351593018
v -0.1161484569311142 15.60733413696289 -0.9459857940673828
v -0.21493683755397797 14.758440017700195 -0.6474332809448242
v -0.656305730342865 15.887639999389648 -0.04864528775215149
v -0.6334778070449829 15.130184173583984 -0.11252924054861069
v 0.46160709857940674 15.052120208740234 -0.19715873897075653
v 0.2048931121826172 16.124149322509766 0.006636141799390316
v 0.301827609539032 15.002320289611816 0.13456852734088898
v 0.011530943214893341 16.039539337158203 -0.43357354402542114
v 0.591499388217926 15.24303913116455 -0.41283732652664185
v -0.04822589457035065 16.22933006286621 -0.16975165903568268
v 0.017269747331738472 16.08110237121582 0.20481029152870178
v -0.15170204639434814 16.02947425842285 0.2943052351474762
v -0.15011127293109894 16.239147186279297 0.10222956538200378
v 0.05113997682929039 14.992555618286133 0.3981412947177887
v -0.12535396218299866 15.487674713134766 -0.7610244750976562
v -0.11733632534742355 16.023223876953125 0.10700151324272156
v 0.5497488975524902 15.677766799926758 0.4125390350818634
v 0.0028387915808707476 15.229120254516602 0.6349230408668518
v 0.08418302983045578 15.668089866638184 -0.9577568173408508
v -0.16177566349506378 16.019315719604492 0.05842938274145126
v 0.22983458638191223 16.212892532348633 -0.002940285485237837
v -0.6082534193992615 15.169815063476562 0.3021947741508484
v 0.3032219409942627 14.753873825073242 0.2802102863788605
v 0.5438167452812195 15.776351928710938 0.3960394561290741
v 0.6186245679855347 15.379505157470703 0.26092275977134705
v -0.05975776165723801 15.280206680297852 0.7072482109069824
v -0.06385313719511032 16.04805564880371 -0.10354475677013397
v 0.19962134957313538 15.506908416748047 -0.9209045767784119
v -0.3558906018733978 14.668076515197754 -0.35746896266937256
v 0.27131909132003784 15.291606903076172 -0.03333460912108421
v 0.11805234849452972 15.431536674499512 0.981569230556488
v 0.18845883011817932 15.025092124938965 0.01673535443842411
v 0.11354998499155045 16.03768539428711 0.08539534360170364
v -0.27100393176078796 14.985809326171875 0.12261362373828888
v 0.303495854139328 15.137887954711914 0.03358663618564606
v 0.666998565196991 15.868866920471191 -0.1450042426586151
v -0.07800711691379547 15.73102855682373 -1.3351751565933228
v -0.5806282758712769 15.508427619934082 -0.5602260231971741
v -0.1762840747833252 15.02736759185791 -0.5353671312332153
v 0.549920916557312 15.68021297454834 0.41223374009132385
v -0.6617125868797302 15.239209175109863 -0.3374517560005188
v 0.7339814305305481 15.626728057861328 -0.17146550118923187
v 0.13754530251026154 15.359210014343262 -0.8179207444190979
v 0.29119038581848145 15.04969596862793 -0.11193729937076569
v 0.19162578880786896 15.735218048095703 -1.1050769090652466
v 0.0757056325674057 16.040672302246094 -0.2867940664291382
v -0.6708441376686096 15.523305892944336 0.319444864988327
v -0.5469285845756531 15.095973014831543 -0.30340033769607544
v 0.09991525858640671 16.226438522338867 0.07826131582260132
v -0.46868929266929626 15.08491325378418 -0.47229668498039246
v -0.19841508567333221 15.561702728271484 -1.0313106775283813
v 0.05184498429298401 15.449460983276367 -0.8024327158927917
v 0.10544340312480927 16.02292251586914 -0.02289915643632412
v -0.31772446632385254 14.618548393249512 -0.33273109793663025
v 0.1903010755777359 15.343341827392578 0.8356590270996094
v 0.5023497343063354 15.05285358428955 -0.12400206923484802
v -0.21795102953910828 15.083740234375 -0.2474961280822754
v 0.012126072309911251 15.12332820892334 -0.6684108972549438
v -0.0779690146446228 16.14685821533203 0.1961192786693573
v 0.1762673407793045 14.526394844055176 -0.011085538193583488
v 0.18019117414951324 15.693251609802246 0.9738398194313049
v 0.5436529517173767 15.597514152526855 0.4201173484325409
v -0.005268241744488478 15.279494285583496 0.6636430025100708
v -0.32697170972824097 15.271553039550781 -0.3914667069911957
v -0.6900935769081116 15.701375007629395 -0.3214164972305298
v -0.10381865501403809 15.269530296325684 0.6074879765510559
v 0.2949759066104889 16.023481369018555 0.07596633583307266
v -0.3483668863773346 14.810066223144531 -0.34747087955474854
v -0.3342972993850708 14.978899955749512 -0.41245466470718384
v 0.2027616947889328 16.226959228515625 -0.07249319553375244
v -0.43471112847328186 16.04636573791504 -0.14674389362335205
v -0.4133113920688629 15.023530006408691 0.18977373838424683
v 0.44773921370506287 15.274944305419922 -0.6205962896347046
v 0.2450583577156067 15.980192184448242 0.4975909888744354
v -0.27652740478515625 14.985947608947754 0.11520569026470184
v -0.3888077437877655 15.705126762390137 -0.6647642254829407
v 0.1986146867275238 15.693897247314453 1.136417269706726
v 0.26454541087150574 14.983418464660645 0.2004018872976303
v -0.2293987274169922 15.318471908569336 0.6298835277557373
v -0.11478826403617859 14.962878227233887 0.05223604291677475
v 0.04088037833571434 16.25143051147461 -0.008694103918969631
v 0.15709331631660461 15.000904083251953 0.09157276153564453
v -0.1317770630121231 16.008007049560547 0.10932492464780807
v 0.5734550952911377 15.838605880737305 0.257875919342041
v 0.19122517108917236 16.159658432006836 -0.09502459317445755
v -0.22145947813987732 16.02308464050293 0.24261164665222168
v 0.028187943622469902 15.919822692871094 -0.6716664433479309
v 0.49406298995018005 15.904905319213867 0.35227474570274353
v -0.27023419737815857 15.230862617492676 -0.4099847376346588
v 0.25146326422691345 15.304815292358398 -0.7636488676071167
v 0.040141474455595016 16.25046157836914 -0.1605364978313446
v 0.5836948752403259 15.871145248413086 -0.34693798422813416
v 0.42033326625823975 16.04934310913086 0.061467815190553665
v -0.5794247984886169 15.900236129760742 0.17618338763713837
v -0.0180280152708292 15.064251899719238 -0.6127409934997559
v 0.4937652051448822 15.799302101135254 -0.55588698387146
v -0.19234560430049896 16.069358825683594 -0.010226515121757984
v -0.20496559143066406 15.743697166442871 -1.1655919551849365
v 0.110880546271801 15.721701622009277 1.1309683322906494
v -0.5297290682792664 15.480962753295898 0.4593890309333801
v 0.10248254984617233 15.751846313476562 -1.4045833349227905
v -0.028469493612647057 15.317220687866211 0.8439523577690125
v 0.6453170776367188 15.464512825012207 -0.3632892370223999
v -0.019592616707086563 15.34351921081543 0.6928004026412964
v -0.13434992730617523 16.018444061279297 0.10362138599157333
v -0.7570993304252625 15.394649505615234 0.12142473459243774
v 0.19850139319896698 15.26775074005127 -0.028862271457910538
v -0.3836468756198883 15.308151245117188 -0.6817891001701355
v -0.06739558279514313 16.242034912109375 -0.07582873851060867
v -0.022053321823477745 15.373063087463379 0.7050390243530273
v 0.08136026561260223 15.787436485290527 0.990407407283783
v -0.027121810242533684 15.741938591003418 0.9832979440689087
v 0.016879137605428696 14.983634948730469 -0.007334590423852205
v -0.13735423982143402 16.2374267578125 0.11336388438940048
v 0.1946542114019394 15.204211235046387 0.5947807431221008
v -0.20772738754749298 15.106771469116211 -0.40914517641067505
v -0.31213364005088806 15.283834457397461 -0.3083251416683197
v -0.19167938828468323 16.23413848876953 -0.04934210702776909
v 0.06933256983757019 15.984130859375 0.5900126695632935
v 0.11652630567550659 16.015609741210938 0.004507692996412516
v -0.3193672001361847 15.023787498474121 -0.4843510091304779
v -0.27097901701927185 15.217137336730957 -0.41150781512260437
v 0.3064901530742645 15.058399200439453 -0.406264066696167
v 0.24871967732906342 14.744853019714355 0.1695871502161026
v -0.07006137818098068 16.03571319580078 -0.03912824019789696
v -0.43413975834846497 15.035268783569336 -0.2979099452495575
v 0.19712163507938385 16.017475128173828 0.4288811683654785
v 0.7194936275482178 15.705349922180176 -0.16162461042404175
v -0.2189166396856308 14.983748435974121 0.17622797191143036
v 0.502536952495575 15.052865982055664 -0.123536616563797
v -0.45087093114852905 16.035255432128906 -0.05189984291791916
v 0.39445585012435913 15.054885864257812 -0.26154330372810364
v -0.12451472878456116 15.772016525268555 0.6510993242263794
v -0.20990145206451416 16.233020782470703 0.07311126589775085
v 0.012958023697137833 16.04084014892578 -0.18165229260921478
v -0.20890046656131744 14.684930801391602 -0.678739070892334
v 0.024401051923632622 15.761099815368652 1.0643749237060547
v 0.5238978862762451 15.09850025177002 -0.4017528295516968
v 0.27131521701812744 15.291437149047852 -0.03320516273379326
v 0.07436568289995193 16.032278060913086 -0.20361949503421783
v -0.043461911380290985 15.748357772827148 0.9423385262489319
v 0.49641621112823486 15.996903419494629 0.22542275488376617
v 0.21616846323013306 15.185354232788086 -0.7002099752426147
v 0.05998454988002777 15.298405647277832 0.9295075535774231
v -0.32683679461479187 15.276947021484375 -0.39108043909072876
v 0.13470911979675293 15.154926300048828 -0.1133200153708458
v -0.5798165798187256 15.461053848266602 -0.5685601830482483
v 0.2554894983768463 14.914688110351562 0.04463154822587967
v 0.09555257856845856 16.025405883789062 -0.05046821013092995
v 0.2108989953994751 15.417354583740234 -0.7803815007209778
v 0.2897835373878479 14.98001766204834 0.3078453242778778
v 0.5751872658729553 15.958065032958984 0.11771519482135773
v -0.5762660503387451 15.597677230834961 -0.5399572849273682
v 0.08432794362306595 15.346741676330566 1.0095438957214355
v -0.08306217938661575 16.024551391601562 0.15309371054172516
v -0.09855952113866806 16.233448028564453 -0.1573968380689621
v 0.6676605939865112 15.559710502624512 -0.3444325625896454
v 0.04305410012602806 15.031682014465332 -0.38832613825798035
v -0.25349652767181396 16.02728271484375 0.206111341714859
v 0.22915755212306976 15.296867370605469 0.8909802436828613
v -0.1879977136850357 16.222200393676758 -0.08471290022134781
v 0.3049706816673279 15.257772445678711 -0.05570220202207565
v 0.032518550753593445 15.74765396118164 1.0952198505401611
v -0.07677875459194183 16.035219192504883 -0.027883585542440414
v 0.45398372411727905 15.017281532287598 0.16112112998962402
v -0.00505121098831296 15.267837524414062 0.8427839279174805
v -0.10510513931512833 15.810670852661133 -1.1195200681686401
v 0.19068145751953125 14.785244941711426 0.12774638831615448
v -0.30328109860420227 14.655485153198242 -0.5255236029624939
v -0.18975989520549774 14.918581008911133 -0.29975947737693787
v -0.30695459246635437 14.780744552612305 -0.2918156683444977
v 0.2988465130329132 15.014598846435547 0.12760739028453827
v -0.6026731729507446 15.937280654907227 -0.2675338089466095
v -0.12232701480388641 14.992790222167969 -0.20258155465126038
v 0.002234790939837694 15.600905418395996 0.7528351545333862
v -0.33427533507347107 14.989137649536133 0.00908717978745699
v -0.14741386473178864 15.836994171142578 -1.4361244440078735
v 0.12011163681745529 15.058646202087402 -0.49122992157936096
v 0.7337960600852966 15.493853569030762 -0.03167525678873062
v -0.08483573794364929 16.251585006713867 0.0275152325630188
v -0.22218824923038483 14.65919017791748 -0.5437442064285278
v 0.2460063397884369 15.503463745117188 1.1053297519683838
v 0.1081007793545723 16.029682159423828 -0.20851145684719086
v 0.11785146594047546 15.660517692565918 -1.1654529571533203
v -0.09582594037055969 16.024370193481445 -0.07490192353725433
v 0.23943831026554108 15.677069664001465 1.0745848417282104
v -0.3154027462005615 15.004829406738281 -0.21461175382137299
v 0.25986242294311523 15.942037582397461 -0.600165843963623
v -0.05911736190319061 14.986379623413086 -0.13566099107265472
v -0.08459379523992538 14.964555740356445 0.07674778252840042
v 0.681631326675415 15.231925010681152 -0.21914538741111755
v -0.6803364157676697 15.464242935180664 0.3239060640335083
v 0.18130408227443695 15.013492584228516 0.05938531830906868
v 0.08587309718132019 16.04823875427246 -0.07396440953016281
v 0.4311022162437439 15.926377296447754 -0.4983989894390106
v 0.04831243306398392 15.507667541503906 1.0534250736236572
v -0.07337644696235657 15.646768569946289 -1.1849288940429688
v -0.2041853964328766 15.719378471374512 -0.7631976008415222
v -0.13914929330348969 16.240690231323242 -0.113773413002491
v -0.5759252905845642 15.12976360321045 0.29583582282066345
v -0.4245603680610657 15.034367561340332 -0.3219267725944519
v -0.10234414041042328 16.2169189453125 -0.14981599152088165
v 0.24795642495155334 16.02758026123047 0.1996033787727356
v -0.024243421852588654 15.818206787109375 0.6930142641067505
v -0.7160558700561523 15.563636779785156 -0.3548729121685028
v -0.0692189633846283 16.08949851989746 0.1971273124217987
v 0.6128638982772827 15.220787048339844 0.2327556163072586
v 0.5116813778877258 15.529330253601074 -0.5864708423614502
v -0.19374379515647888 15.365622520446777 -0.7737743258476257
v 0.2886037528514862 14.774907112121582 0.19835419952869415
v -0.1786973476409912 15.957383155822754 -0.6003515720367432
v -0.056713301688432693 15.886484146118164 -1.4202468395233154
v -0.6653557419776917 15.794137954711914 -0.2985759377479553
v 0.2823216915130615 15.808701515197754 -0.6716366410255432
v 0.21517613530158997 16.01579475402832 -0.540454626083374
v -0.6476655602455139 15.846704483032227 -0.28710299730300903
v -0.013050639070570469 15.509257316589355 0.7484917640686035
v -0.202411949634552 15.293299674987793 -0.22864651679992676
v 0.0360608845949173 15.761311531066895 0.7257989048957825
v -0.1604854166507721 14.963492393493652 -0.006753566674888134
v -0.7610042095184326 15.382711410522461 -0.13429442048072815
v 0.6789054274559021 15.286722183227539 0.09920023381710052
v 0.1830034852027893 15.30018424987793 0.728152334690094
v -0.537200391292572 15.944814682006836 0.16620497405529022
v 0.1399044394493103 15.030193328857422 -0.01612752303481102
v 0.10127386450767517 15.878525733947754 -1.3459991216659546
v -0.08465954661369324 16.241613388061523 -0.06695277243852615
v 0.14757035672664642 16.0456600189209 0.0626942440867424
v -0.33115047216415405 15.104592323303223 -0.4034382104873657
v 0.2327701896429062 14.55776309967041 -0.046771179884672165
v -0.29621633887290955 14.75155258178711 -0.4631654918193817
v 0.16755789518356323 16.064285278320312 0.006211407482624054
v -0.16630521416664124 16.149274826049805 -0.09084231406450272
v 0.22731530666351318 16.010913848876953 -0.14976821839809418
v 0.7306281328201294 15.476313591003418 -0.1993982046842575
v 0.21490336954593658 15.434083938598633 0.6664991974830627
v -0.12135310471057892 16.242761611938477 -0.12420522421598434
v -0.2796444296836853 15.057245254516602 -0.4292449653148651
v 0.13996630907058716 14.649053573608398 0.11526847630739212
v 0.14859090745449066 14.961782455444336 0.13626700639724731
v 0.09943251311779022 15.75678825378418 -1.4399611949920654
v -0.19186706840991974 16.24123764038086 0.05997385084629059
v -0.5376979112625122 15.231283187866211 -0.5379594564437866
v 0.19365869462490082 15.580617904663086 -0.9735615253448486
v 0.5400075316429138 15.543516159057617 0.4185883700847626
v 0.14382304251194 16.075075149536133 -0.07800950855016708
v 0.46344026923179626 15.872659683227539 -0.5299574136734009
v 0.2592577338218689 14.724048614501953 0.16525904834270477
v -0.010339801199734211 15.525634765625 0.7504018545150757
v 0.11538177728652954 15.403726577758789 0.9360630512237549
v 0.2999168932437897 14.847134590148926 0.25021567940711975
v -0.1173158511519432 15.638011932373047 -0.968549907207489
v 0.1544627845287323 15.205172538757324 -0.05126262456178665
v -0.191796213388443 14.887508392333984 -0.302797794342041
v 0.293806791305542 16.025699615478516 -0.189905047416687
v -0.37954604625701904 16.042259216308594 -0.3376382887363434
v 0.3974062502384186 16.040996551513672 0.17037974298000336
v 0.617326021194458 15.343372344970703 -0.39629441499710083
v 0.16117754578590393 15.344261169433594 -0.6917310953140259
v -0.16177600622177124 14.98254108428955 -0.15011879801750183
v 0.008758454583585262 15.718948364257812 0.9028404951095581
v 0.12751275300979614 16.09418296813965 0.1605614870786667
v -0.5180044174194336 15.233389854431152 0.43927907943725586
v -0.35325074195861816 14.746222496032715 -0.3527474105358124
v -0.05778162181377411 16.04874038696289 -0.15340656042099
v -0.27344539761543274 15.302080154418945 -0.24629437923431396
v 0.6137582063674927 15.239873886108398 0.23742452263832092
v 0.25515303015708923 15.141752243041992 0.5074324607849121
v 0.7035991549491882 15.463848114013672 0.11963661760091782
v -0.14019587635993958 16.090171813964844 -0.092580147087574
v -0.29340416193008423 14.803424835205078 -0.45740848779678345
v 0.029679860919713974 15.73592472076416 -0.7558290362358093
v -0.21812711656093597 14.987794876098633 -0.4218004047870636
v 0.23637008666992188 15.051608085632324 0.4457993507385254
v 0.1107194796204567 15.700427055358887 0.9607993364334106
v 0.09333722293376923 15.773900985717773 1.047042965888977
v -0.31173381209373474 14.706412315368652 -0.29830726981163025
v 0.4946615397930145 15.79644775390625 -0.5565996170043945
v -0.5259987115859985 15.540194511413574 0.45577502250671387
v 0.06922223418951035 16.26006507873535 -0.1540515124797821
v 0.04106214642524719 15.601252555847168 -0.8009649515151978
v 0.19461645185947418 14.856804847717285 0.2838681936264038
v -0.49895668029785156 15.06368637084961 0.27140235900878906
v 0.0357837937772274 14.976147651672363 0.12393447011709213
v 0.034876998513936996 15.454442977905273 1.023062825202942
v 0.17630213499069214 16.226118087768555 0.01802184246480465
v 0.5311365723609924 15.400910377502441 0.39286360144615173
v -0.24714361131191254 14.69006061553955 -0.2829046845436096
v 0.5189568996429443 15.087930679321289 -0.39979088306427
v -0.5936086177825928 15.884651184082031 0.17671912908554077
v -0.36988601088523865 15.236987113952637 -0.6587634682655334
v -0.12561342120170593 16.023784637451172 0.09572728723287582
v -0.2141740471124649 14.760499000549316 -0.6572814583778381
v -0.7657793164253235 15.543149948120117 0.13758055865764618
v 0.14509178698062897 14.81671142578125 0.2480114847421646
v -0.1739163100719452 15.159996032714844 -0.27612918615341187
v -0.21138915419578552 14.768143653869629 -0.6932467818260193
v -0.05834091827273369 15.28067684173584 0.7107243537902832
v -0.20073632895946503 16.213027954101562 0.07878751307725906
v -0.40368935465812683 15.452062606811523 0.5755286812782288
v 0.026314517483115196 15.417113304138184 0.9829362630844116
v 0.034286417067050934 15.665923118591309 1.111126184463501
v -0.08100368827581406 15.76077938079834 0.8250656723976135
v -0.028120629489421844 16.033695220947266 -0.08389755338430405
v -0.15697914361953735 16.182266235351562 -0.1060444787144661
v -0.1654365211725235 15.10472583770752 0.5385645627975464
v -0.11229263991117477 15.768077850341797 0.7265068292617798
v -0.3403482139110565 14.9149169921875 -0.33880695700645447
v 0.216679647564888 16.182180404663086 -0.044820405542850494
v 0.014919263310730457 15.234223365783691 0.7419788241386414
v -0.20979906618595123 16.184267044067383 0.03677817061543465
v -0.011571689508855343 15.727066040039062 0.8445861339569092
v -0.1944340169429779 15.377510070800781 -0.777097225189209
v 0.1011776328086853 16.020793914794922 -0.02133171260356903
v 0.19840788841247559 15.257857322692871 -0.02132761850953102
v -0.16874544322490692 15.238802909851074 -0.2684157192707062
v -0.1538563072681427 16.154037475585938 0.12895233929157257
v 0.2607637643814087 14.56116771697998 0.03894142806529999
v -0.5063486695289612 16.03044891357422 -0.22946925461292267
v -0.1424262523651123 16.245349884033203 -0.014119874686002731
v -0.18676741421222687 15.226791381835938 -0.7211544513702393
v 0.14892850816249847 14.813557624816895 0.15267875790596008
v 0.4331967830657959 15.663067817687988 0.5613643527030945
v -0.17231200635433197 14.722407341003418 -0.6679840683937073
v -0.5327734351158142 15.326726913452148 0.4536668062210083
v -0.6945554614067078 15.22203540802002 -0.12869712710380554
v 0.5101109743118286 15.053350448608398 -0.10265956819057465
v -0.29555705189704895 14.675227165222168 -0.6286367774009705
v 0.2928604185581207 14.894770622253418 0.11027563363313675
v 0.0782567709684372 15.055513381958008 -0.5055020451545715
v 0.1847231239080429 15.337835311889648 0.9964438080787659
v -0.14728805422782898 15.837102890014648 -1.436914324760437
v 0.029866179451346397 15.79515552520752 -0.7317769527435303
v 0.10637295246124268 15.746633529663086 1.095658302307129
v -0.06400123983621597 15.776402473449707 -1.4392732381820679
v 0.22582793235778809 15.311541557312012 0.6013071537017822
v 0.12010595202445984 15.697347640991211 -1.2238914966583252
v 0.0316028818488121 15.681544303894043 -0.7773972153663635
v -0.20369412004947662 14.745002746582031 -0.4024730622768402
v -0.11381731182336807 16.02533721923828 0.13391584157943726
v 0.01993713341653347 16.045700073242188 0.17983491718769073
v -0.20459124445915222 16.13030242919922 0.0014369572745636106
v 0.02533878944814205 15.562116622924805 1.1207196712493896
v 0.23920945823192596 15.460716247558594 1.0880168676376343
v 0.1445794701576233 16.017562866210938 -0.03312121704220772
v 0.13596785068511963 15.266989707946777 0.8348870873451233
v -0.014184249565005302 15.045997619628906 -0.5285353064537048
v -0.006320863962173462 16.231548309326172 0.09079859405755997
v 0.190671905875206 14.849503517150879 0.08123467862606049
v 0.10186239331960678 15.758079528808594 1.0709506273269653
v 0.3301439881324768 15.032740592956543 0.009803790599107742
v -0.18195213377475739 14.700984954833984 -0.5564367175102234
v 0.08743052929639816 15.732871055603027 -1.0119507312774658
v 0.04378185793757439 16.02733612060547 -0.07844243943691254
v 0.08163666725158691 15.62431526184082 -0.9263597130775452
v 0.2209354192018509 16.195167541503906 -0.04460633173584938
v 0.5156582593917847 15.965240478515625 -0.3183218836784363
v -0.18714892864227295 15.259251594543457 -0.7374098300933838
v -0.10089840739965439 16.08298683166504 0.16851654648780823
v -0.046104155480861664 16.23491859436035 -0.1723639965057373
v -0.0842779204249382 16.032730102539062 -0.001217688899487257
v 0.6552265882492065 15.498467445373535 -0.35450708866119385
v 0.1358652561903 15.12720775604248 -0.09168973565101624
v 0.43815526366233826 15.751330375671387 0.5443527102470398
v -0.118467777967453 15.676876068115234 -0.9969138503074646
v 0.600386917591095 15.938535690307617 -0.004092323128134012
v -0.1718277782201767 16.044679641723633 -0.031990792602300644
v 0.060034144669771194 14.985920906066895 0.2574334442615509
v 0.06534571200609207 15.832690238952637 0.6947707533836365
v -0.20487993955612183 15.843514442443848 -0.7035095691680908
v 0.08946866542100906 15.83617877960205 -1.1405155658721924
v -0.19656531512737274 15.518250465393066 -0.9945731163024902
v 0.6645850539207458 15.687263488769531 -0.34300652146339417
v 0.011643554084002972 15.322223663330078 0.9792330861091614
v 0.40237361192703247 15.053704261779785 0.3747720420360565
v -0.029048016294836998 15.02407169342041 -0.3939100205898285
v -0.05360843986272812 15.282296180725098 0.7223145365715027
v 0.40577855706214905 15.088042259216309 0.3954743444919586
v 0.08278188109397888 15.827512741088867 0.776836633682251
v -0.3866659700870514 15.313944816589355 0.5629923343658447
v -0.2408650815486908 15.532206535339355 0.6692926287651062
v 0.029243523254990578 15.684064865112305 1.1024706363677979
v -0.05106993019580841 15.283164978027344 0.7285317778587341
v 0.18270273506641388 16.090003967285156 0.0069771576672792435
v 0.3253228962421417 15.085965156555176 -0.5490184426307678
v -0.22588130831718445 14.976799011230469 -0.257114976644516
v 0.38754886388778687 16.047000885009766 -0.1988401561975479
v 0.1849810928106308 15.017740249633789 0.04506697505712509
v -0.04535546898841858 14.9677095413208 0.09969936311244965
v 0.22035802900791168 15.33597183227539 0.9746531248092651
v -0.14938397705554962 15.835281372070312 -1.4237574338912964
v -0.020749658346176147 16.021148681640625 0.4596197009086609
v -0.21746499836444855 14.668333053588867 -0.5917280316352844
v 0.1353749930858612 15.139005661010742 -0.10086462646722794
v 0.12844571471214294 15.328120231628418 0.7423030138015747
v -0.07155261188745499 16.03563690185547 -0.036866478621959686
v 0.22163814306259155 16.008821487426758 -0.548095703125
v 0.26142099499702454 14.841267585754395 0.3082316219806671
v 0.6503126621246338 15.100153923034668 -0.22806265950202942
v 0.05476284399628639 16.0726318359375 0.19319891929626465
v 0.2627229392528534 15.93387508392334 -0.6048962473869324
v 0.5519776940345764 16.010765075683594 -0.11706868559122086
v 0.19134961068630219 15.377324104309082 1.0521107912063599
v -0.43155041337013245 15.024673461914062 0.16270790994167328
v 0.6521296501159668 15.736348152160645 -0.3451453149318695
v -0.4091898798942566 15.032296180725098 -0.3584440350532532
v 0.2049679458141327 16.100765228271484 0.05046612769365311
v -0.19642779231071472 14.816986083984375 -0.3097059428691864
v 0.19067758321762085 14.813514709472656 0.10728383809328079
v -0.1355198323726654 15.868188858032227 0.6235659718513489
v -0.21724580228328705 14.752107620239258 -0.6176239848136902
v -0.2026013433933258 16.114660263061523 0.00836283341050148
v 0.1786087155342102 14.664397239685059 0.06595811992883682
v 0.5366963744163513 15.12587833404541 -0.40683460235595703
v 0.5278224349021912 15.35477352142334 0.38023555278778076
v 0.02985161915421486 15.744879722595215 0.7313188314437866
v 0.6694575548171997 15.814029693603516 -0.011106240563094616
v -0.0697980523109436 15.375129699707031 -0.863653302192688
v -0.2199530005455017 15.056775093078613 -0.24992327392101288
v -0.3375242054462433 15.77424430847168 0.5305846929550171
v 0.44437089562416077 16.01249885559082 0.3167847692966461
v 0.13780146837234497 15.080730438232422 -0.05547015741467476
v 0.13729529082775116 15.653223991394043 1.0529332160949707
v -0.09028153121471405 16.23910903930664 0.09196268767118454
v -0.36588767170906067 15.020788192749023 0.2471906691789627
v -0.5800946950912476 15.471272468566895 -0.5669108629226685
v -0.11403115838766098 16.05651092529297 -0.12254132330417633
v 0.110232412815094 15.727704048156738 1.1250278949737549
v 0.4023219645023346 15.363045692443848 0.5111506581306458
v -0.12847189605236053 14.9913911819458 -0.19697538018226624
v -0.17594090104103088 15.075967788696289 -0.36724501848220825
v -0.23957370221614838 16.025127410888672 0.2230897843837738
v 0.19068168103694916 14.7835111618042 0.12900102138519287
v 0.007700600195676088 16.04383659362793 -0.27435049414634705
v -0.008435208350419998 16.217302322387695 -0.1701236218214035
v 0.22761696577072144 16.21479606628418 -0.011450213380157948
v 0.29406386613845825 14.556744575500488 -0.04671817272901535
v -0.08542188256978989 15.809950828552246 0.716959536075592
v -0.5543394684791565 15.104507446289062 -0.3047783672809601
v -0.23464113473892212 16.038898468017578 0.07328779995441437
v -0.5362410545349121 15.087126731872559 0.28417691588401794
v 0.32357802987098694 16.028892517089844 0.32611480355262756
v 0.27042025327682495 15.2506742477417 -0.002326729940250516
v -0.38457292318344116 15.316603660583496 -0.684093713760376
v -0.5341596007347107 15.894701957702637 0.31826144456863403
v -0.2629138231277466 16.05316925048828 -0.3751656413078308
v 0.04810905084013939 15.684526443481445 1.0038340091705322
v -0.05292618274688721 15.346970558166504 -0.7425594329833984
v 0.1128249540925026 15.545936584472656 -1.0402898788452148
v -0.1768537312746048 15.115229606628418 -0.28050971031188965
v -0.5385520458221436 15.089460372924805 0.28493764996528625
v 0.4191702902317047 16.00753402709961 -0.2677375376224518
v -0.09683249145746231 15.839098930358887 -1.1639004945755005
v 0.06799831241369247 16.019210815429688 0.45804885029792786
v -0.32066598534584045 15.172286987304688 -0.3175421357154846
v 0.6944529414176941 15.795919418334961 -0.1521967351436615
v 0.5542603731155396 15.883307456970215 0.2511625289916992
v 0.10769856721162796 15.442818641662598 1.1105687618255615
v 0.02286386489868164 15.708822250366211 0.9421613216400146
v 0.013055164366960526 15.330547332763672 0.997530996799469
v -0.17192037403583527 14.978954315185547 -0.12812542915344238
v 0.3897412419319153 15.934964179992676 0.44212549924850464
v -0.4989316463470459 15.166668891906738 0.4258720874786377
v -0.06854522973299026 16.028085708618164 -0.0884476900100708
v -0.3393852412700653 14.775664329528809 -0.4270322322845459
v -0.08064492791891098 16.02501678466797 0.14183245599269867
v -0.7162607908248901 15.263534545898438 -0.1329851895570755
v 0.10752885788679123 15.742560386657715 1.1039379835128784
v 0.030039530247449875 15.808684349060059 -0.7262629866600037
v -0.08394418656826019 16.030513763427734 0.020632581785321236
v -0.21964861452579498 15.060873985290527 -0.24955427646636963
v 0.051233019679784775 15.408902168273926 -0.7945585250854492
v 0.6681508421897888 15.23831558227539 0.09147880971431732
v 0.2163832187652588 15.186294555664062 -0.7008035182952881
v -0.6855790615081787 15.292160034179688 -0.34443598985671997
v 0.47232237458229065 15.949737548828125 0.3350405991077423
v -0.29636478424072266 14.945484161376953 -0.2774295508861542
v 0.30453231930732727 15.222134590148926 -0.02914891578257084
v 0.14911140501499176 16.01409339904785 -0.06277117133140564
v 0.08795331418514252 15.352619171142578 1.019727110862732
v 0.18301667273044586 15.300209045410156 0.7282394766807556
v 0.11010956764221191 15.700966835021973 0.9581071734428406
v 0.11601103097200394 15.48733139038086 -0.9855601191520691
v -0.48710212111473083 15.033422470092773 -0.12355845421552658
v -0.43232467770576477 15.03514289855957 -0.30264389514923096
v -0.1275455355644226 14.962313652038574 0.04058917611837387
v -0.23223640024662018 14.639752388000488 -0.4416641891002655
v 0.2049531638622284 15.067784309387207 -0.6311025023460388
v -0.07279302924871445 16.041593551635742 0.3261955678462982
v -0.3367587924003601 14.713777542114258 -0.6125083565711975
v 0.395427942276001 16.046436309814453 -0.1814604103565216
v 0.12299696356058121 15.228907585144043 0.7490325570106506
v 0.1274326741695404 16.022869110107422 0.010317021049559116
v 0.11516360938549042 15.521737098693848 1.147462010383606
v -0.18280160427093506 14.99417495727539 -0.3759535551071167
v 0.016129767522215843 15.235111236572266 0.7462298274040222
v -0.580575704574585 15.510998725891113 -0.5596346259117126
v 0.2895808517932892 14.802392959594727 0.1781286895275116
v -0.32079872488975525 16.046106338500977 -0.044092193245887756
v -0.08963953703641891 15.853996276855469 -1.1958341598510742
v -0.5616939067840576 15.699512481689453 -0.5162369012832642
v 0.6616958379745483 15.527649879455566 -0.34912943840026855
v 0.02782668173313141 15.757946968078613 0.7333476543426514
v -0.027899958193302155 15.3189058303833 0.8479321599006653
v -0.29008999466896057 15.010238647460938 -0.2597006857395172
v 0.13185904920101166 15.801312446594238 0.9267871379852295
v -0.320980042219162 15.138259887695312 0.5019509196281433
v 0.153129443526268 15.031303405761719 -0.06154884025454521
v -0.3074028789997101 14.644960403442383 -0.4705126881599426
v 0.15964491665363312 15.300725936889648 0.920914351940155
v 0.04144320264458656 15.598348617553711 -0.8014702200889587
v 0.11304107308387756 15.541356086730957 -1.035935878753662
v -0.5158260464668274 15.633289337158203 0.44989266991615295
v -0.45253732800483704 15.036354064941406 -0.24788707494735718
v -0.19506952166557312 14.83763599395752 -0.3076799809932709
v 0.00905806664377451 16.035106658935547 0.1634650081396103
v 0.136566624045372 14.596899032592773 0.031226595863699913
v -0.7409548759460449 15.321489334106445 0.11941844969987869
v 0.5491665005683899 16.005226135253906 -0.0023817839100956917
v 0.019917113706469536 16.044357299804688 0.25197696685791016
v 0.25795555114746094 14.70484447479248 0.13198894262313843
v -0.5633912682533264 15.691875457763672 -0.5185545086860657
v 0.08811870217323303 15.023371696472168 -0.11757554858922958
v -0.4896969199180603 16.04013442993164 -0.22383317351341248
v 0.6620553135871887 15.757808685302734 0.12772636115550995
v -0.19872276484966278 15.566396713256836 -1.0348577499389648
v 0.7184070944786072 15.418963432312012 -0.20895211398601532
v 0.4079015254974365 15.131098747253418 0.4163270592689514
v 0.14235752820968628 14.68574047088623 0.17438843846321106
v -0.7547768354415894 15.381932258605957 0.12058459222316742
v -0.2969836890697479 16.050737380981445 -0.1366710662841797
v 0.43286803364753723 15.803365707397461 0.52723228931427
v -0.05220536142587662 15.751444816589355 0.9110426306724548
v 0.19015707075595856 15.337345123291016 0.8204209208488464
v 0.19196771085262299 16.025882720947266 0.0056394836865365505
v -0.022504104301333427 15.731657981872559 0.8161448836326599
v -0.03900754451751709 15.73873519897461 0.7762184739112854
v 0.2928185760974884 14.893593788146973 0.11114148050546646
v 0.19068646430969238 14.754441261291504 0.15004299581050873
v -0.07511064410209656 15.680460929870605 -1.2378007173538208
v -0.17965613305568695 16.03953742980957 -0.27945810556411743
v -0.39760658144950867 15.527573585510254 0.5714888572692871
v 0.46811869740486145 15.342291831970215 -0.6184172630310059
v -0.1931186467409134 16.07199478149414 -0.01194933895021677
v -0.6268699169158936 15.194408416748047 0.3058253824710846
v -0.08454954624176025 14.981270790100098 0.24218758940696716
v -0.501786470413208 15.173651695251465 0.42775803804397583
v 0.10925190895795822 15.453070640563965 1.1163657903671265
v 0.3024568557739258 15.05346965789795 0.09646687656641006
v -0.17948004603385925 15.063855171203613 -0.6260902285575867
v 0.5126320719718933 15.606552124023438 -0.5749483108520508
v -0.08634153008460999 15.000592231750488 -0.2273027002811432
v 0.6111519932746887 15.887659072875977 0.12289663404226303
v 0.02402113378047943 15.167972564697266 -0.701492965221405
v 0.7349121570587158 15.413846969604492 -0.03523829206824303
v 0.3012475073337555 14.7113037109375 0.20971259474754333
v 0.6779561042785645 15.2825288772583 0.09851592779159546
v -0.6367481350898743 15.661125183105469 0.31703704595565796
v 0.13874511420726776 16.02037811279297 -0.01150162797421217
v -0.03584956377744675 15.290807723999023 0.7712265849113464
v 0.31113240122795105 15.02050495147705 0.09936220943927765
v 0.20379135012626648 15.598614692687988 1.0829315185546875
v 0.11746768653392792 15.424317359924316 0.9711521863937378
v -0.49203795194625854 15.024225234985352 -0.2970389723777771
v 0.08741255849599838 15.737306594848633 -1.0159029960632324
v -0.24608473479747772 14.612837791442871 -0.3009752333164215
v -0.4941999614238739 15.027023315429688 -0.0010850589023903012
v -0.20319396257400513 15.624112129211426 -1.070703387260437
v 0.28663021326065063 15.009076118469238 0.1463223099708557
v -0.6984614729881287 15.663818359375 -0.3316155672073364
v 0.5670843124389648 15.8539457321167 0.2557028830051422
v -0.7481841444969177 15.69211196899414 -0.09220182150602341
v -0.29108405113220215 14.767128944396973 -0.686406672000885
v 0.18323302268981934 16.095909118652344 0.08398578315973282
v -0.6745131015777588 15.2645263671875 -0.3413600027561188
v -0.008413140662014484 16.229106903076172 0.14781217277050018
v 0.10193633288145065 15.057304382324219 -0.497477263212204
v 0.18140077590942383 14.60191535949707 0.11381523311138153
v -0.7189128398895264 15.459234237670898 -0.359423965215683
v 0.2467368245124817 16.011959075927734 -0.05754878371953964
v 0.11720060557126999 15.810334205627441 0.8844256401062012
v 0.12616324424743652 16.0395565032959 -0.42353495955467224
v -0.00806325301527977 15.539008140563965 0.7515870928764343
v 0.20794427394866943 15.739703178405762 0.9599935412406921
v 0.4345051050186157 15.677606582641602 0.559309184551239
v -0.5402411222457886 15.091166496276855 0.2854934334754944
v -0.06928060948848724 16.025907516479492 0.14803308248519897
v 0.1342661827802658 14.554290771484375 -0.048746753484010696
v 0.2884383499622345 15.009893417358398 0.14355231821537018
v -0.017612380906939507 15.797188758850098 0.9198026061058044
v -0.022771639749407768 15.359946250915527 0.9453938007354736
v 0.13451574742794037 15.159568786621094 -0.11693309992551804
v 0.0889643058180809 15.863973617553711 -1.2192695140838623
v 0.19242225587368011 16.050893783569336 0.15595924854278564
v -0.16060803830623627 16.03262710571289 0.07919541001319885
v -0.3884899318218231 15.585646629333496 0.5650987029075623
v 0.0911373421549797 16.241113662719727 -0.0635903850197792
v -0.3734317719936371 15.264354705810547 0.5526808500289917
v -0.6815274953842163 15.841850280761719 -0.05652960389852524
v 0.2017354667186737 15.655906677246094 1.0498836040496826
v 0.02947511337697506 15.882965087890625 -0.6933385729789734
v -0.2962152063846588 15.090213775634766 0.47672781348228455
v 0.5889595746994019 15.982147216796875 -0.13007278740406036
v -0.03505242243409157 16.02117919921875 0.4587244987487793
v 0.19813649356365204 16.01858901977539 -0.08087709546089172
v 0.11741899698972702 15.21862506866455 0.7273690700531006
v 0.19637498259544373 15.486139297485352 1.0418097972869873
v 0.5643889307975769 15.976983070373535 0.11605037748813629
v 0.6881181001663208 15.271215438842773 -0.21886807680130005
v -0.0032371608540415764 16.04256248474121 -0.17500214278697968
v 0.42698612809181213 16.04659080505371 -0.06412636488676071
v 0.1276945173740387 16.095020294189453 0.1609855443239212
v 0.32860317826271057 15.036799430847168 -0.020283184945583344
v -0.07337109744548798 15.758898735046387 0.8466666340827942
v -0.4858968257904053 15.033849716186523 -0.12947379052639008
v -0.23035454750061035 14.916535377502441 -0.26254063844680786
v 0.12962687015533447 15.339493751525879 0.777885377407074
v 0.17639973759651184 15.764586448669434 0.864475429058075
v 0.1909194141626358 16.10280418395996 0.007071113213896751
v 0.5239017605781555 15.303712844848633 0.3651021122932434
v 0.30216702818870544 15.029967308044434 0.11400473862886429
v 0.007507911417633295 16.028343200683594 -0.10871368646621704
v 0.18944229185581207 15.324484825134277 0.7907968759536743
v -0.05356510356068611 16.027183532714844 0.15601249039173126
v 0.10846659541130066 15.039600372314453 -0.37831586599349976
v -0.6812359094619751 15.457817077636719 0.3243969976902008
v 0.3004826605319977 14.893095016479492 0.21595712006092072
v 0.13307388126850128 15.259257316589355 0.8136005997657776
v 0.6564534306526184 15.775900840759277 0.1270657181739807
v 0.04235386848449707 15.690171241760254 0.992063581943512
v -0.24177710711956024 15.51928424835205 0.6684993505477905
v 0.19602054357528687 16.024967193603516 -0.009030343033373356
v 0.11007111519575119 15.728835105895996 1.1236834526062012
v 0.12226010859012604 15.320541381835938 0.7163803577423096
v 0.0903804674744606 15.869233131408691 -1.244850516319275
v -0.14089782536029816 16.087026596069336 -0.09111007302999496
v 0.1953997164964676 16.08167266845703 0.04658004641532898
v -0.059860359877347946 15.885005950927734 -1.3921160697937012
v 0.28754931688308716 15.90571117401123 0.5703625082969666
v 0.5368037223815918 15.800841331481934 0.38966822624206543
v 0.27808505296707153 15.862903594970703 -0.6423750519752502
v -0.10813117772340775 15.791061401367188 -1.0964101552963257
v -0.6844013929367065 15.75693416595459 0.1645335555076599
v 0.14901654422283173 14.979426383972168 0.12266640365123749
v 0.1906566619873047 14.949520111083984 0.008914055302739143
v 0.10626466572284698 16.050838470458984 0.2247714400291443
v 0.10410209000110626 16.03269386291504 -0.05573496222496033
v 0.10493699461221695 15.423266410827637 1.0978620052337646
v 0.2875613570213318 15.863079071044922 0.6075032353401184
v 0.18516923487186432 16.145708084106445 -0.09418649971485138
v 0.1860334873199463 14.988777160644531 0.2313688099384308
v 0.10677629709243774 15.313458442687988 0.6732603907585144
v -0.33051666617393494 15.024051666259766 -0.474793016910553
v -0.04784870892763138 15.749842643737793 0.9273297190666199
v -0.29851654171943665 14.66763973236084 -0.58912593126297
v 0.3841896653175354 15.055474281311035 -0.2686033844947815
v -0.02896827831864357 14.978680610656738 -0.04048866033554077
v -0.1752900332212448 16.104997634887695 -0.07030150294303894
v 0.17849110066890717 14.559106826782227 0.04301655665040016
v -0.14758948981761932 16.0181827545166 -0.521616518497467
v 0.19051992893218994 15.450699806213379 1.0155199766159058
v -0.030246349051594734 16.037195205688477 0.24550311267375946
v -0.7145382165908813 15.413081169128418 -0.35615473985671997
v 0.6156023144721985 15.30504035949707 0.25092023611068726
v -0.17702491581439972 16.090665817260742 -0.06287764012813568
v 0.5281034111976624 15.358651161193848 0.38135871291160583
v 0.11777138710021973 16.047264099121094 0.32237523794174194
v 0.7349651455879211 15.443568229675293 -0.033834416419267654
v 0.12728707492351532 15.239082336425781 0.7688442468643188
v -0.1292501538991928 16.24178695678711 -0.12012577056884766
v 0.00805139821022749 16.039670944213867 -0.43365350365638733
v 0.24492709338665009 15.979683876037598 -0.5767772197723389
v 0.5392324924468994 15.529276847839355 0.4167977571487427
v 0.2950737178325653 15.04898452758789 -0.10643144696950912
v 0.23548465967178345 16.030569076538086 0.22115562856197357
v 0.5352262854576111 15.460221290588379 0.406136155128479
v 0.057691168040037155 15.546496391296387 1.0669234991073608
v -0.533786952495575 15.341201782226562 0.45556482672691345
v 0.5490609407424927 15.738147735595703 0.4033743739128113
v -0.039551373571157455 15.309674263000488 0.6460052728652954
v -0.12153089046478271 15.907449722290039 0.6043717265129089
v 0.734279453754425 15.474617958068848 -0.03249605745077133
v -0.205692321062088 16.15513801574707 -0.007368032354861498
v -0.3347236216068268 14.961896896362305 -0.4136773347854614
v 0.08770443499088287 16.061384201049805 0.1684298813343048
v 0.3467748463153839 15.10968017578125 -0.5662546753883362
v -0.4880189001560211 15.145892143249512 -0.4953019618988037
v 0.007380741182714701 15.107563972473145 -0.6558013558387756
v 0.01205805130302906 15.365968704223633 0.8704696893692017
v 0.4189409911632538 16.046241760253906 -0.11147274821996689
v -0.6424940228462219 15.216687202453613 0.3093809187412262
v 0.6921436190605164 15.348129272460938 0.10853005945682526
v 0.04631934314966202 15.109844207763672 0.5585436820983887
v -0.23351173102855682 14.873897552490234 -0.26637017726898193
v -0.19765149056911469 16.082365036010742 0.023119335994124413
v 0.016534937545657158 15.517373085021973 1.1131681203842163
v -0.38247278332710266 16.038681030273438 -0.34050917625427246
v 0.011651061475276947 15.232254981994629 0.7260425090789795
v -0.17171244323253632 16.044424057006836 -0.031781040132045746
v 0.6199124455451965 15.406800270080566 0.2636438310146332
v -0.22627998888492584 14.98421573638916 0.1704941689968109
v -0.14527414739131927 16.025230407714844 0.18474358320236206
v 0.3508351743221283 15.057506561279297 -0.28929242491722107
v -0.7127241492271423 15.255847930908203 -0.13245557248592377
v 0.08940018713474274 15.834137916564941 -1.1362254619598389
v 0.1032794639468193 16.05060386657715 0.22617849707603455
v 0.7105029821395874 15.386033058166504 -0.21301211416721344
v 0.6674362421035767 15.558505058288574 -0.34460923075675964
v -0.1603878289461136 16.02448081970215 0.17182546854019165
v -0.09683214873075485 15.76485538482666 0.7837008237838745
v -0.21861986815929413 14.982157707214355 -0.4224000871181488
v 0.20063689351081848 16.020082473754883 -0.06612491607666016
v -0.08942466229200363 15.85431957244873 -1.1968050003051758
v 0.09832142293453217 16.125383377075195 0.19701902568340302
v -0.0747467651963234 15.434414863586426 -0.9609673619270325
v -0.533046305179596 15.420376777648926 0.4608224630355835
v -0.669926106929779 15.86300277709961 -0.052612584084272385
v 0.26520219445228577 14.749232292175293 0.35019248723983765
v -0.23411254584789276 14.865804672241211 -0.2670988440513611
v -0.20587101578712463 15.656414031982422 -1.0895189046859741
v -0.11839167773723602 15.928560256958008 0.5884042978286743
v 0.10049378126859665 16.2385196685791 -0.126589834690094
v -0.2953197956085205 14.768092155456543 -0.46133050322532654
v -0.29727262258529663 14.7319917678833 -0.46532565355300903
v 0.5340232849121094 16.024211883544922 -0.000906019879039377
v 0.30185583233833313 15.004617691040039 0.13285979628562927
v -0.020664801821112633 15.819433212280273 0.72725510597229
v 0.1608055979013443 16.069828033447266 -0.03775029629468918
v 0.14504516124725342 16.043081283569336 0.06144483759999275
v -0.12329023331403732 16.04486656188965 0.13616780936717987
v 0.6135869026184082 15.882499694824219 0.12317577004432678
v 0.22175894677639008 16.147607803344727 0.056307077407836914
v -0.14054611325263977 16.09391975402832 0.14047612249851227
v 0.08710520714521408 15.351064682006836 1.0172792673110962
v 0.03695790097117424 15.051546096801758 -0.5172608494758606
v 0.5713391304016113 15.07378101348877 0.1791071593761444
v 0.36574363708496094 15.99832820892334 -0.4382067024707794
v -0.13691312074661255 15.041812896728516 0.49478527903556824
v 0.15209046006202698 14.73763370513916 0.21181397140026093
v 0.059024516493082047 15.296401023864746 0.9260366559028625
v 0.16622112691402435 15.06019115447998 -0.47333043813705444
v -0.23566100001335144 14.787103652954102 -0.44313710927963257
v 0.04745522886514664 15.471696853637695 1.1285923719406128
v 0.18893678486347198 15.022310256958008 0.029662564396858215
v 0.7331047058105469 15.633452415466309 -0.17047715187072754
v -0.05349469184875488 15.302589416503906 0.6105698347091675
v 0.049308862537145615 15.68327808380127 1.0061501264572144
v 0.4173865020275116 15.865002632141113 0.4959116280078888
v -0.12749138474464417 16.026098251342773 0.19814011454582214
v 0.1200033500790596 15.693366050720215 -1.2167936563491821
v 0.683856189250946 15.308587074279785 0.1027698665857315
v -0.34235984086990356 14.888659477233887 -0.34098032116889954
v -0.10955245047807693 16.188325881958008 -0.1382710486650467
v 0.5171310305595398 15.963546752929688 -0.31922855973243713
v 0.02656044065952301 16.043399810791016 -0.2780320644378662
v 0.09773243963718414 16.03828239440918 -0.42695966362953186
v -0.19502459466457367 15.38768196105957 -0.7799403667449951
v -0.38253432512283325 15.760124206542969 -0.6474733352661133
v -0.3121568560600281 15.28353214263916 -0.30835017561912537
v -0.3315235376358032 15.089710235595703 -0.4045083522796631
v 0.09304102510213852 14.986506462097168 0.25488048791885376
v 0.19439327716827393 16.119508743286133 0.09258852899074554
v -0.7740241289138794 15.465928077697754 -0.12750983238220215
v 0.18521906435489655 15.028122901916504 -0.0007028662948869169
v -0.04991937056183815 14.967278480529785 0.09764780849218369
v 0.09844814240932465 15.709504127502441 0.9147421717643738
v 0.15409037470817566 15.189741134643555 -0.03936733677983284
v -0.005767821799963713 15.08422565460205 -0.6329677700996399
v 0.6188461780548096 15.665667533874512 0.27098968625068665
v 0.6632116436958313 15.535797119140625 -0.3479357659816742
v 0.3558978736400604 16.027862548828125 0.28328514099121094
v -0.10800570994615555 15.017621040344238 -0.3879433870315552
v -0.14699527621269226 16.016286849975586 0.08205821365118027
v -0.22740541398525238 16.04572868347168 -0.2385513335466385
v 0.08514487743377686 15.783926963806152 1.0110024213790894
v -0.5102510452270508 15.670148849487305 0.44765183329582214
v -0.063784658908844 16.02635383605957 0.15082353353500366
v 0.15099461376667023 14.763976097106934 0.1913122981786728
v -0.4949948489665985 15.029256820678711 -0.06431017816066742
v -0.01844342239201069 16.043960571289062 -0.16881722211837769
v -0.28226232528686523 16.031780242919922 0.16336241364479065
v 0.08402218669652939 16.045547485351562 -0.07249820232391357
v 0.2562645673751831 14.679801940917969 0.08878093957901001
v -0.13589723408222198 16.077632904052734 0.1403535008430481
v 0.28027400374412537 15.717679023742676 -0.7139155864715576
v 0.11129163205623627 15.487698554992676 1.1339207887649536
v -0.5243006944656372 15.261292457580566 0.4440394341945648
v 0.09797222167253494 15.866811752319336 -1.4266067743301392
v 0.01324398536235094 16.229326248168945 0.09853890538215637
v 0.1004396378993988 15.755233764648438 -1.4277938604354858
v -0.49446749687194824 15.157540321350098 -0.5014432072639465
v 0.11412463337182999 15.514080047607422 1.144572138786316
v 0.2198789268732071 15.201613426208496 -0.7104642391204834
v 0.2007465362548828 16.02237892150879 -0.042709700763225555
v -0.27485302090644836 15.145597457885742 -0.4194376468658447
v -0.5747960805892944 15.613548278808594 -0.5364227890968323
v 0.026890991255640984 15.419668197631836 0.9867203831672668
v 0.6462407112121582 15.08993148803711 -0.22954115271568298
v -0.022593282163143158 16.170452117919922 -0.15794804692268372
v -0.14697252213954926 16.245210647583008 1.852224704634864e-05
v -0.3413654565811157 15.020833015441895 0.27027443051338196
v 0.07156475633382797 15.025684356689453 -0.2363864928483963
v 0.42774006724357605 15.826473236083984 0.5168134570121765
v 0.5501643419265747 15.705806732177734 0.4085180461406708
v 0.6976720094680786 15.785815238952637 -0.15328484773635864
v 0.08554708957672119 15.684264183044434 -0.9700655937194824
v 0.11419879645109177 15.727682113647461 -1.302433967590332
v 0.006841576658189297 16.022733688354492 -0.30571168661117554
v -0.7700008749961853 15.589154243469238 -0.11285865306854248
v 0.2897191643714905 14.80630111694336 0.1752709001302719
v 0.19437597692012787 14.831432342529297 0.3031957745552063
v -0.33303582668304443 14.72266674041748 -0.6621285676956177
v -0.17545099556446075 15.136570930480957 -0.2784176766872406
v 0.5405107736587524 15.936576843261719 -0.3335678279399872
v 0.1458011269569397 14.888606071472168 0.09417189657688141
v 0.26257574558258057 14.637937545776367 0.1659904420375824
v -0.3964978754520416 15.457483291625977 -0.7117217183113098
v -0.32693541049957275 15.149816513061523 0.5083533525466919
v 0.05032099038362503 16.213764190673828 0.2266673892736435
v 0.07241923362016678 16.20236587524414 -0.16048143804073334
v -0.2941069006919861 14.678935050964355 -0.6479927897453308
v 0.20606493949890137 16.206544876098633 -0.09787192195653915
v -0.7639145255088806 15.629128456115723 -0.10568230599164963
v 0.5101041793823242 15.676427841186523 -0.5685722827911377
v 0.0534743070602417 15.52806282043457 1.061549186706543
v 0.299190491437912 14.788095474243164 0.29419922828674316
v -0.7192786335945129 15.470690727233887 -0.3597785234451294
v -0.018030744045972824 15.3275785446167 0.7151927947998047
v -0.36592215299606323 15.842796325683594 -0.615826427936554
v -0.1956910490989685 15.48717212677002 -0.8015392422676086
v -0.5313199758529663 15.305970191955566 0.45094484090805054
v -0.2039986103773117 16.125350952148438 0.0036488971672952175
v -0.2266344279050827 14.966654777526855 -0.25802847743034363
v 0.26629507541656494 16.027076721191406 0.15843303501605988
v 0.19574686884880066 15.70616340637207 1.126915693283081
v -0.15808750689029694 16.24004554748535 0.09571204334497452
v 0.22696904838085175 16.17140769958496 0.006607022602111101
v -0.2928992211818695 14.812734603881836 -0.4563750922679901
v 0.18846838176250458 14.70589828491211 0.2857898473739624
v -0.22445012629032135 14.984099388122559 0.17191919684410095
v 0.4376447796821594 15.723066329956055 0.5511268377304077
v 0.20305517315864563 15.62862491607666 1.0724958181381226
v 0.005404942203313112 15.720433235168457 0.8934110403060913
v 0.5017783045768738 15.133196830749512 0.28457775712013245
v -0.19041302800178528 16.064170837402344 -0.006712617818266153
v -0.19426293671131134 15.374563217163086 -0.7762736082077026
v 0.05583616718649864 14.978609085083008 0.12467063963413239
v 0.0026356379967182875 15.047880172729492 -0.5251301527023315
v -0.1927894502878189 15.183991432189941 0.5784265398979187
v 0.4038054645061493 15.310500144958496 0.4875609278678894
v 0.1525443196296692 15.720696449279785 0.8752090930938721
v -0.3533482253551483 15.88284969329834 -0.5943650603294373
v 0.01798112690448761 16.05209732055664 -0.11566253751516342
v 0.18557395040988922 16.02717399597168 0.025867709890007973
v -0.2795473039150238 15.20710277557373 -0.2545836269855499
v 0.19196704030036926 15.448478698730469 1.1193792819976807
v 0.31048497557640076 15.020193099975586 0.10085093975067139
v 0.4345155656337738 15.791614532470703 0.5315242409706116
v 0.7076401710510254 15.751429557800293 -0.156936377286911
v -0.09577031433582306 15.841403007507324 -1.1686019897460938
v -0.6600660085678101 15.880838394165039 -0.04974045231938362
v -0.05684342980384827 15.003495216369629 0.3943357467651367
v 0.2132326364517212 15.17248821258545 -0.6920958757400513
v 0.13092905282974243 16.040000915527344 -0.42272746562957764
v 0.13325564563274384 15.189858436584473 -0.14049141108989716
v 0.25720229744911194 15.059568405151367 -0.4343841075897217
v -0.34406641125679016 15.024374008178711 -0.46317732334136963
v -0.24045513570308685 15.538013458251953 0.6696491241455078
v 0.08767963945865631 15.798182487487793 -1.0768569707870483
v -0.19423814117908478 15.374136924743652 -0.7761543989181519
v -0.07874090224504471 15.726229667663574 -1.325518012046814
v 0.052004460245370865 15.464086532592773 -0.8051736950874329
v 0.02387872152030468 15.969767570495605 -0.6296208500862122
v 0.03997676447033882 15.132242202758789 0.5787227153778076
v 0.10010817646980286 15.750683784484863 0.7326362729072571
v 0.0722552090883255 15.532038688659668 -0.777442455291748
v 0.029467379674315453 16.194318771362305 -0.16353511810302734
v -0.023664332926273346 15.407421112060547 0.7187301516532898
v -0.29160183668136597 14.765206336975098 -0.6769615411758423
v -0.02527090534567833 16.252897262573242 -0.15588194131851196
v 0.04355413466691971 15.310131072998047 -0.7657853364944458
v 0.2341788411140442 15.993130683898926 -0.5635403990745544
v 0.6575096845626831 15.122939109802246 -0.053897708654403687
v -0.19900451600551605 15.6698637008667 -0.7813760042190552
v 0.11592821776866913 15.539501190185547 1.1531909704208374
v -0.14580535888671875 15.015625953674316 0.37519538402557373
v -0.22707884013652802 16.053499221801758 -0.1328200250864029
v 0.6246764063835144 15.940802574157715 -0.1386612057685852
v -0.3632126748561859 15.232365608215332 0.5442810654640198
v -0.4506155550479889 15.036211013793945 -0.253566175699234
v -0.3148336708545685 14.625962257385254 -0.3713272213935852
v 0.1986817866563797 15.286832809448242 -0.043323028832674026
v -0.10745596885681152 15.034500122070312 -0.538627028465271
v -0.0018075784901157022 15.339963912963867 0.7765506505966187
v -0.71450275182724 15.412818908691406 -0.3561294972896576
v 0.5982189178466797 15.260599136352539 -0.4116990268230438
v 0.3053753972053528 15.01773738861084 0.11259904503822327
v -0.3590001165866852 16.018335342407227 0.2943662106990814
v -0.2015315443277359 14.739168167114258 -0.3173183798789978
v 0.27944159507751465 15.80910587310791 0.6446589231491089
v 0.5013173818588257 15.039896965026855 0.07334103435277939
v -0.21862852573394775 16.035480499267578 0.10180960595607758
v 0.26447033882141113 15.05157470703125 -0.1403885781764984
v 0.26221880316734314 14.55880069732666 -0.0461806021630764
v -0.41561514139175415 15.033452033996582 -0.34407734870910645
v 0.15292537212371826 15.141477584838867 -0.002165890531614423
v -0.3012104332447052 15.008609771728516 -0.2422478049993515
v 0.08396349847316742 15.784871101379395 1.0042052268981934
v 0.1522378772497177 15.112994194030762 0.019788799807429314
v 0.004778191447257996 15.23159408569336 0.6454326510429382
v -0.12486723065376282 16.23558235168457 0.12449979037046432
v -0.022193914279341698 15.00078296661377 -0.15563078224658966
v -0.11880515515804291 16.24308204650879 -0.12547419965267181
v 0.17397895455360413 15.760251998901367 1.0636075735092163
v 0.27692481875419617 16.027114868164062 0.1302235871553421
v -0.017204707488417625 15.797101974487305 0.9206597805023193
v -0.11822174489498138 15.012325286865234 0.38263678550720215
v 0.2542266547679901 15.14925765991211 0.5116565823554993
v 0.2867453396320343 15.03797721862793 -0.5174320340156555
v 0.08209211379289627 15.634214401245117 -0.9332590699195862
v -0.11193729192018509 16.130481719970703 0.16432493925094604
v 0.22361303865909576 15.319244384765625 0.9402846693992615
v -0.14390872418880463 16.245399475097656 0.03475641831755638
v 0.30336570739746094 15.1273832321167 0.04144296795129776
v 0.19848546385765076 16.04593276977539 -0.40605828166007996
v 0.1891879439353943 15.321187019348145 0.7834223508834839
v -0.07346004992723465 15.63809585571289 -1.1729366779327393
v -0.23548150062561035 16.051259994506836 -0.3901110589504242
v -0.7128404378890991 15.58724594116211 -0.3504813313484192
v 0.01717783883213997 16.02712631225586 0.08047802746295929
v 0.24498647451400757 15.641448020935059 0.6941037178039551
v 0.37267589569091797 16.048477172851562 -0.22906340658664703
v -0.21077002584934235 16.190614700317383 0.03527897596359253
v -0.4143373966217041 15.068320274353027 0.37324392795562744
v -0.17156672477722168 16.116722106933594 0.09884192794561386
v -0.25433018803596497 16.047183990478516 -0.055544547736644745
v -0.21089866757392883 15.246256828308105 0.604084849357605
v -0.06648673862218857 15.765908241271973 -1.4157205820083618
v 0.11088919639587402 14.98669719696045 0.2527313232421875
v 0.023595718666911125 16.02696990966797 0.0796956717967987
v -0.030249420553445816 16.026350021362305 -0.09639889001846313
v -0.5494527220726013 15.866069793701172 0.3214299976825714
v -0.12536795437335968 15.487543106079102 -0.7603078484535217
v 0.19503185153007507 14.900863647460938 0.2503831088542938
v -0.10960762202739716 14.99189281463623 0.4602086842060089
v -0.3364872932434082 14.89142894744873 -0.41872966289520264
v -0.10794076323509216 14.995931625366211 -0.2128661721944809
v -0.5698021054267883 15.651080131530762 -0.5279446244239807
v 0.18488328158855438 15.355424880981445 0.8831853270530701
v 0.11364052444696426 15.611746788024902 -1.1079893112182617
v 0.0469219796359539 14.992843627929688 0.39833012223243713
v -0.7578697800636292 15.3988676071167 0.12170341610908508
v 0.004207405261695385 14.982307434082031 -0.01457054354250431
v -0.15857866406440735 16.042177200317383 0.022281242534518242
v 0.6851679682731628 15.823381423950195 -0.14921200275421143
v -0.3324877917766571 15.051190376281738 -0.4072703719139099
v 0.01004244014620781 15.311192512512207 0.9534991979598999
v 0.19327855110168457 16.016603469848633 -0.10016394406557083
v 0.20370285212993622 15.60082721710205 1.082564115524292
v 0.4068134129047394 15.104063034057617 0.4037754535675049
v -0.2265254557132721 14.726658821105957 -0.49781009554862976
v 0.7341873049736023 15.376955032348633 -0.03698227182030678
v 0.11689985543489456 16.202655792236328 -0.15166234970092773
v 0.20628628134727478 14.984221458435059 0.3507366478443146
v 0.42814910411834717 15.824630737304688 0.5176442861557007
v 0.10872229933738708 15.815217018127441 0.8620844483375549
v 0.26322412490844727 15.417877197265625 -0.7783222198486328
v 0.30221959948539734 15.034226417541504 0.11083731800317764
v -0.061639491468667984 15.74820613861084 0.7219000458717346
v -0.24343475699424744 15.431896209716797 0.6585468649864197
v -0.23888996243476868 14.750161170959473 -0.447066992521286
v -0.7458754181861877 15.622448921203613 0.15054713189601898
v -0.6507107019424438 15.153736114501953 -0.11772137135267258
v 0.2666019797325134 15.076994895935059 0.12944373488426208
v -0.0988943949341774 16.055166244506836 -0.13343222439289093
v 0.17662404477596283 16.125192642211914 -0.09150932729244232
v -0.21590949594974518 15.013951301574707 -0.33982497453689575
v -0.3457794487476349 14.692193031311035 -0.49225136637687683
v 0.23974885046482086 15.059809684753418 -0.4424709975719452
v -0.10254308581352234 14.980752944946289 0.23742224276065826
v -0.08178388327360153 15.865683555603027 -1.2321784496307373
v -0.06766903400421143 15.880948066711426 -1.3291338682174683
v -0.1161203682422638 16.161008834838867 0.15812000632286072
v 0.11411166936159134 15.679991722106934 1.1595356464385986
v -0.24038812518119812 15.386009216308594 0.64882892370224
v -0.005910916719585657 16.028779983520508 -0.5278279185295105
v -0.5343466997146606 15.365434646606445 0.45800766348838806
v 0.18521200120449066 16.022624969482422 -0.19097109138965607
v -0.6280844211578369 15.688840866088867 0.3176977038383484
v -0.1324189454317093 16.026018142700195 0.19493311643600464
v -0.2746885418891907 15.949511528015137 0.47485893964767456
v -0.31294864416122437 16.048534393310547 -0.08664842694997787
v 0.14221897721290588 15.037481307983398 -0.21459172666072845
v -0.3797486424446106 15.77804946899414 -0.6414029598236084
v 0.2992591857910156 15.074951171875 -0.022124988958239555
v -0.30058348178863525 14.879903793334961 -0.2831605076789856
v 0.01099382620304823 15.48541259765625 1.1045515537261963
v -0.5847708582878113 15.79948616027832 0.3228791356086731
v -0.6643875241279602 15.555768966674805 0.3178262412548065
v 0.3962833285331726 16.03973960876465 0.17661722004413605
v 0.2731750011444092 16.0272216796875 0.14055097103118896
v -0.36755919456481934 15.020864486694336 0.24531406164169312
v -0.2777262032032013 16.050647735595703 -0.17688126862049103
v 0.02807055599987507 14.984807014465332 -0.0009437841363251209
v -0.06435078382492065 16.151689529418945 -0.14049823582172394
v 0.15013286471366882 15.025675773620605 0.08701761811971664
v -0.05689677596092224 15.886397361755371 -1.4186067581176758
v 0.5894603133201599 15.953267097473145 -0.0039674281142652035
v 0.19068555533885956 14.762286186218262 0.14436402916908264
v 0.6843059659004211 15.82593059539795 -0.14893490076065063
v -0.3047434389591217 15.106754302978516 0.4849342703819275
v -0.08464907854795456 15.861501693725586 -1.2183747291564941
v -0.07009584456682205 15.7543306350708 -1.3885548114776611
v -0.523871660232544 15.259366035461426 0.4437118470668793
v 0.15177947282791138 15.286419868469238 0.6369466185569763
v 0.08737137913703918 15.714755058288574 -0.9958899021148682
v -0.1001477837562561 16.240991592407227 0.08474721014499664
v -0.1255035400390625 15.486261367797852 -0.753363311290741
v -0.13620571792125702 16.078575134277344 0.14041925966739655
v -0.15668249130249023 16.046070098876953 -0.4198853671550751
v -0.6129018068313599 15.919320106506348 -0.2715427577495575
v 0.1533130258321762 15.286957740783691 0.641673743724823
v -0.2901860177516937 14.770464897155762 -0.7027880549430847
v 0.038990799337625504 16.03731346130371 -0.1923060268163681
v 0.22213339805603027 16.215545654296875 0.11269731819629669
v 0.5501704812049866 15.712764739990234 0.4074877202510834
v -0.29618459939956665 16.05078125 -0.13859249651432037
v 0.09788645058870316 15.821008682250977 0.8338137865066528
v 0.16743846237659454 16.070636749267578 0.07411133497953415
v 0.02079729363322258 14.974413871765137 0.12199506908655167
v 0.184576615691185 14.648636817932129 0.19108615815639496
v 0.17438025772571564 15.798782348632812 -1.3751660585403442
v -0.5741140842437744 15.353795051574707 -0.5707756876945496
v 0.08942271023988724 16.241405487060547 -0.06330783665180206
v -0.5774805545806885 15.397829055786133 -0.5732103586196899
v 0.07678919285535812 16.241981506347656 -0.12130624800920486
v 0.48130321502685547 15.832365036010742 -0.5457333326339722
v 0.201896533370018 15.04672908782959 -0.6223277449607849
v 0.15559230744838715 15.252053260803223 -0.08732181787490845
v 0.2324216663837433 16.025209426879883 0.06660648435354233
v 0.26178428530693054 14.604422569274902 0.11053929477930069
v -0.1811024397611618 15.091261863708496 -0.6408593654632568
v -0.2116846740245819 15.420632362365723 -0.8405638337135315
v -0.13997066020965576 14.980366706848145 0.22368104755878448
v 0.04970880225300789 15.483040809631348 1.132293939590454
v 0.285456120967865 15.9124116897583 0.563727617263794
v -0.013804331421852112 16.03195571899414 -0.09500911831855774
v 0.4363548755645752 15.699444770812988 0.5557777881622314
v 0.271328866481781 15.292057991027832 -0.03367789834737778
v -0.14364881813526154 15.840332984924316 -1.4598506689071655
v -0.6280641555786133 15.688904762268066 0.31769952178001404
v -0.37657779455184937 15.275100708007812 0.555204451084137
v 0.2987179756164551 14.656877517700195 0.11942345649003983
v -0.33547866344451904 14.978611946105957 -0.3335462212562561
v -0.012406371533870697 15.818556785583496 0.7762517333030701
v -0.15534697473049164 15.015271186828613 -0.37406525015830994
v -0.1673245131969452 16.237367630004883 -0.08831983804702759
v 0.029996534809470177 15.829206466674805 -0.7175257205963135
v -0.32719361782073975 15.262675285339355 -0.39210212230682373
v 0.09333517402410507 15.874041557312012 -1.275928258895874
v -0.45210567116737366 15.092415809631348 0.39624375104904175
v -0.057325150817632675 15.80518913269043 0.8357192873954773
v -0.18897150456905365 16.173974990844727 0.0872034803032875
v -0.7103302478790283 15.238042831420898 0.11765740811824799
v 0.5082098245620728 15.706733703613281 -0.566733181476593
v -0.3300207257270813 15.149772644042969 -0.40020322799682617
v -0.5738316178321838 15.996502876281738 -0.03916577622294426
v -0.2860480844974518 14.939066886901855 -0.4423520267009735
v 0.12427662312984467 15.36984634399414 0.8346575498580933
v -0.530540943145752 15.300729751586914 0.45014679431915283
v -0.035520605742931366 16.2359676361084 0.07618700712919235
v -0.729744017124176 15.292838096618652 -0.1350039839744568
v 0.18577665090560913 15.02760124206543 0.002298483159393072
v -0.31112435460090637 15.021405220031738 0.29504552483558655
v -0.1692657321691513 15.981141090393066 -0.5688180923461914
v -0.39644181728363037 15.606132507324219 -0.6942062377929688
v -0.11542957276105881 15.952948570251465 0.5691006183624268
v 0.0855925902724266 15.348698616027832 1.0130621194839478
v -0.44449537992477417 16.031978607177734 0.10968482494354248
v 0.12236157059669495 15.227705955505371 0.746616542339325
v 0.17728401720523834 16.21735191345215 -0.029669199138879776
v 0.05496576800942421 15.311092376708984 0.5783535242080688
v -0.611984133720398 15.920947074890137 -0.27118343114852905
v -0.19542214274406433 15.394529342651367 -0.7818543910980225
v 0.11738669127225876 15.423371315002441 0.9697009921073914
v 0.06438089907169342 15.739686012268066 0.8223707675933838
v 0.008315293118357658 15.719642639160156 1.0612341165542603
v 0.19193586707115173 16.122312545776367 -0.04298792779445648
v 0.5362210869789124 15.802875518798828 0.3891390562057495
v -0.03435048460960388 15.745071411132812 0.9675914645195007
v -0.06084518879652023 15.747879028320312 0.7238435745239258
v -0.17814351618289948 15.959026336669922 -0.5981813669204712
v 0.13015784323215485 16.01259994506836 -0.14154881238937378
v -0.33987900614738464 14.706342697143555 -0.5709120631217957
v 0.24019405245780945 15.236560821533203 0.5591440200805664
v -0.03536272421479225 15.238739967346191 0.7060085535049438
v -0.2850695252418518 14.957100868225098 -0.4403505027294159
v 0.1270131766796112 15.411943435668945 -0.921347439289093
v -0.684309184551239 15.341365814208984 0.32548215985298157
v -0.35589277744293213 15.721028327941895 0.542940616607666
v -0.7560361623764038 15.664610862731934 -0.09815743565559387
v -0.6901841163635254 15.30366039276123 -0.34571608901023865
v -0.09552393853664398 15.764530181884766 0.7872372269630432
v -0.02034847065806389 15.245782852172852 0.752402663230896
v 0.22110672295093536 15.329865455627441 0.9632417559623718
v 0.11475116014480591 15.386360168457031 0.8885815143585205
v -0.19198070466518402 14.88469123840332 -0.3030731976032257
v -0.061321109533309937 16.04203987121582 -0.4329581558704376
v 0.2720147669315338 15.059236526489258 -0.42663002014160156
v 0.1344575136899948 15.160970687866211 -0.11802348494529724
v 0.03101935423910618 16.22734260559082 0.10184896737337112
v -0.3837296962738037 15.308906555175781 -0.6819950938224792
v 0.0799766331911087 15.78879165649414 0.9839522242546082
v -0.5137472748756409 16.026145935058594 -0.23197340965270996
v 0.6239338517189026 15.941847801208496 -0.13854040205478668
v 0.2885027527809143 15.897031784057617 0.5782866477966309
v -0.5640064477920532 15.688502311706543 -0.5194267630577087
v -0.07432544231414795 15.612208366394043 -1.1421195268630981
v -0.23689129948616028 14.773027420043945 -0.4446345865726471
v 0.30448657274246216 14.781048774719238 0.32536861300468445
v 0.3991231620311737 15.054617881774902 -0.258333683013916
v -0.005814913660287857 15.2628755569458 0.8292406797409058
v -0.0593021996319294 15.005990028381348 -0.23748302459716797
v -0.24224688112735748 15.512627601623535 0.6680907607078552
v 0.19062890112400055 15.136704444885254 -0.12650111317634583
v -0.16938482224941254 15.154139518737793 -0.3589227795600891
v 0.3796604573726654 15.14635181427002 -0.5889766812324524
v 0.5497746467590332 15.73278522491455 0.4043935537338257
v -0.1568986177444458 16.03883934020996 -0.29094210267066956
v -0.5001306533813477 15.169543266296387 0.4266621768474579
v 0.22331660985946655 16.161306381225586 0.005944555159658194
v 0.14349955320358276 15.030318260192871 -0.07185143232345581
v 0.21186380088329315 15.157811164855957 -0.6829566955566406
v 0.18307559192180634 15.393691062927246 0.9640796184539795
v 0.6814297437667847 15.781475067138672 -0.01385006494820118
v 0.012162926606833935 16.03951644897461 -0.43355897068977356
v -0.18670746684074402 14.965104103088379 -0.2952074110507965
v -0.1330544501543045 15.875107765197754 0.6201833486557007
v 0.5194587707519531 15.053093910217285 -0.04203221946954727
v -0.01055159978568554 15.524391174316406 0.7502915263175964
v -0.7393580079078674 15.314672470092773 0.11932563036680222
v 0.6217150688171387 15.466119766235352 0.26792144775390625
v 0.583964467048645 15.941902160644531 0.11907994002103806
v -0.2430853247642517 15.426633834838867 0.6574323773384094
v -0.24533729255199432 14.714476585388184 -0.28071412444114685
v 0.14569488167762756 15.284008979797363 0.8790492415428162
v -0.17543643712997437 16.132143020629883 0.09436003863811493
v 0.13372065126895905 15.3765869140625 -0.8745205402374268
v -0.19520613551139832 14.846182823181152 -0.3916988670825958
v -0.5907305479049683 15.14775276184082 0.2990448772907257
v -0.3668060600757599 16.055402755737305 -0.2779299318790436
v 0.25016656517982483 14.589844703674316 -0.06705764681100845
v -0.2605334222316742 16.028581619262695 0.19658677279949188
v 0.03916005790233612 16.21087074279785 0.21765491366386414
v 0.19820018112659454 15.235870361328125 -0.004578936379402876
v -0.016604801639914513 16.0440731048584 -0.2689453065395355
v -0.0030374196358025074 15.723745346069336 0.8688023686408997
v 0.366674542427063 16.02829360961914 0.264139324426651
v 0.2579207420349121 14.975740432739258 -0.00023468035215046257
v -0.07933955639600754 15.722315788269043 -1.3176401853561401
v -0.6330132484436035 15.124640464782715 0.10240564495325089
v 0.15054963529109955 14.774680137634277 0.1829882264137268
v -0.0319196917116642 15.735723495483398 0.7931011915206909
v 0.08222770690917969 15.637162208557129 -0.9353132843971252
v 0.3299906551837921 15.035086631774902 -0.00813059788197279
v 0.5122032761573792 15.61979866027832 -0.5736809968948364
v -0.6269506216049194 15.121655464172363 -0.11032048612833023
v 0.05144118145108223 15.412455558776855 -0.7954974174499512
v -0.39899852871894836 15.381196022033691 0.5721642971038818
v -0.49039727449417114 15.78579330444336 0.43581730127334595
v -0.617341160774231 15.951642036437988 -0.04220375046133995
v -0.33040279150009155 15.134490013122559 -0.40129703283309937
v -0.06274478137493134 16.232669830322266 0.11106254160404205
v -0.23633484542369843 15.58680248260498 0.6724334359169006
v -0.37640878558158875 15.796435356140137 -0.6348705291748047
v -0.333950936794281 15.10498046875 -0.6258915066719055
v 0.13687282800674438 16.19452667236328 0.17920111119747162
v -0.4913594722747803 16.039167404174805 -0.22439588606357574
v 0.19073468446731567 15.642133712768555 -1.0163496732711792
v 0.03360484167933464 16.023147583007812 -0.1221957579255104
v 0.19971711933612823 15.50566291809082 1.0551187992095947
v -0.14586064219474792 15.060579299926758 0.5082812309265137
v -0.09111984819173813 15.806661605834961 0.6757671236991882
v -0.020168747752904892 16.233383178710938 0.0840451568365097
v -0.31375136971473694 16.01578712463379 0.336984783411026
v -0.3283403217792511 15.216867446899414 -0.39538782835006714
v 0.22346152365207672 15.9996919631958 0.4810199737548828
v -0.014031599275767803 15.33031940460205 0.7303731441497803
v -0.09416897594928741 15.844877243041992 -1.1756898164749146
v -0.14663241803646088 16.245208740234375 -0.00176936574280262
v 0.008578278124332428 15.71902847290039 0.9023336172103882
v -0.07564548403024673 15.593525886535645 -1.1228662729263306
v 0.18992048501968384 15.33346176147461 0.811205267906189
v -0.21248386800289154 15.68648910522461 0.671676754951477
v -0.16255755722522736 16.07712745666504 0.10313249379396439
v -0.032895877957344055 16.034236907958984 -0.08008608967065811
v 0.6894118785858154 15.758453369140625 -0.015768535435199738
v -0.1724334955215454 14.981154441833496 0.20772746205329895
v -0.19417843222618103 14.851243019104004 -0.30635038018226624
v -0.12990455329418182 15.779420852661133 0.6264210939407349
v 0.09134959429502487 15.028742790222168 -0.23175717890262604
v -0.2076343446969986 15.780320167541504 -0.7373579740524292
v 0.13297492265701294 15.530961990356445 1.0514212846755981
v 0.03774867579340935 14.993470191955566 0.3987405002117157
v 0.25037357211112976 14.558382987976074 -0.04641810804605484
v 0.19065210223197937 14.981678009033203 -0.01436238456517458
v -0.03137199580669403 15.301959037780762 0.8074036240577698
v -0.4728696346282959 15.109816551208496 -0.4783318042755127
v -0.227146178483963 14.959762573242188 -0.2586491107940674
v 0.033332303166389465 15.66639518737793 -0.7823353409767151
v -0.34437432885169983 14.862275123596191 -0.3431566655635834
v 0.5803347826004028 15.216462135314941 -0.4138319194316864
v -0.21470671892166138 16.21366310119629 0.029491260647773743
v -0.4715695083141327 16.050678253173828 -0.21769772469997406
v 0.19062912464141846 15.13523006439209 -0.12543369829654694
v 0.47923848032951355 15.378756523132324 -0.613244354724884
v 0.151967391371727 15.101781845092773 0.028431357815861702
v -0.13073797523975372 15.78062629699707 0.6227931976318359
v -0.05965061113238335 15.354355812072754 -0.7842226028442383
v 0.13746386766433716 16.028682708740234 -0.20680274069309235
v -0.008719577454030514 16.031131744384766 -0.5211381912231445
v -0.13829652965068817 15.044544219970703 0.4968297779560089
v -0.14492039382457733 15.839160919189453 -1.451776385307312
v 0.15052074193954468 15.041742324829102 0.07463321089744568
v 0.059100501239299774 15.536222457885742 1.1465957164764404
v -0.1972159445285797 16.04852294921875 -0.40689876675605774
v -0.29215431213378906 14.826459884643555 -0.4548512101173401
v 0.6032015085220337 15.904502868652344 0.1219850555062294
v 0.373640239238739 16.028860092163086 0.25045615434646606
v 0.19068032503128052 14.794180870056152 0.12127891182899475
v 0.22415174543857574 15.538476943969727 0.6938701272010803
v 0.15319086611270905 15.152475357055664 -0.010643059387803078
v 0.6879547834396362 15.659282684326172 0.13093087077140808
v 0.14646130800247192 14.87281322479248 0.10652172565460205
v -0.6910524964332581 15.215831756591797 -0.12791477143764496
v -0.29889681935310364 14.738212585449219 -0.54389888048172
v 0.07586123794317245 16.003284454345703 -0.014740482904016972
v -0.3355812728404999 14.927626609802246 -0.4161340594291687
v -0.5327025651931763 15.325716018676758 0.45353418588638306
v 0.38224709033966064 16.047527313232422 -0.20961366593837738
v 0.17990180850028992 15.693496704101562 0.9731837511062622
v 0.014750689268112183 15.780524253845215 1.0224740505218506
v -0.2028631865978241 15.62012004852295 -1.0683785676956177
v 0.1422419548034668 16.148698806762695 -0.12400593608617783
v -0.5732725262641907 15.62867259979248 -0.5330450534820557
v -0.27814897894859314 15.084829330444336 -0.4261833429336548
v -0.5242570042610168 15.56090259552002 0.4544316530227661
v -0.20081788301467896 14.658970832824707 -0.3381265103816986
v -0.1519252210855484 15.029627799987793 -0.537798285484314
v 0.14398093521595 14.93233585357666 0.060117173939943314
v -0.21092858910560608 15.070145606994629 -0.41304150223731995
v 0.13373316824436188 16.03221893310547 0.05609937384724617
v -0.13059113919734955 16.04477310180664 -0.42521193623542786
v 0.6891614198684692 15.811570167541504 -0.1504957526922226
v -0.09592945128679276 16.240215301513672 0.08786185085773468
v 0.05887641757726669 15.998947143554688 0.5739333033561707
v -0.07895247638225555 15.760262489318848 0.8307676315307617
v 0.2637382447719574 14.687210083007812 0.24754898250102997
v -0.11829818040132523 15.683472633361816 -1.002026915550232
v -0.2184276431798935 14.66649055480957 -0.581950843334198
v -0.5196254253387451 16.02225112915039 -0.23408469557762146
v 0.40242117643356323 15.38943099975586 0.5220124125480652
v -0.31015899777412415 14.73091983795166 -0.29616880416870117
v -0.3824938237667084 15.760455131530762 -0.647368311882019
v -0.6714110970497131 15.860316276550293 -0.05304505303502083
v -0.2780863046646118 15.085983276367188 -0.4260551333427429
v 0.2030014842748642 15.63193130493164 1.070497751235962
v 0.09913858771324158 15.86929988861084 -1.4143959283828735
v -0.5783523917198181 15.055510520935059 -0.09086141735315323
v -0.09456049650907516 16.24672508239746 -0.13634029030799866
v -0.6735121011734009 15.766160011291504 -0.30499187111854553
v 0.607633113861084 15.298018455505371 -0.4056815505027771
v 0.3005698025226593 14.69670295715332 0.1855163872241974
v -0.04492117837071419 14.97739028930664 -0.0585063137114048
v 0.2114756852388382 16.037933349609375 0.25560685992240906
v 0.26373371481895447 16.0497989654541 -0.36904212832450867
v -0.011411760002374649 15.33215045928955 0.7401511073112488
v -0.644313395023346 15.90864086151123 -0.04567624256014824
v -0.5421441197395325 15.77769947052002 -0.49075135588645935
v 0.1398184448480606 16.02847671508789 0.028027325868606567
v 0.01471087709069252 15.505739212036133 1.1106172800064087
v 0.6150385737419128 15.693530082702637 0.26992157101631165
v -0.29615911841392517 14.948685646057129 -0.2771501839160919
v -0.6405158042907715 15.827168464660645 0.1727188527584076
v -0.6421589255332947 15.912075996398926 -0.04539870098233223
v 0.2682003676891327 15.54983901977539 -0.7647755146026611
v -0.19912327826023102 14.662727355957031 -0.3577410578727722
v -0.42878565192222595 16.04850959777832 -0.16683311760425568
v -0.04093011096119881 15.73954963684082 0.771654486656189
v 0.17563967406749725 15.697400093078613 0.9619663953781128
v 0.05405055359005928 16.253389358520508 -0.15841533243656158
v -0.7657802104949951 15.447489738464355 0.1253376603126526
v 0.3675367534160614 15.056840896606445 -0.3610907196998596
v -0.34395983815193176 14.867687225341797 -0.3427088260650635
v 0.7003602981567383 15.776542663574219 -0.15426945686340332
v -0.3919160068035126 16.027137756347656 -0.3497721254825592
v 0.1583147495985031 16.197107315063477 -0.1406583935022354
v 0.12978293001651764 15.516544342041016 1.0429022312164307
v -0.2380143254995346 16.051448822021484 -0.3889048993587494
v -0.05966755747795105 16.035362243652344 -0.30792760848999023
v 0.261276513338089 14.582904815673828 0.0749225839972496
v -0.14176902174949646 16.238025665283203 0.1095021441578865
v -0.012116542086005211 16.232315063476562 0.08797218650579453
v -0.016867104917764664 15.247157096862793 0.7637929320335388
v -0.2899631857872009 16.05109405517578 -0.15347343683242798
v 0.255155086517334 14.906280517578125 0.05080987140536308
v 0.14877836406230927 14.96955680847168 0.13027431070804596
v 0.09661247581243515 15.821673393249512 0.829939067363739
v -0.1908649504184723 16.154043197631836 -0.051382288336753845
v -0.08228187263011932 16.25741958618164 0.003963978495448828
v -0.020034411922097206 15.326030731201172 0.7075739502906799
v -0.23256069421768188 14.639118194580078 -0.4383687973022461
v -0.514927089214325 15.85249137878418 -0.4623059928417206
v 0.1999104917049408 15.50672435760498 1.0557364225387573
v 0.39271849393844604 16.036039352416992 0.19535261392593384
v 0.343765527009964 15.106353759765625 -0.5638366937637329
v -0.394773006439209 15.02973461151123 -0.38953515887260437
v 0.18014909327030182 14.583507537841797 0.08337222784757614
v 0.1416015475988388 15.604084968566895 1.075049638748169
v 0.7333569526672363 15.504497528076172 -0.031244833022356033
v 0.11172569543123245 16.187633514404297 -0.14754922688007355
v 0.17315268516540527 16.053382873535156 0.17915402352809906
v -0.39793622493743896 15.562898635864258 -0.7044931650161743
v -0.2370736300945282 14.825907707214355 -0.27069056034088135
v 0.5738814473152161 15.994572639465332 -0.12498576194047928
v 0.15234071016311646 14.731647491455078 0.21649673581123352
v 0.20051245391368866 14.98963737487793 0.22503237426280975
v -0.06847687065601349 15.880451202392578 -1.3227524757385254
v 0.24265941977500916 15.63110065460205 0.6951813697814941
v -0.0659051463007927 15.768363952636719 -1.421231985092163
v -0.3439686894416809 15.157662391662598 -0.6293725371360779
v 0.19212742149829865 15.439681053161621 1.112475872039795
v 0.07148832082748413 15.981047630310059 0.5933436751365662
v 0.18601642549037933 15.792122840881348 -1.2758907079696655
v -0.30281996726989746 14.656651496887207 -0.5316776037216187
v 0.2633262574672699 14.669730186462402 0.21864521503448486
v 0.15119731426239014 16.220149993896484 -0.0590045303106308
v -0.41491764783859253 15.999217987060547 -0.37229737639427185
v 0.12935955822467804 15.330011367797852 0.7489451766014099
v -0.6210685968399048 15.186135292053223 0.30450522899627686
v 0.2633494734764099 15.111985206604004 -0.10043170303106308
v 0.7341145277023315 15.482080459594727 -0.03217460960149765
v 0.08721713721752167 15.764154434204102 -1.0406477451324463
v 0.0164896659553051 15.776644706726074 1.0313143730163574
v -0.2967013716697693 14.672332763671875 -0.6133654713630676
v 0.1889827400445938 14.98895263671875 0.23007799685001373
v -0.16165964305400848 16.047016143798828 0.004175777081400156
v -0.40218687057495117 15.406415939331055 0.5744624137878418
v -0.543444037437439 15.9374361038208 0.16873927414417267
v 0.047869499772787094 16.033687591552734 0.15560868382453918
v 0.2906034290790558 14.831220626831055 0.15697729587554932
v 0.6687172651290894 15.656904220581055 -0.3417971432209015
v -0.10367055237293243 15.76654052734375 0.7641227841377258
v 0.1437297761440277 15.059510231018066 -0.48214203119277954
v 0.2581716775894165 14.98204231262207 -0.004865580704063177
v -0.00460577430203557 16.02768898010254 -0.5309366583824158
v 0.5918765664100647 15.120725631713867 0.19850388169288635
v -0.029735621064901352 16.142263412475586 0.20662228763103485
v 0.19590793550014496 15.54699420928955 -0.9516781568527222
v -0.06439650803804398 16.04213523864746 -0.4328504502773285
v 0.6991245746612549 15.172962188720703 -0.048724230378866196
v -0.32705768942832947 15.804455757141113 0.5227388143539429
v -0.3237083852291107 16.055938720703125 -0.32897618412971497
v 0.13942328095436096 14.640717506408691 0.1018366813659668
v -0.2291615605354309 14.861455917358398 -0.4352283477783203
v 0.09830845892429352 16.124202728271484 0.19664956629276276
v 0.7143808603286743 15.213576316833496 -0.045807965099811554
v -0.24274782836437225 15.494749069213867 0.6662293672561646
v -0.6867889761924744 15.38366413116455 0.32710349559783936
v 0.054456859827041626 16.165359497070312 0.21683229506015778
v -0.16348983347415924 15.10031509399414 0.5355566143989563
v 0.26196879148483276 14.612237930297852 0.12344512343406677
v 0.20256787538528442 15.22010612487793 0.6571466326713562
v 0.19895319640636444 15.211623191833496 0.6257208585739136
v 0.10155436396598816 15.877312660217285 -1.3613301515579224
v 0.1295754611492157 15.398858070373535 -0.9087997674942017
v -0.38927820324897766 15.028810501098633 -0.3995482623577118
v -0.4038351774215698 15.457907676696777 0.5756315588951111
v -0.1625700742006302 16.240549087524414 0.09204913675785065
v -0.1070595532655716 15.798006057739258 -1.1045945882797241
v -0.5875194668769836 15.068340301513672 -0.09493540972471237
v -0.3892572820186615 15.363107681274414 -0.6960009932518005
v 0.6116591095924377 15.71292495727539 0.2691080570220947
v -0.6839503049850464 15.288092613220215 -0.3439832627773285
v -0.28247424960136414 16.02772331237793 -0.4738152325153351
v 1.9211169274058193e-05 15.587254524230957 0.7535403966903687
v 0.011413555592298508 15.657268524169922 0.7474391460418701
v 0.08064046502113342 15.58306884765625 -0.891000509262085
v -0.6683914065361023 15.5366792678833 0.31857380270957947
v -0.6859176754951477 15.360381126403809 0.3264469504356384
v 0.1850975751876831 16.015380859375 -0.11159400641918182
v -0.1529943346977234 15.015365600585938 -0.374883770942688
v 0.4046558439731598 15.292722702026367 0.4798661172389984
v 0.0739220678806305 16.224849700927734 0.09263744205236435
v 0.0009439808200113475 16.25701904296875 -0.0480312779545784
v -0.720429539680481 15.507108688354492 -0.36089038848876953
v -0.031965531408786774 15.315674781799316 0.6666150093078613
v 0.07958079129457474 15.563106536865234 -0.8661611080169678
v 0.2029598504304886 16.01807975769043 -0.17976875603199005
v 0.22552786767482758 15.313142776489258 0.9260698556900024
v -0.6747269630432129 15.5009183883667 0.32112377882003784
v -0.056608766317367554 15.281269073486328 0.7149664759635925
v -0.32435789704322815 15.124003410339355 -0.3215310275554657
v 0.5046306252479553 15.743548393249512 -0.5637443661689758
v -0.7696690559387207 15.505629539489746 0.13185882568359375
v 0.012842455878853798 16.229372024536133 0.09838580340147018
v -0.3327524960041046 15.04062271118164 -0.4080285131931305
v 0.6261933445930481 15.938667297363281 -0.1389084905385971
v 0.02495659701526165 14.984925270080566 0.2578224539756775
v 0.16608713567256927 16.137929916381836 0.142256960272789
v 0.03673495352268219 15.636589050292969 -0.7920515537261963
v -0.08864378929138184 16.23871612548828 0.0930778756737709
v 0.20541134476661682 15.44328498840332 -0.8470545411109924
v 0.1335320621728897 15.183218955993652 -0.1353229284286499
v -0.18298541009426117 15.021781921386719 -0.2896559536457062
v 0.21766448020935059 15.191909790039062 -0.704344630241394
v 0.22189566493034363 15.028573036193848 0.43130287528038025
v 0.44980987906455994 16.006364822387695 -0.28058409690856934
v -0.2609463334083557 14.985539436340332 0.13557268679141998
v -0.03821062669157982 16.125452041625977 -0.1406504213809967
v -0.29336822032928467 14.992132186889648 -0.2733592987060547
v -0.05514267086982727 15.34920883178711 -0.7554340958595276
v -0.0503801628947258 16.027544021606445 0.15683920681476593
v -0.3770838677883148 16.054996490478516 -0.2637479603290558
v -0.192191943526268 14.881464004516602 -0.3033885061740875
v -0.1548169106245041 14.985001564025879 -0.16520652174949646
v 0.17828863859176636 16.22300148010254 -0.0014099226100370288
v -0.29339277744293213 14.99174976348877 -0.27339261770248413
v -0.33935245871543884 15.175252914428711 0.5214268565177917
v -0.14113782346248627 15.852420806884766 0.6312747001647949
v 0.17761798202991486 15.695550918579102 0.9673780798912048
v -0.7000927925109863 15.807318687438965 -0.06500609219074249
v -0.35275334119796753 15.884566307067871 -0.5933610796928406
v 0.2625516355037689 14.892715454101562 0.2692108750343323
v -0.2115495353937149 15.063040733337402 -0.41379690170288086
v -0.6785122156143188 15.847458839416504 -0.05515279993414879
v 0.2503069043159485 15.6649808883667 0.6905074715614319
v 0.05437860265374184 15.078426361083984 0.5276670455932617
v -0.06001630797982216 14.981986045837402 0.24804241955280304
v 0.11351153254508972 15.609880447387695 -1.1059242486953735
v 0.24055850505828857 16.01852035522461 0.02040645107626915
v 0.2667919397354126 15.085652351379395 0.1228918507695198
v -0.17542153596878052 16.243038177490234 0.1096331849694252
v 0.587299108505249 15.108471870422363 0.19364959001541138
v -0.38569730520248413 15.02169132232666 0.22494956851005554
v 0.7306800484657288 15.555976867675781 -0.029124120250344276
v 0.19780707359313965 15.194377899169922 0.02702793851494789
v 0.10003719478845596 16.182302474975586 0.20546501874923706
v -0.3010598421096802 16.01553726196289 0.3474256992340088
v -0.11346025764942169 16.176912307739258 -0.13330481946468353
v 0.5149543881416321 15.224513053894043 0.33567577600479126
v -0.3502846658229828 14.785026550292969 -0.34954291582107544
v -0.2406630665063858 15.53506851196289 0.6694682240486145
v -0.31894567608833313 15.194742202758789 -0.3156845271587372
v 0.04059214144945145 15.260407447814941 0.8470929265022278
v 0.22964371740818024 16.02785873413086 0.077196404337883
v 0.36215534806251526 16.02792739868164 0.27301666140556335
v -0.19610121846199036 15.471375465393066 -0.7991366982460022
v 0.024960463866591454 15.179497718811035 0.6118365526199341
v -0.4629899561405182 15.877702713012695 0.41871508955955505
v -0.07160095125436783 15.038957595825195 -0.5363957285881042
v 0.2109435796737671 15.231757164001465 0.7067053914070129
v -0.322955846786499 15.142352104187012 -0.3200165033340454
v 0.17772376537322998 16.218326568603516 -0.02493342198431492
v 0.04111652076244354 15.128216743469238 0.5750962495803833
v -0.7076029181480408 15.618224143981934 -0.3433416187763214
v -0.49190181493759155 15.031049728393555 -0.09375607222318649
v 0.11917594820261002 16.012813568115234 -0.14256048202514648
v -0.06777311116456985 16.222736358642578 0.17045186460018158
v -0.7506842017173767 15.606264114379883 0.14787884056568146
v -0.28451284766197205 16.05089569091797 -0.16389933228492737
v 0.24790000915527344 14.724270820617676 0.18471242487430573
v 0.2003495693206787 15.66496467590332 1.0377748012542725
v 0.2814783751964569 15.820575714111328 -0.6652069687843323
v 0.18044620752334595 16.13420295715332 -0.0929134339094162
v -0.18001852929592133 14.981513977050781 0.2034359872341156
v 0.6149213910102844 15.69420337677002 0.2698933780193329
v 0.1320701688528061 15.218286514282227 -0.16266995668411255
v -0.5259225368499756 16.01696014404297 -0.23663195967674255
v 0.39436259865760803 15.925647735595703 0.4507218897342682
v 0.27592748403549194 15.655906677246094 -0.7367666959762573
v 0.6784226894378662 15.284588813781738 0.09885216504335403
v 0.1732516586780548 14.615306854248047 -0.01720198430120945
v 0.7042407393455505 15.357217788696289 -0.21542049944400787
v -0.3569079637527466 14.665619850158691 -0.3439047932624817
v -0.18337807059288025 14.987293243408203 -0.37668541073799133
v 0.07883051037788391 15.338068962097168 0.9939001798629761
v -0.08380688726902008 15.811098098754883 0.7347610592842102
v -0.05062267556786537 15.03675365447998 -0.5788688063621521
v -0.09888609498739243 16.019855499267578 0.44880613684654236
v -0.22684498131275177 14.984251976013184 0.17005442082881927
v 0.010844134725630283 15.028058052062988 -0.39166760444641113
v 0.05987216532230377 15.997535705566406 0.5754645466804504
v -0.24340949952602386 15.023673057556152 -0.5205162167549133
v 0.203642338514328 15.465009689331055 -0.8781712651252747
v 0.2653502821922302 15.020004272460938 0.17263445258140564
v 0.024684740230441093 16.228050231933594 0.10075493901968002
v -0.39311423897743225 15.345094680786133 0.567827045917511
v 0.024077098816633224 15.407683372497559 0.9677347540855408
v -0.07484492659568787 15.435907363891602 -0.9628136157989502
v -0.16874384880065918 15.028067588806152 -0.5361196994781494
v -0.11453699320554733 15.017149925231934 -0.38686755299568176
v 0.09000464528799057 15.868462562561035 -1.240342617034912
v 0.09119831025600433 15.715667724609375 0.8922439813613892
v 0.6893656849861145 15.278717994689941 -0.2188102900981903
v -0.21684950590133667 14.669535636901855 -0.5979792475700378
v 0.17325301468372345 15.79853343963623 -1.3815323114395142
v 0.1158561035990715 15.722269058227539 -1.2864091396331787
v -0.3018639385700226 14.859964370727539 -0.2849002778530121
v -0.32969552278518677 15.796841621398926 0.5247159600257874
v 0.1382293850183487 15.561773300170898 1.066085934638977
v 0.2251390814781189 16.166259765625 0.00623347470536828
v 0.43824830651283264 15.756486892700195 0.5431171655654907
v -0.2124316543340683 16.227293014526367 -0.03430669754743576
v -0.15640278160572052 15.084341049194336 0.5245917439460754
v -0.12399398535490036 15.900537490844727 0.6077514290809631
v 0.3292185366153717 15.036039352416992 -0.014892449602484703
v 0.25874632596969604 14.716499328613281 0.15218031406402588
v -0.5058992505073547 15.04480266571045 -0.29764479398727417
v -0.3660649061203003 15.241294860839844 0.5466253757476807
v 0.056433115154504776 16.24526023864746 -0.057357460260391235
v -0.5784556865692139 15.132838249206543 0.296384334564209
v -0.0044842916540801525 15.817075729370117 0.8007680177688599
v 0.7351612448692322 15.508766174316406 -0.19298453629016876
v -0.326760470867157 15.279991149902344 -0.3908615708351135
v 0.14171530306339264 15.796122550964355 0.9543853402137756
v -0.09035796672105789 16.02445411682129 0.1339551955461502
v -0.697804868221283 15.213479995727539 0.11565294116735458
v -0.1795138418674469 15.033380508422852 -0.3717797100543976
v -0.2943616807460785 14.678266525268555 -0.6445915102958679
v -0.056465670466423035 15.350719451904297 -0.7638831734657288
v 0.26476243138313293 15.147391319274902 -0.12651044130325317
v -0.582245409488678 15.137442588806152 0.2972058057785034
v 0.6107224822044373 15.203387260437012 0.2274652123451233
v 0.11640186607837677 15.413932800292969 0.9545163512229919
v 0.7258409857749939 15.606254577636719 -0.02683141827583313
v 0.36770784854888916 15.05683708190918 -0.36095863580703735
v -0.33797624707221985 14.710838317871094 -0.5962790846824646
v 0.21419812738895416 16.140113830566406 0.00589132122695446
v -0.5806376934051514 15.507964134216309 -0.5603325963020325
v -0.16435886919498444 14.980772018432617 0.2122960388660431
v 0.22992990911006927 15.573304176330566 0.6972379684448242
v -0.2032749503850937 14.653525352478027 -0.3096967339515686
v -0.00022534660820383579 15.261635780334473 0.6550620794296265
v -0.6310977339744568 15.887070655822754 -0.2786695063114166
v 0.19068531692028046 14.764031410217285 0.14310142397880554
v 0.6605067253112793 15.130681037902832 -0.22426438331604004
v 0.321302592754364 15.081520080566406 -0.5457882285118103
v -0.5629210472106934 15.840974807739258 0.32303521037101746
v 0.005162204150110483 15.048151016235352 -0.5245528817176819
v 0.6517961621284485 15.103878021240234 -0.2275240570306778
v -0.1941680759191513 15.586381912231445 -0.8023859858512878
v -0.18565484881401062 14.9811372756958 -0.29363688826560974
v 0.146719291806221 16.22195053100586 -0.060587670654058456
v 0.2635785639286041 15.051604270935059 -0.14123554527759552
v 0.5117107629776001 15.867400169372559 0.36776015162467957
v 0.19957630336284637 16.017614364624023 0.42768773436546326
v 0.4077661633491516 15.459634780883789 0.5434140563011169
v 0.12709848582744598 15.804218292236328 0.9127597808837891
v -0.07932750135660172 15.542402267456055 -1.0747973918914795
v -0.22057758271694183 16.053861618041992 -0.14308440685272217
v -0.3832606077194214 15.754203796386719 -0.6493552923202515
v 0.6465107798576355 15.468603134155273 -0.3622312545776367
v 0.11705591529607773 15.717874526977539 -1.2739546298980713
v -0.15474218130111694 16.238983154296875 -0.10149160772562027
v 0.30155712366104126 14.980417251586914 0.15092182159423828
v 0.19477160274982452 15.562207221984863 -0.9619219303131104
v -0.16072702407836914 16.045551300048828 0.009656146168708801
v -0.2226533740758896 14.936018943786621 -0.4273078441619873
v -0.09016550332307816 16.04786491394043 -0.2443942278623581
v 0.18548841774463654 15.732379913330078 1.1007858514785767
v -0.6629087924957275 15.875696182250977 -0.050568535923957825
v 0.5067540407180786 15.491955757141113 -0.5931568145751953
v 0.09905850887298584 15.382131576538086 1.0593242645263672
v 0.6214382648468018 15.452716827392578 0.2670435309410095
v 0.059921760112047195 15.298274040222168 0.9292805194854736
v -0.17351295053958893 16.04970359802246 -0.03571876138448715
v -0.32551050186157227 15.1089448928833 -0.32277703285217285
v 0.1374012976884842 16.159006118774414 0.17723031342029572
v -0.6407656073570251 15.864709854125977 -0.2833796739578247
v -0.03080212138593197 15.30837345123291 0.8229201436042786
v 0.09975624084472656 16.050329208374023 0.22783899307250977
v -0.234717458486557 16.052648544311523 -0.11849963665008545
v -0.3377271294593811 15.133380889892578 -0.6248463988304138
v -0.09154287725687027 16.239408493041992 0.09110093861818314
v -0.20569585263729095 15.227704048156738 0.5969951748847961
v 0.5127415060997009 15.592430114746094 -0.576775312423706
v 0.10035887360572815 16.039533615112305 0.1201794221997261
v -0.6430768370628357 15.208427429199219 -0.33144187927246094
v 0.19460757076740265 16.217613220214844 0.10909174382686615
v 0.11991871893405914 15.690075874328613 -1.2109274864196777
v 0.02995694987475872 15.433282852172852 1.0036367177963257
v 0.2248019278049469 16.165311813354492 0.0061647710390388966
v 0.26245835423469543 14.632925033569336 0.1577557772397995
v -0.6920039653778076 15.308204650878906 -0.346221923828125
v -0.29451286792755127 14.754494667053223 -0.6238646507263184
v 0.16013197600841522 16.20362091064453 -0.14171896874904633
v 0.19597573578357697 15.705564498901367 1.1274869441986084
v 0.19679835438728333 15.087615966796875 0.1082770824432373
v 0.17987382411956787 15.745773315429688 1.0854853391647339
v -0.07382779568433762 14.981579780578613 0.24502718448638916
v -0.3710131347179413 15.256784439086914 0.5506927967071533
v 0.27239879965782166 16.050222396850586 -0.3619665503501892
v -0.09454979747533798 15.807778358459473 0.6613016128540039
v -0.06319089978933334 16.161195755004883 -0.1446482092142105
v 0.2995064854621887 14.673881530761719 0.14757966995239258
v -0.7028344869613647 15.721724510192871 0.16114842891693115
v 0.17345480620861053 16.036117553710938 -0.2886536121368408
v 0.14395704865455627 16.075237274169922 -0.07807230204343796
v -0.7686578035354614 15.416596412658691 -0.13185521960258484
v -0.3262230157852173 15.301437377929688 -0.3893207609653473
v -0.31887125968933105 15.195718765258789 -0.31560397148132324
v -0.2057504504919052 14.648038864135742 -0.2810526490211487
v 0.16831113398075104 16.081090927124023 -0.038996290415525436
v -0.6748985648155212 15.176822662353516 0.11104593425989151
v -0.27220407128334045 15.955347061157227 0.4719192385673523
v -0.21091823279857635 16.23457908630371 0.07249248027801514
v -0.16907474398612976 15.23380184173584 -0.26890653371810913
v 0.06938648968935013 15.530098915100098 -0.7109181880950928
v 0.014247013255953789 15.334792137145996 1.007029414176941
v 0.26992160081863403 15.573509216308594 -0.7596777677536011
v 0.09688479453325272 15.024622917175293 -0.11199507862329483
v -0.10896642506122589 16.24249839782715 0.07800788432359695
v 0.5126773715019226 15.60515308380127 -0.5750821828842163
v -0.5489466786384583 15.099957466125488 0.28835874795913696
v 0.19609767198562622 15.013548851013184 0.16462182998657227
v -0.19945064187049866 16.134742736816406 0.04808379337191582
v 0.6701875925064087 15.16811466217041 -0.2208988219499588
v -0.0003845935279969126 15.341310501098633 0.7822551131248474
v -0.6961595416069031 15.32229232788086 -0.34760668873786926
v -0.3403889536857605 14.735570907592773 -0.42990824580192566
v 0.7350315451622009 15.618675231933594 -0.17264904081821442
v 0.21292643249034882 16.1727237701416 0.10102657228708267
v -0.22829502820968628 16.045866012573242 -0.23767070472240448
v 0.07840464264154434 15.959484100341797 0.6106485724449158
v 0.19309473037719727 16.116249084472656 0.09150496870279312
v 0.3240230083465576 16.026247024536133 -0.40725094079971313
v -0.48702454566955566 15.978642463684082 0.2987529933452606
v 0.09379972517490387 15.87442398071289 -1.2795124053955078
v 0.005085765849798918 16.020984649658203 -0.09452978521585464
v -0.1387804001569748 16.086620330810547 0.14089016616344452
v 0.2381354421377182 15.610852241516113 0.6960586309432983
v -0.23971235752105713 14.984807968139648 0.15768389403820038
v -0.019151387736201286 14.98322582244873 0.2545560598373413
v 0.1272750198841095 16.117712020874023 -0.10734347999095917
v -0.3713349401950836 15.257791519165039 0.5509573817253113
v 0.2637453079223633 14.947036743164062 0.22801756858825684
v -0.5343905687332153 15.356842041015625 0.4572980999946594
v 0.023572741076350212 15.71849536895752 0.7368263006210327
v -0.18585003912448883 16.165258407592773 0.08808024972677231
v 0.6413682103157043 15.872722625732422 -0.0063436198979616165
v 0.14428235590457916 15.728171348571777 0.8376079797744751
v -0.08371361345052719 15.811131477355957 0.7357388734817505
v 0.10831303149461746 15.739604949951172 1.109582543373108
v -0.6104719638824463 15.10059642791748 0.09806844592094421
v 0.6682668328285217 15.158334732055664 -0.22138509154319763
v 0.12272192537784576 16.01262092590332 -0.14277386665344238
v 0.2994857728481293 14.67343807220459 0.14684532582759857
v 0.1880902796983719 14.700332641601562 0.2765853703022003
v 0.08789712190628052 15.804573059082031 -1.0847519636154175
v 0.14563368260860443 14.83916187286377 0.2307061105966568
v 0.4198245704174042 16.04940414428711 0.06408447027206421
v -0.5311728715896606 15.95256519317627 0.16291537880897522
v 0.06520762294530869 15.034245491027832 -0.3856949210166931
v -0.1249394565820694 16.048763275146484 0.13675224781036377
v 0.16913262009620667 14.555519104003906 -0.04804743081331253
v 0.17483343183994293 15.031195640563965 -0.028876831755042076
v -0.17606386542320251 14.714035987854004 -0.624573290348053
v 0.2875213325023651 15.861634254455566 0.6087467074394226
v 0.4980725944042206 15.052573204040527 -0.13463658094406128
v 0.05208772048354149 15.47171688079834 -0.8066037893295288
v -0.2729091942310333 15.181436538696289 -0.4154593050479889
v 0.08959127962589264 15.83984375 -1.1482189893722534
v 0.7327236533164978 15.343231201171875 -0.038579292595386505
v 0.6059585213661194 15.171126365661621 0.2171928733587265
v 0.15929502248764038 15.059981346130371 -0.4760438799858093
v -0.5255833268165588 16.02399444580078 -0.036119382828474045
v 0.03301585465669632 15.753252983093262 0.7285058498382568
v 0.2515667974948883 14.61049747467041 -0.03127941116690636
v 0.19490240514278412 14.887154579162598 0.26082539558410645
v -0.1738172322511673 16.05374526977539 0.07103036344051361
v 0.10639410465955734 15.703935623168945 0.9423585534095764
v 0.17844104766845703 14.662874221801758 0.06335671246051788
v -0.20349232852458954 15.857526779174805 -0.6951600313186646
v -0.756958544254303 15.660457611083984 -0.09903829544782639
v 0.5100629925727844 15.97167682647705 -0.3148770332336426
v 0.0026868246495723724 15.725019454956055 1.0479331016540527
v -0.19883571565151215 15.208494186401367 -0.3983251452445984
v -0.11757087707519531 15.935317993164062 0.5830553770065308
v -0.31659165024757385 14.621420860290527 -0.347851037979126
v 0.11908699572086334 15.809228897094727 0.8894428610801697
v 0.04472619295120239 15.321721076965332 -0.7695126533508301
v 0.28470107913017273 15.840510368347168 0.6237905621528625
v -0.19773566722869873 15.55134105682373 -1.023480772972107
v 0.13110968470573425 15.6756010055542 1.0232475996017456
v -0.5502185821533203 15.751142501831055 -0.5005682706832886
v 0.04541845992207527 15.568060874938965 -0.8067408204078674
v -0.21360792219638824 15.03948974609375 -0.4163018465042114
v -0.1982811987400055 15.202591896057129 0.5863276720046997
v -0.34465858340263367 14.990473747253418 -0.037250716239213943
v -0.2274245172739029 14.724193572998047 -0.4862024784088135
v 0.6201943159103394 15.41482925415039 0.2642482817173004
v -0.20265457034111023 15.45424747467041 -0.9171124696731567
v 0.21655817329883575 15.473976135253906 0.680823028087616
v 0.17573067545890808 16.078414916992188 0.006662531290203333
v -0.63261878490448 15.124216079711914 0.10233057290315628
v -0.29574349522590637 16.03274917602539 0.13666534423828125
v 0.13426800072193146 16.133773803710938 0.17433270812034607
v 0.08094417303800583 15.880720138549805 0.6655910015106201
v 0.1759258657693863 15.697132110595703 0.962749183177948
v -0.07112389802932739 15.003630638122559 -0.23303218185901642
v 0.5086072683334351 15.700376510620117 -0.5671190023422241
v -0.033336762338876724 15.294153213500977 0.7839945554733276
v 0.6013603806495667 15.273085594177246 -0.4096910357475281
v 0.17507867515087128 16.1218204498291 -0.09083571285009384
v 0.40712645649909973 15.453836441040039 0.5419126152992249
v -0.19098415970802307 15.32680606842041 -0.7621224522590637
v 0.12540636956691742 15.323837280273438 0.7277691960334778
v -0.34447193145751953 14.992850303649902 -0.11325380951166153
v -0.060333892703056335 16.262178421020508 -0.020131217315793037
v 0.2592959403991699 14.72461223602295 0.16623544692993164
v -0.21113106608390808 15.175725936889648 -0.23922279477119446
v 0.06193486973643303 15.571685791015625 1.153456449508667
v 0.14156675338745117 15.730956077575684 0.8246603012084961
v 0.2630835175514221 15.402120590209961 -0.7790725827217102
v -0.07328817248344421 15.655930519104004 -1.197596549987793
v 0.4053988456726074 15.960637092590332 -0.4728410840034485
v 0.12874600291252136 16.02463150024414 0.0036643666680902243
v 0.015241852030158043 16.020740509033203 0.460718035697937
v 0.4073773920536041 15.11807918548584 0.4102824926376343
v -0.5354326367378235 15.086310386657715 0.28391095995903015
v -0.531765878200531 15.312339782714844 0.45177996158599854
v 0.24831564724445343 16.02755355834961 0.19885355234146118
v -0.3015027642250061 14.728534698486328 -0.4963645935058594
v 0.1329508125782013 15.258928298950195 0.8126956224441528
v -0.1607333868741989 16.018089294433594 0.05912915989756584
v 0.09361795336008072 15.312936782836914 0.6510920524597168
v -0.060312848538160324 15.80614948272705 0.8279179930686951
v -0.00891909096390009 16.03129768371582 -0.5206632614135742
v -0.3550174832344055 15.878032684326172 -0.5971815586090088
v -0.637552797794342 15.658416748046875 0.31701111793518066
v 0.26989132165908813 15.226646423339844 0.015926379710435867
v -0.3135177195072174 15.265730857849121 -0.30982035398483276
v -0.21467600762844086 15.12796401977539 -0.2435232549905777
v 0.6704412698745728 15.644238471984863 -0.3412925601005554
v -0.7683460712432861 15.603255271911621 -0.11055685579776764
v -0.07615120708942413 15.459200859069824 -0.9893876910209656
v 0.19095535576343536 16.15906524658203 -0.09500616043806076
v 0.2949056029319763 14.952362060546875 0.06795917451381683
v 0.17047029733657837 15.768568992614746 1.0471978187561035
v 0.029397083446383476 15.197964668273926 -0.719266951084137
v 0.07698552310466766 15.021748542785645 -0.1242709681391716
v 0.19651056826114655 15.057170867919922 0.13140155375003815
v -0.19340209662914276 15.359737396240234 -0.7721292972564697
v -0.340025395154953 14.750069618225098 -0.4288656413555145
v -0.31279417872428894 14.987417221069336 0.058945342898368835
v -0.19229532778263092 15.343390464782715 -0.7673100233078003
v 0.6209008693695068 15.434967994689941 0.2657650113105774
v -0.30747100710868835 14.644787788391113 -0.469603955745697
v 0.2973400354385376 15.020893096923828 0.01759142056107521
v 0.0891890674829483 15.827823638916016 -1.1229559183120728
v 0.2991017699241638 14.665154457092285 0.13312938809394836
v -0.619661271572113 15.947942733764648 -0.042502451688051224
v 0.1913314163684845 15.377100944519043 1.0518437623977661
v 0.14563846588134766 15.726734161376953 0.8445597887039185
v 0.11435281485319138 15.622064590454102 -1.1194044351577759
v -0.18712162971496582 15.258588790893555 -0.7371428608894348
v 0.08963973820209503 16.24569320678711 -0.0241403728723526
v 0.4253816306591034 16.04648780822754 -0.07620660960674286
v 0.05394044518470764 15.503986358642578 1.1381350755691528
v -0.1095736101269722 15.778782844543457 -1.083853840827942
v 0.1425083577632904 15.043997764587402 -0.37049025297164917
v 0.06714702397584915 16.047815322875977 0.24160383641719818
v -0.0858493447303772 16.252351760864258 0.02465606853365898
v 0.010667597874999046 16.184152603149414 0.21942870318889618
v -0.018954945728182793 16.06678009033203 -0.11908566206693649
v 0.29902464151382446 14.663491249084473 0.13037532567977905
v 0.06257686018943787 16.017932891845703 -0.13350273668766022
v -0.1143672838807106 16.146331787109375 0.16088885068893433
v -0.5435882210731506 15.937286376953125 0.16876907646656036
v -0.2920702397823334 16.015838623046875 0.3537004888057709
v 0.2775283455848694 16.027097702026367 0.12856127321720123
v -0.4799647629261017 15.02574348449707 0.06396662443876266
v 0.05086083710193634 16.020015716552734 -0.12907066941261292
v 0.6504298448562622 15.169303894042969 0.07946476340293884
v 0.19855643808841705 15.273582458496094 -0.033277735114097595
v 0.42870691418647766 16.046724319458008 -0.05013970658183098
v 0.30373767018318176 15.157575607299805 0.018943654373288155
v -0.5746023654937744 15.064292907714844 0.08995140343904495
v 0.053380124270915985 15.287035942077637 0.9023391008377075
v -0.36476510763168335 15.847389221191406 -0.613792359828949
v 0.29689255356788635 15.008320808410645 0.026844803243875504
v -0.3003678023815155 16.03317642211914 0.12481464445590973
v -0.38321658968925476 15.754563331604004 -0.6492412090301514
v -0.12233588844537735 16.037517547607422 0.3090778887271881
v 0.21819591522216797 15.411022186279297 -0.7324579358100891
v -0.24702690541744232 16.0521240234375 -0.3846130669116974
v 0.08273911476135254 15.827506065368652 0.7765629291534424
v 0.0513724759221077 16.208131790161133 0.2243933379650116
v -0.2981121838092804 14.918272018432617 -0.27980390191078186
v -0.20227806270122528 14.72782039642334 -0.3184317648410797
v 0.19963477551937103 16.137277603149414 -0.04294106364250183
v -0.5353022813796997 15.800002098083496 -0.4824580252170563
v 0.24950294196605682 15.975380897521973 0.502031683921814
v -0.7203260660171509 15.503493309020996 -0.36079347133636475
v -0.015451399609446526 16.03676414489746 -0.5051043033599854
v 0.2118353545665741 15.157474517822266 -0.6827470660209656
v 0.296688050031662 15.002567291259766 0.031079405918717384
v -0.19012820720672607 15.315977096557617 -0.7587354183197021
v 0.5977782607078552 15.137883186340332 0.20516426861286163
v 0.5119880437850952 15.626450538635254 -0.5730445981025696
v -0.5296772122383118 15.954488754272461 0.16209912300109863
v 0.22272922098636627 16.218704223632812 -0.02718653902411461
v 0.09132548421621323 15.824432373046875 0.8138608336448669
v -0.2712617814540863 16.053693771362305 -0.3699035346508026
v -0.1154182031750679 15.767306327819824 0.704555094242096
v 0.20520135760307312 15.567220687866211 1.080836534500122
v -0.6832475662231445 15.728570938110352 -0.31444376707077026
v -0.6912216544151306 15.69680404663086 -0.32260003685951233
v -0.2132764607667923 14.762991905212402 -0.668867826461792
v 0.16792917251586914 15.041839599609375 -0.20372755825519562
v 0.3042745590209961 15.201205253601074 -0.01358184777200222
v 0.06895925104618073 15.528081893920898 -0.7205467224121094
v -0.1923525482416153 16.140579223632812 -0.04636373743414879
v 0.03256700560450554 15.24659538269043 0.8125677704811096
v 0.005262074992060661 16.023113250732422 -0.30586591362953186
v -0.12410113960504532 15.771471977233887 0.6530660390853882
v -0.3363379240036011 16.055931091308594 -0.3151067793369293
v -0.19714076817035675 15.647053718566895 -0.7884030938148499
v 0.13237160444259644 15.672416687011719 1.0285543203353882
v -0.3409556448459625 14.712916374206543 -0.43153107166290283
v -0.18675194680690765 15.2005033493042 -0.706687331199646
v -0.4984983801841736 15.033815383911133 -0.29732128977775574
v -0.2901749610900879 15.04179859161377 -0.2690216302871704
v -0.11049076169729233 16.185449600219727 -0.137057363986969
v -0.21755757927894592 14.751259803771973 -0.6135988831520081
v 0.19008609652519226 15.70347785949707 -1.0694276094436646
v 0.02365281991660595 15.762432098388672 1.0611376762390137
v -0.39804020524024963 15.501749038696289 -0.7122788429260254
v -0.5443745851516724 16.01390266418457 -0.03730372339487076
v -0.31138792634010315 16.04888916015625 -0.09350878745317459
v -0.3271101415157318 15.087976455688477 -0.324506014585495
v 0.6122269630432129 15.316277503967285 -0.4027453660964966
v -0.39526623487472534 15.545120239257812 0.5699193477630615
v 0.0932052806019783 15.363143920898438 1.0356097221374512
v -0.23925304412841797 14.746010780334473 -0.4475083351135254
v -0.21475984156131744 14.758917808532715 -0.6497189402580261
v 0.09477590769529343 15.19530963897705 0.6119732856750488
v -0.21424581110477448 14.76030445098877 -0.6563538312911987
v -0.1349143385887146 16.10955238342285 -0.10138127207756042
v -0.20838439464569092 15.703262329101562 -1.1233888864517212
v 0.4244561493396759 16.046428680419922 -0.08317480236291885
v -0.1589401513338089 16.054887771606445 -0.05463957041501999
v 0.40508195757865906 15.434002876281738 0.5365864634513855
v 0.407844215631485 16.046154022216797 -0.1502373218536377
v -0.1943715661764145 15.376434326171875 -0.7767965197563171
v 0.7288179993629456 15.661340713500977 -0.16664543747901917
v 0.032343607395887375 15.214573860168457 -0.7290099263191223
v -0.1973673552274704 16.20269775390625 0.08133842051029205
v 0.5309877991676331 16.028017044067383 -0.0006100481259636581
v 0.20847298204898834 16.16036033630371 0.09949734061956406
v -0.1683925986289978 15.165960311889648 -0.3576636016368866
v 0.07018090039491653 15.843812942504883 0.6888768076896667
v 0.2256079465150833 16.210847854614258 0.04431828483939171
v 0.1798669993877411 14.988409996032715 0.23406736552715302
v 0.24660146236419678 16.012895584106445 -0.049115750938653946
v 0.18083339929580688 15.796585083007812 -1.3256253004074097
v 0.30496954917907715 14.7914457321167 0.3425855040550232
v -0.04129398986697197 16.25191307067871 -0.09235288202762604
v 0.23095977306365967 16.18305778503418 0.007281319238245487
v 0.6098027229309082 15.723577499389648 0.2686610221862793
v -0.09774793684482574 15.837113380432129 -1.159848928451538
v -0.09747414290904999 15.809664726257324 0.649162232875824
v 0.21465198695659637 15.407170295715332 0.6551089286804199
v -0.7079489231109619 15.369694709777832 -0.35199588537216187
v 0.030027927830815315 15.80777359008789 -0.7266338467597961
v 0.18760821223258972 16.219032287597656 0.11758142709732056
v -0.11437342315912247 15.731314659118652 -1.0411933660507202
v -0.6651757955551147 15.794755935668945 -0.298434317111969
v -0.013939691707491875 16.252262115478516 -0.15715228021144867
v 0.12270690500736237 16.02103042602539 0.05110766366124153
v 0.08149971812963486 15.18993091583252 0.5586621761322021
v 0.27015000581741333 14.981019973754883 0.3194997012615204
v -0.3335675001144409 15.163375854492188 0.515341579914093
v 0.5965340733528137 15.850625038146973 -0.3477533161640167
v 0.2888166904449463 15.059935569763184 -0.32066017389297485
v 0.18234442174434662 16.227529525756836 -0.10461944341659546
v -0.20092640817165375 15.688065528869629 -0.7747143507003784
v 0.29477205872535706 14.948609352111816 0.07072097063064575
v 0.06934098899364471 15.642951011657715 1.0523078441619873
v 0.07057356089353561 15.52849006652832 -0.7578613758087158
v 0.14366653561592102 15.28530216217041 0.6070532202720642
v -0.1510896235704422 16.056169509887695 -0.07661769539117813
v 0.10151000320911407 15.707322120666504 0.9246445894241333
v 0.20787443220615387 16.215431213378906 -0.0987241268157959
v 0.18498246371746063 15.7931489944458 -1.2861024141311646
v -0.07828432321548462 15.729216575622559 -1.3315283060073853
v 0.2101389318704605 16.132850646972656 0.006240299437195063
v -0.2996121644973755 14.735557556152344 -0.5308576226234436
v 0.2510794997215271 14.60330581665039 -0.043737299740314484
v 0.2623259723186493 14.62733268737793 0.14847305417060852
v 0.18864081799983978 14.708436965942383 0.28998759388923645
v 0.2608308494091034 14.564003944396973 0.04365627467632294
v 0.11399427801370621 16.03805160522461 0.08569950610399246
v -0.13407637178897858 16.07207679748535 0.13996517658233643
v 0.40886226296424866 15.890642166137695 0.4788810610771179
v 0.5325882434844971 15.815560340881348 0.3858387768268585
v -0.6562533974647522 15.887734413146973 -0.04863004758954048
v 0.025279641151428223 15.174992561340332 -0.7056534886360168
v 0.6322212815284729 15.786823272705078 -0.3472646474838257
v -0.202016681432724 15.698391914367676 -0.7709352970123291
v -0.7719303369522095 15.572710990905762 -0.11554287374019623
v 0.12935341894626617 15.739109992980957 0.7885444164276123
v 0.18746808171272278 15.312346458435059 0.7625264525413513
v 0.25397640466690063 14.876787185668945 0.07255800068378448
v 0.022196391597390175 15.239516258239746 0.765801727771759
v -0.05976583808660507 15.005897521972656 -0.23730841279029846
v -0.28383877873420715 15.140395164489746 -0.26041287183761597
v 0.1984904706478119 15.266600608825684 -0.027987323701381683
v 0.5426391959190369 15.583659172058105 0.42023634910583496
v -0.2911836802959442 16.015867233276367 0.3543194830417633
v -0.5094717741012573 15.182182312011719 -0.5150142312049866
v 0.5698636174201965 15.847253799438477 0.2566508650779724
v -0.6647300124168396 15.554136276245117 0.3178901672363281
v 0.039060868322849274 15.753774642944336 0.7672738432884216
v 0.7277578711509705 15.461044311523438 -0.20215295255184174
v -0.17667685449123383 16.024402618408203 0.15568147599697113
v -0.09667403995990753 16.240083694458008 -0.1609373390674591
v 0.7306534051895142 15.319165229797363 -0.039745889604091644
v 0.11309749633073807 15.698176383972168 1.1508116722106934
v -0.3058192729949951 14.798384666442871 -0.2902734875679016
v 0.29687321186065674 14.617201805114746 0.05355733633041382
v 0.5109484195709229 15.658568382263184 -0.569972038269043
v -0.19791264832019806 15.21905517578125 -0.3972019851207733
v 0.652405858039856 15.488801956176758 -0.3570069372653961
v -0.2201993763446808 16.231876373291016 0.024713169783353806
v 0.38197749853134155 14.987303733825684 0.24190618097782135
v 0.5434600114822388 15.595152854919434 0.4202677309513092
v -0.3226945698261261 16.044471740722656 -0.024538718163967133
v -0.20570608973503113 15.740687370300293 -0.7545194625854492
v -0.19458791613578796 15.530352592468262 -0.805374026298523
v 0.5501845479011536 15.729231834411621 0.4050494134426117
v 0.13732759654521942 15.555362701416016 1.0632497072219849
v 0.41661620140075684 16.04620361328125 -0.12021495401859283
v -0.30150526762008667 14.865549087524414 -0.2844129800796509
v 0.0457940548658371 15.565197944641113 -0.8072389364242554
v -0.5776867866516113 15.402496337890625 -0.5731717944145203
v -0.28535184264183044 16.032047271728516 0.15752464532852173
v -0.35311663150787354 14.74797248840332 -0.35260263085365295
v -0.3447009027004242 14.69479751586914 -0.5066291689872742
v 0.1952616274356842 14.925079345703125 0.23193618655204773
v 0.2990483045578003 15.069018363952637 -0.017757529392838478
v 0.27925732731819153 16.026840209960938 -0.21785947680473328
v 0.08652805536985397 15.826415061950684 0.7944779992103577
v -0.20923271775245667 15.201313972473145 -0.23692019283771515
v 0.550156831741333 15.697097778320312 0.4098077118396759
v -0.19644701480865479 15.452245712280273 -0.7958774566650391
v -0.00454162061214447 16.227705001831055 -0.17280761897563934
v 0.22641509771347046 15.307989120483398 0.5992082953453064
v 0.49353769421577454 16.001502990722656 0.22389739751815796
v -0.20467279851436615 15.444180488586426 -0.9021021127700806
v -0.6676623225212097 15.249037742614746 -0.33937057852745056
v 0.31064534187316895 14.979216575622559 0.2951697111129761
v -0.1557711362838745 15.829901695251465 -1.3844865560531616
v 0.037672009319067 15.81208324432373 0.8970598578453064
v 0.0522979274392128 15.28544807434082 0.8965955376625061
v 0.14709807932376862 14.75857162475586 0.2915884852409363
v 0.23036101460456848 15.997907638549805 -0.558838427066803
v -0.29939526319503784 14.898359298706055 -0.28154653310775757
v 0.013745386153459549 16.003747940063477 -0.58311527967453
v 0.7382026314735413 15.558127403259277 -0.1831502467393875
v -0.3352973759174347 14.93895149230957 -0.41532018780708313
v -0.3145551085472107 15.84179973602295 0.5128700733184814
v -0.008488441817462444 15.252305030822754 0.7960882186889648
v -0.339250773191452 14.781026840209961 -0.42664697766304016
v 0.1976555585861206 15.17832088470459 0.039259012788534164
v 0.6054189205169678 15.289216995239258 -0.4070970416069031
v -0.16352282464504242 16.024465560913086 0.16871856153011322
v 0.33533409237861633 15.058503150939941 -0.2979286015033722
v 0.19303831458091736 15.590879440307617 -0.9800491333007812
v 0.40495002269744873 15.286783218383789 0.4773291051387787
v -0.055459003895521164 16.027029037475586 0.1550508588552475
v -0.3777415454387665 15.279582023620605 0.5561028718948364
v -0.18969950079917908 15.310555458068848 -0.7570394277572632
v 0.029042189940810204 16.038898468017578 -0.4329969584941864
v -0.1792491376399994 14.971675872802734 -0.07989203929901123
v 0.6059116721153259 15.291175842285156 -0.406781941652298
v 0.25680965185165405 14.947839736938477 0.020269043743610382
v 0.18884465098381042 16.116609573364258 -0.04290352761745453
v -0.054104723036289215 15.745099067687988 0.7403221726417542
v 0.15599770843982697 15.346242904663086 -0.715453565120697
v 0.29528096318244934 14.96290397644043 0.06019975244998932
v -0.20275843143463135 15.163612365722656 -0.4030991494655609
v 0.26756587624549866 15.12086009979248 0.09617022424936295
v -0.11425217241048813 15.263493537902832 0.5860025882720947
v 0.10493040084838867 15.423190116882324 1.097800850868225
v 0.723014771938324 15.256166458129883 -0.043096672743558884
v 0.5032945275306702 15.143866539001465 0.2915439009666443
v -0.44745951890945435 16.03145408630371 0.08475767821073532
v 0.5126281976699829 15.579334259033203 -0.5787642002105713
v -0.29685071110725403 14.739801406860352 -0.464462548494339
v 0.08212624490261078 16.02542495727539 0.05611370503902435
v -0.37325796484947205 15.65878677368164 0.5542358160018921
v 0.0858171284198761 16.030982971191406 -0.20624639093875885
v 0.2120451182126999 16.010000228881836 0.4722602665424347
v -0.2355324625968933 16.018035888671875 0.3908584713935852
v 0.3002315163612366 14.872611045837402 0.2311927229166031
v 0.27873748540878296 15.859169006347656 -0.6443102359771729
v -0.6995850205421448 15.336065292358398 -0.3488820493221283
v 0.13804101943969727 14.619519233703613 0.06767662614583969
v -0.042662035673856735 16.113426208496094 -0.13565394282341003
v -0.2209867388010025 14.741808891296387 -0.569319486618042
v -0.2586793601512909 16.049474716186523 -0.20508047938346863
v -0.022795412689447403 16.04439926147461 -0.16708984971046448
v 0.5990556478500366 15.263924598693848 -0.4111643135547638
v -0.5297099947929382 15.954446792602539 0.1621168702840805
v -0.30100274085998535 14.873373985290527 -0.28373026847839355
v 0.047080542892217636 15.107155799865723 0.5561219453811646
v 0.43791231513023376 15.73788833618164 0.547574520111084
v -0.3918495774269104 16.05398178100586 -0.2411852777004242
v 0.23930659890174866 14.994353294372559 0.19988273084163666
v 0.0386347696185112 16.022188186645508 -0.12444546073675156
v 0.4958078861236572 15.037206649780273 0.0859331488609314
v 0.07726602256298065 16.107952117919922 -0.11162927001714706
v -0.06822241842746735 15.880607604980469 -1.3247627019882202
v 0.2590773403644562 15.004800796508789 -0.02159060165286064
v 0.05053006112575531 15.74818229675293 0.7933486700057983
v -0.18228678405284882 14.70024299621582 -0.5525633096694946
v 0.19184599816799164 15.78334903717041 -1.2109477519989014
v -0.2872183322906494 16.050992965698242 -0.15872381627559662
v 0.16734881699085236 15.797228813171387 -1.414874792098999
v 0.4226346015930176 15.053491592407227 -0.23879088461399078
v 0.009758752770721912 15.115464210510254 -0.662120521068573
v -0.017409682273864746 16.233016967773438 0.08539079874753952
v -0.11451845616102219 15.72988510131836 -1.0399693250656128
v 0.11510787159204483 15.811559677124023 0.878859281539917
v -0.07106997817754745 16.0362491607666 -0.3069753050804138
v 0.1818976253271103 14.694596290588379 0.11702428758144379
v 0.2631952166557312 14.922024726867676 0.24698548018932343
v -0.07162006199359894 16.124427795410156 -0.12802033126354218
v -0.19378986954689026 16.12519645690918 -0.040049824863672256
v 0.05677322298288345 16.058555603027344 -0.09217725694179535
v 0.16007328033447266 14.987492561340332 0.24158790707588196
v -0.11729742586612701 15.937569618225098 0.5812729597091675
v 0.2079920470714569 15.425280570983887 -0.8090540170669556
v 0.11593117564916611 15.48824405670166 -0.9863596558570862
v 0.053632643073797226 16.12468719482422 0.21168020367622375
v 0.08962176740169525 15.867676734924316 -1.235748052597046
v 0.19067326188087463 14.839306831359863 0.08861532062292099
v 0.014628068543970585 16.043716430664062 -0.2757837176322937
v -0.10721629858016968 14.987936973571777 0.4577833414077759
v 0.06392227113246918 15.663522720336914 1.035515308380127
v 0.5339675545692444 16.02796173095703 0.11203121393918991
v 0.11520637571811676 15.058283805847168 -0.4929159879684448
v -0.1468314677476883 15.839882850646973 0.6360898613929749
v 0.2394312620162964 15.461687088012695 1.088607668876648
v 0.1906386911869049 15.070365905761719 -0.07848384231328964
v 0.17172083258628845 15.313643455505371 0.9508379697799683
v -0.34846946597099304 16.05585289001465 -0.3012586832046509
v 0.4976125955581665 15.444811820983887 -0.6018269062042236
v -0.15671831369400024 16.00531005859375 -0.5369460582733154
v -0.031633615493774414 16.253196716308594 -0.1551337093114853
v -0.19610929489135742 15.419578552246094 -0.7881602644920349
v -0.4856049716472626 15.026026725769043 0.04465224966406822
v 0.18515604734420776 14.65716552734375 0.20519225299358368
v 0.01635749079287052 16.036113739013672 0.16237416863441467
v -0.15220265090465546 16.147857666015625 0.13034142553806305
v -0.08164579421281815 15.760950088500977 0.8233715295791626
v -0.05379464477300644 16.038284301757812 0.17198972404003143
v 0.25362083315849304 14.640796661376953 0.021209964528679848
v 0.10987251251935959 16.03465461730957 0.0828799307346344
v 0.1640576422214508 16.046098709106445 0.30021944642066956
v 0.6252298951148987 15.85672664642334 0.12436170130968094
v -0.33092671632766724 15.038116455078125 -0.32862788438796997
v 0.1755513995885849 14.63641357421875 0.018505042418837547
v 0.19460871815681458 14.855989456176758 0.2844894826412201
v 0.6708900928497314 15.62195873260498 -0.3414573669433594
v 0.05395090952515602 16.042173385620117 -0.2830642759799957
v 0.16576021909713745 15.005122184753418 0.08121488988399506
v -0.533957302570343 15.400897979736328 0.46058404445648193
v -0.2491036057472229 15.01308536529541 -0.3109859526157379
v 0.2652665674686432 15.926615715026855 -0.6091027855873108
v 0.02989666350185871 15.797534942626953 -0.7308071255683899
v -0.3043530583381653 14.6527738571167 -0.511216402053833
v 0.26568537950515747 15.509073257446289 -0.7705597281455994
v -0.18970416486263275 15.92142105102539 -0.6425560116767883
v 0.6480898261070251 15.474014282226562 -0.3608318269252777
v -0.36130648851394653 16.018552780151367 0.2918969690799713
v 0.41517913341522217 15.519149780273438 0.5567971467971802
v -0.33221694827079773 15.020886421203613 0.27874407172203064
v 0.3008662164211273 15.120223999023438 -0.0553741529583931
v 0.2983523905277252 14.648995399475098 0.10637089610099792
v 0.03556358069181442 15.409170150756836 1.098557472229004
v 0.6614910960197449 15.126413345336914 -0.05342838540673256
v 0.5259016752243042 15.833208084106445 0.3800487816333771
v 0.1906425505876541 15.045519828796387 -0.06049985811114311
v 0.615139365196228 15.692951202392578 0.2699459195137024
v 0.03786788135766983 15.641097068786621 1.118086814880371
v -0.7236851453781128 15.269021034240723 0.11906014382839203
v -0.12049169093370438 16.02621078491211 0.20269617438316345
v -0.19497431814670563 15.514948844909668 -0.8050892949104309
v -0.06280290335416794 16.232683181762695 0.11102136224508286
v -0.7417441010475159 15.63273811340332 0.15179699659347534
v 0.30113786458969116 14.708937644958496 0.20579397678375244
v 0.13593100011348724 14.587151527404785 0.015519389882683754
v -0.08751995861530304 15.762516975402832 0.8078722357749939
v 0.5188877582550049 15.05359172821045 -0.05696798861026764
v -0.03161996603012085 15.30027961730957 0.8026530146598816
v 0.6533110737800598 15.119274139404297 -0.0543927401304245
v -0.1616298407316208 14.963726997375488 -0.00951058603823185
v 0.42891213297843933 16.047758102416992 -0.0018624113872647285
v -0.30727991461753845 16.015626907348633 0.3423864245414734
v -0.007321844343096018 15.046815872192383 -0.5274054408073425
v 0.20622986555099487 15.052689552307129 -0.35250967741012573
v -0.014297314919531345 16.211395263671875 0.2101198136806488
v 0.42576244473457336 15.9337158203125 -0.49302029609680176
v 0.1812233328819275 15.742546081542969 1.0892797708511353
v -0.20808705687522888 16.1737060546875 0.03892277181148529
v 0.10692644864320755 16.081310272216797 -0.09034159034490585
v 0.10774679481983185 15.702969551086426 0.9478575587272644
v 0.374925822019577 16.048254013061523 -0.22449131309986115
v -0.3417227566242218 14.99001407623291 -0.02049885131418705
v 0.08436297625303268 15.6702241897583 -0.9593812823295593
v -0.32371601462364197 16.04228973388672 -0.0020100560504943132
v 0.054078537970781326 14.9783935546875 0.12460625916719437
v 0.5360600352287292 15.473878860473633 0.4085742235183716
v 0.2581409513950348 14.707576751708984 0.1367233544588089
v -0.6737390160560608 15.506614685058594 0.32069656252861023
v 0.6780107021331787 15.70212173461914 0.12977951765060425
v 0.2257198691368103 16.210840225219727 0.04385646805167198
v 0.29930901527404785 14.797694206237793 0.2870142459869385
v -0.7203428745269775 15.504021644592285 -0.360809862613678
v -0.07812950760126114 16.157207489013672 0.19460143148899078
v -0.1380184143781662 15.861175537109375 0.6269943714141846
v 0.6133275628089905 15.230683326721191 0.23517639935016632
v -0.05519237741827965 15.302114486694336 0.6064478754997253
v -0.30875441431999207 16.055471420288086 -0.3419361412525177
v 0.23937369883060455 15.056902885437012 -0.3409210741519928
v 0.30298420786857605 15.096362113952637 0.06454719603061676
v 0.5057125687599182 15.160783767700195 0.3018440008163452
v 0.1855241358280182 14.662583351135254 0.21415285766124725
v -0.21774935722351074 15.086456298828125 -0.2472514510154724
v -0.33212870359420776 15.065515518188477 -0.40624016523361206
v 0.2616812288761139 14.600071907043457 0.10330448299646378
v 0.5109365582466125 15.069245338439941 -0.3960416615009308
v -0.6300632953643799 15.842207908630371 0.17464686930179596
v 0.08982514590024948 16.067224502563477 0.17322775721549988
v 0.06741910427808762 15.03451919555664 -0.38531774282455444
v 0.5065333843231201 15.04284381866455 0.057210687547922134
v 0.7086675763130188 15.377960205078125 -0.21382859349250793
v 0.15132175385951996 14.756103515625 0.1974339783191681
v 0.04501328989863396 16.026376724243164 0.0740160197019577
v -0.20112363994121552 14.658292770385742 -0.33458632230758667
v -0.33354029059410095 15.003960609436035 -0.33145201206207275
v -0.07154567539691925 15.749942779541016 -1.3781466484069824
v 0.5119923949241638 15.053449630737305 -0.09396741539239883
v 0.001877622795291245 14.996246337890625 0.39957335591316223
v 0.03230242803692818 15.674795150756836 1.1076427698135376
v 0.10504142194986343 15.747200012207031 -1.3780667781829834
v 0.22862839698791504 15.295136451721191 0.591698169708252
v -0.2728104591369629 15.183258056640625 -0.415257066488266
v 0.7383195757865906 15.561233520507812 -0.1825394183397293
v -0.31158435344696045 16.048845291137695 -0.09264566749334335
v 0.0810740739107132 15.036210060119629 -0.38298851251602173
v 0.08371347934007645 15.890216827392578 0.659599244594574
v 0.27104517817497253 15.27915096282959 -0.023870335891842842
v -0.16617736220359802 15.192442893981934 -0.3548514246940613
v -0.6688417196273804 15.179502487182617 -0.1225738525390625
v -0.2928421199321747 14.813786506652832 -0.4562583863735199
v -0.1987663358449936 16.0221004486084 0.26281893253326416
v -0.07359529286623001 15.631997108459473 -1.16512131690979
v -0.0778132900595665 16.10468101501465 -0.11940165609121323
v 0.7309544086456299 15.649943351745605 -0.1680535227060318
v -0.27653706073760986 15.253973960876465 -0.2504938244819641
v -0.05747336521744728 15.746488571166992 0.7320868372917175
v -0.09375698119401932 15.807469367980957 0.6645413637161255
v -0.5783402323722839 15.417287826538086 -0.5730497241020203
v 0.027689501643180847 15.934099197387695 -0.6632715463638306
v -0.1987794190645218 16.018945693969727 0.41146162152290344
v -0.028526026755571365 15.317046165466309 0.8435383439064026
v -0.6177467107772827 15.720187187194824 0.3187839984893799
v 0.7150685787200928 15.405054092407227 -0.21066708862781525
v 0.24255864322185516 15.051190376281738 -0.1589701920747757
v 0.059535473585128784 16.22509765625 0.0980827733874321
v 0.4050087034702301 16.046218872070312 -0.15736794471740723
v -0.2432182878255844 14.743027687072754 -0.2781437635421753
v 0.03857584670186043 14.985906600952148 0.005055274814367294
v -0.18201424181461334 14.700847625732422 -0.5557169318199158
v -0.3957676291465759 15.620014190673828 -0.6904041171073914
v 0.22612549364566803 15.997286796569824 0.48306402564048767
v 0.4851513206958771 15.39814567565918 -0.610493540763855
v -0.29186105728149414 15.081768989562988 0.4725382626056671
v -0.02650575153529644 16.027597427368164 0.07992703467607498
v -0.04917079955339432 15.041817665100098 -0.5342466235160828
v 0.2555411458015442 14.669124603271484 0.07028304040431976
v 0.18941158056259155 15.32388973236084 0.789478063583374
v 0.19816401600837708 15.232050895690918 -0.0016692676581442356
v 0.1880463808774948 14.699687957763672 0.27551954984664917
v 0.7330714464187622 15.347373008728027 -0.038378868252038956
v -0.1362854540348053 16.01911735534668 0.43887484073638916
v -0.1961950659751892 15.427881240844727 -0.7901217341423035
v -0.16116687655448914 16.046241760253906 0.007071113213896751
v 0.5073951482772827 15.053184509277344 -0.1114581897854805
v 0.20146223902702332 16.046175003051758 -0.4050716459751129
v -0.6613868474960327 15.570075988769531 0.31726568937301636
v 0.6509689688682556 15.79140853881836 0.1265449821949005
v 0.18271751701831818 15.382916450500488 0.948955237865448
v 0.5174001455307007 15.049943923950195 0.006775368936359882
v -0.09639047086238861 16.06382179260254 0.16575931012630463
v 0.06321271508932114 15.604540824890137 1.1562418937683105
v 0.6555027365684509 15.891669273376465 -0.14324432611465454
v -0.5169463157653809 15.625229835510254 0.45038723945617676
v 0.6916419863700867 15.751579284667969 -0.016334544867277145
v 0.2696385681629181 15.215099334716797 0.02466949075460434
v 0.28338226675987244 15.832635879516602 0.6290231347084045
v 0.11108597368001938 15.481291770935059 1.130825400352478
v -0.44178247451782227 15.933771133422852 0.4027189612388611
v 0.09019938111305237 16.016571044921875 0.0715206190943718
v -0.1816251128911972 14.981590270996094 0.20252691209316254
v 0.08685541898012161 15.705869674682617 -0.9883099794387817
v -0.046283308416604996 16.21729850769043 0.1873304396867752
v 0.2049006074666977 15.574544906616211 1.0826791524887085
v 0.004944946151226759 15.792817115783691 0.9725852012634277
v 0.252656489610672 15.161979675292969 0.5188174843788147
v 0.029582036659121513 15.702288627624512 0.9612488746643066
v 0.18680697679519653 14.681462287902832 0.24537503719329834
v -0.5463890433311462 15.999761581420898 -0.24491098523139954
v 0.1012037917971611 15.391995429992676 1.0699701309204102
v -0.4473331570625305 15.960662841796875 -0.403688907623291
v -0.5392147302627563 15.233992576599121 -0.5391258001327515
v 0.026565218344330788 15.418224334716797 0.9845819473266602
v -0.34712883830070496 14.689014434814453 -0.47426146268844604
v -0.5807918310165405 15.50041389465332 -0.5620688796043396
v -0.6597375869750977 15.813409805297852 -0.29415661096572876
v 0.1981460452079773 15.230135917663574 -0.00021102081518620253
v 0.1883680522441864 14.556197166442871 -0.04766159877181053
v -0.1535419076681137 16.019136428833008 0.43202129006385803
v 0.13562661409378052 15.132952690124512 -0.09615729004144669
v 0.22096498310565948 15.346349716186523 0.9900240898132324
v -0.6267415285110474 15.936655044555664 -0.043414026498794556
v -0.11600115895271301 16.17000961303711 -0.1301569640636444
v -0.2145126610994339 14.98346996307373 0.1796572357416153
v 0.528827965259552 15.368721961975098 0.3841409683227539
v 0.14612120389938354 16.047321319580078 0.3106819689273834
v 0.44186413288116455 15.911588668823242 -0.5092394948005676
v 0.11598213762044907 15.721807479858398 -1.285102128982544
v 0.15967631340026855 15.794692039489746 -1.4634631872177124
v -0.32905998826026917 15.062538146972656 -0.3266112506389618
v 0.1983187049627304 15.24841594696045 -0.014135116711258888
v -0.20742447674274445 15.725259780883789 -1.1447185277938843
v -0.1875194013118744 15.2682466506958 -0.7410340905189514
v 0.29839426279067993 15.050555229187012 -0.004221313167363405
v 0.17573043704032898 15.765253067016602 0.8610800504684448
v -0.014673137106001377 16.043092727661133 0.33593353629112244
v 0.40887224674224854 15.469657897949219 0.5460095405578613
v 0.2955045998096466 14.587708473205566 0.00471971882507205
v 0.42345130443573 15.579345703125 0.5640260577201843
v 0.19063527882099152 15.095849990844727 -0.09692986309528351
v 0.19255442917346954 15.74882698059082 -1.1229218244552612
v 0.14058464765548706 15.013871192932129 -0.0034016466233879328
v 0.022358596324920654 15.158697128295898 -0.6959964036941528
v 0.12215568870306015 16.019760131835938 0.003960338421165943
v 0.19066734611988068 14.880399703979492 0.058944206684827805
v -0.014063221402466297 16.232574462890625 0.08702284842729568
v 0.033811863511800766 16.22704315185547 0.10216905176639557
v -0.20535551011562347 14.680886268615723 -0.32302215695381165
v 0.2036086618900299 15.745626449584961 0.946237325668335
v 0.23562662303447723 16.020069122314453 0.40894368290901184
v -0.33197343349456787 15.071722984313965 -0.40579575300216675
v -0.07872645556926727 16.247705459594727 0.04172665625810623
v 0.09075787663459778 16.24552345275879 -0.024259353056550026
v -0.1436770260334015 16.031978607177734 0.29876983165740967
v 0.5541380047798157 15.998976707458496 -0.0026654708199203014
v 0.19391849637031555 15.513792037963867 1.1565945148468018
v 0.22702637314796448 15.304287910461426 0.5970220565795898
v 0.20068193972110748 16.021024703979492 -0.05651276931166649
v 0.4308890700340271 15.231657028198242 -0.6156279444694519
v 0.6579553484916687 15.121925354003906 -0.2252369374036789
v 0.1517392098903656 14.746060371398926 0.20524343848228455
v 0.7300567030906677 15.655292510986328 -0.16734953224658966
v -0.20280449092388153 14.75559139251709 -0.40134379267692566
v -0.7406948804855347 15.319796562194824 -0.13577724993228912
v -0.184990793466568 15.150404930114746 -0.6752160787582397
v 0.4874403774738312 15.918399810791016 0.346811443567276
v -0.0013610046589747071 15.794464111328125 0.9557682871818542
v 0.08948572725057602 15.844808578491211 -1.16023850440979
v -0.6835650205612183 15.336803436279297 0.3250792622566223
v 0.200689435005188 16.021183013916016 -0.05490574240684509
v 0.13310778141021729 16.01259994506836 -0.14102648198604584
v -0.3309929072856903 14.727537155151367 -0.6893619894981384
v -0.03930181264877319 16.257352828979492 0.030187169089913368
v -0.017152156680822372 15.818840026855469 0.7511805891990662
v -0.3726077675819397 15.02109432220459 0.2396455556154251
v 0.6646537780761719 15.222323417663574 0.08897726237773895
v -0.7605495452880859 15.380699157714844 -0.13443933427333832
v -0.20352724194526672 14.708805084228516 -0.32029470801353455
v 0.0332661010324955 15.051156044006348 -0.5181312561035156
v -0.2974284589290619 14.729118347167969 -0.4656447172164917
v 0.10909925401210785 16.2268009185791 0.13152235746383667
v 0.19662591814994812 15.0694580078125 0.12209834903478622
v -0.23233968019485474 16.038555145263672 0.07802403718233109
v -0.1771514117717743 16.047266006469727 -0.4137862026691437
v -0.021283704787492752 15.448626518249512 0.7332693934440613
v 0.3020612597465515 16.020862579345703 0.04961984232068062
v 0.0074797021225094795 15.353020668029785 0.8269777894020081
v 0.1953025758266449 14.929415702819824 0.22863294184207916
v 0.20844043791294098 16.034372329711914 -0.27812954783439636
v 0.033503152430057526 15.403870582580566 1.0943260192871094
v 0.07453016191720963 16.242321014404297 -0.12078960239887238
v -0.012685280293226242 15.818594932556152 0.7752998471260071
v 0.12832331657409668 15.510533332824707 1.0388537645339966
v 0.29412052035331726 14.93022346496582 0.08421213924884796
v 0.703651487827301 15.503485679626465 0.12277355790138245
v -0.03612085431814194 16.214780807495117 0.19529347121715546
v 0.2591933608055115 14.72309684753418 0.16360992193222046
v -0.21832719445228577 15.07867431640625 -0.24795225262641907
v -0.18951818346977234 14.914006233215332 -0.3844779431819916
v -0.6179731488227844 15.108454704284668 0.09954603016376495
v -0.17857006192207336 14.973140716552734 -0.08992322534322739
v 0.21928903460502625 15.351943016052246 0.6251052021980286
v -0.15069366991519928 16.20728302001953 -0.11685461550951004
v 0.017327532172203064 15.522491455078125 1.1142600774765015
v 0.07308602333068848 15.533791542053223 -0.7871154546737671
v 0.4020376205444336 15.963854789733887 -0.469894677400589
v 0.19076745212078094 14.739717483520508 0.3417207896709442
v 0.07637765258550644 15.792285919189453 0.9694641828536987
v 0.12182172387838364 16.239303588867188 -0.01697539910674095
v 0.2929825782775879 14.898204803466797 0.10774769634008408
v -0.05710015818476677 16.220165252685547 0.17876295745372772
v 0.023902609944343567 15.9695463180542 -0.6298311352729797
v -0.43608224391937256 15.024898529052734 0.1554105281829834
v -0.12219984084367752 15.515356063842773 -0.8376996517181396
v 0.18206574022769928 15.79556655883789 -1.3138926029205322
v -0.06921054422855377 15.808335304260254 0.8028066158294678
v -0.6777180433273315 15.18080997467041 0.11167268455028534
v -0.07229174673557281 15.397357940673828 -0.9097571969032288
v -0.18500512838363647 14.991008758544922 -0.29266753792762756
v -0.05857933312654495 15.746944427490234 0.7293830513954163
v -0.2847660481929779 15.125959396362305 -0.2616725265979767
v 0.5391469597816467 15.792658805847168 0.39179712533950806
v -0.09628718346357346 16.026832580566406 0.21694445610046387
v 0.30519476532936096 15.017650604248047 0.11301422119140625
v -0.34387293457984924 15.184534072875977 0.526181697845459
v -0.5929959416389465 15.949173927307129 -0.2636551260948181
v 0.07495716959238052 16.04840850830078 0.23872464895248413
v 0.14444297552108765 14.78982925415039 0.2687329053878784
v -0.19732582569122314 15.02030086517334 0.35815325379371643
v 0.034788500517606735 15.407176971435547 1.0969654321670532
v -0.2909681499004364 15.080037117004395 0.47167879343032837
v 0.26152950525283813 14.593667984008789 0.09265586733818054
v 0.14847010374069214 14.956780433654785 0.14012236893177032
v -0.062308214604854584 16.061017990112305 0.18702173233032227
v 0.6905079483985901 15.285585403442383 -0.21875740587711334
v -0.17489157617092133 16.10789680480957 -0.07169332355260849
v 0.14235593378543854 16.229366302490234 0.09744146466255188
v 0.43067747354507446 15.639422416687012 0.5632079839706421
v -0.2537885308265686 15.012907028198242 -0.30585694313049316
v -0.17713093757629395 16.089719772338867 -0.062367141246795654
v -0.4028925597667694 15.420124053955078 0.5749670267105103
v 0.3584778904914856 14.982942581176758 0.26070231199264526
v -0.06497617065906525 15.772285461425781 -1.4300347566604614
v -0.17630353569984436 16.097108840942383 -0.06634922325611115
v -0.7446267604827881 15.702719688415527 -0.08986704051494598
v 0.6591583490371704 15.885002136230469 -0.14372344315052032
v -0.5014510750770569 15.729376792907715 0.4428766965866089
v -0.41918283700942993 15.033829689025879 -0.33528223633766174
v -0.24358683824539185 14.73806095123291 -0.27859100699424744
v 0.4225156307220459 15.938177108764648 -0.48974981904029846
v -0.4669722616672516 15.866058349609375 0.42150166630744934
v -0.21390707790851593 14.761219024658203 -0.6607269644737244
v 0.5941267013549805 15.782852172851562 0.26454949378967285
v 0.40777868032455444 15.217659950256348 0.4502232074737549
v -0.5144438743591309 15.642427444458008 0.4493371248245239
v 0.175304114818573 14.634163856506348 0.01466377917677164
v 0.40752094984054565 15.121641159057617 0.4119364023208618
v 0.7337716817855835 15.36593246459961 -0.037502553313970566
v 0.5266374349594116 15.338427543640137 0.3755009174346924
v -0.19663776457309723 15.527734756469727 -1.0038858652114868
v 0.4599575400352478 15.315348625183105 -0.6196662783622742
v -0.760237991809845 15.645687103271484 -0.1021706834435463
v 0.4703124463558197 15.860189437866211 -0.5365487337112427
v 0.526125967502594 15.95319938659668 -0.324766606092453
v 0.39212948083877563 15.162195205688477 -0.596915066242218
v 0.2637976408004761 15.476651191711426 -0.774412214756012
v 0.20741011202335358 16.226430892944336 -0.06317292898893356
v 0.32536566257476807 16.02891731262207 0.32403573393821716
v -0.256753146648407 16.04509925842285 -0.01295691728591919
v -0.29201188683509827 15.013254165649414 -0.271516352891922
v -0.1966351568698883 15.527400970458984 -1.0035573244094849
v 0.03686530888080597 15.142656326293945 0.5871671438217163
v 0.5391632914543152 15.916739463806152 0.2454337328672409
v -0.15301014482975006 16.150875091552734 0.12966303527355194
v -0.48722711205482483 15.05921745300293 0.26818761229515076
v 0.012119019404053688 15.325775146484375 0.9870061278343201
v -0.12346585839986801 15.770635604858398 0.6560873985290527
v -0.04689402133226395 15.742072105407715 0.7575333714485168
v -0.32864072918891907 15.024007797241211 -0.47640106081962585
v 0.45665884017944336 15.30444049835205 -0.6199174523353577
v 0.09599118679761887 14.98653793334961 0.2545251250267029
v -0.6930651664733887 15.741660118103027 0.1628996878862381
v -0.5637964606285095 16.003475189208984 -0.03852764889597893
v -0.005662263836711645 15.426177024841309 1.0698227882385254
v -0.6829066872596741 15.445881843566895 0.32530924677848816
v 0.23249401152133942 16.0251407623291 0.06627024710178375
v 0.007273591123521328 16.2548828125 0.00450109550729394
v -0.17458468675613403 15.092129707336426 -0.36552301049232483
v -0.2739730775356293 16.050451278686523 -0.18298780918121338
v 0.5952166318893433 15.975461959838867 -0.13174988329410553
v -0.1957135647535324 15.486306190490723 -0.801407516002655
v 0.2779674232006073 16.02708625793457 0.12735235691070557
v -0.049094587564468384 15.743001937866211 0.7523276209831238
v 0.20327037572860718 16.22690200805664 -0.07147333770990372
v 0.20077043771743774 15.684209823608398 1.1437888145446777
v 0.6046137809753418 15.286017417907715 -0.40761151909828186
v -0.19432879984378815 15.904727935791016 -0.6598480343818665
v -0.2080407589673996 15.692363739013672 -1.114835262298584
v -0.667579174041748 15.16646957397461 0.10941865295171738
v -0.19843372702598572 15.213093757629395 -0.3978361487388611
v 0.1169237419962883 15.81049633026123 0.8836888074874878
v -0.7175251245498657 15.691131591796875 0.1585356444120407
v 0.6009399890899658 15.937789916992188 -0.004098693374544382
v -0.27431806921958923 15.011975288391113 -0.2826445400714874
v 0.15931709110736847 15.300395011901855 0.920128583908081
v -0.01585998199880123 15.736438751220703 1.0059983730316162
v -0.45233428478240967 16.032163619995117 -0.014407884329557419
v -0.007531140465289354 15.014589309692383 -0.24615515768527985
v -0.31572556495666504 16.015836715698242 0.3353370428085327
v -0.3278019428253174 15.23838996887207 -0.3938460946083069
v -0.34134215116500854 16.055898666381836 -0.3093944787979126
v 0.024910414591431618 15.960275650024414 -0.6386625170707703
v 0.1471983939409256 15.285232543945312 0.6215437650680542
v 0.004083875101059675 16.02892303466797 -0.10651175677776337
v -0.12203092873096466 15.769338607788086 0.6636791825294495
v -0.0670890361070633 15.763431549072266 -1.4101413488388062
v 0.1906348168849945 15.099032402038574 -0.0992334857583046
v 0.2619892656803131 16.049715042114258 -0.3704667091369629
v 0.26643839478492737 15.069534301757812 0.13508789241313934
v 0.15204405784606934 15.104954719543457 0.025985324755311012
v 0.1523532271385193 14.987357139587402 0.24353687465190887
v 0.17818079888820648 14.554539680480957 0.03546211123466492
v -0.06999904662370682 15.754624366760254 -1.3892499208450317
v -0.07137437164783478 15.387128829956055 -0.8902927041053772
v 0.05600656196475029 16.04459571838379 0.3365734815597534
v -0.2771183252334595 15.244921684265137 -0.2512837052345276
v -0.1459142118692398 16.226133346557617 -0.1264517456293106
v 0.15005028247833252 15.2902250289917 0.8946943283081055
v -0.19855885207653046 15.479935646057129 -0.9523223042488098
v 0.10938499122858047 15.733643531799316 1.1179696321487427
v -0.22167161107063293 15.033614158630371 -0.252008855342865
v 0.31033754348754883 16.01960563659668 -0.12028683722019196
v -0.6375009417533875 15.873229026794434 -0.2816179692745209
v -0.5263447761535645 15.536080360412598 0.4560418725013733
v -0.1619301289319992 16.05381202697754 -0.03918852657079697
v 0.0016933513106778264 15.227570533752441 0.6291196346282959
v -0.13303080201148987 16.069194793701172 0.13963302969932556
v -0.3085954189300537 14.641873359680176 -0.45459607243537903
v -0.053244560956954956 15.28242015838623 0.7232058644294739
v 0.6969096660614014 15.320743560791016 -0.21759682893753052
v 0.10422948747873306 16.02981185913086 -0.2083406001329422
v 0.06848378479480743 16.24345588684082 -0.11954702436923981
v 0.12271486967802048 14.986838340759277 0.2510194182395935
v -0.4323023855686188 15.077446937561035 0.38415098190307617
v 0.7377508282661438 15.57620906829834 -0.17986145615577698
v 0.5028920769691467 15.752772331237793 -0.5624984502792358
v -0.5785132646560669 15.421202659606934 -0.573017418384552
v 0.21391399204730988 16.13951301574707 0.0059095206670463085
v 0.2730175852775574 15.616049766540527 -0.7495948672294617
v -0.27124983072280884 14.985815048217773 0.12228398770093918
v -0.7746425867080688 15.537466049194336 -0.12036214023828506
v -0.4888100326061249 16.014768600463867 0.1334640234708786
v 0.3020232617855072 15.018266677856445 0.12270758301019669
v 0.05218713730573654 16.04876136779785 -0.08791103214025497
v 0.2526833415031433 15.161763191223145 0.5186955332756042
v 0.5164580941200256 15.235235214233398 0.340626984834671
v 0.08740914613008499 15.826086044311523 0.7983572483062744
v 0.30363529920578003 15.149260520935059 0.02512766607105732
v 0.28018346428871155 15.8135347366333 0.6417160630226135
v -0.017930874601006508 15.335688591003418 0.6892728805541992
v -0.2834124267101288 14.987735748291016 -0.43695729970932007
v -0.2542031407356262 16.04723358154297 -0.05616128817200661
v -0.02324642241001129 15.414653778076172 0.721282422542572
v 0.27376604080200195 15.626302719116211 -0.7462949156761169
v -0.06632044166326523 14.978151321411133 -0.09963023662567139
v -0.19571778178215027 14.840072631835938 -0.39234837889671326
v 0.7191466689109802 15.236795425415039 -0.044322419911623
v 0.10156187415122986 15.876370429992676 -1.3705586194992065
v 0.03602493926882744 15.145256996154785 0.5889086127281189
v -0.21193957328796387 14.679059982299805 -0.6478606462478638
v 0.33613303303718567 16.02879524230957 0.3105675280094147
v -0.5791257619857788 15.43567180633545 -0.5726572871208191
v -0.4379690885543823 15.941741943359375 0.40010684728622437
v -0.548466682434082 15.099472999572754 0.28820085525512695
v 0.21934157609939575 16.01313591003418 -0.16230186820030212
v -0.02320513315498829 15.415369033813477 0.7215344905853271
v 0.2199874371290207 15.202089309692383 -0.7107644081115723
v -0.16686928272247314 15.817423820495605 -1.3225562572479248
v 0.07682445645332336 15.866593360900879 0.6745038628578186
v 0.07711656391620636 14.991009712219238 0.3943168520927429
v 0.22890299558639526 15.299287796020508 0.8962822556495667
v 0.09131592512130737 14.986488342285156 0.2550881803035736
v 0.665505051612854 15.680505752563477 -0.34273725748062134
v 0.1370125114917755 16.232553482055664 0.03428436443209648
v 0.2610114812850952 14.8226900100708 0.3223579525947571
v 0.25025004148483276 15.181479454040527 0.5297927856445312
v 0.2911469340324402 14.846506118774414 0.14572694897651672
v -0.2044215351343155 14.982830047607422 0.18751493096351624
v 0.10644324868917465 16.080474853515625 -0.08997213840484619
v 0.13933365046977997 16.140369415283203 -0.1199326291680336
v -0.06302880495786667 16.162612915039062 -0.145262211561203
v 0.6213997602462769 15.639141082763672 0.27190351486206055
v 0.10701289772987366 16.081459045410156 -0.09040779620409012
v -0.028409093618392944 16.094913482666016 0.202922984957695
v 0.3017425239086151 14.721976280212402 0.22738490998744965
v -0.3256362974643707 15.107295036315918 -0.32291296124458313
v 0.2587549686431885 14.71662712097168 0.15240122377872467
v -0.1270260512828827 15.775322914123535 0.6391578912734985
v 0.18655900657176971 16.01559829711914 -0.10955677926540375
v -0.20382867753505707 15.151368141174316 -0.4044017791748047
v 0.264824777841568 14.733202934265137 0.32370245456695557
v -0.7532879710197449 15.597328186035156 0.14638395607471466
v 0.013105440884828568 15.233031272888184 0.7341716289520264
v 0.11331793665885925 15.535484313964844 -1.0303544998168945
v -0.4128626585006714 15.067644119262695 0.37234964966773987
v -0.38346239924430847 15.301609992980957 0.5605192184448242
v 0.2823883593082428 15.77112865447998 -0.6901592016220093
v 0.02338983491063118 15.974264144897461 -0.625336766242981
v 0.660654604434967 15.522052764892578 -0.34994933009147644
v 0.30155736207962036 14.980422973632812 0.15091794729232788
v 0.30279743671417236 15.081158638000488 0.07585509121417999
v 0.09522271156311035 15.024406433105469 -0.11329362541437149
v -0.34378546476364136 14.869973182678223 -0.34252047538757324
v -0.2947302460670471 15.899426460266113 0.49583950638771057
v -0.7688043117523193 15.417245864868164 -0.1318085789680481
v 0.26481863856315613 15.148791313171387 -0.12754668295383453
v 0.16432790458202362 16.128801345825195 0.13961869478225708
v -0.1559886336326599 15.829719543457031 -1.3831526041030884
v -0.7385930418968201 15.640585899353027 0.1527501940727234
v -0.3422989845275879 14.990081787109375 -0.02278791181743145
v 0.08576298505067825 15.754914283752441 0.6987862586975098
v 0.4202750325202942 16.0462646484375 -0.10645556449890137
v -0.31662052869796753 15.225178718566895 -0.3131721615791321
v -0.1198708564043045 15.916380882263184 0.5980439186096191
v 0.6789919137954712 15.287102699279785 0.09926256537437439
v -0.19996079802513123 15.764386177062988 -1.1931146383285522
v 0.19175386428833008 14.754234313964844 0.3657309114933014
v -0.20549850165843964 16.146883010864258 -0.0048730880953371525
v 0.002645192900672555 15.345035552978516 0.7968034148216248
v -0.1794608235359192 15.063530921936035 -0.6259157061576843
v 0.01044874731451273 16.185466766357422 0.21951059997081757
v 0.6804385185241699 15.693095207214355 0.1301146149635315
v -0.14464467763900757 15.839400291442871 -1.4535069465637207
v -0.03335803374648094 16.261878967285156 -0.035435304045677185
v -0.184890016913414 14.969239234924316 -0.37860456109046936
v -0.666938841342926 15.176797866821289 -0.1220644935965538
v 0.49652040004730225 15.096990585327148 0.2600134611129761
v -0.05779697746038437 16.26241111755371 -0.02205173671245575
v 0.40260839462280273 15.34110164642334 0.5016877055168152
v -0.007209461648017168 15.544022560119629 0.7520316243171692
v -0.16391560435295105 16.024463653564453 0.16832908987998962
v -0.31731143593788147 15.833418846130371 0.5151040554046631
v 0.15582549571990967 16.017072677612305 0.44303959608078003
v 0.04468592628836632 14.992996215820312 0.398430198431015
v -0.21028034389019012 15.244040489196777 0.6032467484474182
v 0.07352258265018463 15.534713745117188 -0.7922003269195557
v 0.12246621400117874 16.223600387573242 -0.15483614802360535
v -0.17732976377010345 14.71122932434082 -0.6099233627319336
v 0.11320395767688751 15.21212387084961 0.708817720413208
v 0.13782717287540436 16.16620445251465 0.17774195969104767
v -0.5601744651794434 15.284971237182617 -0.5564056038856506
v 0.21900510787963867 15.72398567199707 0.9939051866531372
v -0.2211570143699646 16.234329223632812 0.024031365290284157
v -0.0651596412062645 15.882452011108398 -1.3489950895309448
v -0.07262081652879715 16.04241371154785 -0.43237143754959106
v -0.23929114639759064 14.79595947265625 -0.2733810245990753
v 0.11396447569131851 15.684253692626953 1.158308506011963
v -0.5397576689720154 15.087615013122559 -0.3021560311317444
v 0.212666854262352 15.167306900024414 -0.6888650059700012
v 0.06090613454580307 15.646383285522461 1.155521273612976
v 0.7321193814277649 15.53449821472168 -0.03003159910440445
v 0.059260886162519455 16.160930633544922 -0.1536131203174591
v 0.23024657368659973 14.983262062072754 0.33969584107398987
v 0.10472042113542557 16.038951873779297 0.12497366964817047
v -0.12303145229816437 15.508195877075195 -0.8234652876853943
v 0.14089563488960266 14.663314819335938 0.13825076818466187
v 0.010132073424756527 14.973278045654297 0.11930561065673828
v 0.26095348596572876 14.569194793701172 0.0522453710436821
v 0.3204071819782257 16.028852462768555 0.3298027515411377
v -0.36862263083457947 15.232841491699219 -0.6571429967880249
v 0.3242127299308777 16.028902053833008 0.32537680864334106
v 0.40194272994995117 16.0460262298584 0.14467796683311462
v -0.2452688217163086 14.614447593688965 -0.3092629909515381
v 0.2531810998916626 14.856806755065918 0.0872407928109169
v 0.0591912716627121 15.553577423095703 1.0685207843780518
v 0.0983341634273529 16.126813888549805 0.1973962038755417
v -0.7066855430603027 15.364615440368652 -0.35152554512023926
v 0.13778190314769745 16.232784271240234 0.03170524537563324
v -0.5494824051856995 16.011159896850586 -0.03762562945485115
v 0.08771853893995285 15.799647331237793 -1.078520655632019
v 0.4094862639904022 15.889019966125488 0.480116605758667
v -0.04809337854385376 16.0277042388916 0.16737407445907593
v -0.2129337340593338 15.04720401763916 -0.4154811501502991
v 0.1860792189836502 15.044611930847168 -0.19447940587997437
v 0.7186493873596191 15.708703994750977 -0.161285862326622
v 0.001373037463054061 15.27745246887207 0.8750221133232117
v -0.4076373279094696 16.02662467956543 0.22218117117881775
v -0.11982843279838562 16.23480224609375 0.12898509204387665
v 0.09920365363359451 16.20366096496582 0.20657475292682648
v -0.18502935767173767 15.757628440856934 0.6613994240760803
v -0.5194911360740662 15.239971160888672 0.44040223956108093
v 0.16384857892990112 16.046451568603516 0.03516317903995514
v 0.24466001987457275 15.213762283325195 0.5471488833427429
v 0.015528040938079357 15.376471519470215 0.8999415040016174
v -0.5596283674240112 15.046271324157715 0.08435706049203873
v -0.18399754166603088 16.05418586730957 -0.1861894726753235
v 0.12549622356891632 14.55398178100586 -0.04892260581254959
v -0.263823926448822 15.975029945373535 0.46200406551361084
v 0.5220850110054016 15.283184051513672 0.35864076018333435
v -0.33812808990478516 14.989590644836426 -0.006218497175723314
v 0.0328802689909935 16.026731491088867 0.0780731737613678
v -0.4938619136810303 15.026907920837402 0.0033306307159364223
v 0.032539479434490204 15.216132164001465 -0.7296606302261353
v -0.2936294972896576 16.008546829223633 -0.49302005767822266
v -0.49068039655685425 15.026473999023438 0.022510329261422157
v -0.5132008790969849 15.650646209716797 0.448837548494339
v -0.6695890426635742 15.783047676086426 0.16732697188854218
v -0.3972041606903076 15.47193717956543 -0.7126114368438721
v -0.22196975350379944 14.943840026855469 -0.42647624015808105
v 0.12338075041770935 15.48486328125 1.0211669206619263
v 0.3479876220226288 15.05732250213623 -0.37625375390052795
v -0.06294827163219452 16.042089462280273 -0.43290117383003235
v 0.41236546635627747 15.053939819335938 -0.24798865616321564
v 0.146584615111351 14.87856674194336 0.20033271610736847
v -0.4714427888393402 15.025585174560547 0.08641907572746277
v 0.14865687489509583 14.782483100891113 0.3301214575767517
v -0.32330596446990967 16.040010452270508 0.019077876582741737
v -0.0019463507924228907 16.040048599243164 -0.433883398771286
v -0.11428140103816986 16.174680709838867 -0.13228745758533478
v -0.2978532910346985 14.922304153442383 -0.2794520854949951
v 0.07890626788139343 15.558692932128906 -0.8571252822875977
v 0.6917393803596497 15.292799949645996 -0.2186509370803833
v -0.031194323673844337 15.303672790527344 0.8117253184318542
v -0.10219103842973709 15.76617431640625 0.7684629559516907
v 0.6234422326087952 15.583307266235352 0.2729352116584778
v 0.4967706501483917 15.441618919372559 -0.6024320125579834
v -0.33042338490486145 15.1336669921875 -0.40135595202445984
v -0.5923140645027161 15.950011253356934 -0.26338180899620056
v 0.6724254488945007 15.257864952087402 0.09453680366277695
v -0.08672121912240982 16.05330467224121 -0.14005598425865173
v -0.3943709135055542 16.05373191833496 -0.23694555461406708
v 0.40709689259529114 15.453567504882812 0.5418429970741272
v -0.3791641891002655 15.021393775939941 0.23228448629379272
v 0.07630348950624466 16.242053985595703 -0.1211952269077301
v -0.1753852516412735 15.082574844360352 -0.36653968691825867
v -0.1473488062620163 15.015802383422852 0.3747592866420746
v 0.17847153544425964 14.663151741027832 0.06383035331964493
v -0.4654454290866852 15.037128448486328 -0.2089359611272812
v -0.7176045179367065 15.435778617858887 -0.358343243598938
v -0.33396583795547485 14.992147445678711 -0.41150522232055664
v 0.02366373874247074 16.04347801208496 -0.27748629450798035
v -0.21359120309352875 14.762100219726562 -0.6648056507110596
v 0.029731273651123047 15.784627914428711 -0.7360674738883972
v 0.05898720771074295 16.034210205078125 -0.19949693977832794
v -0.07543186843395233 15.873952865600586 -1.2695951461791992
v 0.511510968208313 15.641183853149414 -0.5716351866722107
v 0.07334650307893753 16.207237243652344 -0.16027647256851196
v -0.08397489786148071 16.027244567871094 0.15379394590854645
v -0.008600597269833088 15.004411697387695 -0.15448421239852905
v -0.7184824347496033 15.445755958557129 -0.35900697112083435
v -0.11625060439109802 16.038902282714844 0.311745285987854
v -0.22826580703258514 14.721861839294434 -0.47534194588661194
v -0.3902972638607025 15.37467098236084 -0.6987265944480896
v 0.01409572921693325 16.153484344482422 0.2172713577747345
v 0.2544698715209961 14.653324127197266 0.042912136763334274
v 0.26563760638237 15.738045692443848 0.6744110584259033
v 0.014973406679928303 14.983434677124023 -0.008422701619565487
v 0.12084440141916275 15.224837303161621 0.7408490777015686
v 0.14803194999694824 14.938556671142578 0.15411585569381714
v 0.4076346755027771 15.223610877990723 0.45242834091186523
v -0.05472487583756447 16.027616500854492 0.0693964883685112
v 0.13658800721168518 15.361883163452148 -0.8305140137672424
v 0.6700927019119263 15.646798133850098 -0.3413946032524109
v 0.46460163593292236 16.00079917907715 -0.2884081304073334
v 0.5214700698852539 15.958555221557617 -0.32190003991127014
v 0.30089330673217773 14.926408767700195 0.1911218762397766
v 0.3800599277019501 15.146797180175781 -0.5892521739006042
v 0.05151898413896561 15.491641998291016 -0.808597207069397
v 0.16777265071868896 15.774806022644043 1.034203290939331
v -0.28976741433143616 14.690071105957031 -0.7059087753295898
v -0.08420079946517944 16.03221893310547 0.0038338510785251856
v -0.1898254156112671 14.91035270690918 -0.38486796617507935
v -0.32898184657096863 15.063557624816895 -0.32652685046195984
v 0.11363210529088974 15.611625671386719 -1.1078553199768066
v 0.5492825508117676 15.736482620239258 0.40369081497192383
v -0.1767098307609558 15.13597297668457 0.5550475120544434
v 0.12261545658111572 15.79236888885498 0.7027212977409363
v -0.16510051488876343 15.989623069763184 -0.5574730038642883
v -0.4682627320289612 15.036993980407715 -0.19911053776741028
v 0.03249352425336838 16.038789749145508 -0.4327312409877777
v 0.5474682450294495 15.898764610290527 0.24874742329120636
v -0.6815162301063538 15.282014846801758 -0.34330669045448303
v 0.634714663028717 15.424873352050781 -0.3742457628250122
v 0.042581818997859955 15.300515174865723 -0.7626932263374329
v -0.01382935605943203 16.027523040771484 -0.3074655532836914
v -0.35392048954963684 14.737483024597168 -0.3534706234931946
v 0.20159146189689636 15.48788070678711 -0.9038482308387756
v 0.22358983755111694 15.319321632385254 0.940464198589325
v -0.062182750552892685 14.98435115814209 -0.12912867963314056
v 0.17325006425380707 16.21186637878418 0.14855335652828217
v 0.5122865438461304 15.539902687072754 -0.5847525596618652
v -0.05509205162525177 16.03473472595215 -0.3080632984638214
v -0.0653059259057045 15.039767265319824 -0.5358495116233826
v -0.3852623403072357 15.322897911071777 -0.6858099699020386
v 0.19510510563850403 14.90860652923584 0.24448461830615997
v 0.31403979659080505 16.01702308654785 -0.060432519763708115
v -0.19623135030269623 16.09630584716797 -0.025824522599577904
v -0.07191979140043259 15.392611503601074 -0.9016141295433044
v 0.3541916310787201 16.05048370361328 -0.2619127333164215
v -0.35946887731552124 15.865187644958496 -0.6046923398971558
v 0.6843512058258057 15.773529052734375 -0.014519584365189075
v 0.6991655230522156 15.584081649780273 0.12933771312236786
v 0.2554624080657959 15.954593658447266 -0.5928893685340881
v -0.20646819472312927 16.226430892944336 0.07514803856611252
v 0.1313142031431198 15.252456665039062 0.7970500588417053
v 0.12068925052881241 15.041176795959473 -0.37553736567497253
v 0.26475289463996887 14.73017406463623 0.318665474653244
v -0.6150275468826294 15.727617263793945 0.31918007135391235
v -0.17333152890205383 15.168927192687988 -0.2752569615840912
v -0.3953465223312378 15.029830932617188 -0.3884899318218231
v -0.2978385090827942 14.669356346130371 -0.5981757044792175
v 0.3781096339225769 14.986355781555176 0.2452278435230255
v -0.28492632508277893 14.959741592407227 -0.4400573968887329
v 0.12826621532440186 16.02699851989746 0.05366198346018791
v -0.11713897436857224 15.572792053222656 -0.9158987998962402
v 0.6869417428970337 15.818135261535645 -0.14978232979774475
v 0.24089838564395905 15.623218536376953 0.6955228447914124
v -0.013734490610659122 16.043527603149414 -0.17073261737823486
v 0.16405878961086273 16.127525329589844 0.13914573192596436
v 0.6852871775627136 15.315352439880371 0.10376902669668198
v -0.07373759150505066 15.628137588500977 -1.1606358289718628
v 0.23750072717666626 15.250264167785645 0.5665294528007507
v 0.02227942831814289 16.16977882385254 -0.1585918664932251
v 0.4070272743701935 15.89540958404541 0.47524794936180115
v 0.023200102150440216 16.22821617126465 0.10049854964017868
v 0.41513657569885254 16.058053970336914 0.062185563147068024
v -0.3481317460536957 15.171554565429688 -0.6331806778907776
v 0.01547048520296812 15.510498046875 1.1117017269134521
v 0.5057291984558105 15.982020378112793 0.2303582727909088
v -0.21826043725013733 14.749269485473633 -0.6045256853103638
v -0.3005876839160919 14.73193359375 -0.5130609273910522
v 0.06506725400686264 15.58676815032959 1.0705416202545166
v -0.3518245816230774 15.20338249206543 0.5338112711906433
v 0.18240539729595184 14.61669921875 0.13826601207256317
v 0.04185360670089722 16.249738693237305 -0.11506945639848709
v 0.07624411582946777 16.223520278930664 -0.1584346741437912
v 0.6146158576011658 15.328234672546387 -0.40006762742996216
v 0.09263267368078232 15.823750495910645 0.8178361058235168
v 0.26532843708992004 14.754561424255371 0.35905343294143677
v 0.10986500978469849 16.237253189086914 -0.12855607271194458
v 0.10656359046697617 15.20368480682373 0.6752245426177979
v -0.29576635360717773 14.954800605773926 -0.2766166925430298
v 0.19215448200702667 15.742962837219238 -1.1152225732803345
v -0.19426418840885162 15.591784477233887 -0.8015398383140564
v -0.6444024443626404 15.635358810424805 0.31679046154022217
v 0.06378008425235748 15.578537940979004 1.0711299180984497
v 0.27307307720184326 15.616811752319336 -0.74934983253479
v 0.6331080794334412 15.838043212890625 0.12499687075614929
v -0.32753419876098633 15.249070167541504 -0.39307793974876404
v 0.24125123023986816 15.471360206604004 1.0931401252746582
v -0.048658933490514755 16.217927932739258 0.18544882535934448
v -0.2489045411348343 16.017440795898438 0.38263610005378723
v 0.02874644659459591 15.75759506225586 0.736672043800354
v -0.11242936551570892 16.13279914855957 0.16379329562187195
v -0.1757020354270935 14.714838027954102 -0.6287612318992615
v -0.3096087872982025 14.739487648010254 -0.2954212725162506
v 0.030919482931494713 15.756848335266113 0.7436227202415466
v 0.13517025113105774 15.542359352111816 1.0572069883346558
v 0.5056777596473694 15.982102394104004 0.23033097386360168
v 0.29964274168014526 15.085722923278809 -0.03005298413336277
v 0.1926126629114151 15.781218528747559 -1.1999573707580566
v 0.3874451220035553 15.939593315124512 0.43785449862480164
v -0.10588625073432922 16.20095443725586 -0.14347206056118011
v -0.24319837987422943 16.025657653808594 0.21881195902824402
v -0.2255137860774994 15.013739585876465 -0.33219534158706665
v -0.35552069544792175 14.716559410095215 -0.35519924759864807
v -0.01272531971335411 16.032556533813477 0.1687479168176651
v 0.26889991760253906 15.181543350219727 0.05013443902134895
v 0.10563495755195618 16.04645538330078 0.1267542690038681
v 0.013432124629616737 15.23320484161377 0.7359979748725891
v -0.06386838108301163 16.047983169555664 -0.10349766165018082
v 0.6626288294792175 15.53266429901123 -0.3483947515487671
v -0.18951761722564697 15.172910690307617 0.5737192034721375
v 0.11102932691574097 15.746612548828125 0.7539716958999634
v 0.5315529108047485 15.933181762695312 0.24238550662994385
v -0.47588419914245605 15.838309288024902 0.42720338702201843
v 0.5321771502494812 15.41562271118164 0.3964357376098633
v 0.26403355598449707 14.69965648651123 0.2681973874568939
v -0.001388531643897295 15.274238586425781 0.863294243812561
v 0.20114852488040924 15.682511329650879 1.145081639289856
v 0.5306868553161621 15.39463996887207 0.3911644518375397
v -0.05285383760929108 15.234004020690918 0.6626836657524109
v -0.5152093172073364 15.63736629486084 0.44964492321014404
v 0.11210515350103378 15.70925235748291 1.1422024965286255
v -0.4028829038143158 15.419736862182617 0.5749601721763611
v -0.0957811176776886 16.021970748901367 -0.0728699341416359
v 0.21021991968154907 15.230727195739746 0.7025349736213684
v -0.3363390564918518 14.897344589233398 -0.4183042645454407
v 0.18662884831428528 15.195175170898438 0.5610097050666809
v 0.05529404431581497 15.809857368469238 0.7067811489105225
v 0.15521489083766937 14.999990463256836 0.09381768852472305
v 0.489602267742157 15.98791790008545 -0.3027585744857788
v 0.09043779224157333 15.31290340423584 0.6463890075683594
v 0.26515260338783264 14.747139930725098 0.34671294689178467
v 0.2632668912410736 15.426603317260742 -0.777787446975708
v 0.5010839700698853 15.457975387573242 -0.5993316173553467
v -0.330346941947937 15.136723518371582 -0.40113720297813416
v -0.21638678014278412 15.104848861694336 -0.2455984652042389
v -0.3567958176136017 15.718091011047363 0.5435164570808411
v -0.2565232515335083 16.044689178466797 -0.00552918529137969
v 0.636483907699585 15.881470680236816 -0.005799677688628435
v -0.16365352272987366 15.804746627807617 0.6486578583717346
v 0.5537286996841431 15.999491691589355 -0.002643176354467869
v 0.2551901042461395 15.134669303894043 0.502984881401062
v -0.2064221352338791 15.437298774719238 -0.8881972432136536
v 0.10775134712457657 15.741722106933594 1.1055395603179932
v 0.149469256401062 14.998178482055664 0.10821247100830078
v -0.023308642208576202 15.37441635131836 0.9843389987945557
v -0.13415610790252686 16.017902374267578 0.10376902669668198
v -0.2810325026512146 15.060813903808594 0.46319320797920227
v -0.19664743542671204 15.640804290771484 -0.790286660194397
v -0.23395228385925293 14.636364936828613 -0.4242248237133026
v -0.2276327908039093 14.648666381835938 -0.4884326159954071
v -0.24577637016773224 16.04826545715332 -0.2196662425994873
v -0.07620114088058472 16.24167823791504 -0.07127700746059418
v -0.4357174336910248 15.080028533935547 0.38623642921447754
v 0.2978123128414154 14.637351989746094 0.0870908722281456
v 0.22799937427043915 15.561668395996094 0.6961127519607544
v 0.1413394808769226 15.596779823303223 1.0754516124725342
v -0.03716608136892319 15.31153392791748 0.6523725986480713
v -0.2972484827041626 15.009450912475586 -0.24928708374500275
v 0.02464378997683525 16.22805404663086 0.10074789077043533
v 0.2996181845664978 14.676289558410645 0.15156744420528412
v -0.34169602394104004 15.148820877075195 -0.6277244091033936
v -0.3056602478027344 14.649368286132812 -0.49377068877220154
v 0.1768476814031601 14.53493595123291 0.003040801268070936
v -0.3665326237678528 15.225982666015625 -0.6544625759124756
v -0.15171147882938385 16.019132614135742 0.4327613413333893
v -0.10745835304260254 15.267476081848145 0.5999730825424194
v 0.3630598783493042 16.049514770507812 -0.24631576240062714
v -0.07752914726734161 16.03668212890625 -0.30637311935424805
v 0.10154185444116592 15.819069862365723 0.8438684344291687
v -0.35497617721557617 14.72370433807373 -0.35461050271987915
v -0.39865943789482117 15.030401229858398 -0.3819902837276459
v 0.017308877781033516 15.38261890411377 0.9149673581123352
v 0.13854992389678955 15.28691291809082 0.5838891863822937
v 0.10450020432472229 16.046443939208984 0.32651132345199585
v -0.1936211735010147 14.859724998474121 -0.3055194318294525
v 0.17651121318340302 14.529982566833496 -0.005151087883859873
v 0.4931284487247467 15.05224895477295 -0.14692839980125427
v 0.12245802581310272 15.027942657470703 -0.09201345592737198
v 0.19067008793354034 14.863425254821777 0.07119188457727432
v -0.20489619672298431 15.224995613098145 0.5958447456359863
v 0.20462079346179962 15.065496444702148 -0.630148708820343
v -0.1759246289730072 15.805683135986328 -1.2830828428268433
v 0.09885240346193314 16.15139389038086 0.20263133943080902
v 0.5900072455406189 15.239486694335938 -0.4129701554775238
v -0.15427353978157043 15.831159591674805 -1.3936766386032104
v -0.20840953290462494 15.698826789855957 -1.1195021867752075
v -0.6800874471664429 15.741124153137207 -0.311225026845932
v 0.5900743007659912 15.239646911621094 -0.41296425461769104
v 0.694983720779419 15.61854362487793 0.13073840737342834
v 0.25781017541885376 15.330046653747559 -0.7716198563575745
v -0.04086459055542946 15.287487983703613 0.7552643418312073
